target_bps,stop_bps,max_hold_ms,cost100_supported_rows,cost100_unsupported_rows,cost100_action_taken_count,cost100_no_action_count,cost100_baseline_target_count,cost100_baseline_stop_count,cost100_baseline_timeout_count,cost100_baseline_sum_after_cost_bps,cost100_baseline_avg_after_cost_bps,cost100_baseline_median_after_cost_bps,cost100_tsv2_sum_after_cost_bps,cost100_tsv2_avg_after_cost_bps,cost100_tsv2_median_after_cost_bps,cost100_delta_sum_bps,cost100_delta_avg_bps,cost100_delta_median_bps,cost100_action_delta_avg_bps,cost100_action_delta_median_bps,cost100_beneficial_exit_count,cost100_harmful_exit_count,cost100_neutral_exit_count,cost100_exit_action_precision,cost100_exit_action_precision_denominator,cost100_exit_action_precision_wilson95_lower,cost100_saved_stop_count,cost100_saved_stop_damage_bps,cost100_target_cut_count,cost100_target_cut_damage_bps,cost100_timeout_improved_count,cost100_timeout_improved_bps,cost100_generic_beneficial_count,cost100_generic_beneficial_bps,cost100_gross_saved_damage_bps,cost100_harmful_damage_bps,cost100_target_cut_damage_guard_pass,cost100_target_cut_count_guard_pass,cost100_target_cut_count_guard_limit,cost100_stale_no_action_exclusions,cost100_no_candidate_exclusions,cost100_not_active_exit_eligible_exclusions,cost100_candidate_after_baseline_exclusions,cost100_candidate_after_max_hold_exclusions,cost100_ambiguous_unjoined_exclusions,cost100_lifecycle_without_exit_replay_exclusions,cost100_exact_rows,cost100_path_approx_rows,cost100_baseline_unavailable_rows,cost100_max_consecutive_harmful_actions,cost100_classification_counts,cost100_exclusion_counts
1000,-200,30000,3079,515,2316,763,220,784,2075,-413493,-134.29457616109127,-202.0,-438492,-142.41377070477427,-202.0,-24999,-8.119194543683014,0.0,-10.794041450777202,0.0,304,165,1847,0.6481876332622601,469,0.6039245176374485,203,32287,52,40633,101,6225,0,0,38512,63511,False,True,213.1,8,74,1,595,85,0,515,3079,0,0,2,"{""cut_target"": 52, ""harmful_exit"": 113, ""neutral_exit"": 1847, ""no_active_exit"": 763, ""no_exit_replay"": 515, ""saved_stop"": 203, ""timeout_improved"": 101}","{""candidate_after_baseline_exit"": 595, ""candidate_after_max_hold"": 85, ""lifecycle_without_exit_replay"": 515, ""no_candidate"": 74, ""none"": 2316, ""not_active_exit_eligible"": 1, ""stale_data_no_action"": 8}"
1000,-200,60000,3079,515,2319,760,265,895,1919,-382510,-124.23189347190646,-202.0,-438932,-142.5566742448847,-202.0,-56422,-18.32478077297824,0.0,-24.33031479085813,0.0,478,222,1619,0.6828571428571428,700,0.6474648764492617,313,45229,95,77492,165,8213,0,0,53442,109864,False,True,329.5,8,74,1,667,10,0,515,3079,0,0,3,"{""cut_target"": 95, ""harmful_exit"": 127, ""neutral_exit"": 1619, ""no_active_exit"": 760, ""no_exit_replay"": 515, ""saved_stop"": 313, ""timeout_improved"": 165}","{""candidate_after_baseline_exit"": 667, ""candidate_after_max_hold"": 10, ""lifecycle_without_exit_replay"": 515, ""no_candidate"": 74, ""none"": 2319, ""not_active_exit_eligible"": 1, ""stale_data_no_action"": 8}"
1000,-200,120000,3079,515,2319,760,298,1080,1701,-376800,-122.37739525820072,-202.0,-438932,-142.5566742448847,-202.0,-62132,-20.17927898668399,0.0,-26.79258300991807,0.0,693,222,1404,0.7573770491803279,915,0.7285629087065073,498,65133,128,110580,195,7942,0,0,73075,135207,False,True,517.5,8,74,1,676,1,0,515,3079,0,0,3,"{""cut_target"": 128, ""harmful_exit"": 94, ""neutral_exit"": 1404, ""no_active_exit"": 760, ""no_exit_replay"": 515, ""saved_stop"": 498, ""timeout_improved"": 195}","{""candidate_after_baseline_exit"": 676, ""candidate_after_max_hold"": 1, ""lifecycle_without_exit_replay"": 515, ""no_candidate"": 74, ""none"": 2319, ""not_active_exit_eligible"": 1, ""stale_data_no_action"": 8}"
1000,-300,30000,3079,515,2371,708,228,694,2157,-474911,-154.2419616758688,-202.0,-490107,-159.17733030204613,-202.0,-15196,-4.93536862617733,0.0,-6.4091100801349645,0.0,325,176,1870,0.6487025948103793,501,0.6059137789815009,170,43142,58,47459,155,13978,0,0,57120,72316,False,True,185.5,8,74,1,540,85,0,515,3079,0,0,2,"{""cut_target"": 58, ""harmful_exit"": 118, ""neutral_exit"": 1870, ""no_active_exit"": 708, ""no_exit_replay"": 515, ""saved_stop"": 170, ""timeout_improved"": 155}","{""candidate_after_baseline_exit"": 540, ""candidate_after_max_hold"": 85, ""lifecycle_without_exit_replay"": 515, ""no_candidate"": 74, ""none"": 2371, ""not_active_exit_eligible"": 1, ""stale_data_no_action"": 8}"
1000,-300,60000,3079,515,2374,705,278,793,2008,-445732,-144.76518350113673,-202.0,-490647,-159.35271191945438,-202.0,-44915,-14.587528418317635,0.0,-18.9195450716091,0.0,494,242,1638,0.6711956521739131,736,0.6364440421859059,268,64152,106,89492,226,16947,0,0,81099,126014,False,True,290.6,8,74,1,612,10,0,515,3079,0,0,3,"{""cut_target"": 106, ""harmful_exit"": 136, ""neutral_exit"": 1638, ""no_active_exit"": 705, ""no_exit_replay"": 515, ""saved_stop"": 268, ""timeout_improved"": 226}","{""candidate_after_baseline_exit"": 612, ""candidate_after_max_hold"": 10, ""lifecycle_without_exit_replay"": 515, ""no_candidate"": 74, ""none"": 2374, ""not_active_exit_eligible"": 1, ""stale_data_no_action"": 8}"
1000,-300,120000,3079,515,2374,705,314,929,1836,-455969,-148.08996427411498,-202.0,-490647,-159.35271191945438,-202.0,-34678,-11.262747645339395,0.0,-14.607413647851727,0.0,715,240,1419,0.7486910994764397,955,0.7202211442823724,404,93203,142,126152,311,23904,0,0,117107,151785,False,True,435.1,8,74,1,621,1,0,515,3079,0,0,3,"{""cut_target"": 142, ""harmful_exit"": 98, ""neutral_exit"": 1419, ""no_active_exit"": 705, ""no_exit_replay"": 515, ""saved_stop"": 404, ""timeout_improved"": 311}","{""candidate_after_baseline_exit"": 621, ""candidate_after_max_hold"": 1, ""lifecycle_without_exit_replay"": 515, ""no_candidate"": 74, ""none"": 2374, ""not_active_exit_eligible"": 1, ""stale_data_no_action"": 8}"
1000,-500,30000,3079,515,2444,635,243,595,2241,-575180,-186.8074050016239,-202.0,-568866,-184.7567392010393,-202.0,6314,2.0506658005846052,0.0,2.583469721767594,0.0,356,191,1897,0.6508226691042047,547,0.609947248068856,156,62606,62,52215,200,25444,0,0,88050,81736,False,True,176.0,8,74,1,467,85,0,515,3079,0,0,3,"{""cut_target"": 62, ""harmful_exit"": 129, ""neutral_exit"": 1897, ""no_active_exit"": 635, ""no_exit_replay"": 515, ""saved_stop"": 156, ""timeout_improved"": 200}","{""candidate_after_baseline_exit"": 467, ""candidate_after_max_hold"": 85, ""lifecycle_without_exit_replay"": 515, ""no_candidate"": 74, ""none"": 2444, ""not_active_exit_eligible"": 1, ""stale_data_no_action"": 8}"
1000,-500,60000,3079,515,2447,632,302,677,2100,-553162,-179.65638194218903,-202.0,-568582,-184.66450146151348,-202.0,-15420,-5.008119519324456,0.0,-6.301593788312219,0.0,530,261,1656,0.6700379266750948,791,0.636517717432962,238,95571,118,104812,292,33192,0,0,128763,144183,False,True,267.2,8,74,1,539,10,0,515,3079,0,0,3,"{""cut_target"": 118, ""harmful_exit"": 143, ""neutral_exit"": 1656, ""no_active_exit"": 632, ""no_exit_replay"": 515, ""saved_stop"": 238, ""timeout_improved"": 292}","{""candidate_after_baseline_exit"": 539, ""candidate_after_max_hold"": 10, ""lifecycle_without_exit_replay"": 515, ""no_candidate"": 74, ""none"": 2447, ""not_active_exit_eligible"": 1, ""stale_data_no_action"": 8}"
1000,-500,120000,3079,515,2447,632,343,795,1941,-582871,-189.30529392659955,-202.0,-567959,-184.46216303994802,-202.0,14912,4.84313088665151,0.0,6.093992644053944,0.0,754,262,1431,0.7421259842519685,1016,0.7143497089124716,356,142843,159,146607,398,45971,0,0,188814,173902,False,True,395.8,8,74,1,548,1,0,515,3079,0,0,3,"{""cut_target"": 159, ""harmful_exit"": 103, ""neutral_exit"": 1431, ""no_active_exit"": 632, ""no_exit_replay"": 515, ""saved_stop"": 356, ""timeout_improved"": 398}","{""candidate_after_baseline_exit"": 548, ""candidate_after_max_hold"": 1, ""lifecycle_without_exit_replay"": 515, ""no_candidate"": 74, ""none"": 2447, ""not_active_exit_eligible"": 1, ""stale_data_no_action"": 8}"
1000,-700,30000,3079,515,2504,575,255,495,2329,-661100,-214.71256901591426,-202.0,-646799,-210.06787918155246,-202.0,14301,4.644689834361806,0.0,5.711261980830671,0.0,361,207,1936,0.6355633802816901,568,0.5951964007948598,120,68782,71,65226,241,43944,0,0,112726,98425,False,True,144.1,8,74,1,407,85,0,515,3079,0,0,3,"{""cut_target"": 71, ""harmful_exit"": 136, ""neutral_exit"": 1936, ""no_active_exit"": 575, ""no_exit_replay"": 515, ""saved_stop"": 120, ""timeout_improved"": 241}","{""candidate_after_baseline_exit"": 407, ""candidate_after_max_hold"": 85, ""lifecycle_without_exit_replay"": 515, ""no_candidate"": 74, ""none"": 2504, ""not_active_exit_eligible"": 1, ""stale_data_no_action"": 8}"
1000,-700,60000,3079,515,2508,571,320,565,2194,-646936,-210.11237414745048,-202.0,-646436,-209.94998376096135,-202.0,500,0.16239038648911985,0.0,0.19936204146730463,0.0,535,281,1692,0.6556372549019608,816,0.6223743949522129,190,110740,133,125054,345,56261,0,0,167001,166501,False,True,224.5,8,74,1,478,10,0,515,3079,0,0,3,"{""cut_target"": 133, ""harmful_exit"": 148, ""neutral_exit"": 1692, ""no_active_exit"": 571, ""no_exit_replay"": 515, ""saved_stop"": 190, ""timeout_improved"": 345}","{""candidate_after_baseline_exit"": 478, ""candidate_after_max_hold"": 10, ""lifecycle_without_exit_replay"": 515, ""no_candidate"": 74, ""none"": 2508, ""not_active_exit_eligible"": 1, ""stale_data_no_action"": 8}"
1000,-700,120000,3079,515,2508,571,363,615,2101,-689541,-223.94965898018836,-202.0,-645813,-209.74764533939592,-202.0,43728,14.202013640792465,0.0,17.435406698564595,0.0,766,282,1460,0.7309160305343512,1048,0.7032584549721076,240,139016,176,169015,526,102290,0,0,241306,197578,False,True,292.6,8,74,1,487,1,0,515,3079,0,0,3,"{""cut_target"": 176, ""harmful_exit"": 106, ""neutral_exit"": 1460, ""no_active_exit"": 571, ""no_exit_replay"": 515, ""saved_stop"": 240, ""timeout_improved"": 526}","{""candidate_after_baseline_exit"": 487, ""candidate_after_max_hold"": 1, ""lifecycle_without_exit_replay"": 515, ""no_candidate"": 74, ""none"": 2508, ""not_active_exit_eligible"": 1, ""stale_data_no_action"": 8}"
1000,-1000,30000,3079,515,2550,529,270,424,2385,-761751,-247.40207859694706,-202.0,-732062,-237.7596622279961,-202.0,29689,9.642416368950958,0.0,11.642745098039216,0.0,374,224,1952,0.6254180602006689,598,0.5859400086367635,103,82726,79,76090,271,58271,0,0,140997,111308,False,True,130.1,8,74,1,361,85,0,515,3079,0,0,3,"{""cut_target"": 79, ""harmful_exit"": 145, ""neutral_exit"": 1952, ""no_active_exit"": 529, ""no_exit_replay"": 515, ""saved_stop"": 103, ""timeout_improved"": 271}","{""candidate_after_baseline_exit"": 361, ""candidate_after_max_hold"": 85, ""lifecycle_without_exit_replay"": 515, ""no_candidate"": 74, ""none"": 2550, ""not_active_exit_eligible"": 1, ""stale_data_no_action"": 8}"
1000,-1000,60000,3079,515,2554,525,342,481,2256,-756250,-245.61545956479375,-202.0,-731374,-237.53621305618708,-202.0,24876,8.07924650860669,0.0,9.740015661707126,0.0,549,301,1704,0.6458823529411765,850,0.6131411119594105,160,131702,147,144122,389,80733,0,0,212435,187559,False,True,198.9,8,74,1,432,10,0,515,3079,0,0,3,"{""cut_target"": 147, ""harmful_exit"": 154, ""neutral_exit"": 1704, ""no_active_exit"": 525, ""no_exit_replay"": 515, ""saved_stop"": 160, ""timeout_improved"": 389}","{""candidate_after_baseline_exit"": 432, ""candidate_after_max_hold"": 10, ""lifecycle_without_exit_replay"": 515, ""no_candidate"": 74, ""none"": 2554, ""not_active_exit_eligible"": 1, ""stale_data_no_action"": 8}"
1000,-1000,120000,3079,515,2554,525,390,522,2167,-804637,-261.33062682689183,-202.0,-730751,-237.33387463462162,-202.0,73886,23.99675219227022,0.0,28.929522317932655,0.0,780,304,1470,0.7195571955719557,1084,0.6920762276536614,201,167260,195,193069,579,129719,0,0,296979,223093,False,True,258.9,8,74,1,441,1,0,515,3079,0,0,3,"{""cut_target"": 195, ""harmful_exit"": 109, ""neutral_exit"": 1470, ""no_active_exit"": 525, ""no_exit_replay"": 515, ""saved_stop"": 201, ""timeout_improved"": 579}","{""candidate_after_baseline_exit"": 441, ""candidate_after_max_hold"": 1, ""lifecycle_without_exit_replay"": 515, ""no_candidate"": 74, ""none"": 2554, ""not_active_exit_eligible"": 1, ""stale_data_no_action"": 8}"
1000,-1500,30000,3079,515,2620,459,292,320,2467,-869952,-282.54368301396556,-202.0,-833998,-270.8665151023059,-202.0,35954,11.67716791165963,0.0,13.722900763358778,0.0,402,253,1965,0.6137404580152672,655,0.5758930577320813,87,94023,91,98628,315,89908,0,0,183931,147977,False,True,118.5,8,74,1,291,85,0,515,3079,0,0,4,"{""cut_target"": 91, ""harmful_exit"": 162, ""neutral_exit"": 1965, ""no_active_exit"": 459, ""no_exit_replay"": 515, ""saved_stop"": 87, ""timeout_improved"": 315}","{""candidate_after_baseline_exit"": 291, ""candidate_after_max_hold"": 85, ""lifecycle_without_exit_replay"": 515, ""no_candidate"": 74, ""none"": 2620, ""not_active_exit_eligible"": 1, ""stale_data_no_action"": 8}"
1000,-1500,60000,3079,515,2630,449,379,375,2325,-872515,-283.3760961351088,-202.0,-833764,-270.79051640142904,-202.0,38751,12.585579733679767,0.0,14.73422053231939,0.0,576,338,1716,0.6301969365426696,914,0.5984161407948109,141,160929,173,190293,435,118714,0,0,279643,240892,False,True,184.5,8,74,1,356,10,0,515,3079,0,0,3,"{""cut_target"": 173, ""harmful_exit"": 165, ""neutral_exit"": 1716, ""no_active_exit"": 449, ""no_exit_replay"": 515, ""saved_stop"": 141, ""timeout_improved"": 435}","{""candidate_after_baseline_exit"": 356, ""candidate_after_max_hold"": 10, ""lifecycle_without_exit_replay"": 515, ""no_candidate"": 74, ""none"": 2630, ""not_active_exit_eligible"": 1, ""stale_data_no_action"": 8}"
1000,-1500,120000,3079,515,2630,449,434,415,2230,-934643,-303.55407599870085,-202.0,-833141,-270.5881779798636,-202.0,101502,32.96589801883729,0.0,38.59391634980989,0.0,812,340,1478,0.7048611111111112,1152,0.677876996698453,181,207375,228,249001,631,173865,0,0,381240,279738,False,True,244.1,8,74,1,365,1,0,515,3079,0,0,3,"{""cut_target"": 228, ""harmful_exit"": 112, ""neutral_exit"": 1478, ""no_active_exit"": 449, ""no_exit_replay"": 515, ""saved_stop"": 181, ""timeout_improved"": 631}","{""candidate_after_baseline_exit"": 365, ""candidate_after_max_hold"": 1, ""lifecycle_without_exit_replay"": 515, ""no_candidate"": 74, ""none"": 2630, ""not_active_exit_eligible"": 1, ""stale_data_no_action"": 8}"
1000,-2000,30000,3079,515,2663,416,302,261,2516,-965813,-313.6774926924326,-202.0,-914867,-297.13121143228324,-202.0,50946,16.5462812601494,0.0,19.13105520090124,0.0,417,269,1977,0.607871720116618,686,0.5708331932657001,79,112513,96,111512,338,106563,0,0,219076,168130,False,True,112.80000000000001,8,74,1,248,85,0,515,3079,0,0,4,"{""cut_target"": 96, ""harmful_exit"": 173, ""neutral_exit"": 1977, ""no_active_exit"": 416, ""no_exit_replay"": 515, ""saved_stop"": 79, ""timeout_improved"": 338}","{""candidate_after_baseline_exit"": 248, ""candidate_after_max_hold"": 85, ""lifecycle_without_exit_replay"": 515, ""no_candidate"": 74, ""none"": 2663, ""not_active_exit_eligible"": 1, ""stale_data_no_action"": 8}"
1000,-2000,60000,3079,515,2674,405,395,319,2365,-985348,-320.0220850925625,-202.0,-914403,-296.9805131536213,-202.0,70945,23.041571938941214,0.0,26.531413612565444,0.0,594,355,1725,0.6259220231822972,949,0.5946860795084645,135,195893,183,212775,459,144114,0,0,340007,269062,False,False,180.9,8,74,1,312,10,0,515,3079,0,0,3,"{""cut_target"": 183, ""harmful_exit"": 172, ""neutral_exit"": 1725, ""no_active_exit"": 405, ""no_exit_replay"": 515, ""saved_stop"": 135, ""timeout_improved"": 459}","{""candidate_after_baseline_exit"": 312, ""candidate_after_max_hold"": 10, ""lifecycle_without_exit_replay"": 515, ""no_candidate"": 74, ""none"": 2674, ""not_active_exit_eligible"": 1, ""stale_data_no_action"": 8}"
1000,-2000,120000,3079,515,2674,405,456,348,2275,-1054414,-342.45339395907763,-202.0,-913780,-296.77817473205585,-202.0,140634,45.67521922702176,0.0,52.59311892296186,0.0,829,360,1485,0.6972245584524811,1189,0.6705079327900249,164,245796,244,282851,665,210558,0,0,456354,315720,False,False,230.5,8,74,1,321,1,0,515,3079,0,0,3,"{""cut_target"": 244, ""harmful_exit"": 116, ""neutral_exit"": 1485, ""no_active_exit"": 405, ""no_exit_replay"": 515, ""saved_stop"": 164, ""timeout_improved"": 665}","{""candidate_after_baseline_exit"": 321, ""candidate_after_max_hold"": 1, ""lifecycle_without_exit_replay"": 515, ""no_candidate"": 74, ""none"": 2674, ""not_active_exit_eligible"": 1, ""stale_data_no_action"": 8}"
1000,-3000,30000,3079,515,2730,349,312,168,2599,-1104223,-358.6303994803508,-202.0,-992199,-322.24715816823647,-202.0,112024,36.38324131211432,0.0,41.03443223443224,0.0,455,286,1989,0.6140350877192983,741,0.5784807867765422,70,117207,96,111512,385,170680,0,0,287887,175863,False,True,108.5,8,74,1,181,85,0,515,3079,0,0,3,"{""cut_target"": 96, ""harmful_exit"": 190, ""neutral_exit"": 1989, ""no_active_exit"": 349, ""no_exit_replay"": 515, ""saved_stop"": 70, ""timeout_improved"": 385}","{""candidate_after_baseline_exit"": 181, ""candidate_after_max_hold"": 85, ""lifecycle_without_exit_replay"": 515, ""no_candidate"": 74, ""none"": 2730, ""not_active_exit_eligible"": 1, ""stale_data_no_action"": 8}"
1000,-3000,60000,3079,515,2748,331,414,210,2455,-1146826,-372.4670347515427,-202.0,-987909,-320.8538486521598,-202.0,158917,51.613186099382915,0.0,57.830058224163025,0.0,637,377,1734,0.6282051282051282,1014,0.5980273059005258,111,208190,191,227858,526,240602,0,0,448792,289875,False,False,163.6,8,74,1,238,10,0,515,3079,0,0,3,"{""cut_target"": 191, ""harmful_exit"": 186, ""neutral_exit"": 1734, ""no_active_exit"": 331, ""no_exit_replay"": 515, ""saved_stop"": 111, ""timeout_improved"": 526}","{""candidate_after_baseline_exit"": 238, ""candidate_after_max_hold"": 10, ""lifecycle_without_exit_replay"": 515, ""no_candidate"": 74, ""none"": 2748, ""not_active_exit_eligible"": 1, ""stale_data_no_action"": 8}"
1000,-3000,120000,3079,515,2748,331,483,244,2352,-1241235,-403.1292627476453,-202.0,-987286,-320.65151023059434,-202.0,253949,82.47775251705099,0.0,92.4122998544396,0.0,872,383,1493,0.6948207171314741,1255,0.6687816392491832,145,286071,260,310101,727,313211,0,0,599282,345333,False,False,217.7,8,74,1,247,1,0,515,3079,0,0,3,"{""cut_target"": 260, ""harmful_exit"": 123, ""neutral_exit"": 1493, ""no_active_exit"": 331, ""no_exit_replay"": 515, ""saved_stop"": 145, ""timeout_improved"": 727}","{""candidate_after_baseline_exit"": 247, ""candidate_after_max_hold"": 1, ""lifecycle_without_exit_replay"": 515, ""no_candidate"": 74, ""none"": 2748, ""not_active_exit_eligible"": 1, ""stale_data_no_action"": 8}"
1000,-5000,30000,3079,515,2783,296,321,65,2693,-1235449,-401.2500811951932,-202.0,-1075083,-349.16628775576487,-202.0,160366,52.08379343942838,0.0,57.623427955443766,0.0,481,301,2001,0.6150895140664961,782,0.5805026305351699,31,87626,98,121161,450,272665,0,0,360291,199925,False,False,76.0,8,74,1,128,85,0,515,3079,0,0,3,"{""cut_target"": 98, ""harmful_exit"": 203, ""neutral_exit"": 2001, ""no_active_exit"": 296, ""no_exit_replay"": 515, ""saved_stop"": 31, ""timeout_improved"": 450}","{""candidate_after_baseline_exit"": 128, ""candidate_after_max_hold"": 85, ""lifecycle_without_exit_replay"": 515, ""no_candidate"": 74, ""none"": 2783, ""not_active_exit_eligible"": 1, ""stale_data_no_action"": 8}"
1000,-5000,60000,3079,515,2804,275,427,96,2556,-1347075,-437.50405975966225,-202.0,-1079341,-350.5492042871062,-202.0,267734,86.95485547255602,0.0,95.48288159771755,0.0,669,394,1741,0.6293508936970837,1063,0.5998995408825388,60,176791,197,248857,609,407449,0,0,584240,316506,False,False,120.9,8,74,1,182,10,0,515,3079,0,0,3,"{""cut_target"": 197, ""harmful_exit"": 197, ""neutral_exit"": 1741, ""no_active_exit"": 275, ""no_exit_replay"": 515, ""saved_stop"": 60, ""timeout_improved"": 609}","{""candidate_after_baseline_exit"": 182, ""candidate_after_max_hold"": 10, ""lifecycle_without_exit_replay"": 515, ""no_candidate"": 74, ""none"": 2804, ""not_active_exit_eligible"": 1, ""stale_data_no_action"": 8}"
1000,-5000,120000,3079,515,2804,275,497,116,2466,-1488185,-483.3338746346216,-202.0,-1078718,-350.34686586554074,-202.0,409467,132.98700876908086,0.0,146.0296005706134,0.0,908,396,1500,0.696319018404908,1304,0.6708136770050653,80,251231,267,334101,828,531100,0,0,782331,372864,False,False,162.8,8,74,1,191,1,0,515,3079,0,0,3,"{""cut_target"": 267, ""harmful_exit"": 129, ""neutral_exit"": 1500, ""no_active_exit"": 275, ""no_exit_replay"": 515, ""saved_stop"": 80, ""timeout_improved"": 828}","{""candidate_after_baseline_exit"": 191, ""candidate_after_max_hold"": 1, ""lifecycle_without_exit_replay"": 515, ""no_candidate"": 74, ""none"": 2804, ""not_active_exit_eligible"": 1, ""stale_data_no_action"": 8}"
1000,-6000,30000,3079,515,2794,285,321,34,2724,-1266831,-411.44235141279637,-202.0,-1095617,-355.83533614810005,-202.0,171214,55.60701526469633,0.0,61.27916964924839,0.0,488,305,2001,0.6153846153846154,793,0.581044628562001,13,39017,98,121161,475,336482,0,0,375499,204285,False,False,60.5,8,74,1,117,85,0,515,3079,0,0,3,"{""cut_target"": 98, ""harmful_exit"": 207, ""neutral_exit"": 2001, ""no_active_exit"": 285, ""no_exit_replay"": 515, ""saved_stop"": 13, ""timeout_improved"": 475}","{""candidate_after_baseline_exit"": 117, ""candidate_after_max_hold"": 85, ""lifecycle_without_exit_replay"": 515, ""no_candidate"": 74, ""none"": 2794, ""not_active_exit_eligible"": 1, ""stale_data_no_action"": 8}"
1000,-6000,60000,3079,515,2817,262,428,53,2598,-1394575,-452.9311464761286,-202.0,-1099410,-357.0672296200065,-202.0,295165,95.86391685612212,0.0,104.77990770323039,0.0,677,399,1741,0.629182156133829,1076,0.5999093762504825,31,113744,197,248857,646,505265,0,0,619009,323844,False,False,95.60000000000001,8,74,1,169,10,0,515,3079,0,0,3,"{""cut_target"": 197, ""harmful_exit"": 202, ""neutral_exit"": 1741, ""no_active_exit"": 262, ""no_exit_replay"": 515, ""saved_stop"": 31, ""timeout_improved"": 646}","{""candidate_after_baseline_exit"": 169, ""candidate_after_max_hold"": 10, ""lifecycle_without_exit_replay"": 515, ""no_candidate"": 74, ""none"": 2817, ""not_active_exit_eligible"": 1, ""stale_data_no_action"": 8}"
1000,-6000,120000,3079,515,2817,262,500,68,2511,-1533537,-498.06333225073075,-202.0,-1098787,-356.86489119844106,-202.0,434750,141.1984410522897,0.0,154.3308484203053,0.0,913,404,1500,0.6932422171602126,1317,0.6678045828595424,46,179443,269,341430,867,641894,0,0,821337,386587,False,False,132.7,8,74,1,178,1,0,515,3079,0,0,3,"{""cut_target"": 269, ""harmful_exit"": 135, ""neutral_exit"": 1500, ""no_active_exit"": 262, ""no_exit_replay"": 515, ""saved_stop"": 46, ""timeout_improved"": 867}","{""candidate_after_baseline_exit"": 178, ""candidate_after_max_hold"": 1, ""lifecycle_without_exit_replay"": 515, ""no_candidate"": 74, ""none"": 2817, ""not_active_exit_eligible"": 1, ""stale_data_no_action"": 8}"
1500,-200,30000,3079,515,2352,727,172,808,2099,-359506,-116.76063657031504,-202.0,-395037,-128.30042221500486,-202.0,-35531,-11.539785644689834,0.0,-15.10671768707483,0.0,321,181,1850,0.6394422310756972,502,0.5965262892687515,214,43923,55,56863,107,11637,0,0,55560,91091,False,True,224.7,8,74,1,559,85,0,515,3079,0,0,3,"{""cut_target"": 55, ""harmful_exit"": 126, ""neutral_exit"": 1850, ""no_active_exit"": 727, ""no_exit_replay"": 515, ""saved_stop"": 214, ""timeout_improved"": 107}","{""candidate_after_baseline_exit"": 559, ""candidate_after_max_hold"": 85, ""lifecycle_without_exit_replay"": 515, ""no_candidate"": 74, ""none"": 2352, ""not_active_exit_eligible"": 1, ""stale_data_no_action"": 8}"
1500,-200,60000,3079,515,2358,721,209,928,1942,-318001,-103.2806105878532,-202.0,-395078,-128.31373822669698,-202.0,-77077,-25.03312763884378,0.0,-32.687446988973704,0.0,499,237,1622,0.6779891304347826,736,0.6433836551915412,333,64443,91,100304,166,8963,0,0,73406,150483,False,True,349.6,8,74,1,628,10,0,515,3079,0,0,3,"{""cut_target"": 91, ""harmful_exit"": 146, ""neutral_exit"": 1622, ""no_active_exit"": 721, ""no_exit_replay"": 515, ""saved_stop"": 333, ""timeout_improved"": 166}","{""candidate_after_baseline_exit"": 628, ""candidate_after_max_hold"": 10, ""lifecycle_without_exit_replay"": 515, ""no_candidate"": 74, ""none"": 2358, ""not_active_exit_eligible"": 1, ""stale_data_no_action"": 8}"
1500,-200,120000,3079,515,2358,721,242,1119,1718,-302516,-98.25138031828516,-203.0,-395078,-128.31373822669698,-202.0,-92562,-30.062357908411823,0.0,-39.25445292620865,0.0,720,233,1405,0.7555089192025184,953,0.7272318149655598,524,87661,124,148443,196,8432,0,0,96093,188655,False,True,543.6,8,74,1,637,1,0,515,3079,0,0,3,"{""cut_target"": 124, ""harmful_exit"": 109, ""neutral_exit"": 1405, ""no_active_exit"": 721, ""no_exit_replay"": 515, ""saved_stop"": 524, ""timeout_improved"": 196}","{""candidate_after_baseline_exit"": 637, ""candidate_after_max_hold"": 1, ""lifecycle_without_exit_replay"": 515, ""no_candidate"": 74, ""none"": 2358, ""not_active_exit_eligible"": 1, ""stale_data_no_action"": 8}"
1500,-300,30000,3079,515,2408,671,179,717,2183,-420219,-136.4790516401429,-202.0,-447832,-145.44722312439103,-202.0,-27613,-8.968171484248133,0.0,-11.4671926910299,0.0,343,192,1873,0.6411214953271028,535,0.5996023287815484,180,54953,61,66689,163,20330,0,0,75283,102896,False,True,196.3,8,74,1,503,85,0,515,3079,0,0,2,"{""cut_target"": 61, ""harmful_exit"": 131, ""neutral_exit"": 1873, ""no_active_exit"": 671, ""no_exit_replay"": 515, ""saved_stop"": 180, ""timeout_improved"": 163}","{""candidate_after_baseline_exit"": 503, ""candidate_after_max_hold"": 85, ""lifecycle_without_exit_replay"": 515, ""no_candidate"": 74, ""none"": 2408, ""not_active_exit_eligible"": 1, ""stale_data_no_action"": 8}"
1500,-300,60000,3079,515,2414,665,220,825,2034,-378965,-123.0805456316986,-202.0,-447973,-145.49301721338097,-202.0,-69008,-22.412471581682365,0.0,-28.586578293289147,0.0,516,257,1641,0.6675291073738681,773,0.6335624313523995,287,84441,101,116095,229,18681,0,0,103122,172130,False,True,309.9,8,74,1,572,10,0,515,3079,0,0,3,"{""cut_target"": 101, ""harmful_exit"": 156, ""neutral_exit"": 1641, ""no_active_exit"": 665, ""no_exit_replay"": 515, ""saved_stop"": 287, ""timeout_improved"": 229}","{""candidate_after_baseline_exit"": 572, ""candidate_after_max_hold"": 10, ""lifecycle_without_exit_replay"": 515, ""no_candidate"": 74, ""none"": 2414, ""not_active_exit_eligible"": 1, ""stale_data_no_action"": 8}"
1500,-300,120000,3079,515,2414,665,258,968,1853,-377585,-122.63234816498863,-202.0,-447973,-145.49301721338097,-202.0,-70388,-22.860669048392335,0.0,-29.15824357912179,0.0,742,252,1420,0.7464788732394366,994,0.7185214314764322,430,118331,139,171895,312,24394,0,0,142725,213113,False,True,461.2,8,74,1,581,1,0,515,3079,0,0,3,"{""cut_target"": 139, ""harmful_exit"": 113, ""neutral_exit"": 1420, ""no_active_exit"": 665, ""no_exit_replay"": 515, ""saved_stop"": 430, ""timeout_improved"": 312}","{""candidate_after_baseline_exit"": 581, ""candidate_after_max_hold"": 1, ""lifecycle_without_exit_replay"": 515, ""no_candidate"": 74, ""none"": 2414, ""not_active_exit_eligible"": 1, ""stale_data_no_action"": 8}"
1500,-500,30000,3079,515,2481,598,190,617,2272,-521945,-169.5177005521273,-202.0,-526215,-170.9045144527444,-202.0,-4270,-1.3868139006170834,0.0,-1.721080209592906,0.0,375,206,1900,0.6454388984509466,581,0.6057012689462685,164,72743,63,70037,211,35197,0,0,107940,112210,False,True,185.1,8,74,1,430,85,0,515,3079,0,0,3,"{""cut_target"": 63, ""harmful_exit"": 143, ""neutral_exit"": 1900, ""no_active_exit"": 598, ""no_exit_replay"": 515, ""saved_stop"": 164, ""timeout_improved"": 211}","{""candidate_after_baseline_exit"": 430, ""candidate_after_max_hold"": 85, ""lifecycle_without_exit_replay"": 515, ""no_candidate"": 74, ""none"": 2481, ""not_active_exit_eligible"": 1, ""stale_data_no_action"": 8}"
1500,-500,60000,3079,515,2487,592,240,709,2130,-483475,-157.02338421565443,-202.0,-524508,-170.35011367327056,-202.0,-41033,-13.326729457616109,0.0,-16.49899477281866,0.0,553,275,1659,0.6678743961352657,828,0.6350841310178131,256,117249,110,131414,297,35310,0,0,152559,193592,False,True,285.7,8,74,1,499,10,0,515,3079,0,0,3,"{""cut_target"": 110, ""harmful_exit"": 165, ""neutral_exit"": 1659, ""no_active_exit"": 592, ""no_exit_replay"": 515, ""saved_stop"": 256, ""timeout_improved"": 297}","{""candidate_after_baseline_exit"": 499, ""candidate_after_max_hold"": 10, ""lifecycle_without_exit_replay"": 515, ""no_candidate"": 74, ""none"": 2487, ""not_active_exit_eligible"": 1, ""stale_data_no_action"": 8}"
1500,-500,120000,3079,515,2487,592,282,835,1962,-503346,-163.47710295550505,-202.0,-523885,-170.1477752517051,-202.0,-20539,-6.670672296200065,0.0,-8.258544431041415,0.0,782,273,1432,0.7412322274881517,1055,0.713963130155585,382,171390,152,193377,400,48007,0,0,219397,239936,False,True,422.0,8,74,1,508,1,0,515,3079,0,0,3,"{""cut_target"": 152, ""harmful_exit"": 121, ""neutral_exit"": 1432, ""no_active_exit"": 592, ""no_exit_replay"": 515, ""saved_stop"": 382, ""timeout_improved"": 400}","{""candidate_after_baseline_exit"": 508, ""candidate_after_max_hold"": 1, ""lifecycle_without_exit_replay"": 515, ""no_candidate"": 74, ""none"": 2487, ""not_active_exit_eligible"": 1, ""stale_data_no_action"": 8}"
1500,-700,30000,3079,515,2541,538,201,515,2363,-603913,-196.13933095160766,-202.0,-603248,-195.92335173757712,-202.0,665,0.2159792140305294,0.0,0.26170798898071623,0.0,380,222,1939,0.6312292358803987,602,0.5919696421362376,127,78760,70,83355,253,54307,0,0,133067,132402,False,True,152.3,8,74,1,370,85,0,515,3079,0,0,3,"{""cut_target"": 70, ""harmful_exit"": 152, ""neutral_exit"": 1939, ""no_active_exit"": 538, ""no_exit_replay"": 515, ""saved_stop"": 127, ""timeout_improved"": 253}","{""candidate_after_baseline_exit"": 370, ""candidate_after_max_hold"": 85, ""lifecycle_without_exit_replay"": 515, ""no_candidate"": 74, ""none"": 2541, ""not_active_exit_eligible"": 1, ""stale_data_no_action"": 8}"
1500,-700,60000,3079,515,2548,531,255,594,2230,-577027,-187.4072750893147,-202.0,-601462,-195.343293277038,-202.0,-24435,-7.9360181877232865,0.0,-9.589874411302983,0.0,558,294,1696,0.6549295774647887,852,0.6223770839414745,206,133026,121,151445,352,61132,0,0,194158,218593,False,True,241.2,8,74,1,438,10,0,515,3079,0,0,3,"{""cut_target"": 121, ""harmful_exit"": 173, ""neutral_exit"": 1696, ""no_active_exit"": 531, ""no_exit_replay"": 515, ""saved_stop"": 206, ""timeout_improved"": 352}","{""candidate_after_baseline_exit"": 438, ""candidate_after_max_hold"": 10, ""lifecycle_without_exit_replay"": 515, ""no_candidate"": 74, ""none"": 2548, ""not_active_exit_eligible"": 1, ""stale_data_no_action"": 8}"
1500,-700,120000,3079,515,2548,531,304,652,2123,-603459,-195.99188048067555,-202.0,-600839,-195.14095485547256,-202.0,2620,0.850925625202988,0.0,1.0282574568288854,0.0,792,294,1462,0.7292817679558011,1086,0.7020813393857823,264,169532,170,223411,528,104326,0,0,273858,271238,False,True,316.8,8,74,1,447,1,0,515,3079,0,0,3,"{""cut_target"": 170, ""harmful_exit"": 124, ""neutral_exit"": 1462, ""no_active_exit"": 531, ""no_exit_replay"": 515, ""saved_stop"": 264, ""timeout_improved"": 528}","{""candidate_after_baseline_exit"": 447, ""candidate_after_max_hold"": 1, ""lifecycle_without_exit_replay"": 515, ""no_candidate"": 74, ""none"": 2548, ""not_active_exit_eligible"": 1, ""stale_data_no_action"": 8}"
1500,-1000,30000,3079,515,2589,490,211,440,2428,-703559,-228.50243585579733,-202.0,-690816,-224.36375446573564,-202.0,12743,4.138681390061708,0.0,4.921977597528003,0.0,394,240,1955,0.6214511041009464,634,0.583071977264649,108,90398,75,93528,286,71093,0,0,161491,148748,False,True,136.6,8,74,1,322,85,0,515,3079,0,0,3,"{""cut_target"": 75, ""harmful_exit"": 165, ""neutral_exit"": 1955, ""no_active_exit"": 490, ""no_exit_replay"": 515, ""saved_stop"": 108, ""timeout_improved"": 286}","{""candidate_after_baseline_exit"": 322, ""candidate_after_max_hold"": 85, ""lifecycle_without_exit_replay"": 515, ""no_candidate"": 74, ""none"": 2589, ""not_active_exit_eligible"": 1, ""stale_data_no_action"": 8}"
1500,-1000,60000,3079,515,2597,482,275,508,2296,-684149,-222.1984410522897,-202.0,-686614,-222.99902565768107,-202.0,-2465,-0.8005846053913608,0.0,-0.9491721216788602,0.0,573,316,1708,0.6445444319460067,889,0.6125199582129083,176,154972,134,173459,397,86941,0,0,241913,244378,False,True,215.7,8,74,1,389,10,0,515,3079,0,0,3,"{""cut_target"": 134, ""harmful_exit"": 182, ""neutral_exit"": 1708, ""no_active_exit"": 482, ""no_exit_replay"": 515, ""saved_stop"": 176, ""timeout_improved"": 397}","{""candidate_after_baseline_exit"": 389, ""candidate_after_max_hold"": 10, ""lifecycle_without_exit_replay"": 515, ""no_candidate"": 74, ""none"": 2597, ""not_active_exit_eligible"": 1, ""stale_data_no_action"": 8}"
1500,-1000,120000,3079,515,2597,482,330,556,2193,-713611,-231.7671321857746,-202.0,-685991,-222.79668723611562,-202.0,27620,8.97044494965898,0.0,10.635348479014247,0.0,807,318,1472,0.7173333333333334,1125,0.6903151902980772,224,200293,189,253907,583,132655,0,0,332948,305328,False,True,282.3,8,74,1,398,1,0,515,3079,0,0,3,"{""cut_target"": 189, ""harmful_exit"": 129, ""neutral_exit"": 1472, ""no_active_exit"": 482, ""no_exit_replay"": 515, ""saved_stop"": 224, ""timeout_improved"": 583}","{""candidate_after_baseline_exit"": 398, ""candidate_after_max_hold"": 1, ""lifecycle_without_exit_replay"": 515, ""no_candidate"": 74, ""none"": 2597, ""not_active_exit_eligible"": 1, ""stale_data_no_action"": 8}"
1500,-1500,30000,3079,515,2659,420,228,336,2515,-815725,-264.9317960376746,-202.0,-797407,-258.98246183825916,-202.0,18318,5.949334199415395,0.0,6.889056036103798,0.0,423,268,1968,0.6121562952243126,691,0.5753012269029733,91,100516,84,115434,332,105413,0,0,205929,187611,False,True,124.2,8,74,1,252,85,0,515,3079,0,0,4,"{""cut_target"": 84, ""harmful_exit"": 184, ""neutral_exit"": 1968, ""no_active_exit"": 420, ""no_exit_replay"": 515, ""saved_stop"": 91, ""timeout_improved"": 332}","{""candidate_after_baseline_exit"": 252, ""candidate_after_max_hold"": 85, ""lifecycle_without_exit_replay"": 515, ""no_candidate"": 74, ""none"": 2659, ""not_active_exit_eligible"": 1, ""stale_data_no_action"": 8}"
1500,-1500,60000,3079,515,2674,405,307,401,2371,-801770,-260.3994803507632,-202.0,-793146,-257.5985709645989,-202.0,8624,2.800909386164339,0.0,3.225130890052356,0.0,602,352,1720,0.6310272536687631,954,0.5999394182873975,155,186321,157,223644,447,127789,0,0,314110,305486,False,True,199.7,8,74,1,312,10,0,515,3079,0,0,3,"{""cut_target"": 157, ""harmful_exit"": 195, ""neutral_exit"": 1720, ""no_active_exit"": 405, ""no_exit_replay"": 515, ""saved_stop"": 155, ""timeout_improved"": 447}","{""candidate_after_baseline_exit"": 312, ""candidate_after_max_hold"": 10, ""lifecycle_without_exit_replay"": 515, ""no_candidate"": 74, ""none"": 2674, ""not_active_exit_eligible"": 1, ""stale_data_no_action"": 8}"
1500,-1500,120000,3079,515,2674,405,369,448,2262,-845369,-274.5595972718415,-202.0,-792523,-257.3962325430335,-202.0,52846,17.163364728808055,0.0,19.76290201944652,0.0,841,353,1480,0.7043551088777219,1194,0.6778492387988286,202,245633,219,317306,639,181378,0,0,427011,374165,False,True,265.9,8,74,1,321,1,0,515,3079,0,0,4,"{""cut_target"": 219, ""harmful_exit"": 134, ""neutral_exit"": 1480, ""no_active_exit"": 405, ""no_exit_replay"": 515, ""saved_stop"": 202, ""timeout_improved"": 639}","{""candidate_after_baseline_exit"": 321, ""candidate_after_max_hold"": 1, ""lifecycle_without_exit_replay"": 515, ""no_candidate"": 74, ""none"": 2674, ""not_active_exit_eligible"": 1, ""stale_data_no_action"": 8}"
1500,-2000,30000,3079,515,2703,376,236,276,2567,-918082,-298.1753816174083,-202.0,-882089,-286.48554725560246,-202.0,35993,11.689834361805781,0.0,13.315945246022938,0.0,439,283,1981,0.6080332409972299,722,0.5719415816601444,83,119763,88,127756,356,123432,0,0,243195,207202,False,True,118.6,8,74,1,208,85,0,515,3079,0,0,4,"{""cut_target"": 88, ""harmful_exit"": 195, ""neutral_exit"": 1981, ""no_active_exit"": 376, ""no_exit_replay"": 515, ""saved_stop"": 83, ""timeout_improved"": 356}","{""candidate_after_baseline_exit"": 208, ""candidate_after_max_hold"": 85, ""lifecycle_without_exit_replay"": 515, ""no_candidate"": 74, ""none"": 2703, ""not_active_exit_eligible"": 1, ""stale_data_no_action"": 8}"
1500,-2000,60000,3079,515,2719,360,322,343,2414,-922055,-299.4657356284508,-202.0,-876713,-284.73952582007144,-202.0,45342,14.726209808379345,0.0,16.675983817579993,0.0,622,368,1729,0.6282828282828283,990,0.5977378046465206,148,220465,166,248064,474,160471,0,0,380936,335594,False,True,195.4,8,74,1,267,10,0,515,3079,0,0,3,"{""cut_target"": 166, ""harmful_exit"": 202, ""neutral_exit"": 1729, ""no_active_exit"": 360, ""no_exit_replay"": 515, ""saved_stop"": 148, ""timeout_improved"": 474}","{""candidate_after_baseline_exit"": 267, ""candidate_after_max_hold"": 10, ""lifecycle_without_exit_replay"": 515, ""no_candidate"": 74, ""none"": 2719, ""not_active_exit_eligible"": 1, ""stale_data_no_action"": 8}"
1500,-2000,120000,3079,515,2719,360,388,379,2312,-973559,-316.19324455992205,-202.0,-876090,-284.53718739850603,-202.0,97469,31.656057161416044,0.0,35.847370356748804,0.0,860,372,1487,0.698051948051948,1232,0.6718326552591185,184,287647,232,350800,676,224405,0,0,512052,414583,False,True,251.60000000000002,8,74,1,276,1,0,515,3079,0,0,4,"{""cut_target"": 232, ""harmful_exit"": 140, ""neutral_exit"": 1487, ""no_active_exit"": 360, ""no_exit_replay"": 515, ""saved_stop"": 184, ""timeout_improved"": 676}","{""candidate_after_baseline_exit"": 276, ""candidate_after_max_hold"": 1, ""lifecycle_without_exit_replay"": 515, ""no_candidate"": 74, ""none"": 2719, ""not_active_exit_eligible"": 1, ""stale_data_no_action"": 8}"
1500,-3000,30000,3079,515,2773,306,243,179,2657,-1065355,-346.00682039623257,-202.0,-965659,-313.62747645339397,-202.0,99696,32.37934394283858,0.0,35.95239812477461,0.0,478,301,1994,0.613607188703466,779,0.5789360028696235,74,127319,88,127756,404,188778,0,0,316097,216401,False,True,114.4,8,74,1,138,85,0,515,3079,0,0,3,"{""cut_target"": 88, ""harmful_exit"": 213, ""neutral_exit"": 1994, ""no_active_exit"": 306, ""no_exit_replay"": 515, ""saved_stop"": 74, ""timeout_improved"": 404}","{""candidate_after_baseline_exit"": 138, ""candidate_after_max_hold"": 85, ""lifecycle_without_exit_replay"": 515, ""no_candidate"": 74, ""none"": 2773, ""not_active_exit_eligible"": 1, ""stale_data_no_action"": 8}"
1500,-3000,60000,3079,515,2798,281,336,230,2513,-1105120,-358.9217278337122,-202.0,-962528,-312.6105878531991,-202.0,142592,46.311139980513154,0.0,50.96211579699786,0.0,667,393,1738,0.629245283018868,1060,0.5997504545391636,122,240654,172,262067,545,262550,0,0,503204,360612,False,True,176.5,8,74,1,188,10,0,515,3079,0,0,3,"{""cut_target"": 172, ""harmful_exit"": 221, ""neutral_exit"": 1738, ""no_active_exit"": 281, ""no_exit_replay"": 515, ""saved_stop"": 122, ""timeout_improved"": 545}","{""candidate_after_baseline_exit"": 188, ""candidate_after_max_hold"": 10, ""lifecycle_without_exit_replay"": 515, ""no_candidate"": 74, ""none"": 2798, ""not_active_exit_eligible"": 1, ""stale_data_no_action"": 8}"
1500,-3000,120000,3079,515,2798,281,411,272,2396,-1186815,-385.4546930821695,-202.0,-961905,-312.40824943163364,-202.0,224910,73.04644365053589,0.0,80.38241601143675,0.0,907,396,1495,0.6960859554873369,1303,0.6705659433480509,164,340762,247,382709,743,335674,0,0,676436,451526,False,False,238.3,8,74,1,197,1,0,515,3079,0,0,4,"{""cut_target"": 247, ""harmful_exit"": 149, ""neutral_exit"": 1495, ""no_active_exit"": 281, ""no_exit_replay"": 515, ""saved_stop"": 164, ""timeout_improved"": 743}","{""candidate_after_baseline_exit"": 197, ""candidate_after_max_hold"": 1, ""lifecycle_without_exit_replay"": 515, ""no_candidate"": 74, ""none"": 2798, ""not_active_exit_eligible"": 1, ""stale_data_no_action"": 8}"
1500,-5000,30000,3079,515,2828,251,252,75,2752,-1212331,-393.7417992854823,-202.0,-1057929,-343.59499837609616,-202.0,154402,50.146800909386165,0.0,54.597595473833096,0.0,505,317,2006,0.6143552311435523,822,0.5806217010409087,36,106009,90,138405,469,290763,0,0,396772,242370,False,False,82.9,8,74,1,83,85,0,515,3079,0,0,3,"{""cut_target"": 90, ""harmful_exit"": 227, ""neutral_exit"": 2006, ""no_active_exit"": 251, ""no_exit_replay"": 515, ""saved_stop"": 36, ""timeout_improved"": 469}","{""candidate_after_baseline_exit"": 83, ""candidate_after_max_hold"": 85, ""lifecycle_without_exit_replay"": 515, ""no_candidate"": 74, ""none"": 2828, ""not_active_exit_eligible"": 1, ""stale_data_no_action"": 8}"
1500,-5000,60000,3079,515,2858,221,349,111,2619,-1331738,-432.522897044495,-202.0,-1064127,-345.60798960701527,-202.0,267611,86.9149074374797,0.0,93.63575927221834,0.0,703,410,1745,0.6316262353998203,1113,0.6028802781587258,70,217258,178,286066,633,440596,0,0,657854,390243,False,False,133.3,8,74,1,128,10,0,515,3079,0,0,3,"{""cut_target"": 178, ""harmful_exit"": 232, ""neutral_exit"": 1745, ""no_active_exit"": 221, ""no_exit_replay"": 515, ""saved_stop"": 70, ""timeout_improved"": 633}","{""candidate_after_baseline_exit"": 128, ""candidate_after_max_hold"": 10, ""lifecycle_without_exit_replay"": 515, ""no_candidate"": 74, ""none"": 2858, ""not_active_exit_eligible"": 1, ""stale_data_no_action"": 8}"
1500,-5000,120000,3079,515,2858,221,425,136,2518,-1470211,-477.49626502111073,-202.0,-1063504,-345.4056511854498,-202.0,406707,132.09061383566092,0.0,142.30475857242828,0.0,946,410,1502,0.6976401179941003,1356,0.6726646283946414,95,315196,254,410209,851,574110,0,0,889306,482599,False,False,180.10000000000002,8,74,1,137,1,0,515,3079,0,0,4,"{""cut_target"": 254, ""harmful_exit"": 156, ""neutral_exit"": 1502, ""no_active_exit"": 221, ""no_exit_replay"": 515, ""saved_stop"": 95, ""timeout_improved"": 851}","{""candidate_after_baseline_exit"": 137, ""candidate_after_max_hold"": 1, ""lifecycle_without_exit_replay"": 515, ""no_candidate"": 74, ""none"": 2858, ""not_active_exit_eligible"": 1, ""stale_data_no_action"": 8}"
1500,-6000,30000,3079,515,2839,240,252,41,2786,-1248134,-405.3699253004222,-202.0,-1083463,-351.88795063332253,-202.0,164671,53.481974667099706,0.0,58.00317013032758,0.0,511,322,2006,0.6134453781512605,833,0.5799276521785061,15,50705,90,138405,496,363490,0,0,414195,249524,False,False,64.6,8,74,1,72,85,0,515,3079,0,0,3,"{""cut_target"": 90, ""harmful_exit"": 232, ""neutral_exit"": 2006, ""no_active_exit"": 240, ""no_exit_replay"": 515, ""saved_stop"": 15, ""timeout_improved"": 496}","{""candidate_after_baseline_exit"": 72, ""candidate_after_max_hold"": 85, ""lifecycle_without_exit_replay"": 515, ""no_candidate"": 74, ""none"": 2839, ""not_active_exit_eligible"": 1, ""stale_data_no_action"": 8}"
1500,-6000,60000,3079,515,2871,208,350,64,2665,-1391234,-451.84605391360833,-202.0,-1088696,-353.5875284183176,-202.0,302538,98.25852549529068,0.0,105.37722048066875,0.0,711,415,1745,0.6314387211367674,1126,0.602858923661567,37,142707,178,286066,674,557412,0,0,700119,397581,False,False,104.4,8,74,1,115,10,0,515,3079,0,0,3,"{""cut_target"": 178, ""harmful_exit"": 237, ""neutral_exit"": 1745, ""no_active_exit"": 208, ""no_exit_replay"": 515, ""saved_stop"": 37, ""timeout_improved"": 674}","{""candidate_after_baseline_exit"": 115, ""candidate_after_max_hold"": 10, ""lifecycle_without_exit_replay"": 515, ""no_candidate"": 74, ""none"": 2871, ""not_active_exit_eligible"": 1, ""stale_data_no_action"": 8}"
1500,-6000,120000,3079,515,2871,208,427,82,2570,-1531481,-497.3955829814875,-202.0,-1088073,-353.3851899967522,-202.0,443408,144.0103929847353,0.0,154.44374782305817,0.0,951,418,1502,0.6946676406135865,1369,0.6697548414145703,55,224576,255,411964,896,715492,0,0,940068,496660,False,False,144.60000000000002,8,74,1,124,1,0,515,3079,0,0,4,"{""cut_target"": 255, ""harmful_exit"": 163, ""neutral_exit"": 1502, ""no_active_exit"": 208, ""no_exit_replay"": 515, ""saved_stop"": 55, ""timeout_improved"": 896}","{""candidate_after_baseline_exit"": 124, ""candidate_after_max_hold"": 1, ""lifecycle_without_exit_replay"": 515, ""no_candidate"": 74, ""none"": 2871, ""not_active_exit_eligible"": 1, ""stale_data_no_action"": 8}"
2000,-200,30000,3079,515,2375,704,124,822,2133,-318583,-103.46963299772653,-202.0,-367249,-119.27541409548554,-202.0,-48666,-15.805781097759013,0.0,-20.490947368421054,0.0,334,188,1853,0.6398467432950191,522,0.5977823188318636,221,51189,44,63724,113,13433,0,0,64622,113288,False,True,232.3,8,74,1,536,85,0,515,3079,0,0,3,"{""cut_target"": 44, ""harmful_exit"": 144, ""neutral_exit"": 1853, ""no_active_exit"": 704, ""no_exit_replay"": 515, ""saved_stop"": 221, ""timeout_improved"": 113}","{""candidate_after_baseline_exit"": 536, ""candidate_after_max_hold"": 85, ""lifecycle_without_exit_replay"": 515, ""no_candidate"": 74, ""none"": 2375, ""not_active_exit_eligible"": 1, ""stale_data_no_action"": 8}"
2000,-200,60000,3079,515,2385,694,162,946,1971,-271740,-88.25592724910685,-202.0,-366589,-119.06105878531991,-202.0,-94849,-30.805131536213057,0.0,-39.76897274633124,0.0,518,242,1625,0.6815789473684211,760,0.6476157762536592,344,77216,78,113187,174,14494,0,0,91710,186559,False,True,361.4,8,74,1,601,10,0,515,3079,0,0,3,"{""cut_target"": 78, ""harmful_exit"": 164, ""neutral_exit"": 1625, ""no_active_exit"": 694, ""no_exit_replay"": 515, ""saved_stop"": 344, ""timeout_improved"": 174}","{""candidate_after_baseline_exit"": 601, ""candidate_after_max_hold"": 10, ""lifecycle_without_exit_replay"": 515, ""no_candidate"": 74, ""none"": 2385, ""not_active_exit_eligible"": 1, ""stale_data_no_action"": 8}"
2000,-200,120000,3079,515,2385,694,193,1151,1735,-260364,-84.5612211757064,-205.0,-366589,-119.06105878531991,-202.0,-106225,-34.49983760961351,0.0,-44.538784067085956,0.0,746,231,1408,0.7635619242579325,977,0.7359189729198494,549,111568,109,167235,197,8455,0,0,120023,226248,False,True,568.7,8,74,1,610,1,0,515,3079,0,0,3,"{""cut_target"": 109, ""harmful_exit"": 122, ""neutral_exit"": 1408, ""no_active_exit"": 694, ""no_exit_replay"": 515, ""saved_stop"": 549, ""timeout_improved"": 197}","{""candidate_after_baseline_exit"": 610, ""candidate_after_max_hold"": 1, ""lifecycle_without_exit_replay"": 515, ""no_candidate"": 74, ""none"": 2385, ""not_active_exit_eligible"": 1, ""stale_data_no_action"": 8}"
2000,-300,30000,3079,515,2432,647,130,729,2220,-377042,-122.45599220526145,-202.0,-420236,-136.48457291328353,-202.0,-43194,-14.028580708022085,0.0,-17.760690789473685,0.0,356,200,1876,0.6402877697841727,556,0.5995595118013324,186,61952,50,76550,170,23089,0,0,85041,128235,False,True,203.0,8,74,1,479,85,0,515,3079,0,0,2,"{""cut_target"": 50, ""harmful_exit"": 150, ""neutral_exit"": 1876, ""no_active_exit"": 647, ""no_exit_replay"": 515, ""saved_stop"": 186, ""timeout_improved"": 170}","{""candidate_after_baseline_exit"": 479, ""candidate_after_max_hold"": 85, ""lifecycle_without_exit_replay"": 515, ""no_candidate"": 74, ""none"": 2432, ""not_active_exit_eligible"": 1, ""stale_data_no_action"": 8}"
2000,-300,60000,3079,515,2443,636,172,842,2065,-327686,-106.42611237414745,-202.0,-420273,-136.49658980188372,-202.0,-92587,-30.07047742773628,0.0,-37.898894801473595,0.0,535,264,1644,0.6695869837296621,799,0.6362293387567394,298,98314,88,134081,237,24212,0,0,122526,215113,False,True,321.7,8,74,1,543,10,0,515,3079,0,0,3,"{""cut_target"": 88, ""harmful_exit"": 176, ""neutral_exit"": 1644, ""no_active_exit"": 636, ""no_exit_replay"": 515, ""saved_stop"": 298, ""timeout_improved"": 237}","{""candidate_after_baseline_exit"": 543, ""candidate_after_max_hold"": 10, ""lifecycle_without_exit_replay"": 515, ""no_candidate"": 74, ""none"": 2443, ""not_active_exit_eligible"": 1, ""stale_data_no_action"": 8}"
2000,-300,120000,3079,515,2443,636,209,999,1871,-330590,-107.36927573887625,-204.0,-420273,-136.49658980188372,-202.0,-89683,-29.12731406300747,0.0,-36.71019238641015,0.0,769,251,1423,0.753921568627451,1020,0.7265682071140421,455,144698,125,200099,314,25737,0,0,170435,260118,False,True,486.4,8,74,1,552,1,0,515,3079,0,0,3,"{""cut_target"": 125, ""harmful_exit"": 126, ""neutral_exit"": 1423, ""no_active_exit"": 636, ""no_exit_replay"": 515, ""saved_stop"": 455, ""timeout_improved"": 314}","{""candidate_after_baseline_exit"": 552, ""candidate_after_max_hold"": 1, ""lifecycle_without_exit_replay"": 515, ""no_candidate"": 74, ""none"": 2443, ""not_active_exit_eligible"": 1, ""stale_data_no_action"": 8}"
2000,-500,30000,3079,515,2506,573,139,629,2311,-478256,-155.328353361481,-202.0,-497679,-161.63657031503735,-202.0,-19423,-6.308216953556349,0.0,-7.750598563447725,0.0,389,214,1903,0.6451077943615257,603,0.6061088493010144,170,80313,51,78567,219,38570,0,0,118883,138306,False,True,191.9,8,74,1,405,85,0,515,3079,0,0,3,"{""cut_target"": 51, ""harmful_exit"": 163, ""neutral_exit"": 1903, ""no_active_exit"": 573, ""no_exit_replay"": 515, ""saved_stop"": 170, ""timeout_improved"": 219}","{""candidate_after_baseline_exit"": 405, ""candidate_after_max_hold"": 85, ""lifecycle_without_exit_replay"": 515, ""no_candidate"": 74, ""none"": 2506, ""not_active_exit_eligible"": 1, ""stale_data_no_action"": 8}"
2000,-500,60000,3079,515,2518,561,186,727,2166,-432918,-140.60344267619357,-202.0,-498416,-161.87593374472232,-202.0,-65498,-21.272491068528744,0.0,-26.01191421763304,0.0,573,283,1662,0.669392523364486,856,0.6371827871826914,267,132693,94,146598,306,41455,0,0,174148,239646,False,True,297.6,8,74,1,468,10,0,515,3079,0,0,3,"{""cut_target"": 94, ""harmful_exit"": 189, ""neutral_exit"": 1662, ""no_active_exit"": 561, ""no_exit_replay"": 515, ""saved_stop"": 267, ""timeout_improved"": 306}","{""candidate_after_baseline_exit"": 468, ""candidate_after_max_hold"": 10, ""lifecycle_without_exit_replay"": 515, ""no_candidate"": 74, ""none"": 2518, ""not_active_exit_eligible"": 1, ""stale_data_no_action"": 8}"
2000,-500,120000,3079,515,2518,561,226,867,1986,-457898,-148.71646638519,-203.0,-497793,-161.67359532315686,-202.0,-39895,-12.957128937966873,0.0,-15.843923749007148,0.0,810,273,1435,0.7479224376731302,1083,0.7212169820157011,407,200455,134,218255,403,51723,0,0,252178,292073,False,True,447.3,8,74,1,477,1,0,515,3079,0,0,3,"{""cut_target"": 134, ""harmful_exit"": 139, ""neutral_exit"": 1435, ""no_active_exit"": 561, ""no_exit_replay"": 515, ""saved_stop"": 407, ""timeout_improved"": 403}","{""candidate_after_baseline_exit"": 477, ""candidate_after_max_hold"": 1, ""lifecycle_without_exit_replay"": 515, ""no_candidate"": 74, ""none"": 2518, ""not_active_exit_eligible"": 1, ""stale_data_no_action"": 8}"
2000,-700,30000,3079,515,2567,512,146,526,2407,-560256,-181.96037674569666,-202.0,-576438,-187.21597921403054,-202.0,-16182,-5.2556024683338745,0.0,-6.303856641994546,0.0,394,231,1942,0.6304,625,0.5918680644315558,132,87190,56,90340,262,57995,0,0,145185,161367,False,True,158.2,8,74,1,344,85,0,515,3079,0,0,3,"{""cut_target"": 56, ""harmful_exit"": 175, ""neutral_exit"": 1942, ""no_active_exit"": 512, ""no_exit_replay"": 515, ""saved_stop"": 132, ""timeout_improved"": 262}","{""candidate_after_baseline_exit"": 344, ""candidate_after_max_hold"": 85, ""lifecycle_without_exit_replay"": 515, ""no_candidate"": 74, ""none"": 2567, ""not_active_exit_eligible"": 1, ""stale_data_no_action"": 8}"
2000,-700,60000,3079,515,2581,498,197,613,2269,-528808,-171.74667099707696,-202.0,-577658,-187.612211757064,-202.0,-48850,-15.86554075998701,0.0,-18.926772568771796,0.0,579,303,1699,0.6564625850340136,882,0.6245042600929435,218,151882,103,166582,361,67277,0,0,219159,268009,False,True,254.1,8,74,1,405,10,0,515,3079,0,0,3,"{""cut_target"": 103, ""harmful_exit"": 200, ""neutral_exit"": 1699, ""no_active_exit"": 498, ""no_exit_replay"": 515, ""saved_stop"": 218, ""timeout_improved"": 361}","{""candidate_after_baseline_exit"": 405, ""candidate_after_max_hold"": 10, ""lifecycle_without_exit_replay"": 515, ""no_candidate"": 74, ""none"": 2581, ""not_active_exit_eligible"": 1, ""stale_data_no_action"": 8}"
2000,-700,120000,3079,515,2581,498,243,685,2151,-560683,-182.09905813575836,-202.0,-577035,-187.40987333549853,-202.0,-16352,-5.310815199740175,0.0,-6.335528864781093,0.0,822,294,1465,0.7365591397849462,1116,0.7099351659093686,290,204345,149,250110,532,108998,0,0,313343,329695,False,True,343.2,8,74,1,414,1,0,515,3079,0,0,3,"{""cut_target"": 149, ""harmful_exit"": 145, ""neutral_exit"": 1465, ""no_active_exit"": 498, ""no_exit_replay"": 515, ""saved_stop"": 290, ""timeout_improved"": 532}","{""candidate_after_baseline_exit"": 414, ""candidate_after_max_hold"": 1, ""lifecycle_without_exit_replay"": 515, ""no_candidate"": 74, ""none"": 2581, ""not_active_exit_eligible"": 1, ""stale_data_no_action"": 8}"
2000,-1000,30000,3079,515,2616,463,153,450,2476,-660987,-214.67586878856773,-202.0,-667573,-216.8148749594024,-202.0,-6586,-2.1390061708346866,0.0,-2.517584097859327,0.0,408,249,1959,0.6210045662100456,657,0.5833062270061886,112,98543,61,103013,296,75084,0,0,173627,180213,False,True,141.6,8,74,1,295,85,0,515,3079,0,0,3,"{""cut_target"": 61, ""harmful_exit"": 188, ""neutral_exit"": 1959, ""no_active_exit"": 463, ""no_exit_replay"": 515, ""saved_stop"": 112, ""timeout_improved"": 296}","{""candidate_after_baseline_exit"": 295, ""candidate_after_max_hold"": 85, ""lifecycle_without_exit_replay"": 515, ""no_candidate"": 74, ""none"": 2616, ""not_active_exit_eligible"": 1, ""stale_data_no_action"": 8}"
2000,-1000,60000,3079,515,2633,446,212,525,2342,-634555,-206.0912633972069,-202.0,-665164,-216.0324780772978,-202.0,-30609,-9.941214680090939,0.0,-11.62514242309153,0.0,595,327,1711,0.6453362255965293,922,0.6139109523820813,187,174701,115,193643,408,95501,0,0,270202,300811,False,True,227.8,8,74,1,353,10,0,515,3079,0,0,3,"{""cut_target"": 115, ""harmful_exit"": 212, ""neutral_exit"": 1711, ""no_active_exit"": 446, ""no_exit_replay"": 515, ""saved_stop"": 187, ""timeout_improved"": 408}","{""candidate_after_baseline_exit"": 353, ""candidate_after_max_hold"": 10, ""lifecycle_without_exit_replay"": 515, ""no_candidate"": 74, ""none"": 2633, ""not_active_exit_eligible"": 1, ""stale_data_no_action"": 8}"
2000,-1000,120000,3079,515,2633,446,267,586,2226,-671054,-217.94543683013967,-202.0,-662380,-215.1282884053264,-202.0,8674,2.8171484248132512,0.0,3.294341055829852,0.0,839,319,1475,0.7245250431778929,1158,0.6980832425025618,248,238422,168,289123,591,143159,0,0,381581,372907,False,True,307.1,8,74,1,362,1,0,515,3079,0,0,4,"{""cut_target"": 168, ""harmful_exit"": 151, ""neutral_exit"": 1475, ""no_active_exit"": 446, ""no_exit_replay"": 515, ""saved_stop"": 248, ""timeout_improved"": 591}","{""candidate_after_baseline_exit"": 362, ""candidate_after_max_hold"": 1, ""lifecycle_without_exit_replay"": 515, ""no_candidate"": 74, ""none"": 2633, ""not_active_exit_eligible"": 1, ""stale_data_no_action"": 8}"
2000,-1500,30000,3079,515,2686,393,168,345,2566,-767041,-249.12016888600195,-202.0,-773164,-251.1088015589477,-202.0,-6123,-1.9886326729457615,0.0,-2.279597915115413,0.0,436,278,1972,0.6106442577030813,714,0.5743773941978443,94,107613,68,122040,342,109404,0,0,217017,223140,False,True,128.2,8,74,1,225,85,0,515,3079,0,0,4,"{""cut_target"": 68, ""harmful_exit"": 210, ""neutral_exit"": 1972, ""no_active_exit"": 393, ""no_exit_replay"": 515, ""saved_stop"": 94, ""timeout_improved"": 342}","{""candidate_after_baseline_exit"": 225, ""candidate_after_max_hold"": 85, ""lifecycle_without_exit_replay"": 515, ""no_candidate"": 74, ""none"": 2686, ""not_active_exit_eligible"": 1, ""stale_data_no_action"": 8}"
2000,-1500,60000,3079,515,2710,369,240,417,2422,-748912,-243.23221825267944,-202.0,-770196,-250.1448522247483,-202.0,-21284,-6.912633972068853,0.0,-7.853874538745387,0.0,625,362,1723,0.6332320162107397,987,0.6027039954255005,165,206540,134,243622,460,139906,0,0,346446,367730,False,True,211.0,8,74,1,276,10,0,515,3079,0,0,3,"{""cut_target"": 134, ""harmful_exit"": 228, ""neutral_exit"": 1723, ""no_active_exit"": 369, ""no_exit_replay"": 515, ""saved_stop"": 165, ""timeout_improved"": 460}","{""candidate_after_baseline_exit"": 276, ""candidate_after_max_hold"": 10, ""lifecycle_without_exit_replay"": 515, ""no_candidate"": 74, ""none"": 2710, ""not_active_exit_eligible"": 1, ""stale_data_no_action"": 8}"
2000,-1500,120000,3079,515,2710,369,304,474,2301,-797895,-259.14095485547256,-202.0,-767412,-249.24066255277688,-202.0,30483,9.90029230269568,0.0,11.248339483394833,0.0,874,353,1483,0.7123064384678076,1227,0.6863453423203834,222,284886,196,360830,652,197195,0,0,482081,451598,False,True,287.2,8,74,1,285,1,0,515,3079,0,0,4,"{""cut_target"": 196, ""harmful_exit"": 157, ""neutral_exit"": 1483, ""no_active_exit"": 369, ""no_exit_replay"": 515, ""saved_stop"": 222, ""timeout_improved"": 652}","{""candidate_after_baseline_exit"": 285, ""candidate_after_max_hold"": 1, ""lifecycle_without_exit_replay"": 515, ""no_candidate"": 74, ""none"": 2710, ""not_active_exit_eligible"": 1, ""stale_data_no_action"": 8}"
2000,-2000,30000,3079,515,2730,349,174,286,2619,-875255,-284.2659954530692,-202.0,-858846,-278.93666774926925,-202.0,16409,5.329327703799935,0.0,6.010622710622711,0.0,453,292,1985,0.6080536912751678,745,0.5725296848528741,87,128854,70,129452,366,127423,0,0,256277,239868,False,True,123.6,8,74,1,181,85,0,515,3079,0,0,4,"{""cut_target"": 70, ""harmful_exit"": 222, ""neutral_exit"": 1985, ""no_active_exit"": 349, ""no_exit_replay"": 515, ""saved_stop"": 87, ""timeout_improved"": 366}","{""candidate_after_baseline_exit"": 181, ""candidate_after_max_hold"": 85, ""lifecycle_without_exit_replay"": 515, ""no_candidate"": 74, ""none"": 2730, ""not_active_exit_eligible"": 1, ""stale_data_no_action"": 8}"
2000,-2000,60000,3079,515,2755,324,252,359,2468,-877887,-285.1208184475479,-202.0,-853763,-277.2858070802209,-202.0,24124,7.835011367327054,0.0,8.75644283121597,0.0,646,377,1732,0.6314760508308895,1023,0.6014742735060402,158,242617,140,263877,488,175950,0,0,418567,394443,False,True,206.8,8,74,1,231,10,0,515,3079,0,0,3,"{""cut_target"": 140, ""harmful_exit"": 237, ""neutral_exit"": 1732, ""no_active_exit"": 324, ""no_exit_replay"": 515, ""saved_stop"": 158, ""timeout_improved"": 488}","{""candidate_after_baseline_exit"": 231, ""candidate_after_max_hold"": 10, ""lifecycle_without_exit_replay"": 515, ""no_candidate"": 74, ""none"": 2755, ""not_active_exit_eligible"": 1, ""stale_data_no_action"": 8}"
2000,-2000,120000,3079,515,2755,324,319,404,2356,-938193,-304.7070477427736,-202.0,-850979,-276.38161740824944,-202.0,87214,28.325430334524196,0.0,31.656624319419237,0.0,895,370,1490,0.7075098814229249,1265,0.681843443413587,203,331935,205,389573,692,246512,0,0,578447,491233,False,True,272.2,8,74,1,240,1,0,515,3079,0,0,4,"{""cut_target"": 205, ""harmful_exit"": 165, ""neutral_exit"": 1490, ""no_active_exit"": 324, ""no_exit_replay"": 515, ""saved_stop"": 203, ""timeout_improved"": 692}","{""candidate_after_baseline_exit"": 240, ""candidate_after_max_hold"": 1, ""lifecycle_without_exit_replay"": 515, ""no_candidate"": 74, ""none"": 2755, ""not_active_exit_eligible"": 1, ""stale_data_no_action"": 8}"
2000,-3000,30000,3079,515,2801,278,181,186,2712,-1027319,-333.6534589152322,-202.0,-948556,-308.07275089314714,-202.0,78763,25.580708022085094,0.0,28.119600142806142,0.0,492,311,1998,0.6127023661270237,803,0.5785489664037433,77,136352,71,133982,415,196008,0,0,332360,253597,False,True,118.5,8,74,1,110,85,0,515,3079,0,0,3,"{""cut_target"": 71, ""harmful_exit"": 240, ""neutral_exit"": 1998, ""no_active_exit"": 278, ""no_exit_replay"": 515, ""saved_stop"": 77, ""timeout_improved"": 415}","{""candidate_after_baseline_exit"": 110, ""candidate_after_max_hold"": 85, ""lifecycle_without_exit_replay"": 515, ""no_candidate"": 74, ""none"": 2801, ""not_active_exit_eligible"": 1, ""stale_data_no_action"": 8}"
2000,-3000,60000,3079,515,2837,242,265,243,2571,-1066634,-346.4222150048717,-202.0,-945718,-307.15102305943486,-202.0,120916,39.27119194543683,0.0,42.62107860415932,0.0,692,404,1741,0.6313868613138686,1096,0.6024130207742412,131,264353,147,285410,561,283838,0,0,548191,427275,False,True,187.1,8,74,1,149,10,0,515,3079,0,0,3,"{""cut_target"": 147, ""harmful_exit"": 257, ""neutral_exit"": 1741, ""no_active_exit"": 242, ""no_exit_replay"": 515, ""saved_stop"": 131, ""timeout_improved"": 561}","{""candidate_after_baseline_exit"": 149, ""candidate_after_max_hold"": 10, ""lifecycle_without_exit_replay"": 515, ""no_candidate"": 74, ""none"": 2837, ""not_active_exit_eligible"": 1, ""stale_data_no_action"": 8}"
2000,-3000,120000,3079,515,2837,242,339,292,2448,-1162145,-377.44235141279637,-202.0,-942509,-306.10880155894773,-202.0,219636,71.33354985384865,0.0,77.41839971801198,0.0,944,395,1498,0.7050037341299478,1339,0.6800186657784295,180,387126,218,427628,764,371989,0,0,759115,539479,False,True,256.4,8,74,1,158,1,0,515,3079,0,0,4,"{""cut_target"": 218, ""harmful_exit"": 177, ""neutral_exit"": 1498, ""no_active_exit"": 242, ""no_exit_replay"": 515, ""saved_stop"": 180, ""timeout_improved"": 764}","{""candidate_after_baseline_exit"": 158, ""candidate_after_max_hold"": 1, ""lifecycle_without_exit_replay"": 515, ""no_candidate"": 74, ""none"": 2837, ""not_active_exit_eligible"": 1, ""stale_data_no_action"": 8}"
2000,-5000,30000,3079,515,2858,221,190,78,2811,-1174015,-381.29749918804805,-202.0,-1042677,-338.64144202663203,-202.0,131338,42.656057161416044,0.0,45.954513645906225,0.0,520,328,2010,0.6132075471698113,848,0.5799882466845555,37,109503,74,150832,483,307602,0,0,417105,285767,False,True,85.30000000000001,8,74,1,53,85,0,515,3079,0,0,3,"{""cut_target"": 74, ""harmful_exit"": 254, ""neutral_exit"": 2010, ""no_active_exit"": 221, ""no_exit_replay"": 515, ""saved_stop"": 37, ""timeout_improved"": 483}","{""candidate_after_baseline_exit"": 53, ""candidate_after_max_hold"": 85, ""lifecycle_without_exit_replay"": 515, ""no_candidate"": 74, ""none"": 2858, ""not_active_exit_eligible"": 1, ""stale_data_no_action"": 8}"
2000,-5000,60000,3079,515,2899,180,276,116,2687,-1303341,-423.3000974342319,-202.0,-1054218,-342.3897369275739,-202.0,249123,80.91036050665801,0.0,85.93411521214212,0.0,729,422,1748,0.6333622936576889,1151,0.6051223844424363,73,232267,152,309347,656,481525,0,0,713792,464669,False,False,138.60000000000002,8,74,1,87,10,0,515,3079,0,0,3,"{""cut_target"": 152, ""harmful_exit"": 270, ""neutral_exit"": 1748, ""no_active_exit"": 180, ""no_exit_replay"": 515, ""saved_stop"": 73, ""timeout_improved"": 656}","{""candidate_after_baseline_exit"": 87, ""candidate_after_max_hold"": 10, ""lifecycle_without_exit_replay"": 515, ""no_candidate"": 74, ""none"": 2899, ""not_active_exit_eligible"": 1, ""stale_data_no_action"": 8}"
2000,-5000,120000,3079,515,2900,179,353,144,2582,-1456397,-473.0097434231893,-202.0,-1049152,-340.74439753166615,-202.0,407245,132.26534589152322,0.0,140.4293103448276,0.0,984,411,1505,0.7053763440860215,1395,0.6809161317350322,101,343454,226,461016,883,643006,0,0,986460,579215,False,False,189.3,8,74,1,95,1,0,515,3079,0,0,4,"{""cut_target"": 226, ""harmful_exit"": 185, ""neutral_exit"": 1505, ""no_active_exit"": 179, ""no_exit_replay"": 515, ""saved_stop"": 101, ""timeout_improved"": 883}","{""candidate_after_baseline_exit"": 95, ""candidate_after_max_hold"": 1, ""lifecycle_without_exit_replay"": 515, ""no_candidate"": 74, ""none"": 2900, ""not_active_exit_eligible"": 1, ""stale_data_no_action"": 8}"
2000,-6000,30000,3079,515,2870,209,190,43,2846,-1211960,-393.62130561870737,-202.0,-1069353,-347.3052939265995,-202.0,142607,46.31601169210783,0.0,49.68885017421603,0.0,526,333,2011,0.6123399301513388,859,0.5793268739640106,16,55199,74,150832,510,380329,0,0,435528,292921,False,False,67.0,8,74,1,41,85,0,515,3079,0,0,3,"{""cut_target"": 74, ""harmful_exit"": 259, ""neutral_exit"": 2011, ""no_active_exit"": 209, ""no_exit_replay"": 515, ""saved_stop"": 16, ""timeout_improved"": 510}","{""candidate_after_baseline_exit"": 41, ""candidate_after_max_hold"": 85, ""lifecycle_without_exit_replay"": 515, ""no_candidate"": 74, ""none"": 2870, ""not_active_exit_eligible"": 1, ""stale_data_no_action"": 8}"
2000,-6000,60000,3079,515,2913,166,277,68,2734,-1366479,-443.806105878532,-202.0,-1079429,-350.5777849951283,-202.0,287050,93.2283208834037,0.0,98.54102300034329,0.0,737,427,1749,0.6331615120274914,1164,0.6050792094036542,40,160716,152,309347,697,598341,0,0,759057,472007,False,False,109.7,8,74,1,73,10,0,515,3079,0,0,3,"{""cut_target"": 152, ""harmful_exit"": 275, ""neutral_exit"": 1749, ""no_active_exit"": 166, ""no_exit_replay"": 515, ""saved_stop"": 40, ""timeout_improved"": 697}","{""candidate_after_baseline_exit"": 73, ""candidate_after_max_hold"": 10, ""lifecycle_without_exit_replay"": 515, ""no_candidate"": 74, ""none"": 2913, ""not_active_exit_eligible"": 1, ""stale_data_no_action"": 8}"
2000,-6000,120000,3079,515,2914,165,354,87,2638,-1523088,-494.66969795388115,-202.0,-1074363,-348.9324455992205,-202.0,448725,145.7372523546606,0.0,153.98936170212767,0.0,989,419,1506,0.7024147727272727,1408,0.678009355675353,59,246158,226,461016,930,795329,0,0,1041487,592762,False,False,152.0,8,74,1,81,1,0,515,3079,0,0,4,"{""cut_target"": 226, ""harmful_exit"": 193, ""neutral_exit"": 1506, ""no_active_exit"": 165, ""no_exit_replay"": 515, ""saved_stop"": 59, ""timeout_improved"": 930}","{""candidate_after_baseline_exit"": 81, ""candidate_after_max_hold"": 1, ""lifecycle_without_exit_replay"": 515, ""no_candidate"": 74, ""none"": 2914, ""not_active_exit_eligible"": 1, ""stale_data_no_action"": 8}"
3000,-200,30000,3079,515,2389,690,65,837,2177,-293451,-95.30724261123741,-202.0,-349776,-113.60051964923676,-202.0,-56325,-18.29327703799935,0.0,-23.576810380912516,0.0,350,185,1854,0.6542056074766355,535,0.6129321403254158,228,61345,24,55088,122,16557,0,0,77902,134227,False,True,240.2,8,74,1,522,85,0,515,3079,0,0,2,"{""cut_target"": 24, ""harmful_exit"": 161, ""neutral_exit"": 1854, ""no_active_exit"": 690, ""no_exit_replay"": 515, ""saved_stop"": 228, ""timeout_improved"": 122}","{""candidate_after_baseline_exit"": 522, ""candidate_after_max_hold"": 85, ""lifecycle_without_exit_replay"": 515, ""no_candidate"": 74, ""none"": 2389, ""not_active_exit_eligible"": 1, ""stale_data_no_action"": 8}"
3000,-200,60000,3079,515,2403,676,106,975,1998,-234173,-76.05488795063333,-202.0,-352668,-114.53978564468983,-202.0,-118495,-38.484897694056514,0.0,-49.31127756970454,0.0,536,242,1625,0.6889460154241646,778,0.6555555370286962,359,97105,54,125348,177,17547,0,0,114652,233147,False,True,376.7,8,74,1,583,10,0,515,3079,0,0,2,"{""cut_target"": 54, ""harmful_exit"": 188, ""neutral_exit"": 1625, ""no_active_exit"": 676, ""no_exit_replay"": 515, ""saved_stop"": 359, ""timeout_improved"": 177}","{""candidate_after_baseline_exit"": 583, ""candidate_after_max_hold"": 10, ""lifecycle_without_exit_replay"": 515, ""no_candidate"": 74, ""none"": 2403, ""not_active_exit_eligible"": 1, ""stale_data_no_action"": 8}"
3000,-200,120000,3079,515,2403,676,138,1184,1757,-202408,-65.73822669697954,-208.0,-352668,-114.53978564468983,-202.0,-150260,-48.8015589477103,0.0,-62.53017062005826,0.0,767,228,1408,0.770854271356784,995,0.7437277350983074,568,136349,86,210079,199,10159,0,0,146508,296768,False,True,587.9,8,74,1,592,1,0,515,3079,0,0,3,"{""cut_target"": 86, ""harmful_exit"": 142, ""neutral_exit"": 1408, ""no_active_exit"": 676, ""no_exit_replay"": 515, ""saved_stop"": 568, ""timeout_improved"": 199}","{""candidate_after_baseline_exit"": 592, ""candidate_after_max_hold"": 1, ""lifecycle_without_exit_replay"": 515, ""no_candidate"": 74, ""none"": 2403, ""not_active_exit_eligible"": 1, ""stale_data_no_action"": 8}"
3000,-300,30000,3079,515,2447,632,70,742,2267,-345956,-112.35985709645989,-202.0,-403562,-131.06917830464437,-202.0,-57606,-18.709321208184477,0.0,-23.541479362484676,0.0,372,198,1877,0.6526315789473685,570,0.6126397960808374,192,72105,29,70706,180,26886,0,0,98991,156597,False,True,210.0,8,74,1,464,85,0,515,3079,0,0,2,"{""cut_target"": 29, ""harmful_exit"": 169, ""neutral_exit"": 1877, ""no_active_exit"": 632, ""no_exit_replay"": 515, ""saved_stop"": 192, ""timeout_improved"": 180}","{""candidate_after_baseline_exit"": 464, ""candidate_after_max_hold"": 85, ""lifecycle_without_exit_replay"": 515, ""no_candidate"": 74, ""none"": 2447, ""not_active_exit_eligible"": 1, ""stale_data_no_action"": 8}"
3000,-300,60000,3079,515,2462,617,116,870,2093,-280806,-91.20038973692758,-202.0,-407751,-132.4296849626502,-202.0,-126945,-41.22929522572264,0.0,-51.561738424045494,0.0,553,265,1644,0.676039119804401,818,0.6432103911832648,313,118491,64,155272,240,27265,0,0,145756,272701,False,True,337.0,8,74,1,524,10,0,515,3079,0,0,3,"{""cut_target"": 64, ""harmful_exit"": 201, ""neutral_exit"": 1644, ""no_active_exit"": 617, ""no_exit_replay"": 515, ""saved_stop"": 313, ""timeout_improved"": 240}","{""candidate_after_baseline_exit"": 524, ""candidate_after_max_hold"": 10, ""lifecycle_without_exit_replay"": 515, ""no_candidate"": 74, ""none"": 2462, ""not_active_exit_eligible"": 1, ""stale_data_no_action"": 8}"
3000,-300,120000,3079,515,2462,617,150,1031,1898,-262846,-85.36732705423839,-208.0,-407751,-132.4296849626502,-202.0,-144905,-47.06235790841182,0.0,-58.856620633631195,0.0,790,249,1423,0.7603464870067372,1039,0.7334615561474804,474,170167,98,246064,316,27441,0,0,197608,342513,False,True,505.6,8,74,1,533,1,0,515,3079,0,0,3,"{""cut_target"": 98, ""harmful_exit"": 151, ""neutral_exit"": 1423, ""no_active_exit"": 617, ""no_exit_replay"": 515, ""saved_stop"": 474, ""timeout_improved"": 316}","{""candidate_after_baseline_exit"": 533, ""candidate_after_max_hold"": 1, ""lifecycle_without_exit_replay"": 515, ""no_candidate"": 74, ""none"": 2462, ""not_active_exit_eligible"": 1, ""stale_data_no_action"": 8}"
3000,-500,30000,3079,515,2522,557,76,642,2361,-447448,-145.3225073075674,-202.0,-481096,-156.2507307567392,-202.0,-33648,-10.928223449171808,0.0,-13.341792228390167,0.0,405,213,1904,0.6553398058252428,618,0.6170138635375098,176,91666,30,73723,229,42367,0,0,134033,167681,False,True,198.9,8,74,1,389,85,0,515,3079,0,0,3,"{""cut_target"": 30, ""harmful_exit"": 183, ""neutral_exit"": 1904, ""no_active_exit"": 557, ""no_exit_replay"": 515, ""saved_stop"": 176, ""timeout_improved"": 229}","{""candidate_after_baseline_exit"": 389, ""candidate_after_max_hold"": 85, ""lifecycle_without_exit_replay"": 515, ""no_candidate"": 74, ""none"": 2522, ""not_active_exit_eligible"": 1, ""stale_data_no_action"": 8}"
3000,-500,60000,3079,515,2539,540,125,752,2202,-380841,-123.68983436180578,-202.0,-484090,-157.22312439103604,-202.0,-103249,-33.53329002923027,0.0,-40.66522252855455,0.0,592,285,1662,0.6750285062713797,877,0.6433255550070403,280,150216,67,161800,312,49077,0,0,199293,302542,False,True,311.2,8,74,1,447,10,0,515,3079,0,0,3,"{""cut_target"": 67, ""harmful_exit"": 218, ""neutral_exit"": 1662, ""no_active_exit"": 540, ""no_exit_replay"": 515, ""saved_stop"": 280, ""timeout_improved"": 312}","{""candidate_after_baseline_exit"": 447, ""candidate_after_max_hold"": 10, ""lifecycle_without_exit_replay"": 515, ""no_candidate"": 74, ""none"": 2539, ""not_active_exit_eligible"": 1, ""stale_data_no_action"": 8}"
3000,-500,120000,3079,515,2539,540,166,899,2014,-379883,-123.37869438129263,-204.0,-481070,-156.24228645664178,-202.0,-101187,-32.86359207534914,0.0,-39.85309176841276,0.0,832,272,1435,0.7536231884057971,1104,0.7273546623099935,427,228103,107,269701,405,53427,0,0,281530,382717,False,True,467.5,8,74,1,456,1,0,515,3079,0,0,3,"{""cut_target"": 107, ""harmful_exit"": 165, ""neutral_exit"": 1435, ""no_active_exit"": 540, ""no_exit_replay"": 515, ""saved_stop"": 427, ""timeout_improved"": 405}","{""candidate_after_baseline_exit"": 456, ""candidate_after_max_hold"": 1, ""lifecycle_without_exit_replay"": 515, ""no_candidate"": 74, ""none"": 2539, ""not_active_exit_eligible"": 1, ""stale_data_no_action"": 8}"
3000,-700,30000,3079,515,2584,495,79,538,2462,-533091,-173.13770704774277,-202.0,-560295,-181.97304319584282,-202.0,-27204,-8.835336148100032,0.0,-10.527863777089783,0.0,412,229,1943,0.6427457098283932,641,0.6049002013199059,138,99068,32,80441,274,64314,0,0,163382,190586,False,True,165.4,8,74,1,327,85,0,515,3079,0,0,3,"{""cut_target"": 32, ""harmful_exit"": 197, ""neutral_exit"": 1943, ""no_active_exit"": 495, ""no_exit_replay"": 515, ""saved_stop"": 138, ""timeout_improved"": 274}","{""candidate_after_baseline_exit"": 327, ""candidate_after_max_hold"": 85, ""lifecycle_without_exit_replay"": 515, ""no_candidate"": 74, ""none"": 2584, ""not_active_exit_eligible"": 1, ""stale_data_no_action"": 8}"
3000,-700,60000,3079,515,2604,475,132,637,2310,-477986,-155.24066255277688,-202.0,-562996,-182.85027606365702,-202.0,-85010,-27.609613510880155,0.0,-32.645929339477725,0.0,601,304,1699,0.6640883977900552,905,0.6326805626455774,231,172221,73,181547,370,77678,0,0,249899,334909,False,True,268.0,8,74,1,382,10,0,515,3079,0,0,3,"{""cut_target"": 73, ""harmful_exit"": 231, ""neutral_exit"": 1699, ""no_active_exit"": 475, ""no_exit_replay"": 515, ""saved_stop"": 231, ""timeout_improved"": 370}","{""candidate_after_baseline_exit"": 382, ""candidate_after_max_hold"": 10, ""lifecycle_without_exit_replay"": 515, ""no_candidate"": 74, ""none"": 2604, ""not_active_exit_eligible"": 1, ""stale_data_no_action"": 8}"
3000,-700,120000,3079,515,2604,475,178,719,2182,-483492,-157.02890548879506,-203.0,-559976,-181.86943812926276,-202.0,-76484,-24.840532640467686,0.0,-29.37173579109063,0.0,848,291,1465,0.7445127304653204,1139,0.7183917432170015,313,239178,118,304563,535,110790,0,0,349968,426452,False,True,366.5,8,74,1,391,1,0,515,3079,0,0,3,"{""cut_target"": 118, ""harmful_exit"": 173, ""neutral_exit"": 1465, ""no_active_exit"": 475, ""no_exit_replay"": 515, ""saved_stop"": 313, ""timeout_improved"": 535}","{""candidate_after_baseline_exit"": 391, ""candidate_after_max_hold"": 1, ""lifecycle_without_exit_replay"": 515, ""no_candidate"": 74, ""none"": 2604, ""not_active_exit_eligible"": 1, ""stale_data_no_action"": 8}"
3000,-1000,30000,3079,515,2633,446,80,461,2538,-634398,-206.0402728158493,-202.0,-651931,-211.73465410847678,-202.0,-17533,-5.694381292627477,0.0,-6.6589441701481205,0.0,426,247,1960,0.6329866270430906,673,0.5959126229585667,117,110695,32,80441,309,82880,0,0,193575,211108,False,True,147.9,8,74,1,278,85,0,515,3079,0,0,3,"{""cut_target"": 32, ""harmful_exit"": 215, ""neutral_exit"": 1960, ""no_active_exit"": 446, ""no_exit_replay"": 515, ""saved_stop"": 117, ""timeout_improved"": 309}","{""candidate_after_baseline_exit"": 278, ""candidate_after_max_hold"": 85, ""lifecycle_without_exit_replay"": 515, ""no_candidate"": 74, ""none"": 2633, ""not_active_exit_eligible"": 1, ""stale_data_no_action"": 8}"
3000,-1000,60000,3079,515,2656,423,144,550,2385,-585033,-190.0074699577785,-202.0,-650802,-211.36797661578436,-202.0,-65769,-21.360506658005846,0.0,-24.76242469879518,0.0,618,327,1711,0.653968253968254,945,0.6230702154312922,201,199832,82,209999,417,105902,0,0,305734,371503,False,True,242.7,8,74,1,330,10,0,515,3079,0,0,3,"{""cut_target"": 82, ""harmful_exit"": 245, ""neutral_exit"": 1711, ""no_active_exit"": 423, ""no_exit_replay"": 515, ""saved_stop"": 201, ""timeout_improved"": 417}","{""candidate_after_baseline_exit"": 330, ""candidate_after_max_hold"": 10, ""lifecycle_without_exit_replay"": 515, ""no_candidate"": 74, ""none"": 2656, ""not_active_exit_eligible"": 1, ""stale_data_no_action"": 8}"
3000,-1000,120000,3079,515,2656,423,196,622,2261,-595828,-193.5134784020786,-202.0,-643621,-209.0357258850276,-202.0,-47793,-15.522247482949009,0.0,-17.994352409638555,0.0,868,313,1475,0.7349703640982218,1181,0.7090665649985926,273,281307,131,343976,595,146017,0,0,427324,475117,False,True,332.5,8,74,1,339,1,0,515,3079,0,0,4,"{""cut_target"": 131, ""harmful_exit"": 182, ""neutral_exit"": 1475, ""no_active_exit"": 423, ""no_exit_replay"": 515, ""saved_stop"": 273, ""timeout_improved"": 595}","{""candidate_after_baseline_exit"": 339, ""candidate_after_max_hold"": 1, ""lifecycle_without_exit_replay"": 515, ""no_candidate"": 74, ""none"": 2656, ""not_active_exit_eligible"": 1, ""stale_data_no_action"": 8}"
3000,-1500,30000,3079,515,2704,375,90,355,2634,-735309,-238.81422539785646,-202.0,-756269,-245.62163039948035,-202.0,-20960,-6.807405001623904,0.0,-7.7514792899408285,0.0,454,277,1973,0.6210670314637483,731,0.5853531071248463,98,118556,37,100669,356,120622,0,0,239178,260138,False,True,133.6,8,74,1,207,85,0,515,3079,0,0,4,"{""cut_target"": 37, ""harmful_exit"": 240, ""neutral_exit"": 1973, ""no_active_exit"": 375, ""no_exit_replay"": 515, ""saved_stop"": 98, ""timeout_improved"": 356}","{""candidate_after_baseline_exit"": 207, ""candidate_after_max_hold"": 85, ""lifecycle_without_exit_replay"": 515, ""no_candidate"": 74, ""none"": 2704, ""not_active_exit_eligible"": 1, ""stale_data_no_action"": 8}"
3000,-1500,60000,3079,515,2737,342,164,442,2473,-699039,-227.0344267619357,-202.0,-760538,-247.00811951932445,-202.0,-61499,-19.97369275738876,0.0,-22.46949214468396,0.0,649,365,1723,0.6400394477317555,1014,0.6100186247155639,179,238983,97,262115,470,150713,0,0,389696,451195,False,True,226.0,8,74,1,249,10,0,515,3079,0,0,3,"{""cut_target"": 97, ""harmful_exit"": 268, ""neutral_exit"": 1723, ""no_active_exit"": 342, ""no_exit_replay"": 515, ""saved_stop"": 179, ""timeout_improved"": 470}","{""candidate_after_baseline_exit"": 249, ""candidate_after_max_hold"": 10, ""lifecycle_without_exit_replay"": 515, ""no_candidate"": 74, ""none"": 2737, ""not_active_exit_eligible"": 1, ""stale_data_no_action"": 8}"
3000,-1500,120000,3079,515,2737,342,225,514,2340,-729508,-236.9301721338097,-202.0,-753357,-244.67586878856773,-202.0,-23849,-7.745696654758039,0.0,-8.713554987212277,0.0,908,346,1483,0.7240829346092504,1254,0.6986878753801427,251,346350,155,424759,657,200503,0,0,546853,570702,False,True,316.7,8,74,1,258,1,0,515,3079,0,0,4,"{""cut_target"": 155, ""harmful_exit"": 191, ""neutral_exit"": 1483, ""no_active_exit"": 342, ""no_exit_replay"": 515, ""saved_stop"": 251, ""timeout_improved"": 657}","{""candidate_after_baseline_exit"": 258, ""candidate_after_max_hold"": 1, ""lifecycle_without_exit_replay"": 515, ""no_candidate"": 74, ""none"": 2737, ""not_active_exit_eligible"": 1, ""stale_data_no_action"": 8}"
3000,-2000,30000,3079,515,2750,329,95,294,2690,-842407,-273.59759662228,-202.0,-840795,-273.074050016239,-202.0,1612,0.5235466060409224,0.0,0.5861818181818181,0.0,472,291,1987,0.6186107470511141,763,0.5836328320713845,91,141797,39,110081,381,138681,0,0,280478,278866,False,True,129.1,8,74,1,161,85,0,515,3079,0,0,4,"{""cut_target"": 39, ""harmful_exit"": 252, ""neutral_exit"": 1987, ""no_active_exit"": 329, ""no_exit_replay"": 515, ""saved_stop"": 91, ""timeout_improved"": 381}","{""candidate_after_baseline_exit"": 161, ""candidate_after_max_hold"": 85, ""lifecycle_without_exit_replay"": 515, ""no_candidate"": 74, ""none"": 2750, ""not_active_exit_eligible"": 1, ""stale_data_no_action"": 8}"
3000,-2000,60000,3079,515,2784,295,177,380,2522,-820128,-266.36180578109776,-202.0,-839588,-272.6820396232543,-202.0,-19460,-6.3202338421565445,0.0,-6.989942528735632,0.0,671,381,1732,0.6378326996197718,1052,0.6083363179141679,172,280445,104,291166,499,186799,0,0,467244,486704,False,True,221.9,8,74,1,202,10,0,515,3079,0,0,3,"{""cut_target"": 104, ""harmful_exit"": 277, ""neutral_exit"": 1732, ""no_active_exit"": 295, ""no_exit_replay"": 515, ""saved_stop"": 172, ""timeout_improved"": 499}","{""candidate_after_baseline_exit"": 202, ""candidate_after_max_hold"": 10, ""lifecycle_without_exit_replay"": 515, ""no_candidate"": 74, ""none"": 2784, ""not_active_exit_eligible"": 1, ""stale_data_no_action"": 8}"
3000,-2000,120000,3079,515,2786,293,242,437,2400,-859374,-279.10815199740176,-202.0,-834178,-270.924975641442,-202.0,25196,8.183176355959727,0.0,9.043790380473798,0.0,930,366,1490,0.7175925925925926,1296,0.6924684988504263,229,398193,166,470254,701,255678,0,0,653871,628675,False,True,299.1,8,74,1,209,1,0,515,3079,0,0,4,"{""cut_target"": 166, ""harmful_exit"": 200, ""neutral_exit"": 1490, ""no_active_exit"": 293, ""no_exit_replay"": 515, ""saved_stop"": 229, ""timeout_improved"": 701}","{""candidate_after_baseline_exit"": 209, ""candidate_after_max_hold"": 1, ""lifecycle_without_exit_replay"": 515, ""no_candidate"": 74, ""none"": 2786, ""not_active_exit_eligible"": 1, ""stale_data_no_action"": 8}"
3000,-3000,30000,3079,515,2823,256,101,192,2786,-995445,-323.3013965573238,-202.0,-928330,-301.50373497888927,-202.0,67115,21.797661578434557,0.0,23.7743535246192,0.0,512,310,2001,0.6228710462287105,822,0.5892390600577041,81,149945,40,115611,431,210765,0,0,360710,293595,False,True,124.1,8,74,1,88,85,0,515,3079,0,0,3,"{""cut_target"": 40, ""harmful_exit"": 270, ""neutral_exit"": 2001, ""no_active_exit"": 256, ""no_exit_replay"": 515, ""saved_stop"": 81, ""timeout_improved"": 431}","{""candidate_after_baseline_exit"": 88, ""candidate_after_max_hold"": 85, ""lifecycle_without_exit_replay"": 515, ""no_candidate"": 74, ""none"": 2823, ""not_active_exit_eligible"": 1, ""stale_data_no_action"": 8}"
3000,-3000,60000,3079,515,2870,209,187,257,2635,-1014822,-329.5946735953232,-202.0,-934412,-303.4790516401429,-202.0,80410,26.115621955180252,0.0,28.017421602787458,0.0,719,409,1742,0.6374113475177305,1128,0.6089337244478861,141,299743,109,312838,578,305845,0,0,605588,525178,False,True,198.8,8,74,1,116,10,0,515,3079,0,0,3,"{""cut_target"": 109, ""harmful_exit"": 300, ""neutral_exit"": 1742, ""no_active_exit"": 209, ""no_exit_replay"": 515, ""saved_stop"": 141, ""timeout_improved"": 578}","{""candidate_after_baseline_exit"": 116, ""candidate_after_max_hold"": 10, ""lifecycle_without_exit_replay"": 515, ""no_candidate"": 74, ""none"": 2870, ""not_active_exit_eligible"": 1, ""stale_data_no_action"": 8}"
3000,-3000,120000,3079,515,2872,207,260,319,2500,-1090503,-354.1744072750893,-202.0,-927577,-301.2591750568366,-202.0,162926,52.915232218252676,0.0,56.7291086350975,0.0,980,393,1499,0.7137654770575382,1373,0.6892865285175984,203,461671,178,514631,777,389812,0,0,851483,688557,False,True,280.7,8,74,1,123,1,0,515,3079,0,0,4,"{""cut_target"": 178, ""harmful_exit"": 215, ""neutral_exit"": 1499, ""no_active_exit"": 207, ""no_exit_replay"": 515, ""saved_stop"": 203, ""timeout_improved"": 777}","{""candidate_after_baseline_exit"": 123, ""candidate_after_max_hold"": 1, ""lifecycle_without_exit_replay"": 515, ""no_candidate"": 74, ""none"": 2872, ""not_active_exit_eligible"": 1, ""stale_data_no_action"": 8}"
3000,-5000,30000,3079,515,2881,198,109,79,2891,-1132349,-367.76518350113673,-202.0,-1020510,-331.4420266320234,-202.0,111839,36.32315686911335,0.0,38.81950711558487,0.0,540,328,2013,0.6221198156682027,868,0.5893929893709995,37,109503,43,135461,503,336773,0,0,446276,334437,False,True,87.30000000000001,8,74,1,30,85,0,515,3079,0,0,3,"{""cut_target"": 43, ""harmful_exit"": 285, ""neutral_exit"": 2013, ""no_active_exit"": 198, ""no_exit_replay"": 515, ""saved_stop"": 37, ""timeout_improved"": 503}","{""candidate_after_baseline_exit"": 30, ""candidate_after_max_hold"": 85, ""lifecycle_without_exit_replay"": 515, ""no_candidate"": 74, ""none"": 2881, ""not_active_exit_eligible"": 1, ""stale_data_no_action"": 8}"
3000,-5000,60000,3079,515,2933,146,198,124,2757,-1243798,-403.9616758687886,-202.0,-1043985,-339.06625527768756,-202.0,199813,64.895420591101,0.0,68.12580975110808,0.0,754,430,1749,0.6368243243243243,1184,0.6090295346220562,78,257682,114,340662,676,514930,0,0,772612,572799,False,True,145.60000000000002,8,74,1,53,10,0,515,3079,0,0,3,"{""cut_target"": 114, ""harmful_exit"": 316, ""neutral_exit"": 1749, ""no_active_exit"": 146, ""no_exit_replay"": 515, ""saved_stop"": 78, ""timeout_improved"": 676}","{""candidate_after_baseline_exit"": 53, ""candidate_after_max_hold"": 10, ""lifecycle_without_exit_replay"": 515, ""no_candidate"": 74, ""none"": 2933, ""not_active_exit_eligible"": 1, ""stale_data_no_action"": 8}"
3000,-5000,120000,3079,515,2936,143,274,159,2646,-1387060,-450.4904189671971,-202.0,-1035293,-336.2432607989607,-202.0,351767,114.24715816823644,0.0,119.8116485013624,0.0,1019,411,1506,0.7125874125874125,1430,0.688586483805554,113,405424,186,554906,906,688935,0,0,1094359,742592,False,True,203.60000000000002,8,74,1,59,1,0,515,3079,0,0,4,"{""cut_target"": 186, ""harmful_exit"": 225, ""neutral_exit"": 1506, ""no_active_exit"": 143, ""no_exit_replay"": 515, ""saved_stop"": 113, ""timeout_improved"": 906}","{""candidate_after_baseline_exit"": 59, ""candidate_after_max_hold"": 1, ""lifecycle_without_exit_replay"": 515, ""no_candidate"": 74, ""none"": 2936, ""not_active_exit_eligible"": 1, ""stale_data_no_action"": 8}"
3000,-6000,30000,3079,515,2893,186,109,44,2926,-1171294,-380.41377070477427,-202.0,-1048186,-340.43065930496914,-202.0,123108,39.98311139980513,0.0,42.55375043207743,0.0,546,333,2014,0.621160409556314,879,0.5886298766610925,16,55199,43,135461,530,409500,0,0,464699,341591,False,True,69.0,8,74,1,18,85,0,515,3079,0,0,3,"{""cut_target"": 43, ""harmful_exit"": 290, ""neutral_exit"": 2014, ""no_active_exit"": 186, ""no_exit_replay"": 515, ""saved_stop"": 16, ""timeout_improved"": 530}","{""candidate_after_baseline_exit"": 18, ""candidate_after_max_hold"": 85, ""lifecycle_without_exit_replay"": 515, ""no_candidate"": 74, ""none"": 2893, ""not_active_exit_eligible"": 1, ""stale_data_no_action"": 8}"
3000,-6000,60000,3079,515,2947,132,199,74,2806,-1312622,-426.3143877882429,-202.0,-1071196,-347.90386489119845,-202.0,241426,78.4105228970445,0.0,81.92263318629114,0.0,762,435,1750,0.6365914786967418,1197,0.6089469890569813,43,178885,114,340662,719,642678,0,0,821563,580137,False,True,114.9,8,74,1,39,10,0,515,3079,0,0,3,"{""cut_target"": 114, ""harmful_exit"": 321, ""neutral_exit"": 1750, ""no_active_exit"": 132, ""no_exit_replay"": 515, ""saved_stop"": 43, ""timeout_improved"": 719}","{""candidate_after_baseline_exit"": 39, ""candidate_after_max_hold"": 10, ""lifecycle_without_exit_replay"": 515, ""no_candidate"": 74, ""none"": 2947, ""not_active_exit_eligible"": 1, ""stale_data_no_action"": 8}"
3000,-6000,120000,3079,515,2950,129,275,96,2708,-1460979,-474.49788892497565,-202.0,-1062504,-345.0808704124716,-202.0,398475,129.41701851250406,0.0,135.07627118644066,0.0,1024,419,1507,0.7096327096327096,1443,0.6856796044016809,65,281831,186,554906,959,872783,0,0,1154614,756139,False,False,160.9,8,74,1,45,1,0,515,3079,0,0,4,"{""cut_target"": 186, ""harmful_exit"": 233, ""neutral_exit"": 1507, ""no_active_exit"": 129, ""no_exit_replay"": 515, ""saved_stop"": 65, ""timeout_improved"": 959}","{""candidate_after_baseline_exit"": 45, ""candidate_after_max_hold"": 1, ""lifecycle_without_exit_replay"": 515, ""no_candidate"": 74, ""none"": 2950, ""not_active_exit_eligible"": 1, ""stale_data_no_action"": 8}"
5000,-200,30000,3079,515,2396,683,33,841,2205,-234789,-76.25495290678792,-202.0,-315356,-102.42156544332576,-202.0,-80567,-26.166612536537837,0.0,-33.625626043405674,0.0,354,188,1854,0.6531365313653137,542,0.6121145586024807,229,62852,13,48157,125,19379,0,0,82231,162798,False,True,241.5,8,74,1,515,85,0,515,3079,0,0,2,"{""cut_target"": 13, ""harmful_exit"": 175, ""neutral_exit"": 1854, ""no_active_exit"": 683, ""no_exit_replay"": 515, ""saved_stop"": 229, ""timeout_improved"": 125}","{""candidate_after_baseline_exit"": 515, ""candidate_after_max_hold"": 85, ""lifecycle_without_exit_replay"": 515, ""no_candidate"": 74, ""none"": 2396, ""not_active_exit_eligible"": 1, ""stale_data_no_action"": 8}"
5000,-200,60000,3079,515,2418,661,64,985,2030,-138042,-44.83338746346217,-202.0,-313910,-101.95193244559923,-202.0,-175868,-57.11854498213706,0.0,-72.7328370554177,0.0,542,250,1626,0.6843434343434344,792,0.6511505316571049,365,106081,34,125936,177,17547,0,0,123628,299496,False,True,382.7,8,74,1,568,10,0,515,3079,0,0,2,"{""cut_target"": 34, ""harmful_exit"": 216, ""neutral_exit"": 1626, ""no_active_exit"": 661, ""no_exit_replay"": 515, ""saved_stop"": 365, ""timeout_improved"": 177}","{""candidate_after_baseline_exit"": 568, ""candidate_after_max_hold"": 10, ""lifecycle_without_exit_replay"": 515, ""no_candidate"": 74, ""none"": 2418, ""not_active_exit_eligible"": 1, ""stale_data_no_action"": 8}"
5000,-200,120000,3079,515,2419,660,94,1201,1784,-72182,-23.443325755115296,-209.0,-314622,-102.18317635595973,-202.0,-242440,-78.73985060084443,0.0,-100.22323274080199,0.0,780,230,1409,0.7722772277227723,1010,0.7454111006945879,580,148324,63,249452,200,10243,0,0,158567,401007,False,True,600.0,8,74,1,576,1,0,515,3079,0,0,3,"{""cut_target"": 63, ""harmful_exit"": 167, ""neutral_exit"": 1409, ""no_active_exit"": 660, ""no_exit_replay"": 515, ""saved_stop"": 580, ""timeout_improved"": 200}","{""candidate_after_baseline_exit"": 576, ""candidate_after_max_hold"": 1, ""lifecycle_without_exit_replay"": 515, ""no_candidate"": 74, ""none"": 2419, ""not_active_exit_eligible"": 1, ""stale_data_no_action"": 8}"
5000,-300,30000,3079,515,2455,624,35,746,2298,-285333,-92.67067229620007,-202.0,-369416,-119.97921403052939,-202.0,-84083,-27.308541734329328,0.0,-34.24969450101833,0.0,377,201,1877,0.6522491349480969,578,0.6125330652629551,194,73738,15,58057,183,29708,0,0,103446,187529,False,True,212.3,8,74,1,456,85,0,515,3079,0,0,2,"{""cut_target"": 15, ""harmful_exit"": 186, ""neutral_exit"": 1877, ""no_active_exit"": 624, ""no_exit_replay"": 515, ""saved_stop"": 194, ""timeout_improved"": 183}","{""candidate_after_baseline_exit"": 456, ""candidate_after_max_hold"": 85, ""lifecycle_without_exit_replay"": 515, ""no_candidate"": 74, ""none"": 2455, ""not_active_exit_eligible"": 1, ""stale_data_no_action"": 8}"
5000,-300,60000,3079,515,2478,601,68,882,2129,-179330,-58.24293601818772,-202.0,-369367,-119.96329977265346,-202.0,-190037,-61.72036375446574,0.0,-76.68966908797417,0.0,562,271,1645,0.6746698679471789,833,0.6421159326789068,322,129771,38,146376,240,27265,0,0,157036,347073,False,True,346.0,8,74,1,508,10,0,515,3079,0,0,3,"{""cut_target"": 38, ""harmful_exit"": 233, ""neutral_exit"": 1645, ""no_active_exit"": 601, ""no_exit_replay"": 515, ""saved_stop"": 322, ""timeout_improved"": 240}","{""candidate_after_baseline_exit"": 508, ""candidate_after_max_hold"": 10, ""lifecycle_without_exit_replay"": 515, ""no_candidate"": 74, ""none"": 2478, ""not_active_exit_eligible"": 1, ""stale_data_no_action"": 8}"
5000,-300,120000,3079,515,2479,600,100,1052,1927,-136408,-44.30269568041572,-208.0,-370179,-120.22702176031179,-202.0,-233771,-75.92432607989608,0.0,-94.30052440500202,0.0,808,247,1424,0.7658767772511849,1055,0.7393884191845448,491,185547,69,280352,317,27525,0,0,213072,446843,False,True,522.7,8,74,1,516,1,0,515,3079,0,0,3,"{""cut_target"": 69, ""harmful_exit"": 178, ""neutral_exit"": 1424, ""no_active_exit"": 600, ""no_exit_replay"": 515, ""saved_stop"": 491, ""timeout_improved"": 317}","{""candidate_after_baseline_exit"": 516, ""candidate_after_max_hold"": 1, ""lifecycle_without_exit_replay"": 515, ""no_candidate"": 74, ""none"": 2479, ""not_active_exit_eligible"": 1, ""stale_data_no_action"": 8}"
5000,-500,30000,3079,515,2531,548,37,646,2396,-385952,-125.34978889249757,-202.0,-445209,-144.5953231568691,-202.0,-59257,-19.24553426437155,0.0,-23.41248518372185,0.0,410,216,1905,0.6549520766773163,626,0.6168690878745626,178,93699,15,58057,232,45189,0,0,138888,198145,False,True,201.2,8,74,1,380,85,0,515,3079,0,0,3,"{""cut_target"": 15, ""harmful_exit"": 201, ""neutral_exit"": 1905, ""no_active_exit"": 548, ""no_exit_replay"": 515, ""saved_stop"": 178, ""timeout_improved"": 232}","{""candidate_after_baseline_exit"": 380, ""candidate_after_max_hold"": 85, ""lifecycle_without_exit_replay"": 515, ""no_candidate"": 74, ""none"": 2531, ""not_active_exit_eligible"": 1, ""stale_data_no_action"": 8}"
5000,-500,60000,3079,515,2557,522,73,767,2239,-280865,-91.21955180253329,-202.0,-447679,-145.39753166612536,-202.0,-166814,-54.17797986359208,0.0,-65.23816973015252,0.0,603,291,1663,0.674496644295302,894,0.6430919891032875,291,166423,40,154856,312,49077,0,0,215500,382314,False,True,322.2,8,74,1,429,10,0,515,3079,0,0,3,"{""cut_target"": 40, ""harmful_exit"": 251, ""neutral_exit"": 1663, ""no_active_exit"": 522, ""no_exit_replay"": 515, ""saved_stop"": 291, ""timeout_improved"": 312}","{""candidate_after_baseline_exit"": 429, ""candidate_after_max_hold"": 10, ""lifecycle_without_exit_replay"": 515, ""no_candidate"": 74, ""none"": 2557, ""not_active_exit_eligible"": 1, ""stale_data_no_action"": 8}"
5000,-500,120000,3079,515,2558,521,108,922,2049,-257823,-83.73595323156869,-207.0,-449171,-145.8821045794089,-202.0,-191348,-62.14615134784021,0.0,-74.80375293197811,0.0,852,270,1436,0.7593582887700535,1122,0.7334876756398464,444,248030,74,303528,408,55341,0,0,303371,494719,False,True,484.8,8,74,1,437,1,0,515,3079,0,0,3,"{""cut_target"": 74, ""harmful_exit"": 196, ""neutral_exit"": 1436, ""no_active_exit"": 521, ""no_exit_replay"": 515, ""saved_stop"": 444, ""timeout_improved"": 408}","{""candidate_after_baseline_exit"": 437, ""candidate_after_max_hold"": 1, ""lifecycle_without_exit_replay"": 515, ""no_candidate"": 74, ""none"": 2558, ""not_active_exit_eligible"": 1, ""stale_data_no_action"": 8}"
5000,-700,30000,3079,515,2593,486,39,542,2498,-468250,-152.07859694706073,-202.0,-522808,-169.79798635920753,-202.0,-54558,-17.7193894121468,0.0,-21.04049363671423,0.0,417,232,1944,0.6425269645608629,649,0.6049156893211044,140,101501,16,63221,277,67136,0,0,168637,223195,False,True,167.7,8,74,1,318,85,0,515,3079,0,0,3,"{""cut_target"": 16, ""harmful_exit"": 216, ""neutral_exit"": 1944, ""no_active_exit"": 486, ""no_exit_replay"": 515, ""saved_stop"": 140, ""timeout_improved"": 277}","{""candidate_after_baseline_exit"": 318, ""candidate_after_max_hold"": 85, ""lifecycle_without_exit_replay"": 515, ""no_candidate"": 74, ""none"": 2593, ""not_active_exit_eligible"": 1, ""stale_data_no_action"": 8}"
5000,-700,60000,3079,515,2622,457,78,652,2349,-368737,-119.75868788567716,-202.0,-525385,-170.63494641117245,-202.0,-156648,-50.87625852549529,0.0,-59.74370709382151,0.0,612,310,1700,0.6637744034707158,922,0.6326570494184489,242,190628,44,176034,370,77678,0,0,268306,424954,False,True,279.0,8,74,1,364,10,0,515,3079,0,0,3,"{""cut_target"": 44, ""harmful_exit"": 266, ""neutral_exit"": 1700, ""no_active_exit"": 457, ""no_exit_replay"": 515, ""saved_stop"": 242, ""timeout_improved"": 370}","{""candidate_after_baseline_exit"": 364, ""candidate_after_max_hold"": 10, ""lifecycle_without_exit_replay"": 515, ""no_candidate"": 74, ""none"": 2622, ""not_active_exit_eligible"": 1, ""stale_data_no_action"": 8}"
5000,-700,120000,3079,515,2623,456,116,743,2220,-355223,-115.36960051964924,-205.0,-527277,-171.24943163364728,-202.0,-172054,-55.87983111399805,0.0,-65.5943576057949,0.0,869,288,1466,0.7510803802938635,1157,0.7253622737588029,331,262700,81,340925,538,112704,0,0,375404,547458,False,True,384.8,8,74,1,372,1,0,515,3079,0,0,3,"{""cut_target"": 81, ""harmful_exit"": 207, ""neutral_exit"": 1466, ""no_active_exit"": 456, ""no_exit_replay"": 515, ""saved_stop"": 331, ""timeout_improved"": 538}","{""candidate_after_baseline_exit"": 372, ""candidate_after_max_hold"": 1, ""lifecycle_without_exit_replay"": 515, ""no_candidate"": 74, ""none"": 2623, ""not_active_exit_eligible"": 1, ""stale_data_no_action"": 8}"
5000,-1000,30000,3079,515,2643,436,41,462,2576,-562590,-182.71841506982787,-202.0,-611886,-198.72880805456316,-202.0,-49296,-16.010392984735304,0.0,-18.651532349602725,0.0,431,251,1961,0.6319648093841642,682,0.5951247325498613,117,110695,17,68063,314,88568,0,0,199263,248559,False,True,148.4,8,74,1,268,85,0,515,3079,0,0,3,"{""cut_target"": 17, ""harmful_exit"": 234, ""neutral_exit"": 1961, ""no_active_exit"": 436, ""no_exit_replay"": 515, ""saved_stop"": 117, ""timeout_improved"": 314}","{""candidate_after_baseline_exit"": 268, ""candidate_after_max_hold"": 85, ""lifecycle_without_exit_replay"": 515, ""no_candidate"": 74, ""none"": 2643, ""not_active_exit_eligible"": 1, ""stale_data_no_action"": 8}"
5000,-1000,60000,3079,515,2676,403,84,562,2433,-463997,-150.69730431958428,-202.0,-610029,-198.12569015914258,-202.0,-146032,-47.428385839558295,0.0,-54.57100149476831,0.0,630,334,1712,0.6535269709543569,964,0.6229327382586662,210,213879,48,195594,420,111935,0,0,325814,471846,False,True,252.0,8,74,1,310,10,0,515,3079,0,0,3,"{""cut_target"": 48, ""harmful_exit"": 286, ""neutral_exit"": 1712, ""no_active_exit"": 403, ""no_exit_replay"": 515, ""saved_stop"": 210, ""timeout_improved"": 420}","{""candidate_after_baseline_exit"": 310, ""candidate_after_max_hold"": 10, ""lifecycle_without_exit_replay"": 515, ""no_candidate"": 74, ""none"": 2676, ""not_active_exit_eligible"": 1, ""stale_data_no_action"": 8}"
5000,-1000,120000,3079,515,2678,401,127,645,2307,-466475,-151.50211107502435,-203.0,-608974,-197.78304644365053,-202.0,-142499,-46.280935368626174,0.0,-53.2109783420463,0.0,892,310,1476,0.7420965058236273,1202,0.7166209012065076,291,304869,89,379076,601,153240,0,0,458109,600608,False,True,351.1,8,74,1,317,1,0,515,3079,0,0,4,"{""cut_target"": 89, ""harmful_exit"": 221, ""neutral_exit"": 1476, ""no_active_exit"": 401, ""no_exit_replay"": 515, ""saved_stop"": 291, ""timeout_improved"": 601}","{""candidate_after_baseline_exit"": 317, ""candidate_after_max_hold"": 1, ""lifecycle_without_exit_replay"": 515, ""no_candidate"": 74, ""none"": 2678, ""not_active_exit_eligible"": 1, ""stale_data_no_action"": 8}"
5000,-1500,30000,3079,515,2714,365,44,356,2679,-656726,-213.29197791490745,-202.0,-710009,-230.597271841507,-202.0,-53283,-17.305293926599546,0.0,-19.632645541635963,0.0,459,281,1974,0.6202702702702703,740,0.5847668980816711,98,118556,17,68063,361,126310,0,0,244866,298149,False,True,134.1,8,74,1,197,85,0,515,3079,0,0,4,"{""cut_target"": 17, ""harmful_exit"": 264, ""neutral_exit"": 1974, ""no_active_exit"": 365, ""no_exit_replay"": 515, ""saved_stop"": 98, ""timeout_improved"": 361}","{""candidate_after_baseline_exit"": 197, ""candidate_after_max_hold"": 85, ""lifecycle_without_exit_replay"": 515, ""no_candidate"": 74, ""none"": 2714, ""not_active_exit_eligible"": 1, ""stale_data_no_action"": 8}"
5000,-1500,60000,3079,515,2759,320,95,455,2529,-574142,-186.4702825592725,-202.0,-715486,-232.3760961351088,-202.0,-141344,-45.90581357583631,0.0,-51.23015585357013,0.0,663,372,1724,0.6405797101449275,1035,0.6108768490390905,189,259991,56,235084,474,158751,0,0,418742,560086,False,True,236.4,8,74,1,227,10,0,515,3079,0,0,3,"{""cut_target"": 56, ""harmful_exit"": 316, ""neutral_exit"": 1724, ""no_active_exit"": 320, ""no_exit_replay"": 515, ""saved_stop"": 189, ""timeout_improved"": 474}","{""candidate_after_baseline_exit"": 227, ""candidate_after_max_hold"": 10, ""lifecycle_without_exit_replay"": 515, ""no_candidate"": 74, ""none"": 2759, ""not_active_exit_eligible"": 1, ""stale_data_no_action"": 8}"
5000,-1500,120000,3079,515,2761,318,142,538,2399,-601465,-195.34426761935694,-202.0,-715431,-232.358233192595,-202.0,-113966,-37.01396557323807,0.0,-41.27707352408547,0.0,936,341,1484,0.7329678935003915,1277,0.7080307173169323,270,381100,101,440359,666,213371,0,0,594471,708437,False,True,336.6,8,74,1,234,1,0,515,3079,0,0,4,"{""cut_target"": 101, ""harmful_exit"": 240, ""neutral_exit"": 1484, ""no_active_exit"": 318, ""no_exit_replay"": 515, ""saved_stop"": 270, ""timeout_improved"": 666}","{""candidate_after_baseline_exit"": 234, ""candidate_after_max_hold"": 1, ""lifecycle_without_exit_replay"": 515, ""no_candidate"": 74, ""none"": 2761, ""not_active_exit_eligible"": 1, ""stale_data_no_action"": 8}"
5000,-2000,30000,3079,515,2760,319,48,295,2736,-755591,-245.4014290354011,-202.0,-789035,-256.2633972068854,-202.0,-33444,-10.861968171484248,0.0,-12.117391304347827,0.0,477,295,1988,0.6178756476683938,772,0.5830958115791898,91,141797,18,74584,386,144369,0,0,286166,319610,False,True,129.6,8,74,1,151,85,0,515,3079,0,0,4,"{""cut_target"": 18, ""harmful_exit"": 277, ""neutral_exit"": 1988, ""no_active_exit"": 319, ""no_exit_replay"": 515, ""saved_stop"": 91, ""timeout_improved"": 386}","{""candidate_after_baseline_exit"": 151, ""candidate_after_max_hold"": 85, ""lifecycle_without_exit_replay"": 515, ""no_candidate"": 74, ""none"": 2760, ""not_active_exit_eligible"": 1, ""stale_data_no_action"": 8}"
5000,-2000,60000,3079,515,2806,273,103,389,2587,-676894,-219.84215654433257,-202.0,-786222,-255.34978889249757,-202.0,-109328,-35.50763234816499,0.0,-38.96222380612972,0.0,684,389,1733,0.6374650512581547,1073,0.6082576932875948,178,296250,59,254971,506,200215,0,0,496465,605793,False,True,228.6,8,74,1,180,10,0,515,3079,0,0,3,"{""cut_target"": 59, ""harmful_exit"": 330, ""neutral_exit"": 1733, ""no_active_exit"": 273, ""no_exit_replay"": 515, ""saved_stop"": 178, ""timeout_improved"": 506}","{""candidate_after_baseline_exit"": 180, ""candidate_after_max_hold"": 10, ""lifecycle_without_exit_replay"": 515, ""no_candidate"": 74, ""none"": 2806, ""not_active_exit_eligible"": 1, ""stale_data_no_action"": 8}"
5000,-2000,120000,3079,515,2811,268,157,458,2464,-706728,-229.53166612536538,-202.0,-788790,-256.18382591750566,-202.0,-82062,-26.652159792140306,0.0,-29.193169690501602,0.0,957,363,1491,0.725,1320,0.7002854568167394,245,436015,111,496404,712,269413,0,0,705428,787490,False,True,316.2,8,74,1,184,1,0,515,3079,0,0,4,"{""cut_target"": 111, ""harmful_exit"": 252, ""neutral_exit"": 1491, ""no_active_exit"": 268, ""no_exit_replay"": 515, ""saved_stop"": 245, ""timeout_improved"": 712}","{""candidate_after_baseline_exit"": 184, ""candidate_after_max_hold"": 1, ""lifecycle_without_exit_replay"": 515, ""no_candidate"": 74, ""none"": 2811, ""not_active_exit_eligible"": 1, ""stale_data_no_action"": 8}"
5000,-3000,30000,3079,515,2835,244,52,192,2835,-897707,-291.5579733679766,-202.0,-867992,-281.90711269892824,-202.0,29715,9.650860669048392,0.0,10.481481481481481,0.0,517,315,2003,0.6213942307692307,832,0.587949191365765,81,149945,19,82114,436,216453,0,0,366398,336683,True,True,124.6,8,74,1,76,85,0,515,3079,0,0,3,"{""cut_target"": 19, ""harmful_exit"": 296, ""neutral_exit"": 2003, ""no_active_exit"": 244, ""no_exit_replay"": 515, ""saved_stop"": 81, ""timeout_improved"": 436}","{""candidate_after_baseline_exit"": 76, ""candidate_after_max_hold"": 85, ""lifecycle_without_exit_replay"": 515, ""no_candidate"": 74, ""none"": 2835, ""not_active_exit_eligible"": 1, ""stale_data_no_action"": 8}"
5000,-3000,60000,3079,515,2896,183,108,262,2709,-861043,-279.65021110750246,-202.0,-874025,-283.8665151023059,-202.0,-12982,-4.216303994803508,0.0,-4.482734806629834,0.0,733,420,1743,0.6357328707718994,1153,0.6075479368587084,145,315220,61,268035,588,320241,0,0,635461,648443,False,True,203.8,8,74,1,90,10,0,515,3079,0,0,3,"{""cut_target"": 61, ""harmful_exit"": 359, ""neutral_exit"": 1743, ""no_active_exit"": 183, ""no_exit_replay"": 515, ""saved_stop"": 145, ""timeout_improved"": 588}","{""candidate_after_baseline_exit"": 90, ""candidate_after_max_hold"": 10, ""lifecycle_without_exit_replay"": 515, ""no_candidate"": 74, ""none"": 2896, ""not_active_exit_eligible"": 1, ""stale_data_no_action"": 8}"
5000,-3000,120000,3079,515,2901,178,170,335,2574,-913168,-296.57940889899317,-202.0,-875168,-284.2377395258201,-202.0,38000,12.341669373173108,0.0,13.098931402964496,0.0,1008,393,1500,0.7194860813704497,1401,0.6953860899154963,216,503535,120,545491,792,406423,0,0,909958,871958,False,True,295.2,8,74,1,94,1,0,515,3079,0,0,4,"{""cut_target"": 120, ""harmful_exit"": 273, ""neutral_exit"": 1500, ""no_active_exit"": 178, ""no_exit_replay"": 515, ""saved_stop"": 216, ""timeout_improved"": 792}","{""candidate_after_baseline_exit"": 94, ""candidate_after_max_hold"": 1, ""lifecycle_without_exit_replay"": 515, ""no_candidate"": 74, ""none"": 2901, ""not_active_exit_eligible"": 1, ""stale_data_no_action"": 8}"
5000,-5000,30000,3079,515,2894,185,57,80,2942,-1030223,-334.596622279961,-202.0,-958646,-311.34978889249754,-202.0,71577,23.24683338746346,0.0,24.73289564616448,0.0,546,333,2015,0.621160409556314,879,0.5886298766610925,38,111586,21,99803,508,342461,0,0,454047,382470,True,True,88.80000000000001,8,74,1,17,85,0,515,3079,0,0,3,"{""cut_target"": 21, ""harmful_exit"": 312, ""neutral_exit"": 2015, ""no_active_exit"": 185, ""no_exit_replay"": 515, ""saved_stop"": 38, ""timeout_improved"": 508}","{""candidate_after_baseline_exit"": 17, ""candidate_after_max_hold"": 85, ""lifecycle_without_exit_replay"": 515, ""no_candidate"": 74, ""none"": 2894, ""not_active_exit_eligible"": 1, ""stale_data_no_action"": 8}"
5000,-5000,60000,3079,515,2961,118,117,126,2836,-1078000,-350.1136732705424,-202.0,-979581,-318.149074374797,-202.0,98419,31.96459889574537,0.0,33.23843296183722,0.0,770,441,1750,0.6358381502890174,1211,0.6083463896436886,80,264252,65,302958,690,538550,0,0,802802,704383,False,True,149.0,8,74,1,25,10,0,515,3079,0,0,3,"{""cut_target"": 65, ""harmful_exit"": 376, ""neutral_exit"": 1750, ""no_active_exit"": 118, ""no_exit_replay"": 515, ""saved_stop"": 80, ""timeout_improved"": 690}","{""candidate_after_baseline_exit"": 25, ""candidate_after_max_hold"": 10, ""lifecycle_without_exit_replay"": 515, ""no_candidate"": 74, ""none"": 2961, ""not_active_exit_eligible"": 1, ""stale_data_no_action"": 8}"
5000,-5000,120000,3079,515,2967,112,181,168,2730,-1217072,-395.28158493017213,-202.0,-982867,-319.2163039948035,-202.0,234205,76.06528093536862,0.0,78.93663633299629,0.0,1049,411,1507,0.7184931506849315,1460,0.6948739986014238,120,440134,126,588425,929,732077,0,0,1172211,938006,False,True,212.9,8,74,1,28,1,0,515,3079,0,0,4,"{""cut_target"": 126, ""harmful_exit"": 285, ""neutral_exit"": 1507, ""no_active_exit"": 112, ""no_exit_replay"": 515, ""saved_stop"": 120, ""timeout_improved"": 929}","{""candidate_after_baseline_exit"": 28, ""candidate_after_max_hold"": 1, ""lifecycle_without_exit_replay"": 515, ""no_candidate"": 74, ""none"": 2967, ""not_active_exit_eligible"": 1, ""stale_data_no_action"": 8}"
5000,-6000,30000,3079,515,2906,173,57,45,2977,-1070168,-347.56999025657683,-202.0,-986322,-320.3384215654433,-202.0,83846,27.231568691133486,0.0,28.85271851342051,0.0,552,338,2016,0.6202247191011236,890,0.5878870912403444,17,58282,21,99803,535,415188,0,0,473470,389624,True,True,70.5,8,74,1,5,85,0,515,3079,0,0,3,"{""cut_target"": 21, ""harmful_exit"": 317, ""neutral_exit"": 2016, ""no_active_exit"": 173, ""no_exit_replay"": 515, ""saved_stop"": 17, ""timeout_improved"": 535}","{""candidate_after_baseline_exit"": 5, ""candidate_after_max_hold"": 85, ""lifecycle_without_exit_replay"": 515, ""no_candidate"": 74, ""none"": 2906, ""not_active_exit_eligible"": 1, ""stale_data_no_action"": 8}"
5000,-6000,60000,3079,515,2976,103,117,76,2886,-1147744,-372.76518350113673,-202.0,-1005712,-326.6359207534914,-202.0,142032,46.12926274764534,0.0,47.725806451612904,0.0,778,446,1752,0.6356209150326797,1224,0.6082746461138069,45,187455,65,302958,733,666298,0,0,853753,711721,False,True,118.3,8,74,1,10,10,0,515,3079,0,0,3,"{""cut_target"": 65, ""harmful_exit"": 381, ""neutral_exit"": 1752, ""no_active_exit"": 103, ""no_exit_replay"": 515, ""saved_stop"": 45, ""timeout_improved"": 733}","{""candidate_after_baseline_exit"": 10, ""candidate_after_max_hold"": 10, ""lifecycle_without_exit_replay"": 515, ""no_candidate"": 74, ""none"": 2976, ""not_active_exit_eligible"": 1, ""stale_data_no_action"": 8}"
5000,-6000,120000,3079,515,2982,97,181,103,2795,-1298280,-421.656381942189,-202.0,-1010998,-328.35271191945435,-202.0,287282,93.30367002273465,0.0,96.33869885982563,0.0,1054,419,1509,0.7155465037338764,1473,0.6919695864183433,70,311861,126,588425,984,926974,0,0,1238835,951553,False,True,168.4,8,74,1,13,1,0,515,3079,0,0,4,"{""cut_target"": 126, ""harmful_exit"": 293, ""neutral_exit"": 1509, ""no_active_exit"": 97, ""no_exit_replay"": 515, ""saved_stop"": 70, ""timeout_improved"": 984}","{""candidate_after_baseline_exit"": 13, ""candidate_after_max_hold"": 1, ""lifecycle_without_exit_replay"": 515, ""no_candidate"": 74, ""none"": 2982, ""not_active_exit_eligible"": 1, ""stale_data_no_action"": 8}"
6000,-200,30000,3079,515,2399,680,20,842,2217,-232596,-75.54270867164664,-202.0,-318296,-103.37642091588178,-202.0,-85700,-27.83371224423514,0.0,-35.72321800750313,0.0,356,189,1854,0.653211009174312,545,0.612305794175877,230,63245,10,43207,126,19388,0,0,82633,168333,False,True,242.6,8,74,1,512,85,0,515,3079,0,0,2,"{""cut_target"": 10, ""harmful_exit"": 179, ""neutral_exit"": 1854, ""no_active_exit"": 680, ""no_exit_replay"": 515, ""saved_stop"": 230, ""timeout_improved"": 126}","{""candidate_after_baseline_exit"": 512, ""candidate_after_max_hold"": 85, ""lifecycle_without_exit_replay"": 515, ""no_candidate"": 74, ""none"": 2399, ""not_active_exit_eligible"": 1, ""stale_data_no_action"": 8}"
6000,-200,60000,3079,515,2425,654,41,987,2051,-126064,-40.94316336472881,-202.0,-315300,-102.40337772003897,-202.0,-189236,-61.460214355310164,0.0,-78.03546391752577,0.0,547,252,1626,0.6846057571964956,799,0.6515677639413712,367,108419,24,111131,180,17990,0,0,126409,315645,False,True,385.0,8,74,1,561,10,0,515,3079,0,0,2,"{""cut_target"": 24, ""harmful_exit"": 228, ""neutral_exit"": 1626, ""no_active_exit"": 654, ""no_exit_replay"": 515, ""saved_stop"": 367, ""timeout_improved"": 180}","{""candidate_after_baseline_exit"": 561, ""candidate_after_max_hold"": 10, ""lifecycle_without_exit_replay"": 515, ""no_candidate"": 74, ""none"": 2425, ""not_active_exit_eligible"": 1, ""stale_data_no_action"": 8}"
6000,-200,120000,3079,515,2428,651,69,1209,1801,-65374,-21.23221825267944,-209.0,-319689,-103.82884053264047,-202.0,-254315,-82.59662227996103,0.0,-104.74258649093905,0.0,790,229,1409,0.7752698724239451,1019,0.7486351369861493,587,156146,48,221917,203,14999,0,0,171145,425460,False,True,607.3,8,74,1,567,1,0,515,3079,0,0,3,"{""cut_target"": 48, ""harmful_exit"": 181, ""neutral_exit"": 1409, ""no_active_exit"": 651, ""no_exit_replay"": 515, ""saved_stop"": 587, ""timeout_improved"": 203}","{""candidate_after_baseline_exit"": 567, ""candidate_after_max_hold"": 1, ""lifecycle_without_exit_replay"": 515, ""no_candidate"": 74, ""none"": 2428, ""not_active_exit_eligible"": 1, ""stale_data_no_action"": 8}"
6000,-300,30000,3079,515,2458,621,21,747,2311,-282569,-91.77297823968821,-202.0,-372356,-120.93406950308541,-202.0,-89787,-29.161091263397207,0.0,-36.52847843775427,0.0,379,202,1877,0.6523235800344234,581,0.6127135735379482,195,74231,11,48909,184,29717,0,0,103948,193735,False,True,213.4,8,74,1,453,85,0,515,3079,0,0,2,"{""cut_target"": 11, ""harmful_exit"": 191, ""neutral_exit"": 1877, ""no_active_exit"": 621, ""no_exit_replay"": 515, ""saved_stop"": 195, ""timeout_improved"": 184}","{""candidate_after_baseline_exit"": 453, ""candidate_after_max_hold"": 85, ""lifecycle_without_exit_replay"": 515, ""no_candidate"": 74, ""none"": 2458, ""not_active_exit_eligible"": 1, ""stale_data_no_action"": 8}"
6000,-300,60000,3079,515,2485,594,42,885,2152,-173258,-56.270867164663855,-202.0,-370757,-120.4147450470932,-202.0,-197499,-64.14387788242936,0.0,-79.47645875251509,0.0,568,272,1645,0.6761904761904762,840,0.6438065799177458,325,132411,25,116833,243,27708,0,0,160119,357618,False,True,349.3,8,74,1,501,10,0,515,3079,0,0,3,"{""cut_target"": 25, ""harmful_exit"": 247, ""neutral_exit"": 1645, ""no_active_exit"": 594, ""no_exit_replay"": 515, ""saved_stop"": 325, ""timeout_improved"": 243}","{""candidate_after_baseline_exit"": 501, ""candidate_after_max_hold"": 10, ""lifecycle_without_exit_replay"": 515, ""no_candidate"": 74, ""none"": 2485, ""not_active_exit_eligible"": 1, ""stale_data_no_action"": 8}"
6000,-300,120000,3079,515,2488,591,72,1062,1945,-140680,-45.69015914257876,-209.0,-375346,-121.90516401429035,-202.0,-234666,-76.2150048717116,0.0,-94.31913183279742,0.0,820,244,1424,0.7706766917293233,1064,0.7444693989337062,500,194172,51,240068,320,32281,0,0,226453,461119,False,True,532.0,8,74,1,507,1,0,515,3079,0,0,3,"{""cut_target"": 51, ""harmful_exit"": 193, ""neutral_exit"": 1424, ""no_active_exit"": 591, ""no_exit_replay"": 515, ""saved_stop"": 500, ""timeout_improved"": 320}","{""candidate_after_baseline_exit"": 507, ""candidate_after_max_hold"": 1, ""lifecycle_without_exit_replay"": 515, ""no_candidate"": 74, ""none"": 2488, ""not_active_exit_eligible"": 1, ""stale_data_no_action"": 8}"
6000,-500,30000,3079,515,2534,545,23,647,2409,-381388,-123.86748944462488,-202.0,-446149,-144.90061708346866,-202.0,-64761,-21.03312763884378,0.0,-25.556827150749804,0.0,412,217,1905,0.6550079491255962,629,0.6170186994310777,179,94392,11,48909,233,45198,0,0,139590,204351,False,True,202.3,8,74,1,377,85,0,515,3079,0,0,3,"{""cut_target"": 11, ""harmful_exit"": 206, ""neutral_exit"": 1905, ""no_active_exit"": 545, ""no_exit_replay"": 515, ""saved_stop"": 179, ""timeout_improved"": 233}","{""candidate_after_baseline_exit"": 377, ""candidate_after_max_hold"": 85, ""lifecycle_without_exit_replay"": 515, ""no_candidate"": 74, ""none"": 2534, ""not_active_exit_eligible"": 1, ""stale_data_no_action"": 8}"
6000,-500,60000,3079,515,2564,515,45,770,2264,-272489,-88.49918804806755,-202.0,-446069,-144.8746346216304,-202.0,-173580,-56.37544657356285,0.0,-67.69890795631825,0.0,609,292,1663,0.6759156492785794,901,0.6446640684447213,294,169663,25,116833,315,49520,0,0,219183,392763,False,True,325.5,8,74,1,422,10,0,515,3079,0,0,3,"{""cut_target"": 25, ""harmful_exit"": 267, ""neutral_exit"": 1663, ""no_active_exit"": 515, ""no_exit_replay"": 515, ""saved_stop"": 294, ""timeout_improved"": 315}","{""candidate_after_baseline_exit"": 422, ""candidate_after_max_hold"": 10, ""lifecycle_without_exit_replay"": 515, ""no_candidate"": 74, ""none"": 2564, ""not_active_exit_eligible"": 1, ""stale_data_no_action"": 8}"
6000,-500,120000,3079,515,2567,512,77,933,2069,-266718,-86.62487820721013,-208.0,-451538,-146.6508606690484,-202.0,-184820,-60.02598246183826,0.0,-71.99844176081028,0.0,865,266,1436,0.7648099027409372,1131,0.7392216948874742,454,259907,53,250548,411,60097,0,0,320004,504824,False,True,495.1,8,74,1,428,1,0,515,3079,0,0,3,"{""cut_target"": 53, ""harmful_exit"": 213, ""neutral_exit"": 1436, ""no_active_exit"": 512, ""no_exit_replay"": 515, ""saved_stop"": 454, ""timeout_improved"": 411}","{""candidate_after_baseline_exit"": 428, ""candidate_after_max_hold"": 1, ""lifecycle_without_exit_replay"": 515, ""no_candidate"": 74, ""none"": 2567, ""not_active_exit_eligible"": 1, ""stale_data_no_action"": 8}"
6000,-700,30000,3079,515,2596,483,24,542,2513,-462873,-150.33225073075673,-202.0,-522748,-169.77849951282883,-202.0,-59875,-19.4462487820721,0.0,-23.06432973805855,0.0,419,233,1944,0.6426380368098159,652,0.6051167049896181,140,101501,11,48909,279,67876,0,0,169377,229252,False,True,167.9,8,74,1,315,85,0,515,3079,0,0,3,"{""cut_target"": 11, ""harmful_exit"": 222, ""neutral_exit"": 1944, ""no_active_exit"": 483, ""no_exit_replay"": 515, ""saved_stop"": 140, ""timeout_improved"": 279}","{""candidate_after_baseline_exit"": 315, ""candidate_after_max_hold"": 85, ""lifecycle_without_exit_replay"": 515, ""no_candidate"": 74, ""none"": 2596, ""not_active_exit_eligible"": 1, ""stale_data_no_action"": 8}"
6000,-700,60000,3079,515,2629,450,47,655,2377,-361479,-117.40142903540111,-202.0,-522775,-169.78726859369925,-202.0,-161296,-52.38583955829815,0.0,-61.35260555344237,0.0,618,311,1700,0.6652314316469322,929,0.6342600838766344,245,194468,26,123488,373,78121,0,0,272589,433885,False,True,282.3,8,74,1,357,10,0,515,3079,0,0,3,"{""cut_target"": 26, ""harmful_exit"": 285, ""neutral_exit"": 1700, ""no_active_exit"": 450, ""no_exit_replay"": 515, ""saved_stop"": 245, ""timeout_improved"": 373}","{""candidate_after_baseline_exit"": 357, ""candidate_after_max_hold"": 10, ""lifecycle_without_exit_replay"": 515, ""no_candidate"": 74, ""none"": 2629, ""not_active_exit_eligible"": 1, ""stale_data_no_action"": 8}"
6000,-700,120000,3079,515,2632,447,81,756,2242,-378487,-122.925300422215,-207.0,-528844,-171.7583631049042,-202.0,-150357,-48.83306268268918,0.0,-57.1265197568389,0.0,884,282,1466,0.758147512864494,1166,0.732747322689232,343,277681,56,269984,541,117460,0,0,395141,545498,False,True,397.1,8,74,1,363,1,0,515,3079,0,0,3,"{""cut_target"": 56, ""harmful_exit"": 226, ""neutral_exit"": 1466, ""no_active_exit"": 447, ""no_exit_replay"": 515, ""saved_stop"": 343, ""timeout_improved"": 541}","{""candidate_after_baseline_exit"": 363, ""candidate_after_max_hold"": 1, ""lifecycle_without_exit_replay"": 515, ""no_candidate"": 74, ""none"": 2632, ""not_active_exit_eligible"": 1, ""stale_data_no_action"": 8}"
6000,-1000,30000,3079,515,2646,433,26,462,2591,-555213,-180.3225073075674,-202.0,-610826,-198.38454043520625,-202.0,-55613,-18.062033127638845,0.0,-21.017762660619802,0.0,433,252,1961,0.6321167883211679,685,0.5953609034702116,117,110695,12,54751,316,89308,0,0,200003,255616,False,True,148.6,8,74,1,265,85,0,515,3079,0,0,3,"{""cut_target"": 12, ""harmful_exit"": 240, ""neutral_exit"": 1961, ""no_active_exit"": 433, ""no_exit_replay"": 515, ""saved_stop"": 117, ""timeout_improved"": 316}","{""candidate_after_baseline_exit"": 265, ""candidate_after_max_hold"": 85, ""lifecycle_without_exit_replay"": 515, ""no_candidate"": 74, ""none"": 2646, ""not_active_exit_eligible"": 1, ""stale_data_no_action"": 8}"
6000,-1000,60000,3079,515,2683,396,52,563,2464,-452518,-146.96914582656706,-202.0,-605419,-196.6284507957129,-202.0,-152901,-49.65930496914583,0.0,-56.988818486768544,0.0,636,335,1712,0.654994850669413,971,0.6245368658172881,211,216624,29,140593,425,114030,0,0,330654,483555,False,True,253.5,8,74,1,303,10,0,515,3079,0,0,3,"{""cut_target"": 29, ""harmful_exit"": 306, ""neutral_exit"": 1712, ""no_active_exit"": 396, ""no_exit_replay"": 515, ""saved_stop"": 211, ""timeout_improved"": 425}","{""candidate_after_baseline_exit"": 303, ""candidate_after_max_hold"": 10, ""lifecycle_without_exit_replay"": 515, ""no_candidate"": 74, ""none"": 2683, ""not_active_exit_eligible"": 1, ""stale_data_no_action"": 8}"
6000,-1000,120000,3079,515,2687,392,88,656,2335,-497056,-161.43423189347192,-204.0,-613185,-199.1506982786619,-202.0,-116129,-37.716466385189996,0.0,-43.21883141049498,0.0,907,304,1476,0.7489677952105698,1211,0.7237849698909559,301,319153,61,298574,606,161750,0,0,480903,597032,False,True,361.6,8,74,1,308,1,0,515,3079,0,0,4,"{""cut_target"": 61, ""harmful_exit"": 243, ""neutral_exit"": 1476, ""no_active_exit"": 392, ""no_exit_replay"": 515, ""saved_stop"": 301, ""timeout_improved"": 606}","{""candidate_after_baseline_exit"": 308, ""candidate_after_max_hold"": 1, ""lifecycle_without_exit_replay"": 515, ""no_candidate"": 74, ""none"": 2687, ""not_active_exit_eligible"": 1, ""stale_data_no_action"": 8}"
6000,-1500,30000,3079,515,2718,361,29,356,2694,-646349,-209.92172783371225,-202.0,-709907,-230.56414420266321,-202.0,-63558,-20.642416368950958,0.0,-23.3841059602649,0.0,461,283,1974,0.6196236559139785,744,0.5842089784894409,98,118556,13,58709,363,127050,0,0,245606,309164,True,True,134.3,8,74,1,193,85,0,515,3079,0,0,4,"{""cut_target"": 13, ""harmful_exit"": 270, ""neutral_exit"": 1974, ""no_active_exit"": 361, ""no_exit_replay"": 515, ""saved_stop"": 98, ""timeout_improved"": 363}","{""candidate_after_baseline_exit"": 193, ""candidate_after_max_hold"": 85, ""lifecycle_without_exit_replay"": 515, ""no_candidate"": 74, ""none"": 2718, ""not_active_exit_eligible"": 1, ""stale_data_no_action"": 8}"
6000,-1500,60000,3079,515,2767,312,60,456,2563,-556634,-180.78402078596946,-202.0,-711834,-231.18999675219226,-202.0,-155200,-50.4059759662228,0.0,-56.089627755692085,0.0,669,374,1724,0.6414189837008629,1043,0.6118436597020079,190,263236,35,175749,479,160846,0,0,424082,579282,False,True,237.9,8,74,1,219,10,0,515,3079,0,0,3,"{""cut_target"": 35, ""harmful_exit"": 339, ""neutral_exit"": 1724, ""no_active_exit"": 312, ""no_exit_replay"": 515, ""saved_stop"": 190, ""timeout_improved"": 479}","{""candidate_after_baseline_exit"": 219, ""candidate_after_max_hold"": 10, ""lifecycle_without_exit_replay"": 515, ""no_candidate"": 74, ""none"": 2767, ""not_active_exit_eligible"": 1, ""stale_data_no_action"": 8}"
6000,-1500,120000,3079,515,2771,308,98,549,2432,-640911,-208.15556999025657,-203.0,-721100,-234.19941539460865,-202.0,-80189,-26.043845404352062,0.0,-28.938650306748468,0.0,952,335,1484,0.7397047397047397,1287,0.7150435333162913,280,399540,69,344161,672,222699,0,0,622239,702428,False,True,347.2,8,74,1,224,1,0,515,3079,0,0,4,"{""cut_target"": 69, ""harmful_exit"": 266, ""neutral_exit"": 1484, ""no_active_exit"": 308, ""no_exit_replay"": 515, ""saved_stop"": 280, ""timeout_improved"": 672}","{""candidate_after_baseline_exit"": 224, ""candidate_after_max_hold"": 1, ""lifecycle_without_exit_replay"": 515, ""no_candidate"": 74, ""none"": 2771, ""not_active_exit_eligible"": 1, ""stale_data_no_action"": 8}"
6000,-2000,30000,3079,515,2764,315,32,295,2752,-741578,-240.85027606365702,-202.0,-786297,-255.37414745047093,-202.0,-44719,-14.5238713868139,0.0,-16.179088277858177,0.0,479,297,1988,0.6172680412371134,776,0.5825717657710666,91,141797,14,66230,388,145109,0,0,286906,331625,True,True,129.8,8,74,1,147,85,0,515,3079,0,0,4,"{""cut_target"": 14, ""harmful_exit"": 283, ""neutral_exit"": 1988, ""no_active_exit"": 315, ""no_exit_replay"": 515, ""saved_stop"": 91, ""timeout_improved"": 388}","{""candidate_after_baseline_exit"": 147, ""candidate_after_max_hold"": 85, ""lifecycle_without_exit_replay"": 515, ""no_candidate"": 74, ""none"": 2764, ""not_active_exit_eligible"": 1, ""stale_data_no_action"": 8}"
6000,-2000,60000,3079,515,2814,265,67,390,2622,-652645,-211.96654758038324,-202.0,-778329,-252.78629425138033,-202.0,-125684,-40.81974667099708,0.0,-44.6638237384506,0.0,690,391,1733,0.6382978723404256,1081,0.6092114580069331,179,299995,38,198636,511,202310,0,0,502305,627989,False,True,230.1,8,74,1,172,10,0,515,3079,0,0,3,"{""cut_target"": 38, ""harmful_exit"": 353, ""neutral_exit"": 1733, ""no_active_exit"": 265, ""no_exit_replay"": 515, ""saved_stop"": 179, ""timeout_improved"": 511}","{""candidate_after_baseline_exit"": 172, ""candidate_after_max_hold"": 10, ""lifecycle_without_exit_replay"": 515, ""no_candidate"": 74, ""none"": 2814, ""not_active_exit_eligible"": 1, ""stale_data_no_action"": 8}"
6000,-2000,120000,3079,515,2822,257,109,469,2501,-754943,-245.1909710945112,-202.0,-792391,-257.3533614810003,-202.0,-37448,-12.16239038648912,0.0,-13.270021261516655,0.0,975,356,1491,0.7325319308790383,1331,0.7081077493290625,255,459466,76,391119,720,281456,0,0,740922,778370,False,True,327.0,8,74,1,173,1,0,515,3079,0,0,4,"{""cut_target"": 76, ""harmful_exit"": 280, ""neutral_exit"": 1491, ""no_active_exit"": 257, ""no_exit_replay"": 515, ""saved_stop"": 255, ""timeout_improved"": 720}","{""candidate_after_baseline_exit"": 173, ""candidate_after_max_hold"": 1, ""lifecycle_without_exit_replay"": 515, ""no_candidate"": 74, ""none"": 2822, ""not_active_exit_eligible"": 1, ""stale_data_no_action"": 8}"
6000,-3000,30000,3079,515,2839,240,36,192,2851,-879694,-285.7076973043196,-202.0,-862254,-280.04352062357907,-202.0,17440,5.6641766807405,0.0,6.14300810144417,0.0,519,317,2003,0.6208133971291866,836,0.5874423448241706,81,149945,15,74760,438,217193,0,0,367138,349698,True,True,124.80000000000001,8,74,1,72,85,0,515,3079,0,0,3,"{""cut_target"": 15, ""harmful_exit"": 302, ""neutral_exit"": 2003, ""no_active_exit"": 240, ""no_exit_replay"": 515, ""saved_stop"": 81, ""timeout_improved"": 438}","{""candidate_after_baseline_exit"": 72, ""candidate_after_max_hold"": 85, ""lifecycle_without_exit_replay"": 515, ""no_candidate"": 74, ""none"": 2839, ""not_active_exit_eligible"": 1, ""stale_data_no_action"": 8}"
6000,-3000,60000,3079,515,2904,175,72,263,2744,-832794,-270.47547905164015,-202.0,-863132,-280.328678142254,-202.0,-30338,-9.853199090613836,0.0,-10.446969696969697,0.0,739,422,1743,0.6365202411714039,1161,0.6084439826542752,146,319965,40,213700,593,322336,0,0,642301,672639,False,True,205.3,8,74,1,82,10,0,515,3079,0,0,3,"{""cut_target"": 40, ""harmful_exit"": 382, ""neutral_exit"": 1743, ""no_active_exit"": 175, ""no_exit_replay"": 515, ""saved_stop"": 146, ""timeout_improved"": 593}","{""candidate_after_baseline_exit"": 82, ""candidate_after_max_hold"": 10, ""lifecycle_without_exit_replay"": 515, ""no_candidate"": 74, ""none"": 2904, ""not_active_exit_eligible"": 1, ""stale_data_no_action"": 8}"
6000,-3000,120000,3079,515,2912,167,120,344,2615,-962352,-312.55342643715494,-202.0,-875769,-284.43293277038,-202.0,86583,28.120493666774927,0.0,29.733173076923077,0.0,1026,386,1500,0.726628895184136,1412,0.7027906116910433,224,530407,83,438942,802,422375,0,0,952782,866199,False,True,304.2,8,74,1,83,1,0,515,3079,0,0,4,"{""cut_target"": 83, ""harmful_exit"": 303, ""neutral_exit"": 1500, ""no_active_exit"": 167, ""no_exit_replay"": 515, ""saved_stop"": 224, ""timeout_improved"": 802}","{""candidate_after_baseline_exit"": 83, ""candidate_after_max_hold"": 1, ""lifecycle_without_exit_replay"": 515, ""no_candidate"": 74, ""none"": 2912, ""not_active_exit_eligible"": 1, ""stale_data_no_action"": 8}"
6000,-5000,30000,3079,515,2898,181,41,80,2958,-1007210,-327.1224423514128,-202.0,-949908,-308.5118544982137,-202.0,57302,18.61058785319909,0.0,19.77294685990338,0.0,548,335,2015,0.6206115515288788,883,0.5881490884167019,38,111586,17,94449,510,343201,0,0,454787,397485,True,True,89.0,8,74,1,13,85,0,515,3079,0,0,3,"{""cut_target"": 17, ""harmful_exit"": 318, ""neutral_exit"": 2015, ""no_active_exit"": 181, ""no_exit_replay"": 515, ""saved_stop"": 38, ""timeout_improved"": 510}","{""candidate_after_baseline_exit"": 13, ""candidate_after_max_hold"": 85, ""lifecycle_without_exit_replay"": 515, ""no_candidate"": 74, ""none"": 2898, ""not_active_exit_eligible"": 1, ""stale_data_no_action"": 8}"
6000,-5000,60000,3079,515,2969,110,81,126,2872,-1040710,-338.0025982461838,-202.0,-963688,-312.9873335498539,-202.0,77022,25.01526469632998,0.0,25.942068036375883,0.0,776,443,1750,0.6365873666940115,1219,0.6091966030918134,80,264252,44,252623,696,545349,0,0,809601,732579,False,True,149.60000000000002,8,74,1,17,10,0,515,3079,0,0,3,"{""cut_target"": 44, ""harmful_exit"": 399, ""neutral_exit"": 1750, ""no_active_exit"": 110, ""no_exit_replay"": 515, ""saved_stop"": 80, ""timeout_improved"": 696}","{""candidate_after_baseline_exit"": 17, ""candidate_after_max_hold"": 10, ""lifecycle_without_exit_replay"": 515, ""no_candidate"": 74, ""none"": 2969, ""not_active_exit_eligible"": 1, ""stale_data_no_action"": 8}"
6000,-5000,120000,3079,515,2978,101,131,173,2775,-1261148,-409.596622279961,-202.0,-980468,-318.4371549204287,-202.0,280680,91.15946735953231,0.0,94.25117528542646,0.0,1066,405,1507,0.7246770904146839,1471,0.7012878368927904,124,460852,89,487876,942,760486,0,0,1221338,940658,False,True,218.2,8,74,1,17,1,0,515,3079,0,0,4,"{""cut_target"": 89, ""harmful_exit"": 316, ""neutral_exit"": 1507, ""no_active_exit"": 101, ""no_exit_replay"": 515, ""saved_stop"": 124, ""timeout_improved"": 942}","{""candidate_after_baseline_exit"": 17, ""candidate_after_max_hold"": 1, ""lifecycle_without_exit_replay"": 515, ""no_candidate"": 74, ""none"": 2978, ""not_active_exit_eligible"": 1, ""stale_data_no_action"": 8}"
6000,-6000,30000,3079,515,2910,169,41,45,2993,-1047155,-340.09581032802856,-202.0,-977584,-317.5004871711595,-202.0,69571,22.595323156869114,0.0,23.907560137457043,0.0,554,340,2016,0.6196868008948546,894,0.5874161003953695,17,58282,17,94449,537,415928,0,0,474210,404639,True,True,70.7,8,74,1,1,85,0,515,3079,0,0,3,"{""cut_target"": 17, ""harmful_exit"": 323, ""neutral_exit"": 2016, ""no_active_exit"": 169, ""no_exit_replay"": 515, ""saved_stop"": 17, ""timeout_improved"": 537}","{""candidate_after_baseline_exit"": 1, ""candidate_after_max_hold"": 85, ""lifecycle_without_exit_replay"": 515, ""no_candidate"": 74, ""none"": 2910, ""not_active_exit_eligible"": 1, ""stale_data_no_action"": 8}"
6000,-6000,60000,3079,515,2984,95,81,76,2922,-1110454,-360.65410847677816,-202.0,-989819,-321.4741799285482,-202.0,120635,39.179928548229945,0.0,40.427278820375335,0.0,784,448,1752,0.6363636363636364,1232,0.6091167717241877,45,187455,44,252623,739,673097,0,0,860552,739917,False,True,118.9,8,74,1,2,10,0,515,3079,0,0,3,"{""cut_target"": 44, ""harmful_exit"": 404, ""neutral_exit"": 1752, ""no_active_exit"": 95, ""no_exit_replay"": 515, ""saved_stop"": 45, ""timeout_improved"": 739}","{""candidate_after_baseline_exit"": 2, ""candidate_after_max_hold"": 10, ""lifecycle_without_exit_replay"": 515, ""no_candidate"": 74, ""none"": 2984, ""not_active_exit_eligible"": 1, ""stale_data_no_action"": 8}"
6000,-6000,120000,3079,515,2993,86,131,105,2843,-1343939,-436.48554725560246,-202.0,-1009599,-327.8983436180578,-202.0,334340,108.58720363754466,0.0,111.70731707317073,0.0,1071,413,1509,0.7216981132075472,1484,0.6983462846578241,71,316819,89,487876,1000,971726,0,0,1288545,954205,False,True,171.0,8,74,1,2,1,0,515,3079,0,0,4,"{""cut_target"": 89, ""harmful_exit"": 324, ""neutral_exit"": 1509, ""no_active_exit"": 86, ""no_exit_replay"": 515, ""saved_stop"": 71, ""timeout_improved"": 1000}","{""candidate_after_baseline_exit"": 2, ""candidate_after_max_hold"": 1, ""lifecycle_without_exit_replay"": 515, ""no_candidate"": 74, ""none"": 2993, ""not_active_exit_eligible"": 1, ""stale_data_no_action"": 8}"
7500,-200,30000,3079,515,2399,680,15,842,2222,-211737,-68.76810652809354,-202.0,-310185,-100.74212406625527,-202.0,-98448,-31.97401753816174,0.0,-41.03709879116298,0.0,356,189,1854,0.653211009174312,545,0.612305794175877,230,63245,8,47948,126,19388,0,0,82633,181081,False,True,242.6,8,74,1,512,85,0,515,3079,0,0,2,"{""cut_target"": 8, ""harmful_exit"": 181, ""neutral_exit"": 1854, ""no_active_exit"": 680, ""no_exit_replay"": 515, ""saved_stop"": 230, ""timeout_improved"": 126}","{""candidate_after_baseline_exit"": 512, ""candidate_after_max_hold"": 85, ""lifecycle_without_exit_replay"": 515, ""no_candidate"": 74, ""none"": 2399, ""not_active_exit_eligible"": 1, ""stale_data_no_action"": 8}"
7500,-200,60000,3079,515,2425,654,28,987,2064,-95291,-30.948684637869437,-202.0,-310458,-100.83078921727834,-202.0,-215167,-69.8821045794089,0.0,-88.72865979381443,0.0,547,252,1626,0.6846057571964956,799,0.6515677639413712,367,108419,17,105377,180,17990,0,0,126409,341576,False,True,385.0,8,74,1,561,10,0,515,3079,0,0,2,"{""cut_target"": 17, ""harmful_exit"": 235, ""neutral_exit"": 1626, ""no_active_exit"": 654, ""no_exit_replay"": 515, ""saved_stop"": 367, ""timeout_improved"": 180}","{""candidate_after_baseline_exit"": 561, ""candidate_after_max_hold"": 10, ""lifecycle_without_exit_replay"": 515, ""no_candidate"": 74, ""none"": 2425, ""not_active_exit_eligible"": 1, ""stale_data_no_action"": 8}"
7500,-200,120000,3079,515,2428,651,52,1217,1810,-45096,-14.646313738226697,-209.0,-324810,-105.49204287106204,-202.0,-279714,-90.84572913283533,0.0,-115.20345963756178,0.0,794,225,1409,0.7791952894995093,1019,0.7527053566757906,591,166398,37,230395,203,14999,0,0,181397,461111,False,True,611.3,8,74,1,567,1,0,515,3079,0,0,3,"{""cut_target"": 37, ""harmful_exit"": 188, ""neutral_exit"": 1409, ""no_active_exit"": 651, ""no_exit_replay"": 515, ""saved_stop"": 591, ""timeout_improved"": 203}","{""candidate_after_baseline_exit"": 567, ""candidate_after_max_hold"": 1, ""lifecycle_without_exit_replay"": 515, ""no_candidate"": 74, ""none"": 2428, ""not_active_exit_eligible"": 1, ""stale_data_no_action"": 8}"
7500,-300,30000,3079,515,2458,621,16,747,2316,-260210,-84.51120493666775,-202.0,-364245,-118.29977265345892,-202.0,-104035,-33.788567716791164,0.0,-42.32506102522376,0.0,379,202,1877,0.6523235800344234,581,0.6127135735379482,195,74231,9,55150,184,29717,0,0,103948,207983,False,True,213.4,8,74,1,453,85,0,515,3079,0,0,2,"{""cut_target"": 9, ""harmful_exit"": 193, ""neutral_exit"": 1877, ""no_active_exit"": 621, ""no_exit_replay"": 515, ""saved_stop"": 195, ""timeout_improved"": 184}","{""candidate_after_baseline_exit"": 453, ""candidate_after_max_hold"": 85, ""lifecycle_without_exit_replay"": 515, ""no_candidate"": 74, ""none"": 2458, ""not_active_exit_eligible"": 1, ""stale_data_no_action"": 8}"
7500,-300,60000,3079,515,2485,594,29,885,2165,-140985,-45.78921727833712,-202.0,-365915,-118.84215654433258,-202.0,-224930,-73.05293926599545,0.0,-90.51509054325956,0.0,568,272,1645,0.6761904761904762,840,0.6438065799177458,325,132411,18,112579,243,27708,0,0,160119,385049,False,True,349.3,8,74,1,501,10,0,515,3079,0,0,3,"{""cut_target"": 18, ""harmful_exit"": 254, ""neutral_exit"": 1645, ""no_active_exit"": 594, ""no_exit_replay"": 515, ""saved_stop"": 325, ""timeout_improved"": 243}","{""candidate_after_baseline_exit"": 501, ""candidate_after_max_hold"": 10, ""lifecycle_without_exit_replay"": 515, ""no_candidate"": 74, ""none"": 2485, ""not_active_exit_eligible"": 1, ""stale_data_no_action"": 8}"
7500,-300,120000,3079,515,2488,591,54,1070,1955,-120158,-39.02500811951933,-209.0,-380867,-123.69827866190322,-202.0,-260709,-84.67327054238389,0.0,-104.78657556270096,0.0,824,240,1424,0.7744360902255639,1064,0.7483612483495339,504,204824,39,245305,320,32281,0,0,237105,497814,False,True,536.0,8,74,1,507,1,0,515,3079,0,0,3,"{""cut_target"": 39, ""harmful_exit"": 201, ""neutral_exit"": 1424, ""no_active_exit"": 591, ""no_exit_replay"": 515, ""saved_stop"": 504, ""timeout_improved"": 320}","{""candidate_after_baseline_exit"": 507, ""candidate_after_max_hold"": 1, ""lifecycle_without_exit_replay"": 515, ""no_candidate"": 74, ""none"": 2488, ""not_active_exit_eligible"": 1, ""stale_data_no_action"": 8}"
7500,-500,30000,3079,515,2534,545,17,648,2414,-364029,-118.22962000649562,-202.0,-443038,-143.89022409873334,-202.0,-79009,-25.66060409223774,0.0,-31.179558011049725,0.0,412,217,1905,0.6550079491255962,629,0.6170186994310777,179,94392,9,55150,233,45198,0,0,139590,218599,False,True,202.3,8,74,1,377,85,0,515,3079,0,0,3,"{""cut_target"": 9, ""harmful_exit"": 208, ""neutral_exit"": 1905, ""no_active_exit"": 545, ""no_exit_replay"": 515, ""saved_stop"": 179, ""timeout_improved"": 233}","{""candidate_after_baseline_exit"": 377, ""candidate_after_max_hold"": 85, ""lifecycle_without_exit_replay"": 515, ""no_candidate"": 74, ""none"": 2534, ""not_active_exit_eligible"": 1, ""stale_data_no_action"": 8}"
7500,-500,60000,3079,515,2564,515,30,771,2278,-246501,-80.05878531990906,-202.0,-447512,-145.343293277038,-202.0,-201011,-65.28450795712894,0.0,-78.39742589703589,0.0,609,292,1663,0.6759156492785794,901,0.6446640684447213,294,169663,18,112579,315,49520,0,0,219183,420194,False,True,325.5,8,74,1,422,10,0,515,3079,0,0,3,"{""cut_target"": 18, ""harmful_exit"": 274, ""neutral_exit"": 1663, ""no_active_exit"": 515, ""no_exit_replay"": 515, ""saved_stop"": 294, ""timeout_improved"": 315}","{""candidate_after_baseline_exit"": 422, ""candidate_after_max_hold"": 10, ""lifecycle_without_exit_replay"": 515, ""no_candidate"": 74, ""none"": 2564, ""not_active_exit_eligible"": 1, ""stale_data_no_action"": 8}"
7500,-500,120000,3079,515,2567,512,57,942,2080,-252854,-82.12211757063982,-208.0,-465917,-151.3208834037025,-202.0,-213063,-69.19876583306268,0.0,-83.00077911959485,0.0,869,262,1436,0.7683465959328029,1131,0.7428755663774447,458,271359,41,258785,411,60097,0,0,331456,544519,False,True,499.1,8,74,1,428,1,0,515,3079,0,0,3,"{""cut_target"": 41, ""harmful_exit"": 221, ""neutral_exit"": 1436, ""no_active_exit"": 512, ""no_exit_replay"": 515, ""saved_stop"": 458, ""timeout_improved"": 411}","{""candidate_after_baseline_exit"": 428, ""candidate_after_max_hold"": 1, ""lifecycle_without_exit_replay"": 515, ""no_candidate"": 74, ""none"": 2567, ""not_active_exit_eligible"": 1, ""stale_data_no_action"": 8}"
7500,-700,30000,3079,515,2596,483,17,543,2519,-445639,-144.73497888924976,-202.0,-519762,-168.8087041247158,-202.0,-74123,-24.07372523546606,0.0,-28.55277349768875,0.0,419,233,1944,0.6426380368098159,652,0.6051167049896181,140,101501,9,55150,279,67876,0,0,169377,243500,False,True,167.9,8,74,1,315,85,0,515,3079,0,0,3,"{""cut_target"": 9, ""harmful_exit"": 224, ""neutral_exit"": 1944, ""no_active_exit"": 483, ""no_exit_replay"": 515, ""saved_stop"": 140, ""timeout_improved"": 279}","{""candidate_after_baseline_exit"": 315, ""candidate_after_max_hold"": 85, ""lifecycle_without_exit_replay"": 515, ""no_candidate"": 74, ""none"": 2596, ""not_active_exit_eligible"": 1, ""stale_data_no_action"": 8}"
7500,-700,60000,3079,515,2629,450,30,656,2393,-338429,-109.91523221825268,-202.0,-526897,-171.12601493991556,-202.0,-188468,-61.21078272166288,0.0,-71.6880943324458,0.0,618,311,1700,0.6652314316469322,929,0.6342600838766344,245,194468,18,112579,373,78121,0,0,272589,461057,False,True,282.3,8,74,1,357,10,0,515,3079,0,0,3,"{""cut_target"": 18, ""harmful_exit"": 293, ""neutral_exit"": 1700, ""no_active_exit"": 450, ""no_exit_replay"": 515, ""saved_stop"": 245, ""timeout_improved"": 373}","{""candidate_after_baseline_exit"": 357, ""candidate_after_max_hold"": 10, ""lifecycle_without_exit_replay"": 515, ""no_candidate"": 74, ""none"": 2629, ""not_active_exit_eligible"": 1, ""stale_data_no_action"": 8}"
7500,-700,120000,3079,515,2632,447,58,767,2254,-376947,-122.42513803182851,-208.0,-550923,-178.92919779149074,-202.0,-173976,-56.504059759662226,0.0,-66.10030395136778,0.0,889,277,1466,0.7624356775300172,1166,0.7371706506981922,348,289978,42,266512,541,117460,0,0,407438,581414,False,True,402.1,8,74,1,363,1,0,515,3079,0,0,3,"{""cut_target"": 42, ""harmful_exit"": 235, ""neutral_exit"": 1466, ""no_active_exit"": 447, ""no_exit_replay"": 515, ""saved_stop"": 348, ""timeout_improved"": 541}","{""candidate_after_baseline_exit"": 363, ""candidate_after_max_hold"": 1, ""lifecycle_without_exit_replay"": 515, ""no_candidate"": 74, ""none"": 2632, ""not_active_exit_eligible"": 1, ""stale_data_no_action"": 8}"
7500,-1000,30000,3079,515,2646,433,18,463,2598,-537475,-174.56154595647936,-202.0,-608836,-197.73822669697955,-202.0,-71361,-23.176680740500164,0.0,-26.96938775510204,0.0,433,252,1961,0.6321167883211679,685,0.5953609034702116,117,110695,10,62492,316,89308,0,0,200003,271364,False,True,148.6,8,74,1,265,85,0,515,3079,0,0,3,"{""cut_target"": 10, ""harmful_exit"": 242, ""neutral_exit"": 1961, ""no_active_exit"": 433, ""no_exit_replay"": 515, ""saved_stop"": 117, ""timeout_improved"": 316}","{""candidate_after_baseline_exit"": 265, ""candidate_after_max_hold"": 85, ""lifecycle_without_exit_replay"": 515, ""no_candidate"": 74, ""none"": 2646, ""not_active_exit_eligible"": 1, ""stale_data_no_action"": 8}"
7500,-1000,60000,3079,515,2683,396,33,564,2482,-424550,-137.88567716791167,-202.0,-608276,-197.55634946411172,-202.0,-183726,-59.67067229620007,0.0,-68.47782333209095,0.0,636,335,1712,0.654994850669413,971,0.6245368658172881,211,216624,20,127695,425,114030,0,0,330654,514380,False,True,253.5,8,74,1,303,10,0,515,3079,0,0,3,"{""cut_target"": 20, ""harmful_exit"": 315, ""neutral_exit"": 1712, ""no_active_exit"": 396, ""no_exit_replay"": 515, ""saved_stop"": 211, ""timeout_improved"": 425}","{""candidate_after_baseline_exit"": 303, ""candidate_after_max_hold"": 10, ""lifecycle_without_exit_replay"": 515, ""no_candidate"": 74, ""none"": 2683, ""not_active_exit_eligible"": 1, ""stale_data_no_action"": 8}"
7500,-1000,120000,3079,515,2687,392,63,668,2348,-498275,-161.83013965573238,-205.0,-634064,-205.93179603767456,-202.0,-135789,-44.10165638194219,0.0,-50.53554149609229,0.0,913,298,1476,0.7539223781998349,1211,0.7288853889152506,307,333724,45,288117,606,161750,0,0,495474,631263,False,True,367.6,8,74,1,308,1,0,515,3079,0,0,4,"{""cut_target"": 45, ""harmful_exit"": 253, ""neutral_exit"": 1476, ""no_active_exit"": 392, ""no_exit_replay"": 515, ""saved_stop"": 307, ""timeout_improved"": 606}","{""candidate_after_baseline_exit"": 308, ""candidate_after_max_hold"": 1, ""lifecycle_without_exit_replay"": 515, ""no_candidate"": 74, ""none"": 2687, ""not_active_exit_eligible"": 1, ""stale_data_no_action"": 8}"
7500,-1500,30000,3079,515,2718,361,20,357,2702,-628044,-203.97661578434557,-202.0,-708850,-230.2208509256252,-202.0,-80806,-26.244235141279635,0.0,-29.729948491537897,0.0,461,283,1974,0.6196236559139785,744,0.5842089784894409,98,118556,11,67950,363,127050,0,0,245606,326412,False,True,134.3,8,74,1,193,85,0,515,3079,0,0,4,"{""cut_target"": 11, ""harmful_exit"": 272, ""neutral_exit"": 1974, ""no_active_exit"": 361, ""no_exit_replay"": 515, ""saved_stop"": 98, ""timeout_improved"": 363}","{""candidate_after_baseline_exit"": 193, ""candidate_after_max_hold"": 85, ""lifecycle_without_exit_replay"": 515, ""no_candidate"": 74, ""none"": 2718, ""not_active_exit_eligible"": 1, ""stale_data_no_action"": 8}"
7500,-1500,60000,3079,515,2767,312,40,457,2582,-524758,-170.4313088665151,-202.0,-719783,-233.7716791165963,-202.0,-195025,-63.34037025008119,0.0,-70.48247199132635,0.0,669,374,1724,0.6414189837008629,1043,0.6118436597020079,190,263236,26,171851,479,160846,0,0,424082,619107,False,True,237.9,8,74,1,219,10,0,515,3079,0,0,3,"{""cut_target"": 26, ""harmful_exit"": 348, ""neutral_exit"": 1724, ""no_active_exit"": 312, ""no_exit_replay"": 515, ""saved_stop"": 190, ""timeout_improved"": 479}","{""candidate_after_baseline_exit"": 219, ""candidate_after_max_hold"": 10, ""lifecycle_without_exit_replay"": 515, ""no_candidate"": 74, ""none"": 2767, ""not_active_exit_eligible"": 1, ""stale_data_no_action"": 8}"
7500,-1500,120000,3079,515,2771,308,71,560,2448,-641004,-208.18577460214354,-203.0,-747059,-242.63039948035077,-202.0,-106055,-34.44462487820721,0.0,-38.27318657524359,0.0,958,329,1484,0.7443667443667443,1287,0.7198318769542844,285,416266,52,337381,673,223386,0,0,639652,745707,False,True,352.3,8,74,1,224,1,0,515,3079,0,0,4,"{""cut_target"": 52, ""harmful_exit"": 277, ""neutral_exit"": 1484, ""no_active_exit"": 308, ""no_exit_replay"": 515, ""saved_stop"": 285, ""timeout_improved"": 673}","{""candidate_after_baseline_exit"": 224, ""candidate_after_max_hold"": 1, ""lifecycle_without_exit_replay"": 515, ""no_candidate"": 74, ""none"": 2771, ""not_active_exit_eligible"": 1, ""stale_data_no_action"": 8}"
7500,-2000,30000,3079,515,2764,315,20,296,2763,-728256,-236.52354660604092,-202.0,-791243,-256.9805131536213,-202.0,-62987,-20.456966547580382,0.0,-22.7883502170767,0.0,479,297,1988,0.6172680412371134,776,0.5825717657710666,91,141797,11,67950,388,145109,0,0,286906,349893,True,True,129.8,8,74,1,147,85,0,515,3079,0,0,4,"{""cut_target"": 11, ""harmful_exit"": 286, ""neutral_exit"": 1988, ""no_active_exit"": 315, ""no_exit_replay"": 515, ""saved_stop"": 91, ""timeout_improved"": 388}","{""candidate_after_baseline_exit"": 147, ""candidate_after_max_hold"": 85, ""lifecycle_without_exit_replay"": 515, ""no_candidate"": 74, ""none"": 2764, ""not_active_exit_eligible"": 1, ""stale_data_no_action"": 8}"
7500,-2000,60000,3079,515,2814,265,46,391,2642,-615401,-199.8704124715817,-202.0,-785410,-255.08606690483924,-202.0,-170009,-55.21565443325755,0.0,-60.41542288557214,0.0,690,391,1733,0.6382978723404256,1081,0.6092114580069331,179,299995,29,199238,511,202310,0,0,502305,672314,False,True,230.1,8,74,1,172,10,0,515,3079,0,0,3,"{""cut_target"": 29, ""harmful_exit"": 362, ""neutral_exit"": 1733, ""no_active_exit"": 265, ""no_exit_replay"": 515, ""saved_stop"": 179, ""timeout_improved"": 511}","{""candidate_after_baseline_exit"": 172, ""candidate_after_max_hold"": 10, ""lifecycle_without_exit_replay"": 515, ""no_candidate"": 74, ""none"": 2814, ""not_active_exit_eligible"": 1, ""stale_data_no_action"": 8}"
7500,-2000,120000,3079,515,2822,257,81,481,2517,-753536,-244.73400454693083,-202.0,-824850,-267.895420591101,-202.0,-71314,-23.161416044170185,0.0,-25.270729978738483,0.0,981,350,1491,0.7370398196844478,1331,0.712730862369494,260,478692,59,394839,721,282143,0,0,760835,832149,False,True,332.1,8,74,1,173,1,0,515,3079,0,0,4,"{""cut_target"": 59, ""harmful_exit"": 291, ""neutral_exit"": 1491, ""no_active_exit"": 257, ""no_exit_replay"": 515, ""saved_stop"": 260, ""timeout_improved"": 721}","{""candidate_after_baseline_exit"": 173, ""candidate_after_max_hold"": 1, ""lifecycle_without_exit_replay"": 515, ""no_candidate"": 74, ""none"": 2822, ""not_active_exit_eligible"": 1, ""stale_data_no_action"": 8}"
7500,-3000,30000,3079,515,2839,240,23,194,2862,-871872,-283.16726209808377,-202.0,-874200,-283.92335173757715,-202.0,-2328,-0.756089639493342,0.0,-0.8200070447340613,0.0,519,317,2003,0.6208133971291866,836,0.5874423448241706,81,149945,12,77980,438,217193,0,0,367138,369466,True,True,124.80000000000001,8,74,1,72,85,0,515,3079,0,0,3,"{""cut_target"": 12, ""harmful_exit"": 305, ""neutral_exit"": 2003, ""no_active_exit"": 240, ""no_exit_replay"": 515, ""saved_stop"": 81, ""timeout_improved"": 438}","{""candidate_after_baseline_exit"": 72, ""candidate_after_max_hold"": 85, ""lifecycle_without_exit_replay"": 515, ""no_candidate"": 74, ""none"": 2839, ""not_active_exit_eligible"": 1, ""stale_data_no_action"": 8}"
7500,-3000,60000,3079,515,2904,175,49,265,2765,-799991,-259.821695355635,-202.0,-877213,-284.9019162065606,-202.0,-77222,-25.080220850925624,0.0,-26.59159779614325,0.0,739,422,1743,0.6365202411714039,1161,0.6084439826542752,146,319965,30,209268,593,322336,0,0,642301,719523,False,True,205.3,8,74,1,82,10,0,515,3079,0,0,3,"{""cut_target"": 30, ""harmful_exit"": 392, ""neutral_exit"": 1743, ""no_active_exit"": 175, ""no_exit_replay"": 515, ""saved_stop"": 146, ""timeout_improved"": 593}","{""candidate_after_baseline_exit"": 82, ""candidate_after_max_hold"": 10, ""lifecycle_without_exit_replay"": 515, ""no_candidate"": 74, ""none"": 2904, ""not_active_exit_eligible"": 1, ""stale_data_no_action"": 8}"
7500,-3000,120000,3079,515,2912,167,89,354,2636,-978560,-317.8174732055862,-202.0,-929018,-301.7271841506983,-202.0,49542,16.09028905488795,0.0,17.01304945054945,0.0,1032,380,1500,0.7308781869688386,1412,0.7071419075848623,227,545168,65,447871,805,431143,0,0,976311,926769,False,True,307.5,8,74,1,83,1,0,515,3079,0,0,4,"{""cut_target"": 65, ""harmful_exit"": 315, ""neutral_exit"": 1500, ""no_active_exit"": 167, ""no_exit_replay"": 515, ""saved_stop"": 227, ""timeout_improved"": 805}","{""candidate_after_baseline_exit"": 83, ""candidate_after_max_hold"": 1, ""lifecycle_without_exit_replay"": 515, ""no_candidate"": 74, ""none"": 2912, ""not_active_exit_eligible"": 1, ""stale_data_no_action"": 8}"
7500,-5000,30000,3079,515,2898,181,26,82,2971,-1008094,-327.4095485547256,-202.0,-961686,-312.3371224423514,-202.0,46408,15.072426112374147,0.0,16.013802622498275,0.0,548,335,2015,0.6206115515288788,883,0.5881490884167019,38,111586,13,88681,510,343201,0,0,454787,408379,True,True,89.0,8,74,1,13,85,0,515,3079,0,0,3,"{""cut_target"": 13, ""harmful_exit"": 322, ""neutral_exit"": 2015, ""no_active_exit"": 181, ""no_exit_replay"": 515, ""saved_stop"": 38, ""timeout_improved"": 510}","{""candidate_after_baseline_exit"": 13, ""candidate_after_max_hold"": 85, ""lifecycle_without_exit_replay"": 515, ""no_candidate"": 74, ""none"": 2898, ""not_active_exit_eligible"": 1, ""stale_data_no_action"": 8}"
7500,-5000,60000,3079,515,2969,110,54,129,2896,-1013716,-329.23546606040924,-202.0,-975304,-316.7599870087691,-202.0,38412,12.475479051640143,0.0,12.937689457729876,0.0,777,442,1750,0.6374077112387203,1219,0.6100274270895981,81,264764,31,219969,696,545349,0,0,810113,771701,False,True,150.60000000000002,8,74,1,17,10,0,515,3079,0,0,3,"{""cut_target"": 31, ""harmful_exit"": 411, ""neutral_exit"": 1750, ""no_active_exit"": 110, ""no_exit_replay"": 515, ""saved_stop"": 81, ""timeout_improved"": 696}","{""candidate_after_baseline_exit"": 17, ""candidate_after_max_hold"": 10, ""lifecycle_without_exit_replay"": 515, ""no_candidate"": 74, ""none"": 2969, ""not_active_exit_eligible"": 1, ""stale_data_no_action"": 8}"
7500,-5000,120000,3079,515,2978,101,97,179,2803,-1290226,-419.04059759662226,-202.0,-1039389,-337.57356284507955,-202.0,250837,81.46703475154271,0.0,84.23002014775017,0.0,1073,398,1507,0.7294357579877634,1471,0.7061575345252091,126,466760,69,483156,947,781827,0,0,1248587,997750,False,True,220.7,8,74,1,17,1,0,515,3079,0,0,4,"{""cut_target"": 69, ""harmful_exit"": 329, ""neutral_exit"": 1507, ""no_active_exit"": 101, ""no_exit_replay"": 515, ""saved_stop"": 126, ""timeout_improved"": 947}","{""candidate_after_baseline_exit"": 17, ""candidate_after_max_hold"": 1, ""lifecycle_without_exit_replay"": 515, ""no_candidate"": 74, ""none"": 2978, ""not_active_exit_eligible"": 1, ""stale_data_no_action"": 8}"
7500,-6000,30000,3079,515,2910,169,26,47,3006,-1050039,-341.0324780772978,-202.0,-991362,-321.97531666125366,-202.0,58677,19.05716141604417,0.0,20.163917525773197,0.0,554,340,2016,0.6196868008948546,894,0.5874161003953695,17,58282,13,88681,537,415928,0,0,474210,415533,True,True,70.7,8,74,1,1,85,0,515,3079,0,0,3,"{""cut_target"": 13, ""harmful_exit"": 327, ""neutral_exit"": 2016, ""no_active_exit"": 169, ""no_exit_replay"": 515, ""saved_stop"": 17, ""timeout_improved"": 537}","{""candidate_after_baseline_exit"": 1, ""candidate_after_max_hold"": 85, ""lifecycle_without_exit_replay"": 515, ""no_candidate"": 74, ""none"": 2910, ""not_active_exit_eligible"": 1, ""stale_data_no_action"": 8}"
7500,-6000,60000,3079,515,2984,95,54,79,2946,-1086460,-352.8613186099383,-202.0,-1003435,-325.89639493341997,-202.0,83025,26.96492367651835,0.0,27.823391420911527,0.0,785,447,1752,0.6371753246753247,1232,0.6099387649301581,46,188967,31,219969,739,673097,0,0,862064,779039,False,True,119.9,8,74,1,2,10,0,515,3079,0,0,3,"{""cut_target"": 31, ""harmful_exit"": 416, ""neutral_exit"": 1752, ""no_active_exit"": 95, ""no_exit_replay"": 515, ""saved_stop"": 46, ""timeout_improved"": 739}","{""candidate_after_baseline_exit"": 2, ""candidate_after_max_hold"": 10, ""lifecycle_without_exit_replay"": 515, ""no_candidate"": 74, ""none"": 2984, ""not_active_exit_eligible"": 1, ""stale_data_no_action"": 8}"
7500,-6000,120000,3079,515,2993,86,97,110,2872,-1378730,-447.7849951282884,-202.0,-1072520,-348.3338746346216,-202.0,306210,99.45112049366678,0.0,102.30872034747745,0.0,1078,406,1509,0.7264150943396226,1484,0.7031708821934307,72,318331,69,483156,1006,999176,0,0,1317507,1011297,False,True,172.60000000000002,8,74,1,2,1,0,515,3079,0,0,4,"{""cut_target"": 69, ""harmful_exit"": 337, ""neutral_exit"": 1509, ""no_active_exit"": 86, ""no_exit_replay"": 515, ""saved_stop"": 72, ""timeout_improved"": 1006}","{""candidate_after_baseline_exit"": 2, ""candidate_after_max_hold"": 1, ""lifecycle_without_exit_replay"": 515, ""no_candidate"": 74, ""none"": 2993, ""not_active_exit_eligible"": 1, ""stale_data_no_action"": 8}"
10000,-200,30000,3079,515,2399,680,7,843,2229,-194284,-63.09970769730432,-202.0,-305755,-99.30334524196168,-202.0,-111471,-36.203637544657354,0.0,-46.46561067111296,0.0,356,189,1854,0.653211009174312,545,0.612305794175877,230,63245,4,38263,126,19388,0,0,82633,194104,False,True,242.6,8,74,1,512,85,0,515,3079,0,0,2,"{""cut_target"": 4, ""harmful_exit"": 185, ""neutral_exit"": 1854, ""no_active_exit"": 680, ""no_exit_replay"": 515, ""saved_stop"": 230, ""timeout_improved"": 126}","{""candidate_after_baseline_exit"": 512, ""candidate_after_max_hold"": 85, ""lifecycle_without_exit_replay"": 515, ""no_candidate"": 74, ""none"": 2399, ""not_active_exit_eligible"": 1, ""stale_data_no_action"": 8}"
10000,-200,60000,3079,515,2425,654,18,989,2072,-61189,-19.87301071776551,-202.0,-301121,-97.79831113998051,-202.0,-239932,-77.925300422215,0.0,-98.94103092783506,0.0,548,251,1626,0.685857321652065,799,0.6528476908687202,368,112885,13,118614,180,17990,0,0,130875,370807,False,True,386.0,8,74,1,561,10,0,515,3079,0,0,2,"{""cut_target"": 13, ""harmful_exit"": 238, ""neutral_exit"": 1626, ""no_active_exit"": 654, ""no_exit_replay"": 515, ""saved_stop"": 368, ""timeout_improved"": 180}","{""candidate_after_baseline_exit"": 561, ""candidate_after_max_hold"": 10, ""lifecycle_without_exit_replay"": 515, ""no_candidate"": 74, ""none"": 2425, ""not_active_exit_eligible"": 1, ""stale_data_no_action"": 8}"
10000,-200,120000,3079,515,2428,651,27,1222,1830,-32837,-10.664826242286457,-209.0,-314268,-102.06820396232543,-202.0,-281431,-91.40337772003897,0.0,-115.91062602965404,0.0,797,222,1409,0.7821393523061825,1019,0.755760175406258,594,174340,16,143720,203,14999,0,0,189339,470770,False,True,614.3,8,74,1,567,1,0,515,3079,0,0,3,"{""cut_target"": 16, ""harmful_exit"": 206, ""neutral_exit"": 1409, ""no_active_exit"": 651, ""no_exit_replay"": 515, ""saved_stop"": 594, ""timeout_improved"": 203}","{""candidate_after_baseline_exit"": 567, ""candidate_after_max_hold"": 1, ""lifecycle_without_exit_replay"": 515, ""no_candidate"": 74, ""none"": 2428, ""not_active_exit_eligible"": 1, ""stale_data_no_action"": 8}"
10000,-300,30000,3079,515,2458,621,7,748,2324,-241897,-78.56349464111725,-202.0,-359915,-116.89347190646313,-202.0,-118018,-38.32997726534589,0.0,-48.01383238405207,0.0,379,202,1877,0.6523235800344234,581,0.6127135735379482,195,74231,4,38263,184,29717,0,0,103948,221966,False,True,213.4,8,74,1,453,85,0,515,3079,0,0,2,"{""cut_target"": 4, ""harmful_exit"": 198, ""neutral_exit"": 1877, ""no_active_exit"": 621, ""no_exit_replay"": 515, ""saved_stop"": 195, ""timeout_improved"": 184}","{""candidate_after_baseline_exit"": 453, ""candidate_after_max_hold"": 85, ""lifecycle_without_exit_replay"": 515, ""no_candidate"": 74, ""none"": 2458, ""not_active_exit_eligible"": 1, ""stale_data_no_action"": 8}"
10000,-300,60000,3079,515,2485,594,18,888,2173,-114883,-37.31178954205911,-202.0,-356678,-115.84215654433258,-202.0,-241795,-78.53036700227347,0.0,-97.30181086519114,0.0,570,270,1645,0.6785714285714286,840,0.6462373518704477,327,137575,13,118614,243,27708,0,0,165283,407078,False,True,351.3,8,74,1,501,10,0,515,3079,0,0,3,"{""cut_target"": 13, ""harmful_exit"": 257, ""neutral_exit"": 1645, ""no_active_exit"": 594, ""no_exit_replay"": 515, ""saved_stop"": 327, ""timeout_improved"": 243}","{""candidate_after_baseline_exit"": 501, ""candidate_after_max_hold"": 10, ""lifecycle_without_exit_replay"": 515, ""no_candidate"": 74, ""none"": 2485, ""not_active_exit_eligible"": 1, ""stale_data_no_action"": 8}"
10000,-300,120000,3079,515,2488,591,28,1076,1975,-113699,-36.92724910685288,-209.0,-370525,-120.33939590776227,-202.0,-256826,-83.41214680090938,0.0,-103.22588424437299,0.0,828,236,1424,0.7781954887218046,1064,0.7522559834001203,508,213664,17,153928,320,32281,0,0,245945,502771,False,True,540.0,8,74,1,507,1,0,515,3079,0,0,3,"{""cut_target"": 17, ""harmful_exit"": 219, ""neutral_exit"": 1424, ""no_active_exit"": 591, ""no_exit_replay"": 515, ""saved_stop"": 508, ""timeout_improved"": 320}","{""candidate_after_baseline_exit"": 507, ""candidate_after_max_hold"": 1, ""lifecycle_without_exit_replay"": 515, ""no_candidate"": 74, ""none"": 2488, ""not_active_exit_eligible"": 1, ""stale_data_no_action"": 8}"
10000,-500,30000,3079,515,2534,545,7,649,2423,-346614,-112.57356284507956,-202.0,-439606,-142.77557648587202,-202.0,-92992,-30.202013640792465,0.0,-36.697711128650354,0.0,412,217,1905,0.6550079491255962,629,0.6170186994310777,179,94392,4,38263,233,45198,0,0,139590,232582,False,True,202.3,8,74,1,377,85,0,515,3079,0,0,3,"{""cut_target"": 4, ""harmful_exit"": 213, ""neutral_exit"": 1905, ""no_active_exit"": 545, ""no_exit_replay"": 515, ""saved_stop"": 179, ""timeout_improved"": 233}","{""candidate_after_baseline_exit"": 377, ""candidate_after_max_hold"": 85, ""lifecycle_without_exit_replay"": 515, ""no_candidate"": 74, ""none"": 2534, ""not_active_exit_eligible"": 1, ""stale_data_no_action"": 8}"
10000,-500,60000,3079,515,2564,515,19,774,2286,-218499,-70.9642741149724,-202.0,-435975,-141.59629749918804,-202.0,-217476,-70.63202338421566,0.0,-84.81903276131045,0.0,611,290,1663,0.6781354051054383,901,0.646928905609608,296,175227,13,118614,315,49520,0,0,224747,442223,False,True,327.5,8,74,1,422,10,0,515,3079,0,0,3,"{""cut_target"": 13, ""harmful_exit"": 277, ""neutral_exit"": 1663, ""no_active_exit"": 515, ""no_exit_replay"": 515, ""saved_stop"": 296, ""timeout_improved"": 315}","{""candidate_after_baseline_exit"": 422, ""candidate_after_max_hold"": 10, ""lifecycle_without_exit_replay"": 515, ""no_candidate"": 74, ""none"": 2564, ""not_active_exit_eligible"": 1, ""stale_data_no_action"": 8}"
10000,-500,120000,3079,515,2567,512,30,949,2100,-250595,-81.38843780448198,-208.0,-453475,-147.27996102630723,-202.0,-202880,-65.89152322182527,0.0,-79.03389170237631,0.0,874,257,1436,0.7727674624226348,1131,0.747446299067957,463,281482,18,162391,411,60097,0,0,341579,544459,False,True,504.1,8,74,1,428,1,0,515,3079,0,0,3,"{""cut_target"": 18, ""harmful_exit"": 239, ""neutral_exit"": 1436, ""no_active_exit"": 512, ""no_exit_replay"": 515, ""saved_stop"": 463, ""timeout_improved"": 411}","{""candidate_after_baseline_exit"": 428, ""candidate_after_max_hold"": 1, ""lifecycle_without_exit_replay"": 515, ""no_candidate"": 74, ""none"": 2567, ""not_active_exit_eligible"": 1, ""stale_data_no_action"": 8}"
10000,-700,30000,3079,515,2596,483,7,544,2528,-428424,-139.14387788242936,-202.0,-516530,-167.75901266645013,-202.0,-88106,-28.615134784020785,0.0,-33.93913713405239,0.0,419,233,1944,0.6426380368098159,652,0.6051167049896181,140,101501,4,38263,279,67876,0,0,169377,257483,True,True,167.9,8,74,1,315,85,0,515,3079,0,0,3,"{""cut_target"": 4, ""harmful_exit"": 229, ""neutral_exit"": 1944, ""no_active_exit"": 483, ""no_exit_replay"": 515, ""saved_stop"": 140, ""timeout_improved"": 279}","{""candidate_after_baseline_exit"": 315, ""candidate_after_max_hold"": 85, ""lifecycle_without_exit_replay"": 515, ""no_candidate"": 74, ""none"": 2596, ""not_active_exit_eligible"": 1, ""stale_data_no_action"": 8}"
10000,-700,60000,3079,515,2629,450,19,659,2401,-311027,-101.01558947710295,-202.0,-515560,-167.44397531666127,-202.0,-204533,-66.4283858395583,0.0,-77.79878280715101,0.0,620,309,1700,0.667384284176534,929,0.6364525839818955,247,200432,13,118614,373,78121,0,0,278553,483086,False,True,284.3,8,74,1,357,10,0,515,3079,0,0,3,"{""cut_target"": 13, ""harmful_exit"": 296, ""neutral_exit"": 1700, ""no_active_exit"": 450, ""no_exit_replay"": 515, ""saved_stop"": 247, ""timeout_improved"": 373}","{""candidate_after_baseline_exit"": 357, ""candidate_after_max_hold"": 10, ""lifecycle_without_exit_replay"": 515, ""no_candidate"": 74, ""none"": 2629, ""not_active_exit_eligible"": 1, ""stale_data_no_action"": 8}"
10000,-700,120000,3079,515,2632,447,30,774,2275,-374754,-121.71289379668724,-208.0,-538881,-175.0181877232868,-202.0,-164127,-53.305293926599546,0.0,-62.358282674772035,0.0,894,272,1466,0.7667238421955404,1166,0.7415973787254073,353,301101,18,162391,541,117460,0,0,418561,582688,False,True,407.1,8,74,1,363,1,0,515,3079,0,0,3,"{""cut_target"": 18, ""harmful_exit"": 254, ""neutral_exit"": 1466, ""no_active_exit"": 447, ""no_exit_replay"": 515, ""saved_stop"": 353, ""timeout_improved"": 541}","{""candidate_after_baseline_exit"": 363, ""candidate_after_max_hold"": 1, ""lifecycle_without_exit_replay"": 515, ""no_candidate"": 74, ""none"": 2632, ""not_active_exit_eligible"": 1, ""stale_data_no_action"": 8}"
10000,-1000,30000,3079,515,2646,433,8,464,2607,-518060,-168.25592724910686,-202.0,-605904,-196.78596947060734,-202.0,-87844,-28.530042221500487,0.0,-33.19879062736206,0.0,433,252,1961,0.6321167883211679,685,0.5953609034702116,117,110695,5,48105,316,89308,0,0,200003,287847,True,True,148.6,8,74,1,265,85,0,515,3079,0,0,3,"{""cut_target"": 5, ""harmful_exit"": 247, ""neutral_exit"": 1961, ""no_active_exit"": 433, ""no_exit_replay"": 515, ""saved_stop"": 117, ""timeout_improved"": 316}","{""candidate_after_baseline_exit"": 265, ""candidate_after_max_hold"": 85, ""lifecycle_without_exit_replay"": 515, ""no_candidate"": 74, ""none"": 2646, ""not_active_exit_eligible"": 1, ""stale_data_no_action"": 8}"
10000,-1000,60000,3079,515,2683,396,20,567,2492,-396855,-128.8908736602793,-202.0,-598486,-194.37674569665475,-202.0,-201631,-65.48587203637544,0.0,-75.15132314573239,0.0,638,333,1712,0.6570545829042225,971,0.6266307732204521,213,223188,14,128456,425,114030,0,0,337218,538849,False,True,255.5,8,74,1,303,10,0,515,3079,0,0,3,"{""cut_target"": 14, ""harmful_exit"": 319, ""neutral_exit"": 1712, ""no_active_exit"": 396, ""no_exit_replay"": 515, ""saved_stop"": 213, ""timeout_improved"": 425}","{""candidate_after_baseline_exit"": 303, ""candidate_after_max_hold"": 10, ""lifecycle_without_exit_replay"": 515, ""no_candidate"": 74, ""none"": 2683, ""not_active_exit_eligible"": 1, ""stale_data_no_action"": 8}"
10000,-1000,120000,3079,515,2687,392,32,675,2372,-494496,-160.60279311464762,-205.0,-619513,-201.2059110100682,-202.0,-125017,-40.60311789542059,0.0,-46.526609601786376,0.0,918,293,1476,0.7580511973575558,1211,0.7331390177566772,312,346347,19,172233,606,161750,0,0,508097,633114,False,True,372.6,8,74,1,308,1,0,515,3079,0,0,4,"{""cut_target"": 19, ""harmful_exit"": 274, ""neutral_exit"": 1476, ""no_active_exit"": 392, ""no_exit_replay"": 515, ""saved_stop"": 312, ""timeout_improved"": 606}","{""candidate_after_baseline_exit"": 308, ""candidate_after_max_hold"": 1, ""lifecycle_without_exit_replay"": 515, ""no_candidate"": 74, ""none"": 2687, ""not_active_exit_eligible"": 1, ""stale_data_no_action"": 8}"
10000,-1500,30000,3079,515,2718,361,8,358,2713,-613354,-199.20558622929522,-202.0,-704569,-228.83046443650537,-202.0,-91215,-29.624878207210134,0.0,-33.55960264900662,0.0,462,282,1974,0.6209677419354839,744,0.5855699119485402,98,118556,5,48105,364,127666,0,0,246222,337437,True,True,134.4,8,74,1,193,85,0,515,3079,0,0,4,"{""cut_target"": 5, ""harmful_exit"": 277, ""neutral_exit"": 1974, ""no_active_exit"": 361, ""no_exit_replay"": 515, ""saved_stop"": 98, ""timeout_improved"": 364}","{""candidate_after_baseline_exit"": 193, ""candidate_after_max_hold"": 85, ""lifecycle_without_exit_replay"": 515, ""no_candidate"": 74, ""none"": 2718, ""not_active_exit_eligible"": 1, ""stale_data_no_action"": 8}"
10000,-1500,60000,3079,515,2767,312,21,461,2597,-502338,-163.14972393634298,-202.0,-708004,-229.9460863916856,-202.0,-205666,-66.79636245534265,0.0,-74.32815323455006,0.0,672,371,1724,0.6442953020134228,1043,0.6147611722865609,193,274342,15,135782,479,160846,0,0,435188,640854,False,True,240.9,8,74,1,219,10,0,515,3079,0,0,3,"{""cut_target"": 15, ""harmful_exit"": 356, ""neutral_exit"": 1724, ""no_active_exit"": 312, ""no_exit_replay"": 515, ""saved_stop"": 193, ""timeout_improved"": 479}","{""candidate_after_baseline_exit"": 219, ""candidate_after_max_hold"": 10, ""lifecycle_without_exit_replay"": 515, ""no_candidate"": 74, ""none"": 2767, ""not_active_exit_eligible"": 1, ""stale_data_no_action"": 8}"
10000,-1500,120000,3079,515,2771,308,35,568,2476,-649472,-210.93601818772328,-203.0,-731008,-237.41734329327704,-202.0,-81536,-26.48132510555375,0.0,-29.424756405629736,0.0,964,323,1484,0.749028749028749,1287,0.7246237762486909,291,434832,21,190794,673,223386,0,0,658218,739754,False,True,358.3,8,74,1,224,1,0,515,3079,0,0,4,"{""cut_target"": 21, ""harmful_exit"": 302, ""neutral_exit"": 1484, ""no_active_exit"": 308, ""no_exit_replay"": 515, ""saved_stop"": 291, ""timeout_improved"": 673}","{""candidate_after_baseline_exit"": 224, ""candidate_after_max_hold"": 1, ""lifecycle_without_exit_replay"": 515, ""no_candidate"": 74, ""none"": 2771, ""not_active_exit_eligible"": 1, ""stale_data_no_action"": 8}"
10000,-2000,30000,3079,515,2764,315,8,297,2774,-714066,-231.9149074374797,-202.0,-787462,-255.75251705099058,-202.0,-73396,-23.83760961351088,0.0,-26.554269175108537,0.0,480,296,1988,0.6185567010309279,776,0.5838759145673467,91,141797,5,48105,389,145725,0,0,287522,360918,True,True,129.9,8,74,1,147,85,0,515,3079,0,0,4,"{""cut_target"": 5, ""harmful_exit"": 291, ""neutral_exit"": 1988, ""no_active_exit"": 315, ""no_exit_replay"": 515, ""saved_stop"": 91, ""timeout_improved"": 389}","{""candidate_after_baseline_exit"": 147, ""candidate_after_max_hold"": 85, ""lifecycle_without_exit_replay"": 515, ""no_candidate"": 74, ""none"": 2764, ""not_active_exit_eligible"": 1, ""stale_data_no_action"": 8}"
10000,-2000,60000,3079,515,2814,265,23,395,2661,-593164,-192.64826242286458,-202.0,-776252,-252.1117245859045,-202.0,-183088,-59.46346216303995,0.0,-65.06325515280739,0.0,693,388,1733,0.6410730804810361,1081,0.6120247113058436,182,312601,17,158778,511,202310,0,0,514911,697999,False,True,233.1,8,74,1,172,10,0,515,3079,0,0,3,"{""cut_target"": 17, ""harmful_exit"": 371, ""neutral_exit"": 1733, ""no_active_exit"": 265, ""no_exit_replay"": 515, ""saved_stop"": 182, ""timeout_improved"": 511}","{""candidate_after_baseline_exit"": 172, ""candidate_after_max_hold"": 10, ""lifecycle_without_exit_replay"": 515, ""no_candidate"": 74, ""none"": 2814, ""not_active_exit_eligible"": 1, ""stale_data_no_action"": 8}"
10000,-2000,120000,3079,515,2822,257,39,491,2549,-785371,-255.0734004546931,-203.0,-826299,-268.36602793114645,-202.0,-40928,-13.292627476453394,0.0,-14.503189227498229,0.0,987,344,1491,0.7415477084898573,1331,0.7173571565372262,266,500258,24,220828,721,282143,0,0,782401,823329,False,True,338.1,8,74,1,173,1,0,515,3079,0,0,4,"{""cut_target"": 24, ""harmful_exit"": 320, ""neutral_exit"": 1491, ""no_active_exit"": 257, ""no_exit_replay"": 515, ""saved_stop"": 266, ""timeout_improved"": 721}","{""candidate_after_baseline_exit"": 173, ""candidate_after_max_hold"": 1, ""lifecycle_without_exit_replay"": 515, ""no_candidate"": 74, ""none"": 2822, ""not_active_exit_eligible"": 1, ""stale_data_no_action"": 8}"
10000,-3000,30000,3079,515,2839,240,10,195,2874,-852705,-276.9421890224099,-202.0,-867942,-281.89087366027934,-202.0,-15237,-4.948684637869438,0.0,-5.367030644593167,0.0,520,316,2003,0.6220095693779905,836,0.5886532004618643,81,149945,6,60635,439,217809,0,0,367754,382991,True,True,124.9,8,74,1,72,85,0,515,3079,0,0,3,"{""cut_target"": 6, ""harmful_exit"": 310, ""neutral_exit"": 2003, ""no_active_exit"": 240, ""no_exit_replay"": 515, ""saved_stop"": 81, ""timeout_improved"": 439}","{""candidate_after_baseline_exit"": 72, ""candidate_after_max_hold"": 85, ""lifecycle_without_exit_replay"": 515, ""no_candidate"": 74, ""none"": 2839, ""not_active_exit_eligible"": 1, ""stale_data_no_action"": 8}"
10000,-3000,60000,3079,515,2904,175,26,268,2785,-773575,-251.24228645664178,-202.0,-864055,-280.6284507957129,-202.0,-90480,-29.386164339071126,0.0,-31.15702479338843,0.0,742,419,1743,0.6391042204995694,1161,0.611061842441246,148,328305,18,171308,594,328923,0,0,657228,747708,False,True,207.4,8,74,1,82,10,0,515,3079,0,0,3,"{""cut_target"": 18, ""harmful_exit"": 401, ""neutral_exit"": 1743, ""no_active_exit"": 175, ""no_exit_replay"": 515, ""saved_stop"": 148, ""timeout_improved"": 594}","{""candidate_after_baseline_exit"": 82, ""candidate_after_max_hold"": 10, ""lifecycle_without_exit_replay"": 515, ""no_candidate"": 74, ""none"": 2904, ""not_active_exit_eligible"": 1, ""stale_data_no_action"": 8}"
10000,-3000,120000,3079,515,2912,167,45,361,2673,-1000229,-324.8551477752517,-202.0,-922127,-299.48911984410523,-202.0,78102,25.366027931146476,0.0,26.82074175824176,0.0,1038,374,1500,0.7351274787535411,1412,0.7114958887467381,231,562677,28,267200,807,437627,0,0,1000304,922202,False,True,311.7,8,74,1,83,1,0,515,3079,0,0,4,"{""cut_target"": 28, ""harmful_exit"": 346, ""neutral_exit"": 1500, ""no_active_exit"": 167, ""no_exit_replay"": 515, ""saved_stop"": 231, ""timeout_improved"": 807}","{""candidate_after_baseline_exit"": 83, ""candidate_after_max_hold"": 1, ""lifecycle_without_exit_replay"": 515, ""no_candidate"": 74, ""none"": 2912, ""not_active_exit_eligible"": 1, ""stale_data_no_action"": 8}"
10000,-5000,30000,3079,515,2898,181,12,83,2984,-996975,-323.7983111399805,-202.0,-952428,-309.33030204611885,-202.0,44547,14.468009093861644,0.0,15.371635610766045,0.0,550,333,2015,0.622876557191393,883,0.5904415392752267,38,111586,6,60635,512,344164,0,0,455750,411203,True,True,89.2,8,74,1,13,85,0,515,3079,0,0,3,"{""cut_target"": 6, ""harmful_exit"": 327, ""neutral_exit"": 2015, ""no_active_exit"": 181, ""no_exit_replay"": 515, ""saved_stop"": 38, ""timeout_improved"": 512}","{""candidate_after_baseline_exit"": 13, ""candidate_after_max_hold"": 85, ""lifecycle_without_exit_replay"": 515, ""no_candidate"": 74, ""none"": 2898, ""not_active_exit_eligible"": 1, ""stale_data_no_action"": 8}"
10000,-5000,60000,3079,515,2969,110,30,133,2916,-995800,-323.4166937317311,-202.0,-954146,-309.88827541409546,-202.0,41654,13.528418317635596,0.0,14.029639609296058,0.0,781,438,1750,0.6406890894175554,1219,0.613351570009326,84,278903,18,171308,697,551936,0,0,830839,789185,True,True,153.7,8,74,1,17,10,0,515,3079,0,0,3,"{""cut_target"": 18, ""harmful_exit"": 420, ""neutral_exit"": 1750, ""no_active_exit"": 110, ""no_exit_replay"": 515, ""saved_stop"": 84, ""timeout_improved"": 697}","{""candidate_after_baseline_exit"": 17, ""candidate_after_max_hold"": 10, ""lifecycle_without_exit_replay"": 515, ""no_candidate"": 74, ""none"": 2969, ""not_active_exit_eligible"": 1, ""stale_data_no_action"": 8}"
10000,-5000,120000,3079,515,2978,101,50,185,2844,-1334064,-433.27833712244234,-202.0,-1025637,-333.1071776550828,-202.0,308427,100.17115946735953,0.0,103.56850235057085,0.0,1081,390,1507,0.7348742352141401,1471,0.7117269271348834,131,493975,29,281273,950,791668,0,0,1285643,977216,True,True,226.0,8,74,1,17,1,0,515,3079,0,0,4,"{""cut_target"": 29, ""harmful_exit"": 361, ""neutral_exit"": 1507, ""no_active_exit"": 101, ""no_exit_replay"": 515, ""saved_stop"": 131, ""timeout_improved"": 950}","{""candidate_after_baseline_exit"": 17, ""candidate_after_max_hold"": 1, ""lifecycle_without_exit_replay"": 515, ""no_candidate"": 74, ""none"": 2978, ""not_active_exit_eligible"": 1, ""stale_data_no_action"": 8}"
10000,-6000,30000,3079,515,2910,169,12,48,3019,-1039920,-337.746021435531,-202.0,-983104,-319.29327703799936,-202.0,56816,18.452744397531667,0.0,19.524398625429555,0.0,556,338,2016,0.6219239373601789,894,0.5896799395130808,17,58282,6,60635,539,416891,0,0,475173,418357,True,True,70.9,8,74,1,1,85,0,515,3079,0,0,3,"{""cut_target"": 6, ""harmful_exit"": 332, ""neutral_exit"": 2016, ""no_active_exit"": 169, ""no_exit_replay"": 515, ""saved_stop"": 17, ""timeout_improved"": 539}","{""candidate_after_baseline_exit"": 1, ""candidate_after_max_hold"": 85, ""lifecycle_without_exit_replay"": 515, ""no_candidate"": 74, ""none"": 2910, ""not_active_exit_eligible"": 1, ""stale_data_no_action"": 8}"
10000,-6000,60000,3079,515,2984,95,30,82,2967,-1065975,-346.2081844754791,-202.0,-983277,-319.34946411172456,-202.0,82698,26.858720363754465,0.0,27.713806970509385,0.0,788,444,1752,0.6396103896103896,1232,0.6124052389792238,48,199808,18,171308,740,679684,0,0,879492,796794,True,True,122.0,8,74,1,2,10,0,515,3079,0,0,3,"{""cut_target"": 18, ""harmful_exit"": 426, ""neutral_exit"": 1752, ""no_active_exit"": 95, ""no_exit_replay"": 515, ""saved_stop"": 48, ""timeout_improved"": 740}","{""candidate_after_baseline_exit"": 2, ""candidate_after_max_hold"": 10, ""lifecycle_without_exit_replay"": 515, ""no_candidate"": 74, ""none"": 2984, ""not_active_exit_eligible"": 1, ""stale_data_no_action"": 8}"
10000,-6000,120000,3079,515,2993,86,51,115,2913,-1412568,-458.77492692432605,-202.0,-1059768,-344.1922702176031,-202.0,352800,114.58265670672296,0.0,117.87504176411628,0.0,1085,399,1509,0.7311320754716981,1484,0.7079986587528873,76,344248,30,290975,1009,1009017,0,0,1353265,1000465,True,True,176.9,8,74,1,2,1,0,515,3079,0,0,4,"{""cut_target"": 30, ""harmful_exit"": 369, ""neutral_exit"": 1509, ""no_active_exit"": 86, ""no_exit_replay"": 515, ""saved_stop"": 76, ""timeout_improved"": 1009}","{""candidate_after_baseline_exit"": 2, ""candidate_after_max_hold"": 1, ""lifecycle_without_exit_replay"": 515, ""no_candidate"": 74, ""none"": 2993, ""not_active_exit_eligible"": 1, ""stale_data_no_action"": 8}"
