target_bps,stop_bps,max_hold_ms,segment,roundtrip_cost_bps,supported_rows,unsupported_rows,action_taken_count,no_action_count,baseline_target_count,baseline_stop_count,baseline_timeout_count,baseline_sum_after_cost_bps,baseline_avg_after_cost_bps,baseline_median_after_cost_bps,tsv2_sum_after_cost_bps,tsv2_avg_after_cost_bps,tsv2_median_after_cost_bps,delta_sum_bps,delta_avg_bps,delta_median_bps,action_delta_avg_bps,action_delta_median_bps,beneficial_exit_count,harmful_exit_count,neutral_exit_count,exit_action_precision,exit_action_precision_denominator,exit_action_precision_wilson95_lower,saved_stop_count,saved_stop_damage_bps,target_cut_count,target_cut_damage_bps,timeout_improved_count,timeout_improved_bps,generic_beneficial_count,generic_beneficial_bps,gross_saved_damage_bps,harmful_damage_bps,target_cut_damage_guard_pass,target_cut_count_guard_pass,target_cut_count_guard_limit,stale_no_action_exclusions,no_candidate_exclusions,not_active_exit_eligible_exclusions,candidate_after_baseline_exclusions,candidate_after_max_hold_exclusions,ambiguous_unjoined_exclusions,lifecycle_without_exit_replay_exclusions,exact_rows,path_approx_rows,baseline_unavailable_rows,max_consecutive_harmful_actions,classification_counts,exclusion_counts
1000,-200,30000,train,100,1027,0,757,270,71,291,665,-135795,-132.22492697176241,-202.0,-148136,-144.2414800389484,-202.0,-12341,-12.016553067185978,0.0,-16.30250990752972,0.0,115,73,569,0.6117021276595744,188,0.5404640289877606,79,11397,20,14057,36,2083,0,0,13480,25821,False,True,82.6,6,20,0,223,21,0,0,1027,0,0,2,"{""cut_target"": 20, ""harmful_exit"": 53, ""neutral_exit"": 569, ""no_active_exit"": 270, ""saved_stop"": 79, ""timeout_improved"": 36}","{""candidate_after_baseline_exit"": 223, ""candidate_after_max_hold"": 21, ""no_candidate"": 20, ""none"": 757, ""stale_data_no_action"": 6}"
1000,-200,30000,validation,100,1026,0,785,241,78,236,712,-134992,-131.57115009746587,-202.0,-135988,-132.541910331384,-202.0,-996,-0.9707602339181286,0.0,-1.2687898089171974,0.0,84,42,659,0.6666666666666666,126,0.5805019155164632,63,10902,13,9852,21,1779,0,0,12681,13677,False,True,65.1,1,24,0,185,31,0,0,1026,0,0,2,"{""cut_target"": 13, ""harmful_exit"": 29, ""neutral_exit"": 659, ""no_active_exit"": 241, ""saved_stop"": 63, ""timeout_improved"": 21}","{""candidate_after_baseline_exit"": 185, ""candidate_after_max_hold"": 31, ""no_candidate"": 24, ""none"": 785, ""stale_data_no_action"": 1}"
1000,-200,30000,holdout,100,1026,0,774,252,71,257,698,-142706,-139.0896686159844,-202.0,-154368,-150.4561403508772,-202.0,-11662,-11.366471734892787,0.0,-15.0671834625323,0.0,105,50,619,0.6774193548387096,155,0.6003054861223337,61,9988,19,16724,44,2363,0,0,12351,24013,False,True,65.4,1,30,1,187,33,0,0,1026,0,0,2,"{""cut_target"": 19, ""harmful_exit"": 31, ""neutral_exit"": 619, ""no_active_exit"": 252, ""saved_stop"": 61, ""timeout_improved"": 44}","{""candidate_after_baseline_exit"": 187, ""candidate_after_max_hold"": 33, ""no_candidate"": 30, ""none"": 774, ""not_active_exit_eligible"": 1, ""stale_data_no_action"": 1}"
1000,-200,60000,train,100,1027,0,758,269,91,333,603,-119941,-116.78773125608569,-202.0,-148899,-144.9844206426485,-202.0,-28958,-28.196689386562806,0.0,-38.20316622691293,0.0,169,91,498,0.65,260,0.5902217110745369,121,17461,40,33626,48,2450,0,0,19911,48869,False,True,125.8,6,20,0,242,1,0,0,1027,0,0,3,"{""cut_target"": 40, ""harmful_exit"": 51, ""neutral_exit"": 498, ""no_active_exit"": 269, ""saved_stop"": 121, ""timeout_improved"": 48}","{""candidate_after_baseline_exit"": 242, ""candidate_after_max_hold"": 1, ""no_candidate"": 20, ""none"": 758, ""stale_data_no_action"": 6}"
1000,-200,60000,validation,100,1026,0,786,240,92,262,672,-123470,-120.3411306042885,-202.0,-135816,-132.37426900584796,-202.0,-12346,-12.033138401559453,0.0,-15.707379134860052,0.0,140,65,581,0.6829268292682927,205,0.6163611957941513,89,13719,26,19639,51,2164,0,0,15883,28229,False,True,94.1,1,24,0,211,4,0,0,1026,0,0,2,"{""cut_target"": 26, ""harmful_exit"": 39, ""neutral_exit"": 581, ""no_active_exit"": 240, ""saved_stop"": 89, ""timeout_improved"": 51}","{""candidate_after_baseline_exit"": 211, ""candidate_after_max_hold"": 4, ""no_candidate"": 24, ""none"": 786, ""stale_data_no_action"": 1}"
1000,-200,60000,holdout,100,1026,0,775,251,82,300,644,-139099,-135.57407407407408,-202.0,-154217,-150.30896686159844,-202.0,-15118,-14.734892787524366,0.0,-19.50709677419355,0.0,169,66,540,0.7191489361702128,235,0.6585198055864645,103,14049,29,24227,66,3599,0,0,17648,32766,False,True,109.6,1,30,1,214,5,0,0,1026,0,0,2,"{""cut_target"": 29, ""harmful_exit"": 37, ""neutral_exit"": 540, ""no_active_exit"": 251, ""saved_stop"": 103, ""timeout_improved"": 66}","{""candidate_after_baseline_exit"": 214, ""candidate_after_max_hold"": 5, ""no_candidate"": 30, ""none"": 775, ""not_active_exit_eligible"": 1, ""stale_data_no_action"": 1}"
1000,-200,120000,train,100,1027,0,758,269,105,380,542,-117360,-114.27458617332034,-209.0,-148899,-144.9844206426485,-202.0,-31539,-30.70983446932814,0.0,-41.608179419525065,0.0,227,95,436,0.7049689440993789,322,0.6529754900053699,168,23258,54,47075,59,2567,0,0,25825,57364,False,True,173.9,6,20,0,243,0,0,0,1027,0,0,3,"{""cut_target"": 54, ""harmful_exit"": 41, ""neutral_exit"": 436, ""no_active_exit"": 269, ""saved_stop"": 168, ""timeout_improved"": 59}","{""candidate_after_baseline_exit"": 243, ""no_candidate"": 20, ""none"": 758, ""stale_data_no_action"": 6}"
1000,-200,120000,validation,100,1026,0,786,240,100,334,592,-124362,-121.21052631578948,-202.0,-135816,-132.37426900584796,-202.0,-11454,-11.163742690058479,0.0,-14.572519083969466,0.0,219,61,506,0.7821428571428571,280,0.7301509371170491,161,21264,34,27806,58,2168,0,0,23432,34886,False,True,166.8,1,24,0,215,0,0,0,1026,0,0,2,"{""cut_target"": 34, ""harmful_exit"": 27, ""neutral_exit"": 506, ""no_active_exit"": 240, ""saved_stop"": 161, ""timeout_improved"": 58}","{""candidate_after_baseline_exit"": 215, ""no_candidate"": 24, ""none"": 786, ""stale_data_no_action"": 1}"
1000,-200,120000,holdout,100,1026,0,775,251,93,366,567,-135078,-131.6549707602339,-202.0,-154217,-150.30896686159844,-202.0,-19139,-18.653996101364523,0.0,-24.695483870967742,0.0,247,66,462,0.7891373801916933,313,0.7405790009362658,169,20611,40,35699,78,3207,0,0,23818,42957,False,True,176.8,1,30,1,218,1,0,0,1026,0,0,2,"{""cut_target"": 40, ""harmful_exit"": 26, ""neutral_exit"": 462, ""no_active_exit"": 251, ""saved_stop"": 169, ""timeout_improved"": 78}","{""candidate_after_baseline_exit"": 218, ""candidate_after_max_hold"": 1, ""no_candidate"": 30, ""none"": 775, ""not_active_exit_eligible"": 1, ""stale_data_no_action"": 1}"
1000,-300,30000,train,100,1027,0,781,246,72,255,700,-160497,-156.27750730282375,-202.0,-166019,-161.6543330087634,-202.0,-5522,-5.37682570593963,0.0,-7.070422535211268,0.0,126,76,579,0.6237623762376238,202,0.5552330735548678,68,16040,20,14057,58,5279,0,0,21319,26841,False,True,73.8,6,20,0,199,21,0,0,1027,0,0,2,"{""cut_target"": 20, ""harmful_exit"": 56, ""neutral_exit"": 579, ""no_active_exit"": 246, ""saved_stop"": 68, ""timeout_improved"": 58}","{""candidate_after_baseline_exit"": 199, ""candidate_after_max_hold"": 21, ""no_candidate"": 20, ""none"": 781, ""stale_data_no_action"": 6}"
1000,-300,30000,validation,100,1026,0,798,228,82,212,732,-152159,-148.30311890838206,-202.0,-151235,-147.40253411306043,-202.0,924,0.9005847953216374,0.0,1.1578947368421053,0.0,88,45,665,0.6616541353383458,133,0.5777115387909566,53,14713,16,13480,35,3516,0,0,18229,17305,False,True,56.5,1,24,0,172,31,0,0,1026,0,0,2,"{""cut_target"": 16, ""harmful_exit"": 29, ""neutral_exit"": 665, ""no_active_exit"": 228, ""saved_stop"": 53, ""timeout_improved"": 35}","{""candidate_after_baseline_exit"": 172, ""candidate_after_max_hold"": 31, ""no_candidate"": 24, ""none"": 798, ""stale_data_no_action"": 1}"
1000,-300,30000,holdout,100,1026,0,792,234,74,227,725,-162255,-158.14327485380116,-202.0,-172853,-168.47270955165692,-202.0,-10598,-10.329434697855751,0.0,-13.381313131313131,0.0,111,55,626,0.6686746987951807,166,0.5939686810029591,49,12389,22,19922,62,5183,0,0,17572,28170,False,True,55.2,1,30,1,169,33,0,0,1026,0,0,2,"{""cut_target"": 22, ""harmful_exit"": 33, ""neutral_exit"": 626, ""no_active_exit"": 234, ""saved_stop"": 49, ""timeout_improved"": 62}","{""candidate_after_baseline_exit"": 169, ""candidate_after_max_hold"": 33, ""no_candidate"": 30, ""none"": 792, ""not_active_exit_eligible"": 1, ""stale_data_no_action"": 1}"
1000,-300,60000,train,100,1027,0,782,245,92,290,645,-147790,-143.90457643622202,-202.0,-166782,-162.3972736124635,-202.0,-18992,-18.49269717624148,0.0,-24.286445012787723,0.0,180,97,505,0.6498194945848376,277,0.5919421349670478,103,24828,40,33626,77,6854,0,0,31682,50674,False,True,110.7,6,20,0,218,1,0,0,1027,0,0,3,"{""cut_target"": 40, ""harmful_exit"": 57, ""neutral_exit"": 505, ""no_active_exit"": 245, ""saved_stop"": 103, ""timeout_improved"": 77}","{""candidate_after_baseline_exit"": 218, ""candidate_after_max_hold"": 1, ""no_candidate"": 20, ""none"": 782, ""stale_data_no_action"": 6}"
1000,-300,60000,validation,100,1026,0,799,227,97,236,693,-142019,-138.42007797270955,-202.0,-151063,-147.23489278752436,-202.0,-9044,-8.814814814814815,0.0,-11.319148936170214,0.0,144,69,586,0.676056338028169,213,0.6105715525864809,77,19633,30,24476,67,4389,0,0,24022,33066,False,True,83.7,1,24,0,198,4,0,0,1026,0,0,2,"{""cut_target"": 30, ""harmful_exit"": 39, ""neutral_exit"": 586, ""no_active_exit"": 227, ""saved_stop"": 77, ""timeout_improved"": 67}","{""candidate_after_baseline_exit"": 198, ""candidate_after_max_hold"": 4, ""no_candidate"": 24, ""none"": 799, ""stale_data_no_action"": 1}"
1000,-300,60000,holdout,100,1026,0,793,233,89,267,670,-155923,-151.97173489278754,-202.0,-172802,-168.42300194931775,-202.0,-16879,-16.451267056530213,0.0,-21.284993694829762,0.0,170,76,547,0.6910569105691057,246,0.6307496639265019,88,19691,36,31390,82,5704,0,0,25395,42274,False,True,96.2,1,30,1,196,5,0,0,1026,0,0,2,"{""cut_target"": 36, ""harmful_exit"": 40, ""neutral_exit"": 547, ""no_active_exit"": 233, ""saved_stop"": 88, ""timeout_improved"": 82}","{""candidate_after_baseline_exit"": 196, ""candidate_after_max_hold"": 5, ""no_candidate"": 30, ""none"": 793, ""not_active_exit_eligible"": 1, ""stale_data_no_action"": 1}"
1000,-300,120000,train,100,1027,0,782,245,108,322,597,-147634,-143.7526777020448,-208.0,-166782,-162.3972736124635,-202.0,-19148,-18.644595910418694,0.0,-24.485933503836318,0.0,240,101,441,0.7038123167155426,341,0.6532991734086778,135,32630,56,49555,105,9072,0,0,41702,60850,False,True,145.5,6,20,0,219,0,0,0,1027,0,0,3,"{""cut_target"": 56, ""harmful_exit"": 45, ""neutral_exit"": 441, ""no_active_exit"": 245, ""saved_stop"": 135, ""timeout_improved"": 105}","{""candidate_after_baseline_exit"": 219, ""no_candidate"": 20, ""none"": 782, ""stale_data_no_action"": 6}"
1000,-300,120000,validation,100,1026,0,799,227,105,287,634,-148819,-145.04775828460038,-202.0,-151063,-147.23489278752436,-202.0,-2244,-2.1871345029239766,0.0,-2.8085106382978724,0.0,224,65,510,0.7750865051903114,289,0.7235214361646669,128,30362,38,32643,96,7117,0,0,37479,39723,False,True,137.6,1,24,0,202,0,0,0,1026,0,0,2,"{""cut_target"": 38, ""harmful_exit"": 27, ""neutral_exit"": 510, ""no_active_exit"": 227, ""saved_stop"": 128, ""timeout_improved"": 96}","{""candidate_after_baseline_exit"": 202, ""no_candidate"": 24, ""none"": 799, ""stale_data_no_action"": 1}"
1000,-300,120000,holdout,100,1026,0,793,233,101,320,605,-159516,-155.47368421052633,-202.0,-172802,-168.42300194931775,-202.0,-13286,-12.949317738791423,0.0,-16.75409836065574,0.0,251,74,468,0.7723076923076924,325,0.7236915795828106,141,30211,48,43954,110,7715,0,0,37926,51212,False,True,152.0,1,30,1,200,1,0,0,1026,0,0,2,"{""cut_target"": 48, ""harmful_exit"": 26, ""neutral_exit"": 468, ""no_active_exit"": 233, ""saved_stop"": 141, ""timeout_improved"": 110}","{""candidate_after_baseline_exit"": 200, ""candidate_after_max_hold"": 1, ""no_candidate"": 30, ""none"": 793, ""not_active_exit_eligible"": 1, ""stale_data_no_action"": 1}"
1000,-500,30000,train,100,1027,0,807,220,78,218,731,-197935,-192.73125608568645,-202.0,-194897,-189.77312560856865,-202.0,3038,2.9581304771178187,0.0,3.76456009913259,0.0,138,80,589,0.6330275229357798,218,0.5672580013558614,61,23142,22,16465,77,10084,0,0,33226,30188,False,True,68.7,6,20,0,173,21,0,0,1027,0,0,2,"{""cut_target"": 22, ""harmful_exit"": 58, ""neutral_exit"": 589, ""no_active_exit"": 220, ""saved_stop"": 61, ""timeout_improved"": 77}","{""candidate_after_baseline_exit"": 173, ""candidate_after_max_hold"": 21, ""no_candidate"": 20, ""none"": 807, ""stale_data_no_action"": 6}"
1000,-500,30000,validation,100,1026,0,821,205,85,178,763,-184788,-180.10526315789474,-202.0,-176916,-172.4327485380117,-202.0,7872,7.6725146198830405,0.0,9.588306942752741,0.0,94,50,677,0.6527777777777778,144,0.5719628693574034,44,19366,17,14497,50,8079,0,0,27445,19573,False,True,49.0,1,24,0,149,31,0,0,1026,0,0,3,"{""cut_target"": 17, ""harmful_exit"": 33, ""neutral_exit"": 677, ""no_active_exit"": 205, ""saved_stop"": 44, ""timeout_improved"": 50}","{""candidate_after_baseline_exit"": 149, ""candidate_after_max_hold"": 31, ""no_candidate"": 24, ""none"": 821, ""stale_data_no_action"": 1}"
1000,-500,30000,holdout,100,1026,0,816,210,80,199,747,-192457,-187.57992202729045,-202.0,-197053,-192.05945419103313,-202.0,-4596,-4.47953216374269,0.0,-5.632352941176471,0.0,124,61,631,0.6702702702702703,185,0.5996664674503053,51,20098,23,21253,73,7281,0,0,27379,31975,False,True,58.3,1,30,1,145,33,0,0,1026,0,0,2,"{""cut_target"": 23, ""harmful_exit"": 38, ""neutral_exit"": 631, ""no_active_exit"": 210, ""saved_stop"": 51, ""timeout_improved"": 73}","{""candidate_after_baseline_exit"": 145, ""candidate_after_max_hold"": 33, ""no_candidate"": 30, ""none"": 816, ""not_active_exit_eligible"": 1, ""stale_data_no_action"": 1}"
1000,-500,60000,train,100,1027,0,808,219,99,250,678,-189659,-184.6728334956183,-202.0,-195660,-190.51606621226875,-202.0,-6001,-5.843232716650438,0.0,-7.426980198019802,0.0,193,103,512,0.652027027027027,296,0.59612936653351,93,37111,43,37448,100,12666,0,0,49777,55778,False,True,103.0,6,20,0,192,1,0,0,1027,0,0,3,"{""cut_target"": 43, ""harmful_exit"": 60, ""neutral_exit"": 512, ""no_active_exit"": 219, ""saved_stop"": 93, ""timeout_improved"": 100}","{""candidate_after_baseline_exit"": 192, ""candidate_after_max_hold"": 1, ""no_candidate"": 20, ""none"": 808, ""stale_data_no_action"": 6}"
1000,-500,60000,validation,100,1026,0,822,204,103,197,726,-176474,-172.0019493177388,-202.0,-176744,-172.26510721247564,-202.0,-270,-0.2631578947368421,0.0,-0.3284671532846715,0.0,154,74,594,0.6754385964912281,228,0.6121926432829407,63,26745,34,29120,91,10868,0,0,37613,37883,False,True,72.1,1,24,0,175,4,0,0,1026,0,0,2,"{""cut_target"": 34, ""harmful_exit"": 40, ""neutral_exit"": 594, ""no_active_exit"": 204, ""saved_stop"": 63, ""timeout_improved"": 91}","{""candidate_after_baseline_exit"": 175, ""candidate_after_max_hold"": 4, ""no_candidate"": 24, ""none"": 822, ""stale_data_no_action"": 1}"
1000,-500,60000,holdout,100,1026,0,817,209,100,230,696,-187029,-182.28947368421052,-202.0,-196178,-191.2066276803119,-202.0,-9149,-8.917153996101364,0.0,-11.19828641370869,0.0,183,84,550,0.6853932584269663,267,0.627398809704337,82,31715,41,38244,101,9658,0,0,41373,50522,False,True,92.1,1,30,1,172,5,0,0,1026,0,0,2,"{""cut_target"": 41, ""harmful_exit"": 43, ""neutral_exit"": 550, ""no_active_exit"": 209, ""saved_stop"": 82, ""timeout_improved"": 101}","{""candidate_after_baseline_exit"": 172, ""candidate_after_max_hold"": 5, ""no_candidate"": 30, ""none"": 817, ""not_active_exit_eligible"": 1, ""stale_data_no_action"": 1}"
1000,-500,120000,train,100,1027,0,808,219,118,277,632,-191726,-186.6854917234664,-207.0,-195660,-190.51606621226875,-202.0,-3934,-3.8305744888023368,0.0,-4.868811881188119,0.0,251,109,448,0.6972222222222222,360,0.6478834306698608,120,49094,62,56443,131,15345,0,0,64439,68373,False,True,133.1,6,20,0,193,0,0,0,1027,0,0,3,"{""cut_target"": 62, ""harmful_exit"": 47, ""neutral_exit"": 448, ""no_active_exit"": 219, ""saved_stop"": 120, ""timeout_improved"": 131}","{""candidate_after_baseline_exit"": 193, ""no_candidate"": 20, ""none"": 808, ""stale_data_no_action"": 6}"
1000,-500,120000,validation,100,1026,0,822,204,111,243,672,-192987,-188.09649122807016,-202.0,-176744,-172.26510721247564,-202.0,16243,15.831384015594542,0.0,19.760340632603405,0.0,237,71,514,0.7694805194805194,308,0.7192983115406093,109,44592,42,37287,128,16207,0,0,60799,44556,False,True,121.8,1,24,0,179,0,0,0,1026,0,0,2,"{""cut_target"": 42, ""harmful_exit"": 29, ""neutral_exit"": 514, ""no_active_exit"": 204, ""saved_stop"": 109, ""timeout_improved"": 128}","{""candidate_after_baseline_exit"": 179, ""no_candidate"": 24, ""none"": 822, ""stale_data_no_action"": 1}"
1000,-500,120000,holdout,100,1026,0,817,209,114,275,637,-198158,-193.1364522417154,-202.0,-195555,-190.59941520467837,-202.0,2603,2.537037037037037,0.0,3.186046511627907,0.0,266,82,469,0.764367816091954,348,0.717042729636306,127,49157,55,52877,139,14419,0,0,63576,60973,False,True,140.9,1,30,1,176,1,0,0,1026,0,0,2,"{""cut_target"": 55, ""harmful_exit"": 27, ""neutral_exit"": 469, ""no_active_exit"": 209, ""saved_stop"": 127, ""timeout_improved"": 139}","{""candidate_after_baseline_exit"": 176, ""candidate_after_max_hold"": 1, ""no_candidate"": 30, ""none"": 817, ""not_active_exit_eligible"": 1, ""stale_data_no_action"": 1}"
1000,-700,30000,train,100,1027,0,822,205,83,189,755,-230412,-224.35443037974684,-202.0,-222012,-216.17526777020447,-202.0,8400,8.179162609542356,0.0,10.218978102189782,0.0,140,84,598,0.625,224,0.5599952737983928,49,28111,25,20789,91,15152,0,0,43263,34863,False,True,58.1,6,20,0,158,21,0,0,1027,0,0,2,"{""cut_target"": 25, ""harmful_exit"": 59, ""neutral_exit"": 598, ""no_active_exit"": 205, ""saved_stop"": 49, ""timeout_improved"": 91}","{""candidate_after_baseline_exit"": 158, ""candidate_after_max_hold"": 21, ""no_candidate"": 20, ""none"": 822, ""stale_data_no_action"": 6}"
1000,-700,30000,validation,100,1026,0,841,185,87,149,790,-212720,-207.32943469785576,-202.0,-202231,-197.10623781676412,-202.0,10489,10.223196881091617,0.0,12.47205707491082,0.0,97,54,690,0.6423841059602649,151,0.5632754823580859,35,19750,19,17210,62,14073,0,0,33823,23334,False,True,41.2,1,24,0,129,31,0,0,1026,0,0,3,"{""cut_target"": 19, ""harmful_exit"": 35, ""neutral_exit"": 690, ""no_active_exit"": 185, ""saved_stop"": 35, ""timeout_improved"": 62}","{""candidate_after_baseline_exit"": 129, ""candidate_after_max_hold"": 31, ""no_candidate"": 24, ""none"": 841, ""stale_data_no_action"": 1}"
1000,-700,30000,holdout,100,1026,0,841,185,85,157,784,-217968,-212.44444444444446,-202.0,-222556,-216.91617933723197,-202.0,-4588,-4.4717348927875245,0.0,-5.455410225921522,0.0,124,69,648,0.6424870466321243,193,0.5726959541810317,36,20921,27,27227,88,14719,0,0,35640,40228,False,True,44.8,1,30,1,120,33,0,0,1026,0,0,2,"{""cut_target"": 27, ""harmful_exit"": 42, ""neutral_exit"": 648, ""no_active_exit"": 185, ""saved_stop"": 36, ""timeout_improved"": 88}","{""candidate_after_baseline_exit"": 120, ""candidate_after_max_hold"": 33, ""no_candidate"": 30, ""none"": 841, ""not_active_exit_eligible"": 1, ""stale_data_no_action"": 1}"
1000,-700,60000,train,100,1027,0,823,204,104,213,710,-227716,-221.72930866601752,-202.0,-222775,-216.91820837390458,-202.0,4941,4.81110029211295,0.0,6.003645200486027,0.0,196,107,520,0.6468646864686468,303,0.5915172716025633,73,43681,46,41772,123,21371,0,0,65052,60111,False,True,85.3,6,20,0,177,1,0,0,1027,0,0,3,"{""cut_target"": 46, ""harmful_exit"": 61, ""neutral_exit"": 520, ""no_active_exit"": 204, ""saved_stop"": 73, ""timeout_improved"": 123}","{""candidate_after_baseline_exit"": 177, ""candidate_after_max_hold"": 1, ""no_candidate"": 20, ""none"": 823, ""stale_data_no_action"": 6}"
1000,-700,60000,validation,100,1026,0,842,184,107,166,753,-204851,-199.6598440545809,-202.0,-202059,-196.93859649122808,-202.0,2792,2.7212475633528266,0.0,3.315914489311164,0.0,155,80,607,0.6595744680851063,235,0.5968584296723136,52,31090,38,34351,103,15872,0,0,46962,44170,False,True,62.3,1,24,0,155,4,0,0,1026,0,0,2,"{""cut_target"": 38, ""harmful_exit"": 42, ""neutral_exit"": 607, ""no_active_exit"": 184, ""saved_stop"": 52, ""timeout_improved"": 103}","{""candidate_after_baseline_exit"": 155, ""candidate_after_max_hold"": 4, ""no_candidate"": 24, ""none"": 842, ""stale_data_no_action"": 1}"
1000,-700,60000,holdout,100,1026,0,843,183,109,186,731,-214369,-208.9366471734893,-202.0,-221602,-215.98635477582846,-202.0,-7233,-7.049707602339181,0.0,-8.580071174377224,0.0,184,94,565,0.6618705035971223,278,0.6043903537732351,65,35969,49,48931,119,19018,0,0,54987,62220,False,True,76.9,1,30,1,146,5,0,0,1026,0,0,2,"{""cut_target"": 49, ""harmful_exit"": 45, ""neutral_exit"": 565, ""no_active_exit"": 183, ""saved_stop"": 65, ""timeout_improved"": 119}","{""candidate_after_baseline_exit"": 146, ""candidate_after_max_hold"": 5, ""no_candidate"": 30, ""none"": 843, ""not_active_exit_eligible"": 1, ""stale_data_no_action"": 1}"
1000,-700,120000,train,100,1027,0,823,204,123,231,673,-233866,-227.7176241480039,-204.0,-222775,-216.91820837390458,-202.0,11091,10.799415774099318,0.0,13.476306196840826,0.0,256,112,455,0.6956521739130435,368,0.646819083609994,91,54224,65,60767,165,29564,0,0,83788,72697,False,True,107.5,6,20,0,178,0,0,0,1027,0,0,3,"{""cut_target"": 65, ""harmful_exit"": 47, ""neutral_exit"": 455, ""no_active_exit"": 204, ""saved_stop"": 91, ""timeout_improved"": 165}","{""candidate_after_baseline_exit"": 178, ""no_candidate"": 20, ""none"": 823, ""stale_data_no_action"": 6}"
1000,-700,120000,validation,100,1026,0,842,184,117,180,729,-224925,-219.2251461988304,-202.0,-202059,-196.93859649122808,-202.0,22866,22.28654970760234,0.0,27.156769596199524,0.0,240,77,525,0.7570977917981072,317,0.7069947302920563,66,39322,48,44684,174,35497,0,0,74819,51953,False,True,83.4,1,24,0,159,0,0,0,1026,0,0,2,"{""cut_target"": 48, ""harmful_exit"": 29, ""neutral_exit"": 525, ""no_active_exit"": 184, ""saved_stop"": 66, ""timeout_improved"": 174}","{""candidate_after_baseline_exit"": 159, ""no_candidate"": 24, ""none"": 842, ""stale_data_no_action"": 1}"
1000,-700,120000,holdout,100,1026,0,843,183,123,204,699,-230750,-224.90253411306043,-202.0,-220979,-215.37914230019493,-202.0,9771,9.523391812865498,0.0,11.590747330960854,0.0,270,93,480,0.743801652892562,363,0.6965047424983657,83,45470,63,63564,187,37229,0,0,82699,72928,False,True,101.7,1,30,1,150,1,0,0,1026,0,0,2,"{""cut_target"": 63, ""harmful_exit"": 30, ""neutral_exit"": 480, ""no_active_exit"": 183, ""saved_stop"": 83, ""timeout_improved"": 187}","{""candidate_after_baseline_exit"": 150, ""candidate_after_max_hold"": 1, ""no_candidate"": 30, ""none"": 843, ""not_active_exit_eligible"": 1, ""stale_data_no_action"": 1}"
1000,-1000,30000,train,100,1027,0,840,187,91,160,776,-265052,-258.0837390457644,-202.0,-253616,-246.94839337877312,-202.0,11436,11.135345666991237,0.0,13.614285714285714,0.0,142,94,604,0.6016949152542372,236,0.5380888827717748,41,34669,30,28655,101,20489,0,0,55158,43722,False,True,51.1,6,20,0,140,21,0,0,1027,0,0,2,"{""cut_target"": 30, ""harmful_exit"": 64, ""neutral_exit"": 604, ""no_active_exit"": 187, ""saved_stop"": 41, ""timeout_improved"": 101}","{""candidate_after_baseline_exit"": 140, ""candidate_after_max_hold"": 21, ""no_candidate"": 20, ""none"": 840, ""stale_data_no_action"": 6}"
1000,-1000,30000,validation,100,1026,0,854,172,91,129,806,-245103,-238.8918128654971,-202.0,-227657,-221.8879142300195,-202.0,17446,17.003898635477583,0.0,20.428571428571427,0.0,102,57,695,0.6415094339622641,159,0.5644399554980296,31,24306,20,18723,71,18432,0,0,42738,25292,False,True,38.1,1,24,0,116,31,0,0,1026,0,0,3,"{""cut_target"": 20, ""harmful_exit"": 37, ""neutral_exit"": 695, ""no_active_exit"": 172, ""saved_stop"": 31, ""timeout_improved"": 71}","{""candidate_after_baseline_exit"": 116, ""candidate_after_max_hold"": 31, ""no_candidate"": 24, ""none"": 854, ""stale_data_no_action"": 1}"
1000,-1000,30000,holdout,100,1026,0,856,170,88,135,803,-251596,-245.22027290448344,-202.0,-250789,-244.4337231968811,-202.0,807,0.7865497076023392,0.0,0.9427570093457944,0.0,130,73,653,0.6403940886699507,203,0.5723364473806991,31,23751,29,28712,99,19350,0,0,43101,42294,False,True,40.9,1,30,1,105,33,0,0,1026,0,0,2,"{""cut_target"": 29, ""harmful_exit"": 44, ""neutral_exit"": 653, ""no_active_exit"": 170, ""saved_stop"": 31, ""timeout_improved"": 99}","{""candidate_after_baseline_exit"": 105, ""candidate_after_max_hold"": 33, ""no_candidate"": 30, ""none"": 856, ""not_active_exit_eligible"": 1, ""stale_data_no_action"": 1}"
1000,-1000,60000,train,100,1027,0,841,186,115,184,728,-266363,-259.36027263875366,-202.0,-254379,-247.69133398247322,-202.0,11984,11.668938656280428,0.0,14.249702734839477,0.0,201,115,525,0.6360759493670886,316,0.581688372601312,65,56923,54,54284,136,27684,0,0,84607,72623,False,True,78.6,6,20,0,159,1,0,0,1027,0,0,3,"{""cut_target"": 54, ""harmful_exit"": 61, ""neutral_exit"": 525, ""no_active_exit"": 186, ""saved_stop"": 65, ""timeout_improved"": 136}","{""candidate_after_baseline_exit"": 159, ""candidate_after_max_hold"": 1, ""no_candidate"": 20, ""none"": 841, ""stale_data_no_action"": 6}"
1000,-1000,60000,validation,100,1026,0,855,171,112,143,771,-240855,-234.7514619883041,-202.0,-227485,-221.72027290448344,-202.0,13370,13.031189083820664,0.0,15.637426900584796,0.0,160,84,611,0.6557377049180327,244,0.5941223882205299,45,36528,40,36540,115,23438,0,0,59966,46596,False,True,56.5,1,24,0,142,4,0,0,1026,0,0,2,"{""cut_target"": 40, ""harmful_exit"": 44, ""neutral_exit"": 611, ""no_active_exit"": 171, ""saved_stop"": 45, ""timeout_improved"": 115}","{""candidate_after_baseline_exit"": 142, ""candidate_after_max_hold"": 4, ""no_candidate"": 24, ""none"": 855, ""stale_data_no_action"": 1}"
1000,-1000,60000,holdout,100,1026,0,858,168,115,154,757,-249032,-242.72124756335282,-202.0,-249510,-243.18713450292398,-202.0,-478,-0.46588693957115007,0.0,-0.5571095571095571,0.0,188,102,568,0.6482758620689655,290,0.5917055397188598,50,38251,53,53298,138,29611,0,0,67862,68340,False,True,63.8,1,30,1,131,5,0,0,1026,0,0,2,"{""cut_target"": 53, ""harmful_exit"": 49, ""neutral_exit"": 568, ""no_active_exit"": 168, ""saved_stop"": 50, ""timeout_improved"": 138}","{""candidate_after_baseline_exit"": 131, ""candidate_after_max_hold"": 5, ""no_candidate"": 30, ""none"": 858, ""not_active_exit_eligible"": 1, ""stale_data_no_action"": 1}"
1000,-1000,120000,train,100,1027,0,841,186,136,197,694,-272784,-265.6124634858812,-202.0,-254379,-247.69133398247322,-202.0,18405,17.921129503407986,0.0,21.884661117717002,0.0,259,122,460,0.6797900262467191,381,0.6313473114473553,78,68003,75,74634,181,36966,0,0,104969,86564,False,True,96.1,6,20,0,160,0,0,0,1027,0,0,3,"{""cut_target"": 75, ""harmful_exit"": 47, ""neutral_exit"": 460, ""no_active_exit"": 186, ""saved_stop"": 78, ""timeout_improved"": 181}","{""candidate_after_baseline_exit"": 160, ""no_candidate"": 20, ""none"": 841, ""stale_data_no_action"": 6}"
1000,-1000,120000,validation,100,1026,0,855,171,124,154,748,-260942,-254.32943469785576,-202.0,-227485,-221.72027290448344,-202.0,33457,32.60916179337232,0.0,39.13099415204678,0.0,245,82,528,0.7492354740061162,327,0.6995451655480426,56,45506,52,49077,189,44619,0,0,90125,56668,False,True,74.9,1,24,0,146,0,0,0,1026,0,0,2,"{""cut_target"": 52, ""harmful_exit"": 30, ""neutral_exit"": 528, ""no_active_exit"": 171, ""saved_stop"": 56, ""timeout_improved"": 189}","{""candidate_after_baseline_exit"": 146, ""no_candidate"": 24, ""none"": 855, ""stale_data_no_action"": 1}"
1000,-1000,120000,holdout,100,1026,0,858,168,130,171,725,-270911,-264.0458089668616,-202.0,-248887,-242.57992202729045,-202.0,22024,21.46588693957115,0.0,25.66899766899767,0.0,276,100,482,0.7340425531914894,376,0.6871787925054491,67,53751,68,69358,209,48134,0,0,101885,79861,False,True,87.9,1,30,1,135,1,0,0,1026,0,0,2,"{""cut_target"": 68, ""harmful_exit"": 32, ""neutral_exit"": 482, ""no_active_exit"": 168, ""saved_stop"": 67, ""timeout_improved"": 209}","{""candidate_after_baseline_exit"": 135, ""candidate_after_max_hold"": 1, ""no_candidate"": 30, ""none"": 858, ""not_active_exit_eligible"": 1, ""stale_data_no_action"": 1}"
1000,-1500,30000,train,100,1027,0,874,153,101,117,809,-301498,-293.5715676728335,-202.0,-290763,-283.11879259980526,-202.0,10735,10.452775073028237,0.0,12.282608695652174,0.0,155,108,611,0.5893536121673004,263,0.529027251228182,37,38691,37,42019,118,34567,0,0,73258,62523,False,True,48.8,6,20,0,106,21,0,0,1027,0,0,4,"{""cut_target"": 37, ""harmful_exit"": 71, ""neutral_exit"": 611, ""no_active_exit"": 153, ""saved_stop"": 37, ""timeout_improved"": 118}","{""candidate_after_baseline_exit"": 106, ""candidate_after_max_hold"": 21, ""no_candidate"": 20, ""none"": 874, ""stale_data_no_action"": 6}"
1000,-1500,30000,validation,100,1026,0,869,157,96,101,829,-279493,-272.4103313840156,-202.0,-260501,-253.89961013645225,-202.0,18992,18.510721247563353,0.0,21.85500575373993,0.0,108,65,696,0.6242774566473989,173,0.5501464716033039,24,26791,22,23154,84,27759,0,0,54550,35558,False,True,32.4,1,24,0,101,31,0,0,1026,0,0,3,"{""cut_target"": 22, ""harmful_exit"": 43, ""neutral_exit"": 696, ""no_active_exit"": 157, ""saved_stop"": 24, ""timeout_improved"": 84}","{""candidate_after_baseline_exit"": 101, ""candidate_after_max_hold"": 31, ""no_candidate"": 24, ""none"": 869, ""stale_data_no_action"": 1}"
1000,-1500,30000,holdout,100,1026,0,877,149,95,102,829,-288961,-281.63840155945417,-202.0,-282734,-275.5692007797271,-202.0,6227,6.069200779727096,0.0,7.100342075256556,0.0,139,80,658,0.634703196347032,219,0.5691179157898559,26,28541,32,33455,113,27582,0,0,56123,49896,False,True,37.3,1,30,1,84,33,0,0,1026,0,0,2,"{""cut_target"": 32, ""harmful_exit"": 48, ""neutral_exit"": 658, ""no_active_exit"": 149, ""saved_stop"": 26, ""timeout_improved"": 113}","{""candidate_after_baseline_exit"": 84, ""candidate_after_max_hold"": 33, ""no_candidate"": 30, ""none"": 877, ""not_active_exit_eligible"": 1, ""stale_data_no_action"": 1}"
1000,-1500,60000,train,100,1027,0,876,151,132,136,759,-300424,-292.5258033106134,-202.0,-291011,-283.36027263875366,-202.0,9413,9.165530671859786,0.0,10.745433789954339,0.0,211,133,532,0.6133720930232558,344,0.5609287681103841,56,65079,67,79349,155,44872,0,0,109951,100538,False,True,71.5,6,20,0,124,1,0,0,1027,0,0,3,"{""cut_target"": 67, ""harmful_exit"": 66, ""neutral_exit"": 532, ""no_active_exit"": 151, ""saved_stop"": 56, ""timeout_improved"": 155}","{""candidate_after_baseline_exit"": 124, ""candidate_after_max_hold"": 1, ""no_candidate"": 20, ""none"": 876, ""stale_data_no_action"": 6}"
1000,-1500,60000,validation,100,1026,0,872,154,121,117,788,-282841,-275.6734892787524,-202.0,-261499,-254.87231968810917,-202.0,21342,20.801169590643276,0.0,24.474770642201836,0.0,168,92,612,0.6461538461538462,260,0.586289851611131,39,45751,46,46753,129,34528,0,0,80279,58937,False,True,51.9,1,24,0,125,4,0,0,1026,0,0,2,"{""cut_target"": 46, ""harmful_exit"": 46, ""neutral_exit"": 612, ""no_active_exit"": 154, ""saved_stop"": 39, ""timeout_improved"": 129}","{""candidate_after_baseline_exit"": 125, ""candidate_after_max_hold"": 4, ""no_candidate"": 24, ""none"": 872, ""stale_data_no_action"": 1}"
1000,-1500,60000,holdout,100,1026,0,882,144,126,122,778,-289250,-281.9200779727096,-202.0,-281254,-274.1267056530214,-202.0,7996,7.7933723196881095,0.0,9.065759637188208,0.0,197,113,572,0.635483870967742,310,0.5805516805619328,46,50099,60,64191,151,39314,0,0,89413,81417,False,True,61.1,1,30,1,107,5,0,0,1026,0,0,2,"{""cut_target"": 60, ""harmful_exit"": 53, ""neutral_exit"": 572, ""no_active_exit"": 144, ""saved_stop"": 46, ""timeout_improved"": 151}","{""candidate_after_baseline_exit"": 107, ""candidate_after_max_hold"": 5, ""no_candidate"": 30, ""none"": 882, ""not_active_exit_eligible"": 1, ""stale_data_no_action"": 1}"
1000,-1500,120000,train,100,1027,0,876,151,155,150,722,-314754,-306.4790652385589,-202.0,-291011,-283.36027263875366,-202.0,23743,23.118792599805257,0.0,27.10388127853881,0.0,274,138,464,0.6650485436893204,412,0.6181352391029926,70,81903,90,102369,204,56608,0,0,138511,114768,False,True,90.4,6,20,0,125,0,0,0,1027,0,0,3,"{""cut_target"": 90, ""harmful_exit"": 48, ""neutral_exit"": 464, ""no_active_exit"": 151, ""saved_stop"": 70, ""timeout_improved"": 204}","{""candidate_after_baseline_exit"": 125, ""no_candidate"": 20, ""none"": 876, ""stale_data_no_action"": 6}"
1000,-1500,120000,validation,100,1026,0,872,154,135,126,765,-304917,-297.1900584795322,-202.0,-261499,-254.87231968810917,-202.0,43418,42.317738791423004,0.0,49.79128440366973,0.0,252,91,529,0.7346938775510204,343,0.6855586272148755,48,58633,60,62460,204,54922,0,0,113555,70137,False,True,68.4,1,24,0,129,0,0,0,1026,0,0,2,"{""cut_target"": 60, ""harmful_exit"": 31, ""neutral_exit"": 529, ""no_active_exit"": 154, ""saved_stop"": 48, ""timeout_improved"": 204}","{""candidate_after_baseline_exit"": 129, ""no_candidate"": 24, ""none"": 872, ""stale_data_no_action"": 1}"
1000,-1500,120000,holdout,100,1026,0,882,144,144,139,743,-314972,-306.99025341130607,-202.0,-280631,-273.5194931773879,-202.0,34341,33.47076023391813,0.0,38.935374149659864,0.0,286,111,485,0.7204030226700252,397,0.6743045288646252,63,66839,78,84172,223,62335,0,0,129174,94833,False,True,85.3,1,30,1,111,1,0,0,1026,0,0,2,"{""cut_target"": 78, ""harmful_exit"": 33, ""neutral_exit"": 485, ""no_active_exit"": 144, ""saved_stop"": 63, ""timeout_improved"": 223}","{""candidate_after_baseline_exit"": 111, ""candidate_after_max_hold"": 1, ""no_candidate"": 30, ""none"": 882, ""not_active_exit_eligible"": 1, ""stale_data_no_action"": 1}"
1000,-2000,30000,train,100,1027,0,895,132,105,87,835,-328274,-319.6436222005842,-202.0,-319514,-311.11392405063293,-202.0,8760,8.529698149951315,0.0,9.787709497206704,0.0,160,117,618,0.5776173285198556,277,0.5187774541956466,29,40527,40,49820,131,44159,0,0,84686,75926,False,True,42.1,6,20,0,85,21,0,0,1027,0,0,4,"{""cut_target"": 40, ""harmful_exit"": 77, ""neutral_exit"": 618, ""no_active_exit"": 132, ""saved_stop"": 29, ""timeout_improved"": 131}","{""candidate_after_baseline_exit"": 85, ""candidate_after_max_hold"": 21, ""no_candidate"": 20, ""none"": 895, ""stale_data_no_action"": 6}"
1000,-2000,30000,validation,100,1026,0,880,146,101,84,841,-309835,-301.9834307992203,-202.0,-280215,-273.1140350877193,-202.0,29620,28.869395711500974,0.0,33.65909090909091,0.0,115,66,699,0.6353591160220995,181,0.5631000092791226,24,35299,23,25716,91,32441,0,0,67740,38120,False,True,33.1,1,24,0,90,31,0,0,1026,0,0,3,"{""cut_target"": 23, ""harmful_exit"": 43, ""neutral_exit"": 699, ""no_active_exit"": 146, ""saved_stop"": 24, ""timeout_improved"": 91}","{""candidate_after_baseline_exit"": 90, ""candidate_after_max_hold"": 31, ""no_candidate"": 24, ""none"": 880, ""stale_data_no_action"": 1}"
1000,-2000,30000,holdout,100,1026,0,888,138,96,90,840,-327704,-319.3996101364522,-202.0,-315138,-307.15204678362574,-202.0,12566,12.24756335282651,0.0,14.1509009009009,0.0,142,86,660,0.6228070175438597,228,0.5583495721883688,26,36687,33,35976,116,29963,0,0,66650,54084,False,True,37.6,1,30,1,73,33,0,0,1026,0,0,2,"{""cut_target"": 33, ""harmful_exit"": 53, ""neutral_exit"": 660, ""no_active_exit"": 138, ""saved_stop"": 26, ""timeout_improved"": 116}","{""candidate_after_baseline_exit"": 73, ""candidate_after_max_hold"": 33, ""no_candidate"": 30, ""none"": 888, ""not_active_exit_eligible"": 1, ""stale_data_no_action"": 1}"
1000,-2000,60000,train,100,1027,0,897,130,140,115,772,-335102,-326.2921129503408,-202.0,-319762,-311.3554040895813,-202.0,15340,14.936708860759493,0.0,17.10144927536232,0.0,218,142,537,0.6055555555555555,360,0.5542104396336061,57,81790,74,94273,161,50390,0,0,132180,116840,False,False,73.1,6,20,0,103,1,0,0,1027,0,0,3,"{""cut_target"": 74, ""harmful_exit"": 68, ""neutral_exit"": 537, ""no_active_exit"": 130, ""saved_stop"": 57, ""timeout_improved"": 161}","{""candidate_after_baseline_exit"": 103, ""candidate_after_max_hold"": 1, ""no_candidate"": 20, ""none"": 897, ""stale_data_no_action"": 6}"
1000,-2000,60000,validation,100,1026,0,884,142,126,101,799,-319126,-311.03898635477583,-202.0,-282342,-275.187134502924,-202.0,36784,35.851851851851855,0.0,41.61085972850679,0.0,175,94,615,0.6505576208178439,269,0.5918232813723227,39,57468,47,49315,136,42786,0,0,100254,63470,False,True,52.6,1,24,0,113,4,0,0,1026,0,0,2,"{""cut_target"": 47, ""harmful_exit"": 47, ""neutral_exit"": 615, ""no_active_exit"": 142, ""saved_stop"": 39, ""timeout_improved"": 136}","{""candidate_after_baseline_exit"": 113, ""candidate_after_max_hold"": 4, ""no_candidate"": 24, ""none"": 884, ""stale_data_no_action"": 1}"
1000,-2000,60000,holdout,100,1026,0,893,133,129,103,794,-331120,-322.729044834308,-202.0,-312299,-304.38499025341133,-202.0,18821,18.344054580896685,0.0,21.076147816349383,0.0,201,119,573,0.628125,320,0.5739447371073201,39,56635,62,69187,162,50938,0,0,107573,88752,False,False,55.2,1,30,1,96,5,0,0,1026,0,0,2,"{""cut_target"": 62, ""harmful_exit"": 57, ""neutral_exit"": 573, ""no_active_exit"": 133, ""saved_stop"": 39, ""timeout_improved"": 162}","{""candidate_after_baseline_exit"": 96, ""candidate_after_max_hold"": 5, ""no_candidate"": 30, ""none"": 893, ""not_active_exit_eligible"": 1, ""stale_data_no_action"": 1}"
1000,-2000,120000,train,100,1027,0,897,130,164,129,734,-356754,-347.3748782862707,-202.0,-319762,-311.3554040895813,-202.0,36992,36.01947419668939,0.0,41.239687848383504,0.0,281,148,468,0.655011655011655,429,0.6088320916898784,71,106605,98,119490,210,62709,0,0,169314,132322,False,False,92.0,6,20,0,104,0,0,0,1027,0,0,3,"{""cut_target"": 98, ""harmful_exit"": 50, ""neutral_exit"": 468, ""no_active_exit"": 130, ""saved_stop"": 71, ""timeout_improved"": 210}","{""candidate_after_baseline_exit"": 104, ""no_candidate"": 20, ""none"": 897, ""stale_data_no_action"": 6}"
1000,-2000,120000,validation,100,1026,0,884,142,142,105,779,-341146,-332.5009746588694,-202.0,-282342,-275.187134502924,-202.0,58804,57.31384015594542,0.0,66.52036199095022,0.0,259,94,531,0.7337110481586402,353,0.6852645137321313,43,65121,63,68313,216,69673,0,0,134794,75990,False,True,64.6,1,24,0,117,0,0,0,1026,0,0,2,"{""cut_target"": 63, ""harmful_exit"": 31, ""neutral_exit"": 531, ""no_active_exit"": 142, ""saved_stop"": 43, ""timeout_improved"": 216}","{""candidate_after_baseline_exit"": 117, ""no_candidate"": 24, ""none"": 884, ""stale_data_no_action"": 1}"
1000,-2000,120000,holdout,100,1026,0,893,133,150,114,762,-356514,-347.4795321637427,-202.0,-311676,-303.77777777777777,-202.0,44838,43.70175438596491,0.0,50.21052631578947,0.0,289,118,486,0.7100737100737101,407,0.66419160316188,50,74070,83,95048,239,78176,0,0,152246,107408,False,False,73.9,1,30,1,100,1,0,0,1026,0,0,2,"{""cut_target"": 83, ""harmful_exit"": 35, ""neutral_exit"": 486, ""no_active_exit"": 133, ""saved_stop"": 50, ""timeout_improved"": 239}","{""candidate_after_baseline_exit"": 100, ""candidate_after_max_hold"": 1, ""no_candidate"": 30, ""none"": 893, ""not_active_exit_eligible"": 1, ""stale_data_no_action"": 1}"
1000,-3000,30000,train,100,1027,0,918,109,108,54,865,-371460,-361.69425511197664,-202.0,-344357,-335.30379746835445,-202.0,27103,26.390457643622202,0.0,29.5239651416122,0.0,172,125,621,0.5791245791245792,297,0.5223169266730511,24,37952,40,49820,148,69050,0,0,107002,79899,False,False,38.8,6,20,0,62,21,0,0,1027,0,0,3,"{""cut_target"": 40, ""harmful_exit"": 85, ""neutral_exit"": 621, ""no_active_exit"": 109, ""saved_stop"": 24, ""timeout_improved"": 148}","{""candidate_after_baseline_exit"": 62, ""candidate_after_max_hold"": 21, ""no_candidate"": 20, ""none"": 918, ""stale_data_no_action"": 6}"
1000,-3000,30000,validation,100,1026,0,905,121,103,61,862,-367836,-358.51461988304095,-202.0,-310801,-302.92495126705654,-202.0,57035,55.58966861598441,0.0,63.02209944751381,0.0,131,69,705,0.655,200,0.5867558925905368,29,48364,23,25716,102,47288,0,0,95652,38617,False,True,39.2,1,24,0,65,31,0,0,1026,0,0,3,"{""cut_target"": 23, ""harmful_exit"": 46, ""neutral_exit"": 705, ""no_active_exit"": 121, ""saved_stop"": 29, ""timeout_improved"": 102}","{""candidate_after_baseline_exit"": 65, ""candidate_after_max_hold"": 31, ""no_candidate"": 24, ""none"": 905, ""stale_data_no_action"": 1}"
1000,-3000,30000,holdout,100,1026,0,907,119,101,53,872,-364927,-355.6793372319688,-202.0,-337041,-328.5,-202.0,27886,27.179337231968812,0.0,30.74531422271224,0.0,152,92,663,0.6229508196721312,244,0.5606775804769295,17,30891,33,35976,135,54342,0,0,85233,57347,False,False,30.5,1,30,1,54,33,0,0,1026,0,0,2,"{""cut_target"": 33, ""harmful_exit"": 59, ""neutral_exit"": 663, ""no_active_exit"": 119, ""saved_stop"": 17, ""timeout_improved"": 135}","{""candidate_after_baseline_exit"": 54, ""candidate_after_max_hold"": 33, ""no_candidate"": 30, ""none"": 907, ""not_active_exit_eligible"": 1, ""stale_data_no_action"": 1}"
1000,-3000,60000,train,100,1027,0,922,105,146,69,812,-385929,-375.78286270691336,-202.0,-343657,-334.6222005842259,-202.0,42272,41.16066212268744,0.0,45.848156182212584,0.0,229,153,540,0.599476439790576,382,0.5495833486894665,39,73054,77,98324,190,94035,0,0,167089,124817,False,False,58.0,6,20,0,78,1,0,0,1027,0,0,3,"{""cut_target"": 77, ""harmful_exit"": 76, ""neutral_exit"": 540, ""no_active_exit"": 105, ""saved_stop"": 39, ""timeout_improved"": 190}","{""candidate_after_baseline_exit"": 78, ""candidate_after_max_hold"": 1, ""no_candidate"": 20, ""none"": 922, ""stale_data_no_action"": 6}"
1000,-3000,60000,validation,100,1026,0,911,115,130,76,820,-386659,-376.8606237816764,-202.0,-314462,-306.4931773879142,-202.0,72197,70.36744639376218,0.0,79.25027442371021,0.0,195,98,618,0.6655290102389079,293,0.6096720564092196,43,76537,49,53176,152,63403,0,0,139940,67743,False,True,58.2,1,24,0,86,4,0,0,1026,0,0,2,"{""cut_target"": 49, ""harmful_exit"": 49, ""neutral_exit"": 618, ""no_active_exit"": 115, ""saved_stop"": 43, ""timeout_improved"": 152}","{""candidate_after_baseline_exit"": 86, ""candidate_after_max_hold"": 4, ""no_candidate"": 24, ""none"": 911, ""stale_data_no_action"": 1}"
1000,-3000,60000,holdout,100,1026,0,915,111,138,65,823,-374238,-364.7543859649123,-202.0,-329790,-321.4327485380117,-202.0,44448,43.32163742690059,0.0,48.57704918032787,0.0,213,126,576,0.6283185840707964,339,0.5757069319855971,29,58599,65,76358,184,83164,0,0,141763,97315,False,False,47.400000000000006,1,30,1,74,5,0,0,1026,0,0,2,"{""cut_target"": 65, ""harmful_exit"": 61, ""neutral_exit"": 576, ""no_active_exit"": 111, ""saved_stop"": 29, ""timeout_improved"": 184}","{""candidate_after_baseline_exit"": 74, ""candidate_after_max_hold"": 5, ""no_candidate"": 30, ""none"": 915, ""not_active_exit_eligible"": 1, ""stale_data_no_action"": 1}"
1000,-3000,120000,train,100,1027,0,922,105,174,87,766,-420311,-409.26095423563777,-202.0,-343657,-334.6222005842259,-202.0,76654,74.63875365141188,0.0,83.13882863340564,0.0,294,157,471,0.6518847006651884,451,0.6068042197541058,57,114119,105,127775,237,103916,0,0,218035,141381,False,False,80.7,6,20,0,79,0,0,0,1027,0,0,3,"{""cut_target"": 105, ""harmful_exit"": 52, ""neutral_exit"": 471, ""no_active_exit"": 105, ""saved_stop"": 57, ""timeout_improved"": 237}","{""candidate_after_baseline_exit"": 79, ""no_candidate"": 20, ""none"": 922, ""stale_data_no_action"": 6}"
1000,-3000,120000,validation,100,1026,0,911,115,148,83,795,-413505,-403.0263157894737,-202.0,-314462,-306.4931773879142,-202.0,99043,96.53313840155946,0.0,108.71899012074643,0.0,278,100,533,0.7354497354497355,378,0.6887754201208027,50,91483,67,76588,228,92432,0,0,183915,84872,False,True,72.8,1,24,0,90,0,0,0,1026,0,0,2,"{""cut_target"": 67, ""harmful_exit"": 33, ""neutral_exit"": 533, ""no_active_exit"": 115, ""saved_stop"": 50, ""timeout_improved"": 228}","{""candidate_after_baseline_exit"": 90, ""no_candidate"": 24, ""none"": 911, ""stale_data_no_action"": 1}"
1000,-3000,120000,holdout,100,1026,0,915,111,161,74,791,-407419,-397.0945419103314,-202.0,-329167,-320.82553606237815,-202.0,78252,76.26900584795321,0.0,85.52131147540983,0.0,300,126,489,0.704225352112676,426,0.6592166425383503,38,80469,88,105738,262,116863,0,0,197332,119080,False,False,64.2,1,30,1,78,1,0,0,1026,0,0,2,"{""cut_target"": 88, ""harmful_exit"": 38, ""neutral_exit"": 489, ""no_active_exit"": 111, ""saved_stop"": 38, ""timeout_improved"": 262}","{""candidate_after_baseline_exit"": 78, ""candidate_after_max_hold"": 1, ""no_candidate"": 30, ""none"": 915, ""not_active_exit_eligible"": 1, ""stale_data_no_action"": 1}"
1000,-5000,30000,train,100,1027,0,938,89,110,23,894,-422124,-411.02629016553067,-202.0,-387292,-377.11002921129506,-202.0,34832,33.91626095423564,0.0,37.134328358208954,0.0,184,130,624,0.5859872611464968,314,0.5307886263620537,14,35014,42,59469,170,96706,0,0,131720,96888,False,False,31.0,6,20,0,42,21,0,0,1027,0,0,3,"{""cut_target"": 42, ""harmful_exit"": 88, ""neutral_exit"": 624, ""no_active_exit"": 89, ""saved_stop"": 14, ""timeout_improved"": 170}","{""candidate_after_baseline_exit"": 42, ""candidate_after_max_hold"": 21, ""no_candidate"": 20, ""none"": 938, ""stale_data_no_action"": 6}"
1000,-5000,30000,validation,100,1026,0,921,105,107,21,898,-406819,-396.50974658869393,-202.0,-324332,-316.1130604288499,-202.0,82487,80.39668615984405,0.0,89.56243213897937,0.0,137,75,709,0.6462264150943396,212,0.5797833500679802,11,36293,23,25716,126,88200,0,0,124493,42006,True,True,23.6,1,24,0,49,31,0,0,1026,0,0,3,"{""cut_target"": 23, ""harmful_exit"": 52, ""neutral_exit"": 709, ""no_active_exit"": 105, ""saved_stop"": 11, ""timeout_improved"": 126}","{""candidate_after_baseline_exit"": 49, ""candidate_after_max_hold"": 31, ""no_candidate"": 24, ""none"": 921, ""stale_data_no_action"": 1}"
1000,-5000,30000,holdout,100,1026,0,924,102,104,21,901,-406506,-396.2046783625731,-202.0,-363459,-354.2485380116959,-202.0,43047,41.95614035087719,0.0,46.58766233766234,0.0,160,96,668,0.625,256,0.5642590524289498,6,16319,33,35976,154,87759,0,0,104078,61031,False,False,21.4,1,30,1,37,33,0,0,1026,0,0,2,"{""cut_target"": 33, ""harmful_exit"": 63, ""neutral_exit"": 668, ""no_active_exit"": 102, ""saved_stop"": 6, ""timeout_improved"": 154}","{""candidate_after_baseline_exit"": 37, ""candidate_after_max_hold"": 33, ""no_candidate"": 30, ""none"": 924, ""not_active_exit_eligible"": 1, ""stale_data_no_action"": 1}"
1000,-5000,60000,train,100,1027,0,943,84,150,30,847,-455901,-443.91528724440116,-202.0,-387719,-377.5258033106134,-202.0,68182,66.38948393378773,0.0,72.3032873806999,0.0,241,159,543,0.6025,400,0.5537852193447489,21,53910,81,113060,220,155769,0,0,209679,141497,False,False,43.0,6,20,0,57,1,0,0,1027,0,0,3,"{""cut_target"": 81, ""harmful_exit"": 78, ""neutral_exit"": 543, ""no_active_exit"": 84, ""saved_stop"": 21, ""timeout_improved"": 220}","{""candidate_after_baseline_exit"": 57, ""candidate_after_max_hold"": 1, ""no_candidate"": 20, ""none"": 943, ""stale_data_no_action"": 6}"
1000,-5000,60000,validation,100,1026,0,929,97,135,40,851,-463901,-452.14522417153995,-202.0,-332153,-323.73586744639374,-202.0,131748,128.4093567251462,0.0,141.81700753498384,0.0,207,103,619,0.667741935483871,310,0.6135366473773711,29,91586,50,55516,178,113278,0,0,204864,73116,False,False,46.8,1,24,0,68,4,0,0,1026,0,0,2,"{""cut_target"": 50, ""harmful_exit"": 53, ""neutral_exit"": 619, ""no_active_exit"": 97, ""saved_stop"": 29, ""timeout_improved"": 178}","{""candidate_after_baseline_exit"": 68, ""candidate_after_max_hold"": 4, ""no_candidate"": 24, ""none"": 929, ""stale_data_no_action"": 1}"
1000,-5000,60000,holdout,100,1026,0,932,94,142,26,858,-427273,-416.44541910331384,-202.0,-359469,-350.359649122807,-202.0,67804,66.08576998050683,0.0,72.7510729613734,0.0,221,132,579,0.6260623229461756,353,0.5744851537997745,10,31295,66,80281,211,138402,0,0,169697,101893,False,False,31.1,1,30,1,57,5,0,0,1026,0,0,3,"{""cut_target"": 66, ""harmful_exit"": 66, ""neutral_exit"": 579, ""no_active_exit"": 94, ""saved_stop"": 10, ""timeout_improved"": 211}","{""candidate_after_baseline_exit"": 57, ""candidate_after_max_hold"": 5, ""no_candidate"": 30, ""none"": 932, ""not_active_exit_eligible"": 1, ""stale_data_no_action"": 1}"
1000,-5000,120000,train,100,1027,0,943,84,179,38,810,-511396,-497.95131450827654,-202.0,-387719,-377.5258033106134,-202.0,123677,120.4255111976631,0.0,131.152704135737,0.0,306,163,474,0.652452025586354,469,0.6082743952004066,29,85304,110,145512,277,198674,0,0,283978,160301,False,False,56.7,6,20,0,58,0,0,0,1027,0,0,3,"{""cut_target"": 110, ""harmful_exit"": 53, ""neutral_exit"": 474, ""no_active_exit"": 84, ""saved_stop"": 29, ""timeout_improved"": 277}","{""candidate_after_baseline_exit"": 58, ""no_candidate"": 20, ""none"": 943, ""stale_data_no_action"": 6}"
1000,-5000,120000,validation,100,1026,0,929,97,153,50,823,-508325,-495.4434697855751,-202.0,-332153,-323.73586744639374,-202.0,176172,171.70760233918128,0.0,189.63616792249732,0.0,291,104,534,0.7367088607594937,395,0.6911459919661586,39,127005,68,78928,252,137576,0,0,264581,88409,False,False,64.2,1,24,0,72,0,0,0,1026,0,0,2,"{""cut_target"": 68, ""harmful_exit"": 36, ""neutral_exit"": 534, ""no_active_exit"": 97, ""saved_stop"": 39, ""timeout_improved"": 252}","{""candidate_after_baseline_exit"": 72, ""no_candidate"": 24, ""none"": 929, ""stale_data_no_action"": 1}"
1000,-5000,120000,holdout,100,1026,0,932,94,165,28,833,-468464,-456.5925925925926,-202.0,-358846,-349.7524366471735,-202.0,109618,106.8401559454191,0.0,117.61587982832619,0.0,311,129,492,0.7068181818181818,440,0.6626400491116134,12,38922,89,109661,299,194850,0,0,233772,124154,False,False,41.900000000000006,1,30,1,61,1,0,0,1026,0,0,3,"{""cut_target"": 89, ""harmful_exit"": 40, ""neutral_exit"": 492, ""no_active_exit"": 94, ""saved_stop"": 12, ""timeout_improved"": 299}","{""candidate_after_baseline_exit"": 61, ""candidate_after_max_hold"": 1, ""no_candidate"": 30, ""none"": 932, ""not_active_exit_eligible"": 1, ""stale_data_no_action"": 1}"
1000,-6000,30000,train,100,1027,0,939,88,110,13,904,-434422,-423.00097370983445,-202.0,-395590,-385.1898734177215,-202.0,38832,37.81110029211295,0.0,41.35463258785943,0.0,183,132,624,0.580952380952381,315,0.5258102661113919,5,19999,42,59469,178,118090,0,0,138089,99257,False,False,22.8,6,20,0,41,21,0,0,1027,0,0,3,"{""cut_target"": 42, ""harmful_exit"": 90, ""neutral_exit"": 624, ""no_active_exit"": 88, ""saved_stop"": 5, ""timeout_improved"": 178}","{""candidate_after_baseline_exit"": 41, ""candidate_after_max_hold"": 21, ""no_candidate"": 20, ""none"": 939, ""stale_data_no_action"": 6}"
1000,-6000,30000,validation,100,1026,0,925,101,107,11,908,-418134,-407.53801169590645,-202.0,-330961,-322.5740740740741,-202.0,87173,84.96393762183236,0.0,94.24108108108108,0.0,140,76,709,0.6481481481481481,216,0.5823800816986147,5,16793,23,25716,135,113064,0,0,129857,42684,True,False,18.5,1,24,0,45,31,0,0,1026,0,0,3,"{""cut_target"": 23, ""harmful_exit"": 53, ""neutral_exit"": 709, ""no_active_exit"": 101, ""saved_stop"": 5, ""timeout_improved"": 135}","{""candidate_after_baseline_exit"": 45, ""candidate_after_max_hold"": 31, ""no_candidate"": 24, ""none"": 925, ""stale_data_no_action"": 1}"
1000,-6000,30000,holdout,100,1026,0,930,96,104,10,912,-414275,-403.7768031189084,-202.0,-369066,-359.7134502923977,-202.0,45209,44.06335282651072,0.0,48.611827956989245,0.0,165,97,668,0.6297709923664122,262,0.5698206992748139,3,2225,33,35976,162,105328,0,0,107553,62344,False,False,19.2,1,30,1,31,33,0,0,1026,0,0,2,"{""cut_target"": 33, ""harmful_exit"": 64, ""neutral_exit"": 668, ""no_active_exit"": 96, ""saved_stop"": 3, ""timeout_improved"": 162}","{""candidate_after_baseline_exit"": 31, ""candidate_after_max_hold"": 33, ""no_candidate"": 30, ""none"": 930, ""not_active_exit_eligible"": 1, ""stale_data_no_action"": 1}"
1000,-6000,60000,train,100,1027,0,944,83,150,15,862,-466733,-454.4625121713729,-202.0,-396017,-385.6056475170399,-202.0,70716,68.85686465433301,0.0,74.91101694915254,0.0,239,162,543,0.5960099750623441,401,0.547291398689102,7,31733,81,113060,232,184981,0,0,216714,145998,False,False,30.200000000000003,6,20,0,56,1,0,0,1027,0,0,3,"{""cut_target"": 81, ""harmful_exit"": 81, ""neutral_exit"": 543, ""no_active_exit"": 83, ""saved_stop"": 7, ""timeout_improved"": 232}","{""candidate_after_baseline_exit"": 56, ""candidate_after_max_hold"": 1, ""no_candidate"": 20, ""none"": 944, ""stale_data_no_action"": 6}"
1000,-6000,60000,validation,100,1026,0,934,92,135,22,869,-490418,-477.99025341130607,-202.0,-339288,-330.6900584795322,-202.0,151130,147.3001949317739,0.0,161.80942184154176,0.0,211,104,619,0.6698412698412698,315,0.6161356322108545,16,61702,50,55516,195,164068,0,0,225770,74640,True,False,35.5,1,24,0,63,4,0,0,1026,0,0,2,"{""cut_target"": 50, ""harmful_exit"": 54, ""neutral_exit"": 619, ""no_active_exit"": 92, ""saved_stop"": 16, ""timeout_improved"": 195}","{""candidate_after_baseline_exit"": 63, ""candidate_after_max_hold"": 4, ""no_candidate"": 24, ""none"": 934, ""stale_data_no_action"": 1}"
1000,-6000,60000,holdout,100,1026,0,939,87,143,16,867,-437424,-426.3391812865497,-202.0,-364105,-354.87816764132555,-202.0,73319,71.46101364522417,0.0,78.08200212992546,0.0,227,133,579,0.6305555555555555,360,0.579564092154814,8,20309,66,80281,219,156216,0,0,176525,103206,False,False,29.900000000000002,1,30,1,50,5,0,0,1026,0,0,3,"{""cut_target"": 66, ""harmful_exit"": 67, ""neutral_exit"": 579, ""no_active_exit"": 87, ""saved_stop"": 8, ""timeout_improved"": 219}","{""candidate_after_baseline_exit"": 50, ""candidate_after_max_hold"": 5, ""no_candidate"": 30, ""none"": 939, ""not_active_exit_eligible"": 1, ""stale_data_no_action"": 1}"
1000,-6000,120000,train,100,1027,0,944,83,179,19,829,-522821,-509.0759493670886,-202.0,-396017,-385.6056475170399,-202.0,126804,123.47030185004868,0.0,134.32627118644066,0.0,304,166,474,0.6468085106382979,470,0.6025666003625898,11,48128,110,145512,293,241350,0,0,289478,162674,False,False,40.3,6,20,0,57,0,0,0,1027,0,0,3,"{""cut_target"": 110, ""harmful_exit"": 56, ""neutral_exit"": 474, ""no_active_exit"": 83, ""saved_stop"": 11, ""timeout_improved"": 293}","{""candidate_after_baseline_exit"": 57, ""no_candidate"": 20, ""none"": 944, ""stale_data_no_action"": 6}"
1000,-6000,120000,validation,100,1026,0,934,92,154,29,843,-536216,-522.6276803118908,-202.0,-339288,-330.6900584795322,-202.0,196928,191.93762183235867,0.0,210.84368308351176,0.0,294,106,534,0.735,400,0.6896629392432349,23,94854,69,85002,271,198081,0,0,292935,96007,False,False,50.1,1,24,0,67,0,0,0,1026,0,0,2,"{""cut_target"": 69, ""harmful_exit"": 37, ""neutral_exit"": 534, ""no_active_exit"": 92, ""saved_stop"": 23, ""timeout_improved"": 271}","{""candidate_after_baseline_exit"": 67, ""no_candidate"": 24, ""none"": 934, ""stale_data_no_action"": 1}"
1000,-6000,120000,holdout,100,1026,0,939,87,167,20,839,-474500,-462.4756335282651,-202.0,-363482,-354.270955165692,-202.0,111018,108.2046783625731,0.0,118.23003194888179,0.0,315,132,492,0.7046979865771812,447,0.660809113587842,12,36461,90,110916,303,202463,0,0,238924,127906,False,False,42.3,1,30,1,54,1,0,0,1026,0,0,3,"{""cut_target"": 90, ""harmful_exit"": 42, ""neutral_exit"": 492, ""no_active_exit"": 87, ""saved_stop"": 12, ""timeout_improved"": 303}","{""candidate_after_baseline_exit"": 54, ""candidate_after_max_hold"": 1, ""no_candidate"": 30, ""none"": 939, ""not_active_exit_eligible"": 1, ""stale_data_no_action"": 1}"
1500,-200,30000,train,100,1027,0,773,254,53,301,673,-122883,-119.65238558909445,-202.0,-134505,-130.96884128529697,-202.0,-11622,-11.316455696202532,0.0,-15.034928848641655,0.0,125,77,571,0.6188118811881188,202,0.5502091159263697,86,19067,21,21044,39,5161,0,0,24228,35850,False,True,89.9,6,20,0,207,21,0,0,1027,0,0,3,"{""cut_target"": 21, ""harmful_exit"": 56, ""neutral_exit"": 571, ""no_active_exit"": 254, ""saved_stop"": 86, ""timeout_improved"": 39}","{""candidate_after_baseline_exit"": 207, ""candidate_after_max_hold"": 21, ""no_candidate"": 20, ""none"": 773, ""stale_data_no_action"": 6}"
1500,-200,30000,validation,100,1026,0,798,228,59,244,723,-116585,-113.63060428849903,-202.0,-121059,-117.99122807017544,-202.0,-4474,-4.360623781676413,0.0,-5.606516290726817,0.0,88,50,660,0.6376811594202898,138,0.5547613929154617,65,12938,15,12876,23,3625,0,0,16563,21037,False,True,67.3,1,24,0,172,31,0,0,1026,0,0,2,"{""cut_target"": 15, ""harmful_exit"": 35, ""neutral_exit"": 660, ""no_active_exit"": 228, ""saved_stop"": 65, ""timeout_improved"": 23}","{""candidate_after_baseline_exit"": 172, ""candidate_after_max_hold"": 31, ""no_candidate"": 24, ""none"": 798, ""stale_data_no_action"": 1}"
1500,-200,30000,holdout,100,1026,0,781,245,60,263,703,-120038,-116.99610136452242,-202.0,-139473,-135.93859649122808,-202.0,-19435,-18.94249512670565,0.0,-24.884763124199743,0.0,108,54,619,0.6666666666666666,162,0.5909566998344501,63,11918,19,22943,45,2851,0,0,14769,34204,False,True,67.5,1,30,1,180,33,0,0,1026,0,0,2,"{""cut_target"": 19, ""harmful_exit"": 35, ""neutral_exit"": 619, ""no_active_exit"": 245, ""saved_stop"": 63, ""timeout_improved"": 45}","{""candidate_after_baseline_exit"": 180, ""candidate_after_max_hold"": 33, ""no_candidate"": 30, ""none"": 781, ""not_active_exit_eligible"": 1, ""stale_data_no_action"": 1}"
1500,-200,60000,train,100,1027,0,774,253,66,347,614,-104199,-101.45959104186953,-202.0,-135268,-131.71178188899708,-202.0,-31069,-30.252190847127554,0.0,-40.140826873385016,0.0,180,94,500,0.656934306569343,274,0.5989011639713756,132,29015,34,38059,48,2450,0,0,31465,62534,False,True,136.8,6,20,0,226,1,0,0,1027,0,0,3,"{""cut_target"": 34, ""harmful_exit"": 60, ""neutral_exit"": 500, ""no_active_exit"": 253, ""saved_stop"": 132, ""timeout_improved"": 48}","{""candidate_after_baseline_exit"": 226, ""candidate_after_max_hold"": 1, ""no_candidate"": 20, ""none"": 774, ""stale_data_no_action"": 6}"
1500,-200,60000,validation,100,1026,0,801,225,75,275,676,-102016,-99.4307992202729,-202.0,-120468,-117.41520467836257,-202.0,-18452,-17.984405458089668,0.0,-23.036204744069913,0.0,147,73,581,0.6681818181818182,220,0.6035436895000383,96,19449,30,29297,51,2164,0,0,21613,40065,False,True,101.1,1,24,0,196,4,0,0,1026,0,0,2,"{""cut_target"": 30, ""harmful_exit"": 43, ""neutral_exit"": 581, ""no_active_exit"": 225, ""saved_stop"": 96, ""timeout_improved"": 51}","{""candidate_after_baseline_exit"": 196, ""candidate_after_max_hold"": 4, ""no_candidate"": 24, ""none"": 801, ""stale_data_no_action"": 1}"
1500,-200,60000,holdout,100,1026,0,783,243,68,306,652,-111786,-108.953216374269,-202.0,-139342,-135.81091617933723,-202.0,-27556,-26.857699805068226,0.0,-35.192848020434226,0.0,172,70,541,0.7107438016528925,242,0.6506766804253294,105,15979,27,32948,67,4349,0,0,20328,47884,False,True,111.7,1,30,1,206,5,0,0,1026,0,0,2,"{""cut_target"": 27, ""harmful_exit"": 43, ""neutral_exit"": 541, ""no_active_exit"": 243, ""saved_stop"": 105, ""timeout_improved"": 67}","{""candidate_after_baseline_exit"": 206, ""candidate_after_max_hold"": 5, ""no_candidate"": 30, ""none"": 783, ""not_active_exit_eligible"": 1, ""stale_data_no_action"": 1}"
1500,-200,120000,train,100,1027,0,774,253,82,396,549,-96072,-93.5462512171373,-210.0,-135268,-131.71178188899708,-202.0,-39196,-38.165530671859784,0.0,-50.640826873385016,0.0,240,97,437,0.712166172106825,337,0.6616500054076522,181,36140,50,61684,59,2567,0,0,38707,77903,False,True,186.9,6,20,0,227,0,0,0,1027,0,0,3,"{""cut_target"": 50, ""harmful_exit"": 47, ""neutral_exit"": 437, ""no_active_exit"": 253, ""saved_stop"": 181, ""timeout_improved"": 59}","{""candidate_after_baseline_exit"": 227, ""no_candidate"": 20, ""none"": 774, ""stale_data_no_action"": 6}"
1500,-200,120000,validation,100,1026,0,801,225,83,348,595,-99794,-97.26510721247563,-202.0,-120468,-117.41520467836257,-202.0,-20674,-20.15009746588694,0.0,-25.81023720349563,0.0,227,68,506,0.7694915254237288,295,0.7181518874898463,169,27339,38,40438,58,2168,0,0,29507,50181,False,True,174.8,1,24,0,200,0,0,0,1026,0,0,2,"{""cut_target"": 38, ""harmful_exit"": 30, ""neutral_exit"": 506, ""no_active_exit"": 225, ""saved_stop"": 169, ""timeout_improved"": 58}","{""candidate_after_baseline_exit"": 200, ""no_candidate"": 24, ""none"": 801, ""stale_data_no_action"": 1}"
1500,-200,120000,holdout,100,1026,0,783,243,77,375,574,-106650,-103.94736842105263,-203.0,-139342,-135.81091617933723,-202.0,-32692,-31.8635477582846,0.0,-41.7522349936143,0.0,253,68,462,0.7881619937694704,321,0.7401891370270469,174,24182,36,46321,79,3697,0,0,27879,60571,False,True,181.9,1,30,1,210,1,0,0,1026,0,0,2,"{""cut_target"": 36, ""harmful_exit"": 32, ""neutral_exit"": 462, ""no_active_exit"": 243, ""saved_stop"": 174, ""timeout_improved"": 79}","{""candidate_after_baseline_exit"": 210, ""candidate_after_max_hold"": 1, ""no_candidate"": 30, ""none"": 783, ""not_active_exit_eligible"": 1, ""stale_data_no_action"": 1}"
1500,-300,30000,train,100,1027,0,798,229,53,265,709,-148989,-145.07205452775074,-202.0,-153068,-149.04381694255113,-202.0,-4079,-3.9717624148003896,0.0,-5.111528822055138,0.0,137,80,581,0.631336405529954,217,0.5653821148167801,75,24410,21,21044,62,8381,0,0,32791,36870,False,True,81.2,6,20,0,182,21,0,0,1027,0,0,2,"{""cut_target"": 21, ""harmful_exit"": 59, ""neutral_exit"": 581, ""no_active_exit"": 229, ""saved_stop"": 75, ""timeout_improved"": 62}","{""candidate_after_baseline_exit"": 182, ""candidate_after_max_hold"": 21, ""no_candidate"": 20, ""none"": 798, ""stale_data_no_action"": 6}"
1500,-300,30000,validation,100,1026,0,811,215,63,219,744,-132543,-129.18421052631578,-202.0,-136406,-132.94931773879142,-202.0,-3863,-3.7651072124756335,0.0,-4.763255240443897,0.0,92,53,666,0.6344827586206897,145,0.5535680959557921,54,16024,18,18004,38,6278,0,0,22302,26165,False,True,57.8,1,24,0,159,31,0,0,1026,0,0,2,"{""cut_target"": 18, ""harmful_exit"": 35, ""neutral_exit"": 666, ""no_active_exit"": 215, ""saved_stop"": 54, ""timeout_improved"": 38}","{""candidate_after_baseline_exit"": 159, ""candidate_after_max_hold"": 31, ""no_candidate"": 24, ""none"": 811, ""stale_data_no_action"": 1}"
1500,-300,30000,holdout,100,1026,0,799,227,63,233,730,-138687,-135.17251461988303,-202.0,-158358,-154.3450292397661,-202.0,-19671,-19.172514619883042,0.0,-24.619524405506883,0.0,114,59,626,0.6589595375722543,173,0.5855516283549667,51,14519,22,27641,63,5671,0,0,20190,39861,False,True,57.3,1,30,1,162,33,0,0,1026,0,0,2,"{""cut_target"": 22, ""harmful_exit"": 37, ""neutral_exit"": 626, ""no_active_exit"": 227, ""saved_stop"": 51, ""timeout_improved"": 63}","{""candidate_after_baseline_exit"": 162, ""candidate_after_max_hold"": 33, ""no_candidate"": 30, ""none"": 799, ""not_active_exit_eligible"": 1, ""stale_data_no_action"": 1}"
1500,-300,60000,train,100,1027,0,799,228,66,304,657,-133896,-130.37585199610515,-202.0,-153831,-149.7867575462512,-202.0,-19935,-19.410905550146058,0.0,-24.94993742177722,0.0,192,100,507,0.6575342465753424,292,0.6013762790378052,114,37482,34,38059,78,6922,0,0,44404,64339,False,True,121.8,6,20,0,201,1,0,0,1027,0,0,3,"{""cut_target"": 34, ""harmful_exit"": 66, ""neutral_exit"": 507, ""no_active_exit"": 228, ""saved_stop"": 114, ""timeout_improved"": 78}","{""candidate_after_baseline_exit"": 201, ""candidate_after_max_hold"": 1, ""no_candidate"": 20, ""none"": 799, ""stale_data_no_action"": 6}"
1500,-300,60000,validation,100,1026,0,814,212,79,248,699,-119359,-116.33430799220272,-202.0,-135815,-132.37329434697855,-202.0,-16456,-16.03898635477583,0.0,-20.216216216216218,0.0,151,77,586,0.6622807017543859,228,0.5986557043842923,83,25138,33,34425,68,5305,0,0,30443,46899,False,True,89.8,1,24,0,183,4,0,0,1026,0,0,2,"{""cut_target"": 33, ""harmful_exit"": 44, ""neutral_exit"": 586, ""no_active_exit"": 212, ""saved_stop"": 83, ""timeout_improved"": 68}","{""candidate_after_baseline_exit"": 183, ""candidate_after_max_hold"": 4, ""no_candidate"": 24, ""none"": 814, ""stale_data_no_action"": 1}"
1500,-300,60000,holdout,100,1026,0,801,225,75,273,678,-125710,-122.5243664717349,-202.0,-158327,-154.3148148148148,-202.0,-32617,-31.790448343079923,0.0,-40.72034956304619,0.0,173,80,548,0.6837944664031621,253,0.6241117778685987,90,21821,34,43611,83,6454,0,0,28275,60892,False,True,98.3,1,30,1,188,5,0,0,1026,0,0,3,"{""cut_target"": 34, ""harmful_exit"": 46, ""neutral_exit"": 548, ""no_active_exit"": 225, ""saved_stop"": 90, ""timeout_improved"": 83}","{""candidate_after_baseline_exit"": 188, ""candidate_after_max_hold"": 5, ""no_candidate"": 30, ""none"": 801, ""not_active_exit_eligible"": 1, ""stale_data_no_action"": 1}"
1500,-300,120000,train,100,1027,0,799,228,85,338,604,-126446,-123.12171372930867,-209.0,-153831,-149.7867575462512,-202.0,-27385,-26.66504381694255,0.0,-34.27409261576971,0.0,253,104,442,0.7086834733893558,357,0.6595280680193439,148,46812,53,66044,105,9072,0,0,55884,83269,False,True,158.5,6,20,0,202,0,0,0,1027,0,0,3,"{""cut_target"": 53, ""harmful_exit"": 51, ""neutral_exit"": 442, ""no_active_exit"": 228, ""saved_stop"": 148, ""timeout_improved"": 105}","{""candidate_after_baseline_exit"": 202, ""no_candidate"": 20, ""none"": 799, ""stale_data_no_action"": 6}"
1500,-300,120000,validation,100,1026,0,814,212,88,301,637,-123151,-120.03021442495127,-202.0,-135815,-132.37329434697855,-202.0,-12664,-12.343079922027291,0.0,-15.557739557739557,0.0,232,72,510,0.7631578947368421,304,0.7122685510077744,136,37237,42,47275,96,7117,0,0,44354,57018,False,True,145.6,1,24,0,187,0,0,0,1026,0,0,2,"{""cut_target"": 42, ""harmful_exit"": 30, ""neutral_exit"": 510, ""no_active_exit"": 212, ""saved_stop"": 136, ""timeout_improved"": 96}","{""candidate_after_baseline_exit"": 187, ""no_candidate"": 24, ""none"": 814, ""stale_data_no_action"": 1}"
1500,-300,120000,holdout,100,1026,0,801,225,85,329,612,-127988,-124.74463937621833,-202.0,-158327,-154.3148148148148,-202.0,-30339,-29.57017543859649,0.0,-37.87640449438202,0.0,257,76,468,0.7717717717717718,333,0.7237461171720212,146,34282,44,58576,111,8205,0,0,42487,72826,False,True,157.1,1,30,1,192,1,0,0,1026,0,0,2,"{""cut_target"": 44, ""harmful_exit"": 32, ""neutral_exit"": 468, ""no_active_exit"": 225, ""saved_stop"": 146, ""timeout_improved"": 111}","{""candidate_after_baseline_exit"": 192, ""candidate_after_max_hold"": 1, ""no_candidate"": 30, ""none"": 801, ""not_active_exit_eligible"": 1, ""stale_data_no_action"": 1}"
1500,-500,30000,train,100,1027,0,824,203,55,227,745,-189784,-184.79454722492696,-202.0,-183070,-178.2570593962999,-202.0,6714,6.537487828627069,0.0,8.148058252427184,0.0,150,83,591,0.6437768240343348,233,0.5804117588334626,66,29238,21,21044,84,16587,0,0,45825,39111,False,True,74.4,6,20,0,156,21,0,0,1027,0,0,2,"{""cut_target"": 21, ""harmful_exit"": 62, ""neutral_exit"": 591, ""no_active_exit"": 203, ""saved_stop"": 66, ""timeout_improved"": 84}","{""candidate_after_baseline_exit"": 156, ""candidate_after_max_hold"": 21, ""no_candidate"": 20, ""none"": 824, ""stale_data_no_action"": 6}"
1500,-500,30000,validation,100,1026,0,834,192,66,185,775,-165072,-160.88888888888889,-202.0,-162287,-158.17446393762182,-202.0,2785,2.7144249512670564,0.0,3.339328537170264,0.0,98,58,678,0.6282051282051282,156,0.5501392665910924,45,20877,19,19521,53,10841,0,0,31718,28933,False,True,50.3,1,24,0,136,31,0,0,1026,0,0,3,"{""cut_target"": 19, ""harmful_exit"": 39, ""neutral_exit"": 678, ""no_active_exit"": 192, ""saved_stop"": 45, ""timeout_improved"": 53}","{""candidate_after_baseline_exit"": 136, ""candidate_after_max_hold"": 31, ""no_candidate"": 24, ""none"": 834, ""stale_data_no_action"": 1}"
1500,-500,30000,holdout,100,1026,0,823,203,69,205,752,-167089,-162.85477582846005,-202.0,-180858,-176.2748538011696,-202.0,-13769,-13.420077972709551,0.0,-16.730255164034023,0.0,127,65,631,0.6614583333333334,192,0.5919401674170741,53,22628,23,29472,74,7769,0,0,30397,44166,False,True,60.4,1,30,1,138,33,0,0,1026,0,0,2,"{""cut_target"": 23, ""harmful_exit"": 42, ""neutral_exit"": 631, ""no_active_exit"": 203, ""saved_stop"": 53, ""timeout_improved"": 74}","{""candidate_after_baseline_exit"": 138, ""candidate_after_max_hold"": 33, ""no_candidate"": 30, ""none"": 823, ""not_active_exit_eligible"": 1, ""stale_data_no_action"": 1}"
1500,-500,60000,train,100,1027,0,825,202,71,263,693,-175732,-171.11197663096397,-202.0,-183309,-178.48977604673806,-202.0,-7577,-7.377799415774099,0.0,-9.184242424242424,0.0,205,106,514,0.6591639871382636,311,0.604829363469256,102,48902,36,40588,103,13118,0,0,62020,69597,False,True,112.3,6,20,0,175,1,0,0,1027,0,0,3,"{""cut_target"": 36, ""harmful_exit"": 70, ""neutral_exit"": 514, ""no_active_exit"": 202, ""saved_stop"": 102, ""timeout_improved"": 103}","{""candidate_after_baseline_exit"": 175, ""candidate_after_max_hold"": 1, ""no_candidate"": 20, ""none"": 825, ""stale_data_no_action"": 6}"
1500,-500,60000,validation,100,1026,0,837,189,84,210,732,-155214,-151.28070175438597,-202.0,-161696,-157.59844054580896,-202.0,-6482,-6.317738791423002,0.0,-7.744324970131422,0.0,162,81,594,0.6666666666666666,243,0.6052082440626702,70,34102,36,39721,92,11784,0,0,45886,52368,False,True,79.2,1,24,0,160,4,0,0,1026,0,0,2,"{""cut_target"": 36, ""harmful_exit"": 45, ""neutral_exit"": 594, ""no_active_exit"": 189, ""saved_stop"": 70, ""timeout_improved"": 92}","{""candidate_after_baseline_exit"": 160, ""candidate_after_max_hold"": 4, ""no_candidate"": 24, ""none"": 837, ""stale_data_no_action"": 1}"
1500,-500,60000,holdout,100,1026,0,825,201,85,236,705,-152529,-148.66374269005848,-202.0,-179503,-174.95419103313841,-202.0,-26974,-26.290448343079923,0.0,-32.695757575757575,0.0,186,88,551,0.6788321167883211,274,0.6214008292078751,84,34245,38,51105,102,10408,0,0,44653,71627,False,True,94.2,1,30,1,164,5,0,0,1026,0,0,3,"{""cut_target"": 38, ""harmful_exit"": 50, ""neutral_exit"": 551, ""no_active_exit"": 201, ""saved_stop"": 84, ""timeout_improved"": 102}","{""candidate_after_baseline_exit"": 164, ""candidate_after_max_hold"": 5, ""no_candidate"": 30, ""none"": 825, ""not_active_exit_eligible"": 1, ""stale_data_no_action"": 1}"
1500,-500,120000,train,100,1027,0,825,202,93,293,641,-171318,-166.81402142161636,-208.0,-183309,-178.48977604673806,-202.0,-11991,-11.675754625121714,0.0,-14.534545454545455,0.0,264,112,449,0.7021276595744681,376,0.654047368395922,132,63443,58,73139,132,16891,0,0,80334,92325,False,True,145.2,6,20,0,176,0,0,0,1027,0,0,3,"{""cut_target"": 58, ""harmful_exit"": 54, ""neutral_exit"": 449, ""no_active_exit"": 202, ""saved_stop"": 132, ""timeout_improved"": 132}","{""candidate_after_baseline_exit"": 176, ""no_candidate"": 20, ""none"": 825, ""stale_data_no_action"": 6}"
1500,-500,120000,validation,100,1026,0,837,189,93,258,675,-169119,-164.83333333333334,-202.0,-161696,-157.59844054580896,-202.0,7423,7.234892787524366,0.0,8.868578255675029,0.0,246,77,514,0.7616099071207431,323,0.7122384530430408,118,53719,45,52571,128,16207,0,0,69926,62503,False,True,130.8,1,24,0,164,0,0,0,1026,0,0,2,"{""cut_target"": 45, ""harmful_exit"": 32, ""neutral_exit"": 514, ""no_active_exit"": 189, ""saved_stop"": 118, ""timeout_improved"": 128}","{""candidate_after_baseline_exit"": 164, ""no_candidate"": 24, ""none"": 837, ""stale_data_no_action"": 1}"
1500,-500,120000,holdout,100,1026,0,825,201,96,284,646,-162909,-158.78070175438597,-202.0,-178880,-174.34697855750488,-202.0,-15971,-15.566276803118908,0.0,-19.35878787878788,0.0,272,84,469,0.7640449438202247,356,0.717265793493113,132,54228,49,67667,140,14909,0,0,69137,85108,False,True,146.0,1,30,1,168,1,0,0,1026,0,0,2,"{""cut_target"": 49, ""harmful_exit"": 35, ""neutral_exit"": 469, ""no_active_exit"": 201, ""saved_stop"": 132, ""timeout_improved"": 140}","{""candidate_after_baseline_exit"": 168, ""candidate_after_max_hold"": 1, ""no_candidate"": 30, ""none"": 825, ""not_active_exit_eligible"": 1, ""stale_data_no_action"": 1}"
1500,-700,30000,train,100,1027,0,839,188,61,197,769,-219361,-213.5939629990263,-202.0,-207785,-202.32229795520934,-202.0,11576,11.271665043816942,0.0,13.797377830750895,0.0,152,87,600,0.6359832635983264,239,0.5732779562299729,54,35207,24,26868,98,21655,0,0,56862,45286,False,True,63.8,6,20,0,141,21,0,0,1027,0,0,2,"{""cut_target"": 24, ""harmful_exit"": 63, ""neutral_exit"": 600, ""no_active_exit"": 188, ""saved_stop"": 54, ""timeout_improved"": 98}","{""candidate_after_baseline_exit"": 141, ""candidate_after_max_hold"": 21, ""no_candidate"": 20, ""none"": 839, ""stale_data_no_action"": 6}"
1500,-700,30000,validation,100,1026,0,854,172,68,156,802,-193404,-188.50292397660817,-202.0,-188802,-184.01754385964912,-202.0,4602,4.485380116959064,0.0,5.388758782201405,0.0,101,62,691,0.6196319018404908,163,0.5431602946431595,36,21461,21,23234,65,16835,0,0,38296,33694,False,True,42.5,1,24,0,116,31,0,0,1026,0,0,3,"{""cut_target"": 21, ""harmful_exit"": 41, ""neutral_exit"": 691, ""no_active_exit"": 172, ""saved_stop"": 36, ""timeout_improved"": 65}","{""candidate_after_baseline_exit"": 116, ""candidate_after_max_hold"": 31, ""no_candidate"": 24, ""none"": 854, ""stale_data_no_action"": 1}"
1500,-700,30000,holdout,100,1026,0,848,178,72,162,792,-191148,-186.30409356725147,-202.0,-206661,-201.42397660818713,-202.0,-15513,-15.119883040935672,0.0,-18.2936320754717,0.0,127,73,648,0.635,200,0.566317026527406,37,22092,25,33253,90,15817,0,0,37909,53422,False,True,46.0,1,30,1,113,33,0,0,1026,0,0,2,"{""cut_target"": 25, ""harmful_exit"": 48, ""neutral_exit"": 648, ""no_active_exit"": 178, ""saved_stop"": 37, ""timeout_improved"": 90}","{""candidate_after_baseline_exit"": 113, ""candidate_after_max_hold"": 33, ""no_candidate"": 30, ""none"": 848, ""not_active_exit_eligible"": 1, ""stale_data_no_action"": 1}"
1500,-700,60000,train,100,1027,0,840,187,77,225,725,-211689,-206.12366114897762,-202.0,-208024,-202.55501460564753,-202.0,3665,3.568646543330088,0.0,4.363095238095238,0.0,208,110,522,0.6540880503144654,318,0.6002492989896813,82,57272,39,46412,126,21823,0,0,79095,75430,False,True,94.6,6,20,0,160,1,0,0,1027,0,0,3,"{""cut_target"": 39, ""harmful_exit"": 71, ""neutral_exit"": 522, ""no_active_exit"": 187, ""saved_stop"": 82, ""timeout_improved"": 126}","{""candidate_after_baseline_exit"": 160, ""candidate_after_max_hold"": 1, ""no_candidate"": 20, ""none"": 840, ""stale_data_no_action"": 6}"
1500,-700,60000,validation,100,1026,0,857,169,86,178,762,-185304,-180.6081871345029,-202.0,-188211,-183.44152046783626,-202.0,-2907,-2.8333333333333335,0.0,-3.3920653442240374,0.0,163,87,607,0.652,250,0.5910569526851392,58,38614,38,43434,105,17856,0,0,56470,59377,False,True,68.5,1,24,0,140,4,0,0,1026,0,0,2,"{""cut_target"": 38, ""harmful_exit"": 49, ""neutral_exit"": 607, ""no_active_exit"": 169, ""saved_stop"": 58, ""timeout_improved"": 105}","{""candidate_after_baseline_exit"": 140, ""candidate_after_max_hold"": 4, ""no_candidate"": 24, ""none"": 857, ""stale_data_no_action"": 1}"
1500,-700,60000,holdout,100,1026,0,851,175,92,191,743,-180034,-175.47173489278754,-202.0,-205227,-200.02631578947367,-202.0,-25193,-24.55458089668616,0.0,-29.603995299647472,0.0,187,97,567,0.6584507042253521,284,0.6015105069674245,66,37140,44,61599,121,21453,0,0,58593,83786,False,True,78.1,1,30,1,138,5,0,0,1026,0,0,3,"{""cut_target"": 44, ""harmful_exit"": 53, ""neutral_exit"": 567, ""no_active_exit"": 175, ""saved_stop"": 66, ""timeout_improved"": 121}","{""candidate_after_baseline_exit"": 138, ""candidate_after_max_hold"": 5, ""no_candidate"": 30, ""none"": 851, ""not_active_exit_eligible"": 1, ""stale_data_no_action"": 1}"
1500,-700,120000,train,100,1027,0,840,187,100,245,682,-209758,-204.24342745861733,-208.0,-208024,-202.55501460564753,-202.0,1734,1.688412852969815,0.0,2.0642857142857145,0.0,268,116,456,0.6979166666666666,384,0.6502174940097223,102,69422,62,79612,166,31110,0,0,100532,98798,False,True,118.6,6,20,0,161,0,0,0,1027,0,0,3,"{""cut_target"": 62, ""harmful_exit"": 54, ""neutral_exit"": 456, ""no_active_exit"": 187, ""saved_stop"": 102, ""timeout_improved"": 166}","{""candidate_after_baseline_exit"": 161, ""no_candidate"": 20, ""none"": 840, ""stale_data_no_action"": 6}"
1500,-700,120000,validation,100,1026,0,857,169,99,195,732,-201057,-195.96198830409358,-202.0,-188211,-183.44152046783626,-202.0,12846,12.52046783625731,0.0,14.989498249708285,0.0,249,83,525,0.75,332,0.7007414960676533,75,50249,51,62968,174,35497,0,0,85746,72900,False,True,92.4,1,24,0,144,0,0,0,1026,0,0,2,"{""cut_target"": 51, ""harmful_exit"": 32, ""neutral_exit"": 525, ""no_active_exit"": 169, ""saved_stop"": 75, ""timeout_improved"": 174}","{""candidate_after_baseline_exit"": 144, ""no_candidate"": 24, ""none"": 857, ""stale_data_no_action"": 1}"
1500,-700,120000,holdout,100,1026,0,851,175,105,212,709,-192644,-187.76218323586744,-202.0,-204604,-199.41910331384017,-202.0,-11960,-11.656920077972709,0.0,-14.054054054054054,0.0,275,95,481,0.7432432432432432,370,0.6963909170765606,87,49861,57,80831,188,37719,0,0,87580,99540,False,True,105.8,1,30,1,142,1,0,0,1026,0,0,3,"{""cut_target"": 57, ""harmful_exit"": 38, ""neutral_exit"": 481, ""no_active_exit"": 175, ""saved_stop"": 87, ""timeout_improved"": 188}","{""candidate_after_baseline_exit"": 142, ""candidate_after_max_hold"": 1, ""no_candidate"": 30, ""none"": 851, ""not_active_exit_eligible"": 1, ""stale_data_no_action"": 1}"
1500,-1000,30000,train,100,1027,0,858,169,66,166,795,-254165,-247.4829600778968,-202.0,-239907,-233.59980525803311,-202.0,14258,13.88315481986368,0.0,16.617715617715618,0.0,155,97,606,0.6150793650793651,252,0.5537034184968219,45,40870,27,33302,110,29245,0,0,70115,55857,False,True,56.0,6,20,0,122,21,0,0,1027,0,0,2,"{""cut_target"": 27, ""harmful_exit"": 70, ""neutral_exit"": 606, ""no_active_exit"": 169, ""saved_stop"": 45, ""timeout_improved"": 110}","{""candidate_after_baseline_exit"": 122, ""candidate_after_max_hold"": 21, ""no_candidate"": 20, ""none"": 858, ""stale_data_no_action"": 6}"
1500,-1000,30000,validation,100,1026,0,868,158,72,134,820,-222621,-216.9795321637427,-202.0,-214283,-208.85282651072126,-202.0,8338,8.126705653021443,0.0,9.605990783410139,0.0,105,67,696,0.6104651162790697,172,0.5359354273944547,31,24306,22,25247,74,21194,0,0,45500,37162,False,True,38.4,1,24,0,102,31,0,0,1026,0,0,3,"{""cut_target"": 22, ""harmful_exit"": 45, ""neutral_exit"": 696, ""no_active_exit"": 158, ""saved_stop"": 31, ""timeout_improved"": 74}","{""candidate_after_baseline_exit"": 102, ""candidate_after_max_hold"": 31, ""no_candidate"": 24, ""none"": 868, ""stale_data_no_action"": 1}"
1500,-1000,30000,holdout,100,1026,0,863,163,73,140,813,-226773,-221.02631578947367,-202.0,-236626,-230.62962962962962,-202.0,-9853,-9.603313840155945,0.0,-11.417149478563152,0.0,134,76,653,0.638095238095238,210,0.5711584018888833,32,25222,26,34979,102,20654,0,0,45876,55729,False,True,42.2,1,30,1,98,33,0,0,1026,0,0,2,"{""cut_target"": 26, ""harmful_exit"": 50, ""neutral_exit"": 653, ""no_active_exit"": 163, ""saved_stop"": 32, ""timeout_improved"": 102}","{""candidate_after_baseline_exit"": 98, ""candidate_after_max_hold"": 33, ""no_candidate"": 30, ""none"": 863, ""not_active_exit_eligible"": 1, ""stale_data_no_action"": 1}"
1500,-1000,60000,train,100,1027,0,859,168,87,196,744,-250037,-243.4634858812074,-202.0,-238196,-231.93378773125607,-202.0,11841,11.529698149951315,0.0,13.784633294528522,0.0,214,118,527,0.6445783132530121,332,0.5917072146786749,75,73230,46,60440,139,28136,0,0,101366,89525,False,True,88.9,6,20,0,141,1,0,0,1027,0,0,3,"{""cut_target"": 46, ""harmful_exit"": 72, ""neutral_exit"": 527, ""no_active_exit"": 168, ""saved_stop"": 75, ""timeout_improved"": 139}","{""candidate_after_baseline_exit"": 141, ""candidate_after_max_hold"": 1, ""no_candidate"": 20, ""none"": 859, ""stale_data_no_action"": 6}"
1500,-1000,60000,validation,100,1026,0,871,155,91,153,782,-219617,-214.05165692007796,-202.0,-213692,-208.2768031189084,-202.0,5925,5.7748538011695905,0.0,6.8025258323765785,0.0,168,92,611,0.6461538461538462,260,0.586289851611131,50,42020,40,45936,118,26759,0,0,68779,62854,False,True,61.8,1,24,0,126,4,0,0,1026,0,0,2,"{""cut_target"": 40, ""harmful_exit"": 52, ""neutral_exit"": 611, ""no_active_exit"": 155, ""saved_stop"": 50, ""timeout_improved"": 118}","{""candidate_after_baseline_exit"": 126, ""candidate_after_max_hold"": 4, ""no_candidate"": 24, ""none"": 871, ""stale_data_no_action"": 1}"
1500,-1000,60000,holdout,100,1026,0,867,159,97,159,770,-214495,-209.05945419103313,-202.0,-234726,-228.77777777777777,-202.0,-20231,-19.71832358674464,0.0,-23.33448673587082,0.0,191,106,570,0.6430976430976431,297,0.5871028159205043,51,39722,48,67083,140,32046,0,0,71768,91999,False,True,65.0,1,30,1,122,5,0,0,1026,0,0,3,"{""cut_target"": 48, ""harmful_exit"": 58, ""neutral_exit"": 570, ""no_active_exit"": 159, ""saved_stop"": 51, ""timeout_improved"": 140}","{""candidate_after_baseline_exit"": 122, ""candidate_after_max_hold"": 5, ""no_candidate"": 30, ""none"": 867, ""not_active_exit_eligible"": 1, ""stale_data_no_action"": 1}"
1500,-1000,120000,train,100,1027,0,859,168,112,210,705,-246403,-239.92502434274587,-205.0,-238196,-231.93378773125607,-202.0,8207,7.991236611489776,0.0,9.554132712456344,0.0,272,126,461,0.6834170854271356,398,0.6361512665052581,89,85643,71,96976,183,38976,0,0,124619,116412,False,True,107.3,6,20,0,142,0,0,0,1027,0,0,3,"{""cut_target"": 71, ""harmful_exit"": 55, ""neutral_exit"": 461, ""no_active_exit"": 168, ""saved_stop"": 89, ""timeout_improved"": 183}","{""candidate_after_baseline_exit"": 142, ""no_candidate"": 20, ""none"": 859, ""stale_data_no_action"": 6}"
1500,-1000,120000,validation,100,1026,0,871,155,106,168,752,-237612,-231.5906432748538,-202.0,-213692,-208.2768031189084,-202.0,23920,23.313840155945417,0.0,27.46268656716418,0.0,255,88,528,0.7434402332361516,343,0.6947028807080182,65,57367,55,68248,190,45055,0,0,102422,78502,False,True,84.0,1,24,0,130,0,0,0,1026,0,0,2,"{""cut_target"": 55, ""harmful_exit"": 33, ""neutral_exit"": 528, ""no_active_exit"": 155, ""saved_stop"": 65, ""timeout_improved"": 190}","{""candidate_after_baseline_exit"": 130, ""no_candidate"": 24, ""none"": 871, ""stale_data_no_action"": 1}"
1500,-1000,120000,holdout,100,1026,0,867,159,112,178,736,-229596,-223.77777777777777,-202.0,-234103,-228.17056530214424,-202.0,-4507,-4.392787524366471,0.0,-5.19838523644752,0.0,280,104,483,0.7291666666666666,384,0.6826118361989073,70,57283,63,88683,210,48624,0,0,105907,110414,False,True,91.0,1,30,1,126,1,0,0,1026,0,0,3,"{""cut_target"": 63, ""harmful_exit"": 41, ""neutral_exit"": 483, ""no_active_exit"": 159, ""saved_stop"": 70, ""timeout_improved"": 210}","{""candidate_after_baseline_exit"": 126, ""candidate_after_max_hold"": 1, ""no_candidate"": 30, ""none"": 867, ""not_active_exit_eligible"": 1, ""stale_data_no_action"": 1}"
1500,-1500,30000,train,100,1027,0,892,135,74,122,831,-289460,-281.85004868549174,-202.0,-276554,-269.28334956183056,-202.0,12906,12.566699123661149,0.0,14.468609865470851,0.0,168,111,613,0.6021505376344086,279,0.5437051156152864,40,43213,32,45215,128,45726,0,0,88939,76033,False,True,52.8,6,20,0,88,21,0,0,1027,0,0,4,"{""cut_target"": 32, ""harmful_exit"": 79, ""neutral_exit"": 613, ""no_active_exit"": 135, ""saved_stop"": 40, ""timeout_improved"": 128}","{""candidate_after_baseline_exit"": 88, ""candidate_after_max_hold"": 21, ""no_candidate"": 20, ""none"": 892, ""stale_data_no_action"": 6}"
1500,-1500,30000,validation,100,1026,0,883,143,76,107,843,-260011,-253.42202729044834,-202.0,-251127,-244.76315789473685,-202.0,8884,8.6588693957115,0.0,10.061155152887883,0.0,111,75,697,0.5967741935483871,186,0.5250083636770048,24,26791,24,30678,87,30521,0,0,57312,48428,False,True,32.7,1,24,0,87,31,0,0,1026,0,0,3,"{""cut_target"": 24, ""harmful_exit"": 51, ""neutral_exit"": 697, ""no_active_exit"": 143, ""saved_stop"": 24, ""timeout_improved"": 87}","{""candidate_after_baseline_exit"": 87, ""candidate_after_max_hold"": 31, ""no_candidate"": 24, ""none"": 883, ""stale_data_no_action"": 1}"
1500,-1500,30000,holdout,100,1026,0,884,142,78,107,841,-266254,-259.5068226120858,-202.0,-269726,-262.8908382066277,-202.0,-3472,-3.38401559454191,0.0,-3.927601809954751,0.0,144,82,658,0.6371681415929203,226,0.5726729406876193,27,30512,28,39541,117,29166,0,0,59678,63150,False,True,38.7,1,30,1,77,33,0,0,1026,0,0,2,"{""cut_target"": 28, ""harmful_exit"": 54, ""neutral_exit"": 658, ""no_active_exit"": 142, ""saved_stop"": 27, ""timeout_improved"": 117}","{""candidate_after_baseline_exit"": 77, ""candidate_after_max_hold"": 33, ""no_candidate"": 30, ""none"": 884, ""not_active_exit_eligible"": 1, ""stale_data_no_action"": 1}"
1500,-1500,60000,train,100,1027,0,894,133,103,146,778,-279972,-272.6114897760467,-202.0,-273828,-266.6290165530672,-202.0,6144,5.982473222979552,0.0,6.87248322147651,0.0,224,136,534,0.6222222222222222,360,0.5710974644349645,64,81988,58,86827,160,45643,0,0,127631,121487,False,True,80.0,6,20,0,106,1,0,0,1027,0,0,3,"{""cut_target"": 58, ""harmful_exit"": 78, ""neutral_exit"": 534, ""no_active_exit"": 133, ""saved_stop"": 64, ""timeout_improved"": 160}","{""candidate_after_baseline_exit"": 106, ""candidate_after_max_hold"": 1, ""no_candidate"": 20, ""none"": 894, ""stale_data_no_action"": 6}"
1500,-1500,60000,validation,100,1026,0,888,138,98,127,801,-266454,-259.70175438596493,-202.0,-251706,-245.32748538011697,-202.0,14748,14.374269005847953,0.0,16.60810810810811,0.0,177,99,612,0.6413043478260869,276,0.5831375108648476,43,50944,45,57547,134,40397,0,0,91341,76593,False,True,56.4,1,24,0,109,4,0,0,1026,0,0,2,"{""cut_target"": 45, ""harmful_exit"": 54, ""neutral_exit"": 612, ""no_active_exit"": 138, ""saved_stop"": 43, ""timeout_improved"": 134}","{""candidate_after_baseline_exit"": 109, ""candidate_after_max_hold"": 4, ""no_candidate"": 24, ""none"": 888, ""stale_data_no_action"": 1}"
1500,-1500,60000,holdout,100,1026,0,892,134,106,128,792,-255344,-248.87329434697855,-202.0,-267612,-260.83040935672517,-202.0,-12268,-11.95711500974659,0.0,-13.753363228699552,0.0,201,117,574,0.6320754716981132,318,0.577789976674949,48,53389,54,79270,153,41749,0,0,95138,107406,False,True,63.3,1,30,1,97,5,0,0,1026,0,0,3,"{""cut_target"": 54, ""harmful_exit"": 63, ""neutral_exit"": 574, ""no_active_exit"": 134, ""saved_stop"": 48, ""timeout_improved"": 153}","{""candidate_after_baseline_exit"": 97, ""candidate_after_max_hold"": 5, ""no_candidate"": 30, ""none"": 892, ""not_active_exit_eligible"": 1, ""stale_data_no_action"": 1}"
1500,-1500,120000,train,100,1027,0,894,133,131,162,734,-284575,-277.09347614410905,-202.0,-273828,-266.6290165530672,-202.0,10747,10.46445959104187,0.0,12.021252796420582,0.0,287,142,465,0.668997668997669,429,0.6231410487466187,80,102140,86,130706,207,59218,0,0,161358,150611,False,True,100.7,6,20,0,107,0,0,0,1027,0,0,4,"{""cut_target"": 86, ""harmful_exit"": 56, ""neutral_exit"": 465, ""no_active_exit"": 133, ""saved_stop"": 80, ""timeout_improved"": 207}","{""candidate_after_baseline_exit"": 107, ""no_candidate"": 20, ""none"": 894, ""stale_data_no_action"": 6}"
1500,-1500,120000,validation,100,1026,0,888,138,114,139,773,-287112,-279.8362573099415,-202.0,-251706,-245.32748538011697,-202.0,35406,34.50877192982456,0.0,39.87162162162162,0.0,263,96,529,0.7325905292479109,359,0.684519890345164,55,70303,61,81169,208,59335,0,0,129638,94232,False,True,75.8,1,24,0,113,0,0,0,1026,0,0,2,"{""cut_target"": 61, ""harmful_exit"": 35, ""neutral_exit"": 529, ""no_active_exit"": 138, ""saved_stop"": 55, ""timeout_improved"": 208}","{""candidate_after_baseline_exit"": 113, ""no_candidate"": 24, ""none"": 888, ""stale_data_no_action"": 1}"
1500,-1500,120000,holdout,100,1026,0,892,134,124,147,755,-273682,-266.7465886939571,-202.0,-266989,-260.2231968810916,-202.0,6693,6.523391812865497,0.0,7.503363228699552,0.0,291,115,486,0.7167487684729064,406,0.6710474948881955,67,73190,72,105431,224,62825,0,0,136015,129322,False,True,89.4,1,30,1,101,1,0,0,1026,0,0,3,"{""cut_target"": 72, ""harmful_exit"": 43, ""neutral_exit"": 486, ""no_active_exit"": 134, ""saved_stop"": 67, ""timeout_improved"": 224}","{""candidate_after_baseline_exit"": 101, ""candidate_after_max_hold"": 1, ""no_candidate"": 30, ""none"": 892, ""not_active_exit_eligible"": 1, ""stale_data_no_action"": 1}"
1500,-2000,30000,train,100,1027,0,913,114,78,91,858,-316419,-308.10029211295034,-202.0,-305805,-297.7653359298929,-202.0,10614,10.334956183057448,0.0,11.625410733844468,0.0,173,120,620,0.590443686006826,293,0.533319789600638,31,44868,35,54516,142,56682,0,0,101550,90936,False,True,45.2,6,20,0,67,21,0,0,1027,0,0,4,"{""cut_target"": 35, ""harmful_exit"": 85, ""neutral_exit"": 620, ""no_active_exit"": 114, ""saved_stop"": 31, ""timeout_improved"": 142}","{""candidate_after_baseline_exit"": 67, ""candidate_after_max_hold"": 21, ""no_candidate"": 20, ""none"": 913, ""stale_data_no_action"": 6}"
1500,-2000,30000,validation,100,1026,0,895,131,79,90,857,-294666,-287.19883040935673,-202.0,-272154,-265.2573099415205,-202.0,22512,21.941520467836256,0.0,25.153072625698325,0.0,119,75,701,0.6134020618556701,194,0.5433078773666664,25,35737,24,30678,94,35203,0,0,70940,48428,False,True,34.4,1,24,0,75,31,0,0,1026,0,0,3,"{""cut_target"": 24, ""harmful_exit"": 51, ""neutral_exit"": 701, ""no_active_exit"": 131, ""saved_stop"": 25, ""timeout_improved"": 94}","{""candidate_after_baseline_exit"": 75, ""candidate_after_max_hold"": 31, ""no_candidate"": 24, ""none"": 895, ""stale_data_no_action"": 1}"
1500,-2000,30000,holdout,100,1026,0,895,131,79,95,852,-306997,-299.21734892787526,-202.0,-304130,-296.4230019493177,-202.0,2867,2.794346978557505,0.0,3.2033519553072627,0.0,147,88,660,0.625531914893617,235,0.5620999104987396,27,39158,29,42562,120,31547,0,0,70705,67838,False,True,39.0,1,30,1,66,33,0,0,1026,0,0,2,"{""cut_target"": 29, ""harmful_exit"": 59, ""neutral_exit"": 660, ""no_active_exit"": 131, ""saved_stop"": 27, ""timeout_improved"": 120}","{""candidate_after_baseline_exit"": 66, ""candidate_after_max_hold"": 33, ""no_candidate"": 30, ""none"": 895, ""not_active_exit_eligible"": 1, ""stale_data_no_action"": 1}"
1500,-2000,60000,train,100,1027,0,915,112,111,122,794,-314602,-306.33106134371957,-202.0,-303079,-295.1110029211295,-202.0,11523,11.220058422590068,0.0,12.59344262295082,0.0,231,145,539,0.6143617021276596,376,0.5642418740663436,62,94369,65,105251,169,58443,0,0,152812,141289,False,True,78.9,6,20,0,85,1,0,0,1027,0,0,3,"{""cut_target"": 65, ""harmful_exit"": 80, ""neutral_exit"": 539, ""no_active_exit"": 112, ""saved_stop"": 62, ""timeout_improved"": 169}","{""candidate_after_baseline_exit"": 85, ""candidate_after_max_hold"": 1, ""no_candidate"": 20, ""none"": 915, ""stale_data_no_action"": 6}"
1500,-2000,60000,validation,100,1026,0,901,125,102,112,812,-308739,-300.91520467836256,-202.0,-273477,-266.546783625731,-202.0,35262,34.36842105263158,0.0,39.13651498335183,0.0,186,100,615,0.6503496503496503,286,0.5934225931636765,45,65171,45,57547,141,48655,0,0,113826,78564,False,True,59.1,1,24,0,96,4,0,0,1026,0,0,2,"{""cut_target"": 45, ""harmful_exit"": 55, ""neutral_exit"": 615, ""no_active_exit"": 125, ""saved_stop"": 45, ""timeout_improved"": 141}","{""candidate_after_baseline_exit"": 96, ""candidate_after_max_hold"": 4, ""no_candidate"": 24, ""none"": 901, ""stale_data_no_action"": 1}"
1500,-2000,60000,holdout,100,1026,0,903,123,109,109,808,-298714,-291.14424951267057,-202.0,-300157,-292.5506822612086,-202.0,-1443,-1.4064327485380117,0.0,-1.5980066445182723,0.0,205,123,575,0.625,328,0.5714447936407882,41,60925,56,85266,164,53373,0,0,114298,115741,False,True,57.400000000000006,1,30,1,86,5,0,0,1026,0,0,3,"{""cut_target"": 56, ""harmful_exit"": 67, ""neutral_exit"": 575, ""no_active_exit"": 123, ""saved_stop"": 41, ""timeout_improved"": 164}","{""candidate_after_baseline_exit"": 86, ""candidate_after_max_hold"": 5, ""no_candidate"": 30, ""none"": 903, ""not_active_exit_eligible"": 1, ""stale_data_no_action"": 1}"
1500,-2000,120000,train,100,1027,0,915,112,140,140,747,-327538,-318.9269717624148,-202.0,-303079,-295.1110029211295,-202.0,24459,23.815968841285297,0.0,26.731147540983606,0.0,294,152,469,0.6591928251121076,446,0.6140118048881168,80,128468,94,151827,214,68156,0,0,196624,172165,False,True,101.4,6,20,0,86,0,0,0,1027,0,0,4,"{""cut_target"": 94, ""harmful_exit"": 58, ""neutral_exit"": 469, ""no_active_exit"": 112, ""saved_stop"": 80, ""timeout_improved"": 214}","{""candidate_after_baseline_exit"": 86, ""no_candidate"": 20, ""none"": 915, ""stale_data_no_action"": 6}"
1500,-2000,120000,validation,100,1026,0,901,125,120,118,788,-329695,-321.3401559454191,-202.0,-273477,-266.546783625731,-202.0,56218,54.79337231968811,0.0,62.39511653718091,0.0,272,98,531,0.7351351351351352,370,0.6879236368723947,51,78656,63,85460,221,76085,0,0,154741,98523,False,True,73.1,1,24,0,100,0,0,0,1026,0,0,2,"{""cut_target"": 63, ""harmful_exit"": 35, ""neutral_exit"": 531, ""no_active_exit"": 125, ""saved_stop"": 51, ""timeout_improved"": 221}","{""candidate_after_baseline_exit"": 100, ""no_candidate"": 24, ""none"": 901, ""stale_data_no_action"": 1}"
1500,-2000,120000,holdout,100,1026,0,903,123,128,121,777,-316326,-308.3099415204678,-202.0,-299534,-291.9434697855751,-202.0,16792,16.366471734892787,0.0,18.59579180509413,0.0,294,122,487,0.7067307692307693,416,0.661250420215562,53,80523,75,113513,241,80164,0,0,160687,143895,False,True,77.1,1,30,1,90,1,0,0,1026,0,0,3,"{""cut_target"": 75, ""harmful_exit"": 47, ""neutral_exit"": 487, ""no_active_exit"": 123, ""saved_stop"": 53, ""timeout_improved"": 241}","{""candidate_after_baseline_exit"": 90, ""candidate_after_max_hold"": 1, ""no_candidate"": 30, ""none"": 903, ""not_active_exit_eligible"": 1, ""stale_data_no_action"": 1}"
1500,-3000,30000,train,100,1027,0,936,91,80,56,891,-361767,-352.25608568646544,-202.0,-331672,-322.952288218111,-202.0,30095,29.303797468354432,0.0,32.15277777777778,0.0,185,128,623,0.5910543130990416,313,0.5358046602438357,25,42202,35,54516,160,82802,0,0,125004,94909,False,True,41.0,6,20,0,44,21,0,0,1027,0,0,3,"{""cut_target"": 35, ""harmful_exit"": 93, ""neutral_exit"": 623, ""no_active_exit"": 91, ""saved_stop"": 25, ""timeout_improved"": 160}","{""candidate_after_baseline_exit"": 44, ""candidate_after_max_hold"": 21, ""no_candidate"": 20, ""none"": 936, ""stale_data_no_action"": 6}"
1500,-3000,30000,validation,100,1026,0,921,105,80,66,880,-356031,-347.00877192982455,-202.0,-306570,-298.80116959064327,-202.0,49461,48.207602339181285,0.0,53.70358306188925,0.0,135,79,707,0.6308411214953271,214,0.5644090783451939,30,49802,24,30678,105,50050,0,0,99852,50391,False,True,40.5,1,24,0,49,31,0,0,1026,0,0,3,"{""cut_target"": 24, ""harmful_exit"": 55, ""neutral_exit"": 707, ""no_active_exit"": 105, ""saved_stop"": 30, ""timeout_improved"": 105}","{""candidate_after_baseline_exit"": 49, ""candidate_after_max_hold"": 31, ""no_candidate"": 24, ""none"": 921, ""stale_data_no_action"": 1}"
1500,-3000,30000,holdout,100,1026,0,916,110,83,57,886,-347557,-338.7495126705653,-202.0,-327417,-319.1198830409357,-202.0,20140,19.62962962962963,0.0,21.986899563318776,0.0,158,94,664,0.626984126984127,252,0.5657877621454653,19,35315,29,42562,139,55926,0,0,91241,71101,False,True,32.9,1,30,1,45,33,0,0,1026,0,0,2,"{""cut_target"": 29, ""harmful_exit"": 65, ""neutral_exit"": 664, ""no_active_exit"": 110, ""saved_stop"": 19, ""timeout_improved"": 139}","{""candidate_after_baseline_exit"": 45, ""candidate_after_max_hold"": 33, ""no_candidate"": 30, ""none"": 916, ""not_active_exit_eligible"": 1, ""stale_data_no_action"": 1}"
1500,-3000,60000,train,100,1027,0,940,87,116,76,835,-372576,-362.7809152872444,-202.0,-331974,-323.2463485881207,-202.0,40602,39.53456669912366,0.0,43.193617021276594,0.0,242,156,542,0.6080402010050251,398,0.5592644229322452,43,88542,68,110802,199,102826,0,0,191368,150766,False,False,62.900000000000006,6,20,0,60,1,0,0,1027,0,0,3,"{""cut_target"": 68, ""harmful_exit"": 88, ""neutral_exit"": 542, ""no_active_exit"": 87, ""saved_stop"": 43, ""timeout_improved"": 199}","{""candidate_after_baseline_exit"": 60, ""candidate_after_max_hold"": 1, ""no_candidate"": 20, ""none"": 940, ""stale_data_no_action"": 6}"
1500,-3000,60000,validation,100,1026,0,930,96,105,84,837,-385465,-375.6968810916179,-202.0,-312029,-304.12183235867445,-202.0,73436,71.57504873294347,0.0,78.96344086021506,0.0,206,106,618,0.6602564102564102,312,0.606037858070573,47,86270,47,62408,159,72275,0,0,158545,85109,False,True,62.9,1,24,0,67,4,0,0,1026,0,0,3,"{""cut_target"": 47, ""harmful_exit"": 59, ""neutral_exit"": 618, ""no_active_exit"": 96, ""saved_stop"": 47, ""timeout_improved"": 159}","{""candidate_after_baseline_exit"": 67, ""candidate_after_max_hold"": 4, ""no_candidate"": 24, ""none"": 930, ""stale_data_no_action"": 1}"
1500,-3000,60000,holdout,100,1026,0,928,98,115,70,841,-347079,-338.2836257309942,-202.0,-318525,-310.453216374269,-202.0,28554,27.830409356725145,0.0,30.76939655172414,0.0,219,131,578,0.6257142857142857,350,0.5739074616981685,32,65842,57,88857,187,87449,0,0,153291,124737,False,False,50.7,1,30,1,61,5,0,0,1026,0,0,3,"{""cut_target"": 57, ""harmful_exit"": 74, ""neutral_exit"": 578, ""no_active_exit"": 98, ""saved_stop"": 32, ""timeout_improved"": 187}","{""candidate_after_baseline_exit"": 61, ""candidate_after_max_hold"": 5, ""no_candidate"": 30, ""none"": 928, ""not_active_exit_eligible"": 1, ""stale_data_no_action"": 1}"
1500,-3000,120000,train,100,1027,0,940,87,149,96,782,-397804,-387.3456669912366,-202.0,-331974,-323.2463485881207,-202.0,65830,64.09931840311587,0.0,70.03191489361703,0.0,307,161,472,0.655982905982906,468,0.6118308056945448,63,135935,101,163612,244,114619,0,0,250554,184724,False,False,87.4,6,20,0,61,0,0,0,1027,0,0,4,"{""cut_target"": 101, ""harmful_exit"": 60, ""neutral_exit"": 472, ""no_active_exit"": 87, ""saved_stop"": 63, ""timeout_improved"": 244}","{""candidate_after_baseline_exit"": 61, ""no_candidate"": 20, ""none"": 940, ""stale_data_no_action"": 6}"
1500,-3000,120000,validation,100,1026,0,930,96,125,94,807,-413021,-402.55458089668616,-202.0,-312029,-304.12183235867445,-202.0,100992,98.4327485380117,0.0,108.59354838709677,0.0,292,105,533,0.7355163727959698,397,0.690022866743215,57,109866,67,95735,235,102204,0,0,212070,111078,False,True,80.5,1,24,0,71,0,0,0,1026,0,0,2,"{""cut_target"": 67, ""harmful_exit"": 38, ""neutral_exit"": 533, ""no_active_exit"": 96, ""saved_stop"": 57, ""timeout_improved"": 235}","{""candidate_after_baseline_exit"": 71, ""no_candidate"": 24, ""none"": 930, ""stale_data_no_action"": 1}"
1500,-3000,120000,holdout,100,1026,0,928,98,137,82,807,-375990,-366.46198830409355,-202.0,-317902,-309.8460038986355,-202.0,58088,56.61598440545809,0.0,62.5948275862069,0.0,308,130,490,0.7031963470319634,438,0.658795239540611,44,94961,79,123362,264,118851,0,0,213812,155724,False,False,70.4,1,30,1,65,1,0,0,1026,0,0,2,"{""cut_target"": 79, ""harmful_exit"": 51, ""neutral_exit"": 490, ""no_active_exit"": 98, ""saved_stop"": 44, ""timeout_improved"": 264}","{""candidate_after_baseline_exit"": 65, ""candidate_after_max_hold"": 1, ""no_candidate"": 30, ""none"": 928, ""not_active_exit_eligible"": 1, ""stale_data_no_action"": 1}"
1500,-5000,30000,train,100,1027,0,957,70,82,24,921,-413681,-402.80525803310616,-202.0,-375764,-365.8851022395326,-202.0,37917,36.920155793573514,0.0,39.62068965517241,0.0,197,134,626,0.595166163141994,331,0.5414872242937937,15,41264,37,65165,182,110458,0,0,151722,113805,False,False,33.2,6,20,0,23,21,0,0,1027,0,0,3,"{""cut_target"": 37, ""harmful_exit"": 97, ""neutral_exit"": 626, ""no_active_exit"": 70, ""saved_stop"": 15, ""timeout_improved"": 182}","{""candidate_after_baseline_exit"": 23, ""candidate_after_max_hold"": 21, ""no_candidate"": 20, ""none"": 957, ""stale_data_no_action"": 6}"
1500,-5000,30000,validation,100,1026,0,937,89,84,26,916,-403014,-392.80116959064327,-202.0,-326101,-317.8372319688109,-202.0,76913,74.96393762183236,0.0,82.08431163287086,0.0,141,85,711,0.6238938053097345,226,0.5591643484115301,12,39731,24,30678,129,90962,0,0,130693,53780,True,True,24.9,1,24,0,33,31,0,0,1026,0,0,3,"{""cut_target"": 24, ""harmful_exit"": 61, ""neutral_exit"": 711, ""no_active_exit"": 89, ""saved_stop"": 12, ""timeout_improved"": 129}","{""candidate_after_baseline_exit"": 33, ""candidate_after_max_hold"": 31, ""no_candidate"": 24, ""none"": 937, ""stale_data_no_action"": 1}"
1500,-5000,30000,holdout,100,1026,0,934,92,86,25,915,-395636,-385.6101364522417,-202.0,-356064,-347.0409356725146,-202.0,39572,38.5692007797271,0.0,42.36830835117773,0.0,167,98,669,0.630188679245283,265,0.5705918607254143,9,25014,29,42562,158,89343,0,0,114357,74785,False,False,24.8,1,30,1,27,33,0,0,1026,0,0,2,"{""cut_target"": 29, ""harmful_exit"": 69, ""neutral_exit"": 669, ""no_active_exit"": 92, ""saved_stop"": 9, ""timeout_improved"": 158}","{""candidate_after_baseline_exit"": 27, ""candidate_after_max_hold"": 33, ""no_candidate"": 30, ""none"": 934, ""not_active_exit_eligible"": 1, ""stale_data_no_action"": 1}"
1500,-5000,60000,train,100,1027,0,964,63,120,34,873,-451627,-439.7536514118793,-202.0,-377974,-368.03700097370984,-202.0,73653,71.71665043816942,0.0,76.40352697095436,0.0,257,162,545,0.6133651551312649,419,0.5659076472606818,25,72847,72,127538,232,170252,0,0,243099,169446,False,False,48.2,6,20,0,36,1,0,0,1027,0,0,3,"{""cut_target"": 72, ""harmful_exit"": 90, ""neutral_exit"": 545, ""no_active_exit"": 63, ""saved_stop"": 25, ""timeout_improved"": 232}","{""candidate_after_baseline_exit"": 36, ""candidate_after_max_hold"": 1, ""no_candidate"": 20, ""none"": 964, ""stale_data_no_action"": 6}"
1500,-5000,60000,validation,100,1026,0,948,78,110,47,869,-474438,-462.41520467836256,-202.0,-335720,-327.21247563352824,-202.0,138718,135.2027290448343,0.0,146.32700421940928,0.0,218,111,619,0.662613981762918,329,0.6099072634231858,32,104421,48,65248,186,125279,0,0,229700,90982,False,True,50.6,1,24,0,49,4,0,0,1026,0,0,3,"{""cut_target"": 48, ""harmful_exit"": 63, ""neutral_exit"": 619, ""no_active_exit"": 78, ""saved_stop"": 32, ""timeout_improved"": 186}","{""candidate_after_baseline_exit"": 49, ""candidate_after_max_hold"": 4, ""no_candidate"": 24, ""none"": 948, ""stale_data_no_action"": 1}"
1500,-5000,60000,holdout,100,1026,0,946,80,119,30,877,-405673,-395.3927875243665,-202.0,-350433,-341.55263157894734,-202.0,55240,53.840155945419106,0.0,58.39323467230444,0.0,228,137,581,0.6246575342465753,365,0.573926696534001,13,39990,58,93280,215,145065,0,0,185055,129815,False,False,34.5,1,30,1,43,5,0,0,1026,0,0,3,"{""cut_target"": 58, ""harmful_exit"": 79, ""neutral_exit"": 581, ""no_active_exit"": 80, ""saved_stop"": 13, ""timeout_improved"": 215}","{""candidate_after_baseline_exit"": 43, ""candidate_after_max_hold"": 5, ""no_candidate"": 30, ""none"": 946, ""not_active_exit_eligible"": 1, ""stale_data_no_action"": 1}"
1500,-5000,120000,train,100,1027,0,964,63,154,44,829,-501461,-488.2775073028238,-202.0,-377974,-368.03700097370984,-202.0,123487,120.24050632911393,0.0,128.09854771784234,0.0,321,168,475,0.656441717791411,489,0.6132777006935073,35,114569,106,183849,286,215104,0,0,329673,206186,False,False,63.6,6,20,0,37,0,0,0,1027,0,0,4,"{""cut_target"": 106, ""harmful_exit"": 62, ""neutral_exit"": 475, ""no_active_exit"": 63, ""saved_stop"": 35, ""timeout_improved"": 286}","{""candidate_after_baseline_exit"": 37, ""no_candidate"": 20, ""none"": 964, ""stale_data_no_action"": 6}"
1500,-5000,120000,validation,100,1026,0,948,78,130,59,837,-524106,-510.82456140350877,-202.0,-335720,-327.21247563352824,-202.0,188386,183.6120857699805,0.0,198.7194092827004,0.0,305,109,534,0.7367149758454107,414,0.6922542266105858,44,148191,68,98575,261,155310,0,0,303501,115115,False,True,70.1,1,24,0,53,0,0,0,1026,0,0,2,"{""cut_target"": 68, ""harmful_exit"": 41, ""neutral_exit"": 534, ""no_active_exit"": 78, ""saved_stop"": 44, ""timeout_improved"": 261}","{""candidate_after_baseline_exit"": 53, ""no_candidate"": 24, ""none"": 948, ""stale_data_no_action"": 1}"
1500,-5000,120000,holdout,100,1026,0,946,80,141,33,852,-444644,-433.3762183235867,-202.0,-349810,-340.94541910331384,-202.0,94834,92.4307992202729,0.0,100.24735729386892,0.0,320,133,493,0.7064017660044151,453,0.6628694216943226,16,52436,80,127785,304,203696,0,0,256132,161298,False,False,46.400000000000006,1,30,1,47,1,0,0,1026,0,0,3,"{""cut_target"": 80, ""harmful_exit"": 53, ""neutral_exit"": 493, ""no_active_exit"": 80, ""saved_stop"": 16, ""timeout_improved"": 304}","{""candidate_after_baseline_exit"": 47, ""candidate_after_max_hold"": 1, ""no_candidate"": 30, ""none"": 946, ""not_active_exit_eligible"": 1, ""stale_data_no_action"": 1}"
1500,-6000,30000,train,100,1027,0,958,69,82,14,931,-426979,-415.7536514118793,-202.0,-384062,-373.96494644595913,-202.0,42917,41.788704965920154,0.0,44.798538622129435,0.0,196,136,626,0.5903614457831325,332,0.5367232070544125,6,27249,37,65165,190,131842,0,0,159091,116174,False,False,25.0,6,20,0,22,21,0,0,1027,0,0,3,"{""cut_target"": 37, ""harmful_exit"": 99, ""neutral_exit"": 626, ""no_active_exit"": 69, ""saved_stop"": 6, ""timeout_improved"": 190}","{""candidate_after_baseline_exit"": 22, ""candidate_after_max_hold"": 21, ""no_candidate"": 20, ""none"": 958, ""stale_data_no_action"": 6}"
1500,-6000,30000,validation,100,1026,0,941,85,84,16,926,-419329,-408.7027290448343,-202.0,-336730,-328.1968810916179,-202.0,82599,80.50584795321637,0.0,87.7778958554729,0.0,144,86,711,0.6260869565217392,230,0.5619670336698251,6,21231,24,30678,138,115826,0,0,137057,54458,True,False,19.8,1,24,0,29,31,0,0,1026,0,0,3,"{""cut_target"": 24, ""harmful_exit"": 62, ""neutral_exit"": 711, ""no_active_exit"": 85, ""saved_stop"": 6, ""timeout_improved"": 138}","{""candidate_after_baseline_exit"": 29, ""candidate_after_max_hold"": 31, ""no_candidate"": 24, ""none"": 941, ""stale_data_no_action"": 1}"
1500,-6000,30000,holdout,100,1026,0,940,86,86,11,929,-401826,-391.6432748538012,-202.0,-362671,-353.4805068226121,-202.0,39155,38.16276803118908,0.0,41.65425531914894,0.0,171,100,669,0.6309963099630996,271,0.5720886164404804,3,2225,29,42562,168,115822,0,0,118047,78892,False,False,19.8,1,30,1,21,33,0,0,1026,0,0,2,"{""cut_target"": 29, ""harmful_exit"": 71, ""neutral_exit"": 669, ""no_active_exit"": 86, ""saved_stop"": 3, ""timeout_improved"": 168}","{""candidate_after_baseline_exit"": 21, ""candidate_after_max_hold"": 33, ""no_candidate"": 30, ""none"": 940, ""not_active_exit_eligible"": 1, ""stale_data_no_action"": 1}"
1500,-6000,60000,train,100,1027,0,965,62,120,17,890,-464719,-452.5014605647517,-202.0,-386272,-376.1168451801363,-202.0,78447,76.38461538461539,0.0,81.29222797927461,0.0,255,165,545,0.6071428571428571,420,0.5596663255642417,9,44882,72,127538,246,207512,0,0,252394,173947,False,False,33.6,6,20,0,35,1,0,0,1027,0,0,3,"{""cut_target"": 72, ""harmful_exit"": 93, ""neutral_exit"": 545, ""no_active_exit"": 62, ""saved_stop"": 9, ""timeout_improved"": 246}","{""candidate_after_baseline_exit"": 35, ""candidate_after_max_hold"": 1, ""no_candidate"": 20, ""none"": 965, ""stale_data_no_action"": 6}"
1500,-6000,60000,validation,100,1026,0,953,73,110,28,888,-507225,-494.37134502923976,-202.0,-346855,-338.06530214424953,-202.0,160370,156.30604288499026,0.0,168.2791185729276,0.0,222,112,619,0.6646706586826348,334,0.6124214248699502,18,72292,48,65248,204,180584,0,0,252876,92506,False,False,38.400000000000006,1,24,0,44,4,0,0,1026,0,0,3,"{""cut_target"": 48, ""harmful_exit"": 64, ""neutral_exit"": 619, ""no_active_exit"": 73, ""saved_stop"": 18, ""timeout_improved"": 204}","{""candidate_after_baseline_exit"": 44, ""candidate_after_max_hold"": 4, ""no_candidate"": 24, ""none"": 953, ""stale_data_no_action"": 1}"
1500,-6000,60000,holdout,100,1026,0,953,73,120,19,887,-419290,-408.66471734892787,-202.0,-355569,-346.55847953216374,-202.0,63721,62.106237816764136,0.0,66.86358866736622,0.0,234,138,581,0.6290322580645161,372,0.5788584745154467,10,25533,58,93280,224,169316,0,0,194849,131128,False,False,32.400000000000006,1,30,1,36,5,0,0,1026,0,0,3,"{""cut_target"": 58, ""harmful_exit"": 80, ""neutral_exit"": 581, ""no_active_exit"": 73, ""saved_stop"": 10, ""timeout_improved"": 224}","{""candidate_after_baseline_exit"": 36, ""candidate_after_max_hold"": 5, ""no_candidate"": 30, ""none"": 953, ""not_active_exit_eligible"": 1, ""stale_data_no_action"": 1}"
1500,-6000,120000,train,100,1027,0,965,62,154,21,852,-516394,-502.81791626095423,-202.0,-386272,-376.1168451801363,-202.0,130122,126.70107108081791,0.0,134.84145077720208,0.0,319,171,475,0.6510204081632653,490,0.6077903227066926,13,61277,106,183849,306,277404,0,0,338681,208559,False,False,43.6,6,20,0,36,0,0,0,1027,0,0,4,"{""cut_target"": 106, ""harmful_exit"": 65, ""neutral_exit"": 475, ""no_active_exit"": 62, ""saved_stop"": 13, ""timeout_improved"": 306}","{""candidate_after_baseline_exit"": 36, ""no_candidate"": 20, ""none"": 965, ""stale_data_no_action"": 6}"
1500,-6000,120000,validation,100,1026,0,953,73,130,37,859,-560429,-546.2270955165692,-202.0,-346855,-338.06530214424953,-202.0,213574,208.1617933723197,0.0,224.10703043022036,0.0,308,111,534,0.7350835322195705,419,0.6908323969654521,27,115795,68,98575,281,220330,0,0,336125,122551,False,False,55.1,1,24,0,48,0,0,0,1026,0,0,2,"{""cut_target"": 68, ""harmful_exit"": 43, ""neutral_exit"": 534, ""no_active_exit"": 73, ""saved_stop"": 27, ""timeout_improved"": 281}","{""candidate_after_baseline_exit"": 48, ""no_candidate"": 24, ""none"": 953, ""stale_data_no_action"": 1}"
1500,-6000,120000,holdout,100,1026,0,953,73,143,24,859,-454658,-443.1364522417154,-202.0,-354946,-345.95126705653024,-202.0,99712,97.18518518518519,0.0,104.6295907660021,0.0,324,136,493,0.7043478260869566,460,0.6610923674099637,15,47504,81,129540,309,217758,0,0,265262,165550,False,False,45.900000000000006,1,30,1,40,1,0,0,1026,0,0,3,"{""cut_target"": 81, ""harmful_exit"": 55, ""neutral_exit"": 493, ""no_active_exit"": 73, ""saved_stop"": 15, ""timeout_improved"": 309}","{""candidate_after_baseline_exit"": 40, ""candidate_after_max_hold"": 1, ""no_candidate"": 30, ""none"": 953, ""not_active_exit_eligible"": 1, ""stale_data_no_action"": 1}"
2000,-200,30000,train,100,1027,0,782,245,42,306,679,-109495,-106.61635832521908,-202.0,-128479,-125.10126582278481,-202.0,-18984,-18.484907497565725,0.0,-24.276214833759592,0.0,131,80,571,0.6208530805687204,211,0.5537797242376155,89,22177,22,31405,42,5660,0,0,27837,46821,False,True,93.2,6,20,0,198,21,0,0,1027,0,0,3,"{""cut_target"": 22, ""harmful_exit"": 58, ""neutral_exit"": 571, ""no_active_exit"": 245, ""saved_stop"": 89, ""timeout_improved"": 42}","{""candidate_after_baseline_exit"": 198, ""candidate_after_max_hold"": 21, ""no_candidate"": 20, ""none"": 782, ""stale_data_no_action"": 6}"
2000,-200,30000,validation,100,1026,0,806,220,45,248,733,-103339,-100.72027290448344,-202.0,-108509,-105.75925925925925,-202.0,-5170,-5.038986354775829,0.0,-6.41439205955335,0.0,93,51,662,0.6458333333333334,144,0.5648581439841516,67,14792,12,14615,26,4922,0,0,19714,24884,False,True,69.6,1,24,0,164,31,0,0,1026,0,0,2,"{""cut_target"": 12, ""harmful_exit"": 39, ""neutral_exit"": 662, ""no_active_exit"": 220, ""saved_stop"": 67, ""timeout_improved"": 26}","{""candidate_after_baseline_exit"": 164, ""candidate_after_max_hold"": 31, ""no_candidate"": 24, ""none"": 806, ""stale_data_no_action"": 1}"
2000,-200,30000,holdout,100,1026,0,787,239,37,268,721,-105749,-103.0692007797271,-202.0,-130261,-126.96003898635477,-202.0,-24512,-23.89083820662768,0.0,-31.146124523506987,0.0,110,57,620,0.6586826347305389,167,0.5839252387425599,65,14220,10,17704,45,2851,0,0,17071,41583,False,True,69.5,1,30,1,174,33,0,0,1026,0,0,2,"{""cut_target"": 10, ""harmful_exit"": 47, ""neutral_exit"": 620, ""no_active_exit"": 239, ""saved_stop"": 65, ""timeout_improved"": 45}","{""candidate_after_baseline_exit"": 174, ""candidate_after_max_hold"": 33, ""no_candidate"": 30, ""none"": 787, ""not_active_exit_eligible"": 1, ""stale_data_no_action"": 1}"
2000,-200,60000,train,100,1027,0,784,243,50,354,623,-94717,-92.22687439143135,-204.0,-129242,-125.8442064264849,-202.0,-34525,-33.61733203505355,0.0,-44.036989795918366,0.0,189,95,500,0.6654929577464789,284,0.6087334171785449,137,34040,30,43438,52,6230,0,0,40270,74795,False,True,142.2,6,20,0,216,1,0,0,1027,0,0,3,"{""cut_target"": 30, ""harmful_exit"": 65, ""neutral_exit"": 500, ""no_active_exit"": 243, ""saved_stop"": 137, ""timeout_improved"": 52}","{""candidate_after_baseline_exit"": 216, ""candidate_after_max_hold"": 1, ""no_candidate"": 20, ""none"": 784, ""stale_data_no_action"": 6}"
2000,-200,60000,validation,100,1026,0,811,215,64,280,682,-79251,-77.24269005847954,-202.0,-107813,-105.08089668615985,-202.0,-28562,-27.83820662768031,0.0,-35.21824907521578,0.0,151,77,583,0.6622807017543859,228,0.5986557043842923,99,23064,31,40621,52,2255,0,0,25319,53881,False,True,104.2,1,24,0,186,4,0,0,1026,0,0,2,"{""cut_target"": 31, ""harmful_exit"": 46, ""neutral_exit"": 583, ""no_active_exit"": 215, ""saved_stop"": 99, ""timeout_improved"": 52}","{""candidate_after_baseline_exit"": 186, ""candidate_after_max_hold"": 4, ""no_candidate"": 24, ""none"": 811, ""stale_data_no_action"": 1}"
2000,-200,60000,holdout,100,1026,0,790,236,48,312,666,-97772,-95.2943469785575,-202.0,-129534,-126.25146198830409,-202.0,-31762,-30.957115009746587,0.0,-40.20506329113924,0.0,178,70,542,0.717741935483871,248,0.6587321027893008,108,20112,17,29128,70,6009,0,0,26121,57883,False,True,115.0,1,30,1,199,5,0,0,1026,0,0,2,"{""cut_target"": 17, ""harmful_exit"": 53, ""neutral_exit"": 542, ""no_active_exit"": 236, ""saved_stop"": 108, ""timeout_improved"": 70}","{""candidate_after_baseline_exit"": 199, ""candidate_after_max_hold"": 5, ""no_candidate"": 30, ""none"": 790, ""not_active_exit_eligible"": 1, ""stale_data_no_action"": 1}"
2000,-200,120000,train,100,1027,0,784,243,61,410,556,-89164,-86.81986368062317,-210.0,-129242,-125.8442064264849,-202.0,-40078,-39.02434274586173,0.0,-51.119897959183675,0.0,253,94,437,0.729106628242075,347,0.680026783972379,193,47497,41,65156,60,2590,0,0,50087,90165,False,True,199.0,6,20,0,217,0,0,0,1027,0,0,3,"{""cut_target"": 41, ""harmful_exit"": 53, ""neutral_exit"": 437, ""no_active_exit"": 243, ""saved_stop"": 193, ""timeout_improved"": 60}","{""candidate_after_baseline_exit"": 217, ""no_candidate"": 20, ""none"": 784, ""stale_data_no_action"": 6}"
2000,-200,120000,validation,100,1026,0,811,215,71,355,600,-76309,-74.37524366471735,-202.0,-107813,-105.08089668615985,-202.0,-31504,-30.705653021442494,0.0,-38.84586929716399,0.0,232,72,507,0.7631578947368421,304,0.7122685510077744,174,32225,38,51084,58,2168,0,0,34393,65897,False,True,179.8,1,24,0,190,0,0,0,1026,0,0,2,"{""cut_target"": 38, ""harmful_exit"": 34, ""neutral_exit"": 507, ""no_active_exit"": 215, ""saved_stop"": 174, ""timeout_improved"": 58}","{""candidate_after_baseline_exit"": 190, ""no_candidate"": 24, ""none"": 811, ""stale_data_no_action"": 1}"
2000,-200,120000,holdout,100,1026,0,790,236,61,386,579,-94891,-92.48635477582846,-204.0,-129534,-126.25146198830409,-202.0,-34643,-33.765107212475634,0.0,-43.85189873417721,0.0,261,65,464,0.8006134969325154,326,0.7538529102324251,182,31846,30,50995,79,3697,0,0,35543,70186,False,True,189.9,1,30,1,203,1,0,0,1026,0,0,2,"{""cut_target"": 30, ""harmful_exit"": 35, ""neutral_exit"": 464, ""no_active_exit"": 236, ""saved_stop"": 182, ""timeout_improved"": 79}","{""candidate_after_baseline_exit"": 203, ""candidate_after_max_hold"": 1, ""no_candidate"": 30, ""none"": 790, ""not_active_exit_eligible"": 1, ""stale_data_no_action"": 1}"
2000,-300,30000,train,100,1027,0,807,220,42,269,716,-136097,-132.51898734177215,-202.0,-147242,-143.37098344693283,-202.0,-11145,-10.851996105160662,0.0,-13.810408921933085,0.0,143,83,581,0.6327433628318584,226,0.5681645459797758,77,26853,22,31405,66,9843,0,0,36696,47841,False,True,83.6,6,20,0,173,21,0,0,1027,0,0,2,"{""cut_target"": 22, ""harmful_exit"": 61, ""neutral_exit"": 581, ""no_active_exit"": 220, ""saved_stop"": 77, ""timeout_improved"": 66}","{""candidate_after_baseline_exit"": 173, ""candidate_after_max_hold"": 21, ""no_candidate"": 20, ""none"": 807, ""stale_data_no_action"": 6}"
2000,-300,30000,validation,100,1026,0,819,207,48,223,755,-118077,-115.08479532163743,-202.0,-123936,-120.7953216374269,-202.0,-5859,-5.7105263157894735,0.0,-7.153846153846154,0.0,97,54,668,0.6423841059602649,151,0.5632754823580859,56,18078,15,21243,41,7575,0,0,25653,31512,False,True,60.1,1,24,0,151,31,0,0,1026,0,0,2,"{""cut_target"": 15, ""harmful_exit"": 39, ""neutral_exit"": 668, ""no_active_exit"": 207, ""saved_stop"": 56, ""timeout_improved"": 41}","{""candidate_after_baseline_exit"": 151, ""candidate_after_max_hold"": 31, ""no_candidate"": 24, ""none"": 819, ""stale_data_no_action"": 1}"
2000,-300,30000,holdout,100,1026,0,806,220,40,237,749,-122868,-119.75438596491227,-202.0,-149058,-145.28070175438597,-202.0,-26190,-25.526315789473685,0.0,-32.49379652605459,0.0,116,63,627,0.6480446927374302,179,0.5756404155596292,53,17021,13,23902,63,5671,0,0,22692,48882,False,True,59.3,1,30,1,155,33,0,0,1026,0,0,2,"{""cut_target"": 13, ""harmful_exit"": 50, ""neutral_exit"": 627, ""no_active_exit"": 220, ""saved_stop"": 53, ""timeout_improved"": 63}","{""candidate_after_baseline_exit"": 155, ""candidate_after_max_hold"": 33, ""no_candidate"": 30, ""none"": 806, ""not_active_exit_eligible"": 1, ""stale_data_no_action"": 1}"
2000,-300,60000,train,100,1027,0,809,218,50,311,666,-125114,-121.82473222979552,-203.0,-148005,-144.1139240506329,-202.0,-22891,-22.28919182083739,0.0,-28.295426452410382,0.0,201,101,507,0.6655629139072847,302,0.610567359311015,119,43007,30,43438,82,10702,0,0,53709,76600,False,True,127.2,6,20,0,191,1,0,0,1027,0,0,2,"{""cut_target"": 30, ""harmful_exit"": 71, ""neutral_exit"": 507, ""no_active_exit"": 218, ""saved_stop"": 119, ""timeout_improved"": 82}","{""candidate_after_baseline_exit"": 191, ""candidate_after_max_hold"": 1, ""no_candidate"": 20, ""none"": 809, ""stale_data_no_action"": 6}"
2000,-300,60000,validation,100,1026,0,825,201,67,253,706,-95691,-93.26608187134502,-202.0,-123837,-120.69883040935673,-202.0,-28146,-27.432748538011698,0.0,-34.11636363636364,0.0,155,82,588,0.6540084388185654,237,0.5914249661981748,86,29053,34,47249,69,5396,0,0,34449,62595,False,True,92.9,1,24,0,172,4,0,0,1026,0,0,2,"{""cut_target"": 34, ""harmful_exit"": 48, ""neutral_exit"": 588, ""no_active_exit"": 201, ""saved_stop"": 86, ""timeout_improved"": 69}","{""candidate_after_baseline_exit"": 172, ""candidate_after_max_hold"": 4, ""no_candidate"": 24, ""none"": 825, ""stale_data_no_action"": 1}"
2000,-300,60000,holdout,100,1026,0,809,217,55,278,693,-106881,-104.17251461988305,-202.0,-148431,-144.66959064327486,-202.0,-41550,-40.49707602339181,0.0,-51.359703337453645,0.0,179,81,549,0.6884615384615385,260,0.6297682241502318,93,26254,24,43394,86,8114,0,0,34368,75918,False,True,101.6,1,30,1,180,5,0,0,1026,0,0,3,"{""cut_target"": 24, ""harmful_exit"": 57, ""neutral_exit"": 549, ""no_active_exit"": 217, ""saved_stop"": 93, ""timeout_improved"": 86}","{""candidate_after_baseline_exit"": 180, ""candidate_after_max_hold"": 5, ""no_candidate"": 30, ""none"": 809, ""not_active_exit_eligible"": 1, ""stale_data_no_action"": 1}"
2000,-300,120000,train,100,1027,0,809,218,64,352,611,-119438,-116.29795520934762,-210.0,-148005,-144.1139240506329,-202.0,-28567,-27.815968841285297,0.0,-35.311495673671196,0.0,266,101,442,0.7247956403269755,367,0.6769516208748952,160,59369,44,71016,106,9095,0,0,68464,97031,False,True,170.6,6,20,0,192,0,0,0,1027,0,0,3,"{""cut_target"": 44, ""harmful_exit"": 57, ""neutral_exit"": 442, ""no_active_exit"": 218, ""saved_stop"": 160, ""timeout_improved"": 106}","{""candidate_after_baseline_exit"": 192, ""no_candidate"": 20, ""none"": 809, ""stale_data_no_action"": 6}"
2000,-300,120000,validation,100,1026,0,825,201,75,308,643,-100123,-97.58576998050683,-202.0,-123837,-120.69883040935673,-202.0,-23714,-23.113060428849902,0.0,-28.744242424242426,0.0,238,76,511,0.7579617834394905,314,0.7076531282915135,141,42583,42,59921,97,8437,0,0,51020,74734,False,True,150.7,1,24,0,176,0,0,0,1026,0,0,2,"{""cut_target"": 42, ""harmful_exit"": 34, ""neutral_exit"": 511, ""no_active_exit"": 201, ""saved_stop"": 141, ""timeout_improved"": 97}","{""candidate_after_baseline_exit"": 176, ""no_candidate"": 24, ""none"": 825, ""stale_data_no_action"": 1}"
2000,-300,120000,holdout,100,1026,0,809,217,70,339,617,-111029,-108.21539961013646,-203.0,-148431,-144.66959064327486,-202.0,-37402,-36.4541910331384,0.0,-46.23238566131026,0.0,265,74,470,0.7817109144542773,339,0.734714548320405,154,42746,39,69162,111,8205,0,0,50951,88353,False,True,165.1,1,30,1,184,1,0,0,1026,0,0,2,"{""cut_target"": 39, ""harmful_exit"": 35, ""neutral_exit"": 470, ""no_active_exit"": 217, ""saved_stop"": 154, ""timeout_improved"": 111}","{""candidate_after_baseline_exit"": 184, ""candidate_after_max_hold"": 1, ""no_candidate"": 30, ""none"": 809, ""not_active_exit_eligible"": 1, ""stale_data_no_action"": 1}"
2000,-500,30000,train,100,1027,0,834,193,43,232,752,-179192,-174.48101265822785,-202.0,-179004,-174.2979552093476,-202.0,188,0.1830574488802337,0.0,0.22541966426858512,0.0,157,86,591,0.6460905349794238,243,0.5841207634014973,69,32221,22,31405,88,18049,0,0,50270,50082,False,True,77.8,6,20,0,146,21,0,0,1027,0,0,2,"{""cut_target"": 22, ""harmful_exit"": 64, ""neutral_exit"": 591, ""no_active_exit"": 193, ""saved_stop"": 69, ""timeout_improved"": 88}","{""candidate_after_baseline_exit"": 146, ""candidate_after_max_hold"": 21, ""no_candidate"": 20, ""none"": 834, ""stale_data_no_action"": 6}"
2000,-500,30000,validation,100,1026,0,842,184,51,189,786,-149906,-146.10721247563353,-202.0,-149217,-145.43567251461988,-202.0,689,0.6715399610136452,0.0,0.8182897862232779,0.0,103,59,680,0.6358024691358025,162,0.559352192203559,47,23331,16,23260,56,12138,0,0,35469,34780,False,True,52.6,1,24,0,128,31,0,0,1026,0,0,3,"{""cut_target"": 16, ""harmful_exit"": 43, ""neutral_exit"": 680, ""no_active_exit"": 184, ""saved_stop"": 47, ""timeout_improved"": 56}","{""candidate_after_baseline_exit"": 128, ""candidate_after_max_hold"": 31, ""no_candidate"": 24, ""none"": 842, ""stale_data_no_action"": 1}"
2000,-500,30000,holdout,100,1026,0,830,196,45,208,773,-149158,-145.37816764132555,-202.0,-169458,-165.16374269005848,-202.0,-20300,-19.785575048732944,0.0,-24.457831325301203,0.0,129,69,632,0.6515151515151515,198,0.5828332195015492,54,24761,13,23902,75,8383,0,0,33144,53444,False,True,61.5,1,30,1,131,33,0,0,1026,0,0,2,"{""cut_target"": 13, ""harmful_exit"": 56, ""neutral_exit"": 632, ""no_active_exit"": 196, ""saved_stop"": 54, ""timeout_improved"": 75}","{""candidate_after_baseline_exit"": 131, ""candidate_after_max_hold"": 33, ""no_candidate"": 30, ""none"": 830, ""not_active_exit_eligible"": 1, ""stale_data_no_action"": 1}"
2000,-500,60000,train,100,1027,0,837,190,52,271,704,-169828,-165.36319376825705,-202.0,-179791,-175.064264849075,-202.0,-9963,-9.701071080817917,0.0,-11.903225806451612,0.0,215,108,514,0.6656346749226006,323,0.6125053084886241,108,55567,31,44486,107,16898,0,0,72465,82428,False,True,118.7,6,20,0,163,1,0,0,1027,0,0,2,"{""cut_target"": 31, ""harmful_exit"": 77, ""neutral_exit"": 514, ""no_active_exit"": 190, ""saved_stop"": 108, ""timeout_improved"": 107}","{""candidate_after_baseline_exit"": 163, ""candidate_after_max_hold"": 1, ""no_candidate"": 20, ""none"": 837, ""stale_data_no_action"": 6}"
2000,-500,60000,validation,100,1026,0,848,178,71,215,740,-130442,-127.1364522417154,-202.0,-149118,-145.33918128654972,-202.0,-18676,-18.202729044834307,0.0,-22.02358490566038,0.0,166,86,596,0.6587301587301587,252,0.598199402861068,73,38617,36,51587,93,11875,0,0,50492,69168,False,True,82.3,1,24,0,149,4,0,0,1026,0,0,2,"{""cut_target"": 36, ""harmful_exit"": 50, ""neutral_exit"": 596, ""no_active_exit"": 178, ""saved_stop"": 73, ""timeout_improved"": 93}","{""candidate_after_baseline_exit"": 149, ""candidate_after_max_hold"": 4, ""no_candidate"": 24, ""none"": 848, ""stale_data_no_action"": 1}"
2000,-500,60000,holdout,100,1026,0,833,193,63,241,722,-132648,-129.28654970760235,-202.0,-169507,-165.21150097465886,-202.0,-36859,-35.92495126705653,0.0,-44.2484993997599,0.0,192,89,552,0.6832740213523132,281,0.6267219374327405,86,38509,27,50525,106,12682,0,0,51191,88050,False,True,96.6,1,30,1,156,5,0,0,1026,0,0,3,"{""cut_target"": 27, ""harmful_exit"": 62, ""neutral_exit"": 552, ""no_active_exit"": 193, ""saved_stop"": 86, ""timeout_improved"": 106}","{""candidate_after_baseline_exit"": 156, ""candidate_after_max_hold"": 5, ""no_candidate"": 30, ""none"": 833, ""not_active_exit_eligible"": 1, ""stale_data_no_action"": 1}"
2000,-500,120000,train,100,1027,0,837,190,68,307,652,-166993,-162.6027263875365,-210.0,-179791,-175.064264849075,-202.0,-12798,-12.461538461538462,0.0,-15.290322580645162,0.0,278,110,449,0.7164948453608248,388,0.6696967981385055,144,76098,47,75606,134,19287,0,0,95385,108183,False,True,157.4,6,20,0,164,0,0,0,1027,0,0,3,"{""cut_target"": 47, ""harmful_exit"": 63, ""neutral_exit"": 449, ""no_active_exit"": 190, ""saved_stop"": 144, ""timeout_improved"": 134}","{""candidate_after_baseline_exit"": 164, ""no_candidate"": 20, ""none"": 837, ""stale_data_no_action"": 6}"
2000,-500,120000,validation,100,1026,0,848,178,79,265,682,-145274,-141.59259259259258,-202.0,-149118,-145.33918128654972,-202.0,-3844,-3.746588693957115,0.0,-4.533018867924528,0.0,252,81,515,0.7567567567567568,333,0.7079173792646796,123,60065,44,64259,129,17527,0,0,77592,81436,False,True,135.9,1,24,0,153,0,0,0,1026,0,0,2,"{""cut_target"": 44, ""harmful_exit"": 37, ""neutral_exit"": 515, ""no_active_exit"": 178, ""saved_stop"": 123, ""timeout_improved"": 129}","{""candidate_after_baseline_exit"": 153, ""no_candidate"": 24, ""none"": 848, ""stale_data_no_action"": 1}"
2000,-500,120000,holdout,100,1026,0,833,193,79,295,652,-145631,-141.94054580896687,-202.0,-168884,-164.60428849902533,-202.0,-23253,-22.66374269005848,0.0,-27.914765906362543,0.0,280,82,471,0.7734806629834254,362,0.7276207358362962,140,64292,43,78390,140,14909,0,0,79201,102454,False,True,154.0,1,30,1,160,1,0,0,1026,0,0,2,"{""cut_target"": 43, ""harmful_exit"": 39, ""neutral_exit"": 471, ""no_active_exit"": 193, ""saved_stop"": 140, ""timeout_improved"": 140}","{""candidate_after_baseline_exit"": 160, ""candidate_after_max_hold"": 1, ""no_candidate"": 30, ""none"": 833, ""not_active_exit_eligible"": 1, ""stale_data_no_action"": 1}"
2000,-700,30000,train,100,1027,0,850,177,46,201,780,-209688,-204.17526777020447,-202.0,-205145,-199.7517039922103,-202.0,4543,4.423563777994158,0.0,5.344705882352941,0.0,159,91,600,0.636,250,0.574716410018678,56,38450,24,36224,103,23432,0,0,61882,57339,False,True,66.3,6,20,0,130,21,0,0,1027,0,0,2,"{""cut_target"": 24, ""harmful_exit"": 67, ""neutral_exit"": 600, ""no_active_exit"": 177, ""saved_stop"": 56, ""timeout_improved"": 103}","{""candidate_after_baseline_exit"": 130, ""candidate_after_max_hold"": 21, ""no_candidate"": 20, ""none"": 850, ""stale_data_no_action"": 6}"
2000,-700,30000,validation,100,1026,0,862,164,52,160,814,-178251,-173.73391812865498,-202.0,-176132,-171.66861598440545,-202.0,2119,2.0653021442495128,0.0,2.4582366589327145,0.0,106,63,693,0.6272189349112426,169,0.552248411305374,38,24315,17,25433,68,18132,0,0,42447,40328,False,True,44.8,1,24,0,108,31,0,0,1026,0,0,3,"{""cut_target"": 17, ""harmful_exit"": 46, ""neutral_exit"": 693, ""no_active_exit"": 164, ""saved_stop"": 38, ""timeout_improved"": 68}","{""candidate_after_baseline_exit"": 108, ""candidate_after_max_hold"": 31, ""no_candidate"": 24, ""none"": 862, ""stale_data_no_action"": 1}"
2000,-700,30000,holdout,100,1026,0,855,171,48,165,813,-172317,-167.95029239766083,-202.0,-195161,-190.21539961013644,-202.0,-22844,-22.265107212475634,0.0,-26.71812865497076,0.0,129,77,649,0.6262135922330098,206,0.5584023855452753,38,24425,15,28683,91,16431,0,0,40856,63700,False,True,47.1,1,30,1,106,33,0,0,1026,0,0,2,"{""cut_target"": 15, ""harmful_exit"": 62, ""neutral_exit"": 649, ""no_active_exit"": 171, ""saved_stop"": 38, ""timeout_improved"": 91}","{""candidate_after_baseline_exit"": 106, ""candidate_after_max_hold"": 33, ""no_candidate"": 30, ""none"": 855, ""not_active_exit_eligible"": 1, ""stale_data_no_action"": 1}"
2000,-700,60000,train,100,1027,0,854,173,56,234,737,-208571,-203.08763388510224,-202.0,-206294,-200.87049659201557,-202.0,2277,2.21713729308666,0.0,2.6662763466042154,0.0,219,113,522,0.6596385542168675,332,0.6071034612584848,89,66349,34,50705,130,25603,0,0,91952,89675,False,True,102.0,6,20,0,146,1,0,0,1027,0,0,2,"{""cut_target"": 34, ""harmful_exit"": 79, ""neutral_exit"": 522, ""no_active_exit"": 173, ""saved_stop"": 89, ""timeout_improved"": 130}","{""candidate_after_baseline_exit"": 146, ""candidate_after_max_hold"": 1, ""no_candidate"": 20, ""none"": 854, ""stale_data_no_action"": 6}"
2000,-700,60000,validation,100,1026,0,868,158,72,183,771,-162529,-158.4103313840156,-202.0,-176033,-171.57212475633528,-202.0,-13504,-13.161793372319687,0.0,-15.557603686635945,0.0,167,92,609,0.6447876447876448,259,0.5847761872839915,61,43729,37,53760,106,17947,0,0,61676,75180,False,True,71.6,1,24,0,129,4,0,0,1026,0,0,2,"{""cut_target"": 37, ""harmful_exit"": 55, ""neutral_exit"": 609, ""no_active_exit"": 158, ""saved_stop"": 61, ""timeout_improved"": 106}","{""candidate_after_baseline_exit"": 129, ""candidate_after_max_hold"": 4, ""no_candidate"": 24, ""none"": 868, ""stale_data_no_action"": 1}"
2000,-700,60000,holdout,100,1026,0,859,167,69,196,761,-157708,-153.71150097465886,-202.0,-195331,-190.38109161793372,-202.0,-37623,-36.66959064327485,0.0,-43.79860302677532,0.0,193,98,568,0.6632302405498282,291,0.6071164615851277,68,41804,32,62117,125,23727,0,0,65531,103154,False,True,80.5,1,30,1,130,5,0,0,1026,0,0,3,"{""cut_target"": 32, ""harmful_exit"": 66, ""neutral_exit"": 568, ""no_active_exit"": 167, ""saved_stop"": 68, ""timeout_improved"": 125}","{""candidate_after_baseline_exit"": 130, ""candidate_after_max_hold"": 5, ""no_candidate"": 30, ""none"": 859, ""not_active_exit_eligible"": 1, ""stale_data_no_action"": 1}"
2000,-700,120000,train,100,1027,0,854,173,74,260,693,-207433,-201.97955209347614,-209.0,-206294,-200.87049659201557,-202.0,1139,1.1090555014605648,0.0,1.3337236533957846,0.0,283,115,456,0.7110552763819096,398,0.6646737988821358,115,85689,52,85479,168,33506,0,0,119195,118056,False,True,131.8,6,20,0,147,0,0,0,1027,0,0,3,"{""cut_target"": 52, ""harmful_exit"": 63, ""neutral_exit"": 456, ""no_active_exit"": 173, ""saved_stop"": 115, ""timeout_improved"": 168}","{""candidate_after_baseline_exit"": 147, ""no_candidate"": 20, ""none"": 854, ""stale_data_no_action"": 6}"
2000,-700,120000,validation,100,1026,0,868,158,82,203,741,-178801,-174.2699805068226,-202.0,-176033,-171.57212475633528,-202.0,2768,2.6978557504873293,0.0,3.1889400921658986,0.0,256,86,526,0.7485380116959064,342,0.6999692064104295,81,58100,47,70979,175,36817,0,0,94917,92149,False,True,98.5,1,24,0,133,0,0,0,1026,0,0,2,"{""cut_target"": 47, ""harmful_exit"": 39, ""neutral_exit"": 526, ""no_active_exit"": 158, ""saved_stop"": 81, ""timeout_improved"": 175}","{""candidate_after_baseline_exit"": 133, ""no_candidate"": 24, ""none"": 868, ""stale_data_no_action"": 1}"
2000,-700,120000,holdout,100,1026,0,859,167,87,222,717,-174449,-170.02826510721246,-202.0,-194708,-189.7738791423002,-202.0,-20259,-19.74561403508772,0.0,-23.58440046565774,0.0,283,93,483,0.7526595744680851,376,0.706638764210413,94,60556,50,93652,189,38675,0,0,99231,119490,False,True,112.9,1,30,1,134,1,0,0,1026,0,0,3,"{""cut_target"": 50, ""harmful_exit"": 43, ""neutral_exit"": 483, ""no_active_exit"": 167, ""saved_stop"": 94, ""timeout_improved"": 189}","{""candidate_after_baseline_exit"": 134, ""candidate_after_max_hold"": 1, ""no_candidate"": 30, ""none"": 859, ""not_active_exit_eligible"": 1, ""stale_data_no_action"": 1}"
2000,-1000,30000,train,100,1027,0,869,158,50,169,808,-243024,-236.63485881207401,-202.0,-238181,-231.91918208373906,-202.0,4843,4.715676728334956,0.0,5.57307249712313,0.0,162,101,606,0.6159695817490495,263,0.5559204224292424,46,42928,27,44158,116,31325,0,0,74253,69410,False,True,57.6,6,20,0,111,21,0,0,1027,0,0,2,"{""cut_target"": 27, ""harmful_exit"": 74, ""neutral_exit"": 606, ""no_active_exit"": 158, ""saved_stop"": 46, ""timeout_improved"": 116}","{""candidate_after_baseline_exit"": 111, ""candidate_after_max_hold"": 21, ""no_candidate"": 20, ""none"": 869, ""stale_data_no_action"": 6}"
2000,-1000,30000,validation,100,1026,0,877,149,54,138,834,-209621,-204.30896686159844,-202.0,-203666,-198.50487329434696,-202.0,5955,5.804093567251462,0.0,6.790193842645382,0.0,110,68,699,0.6179775280898876,178,0.5448204824524586,33,27760,18,27946,77,22491,0,0,50251,44296,False,True,40.7,1,24,0,93,31,0,0,1026,0,0,3,"{""cut_target"": 18, ""harmful_exit"": 50, ""neutral_exit"": 699, ""no_active_exit"": 149, ""saved_stop"": 33, ""timeout_improved"": 77}","{""candidate_after_baseline_exit"": 93, ""candidate_after_max_hold"": 31, ""no_candidate"": 24, ""none"": 877, ""stale_data_no_action"": 1}"
2000,-1000,30000,holdout,100,1026,0,870,156,49,143,834,-208342,-203.06237816764133,-202.0,-225726,-220.00584795321637,-202.0,-17384,-16.943469785575047,0.0,-19.9816091954023,0.0,136,80,654,0.6296296296296297,216,0.563490052346178,33,27855,16,30909,103,21268,0,0,49123,66507,False,True,43.3,1,30,1,91,33,0,0,1026,0,0,2,"{""cut_target"": 16, ""harmful_exit"": 64, ""neutral_exit"": 654, ""no_active_exit"": 156, ""saved_stop"": 33, ""timeout_improved"": 103}","{""candidate_after_baseline_exit"": 91, ""candidate_after_max_hold"": 33, ""no_candidate"": 30, ""none"": 870, ""not_active_exit_eligible"": 1, ""stale_data_no_action"": 1}"
2000,-1000,60000,train,100,1027,0,874,153,63,204,760,-246578,-240.09542356377798,-202.0,-236717,-230.49367088607596,-202.0,9861,9.601752677702045,0.0,11.282608695652174,0.0,225,122,527,0.6484149855907781,347,0.5968021588301357,81,81680,39,63855,144,33043,0,0,114723,104862,False,True,95.4,6,20,0,126,1,0,0,1027,0,0,2,"{""cut_target"": 39, ""harmful_exit"": 83, ""neutral_exit"": 527, ""no_active_exit"": 153, ""saved_stop"": 81, ""timeout_improved"": 144}","{""candidate_after_baseline_exit"": 126, ""candidate_after_max_hold"": 1, ""no_candidate"": 20, ""none"": 874, ""stale_data_no_action"": 6}"
2000,-1000,60000,validation,100,1026,0,884,142,76,158,792,-197647,-192.6384015594542,-202.0,-204056,-198.8849902534113,-202.0,-6409,-6.246588693957115,0.0,-7.25,0.0,173,98,613,0.6383763837638377,271,0.5796060538426288,53,48035,40,60187,120,28138,0,0,76173,82582,False,True,65.0,1,24,0,113,4,0,0,1026,0,0,2,"{""cut_target"": 40, ""harmful_exit"": 58, ""neutral_exit"": 613, ""no_active_exit"": 142, ""saved_stop"": 53, ""timeout_improved"": 120}","{""candidate_after_baseline_exit"": 113, ""candidate_after_max_hold"": 4, ""no_candidate"": 24, ""none"": 884, ""stale_data_no_action"": 1}"
2000,-1000,60000,holdout,100,1026,0,875,151,73,163,790,-190330,-185.50682261208576,-202.0,-224391,-218.7046783625731,-202.0,-34061,-33.19785575048733,0.0,-38.926857142857145,0.0,197,107,571,0.6480263157894737,304,0.5927969845048647,53,44986,36,69601,144,34320,0,0,79306,113367,False,True,67.4,1,30,1,114,5,0,0,1026,0,0,3,"{""cut_target"": 36, ""harmful_exit"": 71, ""neutral_exit"": 571, ""no_active_exit"": 151, ""saved_stop"": 53, ""timeout_improved"": 144}","{""candidate_after_baseline_exit"": 114, ""candidate_after_max_hold"": 5, ""no_candidate"": 30, ""none"": 875, ""not_active_exit_eligible"": 1, ""stale_data_no_action"": 1}"
2000,-1000,120000,train,100,1027,0,874,153,85,224,718,-244592,-238.1616358325219,-208.0,-236717,-230.49367088607596,-202.0,7875,7.667964946445959,0.0,9.010297482837528,0.0,288,125,461,0.6973365617433414,413,0.6513779373084424,101,102258,61,105111,187,43555,0,0,145813,137938,False,True,119.7,6,20,0,127,0,0,0,1027,0,0,4,"{""cut_target"": 61, ""harmful_exit"": 64, ""neutral_exit"": 461, ""no_active_exit"": 153, ""saved_stop"": 101, ""timeout_improved"": 187}","{""candidate_after_baseline_exit"": 127, ""no_candidate"": 20, ""none"": 874, ""stale_data_no_action"": 6}"
2000,-1000,120000,validation,100,1026,0,884,142,87,176,763,-218617,-213.07699805068225,-202.0,-204056,-198.8849902534113,-202.0,14561,14.192007797270955,0.0,16.471719457013574,0.0,263,92,529,0.7408450704225352,355,0.6928578383881178,71,67997,51,79508,192,48169,0,0,116166,101605,False,True,90.2,1,24,0,117,0,0,0,1026,0,0,2,"{""cut_target"": 51, ""harmful_exit"": 41, ""neutral_exit"": 529, ""no_active_exit"": 142, ""saved_stop"": 71, ""timeout_improved"": 192}","{""candidate_after_baseline_exit"": 117, ""no_candidate"": 24, ""none"": 884, ""stale_data_no_action"": 1}"
2000,-1000,120000,holdout,100,1026,0,875,151,95,186,745,-207845,-202.57797270955166,-202.0,-221607,-215.99122807017545,-202.0,-13762,-13.413255360623781,0.0,-15.728,0.0,288,102,485,0.7384615384615385,390,0.6926704157982583,76,68167,56,104504,212,51435,0,0,119602,133364,False,True,97.2,1,30,1,118,1,0,0,1026,0,0,3,"{""cut_target"": 56, ""harmful_exit"": 46, ""neutral_exit"": 485, ""no_active_exit"": 151, ""saved_stop"": 76, ""timeout_improved"": 212}","{""candidate_after_baseline_exit"": 118, ""candidate_after_max_hold"": 1, ""no_candidate"": 30, ""none"": 875, ""not_active_exit_eligible"": 1, ""stale_data_no_action"": 1}"
2000,-1500,30000,train,100,1027,0,903,124,55,125,847,-276707,-269.43232716650436,-202.0,-274328,-267.11587147030184,-202.0,2379,2.3164556962025316,0.0,2.6345514950166113,0.0,175,115,613,0.603448275862069,290,0.5461473758829074,41,45771,29,50740,134,47806,0,0,93577,91198,False,True,54.4,6,20,0,77,21,0,0,1027,0,0,4,"{""cut_target"": 29, ""harmful_exit"": 86, ""neutral_exit"": 613, ""no_active_exit"": 124, ""saved_stop"": 41, ""timeout_improved"": 134}","{""candidate_after_baseline_exit"": 77, ""candidate_after_max_hold"": 21, ""no_candidate"": 20, ""none"": 903, ""stale_data_no_action"": 6}"
2000,-1500,30000,validation,100,1026,0,892,134,59,110,857,-243511,-237.3401559454191,-202.0,-240510,-234.41520467836258,-202.0,3001,2.9249512670565303,0.0,3.3643497757847536,0.0,115,77,700,0.5989583333333334,192,0.5283479854036717,25,28197,21,34829,90,31818,0,0,60015,57014,False,True,34.0,1,24,0,78,31,0,0,1026,0,0,3,"{""cut_target"": 21, ""harmful_exit"": 56, ""neutral_exit"": 700, ""no_active_exit"": 134, ""saved_stop"": 25, ""timeout_improved"": 90}","{""candidate_after_baseline_exit"": 78, ""candidate_after_max_hold"": 31, ""no_candidate"": 24, ""none"": 892, ""stale_data_no_action"": 1}"
2000,-1500,30000,holdout,100,1026,0,891,135,54,110,862,-246823,-240.5682261208577,-202.0,-258326,-251.77972709551656,-202.0,-11503,-11.21150097465887,0.0,-12.910213243546577,0.0,146,86,659,0.6293103448275862,232,0.5655262713349858,28,33645,18,36471,118,29780,0,0,63425,74928,False,True,39.8,1,30,1,70,33,0,0,1026,0,0,2,"{""cut_target"": 18, ""harmful_exit"": 68, ""neutral_exit"": 659, ""no_active_exit"": 135, ""saved_stop"": 28, ""timeout_improved"": 118}","{""candidate_after_baseline_exit"": 70, ""candidate_after_max_hold"": 33, ""no_candidate"": 30, ""none"": 891, ""not_active_exit_eligible"": 1, ""stale_data_no_action"": 1}"
2000,-1500,60000,train,100,1027,0,909,118,76,155,796,-279805,-272.4488802336904,-202.0,-271349,-264.2151898734177,-202.0,8456,8.23369036027264,0.0,9.302530253025303,0.0,237,138,534,0.632,375,0.582080491411438,71,94607,48,88531,166,51261,0,0,145868,137412,False,True,87.6,6,20,0,91,1,0,0,1027,0,0,3,"{""cut_target"": 48, ""harmful_exit"": 90, ""neutral_exit"": 534, ""no_active_exit"": 118, ""saved_stop"": 71, ""timeout_improved"": 166}","{""candidate_after_baseline_exit"": 91, ""candidate_after_max_hold"": 1, ""no_candidate"": 20, ""none"": 909, ""stale_data_no_action"": 6}"
2000,-1500,60000,validation,100,1026,0,901,125,82,131,813,-240713,-234.6130604288499,-202.0,-242070,-235.93567251461988,-202.0,-1357,-1.3226120857699806,0.0,-1.5061043285238624,0.0,181,106,614,0.6306620209059234,287,0.573442948390524,45,55411,44,70303,136,41776,0,0,97187,98544,False,True,58.6,1,24,0,96,4,0,0,1026,0,0,2,"{""cut_target"": 44, ""harmful_exit"": 62, ""neutral_exit"": 614, ""no_active_exit"": 125, ""saved_stop"": 45, ""timeout_improved"": 136}","{""candidate_after_baseline_exit"": 96, ""candidate_after_max_hold"": 4, ""no_candidate"": 24, ""none"": 901, ""stale_data_no_action"": 1}"
2000,-1500,60000,holdout,100,1026,0,900,126,82,131,813,-228394,-222.60623781676412,-202.0,-256777,-250.2699805068226,-202.0,-28383,-27.66374269005848,0.0,-31.536666666666665,0.0,207,118,575,0.6369230769230769,325,0.5833235893842114,49,56522,42,84788,158,46869,0,0,103391,131774,False,True,64.8,1,30,1,89,5,0,0,1026,0,0,3,"{""cut_target"": 42, ""harmful_exit"": 76, ""neutral_exit"": 575, ""no_active_exit"": 126, ""saved_stop"": 49, ""timeout_improved"": 158}","{""candidate_after_baseline_exit"": 89, ""candidate_after_max_hold"": 5, ""no_candidate"": 30, ""none"": 900, ""not_active_exit_eligible"": 1, ""stale_data_no_action"": 1}"
2000,-1500,120000,train,100,1027,0,909,118,101,176,750,-287452,-279.89483933787733,-205.0,-271349,-264.2151898734177,-202.0,16103,15.67964946445959,0.0,17.715071507150714,0.0,305,139,465,0.6869369369369369,444,0.6423538063919584,92,122831,73,139197,213,67311,0,0,190142,174039,False,True,113.3,6,20,0,92,0,0,0,1027,0,0,4,"{""cut_target"": 73, ""harmful_exit"": 66, ""neutral_exit"": 465, ""no_active_exit"": 118, ""saved_stop"": 92, ""timeout_improved"": 213}","{""candidate_after_baseline_exit"": 92, ""no_candidate"": 20, ""none"": 909, ""stale_data_no_action"": 6}"
2000,-1500,120000,validation,100,1026,0,901,125,96,144,786,-262633,-255.9775828460039,-202.0,-242070,-235.93567251461988,-202.0,20563,20.041910331384017,0.0,22.822419533851278,0.0,270,101,530,0.7277628032345014,371,0.6803080417974326,58,77753,58,95881,212,63597,0,0,141350,120787,False,True,79.2,1,24,0,100,0,0,0,1026,0,0,2,"{""cut_target"": 58, ""harmful_exit"": 43, ""neutral_exit"": 530, ""no_active_exit"": 125, ""saved_stop"": 58, ""timeout_improved"": 212}","{""candidate_after_baseline_exit"": 100, ""no_candidate"": 24, ""none"": 901, ""stale_data_no_action"": 1}"
2000,-1500,120000,holdout,100,1026,0,900,126,107,154,765,-247810,-241.53021442495125,-202.0,-253993,-247.55653021442495,-202.0,-6183,-6.026315789473684,0.0,-6.87,0.0,299,113,488,0.7257281553398058,412,0.6807115602386238,72,84302,65,125752,227,66287,0,0,150589,156772,False,True,94.7,1,30,1,93,1,0,0,1026,0,0,3,"{""cut_target"": 65, ""harmful_exit"": 48, ""neutral_exit"": 488, ""no_active_exit"": 126, ""saved_stop"": 72, ""timeout_improved"": 227}","{""candidate_after_baseline_exit"": 93, ""candidate_after_max_hold"": 1, ""no_candidate"": 30, ""none"": 900, ""not_active_exit_eligible"": 1, ""stale_data_no_action"": 1}"
2000,-2000,30000,train,100,1027,0,924,103,57,95,875,-308523,-300.41187925998054,-202.0,-304079,-296.08471275559884,-202.0,4444,4.327166504381694,0.0,4.809523809523809,0.0,181,123,620,0.5953947368421053,304,0.5393633645558161,33,48420,30,54631,148,58762,0,0,107182,102738,False,True,47.8,6,20,0,56,21,0,0,1027,0,0,4,"{""cut_target"": 30, ""harmful_exit"": 93, ""neutral_exit"": 620, ""no_active_exit"": 103, ""saved_stop"": 33, ""timeout_improved"": 148}","{""candidate_after_baseline_exit"": 56, ""candidate_after_max_hold"": 21, ""no_candidate"": 20, ""none"": 924, ""stale_data_no_action"": 6}"
2000,-2000,30000,validation,100,1026,0,904,122,62,93,871,-278166,-271.1169590643275,-202.0,-261037,-254.42202729044834,-202.0,17129,16.69493177387914,0.0,18.94800884955752,0.0,123,77,704,0.615,200,0.5459986722024608,26,37643,21,34829,97,36500,0,0,74143,57014,False,True,35.7,1,24,0,66,31,0,0,1026,0,0,3,"{""cut_target"": 21, ""harmful_exit"": 56, ""neutral_exit"": 704, ""no_active_exit"": 122, ""saved_stop"": 26, ""timeout_improved"": 97}","{""candidate_after_baseline_exit"": 66, ""candidate_after_max_hold"": 31, ""no_candidate"": 24, ""none"": 904, ""stale_data_no_action"": 1}"
2000,-2000,30000,holdout,100,1026,0,902,124,55,98,873,-288566,-281.2534113060429,-202.0,-293730,-286.2865497076023,-202.0,-5164,-5.033138401559454,0.0,-5.725055432372505,0.0,149,92,661,0.6182572614107884,241,0.5555214690020202,28,42791,19,39992,121,32161,0,0,74952,80116,False,True,40.1,1,30,1,59,33,0,0,1026,0,0,2,"{""cut_target"": 19, ""harmful_exit"": 73, ""neutral_exit"": 661, ""no_active_exit"": 124, ""saved_stop"": 28, ""timeout_improved"": 121}","{""candidate_after_baseline_exit"": 59, ""candidate_after_max_hold"": 33, ""no_candidate"": 30, ""none"": 902, ""not_active_exit_eligible"": 1, ""stale_data_no_action"": 1}"
2000,-2000,60000,train,100,1027,0,930,97,81,132,814,-323324,-314.8237585199611,-202.0,-301100,-293.18403115871473,-202.0,22224,21.639727361246347,0.0,23.89677419354839,0.0,245,146,539,0.6265984654731458,391,0.5776397783534036,70,110982,52,101790,175,64061,0,0,175043,152819,False,True,87.5,6,20,0,70,1,0,0,1027,0,0,3,"{""cut_target"": 52, ""harmful_exit"": 94, ""neutral_exit"": 539, ""no_active_exit"": 97, ""saved_stop"": 70, ""timeout_improved"": 175}","{""candidate_after_baseline_exit"": 70, ""candidate_after_max_hold"": 1, ""no_candidate"": 20, ""none"": 930, ""stale_data_no_action"": 6}"
2000,-2000,60000,validation,100,1026,0,914,112,86,115,825,-282799,-275.6325536062378,-202.0,-262841,-256.1803118908382,-202.0,19958,19.45224171539961,0.0,21.835886214442013,0.0,190,107,617,0.6397306397306397,297,0.5836681103493426,46,67077,44,70303,144,53396,0,0,120473,100515,False,True,60.4,1,24,0,83,4,0,0,1026,0,0,2,"{""cut_target"": 44, ""harmful_exit"": 63, ""neutral_exit"": 617, ""no_active_exit"": 112, ""saved_stop"": 46, ""timeout_improved"": 144}","{""candidate_after_baseline_exit"": 83, ""candidate_after_max_hold"": 4, ""no_candidate"": 24, ""none"": 914, ""stale_data_no_action"": 1}"
2000,-2000,60000,holdout,100,1026,0,911,115,85,112,829,-271764,-264.87719298245617,-202.0,-289822,-282.4775828460039,-202.0,-18058,-17.600389863547758,0.0,-19.82217343578485,0.0,211,124,576,0.6298507462686567,335,0.5769464289028553,42,64558,44,91784,169,58493,0,0,123051,141109,False,True,58.900000000000006,1,30,1,78,5,0,0,1026,0,0,3,"{""cut_target"": 44, ""harmful_exit"": 80, ""neutral_exit"": 576, ""no_active_exit"": 115, ""saved_stop"": 42, ""timeout_improved"": 169}","{""candidate_after_baseline_exit"": 78, ""candidate_after_max_hold"": 5, ""no_candidate"": 30, ""none"": 911, ""not_active_exit_eligible"": 1, ""stale_data_no_action"": 1}"
2000,-2000,120000,train,100,1027,0,930,97,107,154,766,-341585,-332.6046738072055,-203.0,-301100,-293.18403115871473,-202.0,40485,39.42064264849075,0.0,43.53225806451613,0.0,314,147,469,0.6811279826464208,461,0.6372386281887105,92,153755,78,155653,222,79177,0,0,232932,192447,False,True,114.2,6,20,0,71,0,0,0,1027,0,0,4,"{""cut_target"": 78, ""harmful_exit"": 69, ""neutral_exit"": 469, ""no_active_exit"": 97, ""saved_stop"": 92, ""timeout_improved"": 222}","{""candidate_after_baseline_exit"": 71, ""no_candidate"": 20, ""none"": 930, ""stale_data_no_action"": 6}"
2000,-2000,120000,validation,100,1026,0,914,112,102,122,802,-304517,-296.8001949317739,-202.0,-262841,-256.1803118908382,-202.0,41676,40.619883040935676,0.0,45.59737417943107,0.0,279,103,532,0.7303664921465969,382,0.6837342655356612,53,84045,60,101172,226,83709,0,0,167754,126078,False,True,75.6,1,24,0,87,0,0,0,1026,0,0,2,"{""cut_target"": 60, ""harmful_exit"": 43, ""neutral_exit"": 532, ""no_active_exit"": 112, ""saved_stop"": 53, ""timeout_improved"": 226}","{""candidate_after_baseline_exit"": 87, ""no_candidate"": 24, ""none"": 914, ""stale_data_no_action"": 1}"
2000,-2000,120000,holdout,100,1026,0,911,115,110,128,788,-292091,-284.68908382066274,-202.0,-287038,-279.76413255360626,-202.0,5053,4.92495126705653,0.0,5.546652030735456,0.0,302,120,489,0.7156398104265402,422,0.6708048622098004,58,94135,67,132748,244,83626,0,0,177761,172708,False,True,82.4,1,30,1,82,1,0,0,1026,0,0,3,"{""cut_target"": 67, ""harmful_exit"": 53, ""neutral_exit"": 489, ""no_active_exit"": 115, ""saved_stop"": 58, ""timeout_improved"": 244}","{""candidate_after_baseline_exit"": 82, ""candidate_after_max_hold"": 1, ""no_candidate"": 30, ""none"": 911, ""not_active_exit_eligible"": 1, ""stale_data_no_action"": 1}"
2000,-3000,30000,train,100,1027,0,947,80,59,58,910,-355735,-346.38266796494645,-202.0,-330629,-321.9367088607595,-202.0,25106,24.44595910418695,0.0,26.511087645195353,0.0,193,131,623,0.595679012345679,324,0.5414227227018464,26,43696,30,54631,167,88121,0,0,131817,106711,False,True,42.7,6,20,0,33,21,0,0,1027,0,0,3,"{""cut_target"": 30, ""harmful_exit"": 101, ""neutral_exit"": 623, ""no_active_exit"": 80, ""saved_stop"": 26, ""timeout_improved"": 167}","{""candidate_after_baseline_exit"": 33, ""candidate_after_max_hold"": 21, ""no_candidate"": 20, ""none"": 947, ""stale_data_no_action"": 6}"
2000,-3000,30000,validation,100,1026,0,931,95,64,68,894,-337031,-328.49025341130607,-202.0,-296483,-288.9697855750487,-202.0,40548,39.52046783625731,0.0,43.5531686358754,0.0,139,82,710,0.6289592760180995,221,0.5635735750005005,31,52708,22,39359,108,51347,0,0,104055,63507,False,True,41.8,1,24,0,39,31,0,0,1026,0,0,3,"{""cut_target"": 22, ""harmful_exit"": 60, ""neutral_exit"": 710, ""no_active_exit"": 95, ""saved_stop"": 31, ""timeout_improved"": 108}","{""candidate_after_baseline_exit"": 39, ""candidate_after_max_hold"": 31, ""no_candidate"": 24, ""none"": 931, ""stale_data_no_action"": 1}"
2000,-3000,30000,holdout,100,1026,0,923,103,58,60,908,-334553,-326.07504873294346,-202.0,-321444,-313.29824561403507,-202.0,13109,12.776803118908383,0.0,14.202600216684724,0.0,160,98,665,0.6201550387596899,258,0.5595787054073968,20,39948,19,39992,140,56540,0,0,96488,83379,False,True,34.0,1,30,1,38,33,0,0,1026,0,0,2,"{""cut_target"": 19, ""harmful_exit"": 79, ""neutral_exit"": 665, ""no_active_exit"": 103, ""saved_stop"": 20, ""timeout_improved"": 140}","{""candidate_after_baseline_exit"": 38, ""candidate_after_max_hold"": 33, ""no_candidate"": 30, ""none"": 923, ""not_active_exit_eligible"": 1, ""stale_data_no_action"": 1}"
2000,-3000,60000,train,100,1027,0,956,71,86,83,858,-385055,-374.93184031158717,-202.0,-330753,-322.05744888023366,-202.0,54302,52.87439143135346,0.0,56.80125523012552,0.0,256,158,542,0.6183574879227053,414,0.5706776131465405,49,104129,55,108841,207,114253,0,0,218382,164080,False,True,69.7,6,20,0,44,1,0,0,1027,0,0,3,"{""cut_target"": 55, ""harmful_exit"": 103, ""neutral_exit"": 542, ""no_active_exit"": 71, ""saved_stop"": 49, ""timeout_improved"": 207}","{""candidate_after_baseline_exit"": 44, ""candidate_after_max_hold"": 1, ""no_candidate"": 20, ""none"": 956, ""stale_data_no_action"": 6}"
2000,-3000,60000,validation,100,1026,0,944,82,90,86,850,-356025,-347.0029239766082,-202.0,-302423,-294.75925925925924,-202.0,53602,52.24366471734893,0.0,56.78177966101695,0.0,210,114,620,0.6481481481481481,324,0.5946899178918934,48,89176,47,80694,162,77016,0,0,166192,112590,False,True,64.2,1,24,0,53,4,0,0,1026,0,0,3,"{""cut_target"": 47, ""harmful_exit"": 67, ""neutral_exit"": 620, ""no_active_exit"": 82, ""saved_stop"": 48, ""timeout_improved"": 162}","{""candidate_after_baseline_exit"": 53, ""candidate_after_max_hold"": 4, ""no_candidate"": 24, ""none"": 944, ""stale_data_no_action"": 1}"
2000,-3000,60000,holdout,100,1026,0,937,89,89,74,863,-325554,-317.30409356725147,-202.0,-312542,-304.62183235867445,-202.0,13012,12.682261208576998,0.0,13.886872998932764,0.0,226,132,579,0.6312849162011173,358,0.5801612252925737,34,71048,45,95875,192,92569,0,0,163617,150605,False,True,53.2,1,30,1,52,5,0,0,1026,0,0,3,"{""cut_target"": 45, ""harmful_exit"": 87, ""neutral_exit"": 579, ""no_active_exit"": 89, ""saved_stop"": 34, ""timeout_improved"": 192}","{""candidate_after_baseline_exit"": 52, ""candidate_after_max_hold"": 5, ""no_candidate"": 30, ""none"": 937, ""not_active_exit_eligible"": 1, ""stale_data_no_action"": 1}"
2000,-3000,120000,train,100,1027,0,956,71,114,107,806,-418479,-407.47711781888995,-202.0,-330753,-322.05744888023366,-202.0,87726,85.41966893865629,0.0,91.76359832635983,0.0,328,156,472,0.6776859504132231,484,0.6347904574368587,73,163254,83,167293,255,132770,0,0,296024,208298,False,True,98.5,6,20,0,45,0,0,0,1027,0,0,4,"{""cut_target"": 83, ""harmful_exit"": 73, ""neutral_exit"": 472, ""no_active_exit"": 71, ""saved_stop"": 73, ""timeout_improved"": 255}","{""candidate_after_baseline_exit"": 45, ""no_candidate"": 20, ""none"": 956, ""stale_data_no_action"": 6}"
2000,-3000,120000,validation,100,1026,0,944,82,108,97,821,-384343,-374.6033138401559,-202.0,-302423,-294.75925925925924,-202.0,81920,79.84405458089668,0.0,86.77966101694915,0.0,299,111,534,0.7292682926829268,410,0.6842773476468302,59,117255,65,117977,240,109828,0,0,227083,145163,False,True,83.0,1,24,0,57,0,0,0,1026,0,0,2,"{""cut_target"": 65, ""harmful_exit"": 46, ""neutral_exit"": 534, ""no_active_exit"": 82, ""saved_stop"": 59, ""timeout_improved"": 240}","{""candidate_after_baseline_exit"": 57, ""no_candidate"": 24, ""none"": 944, ""stale_data_no_action"": 1}"
2000,-3000,120000,holdout,100,1026,0,937,89,117,88,821,-359323,-350.21734892787526,-202.0,-309333,-301.49415204678365,-202.0,49990,48.72319688109162,0.0,53.351120597652084,0.0,317,128,492,0.7123595505617978,445,0.6686255631906668,48,106617,70,142358,269,129391,0,0,236008,186018,False,True,74.9,1,30,1,56,1,0,0,1026,0,0,2,"{""cut_target"": 70, ""harmful_exit"": 58, ""neutral_exit"": 492, ""no_active_exit"": 89, ""saved_stop"": 48, ""timeout_improved"": 269}","{""candidate_after_baseline_exit"": 56, ""candidate_after_max_hold"": 1, ""no_candidate"": 30, ""none"": 937, ""not_active_exit_eligible"": 1, ""stale_data_no_action"": 1}"
2000,-5000,30000,train,100,1027,0,969,58,61,25,941,-409747,-398.9746835443038,-202.0,-375693,-365.81596884128527,-202.0,34054,33.158714703018504,0.0,35.14344685242518,0.0,206,137,626,0.6005830903790087,343,0.5479125369443996,16,44758,32,66280,190,115903,0,0,160661,126607,False,True,35.0,6,20,0,11,21,0,0,1027,0,0,3,"{""cut_target"": 32, ""harmful_exit"": 105, ""neutral_exit"": 626, ""no_active_exit"": 58, ""saved_stop"": 16, ""timeout_improved"": 190}","{""candidate_after_baseline_exit"": 11, ""candidate_after_max_hold"": 21, ""no_candidate"": 20, ""none"": 969, ""stale_data_no_action"": 6}"
2000,-5000,30000,validation,100,1026,0,948,78,69,26,931,-377544,-367.9766081871345,-202.0,-314215,-306.2524366471735,-202.0,63329,61.72417153996101,0.0,66.80274261603375,0.0,145,89,714,0.6196581196581197,234,0.5559977338323479,12,39731,23,44560,133,95695,0,0,135426,72097,False,True,25.3,1,24,0,22,31,0,0,1026,0,0,3,"{""cut_target"": 23, ""harmful_exit"": 66, ""neutral_exit"": 714, ""no_active_exit"": 78, ""saved_stop"": 12, ""timeout_improved"": 133}","{""candidate_after_baseline_exit"": 22, ""candidate_after_max_hold"": 31, ""no_candidate"": 24, ""none"": 948, ""stale_data_no_action"": 1}"
2000,-5000,30000,holdout,100,1026,0,941,85,60,27,939,-386724,-376.92397660818716,-202.0,-352769,-343.82943469785573,-202.0,33955,33.09454191033139,0.0,36.083953241232734,0.0,169,102,670,0.6236162361623616,271,0.5645852859693935,9,25014,19,39992,160,96004,0,0,121018,87063,False,True,25.0,1,30,1,20,33,0,0,1026,0,0,2,"{""cut_target"": 19, ""harmful_exit"": 83, ""neutral_exit"": 670, ""no_active_exit"": 85, ""saved_stop"": 9, ""timeout_improved"": 160}","{""candidate_after_baseline_exit"": 20, ""candidate_after_max_hold"": 33, ""no_candidate"": 30, ""none"": 941, ""not_active_exit_eligible"": 1, ""stale_data_no_action"": 1}"
2000,-5000,60000,train,100,1027,0,981,46,90,37,900,-470768,-458.39143135345665,-202.0,-377725,-367.794547224927,-202.0,93043,90.5968841285297,0.0,94.84505606523955,0.0,272,164,545,0.6238532110091743,436,0.5774876086282345,28,87856,59,127577,244,189947,0,0,277803,184760,False,False,52.400000000000006,6,20,0,19,1,0,0,1027,0,0,3,"{""cut_target"": 59, ""harmful_exit"": 105, ""neutral_exit"": 545, ""no_active_exit"": 46, ""saved_stop"": 28, ""timeout_improved"": 244}","{""candidate_after_baseline_exit"": 19, ""candidate_after_max_hold"": 1, ""no_candidate"": 20, ""none"": 981, ""stale_data_no_action"": 6}"
2000,-5000,60000,validation,100,1026,0,963,63,95,47,884,-438650,-427.53411306042887,-202.0,-324315,-316.0964912280702,-202.0,114335,111.43762183235867,0.0,118.72793354101765,0.0,222,120,621,0.6491228070175439,342,0.5971411655225716,32,104421,48,85895,190,133680,0,0,238101,123766,False,True,51.0,1,24,0,34,4,0,0,1026,0,0,3,"{""cut_target"": 48, ""harmful_exit"": 72, ""neutral_exit"": 621, ""no_active_exit"": 63, ""saved_stop"": 32, ""timeout_improved"": 190}","{""candidate_after_baseline_exit"": 34, ""candidate_after_max_hold"": 4, ""no_candidate"": 24, ""none"": 963, ""stale_data_no_action"": 1}"
2000,-5000,60000,holdout,100,1026,0,955,71,91,32,903,-393923,-383.9405458089669,-202.0,-352178,-343.2534113060429,-202.0,41745,40.687134502923975,0.0,43.712041884816756,0.0,235,138,582,0.6300268096514745,373,0.5799379477766782,13,39990,45,95875,222,157898,0,0,197888,156143,False,False,35.2,1,30,1,34,5,0,0,1026,0,0,3,"{""cut_target"": 45, ""harmful_exit"": 93, ""neutral_exit"": 582, ""no_active_exit"": 71, ""saved_stop"": 13, ""timeout_improved"": 222}","{""candidate_after_baseline_exit"": 34, ""candidate_after_max_hold"": 5, ""no_candidate"": 30, ""none"": 955, ""not_active_exit_eligible"": 1, ""stale_data_no_action"": 1}"
2000,-5000,120000,train,100,1027,0,981,46,119,48,860,-533868,-519.8325219084712,-202.0,-377725,-367.794547224927,-202.0,156143,152.0379746835443,0.0,159.1671763506626,0.0,343,163,475,0.6778656126482213,506,0.6359411907668655,39,134694,88,190030,304,253709,0,0,388403,232260,False,False,69.4,6,20,0,20,0,0,0,1027,0,0,4,"{""cut_target"": 88, ""harmful_exit"": 75, ""neutral_exit"": 475, ""no_active_exit"": 46, ""saved_stop"": 39, ""timeout_improved"": 304}","{""candidate_after_baseline_exit"": 20, ""no_candidate"": 20, ""none"": 981, ""stale_data_no_action"": 6}"
2000,-5000,120000,validation,100,1026,0,963,63,114,59,853,-486291,-473.96783625730995,-202.0,-324315,-316.0964912280702,-202.0,161976,157.87134502923976,0.0,168.1993769470405,0.0,312,116,535,0.7289719626168224,428,0.6849630618205949,44,148191,67,126518,268,168686,0,0,316877,154901,False,True,70.8,1,24,0,38,0,0,0,1026,0,0,2,"{""cut_target"": 67, ""harmful_exit"": 49, ""neutral_exit"": 535, ""no_active_exit"": 63, ""saved_stop"": 44, ""timeout_improved"": 268}","{""candidate_after_baseline_exit"": 38, ""no_candidate"": 24, ""none"": 963, ""stale_data_no_action"": 1}"
2000,-5000,120000,holdout,100,1026,0,956,70,120,37,869,-436238,-425.1832358674464,-202.0,-347112,-338.3157894736842,-202.0,89126,86.86744639376218,0.0,93.22803347280335,0.0,329,132,495,0.7136659436008677,461,0.6707681693471458,18,60569,71,144468,311,220611,0,0,281180,192054,False,False,49.1,1,30,1,37,1,0,0,1026,0,0,3,"{""cut_target"": 71, ""harmful_exit"": 61, ""neutral_exit"": 495, ""no_active_exit"": 70, ""saved_stop"": 18, ""timeout_improved"": 311}","{""candidate_after_baseline_exit"": 37, ""candidate_after_max_hold"": 1, ""no_candidate"": 30, ""none"": 956, ""not_active_exit_eligible"": 1, ""stale_data_no_action"": 1}"
2000,-6000,30000,train,100,1027,0,970,57,61,15,951,-424045,-412.89678675754624,-202.0,-383991,-373.8958130477118,-202.0,40054,39.00097370983447,0.0,41.29278350515464,0.0,205,139,626,0.5959302325581395,344,0.5432915674698127,7,31743,32,66280,198,137287,0,0,169030,128976,False,False,26.8,6,20,0,10,21,0,0,1027,0,0,3,"{""cut_target"": 32, ""harmful_exit"": 107, ""neutral_exit"": 626, ""no_active_exit"": 57, ""saved_stop"": 7, ""timeout_improved"": 198}","{""candidate_after_baseline_exit"": 10, ""candidate_after_max_hold"": 21, ""no_candidate"": 20, ""none"": 970, ""stale_data_no_action"": 6}"
2000,-6000,30000,validation,100,1026,0,952,74,69,16,941,-393859,-383.87816764132555,-202.0,-324844,-316.6120857699805,-202.0,69015,67.26608187134502,0.0,72.49474789915966,0.0,148,90,714,0.6218487394957983,238,0.558766215522871,6,21231,23,44560,142,120559,0,0,141790,72775,False,False,20.200000000000003,1,24,0,18,31,0,0,1026,0,0,3,"{""cut_target"": 23, ""harmful_exit"": 67, ""neutral_exit"": 714, ""no_active_exit"": 74, ""saved_stop"": 6, ""timeout_improved"": 142}","{""candidate_after_baseline_exit"": 18, ""candidate_after_max_hold"": 31, ""no_candidate"": 24, ""none"": 952, ""stale_data_no_action"": 1}"
2000,-6000,30000,holdout,100,1026,0,948,78,60,12,954,-394056,-384.0701754385965,-202.0,-360518,-351.38206627680313,-202.0,33538,32.68810916179337,0.0,35.37763713080169,0.0,173,104,671,0.6245487364620939,277,0.5661854668552608,3,2225,19,39992,170,122483,0,0,124708,91170,False,True,20.0,1,30,1,13,33,0,0,1026,0,0,2,"{""cut_target"": 19, ""harmful_exit"": 85, ""neutral_exit"": 671, ""no_active_exit"": 78, ""saved_stop"": 3, ""timeout_improved"": 170}","{""candidate_after_baseline_exit"": 13, ""candidate_after_max_hold"": 33, ""no_candidate"": 30, ""none"": 948, ""not_active_exit_eligible"": 1, ""stale_data_no_action"": 1}"
2000,-6000,60000,train,100,1027,0,982,45,90,20,917,-486860,-474.0603700097371,-202.0,-386023,-375.87439143135344,-202.0,100837,98.18597857838364,0.0,102.68533604887983,0.0,270,167,545,0.6178489702517163,437,0.5714512023110242,12,62891,59,127577,258,227207,0,0,290098,189261,False,False,37.8,6,20,0,18,1,0,0,1027,0,0,3,"{""cut_target"": 59, ""harmful_exit"": 108, ""neutral_exit"": 545, ""no_active_exit"": 45, ""saved_stop"": 12, ""timeout_improved"": 258}","{""candidate_after_baseline_exit"": 18, ""candidate_after_max_hold"": 1, ""no_candidate"": 20, ""none"": 982, ""stale_data_no_action"": 6}"
2000,-6000,60000,validation,100,1026,0,968,58,95,28,903,-471437,-459.49025341130607,-202.0,-335450,-326.9493177387914,-202.0,135987,132.54093567251462,0.0,140.48243801652893,0.0,226,121,621,0.6512968299711815,347,0.5997460955529635,18,72292,48,85895,208,188985,0,0,261277,125290,False,False,38.8,1,24,0,29,4,0,0,1026,0,0,3,"{""cut_target"": 48, ""harmful_exit"": 73, ""neutral_exit"": 621, ""no_active_exit"": 58, ""saved_stop"": 18, ""timeout_improved"": 208}","{""candidate_after_baseline_exit"": 29, ""candidate_after_max_hold"": 4, ""no_candidate"": 24, ""none"": 968, ""stale_data_no_action"": 1}"
2000,-6000,60000,holdout,100,1026,0,963,63,92,20,914,-408182,-397.83820662768034,-202.0,-357956,-348.88499025341133,-202.0,50226,48.953216374269005,0.0,52.15576323987539,0.0,241,139,583,0.6342105263157894,380,0.5846644590481972,10,25533,45,95875,231,182149,0,0,207682,157456,False,False,33.1,1,30,1,26,5,0,0,1026,0,0,3,"{""cut_target"": 45, ""harmful_exit"": 94, ""neutral_exit"": 583, ""no_active_exit"": 63, ""saved_stop"": 10, ""timeout_improved"": 231}","{""candidate_after_baseline_exit"": 26, ""candidate_after_max_hold"": 5, ""no_candidate"": 30, ""none"": 963, ""not_active_exit_eligible"": 1, ""stale_data_no_action"": 1}"
2000,-6000,120000,train,100,1027,0,982,45,119,24,884,-551860,-537.3515092502435,-202.0,-386023,-375.87439143135344,-202.0,165837,161.47711781888998,0.0,168.87678207739307,0.0,341,166,475,0.6725838264299803,507,0.6305715250247851,16,79286,88,190030,325,321184,0,0,400470,234633,False,False,48.5,6,20,0,19,0,0,0,1027,0,0,4,"{""cut_target"": 88, ""harmful_exit"": 78, ""neutral_exit"": 475, ""no_active_exit"": 45, ""saved_stop"": 16, ""timeout_improved"": 325}","{""candidate_after_baseline_exit"": 19, ""no_candidate"": 20, ""none"": 982, ""stale_data_no_action"": 6}"
2000,-6000,120000,validation,100,1026,0,968,58,114,37,875,-522614,-509.3703703703704,-202.0,-335450,-326.9493177387914,-202.0,187164,182.42105263157896,0.0,193.3512396694215,0.0,315,118,535,0.7274826789838337,433,0.6836807088115971,27,115795,67,126518,288,233706,0,0,349501,162337,False,False,55.8,1,24,0,33,0,0,0,1026,0,0,2,"{""cut_target"": 67, ""harmful_exit"": 51, ""neutral_exit"": 535, ""no_active_exit"": 58, ""saved_stop"": 27, ""timeout_improved"": 288}","{""candidate_after_baseline_exit"": 33, ""no_candidate"": 24, ""none"": 968, ""stale_data_no_action"": 1}"
2000,-6000,120000,holdout,100,1026,0,964,62,121,26,879,-448614,-437.2456140350877,-202.0,-352890,-343.94736842105266,-202.0,95724,93.29824561403508,0.0,99.29875518672199,0.0,333,135,496,0.7115384615384616,468,0.6689016412245655,16,51077,71,144468,317,240439,0,0,291516,195792,False,False,47.7,1,30,1,29,1,0,0,1026,0,0,3,"{""cut_target"": 71, ""harmful_exit"": 64, ""neutral_exit"": 496, ""no_active_exit"": 62, ""saved_stop"": 16, ""timeout_improved"": 317}","{""candidate_after_baseline_exit"": 29, ""candidate_after_max_hold"": 1, ""no_candidate"": 30, ""none"": 964, ""not_active_exit_eligible"": 1, ""stale_data_no_action"": 1}"
3000,-200,30000,train,100,1027,0,786,241,22,311,694,-99042,-96.43816942551119,-202.0,-122931,-119.69912366114897,-202.0,-23889,-23.26095423563778,0.0,-30.393129770992367,0.0,137,77,572,0.6401869158878505,214,0.5739331245814937,91,25949,11,26837,46,6362,0,0,32311,56200,False,True,95.6,6,20,0,194,21,0,0,1027,0,0,2,"{""cut_target"": 11, ""harmful_exit"": 66, ""neutral_exit"": 572, ""no_active_exit"": 241, ""saved_stop"": 91, ""timeout_improved"": 46}","{""candidate_after_baseline_exit"": 194, ""candidate_after_max_hold"": 21, ""no_candidate"": 20, ""none"": 786, ""stale_data_no_action"": 6}"
3000,-200,30000,validation,100,1026,0,812,214,24,255,747,-100677,-98.12573099415205,-202.0,-106771,-104.06530214424951,-202.0,-6094,-5.939571150097466,0.0,-7.504926108374384,0.0,101,49,662,0.6733333333333333,150,0.5947685286976767,70,18151,8,18402,31,7344,0,0,25495,31589,False,True,73.1,1,24,0,158,31,0,0,1026,0,0,2,"{""cut_target"": 8, ""harmful_exit"": 41, ""neutral_exit"": 662, ""no_active_exit"": 214, ""saved_stop"": 70, ""timeout_improved"": 31}","{""candidate_after_baseline_exit"": 158, ""candidate_after_max_hold"": 31, ""no_candidate"": 24, ""none"": 812, ""stale_data_no_action"": 1}"
3000,-200,30000,holdout,100,1026,0,791,235,19,271,736,-93732,-91.35672514619883,-202.0,-120074,-117.03118908382066,-202.0,-26342,-25.674463937621834,0.0,-33.30214917825537,0.0,112,59,620,0.6549707602339181,171,0.5810200733160932,67,17245,5,9849,45,2851,0,0,20096,46438,False,True,71.5,1,30,1,170,33,0,0,1026,0,0,2,"{""cut_target"": 5, ""harmful_exit"": 54, ""neutral_exit"": 620, ""no_active_exit"": 235, ""saved_stop"": 67, ""timeout_improved"": 45}","{""candidate_after_baseline_exit"": 170, ""candidate_after_max_hold"": 33, ""no_candidate"": 30, ""none"": 791, ""not_active_exit_eligible"": 1, ""stale_data_no_action"": 1}"
3000,-200,60000,train,100,1027,0,788,239,37,362,628,-75208,-73.23076923076923,-207.0,-121299,-118.11002921129503,-202.0,-46091,-44.8792599805258,0.0,-58.49111675126903,0.0,194,94,500,0.6736111111111112,288,0.61748176442572,142,42183,24,54739,52,6230,0,0,48413,94504,False,True,147.2,6,20,0,212,1,0,0,1027,0,0,2,"{""cut_target"": 24, ""harmful_exit"": 70, ""neutral_exit"": 500, ""no_active_exit"": 239, ""saved_stop"": 142, ""timeout_improved"": 52}","{""candidate_after_baseline_exit"": 212, ""candidate_after_max_hold"": 1, ""no_candidate"": 20, ""none"": 788, ""stale_data_no_action"": 6}"
3000,-200,60000,validation,100,1026,0,818,208,37,295,694,-80647,-78.60331384015595,-202.0,-113878,-110.99220272904483,-202.0,-33231,-32.388888888888886,0.0,-40.62469437652812,0.0,161,74,583,0.6851063829787234,235,0.623148722517934,106,30285,19,44924,55,5308,0,0,35593,68824,False,True,111.5,1,24,0,179,4,0,0,1026,0,0,2,"{""cut_target"": 19, ""harmful_exit"": 55, ""neutral_exit"": 583, ""no_active_exit"": 208, ""saved_stop"": 106, ""timeout_improved"": 55}","{""candidate_after_baseline_exit"": 179, ""candidate_after_max_hold"": 4, ""no_candidate"": 24, ""none"": 818, ""stale_data_no_action"": 1}"
3000,-200,60000,holdout,100,1026,0,797,229,32,318,676,-78318,-76.33333333333333,-202.0,-117491,-114.51364522417154,-202.0,-39173,-38.180311890838205,0.0,-49.150564617314934,0.0,181,74,542,0.7098039215686275,255,0.651312679345293,111,24637,11,25685,70,6009,0,0,30646,69819,False,True,118.0,1,30,1,192,5,0,0,1026,0,0,2,"{""cut_target"": 11, ""harmful_exit"": 63, ""neutral_exit"": 542, ""no_active_exit"": 229, ""saved_stop"": 111, ""timeout_improved"": 70}","{""candidate_after_baseline_exit"": 192, ""candidate_after_max_hold"": 5, ""no_candidate"": 30, ""none"": 797, ""not_active_exit_eligible"": 1, ""stale_data_no_action"": 1}"
3000,-200,120000,train,100,1027,0,788,239,48,418,561,-58609,-57.068159688412855,-211.0,-121299,-118.11002921129503,-202.0,-62690,-61.04186952288218,0.0,-79.55583756345177,0.0,258,93,437,0.7350427350427351,351,0.6865105779066611,198,55640,35,85832,60,2590,0,0,58230,120920,False,True,204.0,6,20,0,213,0,0,0,1027,0,0,3,"{""cut_target"": 35, ""harmful_exit"": 58, ""neutral_exit"": 437, ""no_active_exit"": 239, ""saved_stop"": 198, ""timeout_improved"": 60}","{""candidate_after_baseline_exit"": 213, ""no_candidate"": 20, ""none"": 788, ""stale_data_no_action"": 6}"
3000,-200,120000,validation,100,1026,0,818,208,44,372,610,-74737,-72.84307992202729,-202.0,-113878,-110.99220272904483,-202.0,-39141,-38.14912280701754,0.0,-47.849633251833744,0.0,243,68,507,0.7813504823151125,311,0.7321326268566103,183,42874,26,62040,60,3872,0,0,46746,85887,False,True,189.0,1,24,0,183,0,0,0,1026,0,0,2,"{""cut_target"": 26, ""harmful_exit"": 42, ""neutral_exit"": 507, ""no_active_exit"": 208, ""saved_stop"": 183, ""timeout_improved"": 60}","{""candidate_after_baseline_exit"": 183, ""no_candidate"": 24, ""none"": 818, ""stale_data_no_action"": 1}"
3000,-200,120000,holdout,100,1026,0,797,229,46,394,586,-69062,-67.31189083820662,-205.0,-117491,-114.51364522417154,-202.0,-48429,-47.20175438596491,0.0,-60.764115432873275,0.0,266,67,464,0.7987987987987988,333,0.7524434198359821,187,37835,25,62207,79,3697,0,0,41532,89961,False,True,194.9,1,30,1,196,1,0,0,1026,0,0,3,"{""cut_target"": 25, ""harmful_exit"": 42, ""neutral_exit"": 464, ""no_active_exit"": 229, ""saved_stop"": 187, ""timeout_improved"": 79}","{""candidate_after_baseline_exit"": 196, ""candidate_after_max_hold"": 1, ""no_candidate"": 30, ""none"": 797, ""not_active_exit_eligible"": 1, ""stale_data_no_action"": 1}"
3000,-300,30000,train,100,1027,0,811,216,22,274,731,-126144,-122.82765335929894,-202.0,-141994,-138.26095423563777,-202.0,-15850,-15.433300876338851,0.0,-19.543773119605426,0.0,149,80,582,0.6506550218340611,229,0.5868811272534399,79,30825,11,26837,70,10545,0,0,41370,57220,False,True,86.0,6,20,0,169,21,0,0,1027,0,0,2,"{""cut_target"": 11, ""harmful_exit"": 69, ""neutral_exit"": 582, ""no_active_exit"": 216, ""saved_stop"": 79, ""timeout_improved"": 70}","{""candidate_after_baseline_exit"": 169, ""candidate_after_max_hold"": 21, ""no_candidate"": 20, ""none"": 811, ""stale_data_no_action"": 6}"
3000,-300,30000,validation,100,1026,0,826,200,26,228,772,-111661,-108.83138401559454,-202.0,-122597,-119.49025341130604,-202.0,-10936,-10.6588693957115,0.0,-13.239709443099274,0.0,105,53,668,0.6645569620253164,158,0.5878053528461551,58,21034,10,24822,47,10670,0,0,31704,42640,False,True,62.7,1,24,0,144,31,0,0,1026,0,0,2,"{""cut_target"": 10, ""harmful_exit"": 43, ""neutral_exit"": 668, ""no_active_exit"": 200, ""saved_stop"": 58, ""timeout_improved"": 47}","{""candidate_after_baseline_exit"": 144, ""candidate_after_max_hold"": 31, ""no_candidate"": 24, ""none"": 826, ""stale_data_no_action"": 1}"
3000,-300,30000,holdout,100,1026,0,810,216,22,240,764,-108151,-105.41033138401559,-202.0,-138971,-135.44931773879142,-202.0,-30820,-30.03898635477583,0.0,-38.04938271604938,0.0,118,65,627,0.644808743169399,183,0.5731457591472202,55,20246,8,19047,63,5671,0,0,25917,56737,False,True,61.3,1,30,1,151,33,0,0,1026,0,0,2,"{""cut_target"": 8, ""harmful_exit"": 57, ""neutral_exit"": 627, ""no_active_exit"": 216, ""saved_stop"": 55, ""timeout_improved"": 63}","{""candidate_after_baseline_exit"": 151, ""candidate_after_max_hold"": 33, ""no_candidate"": 30, ""none"": 810, ""not_active_exit_eligible"": 1, ""stale_data_no_action"": 1}"
3000,-300,60000,train,100,1027,0,813,214,37,319,671,-106405,-103.60759493670886,-204.0,-140362,-136.67185978578382,-202.0,-33957,-33.06426484907497,0.0,-41.76752767527675,0.0,206,100,507,0.673202614379085,306,0.6187846446629606,124,51650,24,54739,82,10702,0,0,62352,96309,False,True,132.2,6,20,0,187,1,0,0,1027,0,0,2,"{""cut_target"": 24, ""harmful_exit"": 76, ""neutral_exit"": 507, ""no_active_exit"": 214, ""saved_stop"": 124, ""timeout_improved"": 82}","{""candidate_after_baseline_exit"": 187, ""candidate_after_max_hold"": 1, ""no_candidate"": 20, ""none"": 813, ""stale_data_no_action"": 6}"
3000,-300,60000,validation,100,1026,0,833,193,41,267,718,-92287,-89.94834307992203,-202.0,-130701,-127.38888888888889,-202.0,-38414,-37.44054580896686,0.0,-46.11524609843938,0.0,165,80,588,0.673469387755102,245,0.612464988492537,93,36974,23,57851,72,8449,0,0,45423,83837,False,True,100.2,1,24,0,164,4,0,0,1026,0,0,2,"{""cut_target"": 23, ""harmful_exit"": 57, ""neutral_exit"": 588, ""no_active_exit"": 193, ""saved_stop"": 93, ""timeout_improved"": 72}","{""candidate_after_baseline_exit"": 164, ""candidate_after_max_hold"": 4, ""no_candidate"": 24, ""none"": 833, ""stale_data_no_action"": 1}"
3000,-300,60000,holdout,100,1026,0,816,210,38,284,704,-82114,-80.03313840155946,-202.0,-136688,-133.22417153996102,-202.0,-54574,-53.19103313840156,0.0,-66.87990196078431,0.0,182,85,549,0.6816479400749064,267,0.6235332975792444,96,29867,17,42682,86,8114,0,0,37981,92555,False,True,104.6,1,30,1,173,5,0,0,1026,0,0,3,"{""cut_target"": 17, ""harmful_exit"": 68, ""neutral_exit"": 549, ""no_active_exit"": 210, ""saved_stop"": 96, ""timeout_improved"": 86}","{""candidate_after_baseline_exit"": 173, ""candidate_after_max_hold"": 5, ""no_candidate"": 30, ""none"": 816, ""not_active_exit_eligible"": 1, ""stale_data_no_action"": 1}"
3000,-300,120000,train,100,1027,0,813,214,49,360,618,-88351,-86.0282375851996,-210.0,-140362,-136.67185978578382,-202.0,-52011,-50.643622200584225,0.0,-63.974169741697416,0.0,271,100,442,0.7304582210242587,371,0.6831148766712963,165,68012,36,89084,106,9095,0,0,77107,129118,False,True,175.6,6,20,0,188,0,0,0,1027,0,0,3,"{""cut_target"": 36, ""harmful_exit"": 64, ""neutral_exit"": 442, ""no_active_exit"": 214, ""saved_stop"": 165, ""timeout_improved"": 106}","{""candidate_after_baseline_exit"": 188, ""no_candidate"": 20, ""none"": 813, ""stale_data_no_action"": 6}"
3000,-300,120000,validation,100,1026,0,833,193,48,324,654,-93929,-91.54873294346979,-202.0,-130701,-127.38888888888889,-202.0,-36772,-35.840155945419106,0.0,-44.14405762304922,0.0,249,73,511,0.7732919254658385,322,0.7244937951456627,150,54132,30,74967,99,10141,0,0,64273,101045,False,True,159.9,1,24,0,168,0,0,0,1026,0,0,2,"{""cut_target"": 30, ""harmful_exit"": 43, ""neutral_exit"": 511, ""no_active_exit"": 193, ""saved_stop"": 150, ""timeout_improved"": 99}","{""candidate_after_baseline_exit"": 168, ""no_candidate"": 24, ""none"": 833, ""stale_data_no_action"": 1}"
3000,-300,120000,holdout,100,1026,0,816,210,53,347,626,-80566,-78.5243664717349,-204.0,-136688,-133.22417153996102,-202.0,-56122,-54.69980506822612,0.0,-68.77696078431373,0.0,270,76,470,0.7803468208092486,346,0.7337758293299943,159,48023,32,82013,111,8205,0,0,56228,112350,False,True,170.1,1,30,1,177,1,0,0,1026,0,0,3,"{""cut_target"": 32, ""harmful_exit"": 44, ""neutral_exit"": 470, ""no_active_exit"": 210, ""saved_stop"": 159, ""timeout_improved"": 111}","{""candidate_after_baseline_exit"": 177, ""candidate_after_max_hold"": 1, ""no_candidate"": 30, ""none"": 816, ""not_active_exit_eligible"": 1, ""stale_data_no_action"": 1}"
3000,-500,30000,train,100,1027,0,838,189,23,237,767,-169239,-164.78967867575463,-202.0,-173356,-168.79844206426486,-202.0,-4117,-4.008763388510224,0.0,-4.912887828162291,0.0,163,83,592,0.6626016260162602,246,0.6014191023344266,71,36593,11,26837,92,18751,0,0,55344,59461,False,True,80.2,6,20,0,142,21,0,0,1027,0,0,2,"{""cut_target"": 11, ""harmful_exit"": 72, ""neutral_exit"": 592, ""no_active_exit"": 189, ""saved_stop"": 71, ""timeout_improved"": 92}","{""candidate_after_baseline_exit"": 142, ""candidate_after_max_hold"": 21, ""no_candidate"": 20, ""none"": 838, ""stale_data_no_action"": 6}"
3000,-500,30000,validation,100,1026,0,849,177,30,193,803,-137990,-134.49317738791424,-202.0,-142978,-139.35477582846005,-202.0,-4988,-4.861598440545809,0.0,-5.875147232037691,0.0,111,58,680,0.6568047337278107,169,0.5824535679809922,49,26687,11,27839,62,15233,0,0,41920,46908,False,True,55.2,1,24,0,121,31,0,0,1026,0,0,3,"{""cut_target"": 11, ""harmful_exit"": 47, ""neutral_exit"": 680, ""no_active_exit"": 177, ""saved_stop"": 49, ""timeout_improved"": 62}","{""candidate_after_baseline_exit"": 121, ""candidate_after_max_hold"": 31, ""no_candidate"": 24, ""none"": 849, ""stale_data_no_action"": 1}"
3000,-500,30000,holdout,100,1026,0,835,191,23,212,791,-140219,-136.66569200779728,-202.0,-164762,-160.5867446393762,-202.0,-24543,-23.92105263157895,0.0,-29.392814371257487,0.0,131,72,632,0.645320197044335,203,0.5773673423591206,56,28386,8,19047,75,8383,0,0,36769,61312,False,True,63.5,1,30,1,126,33,0,0,1026,0,0,2,"{""cut_target"": 8, ""harmful_exit"": 64, ""neutral_exit"": 632, ""no_active_exit"": 191, ""saved_stop"": 56, ""timeout_improved"": 75}","{""candidate_after_baseline_exit"": 126, ""candidate_after_max_hold"": 33, ""no_candidate"": 30, ""none"": 835, ""not_active_exit_eligible"": 1, ""stale_data_no_action"": 1}"
3000,-500,60000,train,100,1027,0,841,186,39,278,710,-150571,-146.61246348588122,-202.0,-171748,-167.23271665043816,-202.0,-21177,-20.620253164556964,0.0,-25.180737217598097,0.0,220,107,514,0.672782874617737,327,0.6201784404776979,112,62107,25,56787,108,19853,0,0,81960,103137,False,True,122.8,6,20,0,159,1,0,0,1027,0,0,2,"{""cut_target"": 25, ""harmful_exit"": 82, ""neutral_exit"": 514, ""no_active_exit"": 186, ""saved_stop"": 112, ""timeout_improved"": 108}","{""candidate_after_baseline_exit"": 159, ""candidate_after_max_hold"": 1, ""no_candidate"": 20, ""none"": 841, ""stale_data_no_action"": 6}"
3000,-500,60000,validation,100,1026,0,856,170,45,226,755,-121970,-118.87914230019493,-202.0,-151882,-148.03313840155946,-202.0,-29912,-29.153996101364523,0.0,-34.94392523364486,0.0,176,84,596,0.676923076923077,260,0.6178597703721045,78,45123,24,60868,98,16542,0,0,61665,91577,False,True,87.8,1,24,0,141,4,0,0,1026,0,0,2,"{""cut_target"": 24, ""harmful_exit"": 60, ""neutral_exit"": 596, ""no_active_exit"": 170, ""saved_stop"": 78, ""timeout_improved"": 98}","{""candidate_after_baseline_exit"": 141, ""candidate_after_max_hold"": 4, ""no_candidate"": 24, ""none"": 856, ""stale_data_no_action"": 1}"
3000,-500,60000,holdout,100,1026,0,842,184,41,248,737,-108300,-105.55555555555556,-202.0,-160460,-156.39376218323588,-202.0,-52160,-50.838206627680314,0.0,-61.94774346793349,0.0,196,94,552,0.6758620689655173,290,0.6199973893264751,90,42986,18,44145,106,12682,0,0,55668,107828,False,True,100.6,1,30,1,147,5,0,0,1026,0,0,3,"{""cut_target"": 18, ""harmful_exit"": 76, ""neutral_exit"": 552, ""no_active_exit"": 184, ""saved_stop"": 90, ""timeout_improved"": 106}","{""candidate_after_baseline_exit"": 147, ""candidate_after_max_hold"": 5, ""no_candidate"": 30, ""none"": 842, ""not_active_exit_eligible"": 1, ""stale_data_no_action"": 1}"
3000,-500,120000,train,100,1027,0,841,186,53,315,659,-133506,-129.99610516066213,-210.0,-171748,-167.23271665043816,-202.0,-38242,-37.236611489776045,0.0,-45.47205707491082,0.0,283,109,449,0.7219387755102041,392,0.675594930316782,149,85741,39,96674,134,19287,0,0,105028,143270,False,True,162.4,6,20,0,160,0,0,0,1027,0,0,3,"{""cut_target"": 39, ""harmful_exit"": 70, ""neutral_exit"": 449, ""no_active_exit"": 186, ""saved_stop"": 149, ""timeout_improved"": 134}","{""candidate_after_baseline_exit"": 160, ""no_candidate"": 20, ""none"": 841, ""stale_data_no_action"": 6}"
3000,-500,120000,validation,100,1026,0,856,170,54,279,693,-131280,-127.953216374269,-202.0,-151882,-148.03313840155946,-202.0,-20602,-20.079922027290447,0.0,-24.067757009345794,0.0,262,79,515,0.7683284457478006,341,0.7207095774556055,131,71502,33,82893,131,19231,0,0,90733,111335,False,True,144.1,1,24,0,145,0,0,0,1026,0,0,2,"{""cut_target"": 33, ""harmful_exit"": 46, ""neutral_exit"": 515, ""no_active_exit"": 170, ""saved_stop"": 131, ""timeout_improved"": 131}","{""candidate_after_baseline_exit"": 145, ""no_candidate"": 24, ""none"": 856, ""stale_data_no_action"": 1}"
3000,-500,120000,holdout,100,1026,0,842,184,59,305,662,-115097,-112.18031189083821,-203.0,-157440,-153.45029239766083,-202.0,-42343,-41.26998050682261,0.0,-50.288598574821854,0.0,287,84,471,0.7735849056603774,371,0.7283211580852624,147,70860,35,90134,140,14909,0,0,85769,128112,False,True,161.0,1,30,1,151,1,0,0,1026,0,0,3,"{""cut_target"": 35, ""harmful_exit"": 49, ""neutral_exit"": 471, ""no_active_exit"": 184, ""saved_stop"": 147, ""timeout_improved"": 140}","{""candidate_after_baseline_exit"": 151, ""candidate_after_max_hold"": 1, ""no_candidate"": 30, ""none"": 842, ""not_active_exit_eligible"": 1, ""stale_data_no_action"": 1}"
3000,-700,30000,train,100,1027,0,855,172,24,206,797,-201622,-196.32132424537488,-202.0,-200175,-194.91236611489776,-202.0,1447,1.4089581304771177,0.0,1.6923976608187135,0.0,166,88,601,0.6535433070866141,254,0.5931298002482049,58,43981,12,30001,108,24709,0,0,68690,67243,False,True,68.8,6,20,0,125,21,0,0,1027,0,0,2,"{""cut_target"": 12, ""harmful_exit"": 76, ""neutral_exit"": 601, ""no_active_exit"": 172, ""saved_stop"": 58, ""timeout_improved"": 108}","{""candidate_after_baseline_exit"": 125, ""candidate_after_max_hold"": 21, ""no_candidate"": 20, ""none"": 855, ""stale_data_no_action"": 6}"
3000,-700,30000,validation,100,1026,0,869,157,30,163,833,-169783,-165.48050682261209,-202.0,-170255,-165.94054580896687,-202.0,-472,-0.4600389863547758,0.0,-0.5431530494821634,0.0,115,61,693,0.6534090909090909,176,0.5805039274747996,40,26637,11,27839,75,23174,0,0,49811,50283,False,True,47.5,1,24,0,101,31,0,0,1026,0,0,3,"{""cut_target"": 11, ""harmful_exit"": 50, ""neutral_exit"": 693, ""no_active_exit"": 157, ""saved_stop"": 40, ""timeout_improved"": 75}","{""candidate_after_baseline_exit"": 101, ""candidate_after_max_hold"": 31, ""no_candidate"": 24, ""none"": 869, ""stale_data_no_action"": 1}"
3000,-700,30000,holdout,100,1026,0,860,166,25,169,832,-161686,-157.588693957115,-202.0,-189865,-185.05360623781675,-202.0,-28179,-27.464912280701753,0.0,-32.76627906976744,0.0,131,80,649,0.6208530805687204,211,0.5537797242376155,40,28450,9,22601,91,16431,0,0,44881,73060,False,True,49.1,1,30,1,101,33,0,0,1026,0,0,2,"{""cut_target"": 9, ""harmful_exit"": 71, ""neutral_exit"": 649, ""no_active_exit"": 166, ""saved_stop"": 40, ""timeout_improved"": 91}","{""candidate_after_baseline_exit"": 101, ""candidate_after_max_hold"": 33, ""no_candidate"": 30, ""none"": 860, ""not_active_exit_eligible"": 1, ""stale_data_no_action"": 1}"
3000,-700,60000,train,100,1027,0,859,168,41,242,744,-191817,-186.7740993184031,-202.0,-198929,-193.69912366114897,-202.0,-7112,-6.9250243427458615,0.0,-8.279394644935971,0.0,225,112,522,0.6676557863501483,337,0.615722214701234,94,76311,27,63606,131,28558,0,0,104869,111981,False,True,107.1,6,20,0,141,1,0,0,1027,0,0,2,"{""cut_target"": 27, ""harmful_exit"": 85, ""neutral_exit"": 522, ""no_active_exit"": 168, ""saved_stop"": 94, ""timeout_improved"": 131}","{""candidate_after_baseline_exit"": 141, ""candidate_after_max_hold"": 1, ""no_candidate"": 20, ""none"": 859, ""stale_data_no_action"": 6}"
3000,-700,60000,validation,100,1026,0,877,149,45,192,789,-156989,-153.01072124756334,-202.0,-178183,-173.66764132553607,-202.0,-21194,-20.65692007797271,0.0,-24.16647662485747,0.0,179,89,609,0.667910447761194,268,0.609501723077221,65,48829,24,60868,114,25393,0,0,74222,95416,False,True,76.4,1,24,0,120,4,0,0,1026,0,0,2,"{""cut_target"": 24, ""harmful_exit"": 65, ""neutral_exit"": 609, ""no_active_exit"": 149, ""saved_stop"": 65, ""timeout_improved"": 114}","{""candidate_after_baseline_exit"": 120, ""candidate_after_max_hold"": 4, ""no_candidate"": 24, ""none"": 877, ""stale_data_no_action"": 1}"
3000,-700,60000,holdout,100,1026,0,868,158,46,203,777,-129180,-125.90643274853801,-202.0,-185884,-181.17348927875244,-202.0,-56704,-55.267056530214425,0.0,-65.32718894009217,0.0,197,103,568,0.6566666666666666,300,0.6012598041861229,72,47081,22,57073,125,23727,0,0,70808,127512,False,True,84.5,1,30,1,121,5,0,0,1026,0,0,3,"{""cut_target"": 22, ""harmful_exit"": 81, ""neutral_exit"": 568, ""no_active_exit"": 158, ""saved_stop"": 72, ""timeout_improved"": 125}","{""candidate_after_baseline_exit"": 121, ""candidate_after_max_hold"": 5, ""no_candidate"": 30, ""none"": 868, ""not_active_exit_eligible"": 1, ""stale_data_no_action"": 1}"
3000,-700,120000,train,100,1027,0,859,168,57,269,701,-173931,-169.35832521908472,-210.0,-198929,-193.69912366114897,-202.0,-24998,-24.340798442064266,0.0,-29.10128055878929,0.0,289,114,456,0.71712158808933,403,0.6712580138561058,121,98954,43,109398,168,33506,0,0,132460,157458,False,True,137.8,6,20,0,142,0,0,0,1027,0,0,3,"{""cut_target"": 43, ""harmful_exit"": 71, ""neutral_exit"": 456, ""no_active_exit"": 168, ""saved_stop"": 121, ""timeout_improved"": 168}","{""candidate_after_baseline_exit"": 142, ""no_candidate"": 20, ""none"": 859, ""stale_data_no_action"": 6}"
3000,-700,120000,validation,100,1026,0,877,149,55,217,754,-167946,-163.69005847953215,-202.0,-178183,-173.66764132553607,-202.0,-10237,-9.977582846003898,0.0,-11.672748004561003,0.0,268,83,526,0.7635327635327636,351,0.7163768523251568,90,71664,34,86433,178,38609,0,0,110273,120510,False,True,107.8,1,24,0,124,0,0,0,1026,0,0,2,"{""cut_target"": 34, ""harmful_exit"": 49, ""neutral_exit"": 526, ""no_active_exit"": 149, ""saved_stop"": 90, ""timeout_improved"": 178}","{""candidate_after_baseline_exit"": 124, ""no_candidate"": 24, ""none"": 877, ""stale_data_no_action"": 1}"
3000,-700,120000,holdout,100,1026,0,868,158,66,233,727,-141615,-138.02631578947367,-202.0,-182864,-178.2300194931774,-202.0,-41249,-40.2037037037037,0.0,-47.52188940092166,0.0,291,94,483,0.7558441558441559,385,0.7105434753494777,102,68560,41,108732,189,38675,0,0,107235,148484,False,True,120.9,1,30,1,125,1,0,0,1026,0,0,3,"{""cut_target"": 41, ""harmful_exit"": 53, ""neutral_exit"": 483, ""no_active_exit"": 158, ""saved_stop"": 102, ""timeout_improved"": 189}","{""candidate_after_baseline_exit"": 125, ""candidate_after_max_hold"": 1, ""no_candidate"": 30, ""none"": 868, ""not_active_exit_eligible"": 1, ""stale_data_no_action"": 1}"
3000,-1000,30000,train,100,1027,0,874,153,24,174,829,-234833,-228.65920155793575,-202.0,-233812,-227.66504381694256,-202.0,1021,0.994157740993184,0.0,1.168192219679634,0.0,169,98,607,0.6329588014981273,267,0.5736388828512446,48,49059,12,30001,121,32602,0,0,81661,80640,False,True,60.1,6,20,0,106,21,0,0,1027,0,0,2,"{""cut_target"": 12, ""harmful_exit"": 86, ""neutral_exit"": 607, ""no_active_exit"": 153, ""saved_stop"": 48, ""timeout_improved"": 121}","{""candidate_after_baseline_exit"": 106, ""candidate_after_max_hold"": 21, ""no_candidate"": 20, ""none"": 874, ""stale_data_no_action"": 6}"
3000,-1000,30000,validation,100,1026,0,884,142,31,141,854,-200221,-195.14717348927874,-202.0,-197089,-192.09454191033137,-202.0,3132,3.0526315789473686,0.0,3.5429864253393664,0.0,119,66,699,0.6432432432432432,185,0.5719432697099277,35,30682,11,27839,84,27533,0,0,58215,55083,False,True,43.4,1,24,0,86,31,0,0,1026,0,0,3,"{""cut_target"": 11, ""harmful_exit"": 55, ""neutral_exit"": 699, ""no_active_exit"": 142, ""saved_stop"": 35, ""timeout_improved"": 84}","{""candidate_after_baseline_exit"": 86, ""candidate_after_max_hold"": 31, ""no_candidate"": 24, ""none"": 884, ""stale_data_no_action"": 1}"
3000,-1000,30000,holdout,100,1026,0,875,151,25,146,855,-199344,-194.29239766081872,-202.0,-221030,-215.42884990253413,-202.0,-21686,-21.1364522417154,0.0,-24.784,0.0,138,83,654,0.6244343891402715,221,0.5589738052255021,34,30954,9,22601,104,22745,0,0,53699,75385,False,True,44.4,1,30,1,86,33,0,0,1026,0,0,2,"{""cut_target"": 9, ""harmful_exit"": 74, ""neutral_exit"": 654, ""no_active_exit"": 151, ""saved_stop"": 34, ""timeout_improved"": 104}","{""candidate_after_baseline_exit"": 86, ""candidate_after_max_hold"": 33, ""no_candidate"": 30, ""none"": 875, ""not_active_exit_eligible"": 1, ""stale_data_no_action"": 1}"
3000,-1000,60000,train,100,1027,0,879,148,46,212,769,-230324,-224.26874391431355,-202.0,-228252,-222.25121713729308,-202.0,2072,2.0175267770204477,0.0,2.3572241183162683,0.0,231,121,527,0.65625,352,0.6051856828891574,86,93142,30,74255,145,35998,0,0,129140,127068,False,True,100.5,6,20,0,121,1,0,0,1027,0,0,2,"{""cut_target"": 30, ""harmful_exit"": 91, ""neutral_exit"": 527, ""no_active_exit"": 148, ""saved_stop"": 86, ""timeout_improved"": 145}","{""candidate_after_baseline_exit"": 121, ""candidate_after_max_hold"": 1, ""no_candidate"": 20, ""none"": 879, ""stale_data_no_action"": 6}"
3000,-1000,60000,validation,100,1026,0,893,133,49,167,810,-190807,-185.97173489278754,-202.0,-206706,-201.46783625730995,-202.0,-15899,-15.496101364522417,0.0,-17.804031354983202,0.0,185,95,613,0.6607142857142857,280,0.6034155330121962,57,54335,27,70295,128,35584,0,0,89919,105818,False,True,69.8,1,24,0,104,4,0,0,1026,0,0,2,"{""cut_target"": 27, ""harmful_exit"": 68, ""neutral_exit"": 613, ""no_active_exit"": 133, ""saved_stop"": 57, ""timeout_improved"": 128}","{""candidate_after_baseline_exit"": 104, ""candidate_after_max_hold"": 4, ""no_candidate"": 24, ""none"": 893, ""stale_data_no_action"": 1}"
3000,-1000,60000,holdout,100,1026,0,884,142,49,171,806,-163902,-159.7485380116959,-202.0,-215844,-210.37426900584796,-202.0,-51942,-50.62573099415204,0.0,-58.7579185520362,0.0,202,111,571,0.645367412140575,313,0.5908986023867032,58,52355,25,65449,144,34320,0,0,86675,138617,False,True,72.4,1,30,1,105,5,0,0,1026,0,0,3,"{""cut_target"": 25, ""harmful_exit"": 86, ""neutral_exit"": 571, ""no_active_exit"": 142, ""saved_stop"": 58, ""timeout_improved"": 144}","{""candidate_after_baseline_exit"": 105, ""candidate_after_max_hold"": 5, ""no_candidate"": 30, ""none"": 884, ""not_active_exit_eligible"": 1, ""stale_data_no_action"": 1}"
3000,-1000,120000,train,100,1027,0,879,148,65,234,728,-210757,-205.21616358325218,-209.0,-228252,-222.25121713729308,-202.0,-17495,-17.035053554040896,0.0,-19.9032992036405,0.0,295,123,461,0.7057416267942583,418,0.6603405898255023,108,117583,49,127581,187,43555,0,0,161138,178633,False,True,126.7,6,20,0,122,0,0,0,1027,0,0,4,"{""cut_target"": 49, ""harmful_exit"": 74, ""neutral_exit"": 461, ""no_active_exit"": 148, ""saved_stop"": 108, ""timeout_improved"": 187}","{""candidate_after_baseline_exit"": 122, ""no_candidate"": 20, ""none"": 879, ""stale_data_no_action"": 6}"
3000,-1000,120000,validation,100,1026,0,893,133,59,190,777,-207753,-202.48830409356725,-202.0,-206706,-201.46783625730995,-202.0,1047,1.0204678362573099,0.0,1.1724524076147815,0.0,275,89,529,0.7554945054945055,364,0.708823786925128,80,84261,37,95860,195,49961,0,0,134222,133175,False,True,99.5,1,24,0,108,0,0,0,1026,0,0,2,"{""cut_target"": 37, ""harmful_exit"": 52, ""neutral_exit"": 529, ""no_active_exit"": 133, ""saved_stop"": 80, ""timeout_improved"": 195}","{""candidate_after_baseline_exit"": 108, ""no_candidate"": 24, ""none"": 893, ""stale_data_no_action"": 1}"
3000,-1000,120000,holdout,100,1026,0,884,142,72,198,756,-177318,-172.82456140350877,-202.0,-208663,-203.37524366471735,-202.0,-31345,-30.55068226120858,0.0,-35.45814479638009,0.0,298,101,485,0.7468671679197995,399,0.70198815478712,85,79463,45,120535,213,52501,0,0,131964,163309,False,True,106.3,1,30,1,109,1,0,0,1026,0,0,3,"{""cut_target"": 45, ""harmful_exit"": 56, ""neutral_exit"": 485, ""no_active_exit"": 142, ""saved_stop"": 85, ""timeout_improved"": 213}","{""candidate_after_baseline_exit"": 109, ""candidate_after_max_hold"": 1, ""no_candidate"": 30, ""none"": 884, ""not_active_exit_eligible"": 1, ""stale_data_no_action"": 1}"
3000,-1500,30000,train,100,1027,0,908,119,26,129,872,-269428,-262.34469328140216,-202.0,-271880,-264.73222979552094,-202.0,-2452,-2.3875365141187928,0.0,-2.700440528634361,0.0,182,112,614,0.6190476190476191,294,0.5623398769388874,42,49193,13,34236,140,52505,0,0,101698,104150,False,True,56.0,6,20,0,72,21,0,0,1027,0,0,4,"{""cut_target"": 13, ""harmful_exit"": 99, ""neutral_exit"": 614, ""no_active_exit"": 119, ""saved_stop"": 42, ""timeout_improved"": 140}","{""candidate_after_baseline_exit"": 72, ""candidate_after_max_hold"": 21, ""no_candidate"": 20, ""none"": 908, ""stale_data_no_action"": 6}"
3000,-1500,30000,validation,100,1026,0,899,127,35,113,878,-231237,-225.37719298245614,-202.0,-232433,-226.5428849902534,-202.0,-1196,-1.165692007797271,0.0,-1.3303670745272524,0.0,124,75,700,0.6231155778894473,199,0.5540536383590223,27,32119,13,36270,97,36860,0,0,68979,70175,False,True,36.7,1,24,0,71,31,0,0,1026,0,0,3,"{""cut_target"": 13, ""harmful_exit"": 62, ""neutral_exit"": 700, ""no_active_exit"": 127, ""saved_stop"": 27, ""timeout_improved"": 97}","{""candidate_after_baseline_exit"": 71, ""candidate_after_max_hold"": 31, ""no_candidate"": 24, ""none"": 899, ""stale_data_no_action"": 1}"
3000,-1500,30000,holdout,100,1026,0,897,129,29,113,884,-234644,-228.69785575048732,-202.0,-251956,-245.57115009746587,-202.0,-17312,-16.873294346978557,0.0,-19.299888517279822,0.0,148,90,659,0.6218487394957983,238,0.558766215522871,29,37244,11,30163,119,31257,0,0,68501,85813,False,True,40.9,1,30,1,64,33,0,0,1026,0,0,2,"{""cut_target"": 11, ""harmful_exit"": 79, ""neutral_exit"": 659, ""no_active_exit"": 129, ""saved_stop"": 29, ""timeout_improved"": 119}","{""candidate_after_baseline_exit"": 64, ""candidate_after_max_hold"": 33, ""no_candidate"": 30, ""none"": 897, ""not_active_exit_eligible"": 1, ""stale_data_no_action"": 1}"
3000,-1500,60000,train,100,1027,0,917,110,53,164,810,-267138,-260.1148977604674,-202.0,-268262,-261.2093476144109,-202.0,-1124,-1.0944498539435248,0.0,-1.2257360959651036,0.0,244,139,534,0.6370757180156658,383,0.5877786779491887,77,110273,36,98045,167,54216,0,0,164489,165613,False,True,93.7,6,20,0,83,1,0,0,1027,0,0,3,"{""cut_target"": 36, ""harmful_exit"": 103, ""neutral_exit"": 534, ""no_active_exit"": 110, ""saved_stop"": 77, ""timeout_improved"": 167}","{""candidate_after_baseline_exit"": 83, ""candidate_after_max_hold"": 1, ""no_candidate"": 20, ""none"": 917, ""stale_data_no_action"": 6}"
3000,-1500,60000,validation,100,1026,0,910,116,55,140,831,-232373,-226.48440545808967,-202.0,-245220,-239.00584795321637,-202.0,-12847,-12.521442495126706,0.0,-14.117582417582417,0.0,193,103,614,0.652027027027027,296,0.59612936653351,49,63711,31,84411,144,49222,0,0,112933,125780,False,True,63.4,1,24,0,87,4,0,0,1026,0,0,2,"{""cut_target"": 31, ""harmful_exit"": 72, ""neutral_exit"": 614, ""no_active_exit"": 116, ""saved_stop"": 49, ""timeout_improved"": 144}","{""candidate_after_baseline_exit"": 87, ""candidate_after_max_hold"": 4, ""no_candidate"": 24, ""none"": 910, ""stale_data_no_action"": 1}"
3000,-1500,60000,holdout,100,1026,0,910,116,56,138,832,-199528,-194.47173489278754,-202.0,-247056,-240.7953216374269,-202.0,-47528,-46.32358674463938,0.0,-52.22857142857143,0.0,212,123,575,0.6328358208955224,335,0.5799831755989626,53,64999,30,79659,159,47275,0,0,112274,159802,False,True,68.9,1,30,1,79,5,0,0,1026,0,0,3,"{""cut_target"": 30, ""harmful_exit"": 93, ""neutral_exit"": 575, ""no_active_exit"": 116, ""saved_stop"": 53, ""timeout_improved"": 159}","{""candidate_after_baseline_exit"": 79, ""candidate_after_max_hold"": 5, ""no_candidate"": 30, ""none"": 910, ""not_active_exit_eligible"": 1, ""stale_data_no_action"": 1}"
3000,-1500,120000,train,100,1027,0,917,110,75,190,762,-263736,-256.80233690360274,-208.0,-268262,-261.2093476144109,-202.0,-4526,-4.407010710808179,0.0,-4.935659760087241,0.0,316,136,465,0.6991150442477876,452,0.6553003802295355,103,147794,58,161283,213,67311,0,0,215105,219631,False,True,124.3,6,20,0,84,0,0,0,1027,0,0,4,"{""cut_target"": 58, ""harmful_exit"": 78, ""neutral_exit"": 465, ""no_active_exit"": 110, ""saved_stop"": 103, ""timeout_improved"": 213}","{""candidate_after_baseline_exit"": 84, ""no_candidate"": 20, ""none"": 917, ""stale_data_no_action"": 6}"
3000,-1500,120000,validation,100,1026,0,910,116,67,158,801,-250931,-244.57212475633528,-202.0,-245220,-239.00584795321637,-202.0,5711,5.5662768031189085,0.0,6.275824175824176,0.0,282,98,530,0.7421052631578947,380,0.6958503490744029,67,98517,43,115534,215,65389,0,0,163906,158195,False,True,88.5,1,24,0,91,0,0,0,1026,0,0,2,"{""cut_target"": 43, ""harmful_exit"": 55, ""neutral_exit"": 530, ""no_active_exit"": 116, ""saved_stop"": 67, ""timeout_improved"": 215}","{""candidate_after_baseline_exit"": 91, ""no_candidate"": 24, ""none"": 910, ""stale_data_no_action"": 1}"
3000,-1500,120000,holdout,100,1026,0,910,116,83,166,777,-214841,-209.39668615984405,-202.0,-239875,-233.7962962962963,-202.0,-25034,-24.399610136452242,0.0,-27.50989010989011,0.0,310,112,488,0.7345971563981043,422,0.690490122077245,81,100039,54,147942,229,67803,0,0,167842,192876,False,True,103.9,1,30,1,83,1,0,0,1026,0,0,3,"{""cut_target"": 54, ""harmful_exit"": 58, ""neutral_exit"": 488, ""no_active_exit"": 116, ""saved_stop"": 81, ""timeout_improved"": 229}","{""candidate_after_baseline_exit"": 83, ""candidate_after_max_hold"": 1, ""no_candidate"": 30, ""none"": 910, ""not_active_exit_eligible"": 1, ""stale_data_no_action"": 1}"
3000,-2000,30000,train,100,1027,0,930,97,28,98,901,-300655,-292.75073028237586,-202.0,-301542,-293.61441090555013,-202.0,-887,-0.8636806231742941,0.0,-0.953763440860215,0.0,188,120,622,0.6103896103896104,308,0.5548874221057633,34,52342,14,39127,154,63461,0,0,115803,116690,False,True,49.4,6,20,0,50,21,0,0,1027,0,0,4,"{""cut_target"": 14, ""harmful_exit"": 106, ""neutral_exit"": 622, ""no_active_exit"": 97, ""saved_stop"": 34, ""timeout_improved"": 154}","{""candidate_after_baseline_exit"": 50, ""candidate_after_max_hold"": 21, ""no_candidate"": 20, ""none"": 930, ""stale_data_no_action"": 6}"
3000,-2000,30000,validation,100,1026,0,911,115,37,96,893,-265195,-258.47465886939574,-202.0,-251263,-244.89571150097467,-202.0,13932,13.578947368421053,0.0,15.293084522502744,0.0,132,75,704,0.6376811594202898,207,0.57024321048208,28,42565,13,36270,104,41542,0,0,84107,70175,False,True,38.4,1,24,0,59,31,0,0,1026,0,0,3,"{""cut_target"": 13, ""harmful_exit"": 62, ""neutral_exit"": 704, ""no_active_exit"": 115, ""saved_stop"": 28, ""timeout_improved"": 104}","{""candidate_after_baseline_exit"": 59, ""candidate_after_max_hold"": 31, ""no_candidate"": 24, ""none"": 911, ""stale_data_no_action"": 1}"
3000,-2000,30000,holdout,100,1026,0,909,117,30,100,896,-276557,-269.54873294346976,-202.0,-287990,-280.69200779727095,-202.0,-11433,-11.14327485380117,0.0,-12.577557755775578,0.0,152,96,661,0.6129032258064516,248,0.5509988536661036,29,46890,12,34684,123,33678,0,0,80568,92001,False,True,41.3,1,30,1,52,33,0,0,1026,0,0,2,"{""cut_target"": 12, ""harmful_exit"": 84, ""neutral_exit"": 661, ""no_active_exit"": 117, ""saved_stop"": 29, ""timeout_improved"": 123}","{""candidate_after_baseline_exit"": 52, ""candidate_after_max_hold"": 33, ""no_candidate"": 30, ""none"": 909, ""not_active_exit_eligible"": 1, ""stale_data_no_action"": 1}"
3000,-2000,60000,train,100,1027,0,939,88,59,140,828,-305157,-297.13437195715676,-202.0,-297924,-290.09152872444014,-202.0,7233,7.042843232716651,0.0,7.702875399361022,0.0,252,148,539,0.63,400,0.5816587842920732,76,128033,41,118100,176,67016,0,0,195049,187816,False,True,93.6,6,20,0,61,1,0,0,1027,0,0,3,"{""cut_target"": 41, ""harmful_exit"": 107, ""neutral_exit"": 539, ""no_active_exit"": 88, ""saved_stop"": 76, ""timeout_improved"": 176}","{""candidate_after_baseline_exit"": 61, ""candidate_after_max_hold"": 1, ""no_candidate"": 20, ""none"": 939, ""stale_data_no_action"": 6}"
3000,-2000,60000,validation,100,1026,0,923,103,59,122,845,-271901,-265.01072124756337,-202.0,-261433,-254.80799220272905,-202.0,10468,10.202729044834308,0.0,11.341278439869988,0.0,202,104,617,0.6601307189542484,306,0.6053669333621678,50,77377,31,84411,152,60842,0,0,138219,127751,False,True,65.2,1,24,0,74,4,0,0,1026,0,0,2,"{""cut_target"": 31, ""harmful_exit"": 73, ""neutral_exit"": 617, ""no_active_exit"": 103, ""saved_stop"": 50, ""timeout_improved"": 152}","{""candidate_after_baseline_exit"": 74, ""candidate_after_max_hold"": 4, ""no_candidate"": 24, ""none"": 923, ""stale_data_no_action"": 1}"
3000,-2000,60000,holdout,100,1026,0,922,104,59,118,849,-243070,-236.9103313840156,-202.0,-280231,-273.1296296296296,-202.0,-37161,-36.219298245614034,0.0,-40.30477223427332,0.0,217,129,576,0.6271676300578035,346,0.5750808334310265,46,75035,32,88655,171,58941,0,0,133976,171137,False,True,63.1,1,30,1,67,5,0,0,1026,0,0,3,"{""cut_target"": 32, ""harmful_exit"": 97, ""neutral_exit"": 576, ""no_active_exit"": 104, ""saved_stop"": 46, ""timeout_improved"": 171}","{""candidate_after_baseline_exit"": 67, ""candidate_after_max_hold"": 5, ""no_candidate"": 30, ""none"": 922, ""not_active_exit_eligible"": 1, ""stale_data_no_action"": 1}"
3000,-2000,120000,train,100,1027,0,939,88,82,166,779,-312895,-304.66893865628043,-207.0,-297924,-290.09152872444014,-202.0,14971,14.577409931840311,0.0,15.943556975505857,0.0,325,145,469,0.6914893617021277,470,0.6483208100139403,102,178740,64,185535,223,82066,0,0,260806,245835,False,True,124.3,6,20,0,62,0,0,0,1027,0,0,4,"{""cut_target"": 64, ""harmful_exit"": 81, ""neutral_exit"": 469, ""no_active_exit"": 88, ""saved_stop"": 102, ""timeout_improved"": 223}","{""candidate_after_baseline_exit"": 62, ""no_candidate"": 20, ""none"": 939, ""stale_data_no_action"": 6}"
3000,-2000,120000,validation,100,1026,0,925,101,74,132,820,-284685,-277.47076023391816,-202.0,-263204,-256.53411306042887,-202.0,21481,20.93664717348928,0.0,23.2227027027027,0.0,291,102,532,0.7404580152671756,393,0.6949361946145196,60,105081,46,127781,231,88428,0,0,193509,172028,False,True,83.1,1,24,0,76,0,0,0,1026,0,0,2,"{""cut_target"": 46, ""harmful_exit"": 56, ""neutral_exit"": 532, ""no_active_exit"": 101, ""saved_stop"": 60, ""timeout_improved"": 231}","{""candidate_after_baseline_exit"": 76, ""no_candidate"": 24, ""none"": 925, ""stale_data_no_action"": 1}"
3000,-2000,120000,holdout,100,1026,0,922,104,86,139,801,-261794,-255.1598440545809,-202.0,-273050,-266.130604288499,-202.0,-11256,-10.970760233918128,0.0,-12.20824295010846,0.0,314,119,489,0.7251732101616628,433,0.6812826986121111,67,114372,56,156938,247,85184,0,0,199556,210812,False,True,91.7,1,30,1,71,1,0,0,1026,0,0,3,"{""cut_target"": 56, ""harmful_exit"": 63, ""neutral_exit"": 489, ""no_active_exit"": 104, ""saved_stop"": 67, ""timeout_improved"": 247}","{""candidate_after_baseline_exit"": 71, ""candidate_after_max_hold"": 1, ""no_candidate"": 30, ""none"": 922, ""not_active_exit_eligible"": 1, ""stale_data_no_action"": 1}"
3000,-3000,30000,train,100,1027,0,954,73,29,60,938,-349437,-340.2502434274586,-202.0,-328662,-320.02142161635834,-202.0,20775,20.228821811100293,0.0,21.77672955974843,0.0,200,128,626,0.6097560975609756,328,0.555985924217844,27,48618,14,39127,173,92820,0,0,141438,120663,False,True,44.3,6,20,0,26,21,0,0,1027,0,0,3,"{""cut_target"": 14, ""harmful_exit"": 114, ""neutral_exit"": 626, ""no_active_exit"": 73, ""saved_stop"": 27, ""timeout_improved"": 173}","{""candidate_after_baseline_exit"": 26, ""candidate_after_max_hold"": 21, ""no_candidate"": 20, ""none"": 954, ""stale_data_no_action"": 6}"
3000,-3000,30000,validation,100,1026,0,938,88,39,70,917,-324464,-316.24171539961014,-202.0,-286709,-279.4434697855751,-202.0,37755,36.79824561403509,0.0,40.25053304904051,0.0,148,80,710,0.6491228070175439,228,0.585170427661327,32,55535,14,41800,116,59888,0,0,115423,77668,False,True,43.6,1,24,0,32,31,0,0,1026,0,0,3,"{""cut_target"": 14, ""harmful_exit"": 66, ""neutral_exit"": 710, ""no_active_exit"": 88, ""saved_stop"": 32, ""timeout_improved"": 116}","{""candidate_after_baseline_exit"": 32, ""candidate_after_max_hold"": 31, ""no_candidate"": 24, ""none"": 938, ""stale_data_no_action"": 1}"
3000,-3000,30000,holdout,100,1026,0,931,95,33,62,931,-321544,-313.39571150097464,-202.0,-312959,-305.02826510721246,-202.0,8585,8.367446393762183,0.0,9.22126745435016,0.0,164,102,665,0.6165413533834586,266,0.5568443785109137,22,45792,12,34684,142,58057,0,0,103849,95264,False,True,36.2,1,30,1,30,33,0,0,1026,0,0,2,"{""cut_target"": 12, ""harmful_exit"": 90, ""neutral_exit"": 665, ""no_active_exit"": 95, ""saved_stop"": 22, ""timeout_improved"": 142}","{""candidate_after_baseline_exit"": 30, ""candidate_after_max_hold"": 33, ""no_candidate"": 30, ""none"": 931, ""not_active_exit_eligible"": 1, ""stale_data_no_action"": 1}"
3000,-3000,60000,train,100,1027,0,967,60,61,88,878,-371631,-361.8607594936709,-202.0,-330809,-322.11197663096397,-202.0,40822,39.74878286270691,0.0,42.21509824198552,0.0,263,161,543,0.6202830188679245,424,0.5732037211992599,53,120382,42,121290,210,121159,0,0,241541,200719,False,True,74.0,6,20,0,33,1,0,0,1027,0,0,3,"{""cut_target"": 42, ""harmful_exit"": 119, ""neutral_exit"": 543, ""no_active_exit"": 60, ""saved_stop"": 53, ""timeout_improved"": 210}","{""candidate_after_baseline_exit"": 33, ""candidate_after_max_hold"": 1, ""no_candidate"": 20, ""none"": 967, ""stale_data_no_action"": 6}"
3000,-3000,60000,validation,100,1026,0,954,72,63,91,872,-345893,-337.12768031189086,-202.0,-302397,-294.733918128655,-202.0,43496,42.393762183235864,0.0,45.59329140461216,0.0,223,111,620,0.6676646706586826,334,0.615492531840532,51,99381,34,97802,172,86941,0,0,186322,142826,False,True,68.2,1,24,0,43,4,0,0,1026,0,0,3,"{""cut_target"": 34, ""harmful_exit"": 77, ""neutral_exit"": 620, ""no_active_exit"": 72, ""saved_stop"": 51, ""timeout_improved"": 172}","{""candidate_after_baseline_exit"": 43, ""candidate_after_max_hold"": 4, ""no_candidate"": 24, ""none"": 954, ""stale_data_no_action"": 1}"
3000,-3000,60000,holdout,100,1026,0,949,77,63,78,885,-297298,-289.76413255360626,-202.0,-301206,-293.5730994152047,-202.0,-3908,-3.8089668615984404,0.0,-4.118018967334036,0.0,233,137,579,0.6297297297297297,370,0.5794298573772068,37,79980,33,93746,196,97745,0,0,177725,181633,False,True,56.6,1,30,1,40,5,0,0,1026,0,0,3,"{""cut_target"": 33, ""harmful_exit"": 104, ""neutral_exit"": 579, ""no_active_exit"": 77, ""saved_stop"": 37, ""timeout_improved"": 196}","{""candidate_after_baseline_exit"": 40, ""candidate_after_max_hold"": 5, ""no_candidate"": 30, ""none"": 949, ""not_active_exit_eligible"": 1, ""stale_data_no_action"": 1}"
3000,-3000,120000,train,100,1027,0,967,60,88,117,822,-395746,-385.34177215189874,-204.0,-330809,-322.11197663096397,-202.0,64937,63.229795520934765,0.0,67.153050672182,0.0,339,155,473,0.6862348178137652,494,0.6440117940293367,82,192951,69,198933,257,137235,0,0,330186,265249,False,True,107.7,6,20,0,34,0,0,0,1027,0,0,4,"{""cut_target"": 69, ""harmful_exit"": 86, ""neutral_exit"": 473, ""no_active_exit"": 60, ""saved_stop"": 82, ""timeout_improved"": 257}","{""candidate_after_baseline_exit"": 34, ""no_candidate"": 20, ""none"": 967, ""stale_data_no_action"": 6}"
3000,-3000,120000,validation,100,1026,0,956,70,80,105,841,-365482,-356.2202729044834,-202.0,-304168,-296.4600389863548,-202.0,61314,59.760233918128655,0.0,64.13598326359832,0.0,312,110,534,0.7393364928909952,422,0.6954264816934934,65,138411,51,149586,247,119016,0,0,257427,196113,False,True,89.7,1,24,0,45,0,0,0,1026,0,0,2,"{""cut_target"": 51, ""harmful_exit"": 59, ""neutral_exit"": 534, ""no_active_exit"": 70, ""saved_stop"": 65, ""timeout_improved"": 247}","{""candidate_after_baseline_exit"": 45, ""no_candidate"": 24, ""none"": 956, ""stale_data_no_action"": 1}"
3000,-3000,120000,holdout,100,1026,0,949,77,92,97,837,-329275,-320.9307992202729,-202.0,-292600,-285.18518518518516,-202.0,36675,35.74561403508772,0.0,38.64594309799789,0.0,329,128,492,0.7199124726477024,457,0.67704071676855,56,130309,58,166112,273,133561,0,0,263870,227195,False,True,83.3,1,30,1,44,1,0,0,1026,0,0,3,"{""cut_target"": 58, ""harmful_exit"": 70, ""neutral_exit"": 492, ""no_active_exit"": 77, ""saved_stop"": 56, ""timeout_improved"": 273}","{""candidate_after_baseline_exit"": 44, ""candidate_after_max_hold"": 1, ""no_candidate"": 30, ""none"": 949, ""not_active_exit_eligible"": 1, ""stale_data_no_action"": 1}"
3000,-5000,30000,train,100,1027,0,976,51,31,26,970,-402118,-391.5462512171373,-202.0,-375726,-365.8481012658228,-202.0,26392,25.69814995131451,0.0,27.040983606557376,0.0,213,134,629,0.6138328530259366,347,0.5616257764947886,16,44758,16,52776,197,124193,0,0,168951,142559,False,True,35.7,6,20,0,4,21,0,0,1027,0,0,3,"{""cut_target"": 16, ""harmful_exit"": 118, ""neutral_exit"": 629, ""no_active_exit"": 51, ""saved_stop"": 16, ""timeout_improved"": 197}","{""candidate_after_baseline_exit"": 4, ""candidate_after_max_hold"": 21, ""no_candidate"": 20, ""none"": 976, ""stale_data_no_action"": 6}"
3000,-5000,30000,validation,100,1026,0,956,70,43,26,957,-356385,-347.35380116959067,-202.0,-302500,-294.83430799220275,-202.0,53885,52.519493177387915,0.0,56.36506276150627,0.0,154,88,714,0.6363636363636364,242,0.5740629433769541,12,39731,15,48001,142,107084,0,0,146815,92930,False,True,26.200000000000003,1,24,0,14,31,0,0,1026,0,0,3,"{""cut_target"": 15, ""harmful_exit"": 73, ""neutral_exit"": 714, ""no_active_exit"": 70, ""saved_stop"": 12, ""timeout_improved"": 142}","{""candidate_after_baseline_exit"": 14, ""candidate_after_max_hold"": 31, ""no_candidate"": 24, ""none"": 956, ""stale_data_no_action"": 1}"
3000,-5000,30000,holdout,100,1026,0,949,77,35,27,964,-373846,-364.37231968810914,-202.0,-342284,-333.6101364522417,-202.0,31562,30.762183235867447,0.0,33.258166491043205,0.0,173,106,670,0.6200716845878136,279,0.5618523369165608,9,25014,12,34684,164,105496,0,0,130510,98948,False,True,25.400000000000002,1,30,1,12,33,0,0,1026,0,0,2,"{""cut_target"": 12, ""harmful_exit"": 94, ""neutral_exit"": 670, ""no_active_exit"": 77, ""saved_stop"": 9, ""timeout_improved"": 164}","{""candidate_after_baseline_exit"": 12, ""candidate_after_max_hold"": 33, ""no_candidate"": 30, ""none"": 949, ""not_active_exit_eligible"": 1, ""stale_data_no_action"": 1}"
3000,-5000,60000,train,100,1027,0,992,35,63,40,924,-460142,-448.0447906523856,-202.0,-379781,-369.7964946445959,-202.0,80361,78.24829600778968,0.0,81.00907258064517,0.0,279,167,546,0.625560538116592,446,0.5797511235476138,30,99177,44,134939,249,203705,0,0,302882,222521,False,True,54.900000000000006,6,20,0,8,1,0,0,1027,0,0,3,"{""cut_target"": 44, ""harmful_exit"": 123, ""neutral_exit"": 546, ""no_active_exit"": 35, ""saved_stop"": 30, ""timeout_improved"": 249}","{""candidate_after_baseline_exit"": 8, ""candidate_after_max_hold"": 1, ""no_candidate"": 20, ""none"": 992, ""stale_data_no_action"": 6}"
3000,-5000,60000,validation,100,1026,0,974,52,69,49,908,-419989,-409.3460038986355,-202.0,-323362,-315.16764132553607,-202.0,96627,94.17836257309942,0.0,99.20636550308008,0.0,234,119,621,0.6628895184135978,353,0.6120571191710448,33,110682,36,111076,201,148151,0,0,258833,162206,False,True,53.1,1,24,0,23,4,0,0,1026,0,0,3,"{""cut_target"": 36, ""harmful_exit"": 83, ""neutral_exit"": 621, ""no_active_exit"": 52, ""saved_stop"": 33, ""timeout_improved"": 201}","{""candidate_after_baseline_exit"": 23, ""candidate_after_max_hold"": 4, ""no_candidate"": 24, ""none"": 974, ""stale_data_no_action"": 1}"
3000,-5000,60000,holdout,100,1026,0,967,59,66,35,925,-363667,-354.45126705653024,-202.0,-340842,-332.2046783625731,-202.0,22825,22.246588693957115,0.0,23.60392967942089,0.0,241,144,582,0.625974025974026,385,0.5766194042484173,15,47823,34,94647,226,163074,0,0,210897,188072,False,True,37.6,1,30,1,22,5,0,0,1026,0,0,3,"{""cut_target"": 34, ""harmful_exit"": 110, ""neutral_exit"": 582, ""no_active_exit"": 59, ""saved_stop"": 15, ""timeout_improved"": 226}","{""candidate_after_baseline_exit"": 22, ""candidate_after_max_hold"": 5, ""no_candidate"": 30, ""none"": 967, ""not_active_exit_eligible"": 1, ""stale_data_no_action"": 1}"
3000,-5000,120000,train,100,1027,0,992,35,91,54,882,-521661,-507.9464459591042,-203.0,-379781,-369.7964946445959,-202.0,141880,138.1499513145083,0.0,143.0241935483871,0.0,355,161,476,0.687984496124031,516,0.6467429917115233,44,159590,72,217583,311,272616,0,0,432206,290326,False,True,75.1,6,20,0,9,0,0,0,1027,0,0,4,"{""cut_target"": 72, ""harmful_exit"": 89, ""neutral_exit"": 476, ""no_active_exit"": 35, ""saved_stop"": 44, ""timeout_improved"": 311}","{""candidate_after_baseline_exit"": 9, ""no_candidate"": 20, ""none"": 992, ""stale_data_no_action"": 6}"
3000,-5000,120000,validation,100,1026,0,976,50,87,62,877,-455175,-443.640350877193,-202.0,-325133,-316.8937621832359,-202.0,130042,126.74658869395712,0.0,133.23975409836066,0.0,324,117,535,0.7346938775510204,441,0.6915898932267096,46,162150,54,167200,278,185026,0,0,347176,217134,False,True,73.8,1,24,0,25,0,0,0,1026,0,0,2,"{""cut_target"": 54, ""harmful_exit"": 63, ""neutral_exit"": 535, ""no_active_exit"": 50, ""saved_stop"": 46, ""timeout_improved"": 278}","{""candidate_after_baseline_exit"": 25, ""no_candidate"": 24, ""none"": 976, ""stale_data_no_action"": 1}"
3000,-5000,120000,holdout,100,1026,0,968,58,96,43,887,-410224,-399.82846003898635,-202.0,-330379,-322.0068226120858,-202.0,79845,77.82163742690058,0.0,82.48450413223141,0.0,340,133,495,0.718816067653277,473,0.6766627736838526,23,83684,60,170123,317,231293,0,0,314977,235132,False,False,54.7,1,30,1,25,1,0,0,1026,0,0,3,"{""cut_target"": 60, ""harmful_exit"": 73, ""neutral_exit"": 495, ""no_active_exit"": 58, ""saved_stop"": 23, ""timeout_improved"": 317}","{""candidate_after_baseline_exit"": 25, ""candidate_after_max_hold"": 1, ""no_candidate"": 30, ""none"": 968, ""not_active_exit_eligible"": 1, ""stale_data_no_action"": 1}"
3000,-6000,30000,train,100,1027,0,977,50,31,16,980,-417416,-406.4420642648491,-202.0,-385024,-374.9016553067186,-202.0,32392,31.540408958130477,0.0,33.15455475946776,0.0,212,136,629,0.6091954022988506,348,0.5570053912432535,7,31743,16,52776,205,145577,0,0,177320,144928,False,True,27.5,6,20,0,3,21,0,0,1027,0,0,3,"{""cut_target"": 16, ""harmful_exit"": 120, ""neutral_exit"": 629, ""no_active_exit"": 50, ""saved_stop"": 7, ""timeout_improved"": 205}","{""candidate_after_baseline_exit"": 3, ""candidate_after_max_hold"": 21, ""no_candidate"": 20, ""none"": 977, ""stale_data_no_action"": 6}"
3000,-6000,30000,validation,100,1026,0,960,66,43,16,967,-372700,-363.25536062378166,-202.0,-313129,-305.19395711500977,-202.0,59571,58.06140350877193,0.0,62.053125,0.0,157,89,714,0.6382113821138211,246,0.5764649788237891,6,21231,15,48001,151,131948,0,0,153179,93608,False,True,21.1,1,24,0,10,31,0,0,1026,0,0,3,"{""cut_target"": 15, ""harmful_exit"": 74, ""neutral_exit"": 714, ""no_active_exit"": 66, ""saved_stop"": 6, ""timeout_improved"": 151}","{""candidate_after_baseline_exit"": 10, ""candidate_after_max_hold"": 31, ""no_candidate"": 24, ""none"": 960, ""stale_data_no_action"": 1}"
3000,-6000,30000,holdout,100,1026,0,956,70,35,12,979,-381178,-371.51851851851853,-202.0,-350033,-341.1627680311891,-202.0,31145,30.355750487329434,0.0,32.57845188284519,0.0,177,108,671,0.6210526315789474,285,0.5634731493792559,3,2225,12,34684,174,131975,0,0,134200,103055,False,True,20.400000000000002,1,30,1,5,33,0,0,1026,0,0,2,"{""cut_target"": 12, ""harmful_exit"": 96, ""neutral_exit"": 671, ""no_active_exit"": 70, ""saved_stop"": 3, ""timeout_improved"": 174}","{""candidate_after_baseline_exit"": 5, ""candidate_after_max_hold"": 33, ""no_candidate"": 30, ""none"": 956, ""not_active_exit_eligible"": 1, ""stale_data_no_action"": 1}"
3000,-6000,60000,train,100,1027,0,993,34,63,22,942,-478658,-466.0740019474197,-202.0,-389079,-378.85004868549174,-202.0,89579,87.22395326192795,0.0,90.21047331319235,0.0,277,170,546,0.6196868008948546,447,0.5738435277969152,13,70054,44,134939,264,246547,0,0,316601,227022,False,False,39.400000000000006,6,20,0,7,1,0,0,1027,0,0,3,"{""cut_target"": 44, ""harmful_exit"": 126, ""neutral_exit"": 546, ""no_active_exit"": 34, ""saved_stop"": 13, ""timeout_improved"": 264}","{""candidate_after_baseline_exit"": 7, ""candidate_after_max_hold"": 1, ""no_candidate"": 20, ""none"": 993, ""stale_data_no_action"": 6}"
3000,-6000,60000,validation,100,1026,0,979,47,69,30,927,-454776,-443.2514619883041,-202.0,-335497,-326.99512670565304,-202.0,119279,116.25633528265107,0.0,121.83758937691522,0.0,238,120,621,0.664804469273743,358,0.6143843372853232,19,79553,36,111076,219,203456,0,0,283009,163730,False,True,40.900000000000006,1,24,0,18,4,0,0,1026,0,0,3,"{""cut_target"": 36, ""harmful_exit"": 84, ""neutral_exit"": 621, ""no_active_exit"": 47, ""saved_stop"": 19, ""timeout_improved"": 219}","{""candidate_after_baseline_exit"": 18, ""candidate_after_max_hold"": 4, ""no_candidate"": 24, ""none"": 979, ""stale_data_no_action"": 1}"
3000,-6000,60000,holdout,100,1026,0,975,51,67,22,937,-379188,-369.57894736842104,-202.0,-346620,-337.8362573099415,-202.0,32568,31.742690058479532,0.0,33.403076923076924,0.0,247,145,583,0.6301020408163265,392,0.5812635784891553,11,29278,34,94647,236,192675,0,0,221953,189385,False,True,34.6,1,30,1,14,5,0,0,1026,0,0,3,"{""cut_target"": 34, ""harmful_exit"": 111, ""neutral_exit"": 583, ""no_active_exit"": 51, ""saved_stop"": 11, ""timeout_improved"": 236}","{""candidate_after_baseline_exit"": 14, ""candidate_after_max_hold"": 5, ""no_candidate"": 30, ""none"": 975, ""not_active_exit_eligible"": 1, ""stale_data_no_action"": 1}"
3000,-6000,120000,train,100,1027,0,993,34,91,27,909,-540694,-526.4790652385589,-203.0,-389079,-378.85004868549174,-202.0,151615,147.62901655306717,0.0,152.68378650553876,0.0,353,164,476,0.6827852998065764,517,0.6414462891408612,18,91504,72,217583,335,352810,0,0,444314,292699,False,False,51.5,6,20,0,8,0,0,0,1027,0,0,4,"{""cut_target"": 72, ""harmful_exit"": 92, ""neutral_exit"": 476, ""no_active_exit"": 34, ""saved_stop"": 18, ""timeout_improved"": 335}","{""candidate_after_baseline_exit"": 8, ""no_candidate"": 20, ""none"": 993, ""stale_data_no_action"": 6}"
3000,-6000,120000,validation,100,1026,0,981,45,87,39,900,-493827,-481.312865497076,-202.0,-337268,-328.72124756335285,-202.0,156559,152.5916179337232,0.0,159.59123343527014,0.0,327,119,535,0.7331838565022422,446,0.6902716177919304,28,123056,54,167200,299,258073,0,0,381129,224570,False,True,57.900000000000006,1,24,0,20,0,0,0,1026,0,0,2,"{""cut_target"": 54, ""harmful_exit"": 65, ""neutral_exit"": 535, ""no_active_exit"": 45, ""saved_stop"": 28, ""timeout_improved"": 299}","{""candidate_after_baseline_exit"": 20, ""no_candidate"": 24, ""none"": 981, ""stale_data_no_action"": 1}"
3000,-6000,120000,holdout,100,1026,0,976,50,97,30,899,-426458,-415.65107212475635,-202.0,-336157,-327.63840155945417,-202.0,90301,88.01267056530214,0.0,92.52151639344262,0.0,344,136,496,0.7166666666666667,480,0.6747579040536207,19,67271,60,170123,325,261900,0,0,329171,238870,False,False,51.5,1,30,1,17,1,0,0,1026,0,0,3,"{""cut_target"": 60, ""harmful_exit"": 76, ""neutral_exit"": 496, ""no_active_exit"": 50, ""saved_stop"": 19, ""timeout_improved"": 325}","{""candidate_after_baseline_exit"": 17, ""candidate_after_max_hold"": 1, ""no_candidate"": 30, ""none"": 976, ""not_active_exit_eligible"": 1, ""stale_data_no_action"": 1}"
5000,-200,30000,train,100,1027,0,788,239,12,312,703,-75243,-73.26484907497566,-202.0,-110806,-107.89289191820838,-202.0,-35563,-34.62804284323272,0.0,-45.130710659898476,0.0,139,77,572,0.6435185185185185,216,0.5776481475051477,92,27456,6,27689,47,7657,0,0,35113,70676,False,True,96.7,6,20,0,192,21,0,0,1027,0,0,2,"{""cut_target"": 6, ""harmful_exit"": 71, ""neutral_exit"": 572, ""no_active_exit"": 239, ""saved_stop"": 92, ""timeout_improved"": 47}","{""candidate_after_baseline_exit"": 192, ""candidate_after_max_hold"": 21, ""no_candidate"": 20, ""none"": 788, ""stale_data_no_action"": 6}"
5000,-200,30000,validation,100,1026,0,815,211,11,257,758,-84247,-82.11208576998051,-202.0,-95631,-93.20760233918129,-202.0,-11384,-11.095516569200779,0.0,-13.968098159509202,0.0,102,51,662,0.6666666666666666,153,0.5886963442897987,70,18151,3,8934,32,7912,0,0,26063,37447,False,True,73.2,1,24,0,155,31,0,0,1026,0,0,2,"{""cut_target"": 3, ""harmful_exit"": 48, ""neutral_exit"": 662, ""no_active_exit"": 211, ""saved_stop"": 70, ""timeout_improved"": 32}","{""candidate_after_baseline_exit"": 155, ""candidate_after_max_hold"": 31, ""no_candidate"": 24, ""none"": 815, ""stale_data_no_action"": 1}"
5000,-200,30000,holdout,100,1026,0,793,233,10,272,744,-75299,-73.39083820662768,-202.0,-108919,-106.1588693957115,-202.0,-33620,-32.76803118908382,0.0,-42.39596469104666,0.0,113,60,620,0.653179190751445,173,0.5796233318898995,67,17245,4,11534,46,3810,0,0,21055,54675,False,True,71.6,1,30,1,168,33,0,0,1026,0,0,2,"{""cut_target"": 4, ""harmful_exit"": 56, ""neutral_exit"": 620, ""no_active_exit"": 233, ""saved_stop"": 67, ""timeout_improved"": 46}","{""candidate_after_baseline_exit"": 168, ""candidate_after_max_hold"": 33, ""no_candidate"": 30, ""none"": 793, ""not_active_exit_eligible"": 1, ""stale_data_no_action"": 1}"
5000,-200,60000,train,100,1027,0,792,235,24,366,637,-41897,-40.79552093476144,-208.0,-112882,-109.9143135345667,-202.0,-70985,-69.11879259980526,0.0,-89.62752525252525,0.0,197,95,500,0.6746575342465754,292,0.6189550815027008,145,45484,16,65626,52,6230,0,0,51714,122699,False,True,150.2,6,20,0,208,1,0,0,1027,0,0,2,"{""cut_target"": 16, ""harmful_exit"": 79, ""neutral_exit"": 500, ""no_active_exit"": 235, ""saved_stop"": 145, ""timeout_improved"": 52}","{""candidate_after_baseline_exit"": 208, ""candidate_after_max_hold"": 1, ""no_candidate"": 20, ""none"": 792, ""stale_data_no_action"": 6}"
5000,-200,60000,validation,100,1026,0,824,202,21,298,707,-50850,-49.56140350877193,-202.0,-104557,-101.9074074074074,-202.0,-53707,-52.34600389863548,0.0,-65.17839805825243,0.0,162,78,584,0.675,240,0.6133905629314187,107,32049,12,42316,55,5308,0,0,37357,91064,False,True,112.5,1,24,0,173,4,0,0,1026,0,0,2,"{""cut_target"": 12, ""harmful_exit"": 66, ""neutral_exit"": 584, ""no_active_exit"": 202, ""saved_stop"": 107, ""timeout_improved"": 55}","{""candidate_after_baseline_exit"": 173, ""candidate_after_max_hold"": 4, ""no_candidate"": 24, ""none"": 824, ""stale_data_no_action"": 1}"
5000,-200,60000,holdout,100,1026,0,802,224,19,321,686,-45295,-44.14717348927875,-202.0,-96471,-94.02631578947368,-202.0,-51176,-49.87914230019493,0.0,-63.81047381546135,0.0,183,77,542,0.7038461538461539,260,0.6457081478042654,113,28548,6,17994,70,6009,0,0,34557,85733,False,True,120.0,1,30,1,187,5,0,0,1026,0,0,2,"{""cut_target"": 6, ""harmful_exit"": 71, ""neutral_exit"": 542, ""no_active_exit"": 224, ""saved_stop"": 113, ""timeout_improved"": 70}","{""candidate_after_baseline_exit"": 187, ""candidate_after_max_hold"": 5, ""no_candidate"": 30, ""none"": 802, ""not_active_exit_eligible"": 1, ""stale_data_no_action"": 1}"
5000,-200,120000,train,100,1027,0,792,235,31,427,569,-25381,-24.713729308666018,-212.0,-112882,-109.9143135345667,-202.0,-87501,-85.20058422590068,0.0,-110.48106060606061,0.0,266,89,437,0.7492957746478873,355,0.7017036892156037,206,61135,23,95882,60,2590,0,0,63725,151226,False,True,212.0,6,20,0,209,0,0,0,1027,0,0,3,"{""cut_target"": 23, ""harmful_exit"": 66, ""neutral_exit"": 437, ""no_active_exit"": 235, ""saved_stop"": 206, ""timeout_improved"": 60}","{""candidate_after_baseline_exit"": 209, ""no_candidate"": 20, ""none"": 792, ""stale_data_no_action"": 6}"
5000,-200,120000,validation,100,1026,0,824,202,29,376,621,-33376,-32.53021442495127,-202.0,-103029,-100.41812865497076,-202.0,-69653,-67.88791423001949,0.0,-84.53033980582525,0.0,245,71,508,0.7753164556962026,316,0.7261493775022161,185,45443,19,72929,60,3872,0,0,49315,118968,False,True,191.0,1,24,0,177,0,0,0,1026,0,0,2,"{""cut_target"": 19, ""harmful_exit"": 52, ""neutral_exit"": 508, ""no_active_exit"": 202, ""saved_stop"": 185, ""timeout_improved"": 60}","{""candidate_after_baseline_exit"": 177, ""no_candidate"": 24, ""none"": 824, ""stale_data_no_action"": 1}"
5000,-200,120000,holdout,100,1026,0,803,223,34,398,594,-13425,-13.084795321637428,-207.0,-98711,-96.20955165692008,-202.0,-85286,-83.12475633528265,0.0,-106.20921544209216,0.0,269,70,464,0.7935103244837758,339,0.7472479464159868,189,41746,21,80641,80,3781,0,0,45527,130813,False,True,197.0,1,30,1,190,1,0,0,1026,0,0,3,"{""cut_target"": 21, ""harmful_exit"": 49, ""neutral_exit"": 464, ""no_active_exit"": 223, ""saved_stop"": 189, ""timeout_improved"": 80}","{""candidate_after_baseline_exit"": 190, ""candidate_after_max_hold"": 1, ""no_candidate"": 30, ""none"": 803, ""not_active_exit_eligible"": 1, ""stale_data_no_action"": 1}"
5000,-300,30000,train,100,1027,0,813,214,12,275,740,-102445,-99.75170399221032,-202.0,-129869,-126.45472249269717,-202.0,-27424,-26.703018500486856,0.0,-33.731857318573184,0.0,151,80,582,0.6536796536796536,231,0.5902608834604485,80,32432,6,27689,71,11840,0,0,44272,71696,False,True,87.1,6,20,0,167,21,0,0,1027,0,0,2,"{""cut_target"": 6, ""harmful_exit"": 74, ""neutral_exit"": 582, ""no_active_exit"": 214, ""saved_stop"": 80, ""timeout_improved"": 71}","{""candidate_after_baseline_exit"": 167, ""candidate_after_max_hold"": 21, ""no_candidate"": 20, ""none"": 813, ""stale_data_no_action"": 6}"
5000,-300,30000,validation,100,1026,0,830,196,12,230,784,-94990,-92.58284600389864,-202.0,-111631,-108.80214424951266,-202.0,-16641,-16.219298245614034,0.0,-20.049397590361444,0.0,107,55,668,0.6604938271604939,162,0.584609552010207,59,21060,4,14132,48,11238,0,0,32298,48939,False,True,63.8,1,24,0,140,31,0,0,1026,0,0,2,"{""cut_target"": 4, ""harmful_exit"": 51, ""neutral_exit"": 668, ""no_active_exit"": 196, ""saved_stop"": 59, ""timeout_improved"": 48}","{""candidate_after_baseline_exit"": 140, ""candidate_after_max_hold"": 31, ""no_candidate"": 24, ""none"": 830, ""stale_data_no_action"": 1}"
5000,-300,30000,holdout,100,1026,0,812,214,11,241,774,-87898,-85.67056530214425,-202.0,-127916,-124.67446393762184,-202.0,-40018,-39.00389863547758,0.0,-49.283251231527096,0.0,119,66,627,0.6432432432432432,185,0.5719432697099277,55,20246,5,16236,64,6630,0,0,26876,66894,False,True,61.4,1,30,1,149,33,0,0,1026,0,0,2,"{""cut_target"": 5, ""harmful_exit"": 61, ""neutral_exit"": 627, ""no_active_exit"": 214, ""saved_stop"": 55, ""timeout_improved"": 64}","{""candidate_after_baseline_exit"": 149, ""candidate_after_max_hold"": 33, ""no_candidate"": 30, ""none"": 812, ""not_active_exit_eligible"": 1, ""stale_data_no_action"": 1}"
5000,-300,60000,train,100,1027,0,817,210,24,323,680,-73494,-71.56183057448881,-205.0,-132045,-128.57351509250245,-202.0,-58551,-57.01168451801363,0.0,-71.66585067319461,0.0,209,101,507,0.6741935483870968,310,0.6201656318128362,127,55251,16,65626,82,10702,0,0,65953,124504,False,True,135.2,6,20,0,183,1,0,0,1027,0,0,2,"{""cut_target"": 16, ""harmful_exit"": 85, ""neutral_exit"": 507, ""no_active_exit"": 210, ""saved_stop"": 127, ""timeout_improved"": 82}","{""candidate_after_baseline_exit"": 183, ""candidate_after_max_hold"": 1, ""no_candidate"": 20, ""none"": 817, ""stale_data_no_action"": 6}"
5000,-300,60000,validation,100,1026,0,840,186,23,271,732,-60226,-58.69980506822612,-202.0,-121554,-118.47368421052632,-202.0,-61328,-59.773879142300196,0.0,-73.00952380952381,0.0,168,83,589,0.6693227091633466,251,0.6089532125619884,96,38942,14,52813,72,8449,0,0,47391,108719,False,True,103.2,1,24,0,157,4,0,0,1026,0,0,2,"{""cut_target"": 14, ""harmful_exit"": 69, ""neutral_exit"": 589, ""no_active_exit"": 186, ""saved_stop"": 96, ""timeout_improved"": 72}","{""candidate_after_baseline_exit"": 157, ""candidate_after_max_hold"": 4, ""no_candidate"": 24, ""none"": 840, ""stale_data_no_action"": 1}"
5000,-300,60000,holdout,100,1026,0,821,205,21,288,717,-45610,-44.4541910331384,-202.0,-115768,-112.83430799220272,-202.0,-70158,-68.38011695906432,0.0,-85.4543239951279,0.0,185,87,549,0.6801470588235294,272,0.6225390379408933,99,35578,8,27937,86,8114,0,0,43692,113850,False,True,107.6,1,30,1,168,5,0,0,1026,0,0,3,"{""cut_target"": 8, ""harmful_exit"": 79, ""neutral_exit"": 549, ""no_active_exit"": 205, ""saved_stop"": 99, ""timeout_improved"": 86}","{""candidate_after_baseline_exit"": 168, ""candidate_after_max_hold"": 5, ""no_candidate"": 30, ""none"": 821, ""not_active_exit_eligible"": 1, ""stale_data_no_action"": 1}"
5000,-300,120000,train,100,1027,0,817,210,32,369,626,-54023,-52.602726387536514,-212.0,-132045,-128.57351509250245,-202.0,-78022,-75.97078870496593,0.0,-95.49816401468789,0.0,279,96,442,0.744,375,0.6975095924941438,173,74307,24,101134,106,9095,0,0,83402,161424,False,True,183.6,6,20,0,184,0,0,0,1027,0,0,3,"{""cut_target"": 24, ""harmful_exit"": 72, ""neutral_exit"": 442, ""no_active_exit"": 210, ""saved_stop"": 173, ""timeout_improved"": 106}","{""candidate_after_baseline_exit"": 184, ""no_candidate"": 20, ""none"": 817, ""stale_data_no_action"": 6}"
5000,-300,120000,validation,100,1026,0,840,186,32,329,665,-50268,-48.994152046783626,-202.0,-120026,-116.98440545808967,-202.0,-69758,-67.99025341130604,0.0,-83.04523809523809,0.0,253,75,512,0.7713414634146342,328,0.7229057423672327,154,57005,22,88634,99,10141,0,0,67146,136904,False,True,163.9,1,24,0,161,0,0,0,1026,0,0,2,"{""cut_target"": 22, ""harmful_exit"": 53, ""neutral_exit"": 512, ""no_active_exit"": 186, ""saved_stop"": 154, ""timeout_improved"": 99}","{""candidate_after_baseline_exit"": 161, ""no_candidate"": 24, ""none"": 840, ""stale_data_no_action"": 1}"
5000,-300,120000,holdout,100,1026,0,822,204,36,354,636,-32117,-31.303118908382068,-205.0,-118108,-115.1150097465887,-202.0,-85991,-83.81189083820662,0.0,-104.61192214111922,0.0,276,76,470,0.7840909090909091,352,0.738163927079096,164,54235,23,90584,112,8289,0,0,62524,148515,False,True,175.2,1,30,1,171,1,0,0,1026,0,0,3,"{""cut_target"": 23, ""harmful_exit"": 53, ""neutral_exit"": 470, ""no_active_exit"": 204, ""saved_stop"": 164, ""timeout_improved"": 112}","{""candidate_after_baseline_exit"": 171, ""candidate_after_max_hold"": 1, ""no_candidate"": 30, ""none"": 822, ""not_active_exit_eligible"": 1, ""stale_data_no_action"": 1}"
5000,-500,30000,train,100,1027,0,840,187,13,238,776,-143740,-139.96105160662123,-202.0,-159231,-155.0447906523856,-202.0,-15491,-15.083739045764363,0.0,-18.441666666666666,0.0,165,83,592,0.6653225806451613,248,0.6044670720065842,72,38400,6,27689,93,20046,0,0,58446,73937,False,True,81.3,6,20,0,140,21,0,0,1027,0,0,2,"{""cut_target"": 6, ""harmful_exit"": 77, ""neutral_exit"": 592, ""no_active_exit"": 187, ""saved_stop"": 72, ""timeout_improved"": 93}","{""candidate_after_baseline_exit"": 140, ""candidate_after_max_hold"": 21, ""no_candidate"": 20, ""none"": 840, ""stale_data_no_action"": 6}"
5000,-500,30000,validation,100,1026,0,854,172,13,195,818,-121956,-118.86549707602339,-202.0,-131981,-128.6364522417154,-202.0,-10025,-9.770955165692008,0.0,-11.73887587822014,0.0,113,60,681,0.653179190751445,173,0.5796233318898995,50,26913,4,14132,63,15801,0,0,42714,52739,False,True,56.3,1,24,0,116,31,0,0,1026,0,0,3,"{""cut_target"": 4, ""harmful_exit"": 56, ""neutral_exit"": 681, ""no_active_exit"": 172, ""saved_stop"": 50, ""timeout_improved"": 63}","{""candidate_after_baseline_exit"": 116, ""candidate_after_max_hold"": 31, ""no_candidate"": 24, ""none"": 854, ""stale_data_no_action"": 1}"
5000,-500,30000,holdout,100,1026,0,837,189,11,213,802,-120256,-117.20857699805069,-202.0,-153997,-150.09454191033137,-202.0,-33741,-32.8859649122807,0.0,-40.31182795698925,0.0,132,73,632,0.6439024390243903,205,0.5762582703731653,56,28386,5,16236,76,9342,0,0,37728,71469,False,True,63.6,1,30,1,124,33,0,0,1026,0,0,2,"{""cut_target"": 5, ""harmful_exit"": 68, ""neutral_exit"": 632, ""no_active_exit"": 189, ""saved_stop"": 56, ""timeout_improved"": 76}","{""candidate_after_baseline_exit"": 124, ""candidate_after_max_hold"": 33, ""no_candidate"": 30, ""none"": 837, ""not_active_exit_eligible"": 1, ""stale_data_no_action"": 1}"
5000,-500,60000,train,100,1027,0,845,182,25,282,720,-115060,-112.0350535540409,-203.0,-161631,-157.38169425511197,-202.0,-46571,-45.34664070107108,0.0,-55.113609467455625,0.0,223,108,514,0.6737160120845922,331,0.6214649078568912,115,66308,16,65626,108,19853,0,0,86161,132732,False,True,125.8,6,20,0,155,1,0,0,1027,0,0,2,"{""cut_target"": 16, ""harmful_exit"": 92, ""neutral_exit"": 514, ""no_active_exit"": 182, ""saved_stop"": 115, ""timeout_improved"": 108}","{""candidate_after_baseline_exit"": 155, ""candidate_after_max_hold"": 1, ""no_candidate"": 20, ""none"": 845, ""stale_data_no_action"": 6}"
5000,-500,60000,validation,100,1026,0,864,162,25,232,769,-93709,-91.33430799220272,-202.0,-145904,-142.2066276803119,-202.0,-52195,-50.872319688109165,0.0,-60.410879629629626,0.0,180,87,597,0.6741573033707865,267,0.6158144160146659,82,49722,15,57830,98,16542,0,0,66264,118459,False,True,91.8,1,24,0,133,4,0,0,1026,0,0,2,"{""cut_target"": 15, ""harmful_exit"": 72, ""neutral_exit"": 597, ""no_active_exit"": 162, ""saved_stop"": 82, ""timeout_improved"": 98}","{""candidate_after_baseline_exit"": 133, ""candidate_after_max_hold"": 4, ""no_candidate"": 24, ""none"": 864, ""stale_data_no_action"": 1}"
5000,-500,60000,holdout,100,1026,0,848,178,23,253,750,-72096,-70.26900584795321,-202.0,-140144,-136.59259259259258,-202.0,-68048,-66.32358674463937,0.0,-80.24528301886792,0.0,200,96,552,0.6756756756756757,296,0.6203912012210818,94,50393,9,31400,106,12682,0,0,63075,131123,False,True,104.6,1,30,1,141,5,0,0,1026,0,0,3,"{""cut_target"": 9, ""harmful_exit"": 87, ""neutral_exit"": 552, ""no_active_exit"": 178, ""saved_stop"": 94, ""timeout_improved"": 106}","{""candidate_after_baseline_exit"": 141, ""candidate_after_max_hold"": 5, ""no_candidate"": 30, ""none"": 848, ""not_active_exit_eligible"": 1, ""stale_data_no_action"": 1}"
5000,-500,120000,train,100,1027,0,845,182,34,323,670,-98674,-96.07984420642649,-210.0,-161631,-157.38169425511197,-202.0,-62957,-61.301850048685495,0.0,-74.50532544378699,0.0,291,105,449,0.7348484848484849,396,0.689267058870211,156,92284,25,105182,135,20506,0,0,112790,175747,False,True,169.5,6,20,0,156,0,0,0,1027,0,0,3,"{""cut_target"": 25, ""harmful_exit"": 80, ""neutral_exit"": 449, ""no_active_exit"": 182, ""saved_stop"": 156, ""timeout_improved"": 135}","{""candidate_after_baseline_exit"": 156, ""no_candidate"": 20, ""none"": 845, ""stale_data_no_action"": 6}"
5000,-500,120000,validation,100,1026,0,864,162,35,286,705,-90575,-88.27972709551656,-202.0,-144376,-140.71734892787524,-202.0,-53801,-52.43762183235867,0.0,-62.269675925925924,0.0,267,81,516,0.7672413793103449,348,0.7200709190238384,136,77206,24,98972,131,19231,0,0,96437,150238,False,True,149.1,1,24,0,137,0,0,0,1026,0,0,2,"{""cut_target"": 24, ""harmful_exit"": 57, ""neutral_exit"": 516, ""no_active_exit"": 162, ""saved_stop"": 136, ""timeout_improved"": 131}","{""candidate_after_baseline_exit"": 137, ""no_candidate"": 24, ""none"": 864, ""stale_data_no_action"": 1}"
5000,-500,120000,holdout,100,1026,0,849,177,39,313,674,-68574,-66.83625730994152,-204.0,-143164,-139.53606237816763,-202.0,-74590,-72.69980506822613,0.0,-87.85630153121319,0.0,294,84,471,0.7777777777777778,378,0.7331904683033182,152,78540,25,99374,142,15604,0,0,94144,168734,False,True,166.2,1,30,1,144,1,0,0,1026,0,0,3,"{""cut_target"": 25, ""harmful_exit"": 59, ""neutral_exit"": 471, ""no_active_exit"": 177, ""saved_stop"": 152, ""timeout_improved"": 142}","{""candidate_after_baseline_exit"": 144, ""candidate_after_max_hold"": 1, ""no_candidate"": 30, ""none"": 849, ""not_active_exit_eligible"": 1, ""stale_data_no_action"": 1}"
5000,-700,30000,train,100,1027,0,857,170,14,207,806,-174323,-169.74001947419669,-202.0,-186050,-181.1587147030185,-202.0,-11727,-11.41869522882181,0.0,-13.683780630105018,0.0,168,88,601,0.65625,256,0.596144121990143,59,45988,7,32853,109,26004,0,0,71992,83719,False,True,69.9,6,20,0,123,21,0,0,1027,0,0,2,"{""cut_target"": 7, ""harmful_exit"": 81, ""neutral_exit"": 601, ""no_active_exit"": 170, ""saved_stop"": 59, ""timeout_improved"": 109}","{""candidate_after_baseline_exit"": 123, ""candidate_after_max_hold"": 21, ""no_candidate"": 20, ""none"": 857, ""stale_data_no_action"": 6}"
5000,-700,30000,validation,100,1026,0,874,152,13,165,848,-154149,-150.24269005847952,-202.0,-159458,-155.41715399610138,-202.0,-5309,-5.174463937621832,0.0,-6.074370709382151,0.0,117,63,694,0.65,180,0.5778472012021525,41,27063,4,14132,76,23742,0,0,50805,56114,False,True,48.6,1,24,0,96,31,0,0,1026,0,0,3,"{""cut_target"": 4, ""harmful_exit"": 59, ""neutral_exit"": 694, ""no_active_exit"": 152, ""saved_stop"": 41, ""timeout_improved"": 76}","{""candidate_after_baseline_exit"": 96, ""candidate_after_max_hold"": 31, ""no_candidate"": 24, ""none"": 874, ""stale_data_no_action"": 1}"
5000,-700,30000,holdout,100,1026,0,862,164,12,170,844,-139778,-136.23586744639377,-202.0,-177300,-172.80701754385964,-202.0,-37522,-36.57115009746589,0.0,-43.52900232018561,0.0,132,81,649,0.6197183098591549,213,0.552948613836829,40,28450,5,16236,92,17390,0,0,45840,83362,False,True,49.2,1,30,1,99,33,0,0,1026,0,0,2,"{""cut_target"": 5, ""harmful_exit"": 76, ""neutral_exit"": 649, ""no_active_exit"": 164, ""saved_stop"": 40, ""timeout_improved"": 92}","{""candidate_after_baseline_exit"": 99, ""candidate_after_max_hold"": 33, ""no_candidate"": 30, ""none"": 862, ""not_active_exit_eligible"": 1, ""stale_data_no_action"": 1}"
5000,-700,60000,train,100,1027,0,863,164,27,246,754,-153106,-149.08081791626094,-202.0,-189012,-184.04284323271665,-202.0,-35906,-34.962025316455694,0.0,-41.606025492468135,0.0,228,113,522,0.6686217008797654,341,0.6170267604138426,97,81112,18,76445,131,28558,0,0,109670,145576,False,True,110.1,6,20,0,137,1,0,0,1027,0,0,2,"{""cut_target"": 18, ""harmful_exit"": 95, ""neutral_exit"": 522, ""no_active_exit"": 164, ""saved_stop"": 97, ""timeout_improved"": 131}","{""candidate_after_baseline_exit"": 137, ""candidate_after_max_hold"": 1, ""no_candidate"": 20, ""none"": 863, ""stale_data_no_action"": 6}"
5000,-700,60000,validation,100,1026,0,885,141,25,198,803,-129928,-126.63547758284601,-202.0,-172605,-168.23099415204678,-202.0,-42677,-41.59551656920078,0.0,-48.222598870056494,0.0,183,92,610,0.6654545454545454,275,0.6077478608239544,69,54228,15,57830,114,25393,0,0,79621,122298,False,True,80.4,1,24,0,112,4,0,0,1026,0,0,2,"{""cut_target"": 15, ""harmful_exit"": 77, ""neutral_exit"": 610, ""no_active_exit"": 141, ""saved_stop"": 69, ""timeout_improved"": 114}","{""candidate_after_baseline_exit"": 112, ""candidate_after_max_hold"": 4, ""no_candidate"": 24, ""none"": 885, ""stale_data_no_action"": 1}"
5000,-700,60000,holdout,100,1026,0,874,152,26,208,792,-85703,-83.53118908382066,-202.0,-163768,-159.61793372319687,-202.0,-78065,-76.08674463937622,0.0,-89.31922196796339,0.0,201,105,568,0.6568627450980392,306,0.6020194470487437,76,55288,11,41759,125,23727,0,0,79015,157080,False,True,88.5,1,30,1,115,5,0,0,1026,0,0,3,"{""cut_target"": 11, ""harmful_exit"": 94, ""neutral_exit"": 568, ""no_active_exit"": 152, ""saved_stop"": 76, ""timeout_improved"": 125}","{""candidate_after_baseline_exit"": 115, ""candidate_after_max_hold"": 5, ""no_candidate"": 30, ""none"": 874, ""not_active_exit_eligible"": 1, ""stale_data_no_action"": 1}"
5000,-700,120000,train,100,1027,0,863,164,36,278,713,-142723,-138.9707887049659,-210.0,-189012,-184.04284323271665,-202.0,-46289,-45.07205452775073,0.0,-53.63731170336037,0.0,298,109,456,0.7321867321867321,407,0.687141594433204,129,107092,27,116001,169,34725,0,0,141817,188106,False,True,145.9,6,20,0,138,0,0,0,1027,0,0,3,"{""cut_target"": 27, ""harmful_exit"": 82, ""neutral_exit"": 456, ""no_active_exit"": 164, ""saved_stop"": 129, ""timeout_improved"": 169}","{""candidate_after_baseline_exit"": 138, ""no_candidate"": 20, ""none"": 863, ""stale_data_no_action"": 6}"
5000,-700,120000,validation,100,1026,0,885,141,35,224,767,-128235,-124.98538011695906,-202.0,-171077,-166.74171539961014,-202.0,-42842,-41.75633528265107,0.0,-48.4090395480226,0.0,273,85,527,0.7625698324022346,358,0.7158511152983068,95,78368,24,98972,178,38609,0,0,116977,159819,False,True,112.8,1,24,0,116,0,0,0,1026,0,0,2,"{""cut_target"": 24, ""harmful_exit"": 61, ""neutral_exit"": 527, ""no_active_exit"": 141, ""saved_stop"": 95, ""timeout_improved"": 178}","{""candidate_after_baseline_exit"": 116, ""no_candidate"": 24, ""none"": 885, ""stale_data_no_action"": 1}"
5000,-700,120000,holdout,100,1026,0,875,151,45,241,740,-84265,-82.12962962962963,-203.0,-167188,-162.9512670565302,-202.0,-82923,-80.82163742690058,0.0,-94.76914285714285,0.0,298,94,483,0.7602040816326531,392,0.7155427838930067,107,77240,30,125952,191,39370,0,0,116610,199533,False,True,126.1,1,30,1,118,1,0,0,1026,0,0,3,"{""cut_target"": 30, ""harmful_exit"": 64, ""neutral_exit"": 483, ""no_active_exit"": 151, ""saved_stop"": 107, ""timeout_improved"": 191}","{""candidate_after_baseline_exit"": 118, ""candidate_after_max_hold"": 1, ""no_candidate"": 30, ""none"": 875, ""not_active_exit_eligible"": 1, ""stale_data_no_action"": 1}"
5000,-1000,30000,train,100,1027,0,876,151,14,174,839,-207828,-202.36416747809153,-202.0,-219687,-213.91139240506328,-202.0,-11859,-11.547224926971763,0.0,-13.537671232876713,0.0,171,98,607,0.6356877323420075,269,0.5766433217199155,48,49059,7,32853,123,36198,0,0,85257,97116,False,True,60.3,6,20,0,104,21,0,0,1027,0,0,2,"{""cut_target"": 7, ""harmful_exit"": 91, ""neutral_exit"": 607, ""no_active_exit"": 151, ""saved_stop"": 48, ""timeout_improved"": 123}","{""candidate_after_baseline_exit"": 104, ""candidate_after_max_hold"": 21, ""no_candidate"": 20, ""none"": 876, ""stale_data_no_action"": 6}"
5000,-1000,30000,validation,100,1026,0,890,136,15,141,870,-177026,-172.5399610136452,-202.0,-183434,-178.78557504873294,-202.0,-6408,-6.245614035087719,0.0,-7.2,0.0,121,69,700,0.6368421052631579,190,0.5663759836337776,35,30682,5,18974,86,28666,0,0,59348,65756,False,True,43.6,1,24,0,80,31,0,0,1026,0,0,3,"{""cut_target"": 5, ""harmful_exit"": 64, ""neutral_exit"": 700, ""no_active_exit"": 136, ""saved_stop"": 35, ""timeout_improved"": 86}","{""candidate_after_baseline_exit"": 80, ""candidate_after_max_hold"": 31, ""no_candidate"": 24, ""none"": 890, ""stale_data_no_action"": 1}"
5000,-1000,30000,holdout,100,1026,0,877,149,12,147,867,-177736,-173.2319688109162,-202.0,-208765,-203.4746588693957,-202.0,-31029,-30.242690058479532,0.0,-35.38084378563284,0.0,139,84,654,0.6233183856502242,223,0.5581390888145508,34,30954,5,16236,105,23704,0,0,54658,85687,False,True,44.5,1,30,1,84,33,0,0,1026,0,0,2,"{""cut_target"": 5, ""harmful_exit"": 79, ""neutral_exit"": 654, ""no_active_exit"": 149, ""saved_stop"": 34, ""timeout_improved"": 105}","{""candidate_after_baseline_exit"": 84, ""candidate_after_max_hold"": 33, ""no_candidate"": 30, ""none"": 877, ""not_active_exit_eligible"": 1, ""stale_data_no_action"": 1}"
5000,-1000,60000,train,100,1027,0,884,143,29,216,782,-192128,-187.07692307692307,-202.0,-217431,-211.7147030185005,-202.0,-25303,-24.63777994157741,0.0,-28.623303167420815,0.0,235,122,527,0.6582633053221288,357,0.6076126718755077,89,97379,19,81900,146,36827,0,0,134206,159509,False,True,103.6,6,20,0,116,1,0,0,1027,0,0,2,"{""cut_target"": 19, ""harmful_exit"": 103, ""neutral_exit"": 527, ""no_active_exit"": 143, ""saved_stop"": 89, ""timeout_improved"": 146}","{""candidate_after_baseline_exit"": 116, ""candidate_after_max_hold"": 1, ""no_candidate"": 20, ""none"": 884, ""stale_data_no_action"": 6}"
5000,-1000,60000,validation,100,1026,0,902,124,29,172,825,-152196,-148.33918128654972,-202.0,-198570,-193.53801169590642,-202.0,-46374,-45.198830409356724,0.0,-51.41241685144124,0.0,189,99,614,0.65625,288,0.5996627773330764,61,60695,18,71935,128,35584,0,0,96279,142653,False,True,73.8,1,24,0,95,4,0,0,1026,0,0,2,"{""cut_target"": 18, ""harmful_exit"": 81, ""neutral_exit"": 614, ""no_active_exit"": 124, ""saved_stop"": 61, ""timeout_improved"": 128}","{""candidate_after_baseline_exit"": 95, ""candidate_after_max_hold"": 4, ""no_candidate"": 24, ""none"": 902, ""stale_data_no_action"": 1}"
5000,-1000,60000,holdout,100,1026,0,890,136,26,174,826,-119673,-116.64035087719299,-202.0,-194028,-189.11111111111111,-202.0,-74355,-72.47076023391813,0.0,-83.54494382022472,0.0,206,113,571,0.64576802507837,319,0.5918329495567033,60,55805,11,41759,146,39524,0,0,95329,169684,False,True,74.6,1,30,1,99,5,0,0,1026,0,0,3,"{""cut_target"": 11, ""harmful_exit"": 102, ""neutral_exit"": 571, ""no_active_exit"": 136, ""saved_stop"": 60, ""timeout_improved"": 146}","{""candidate_after_baseline_exit"": 99, ""candidate_after_max_hold"": 5, ""no_candidate"": 30, ""none"": 890, ""not_active_exit_eligible"": 1, ""stale_data_no_action"": 1}"
5000,-1000,120000,train,100,1027,0,884,143,39,243,745,-186747,-181.83739045764364,-210.0,-217431,-211.7147030185005,-202.0,-30684,-29.877312560856865,0.0,-34.710407239819006,0.0,306,117,461,0.723404255319149,423,0.6789106956729037,116,127286,29,125671,190,46317,0,0,173603,204287,False,True,135.0,6,20,0,117,0,0,0,1027,0,0,4,"{""cut_target"": 29, ""harmful_exit"": 88, ""neutral_exit"": 461, ""no_active_exit"": 143, ""saved_stop"": 116, ""timeout_improved"": 190}","{""candidate_after_baseline_exit"": 117, ""no_candidate"": 20, ""none"": 884, ""stale_data_no_action"": 6}"
5000,-1000,120000,validation,100,1026,0,902,124,39,197,790,-162142,-158.03313840155946,-202.0,-197042,-192.0487329434698,-202.0,-34900,-34.01559454191033,0.0,-38.69179600886918,0.0,281,91,530,0.7553763440860215,372,0.7092291451859921,86,92301,27,113077,195,49961,0,0,142262,177162,False,True,105.5,1,24,0,99,0,0,0,1026,0,0,2,"{""cut_target"": 27, ""harmful_exit"": 64, ""neutral_exit"": 530, ""no_active_exit"": 124, ""saved_stop"": 86, ""timeout_improved"": 195}","{""candidate_after_baseline_exit"": 99, ""no_candidate"": 24, ""none"": 902, ""stale_data_no_action"": 1}"
5000,-1000,120000,holdout,100,1026,0,892,134,49,205,772,-117586,-114.60623781676414,-202.0,-194501,-189.57212475633528,-202.0,-76915,-74.96588693957115,0.0,-86.22757847533633,0.0,305,102,485,0.7493857493857494,407,0.7050840418477167,89,85282,33,140328,216,56962,0,0,142244,219159,False,True,110.6,1,30,1,101,1,0,0,1026,0,0,3,"{""cut_target"": 33, ""harmful_exit"": 69, ""neutral_exit"": 485, ""no_active_exit"": 134, ""saved_stop"": 89, ""timeout_improved"": 216}","{""candidate_after_baseline_exit"": 101, ""candidate_after_max_hold"": 1, ""no_candidate"": 30, ""none"": 892, ""not_active_exit_eligible"": 1, ""stale_data_no_action"": 1}"
5000,-1500,30000,train,100,1027,0,910,117,15,129,883,-239183,-232.8948393378773,-202.0,-255755,-249.03115871470303,-202.0,-16572,-16.136319376825707,0.0,-18.21098901098901,0.0,184,112,614,0.6216216216216216,296,0.5651468872321684,42,49193,7,32853,142,56101,0,0,105294,121866,False,True,56.2,6,20,0,70,21,0,0,1027,0,0,4,"{""cut_target"": 7, ""harmful_exit"": 105, ""neutral_exit"": 614, ""no_active_exit"": 117, ""saved_stop"": 42, ""timeout_improved"": 142}","{""candidate_after_baseline_exit"": 70, ""candidate_after_max_hold"": 21, ""no_candidate"": 20, ""none"": 910, ""stale_data_no_action"": 6}"
5000,-1500,30000,validation,100,1026,0,905,121,16,113,897,-204249,-199.07309941520467,-202.0,-216411,-210.92690058479533,-202.0,-12162,-11.853801169590643,0.0,-13.438674033149171,0.0,126,78,701,0.6176470588235294,204,0.5493698847799827,27,32119,5,18974,99,37993,0,0,70112,82274,False,True,36.9,1,24,0,65,31,0,0,1026,0,0,3,"{""cut_target"": 5, ""harmful_exit"": 73, ""neutral_exit"": 701, ""no_active_exit"": 121, ""saved_stop"": 27, ""timeout_improved"": 99}","{""candidate_after_baseline_exit"": 65, ""candidate_after_max_hold"": 31, ""no_candidate"": 24, ""none"": 905, ""stale_data_no_action"": 1}"
5000,-1500,30000,holdout,100,1026,0,899,127,13,114,899,-213294,-207.88888888888889,-202.0,-237843,-231.81578947368422,-202.0,-24549,-23.926900584795323,0.0,-27.307007786429367,0.0,149,91,659,0.6208333333333333,240,0.5580028481466982,29,37244,5,16236,120,32216,0,0,69460,94009,True,True,41.0,1,30,1,62,33,0,0,1026,0,0,2,"{""cut_target"": 5, ""harmful_exit"": 86, ""neutral_exit"": 659, ""no_active_exit"": 127, ""saved_stop"": 29, ""timeout_improved"": 120}","{""candidate_after_baseline_exit"": 62, ""candidate_after_max_hold"": 33, ""no_candidate"": 30, ""none"": 899, ""not_active_exit_eligible"": 1, ""stale_data_no_action"": 1}"
5000,-1500,60000,train,100,1027,0,922,105,33,166,828,-221980,-216.14410905550147,-202.0,-255941,-249.2122687439143,-202.0,-33961,-33.068159688412855,0.0,-36.83405639913232,0.0,247,141,534,0.6365979381443299,388,0.5876166920776916,78,112226,22,99386,169,57050,0,0,169276,203237,False,True,94.9,6,20,0,78,1,0,0,1027,0,0,3,"{""cut_target"": 22, ""harmful_exit"": 119, ""neutral_exit"": 534, ""no_active_exit"": 105, ""saved_stop"": 78, ""timeout_improved"": 169}","{""candidate_after_baseline_exit"": 78, ""candidate_after_max_hold"": 1, ""no_candidate"": 20, ""none"": 922, ""stale_data_no_action"": 6}"
5000,-1500,60000,validation,100,1026,0,920,106,32,147,847,-200335,-195.25828460038986,-202.0,-235197,-229.23684210526315,-202.0,-34862,-33.978557504873294,0.0,-37.893478260869564,0.0,199,106,615,0.6524590163934426,305,0.5974208446246753,55,77222,20,84363,144,49222,0,0,126444,161306,False,True,69.4,1,24,0,77,4,0,0,1026,0,0,2,"{""cut_target"": 20, ""harmful_exit"": 86, ""neutral_exit"": 615, ""no_active_exit"": 106, ""saved_stop"": 55, ""timeout_improved"": 144}","{""candidate_after_baseline_exit"": 77, ""candidate_after_max_hold"": 4, ""no_candidate"": 24, ""none"": 920, ""stale_data_no_action"": 1}"
5000,-1500,60000,holdout,100,1026,0,917,109,30,142,854,-151827,-147.9795321637427,-202.0,-224348,-218.66276803118907,-202.0,-72521,-70.6832358674464,0.0,-79.08505997818975,0.0,217,125,575,0.6345029239766082,342,0.5822331661714807,56,70543,14,51335,161,52479,0,0,123022,195543,False,True,72.1,1,30,1,72,5,0,0,1026,0,0,3,"{""cut_target"": 14, ""harmful_exit"": 111, ""neutral_exit"": 575, ""no_active_exit"": 109, ""saved_stop"": 56, ""timeout_improved"": 161}","{""candidate_after_baseline_exit"": 72, ""candidate_after_max_hold"": 5, ""no_candidate"": 30, ""none"": 917, ""not_active_exit_eligible"": 1, ""stale_data_no_action"": 1}"
5000,-1500,120000,train,100,1027,0,922,105,43,197,787,-237298,-231.05939629990263,-209.0,-255941,-249.2122687439143,-202.0,-18643,-18.152872444011685,0.0,-20.22017353579176,0.0,327,130,465,0.7155361050328227,457,0.6725093486636299,109,155665,32,143157,218,74760,0,0,230425,249068,False,True,130.8,6,20,0,79,0,0,0,1027,0,0,4,"{""cut_target"": 32, ""harmful_exit"": 98, ""neutral_exit"": 465, ""no_active_exit"": 105, ""saved_stop"": 109, ""timeout_improved"": 218}","{""candidate_after_baseline_exit"": 79, ""no_candidate"": 20, ""none"": 922, ""stale_data_no_action"": 6}"
5000,-1500,120000,validation,100,1026,0,920,106,43,168,815,-214303,-208.87231968810917,-202.0,-233669,-227.74756335282652,-202.0,-19366,-18.87524366471735,0.0,-21.05,0.0,291,98,531,0.7480719794344473,389,0.7026488259534418,76,117756,30,130315,215,65389,0,0,183145,202511,False,True,97.5,1,24,0,81,0,0,0,1026,0,0,2,"{""cut_target"": 30, ""harmful_exit"": 68, ""neutral_exit"": 531, ""no_active_exit"": 106, ""saved_stop"": 76, ""timeout_improved"": 215}","{""candidate_after_baseline_exit"": 81, ""no_candidate"": 24, ""none"": 920, ""stale_data_no_action"": 1}"
5000,-1500,120000,holdout,100,1026,0,919,107,56,173,797,-149864,-146.0662768031189,-202.0,-225821,-220.09844054580896,-202.0,-75957,-74.03216374269006,0.0,-82.65179542981501,0.0,318,113,488,0.7378190255220418,431,0.6943259165139284,85,107679,39,166887,233,73222,0,0,180901,256858,False,True,108.3,1,30,1,74,1,0,0,1026,0,0,3,"{""cut_target"": 39, ""harmful_exit"": 74, ""neutral_exit"": 488, ""no_active_exit"": 107, ""saved_stop"": 85, ""timeout_improved"": 233}","{""candidate_after_baseline_exit"": 74, ""candidate_after_max_hold"": 1, ""no_candidate"": 30, ""none"": 919, ""not_active_exit_eligible"": 1, ""stale_data_no_action"": 1}"
5000,-2000,30000,train,100,1027,0,932,95,16,98,913,-267677,-260.63972736124634,-202.0,-283417,-275.9659201557936,-202.0,-15740,-15.326192794547225,0.0,-16.888412017167383,0.0,190,120,622,0.6129032258064516,310,0.557614740665508,34,52342,7,32853,156,67057,0,0,119399,135139,False,True,49.6,6,20,0,48,21,0,0,1027,0,0,4,"{""cut_target"": 7, ""harmful_exit"": 113, ""neutral_exit"": 622, ""no_active_exit"": 95, ""saved_stop"": 34, ""timeout_improved"": 156}","{""candidate_after_baseline_exit"": 48, ""candidate_after_max_hold"": 21, ""no_candidate"": 20, ""none"": 932, ""stale_data_no_action"": 6}"
5000,-2000,30000,validation,100,1026,0,917,109,18,96,912,-234207,-228.2719298245614,-202.0,-231241,-225.38109161793372,-202.0,2966,2.8908382066276803,0.0,3.2344601962922575,0.0,134,78,705,0.6320754716981132,212,0.5653473333251007,28,42565,5,18974,106,42675,0,0,85240,82274,True,True,38.6,1,24,0,53,31,0,0,1026,0,0,3,"{""cut_target"": 5, ""harmful_exit"": 73, ""neutral_exit"": 705, ""no_active_exit"": 109, ""saved_stop"": 28, ""timeout_improved"": 106}","{""candidate_after_baseline_exit"": 53, ""candidate_after_max_hold"": 31, ""no_candidate"": 24, ""none"": 917, ""stale_data_no_action"": 1}"
5000,-2000,30000,holdout,100,1026,0,911,115,14,101,911,-253707,-247.27777777777777,-202.0,-274377,-267.42397660818716,-202.0,-20670,-20.146198830409357,0.0,-22.68935236004391,0.0,153,97,661,0.612,250,0.5503353651783643,29,46890,6,22757,124,34637,0,0,81527,102197,False,True,41.4,1,30,1,50,33,0,0,1026,0,0,2,"{""cut_target"": 6, ""harmful_exit"": 91, ""neutral_exit"": 661, ""no_active_exit"": 115, ""saved_stop"": 29, ""timeout_improved"": 124}","{""candidate_after_baseline_exit"": 50, ""candidate_after_max_hold"": 33, ""no_candidate"": 30, ""none"": 911, ""not_active_exit_eligible"": 1, ""stale_data_no_action"": 1}"
5000,-2000,60000,train,100,1027,0,944,83,35,142,850,-254028,-247.3495618305745,-202.0,-284103,-276.63388510223956,-202.0,-30075,-29.284323271665045,0.0,-31.859110169491526,0.0,255,150,539,0.6296296296296297,405,0.5815865796445375,77,130486,23,106277,178,69850,0,0,200336,230411,False,True,94.8,6,20,0,56,1,0,0,1027,0,0,3,"{""cut_target"": 23, ""harmful_exit"": 127, ""neutral_exit"": 539, ""no_active_exit"": 83, ""saved_stop"": 77, ""timeout_improved"": 178}","{""candidate_after_baseline_exit"": 56, ""candidate_after_max_hold"": 1, ""no_candidate"": 20, ""none"": 944, ""stale_data_no_action"": 6}"
5000,-2000,60000,validation,100,1026,0,933,93,35,127,864,-231953,-226.07504873294346,-202.0,-246096,-239.859649122807,-202.0,-14143,-13.784600389863547,0.0,-15.158628081457664,0.0,207,108,618,0.6571428571428571,315,0.6031140474195881,54,88579,20,84363,153,61782,0,0,150361,164504,False,True,69.3,1,24,0,64,4,0,0,1026,0,0,2,"{""cut_target"": 20, ""harmful_exit"": 88, ""neutral_exit"": 618, ""no_active_exit"": 93, ""saved_stop"": 54, ""timeout_improved"": 153}","{""candidate_after_baseline_exit"": 64, ""candidate_after_max_hold"": 4, ""no_candidate"": 24, ""none"": 933, ""stale_data_no_action"": 1}"
5000,-2000,60000,holdout,100,1026,0,929,97,33,120,873,-190913,-186.07504873294346,-202.0,-256023,-249.53508771929825,-202.0,-65110,-63.460038986354775,0.0,-70.08611410118407,0.0,222,131,576,0.6288951841359773,353,0.5773641555678981,47,77185,16,64331,175,68583,0,0,145768,210878,False,True,64.5,1,30,1,60,5,0,0,1026,0,0,3,"{""cut_target"": 16, ""harmful_exit"": 115, ""neutral_exit"": 576, ""no_active_exit"": 97, ""saved_stop"": 47, ""timeout_improved"": 175}","{""candidate_after_baseline_exit"": 60, ""candidate_after_max_hold"": 5, ""no_candidate"": 30, ""none"": 929, ""not_active_exit_eligible"": 1, ""stale_data_no_action"": 1}"
5000,-2000,120000,train,100,1027,0,944,83,50,171,806,-273092,-265.91236611489774,-208.0,-284103,-276.63388510223956,-202.0,-11011,-10.721518987341772,0.0,-11.664194915254237,0.0,335,140,469,0.7052631578947368,475,0.6627470938502534,106,186714,38,179409,229,89963,0,0,276677,287688,False,True,128.9,6,20,0,57,0,0,0,1027,0,0,4,"{""cut_target"": 38, ""harmful_exit"": 102, ""neutral_exit"": 469, ""no_active_exit"": 83, ""saved_stop"": 106, ""timeout_improved"": 229}","{""candidate_after_baseline_exit"": 57, ""no_candidate"": 20, ""none"": 944, ""stale_data_no_action"": 6}"
5000,-2000,120000,validation,100,1026,0,936,90,48,141,837,-239319,-233.25438596491227,-202.0,-246191,-239.95224171539962,-202.0,-6872,-6.69785575048733,0.0,-7.3418803418803416,0.0,300,103,533,0.7444168734491315,403,0.6996615134827654,68,125289,32,137112,232,88847,0,0,214136,221008,False,True,91.2,1,24,0,65,0,0,0,1026,0,0,2,"{""cut_target"": 32, ""harmful_exit"": 71, ""neutral_exit"": 533, ""no_active_exit"": 90, ""saved_stop"": 68, ""timeout_improved"": 232}","{""candidate_after_baseline_exit"": 65, ""no_candidate"": 24, ""none"": 936, ""stale_data_no_action"": 1}"
5000,-2000,120000,holdout,100,1026,0,931,95,59,146,821,-194317,-189.39278752436647,-202.0,-258496,-251.94541910331384,-202.0,-64179,-62.55263157894737,0.0,-68.93555316863588,0.0,322,120,489,0.7285067873303167,442,0.685209627866233,71,124012,41,179883,251,90603,0,0,214615,278794,False,True,96.1,1,30,1,62,1,0,0,1026,0,0,3,"{""cut_target"": 41, ""harmful_exit"": 79, ""neutral_exit"": 489, ""no_active_exit"": 95, ""saved_stop"": 71, ""timeout_improved"": 251}","{""candidate_after_baseline_exit"": 62, ""candidate_after_max_hold"": 1, ""no_candidate"": 30, ""none"": 931, ""not_active_exit_eligible"": 1, ""stale_data_no_action"": 1}"
5000,-3000,30000,train,100,1027,0,957,70,16,60,951,-314799,-306.52288218111005,-202.0,-308877,-300.7565725413827,-202.0,5922,5.766309639727361,0.0,6.1880877742946705,0.0,202,128,627,0.6121212121212121,330,0.5585460720972186,27,48618,7,32853,175,96416,0,0,145034,139112,True,True,44.5,6,20,0,23,21,0,0,1027,0,0,3,"{""cut_target"": 7, ""harmful_exit"": 121, ""neutral_exit"": 627, ""no_active_exit"": 70, ""saved_stop"": 27, ""timeout_improved"": 175}","{""candidate_after_baseline_exit"": 23, ""candidate_after_max_hold"": 21, ""no_candidate"": 20, ""none"": 957, ""stale_data_no_action"": 6}"
5000,-3000,30000,validation,100,1026,0,944,82,19,70,937,-290333,-282.9756335282651,-202.0,-265544,-258.81481481481484,-202.0,24789,24.160818713450293,0.0,26.259533898305083,0.0,150,83,711,0.6437768240343348,233,0.5804117588334626,32,55535,6,26504,118,61021,0,0,116556,91767,True,True,43.8,1,24,0,26,31,0,0,1026,0,0,3,"{""cut_target"": 6, ""harmful_exit"": 77, ""neutral_exit"": 711, ""no_active_exit"": 82, ""saved_stop"": 32, ""timeout_improved"": 118}","{""candidate_after_baseline_exit"": 26, ""candidate_after_max_hold"": 31, ""no_candidate"": 24, ""none"": 944, ""stale_data_no_action"": 1}"
5000,-3000,30000,holdout,100,1026,0,934,92,17,62,947,-292575,-285.1608187134503,-202.0,-293571,-286.13157894736844,-202.0,-996,-0.9707602339181286,0.0,-1.0663811563169165,0.0,165,104,665,0.6133828996282528,269,0.5539815914160662,22,45792,6,22757,143,59016,0,0,104808,105804,True,True,36.3,1,30,1,27,33,0,0,1026,0,0,2,"{""cut_target"": 6, ""harmful_exit"": 98, ""neutral_exit"": 665, ""no_active_exit"": 92, ""saved_stop"": 22, ""timeout_improved"": 143}","{""candidate_after_baseline_exit"": 27, ""candidate_after_max_hold"": 33, ""no_candidate"": 30, ""none"": 934, ""not_active_exit_eligible"": 1, ""stale_data_no_action"": 1}"
5000,-3000,60000,train,100,1027,0,973,54,35,90,902,-320697,-312.26582278481015,-202.0,-316328,-308.0116845180136,-202.0,4369,4.254138266796494,0.0,4.490236382322713,0.0,267,163,543,0.6209302325581395,430,0.5741945047678809,54,123835,23,106277,213,124060,0,0,247895,243526,False,True,75.3,6,20,0,27,1,0,0,1027,0,0,3,"{""cut_target"": 23, ""harmful_exit"": 140, ""neutral_exit"": 543, ""no_active_exit"": 54, ""saved_stop"": 54, ""timeout_improved"": 213}","{""candidate_after_baseline_exit"": 27, ""candidate_after_max_hold"": 1, ""no_candidate"": 20, ""none"": 973, ""stale_data_no_action"": 6}"
5000,-3000,60000,validation,100,1026,0,966,60,37,93,896,-296653,-289.135477582846,-202.0,-286474,-279.21442495126706,-202.0,10179,9.921052631578947,0.0,10.537267080745341,0.0,227,118,621,0.6579710144927536,345,0.6064194416307662,53,108255,22,97427,174,88728,0,0,196983,186804,False,True,70.4,1,24,0,31,4,0,0,1026,0,0,3,"{""cut_target"": 22, ""harmful_exit"": 96, ""neutral_exit"": 621, ""no_active_exit"": 60, ""saved_stop"": 53, ""timeout_improved"": 174}","{""candidate_after_baseline_exit"": 31, ""candidate_after_max_hold"": 4, ""no_candidate"": 24, ""none"": 966, ""stale_data_no_action"": 1}"
5000,-3000,60000,holdout,100,1026,0,957,69,36,79,911,-243693,-237.51754385964912,-202.0,-271223,-264.3499025341131,-202.0,-27530,-26.832358674463936,0.0,-28.766980146290493,0.0,239,139,579,0.6322751322751323,378,0.582562217696365,38,83130,16,64331,201,107453,0,0,190583,218113,False,True,58.1,1,30,1,32,5,0,0,1026,0,0,3,"{""cut_target"": 16, ""harmful_exit"": 123, ""neutral_exit"": 579, ""no_active_exit"": 69, ""saved_stop"": 38, ""timeout_improved"": 201}","{""candidate_after_baseline_exit"": 32, ""candidate_after_max_hold"": 5, ""no_candidate"": 30, ""none"": 957, ""not_active_exit_eligible"": 1, ""stale_data_no_action"": 1}"
5000,-3000,120000,train,100,1027,0,973,54,52,121,854,-353858,-344.5550146056475,-208.0,-316328,-308.0116845180136,-202.0,37530,36.54333008763388,0.0,38.57142857142857,0.0,351,149,473,0.702,500,0.6604929783319653,85,201994,40,187028,266,146319,0,0,348313,310783,False,True,111.6,6,20,0,28,0,0,0,1027,0,0,4,"{""cut_target"": 40, ""harmful_exit"": 109, ""neutral_exit"": 473, ""no_active_exit"": 54, ""saved_stop"": 85, ""timeout_improved"": 266}","{""candidate_after_baseline_exit"": 28, ""no_candidate"": 20, ""none"": 973, ""stale_data_no_action"": 6}"
5000,-3000,120000,validation,100,1026,0,969,57,53,111,862,-303417,-295.7280701754386,-202.0,-286569,-279.3070175438597,-202.0,16848,16.42105263157895,0.0,17.386996904024766,0.0,319,115,535,0.7350230414746544,434,0.6915721420751684,71,159277,37,165272,248,119435,0,0,278712,261864,False,True,95.8,1,24,0,32,0,0,0,1026,0,0,2,"{""cut_target"": 37, ""harmful_exit"": 78, ""neutral_exit"": 535, ""no_active_exit"": 57, ""saved_stop"": 71, ""timeout_improved"": 248}","{""candidate_after_baseline_exit"": 32, ""no_candidate"": 24, ""none"": 969, ""stale_data_no_action"": 1}"
5000,-3000,120000,holdout,100,1026,0,959,67,65,103,858,-255893,-249.4083820662768,-202.0,-272271,-265.37134502923976,-202.0,-16378,-15.962962962962964,0.0,-17.07820646506778,0.0,338,129,492,0.7237687366167024,467,0.6815143211530368,60,142264,43,193191,278,140669,0,0,282933,299311,False,True,87.8,1,30,1,34,1,0,0,1026,0,0,3,"{""cut_target"": 43, ""harmful_exit"": 86, ""neutral_exit"": 492, ""no_active_exit"": 67, ""saved_stop"": 60, ""timeout_improved"": 278}","{""candidate_after_baseline_exit"": 34, ""candidate_after_max_hold"": 1, ""no_candidate"": 30, ""none"": 959, ""not_active_exit_eligible"": 1, ""stale_data_no_action"": 1}"
5000,-5000,30000,train,100,1027,0,979,48,17,26,984,-364535,-354.95131450827654,-202.0,-355941,-346.58325219084713,-202.0,8594,8.368062317429406,0.0,8.778345250255363,0.0,215,134,630,0.6160458452722063,349,0.5640203924665124,16,44758,8,42341,199,127789,0,0,172547,163953,True,True,35.900000000000006,6,20,0,1,21,0,0,1027,0,0,3,"{""cut_target"": 8, ""harmful_exit"": 126, ""neutral_exit"": 630, ""no_active_exit"": 48, ""saved_stop"": 16, ""timeout_improved"": 199}","{""candidate_after_baseline_exit"": 1, ""candidate_after_max_hold"": 21, ""no_candidate"": 20, ""none"": 979, ""stale_data_no_action"": 6}"
5000,-5000,30000,validation,100,1026,0,963,63,21,27,978,-324811,-316.5799220272904,-202.0,-283809,-276.6169590643275,-202.0,41002,39.96296296296296,0.0,42.57736240913811,0.0,157,91,715,0.6330645161290323,248,0.5714746882973714,13,41814,7,34705,144,108217,0,0,150031,109029,True,True,27.4,1,24,0,7,31,0,0,1026,0,0,3,"{""cut_target"": 7, ""harmful_exit"": 84, ""neutral_exit"": 715, ""no_active_exit"": 63, ""saved_stop"": 13, ""timeout_improved"": 144}","{""candidate_after_baseline_exit"": 7, ""candidate_after_max_hold"": 31, ""no_candidate"": 24, ""none"": 963, ""stale_data_no_action"": 1}"
5000,-5000,30000,holdout,100,1026,0,952,74,19,27,980,-340877,-332.23879142300194,-202.0,-318896,-310.81481481481484,-202.0,21981,21.423976608187136,0.0,23.089285714285715,0.0,174,108,670,0.6170212765957447,282,0.5590729162932826,9,25014,6,22757,165,106455,0,0,131469,109488,True,True,25.5,1,30,1,9,33,0,0,1026,0,0,2,"{""cut_target"": 6, ""harmful_exit"": 102, ""neutral_exit"": 670, ""no_active_exit"": 74, ""saved_stop"": 9, ""timeout_improved"": 165}","{""candidate_after_baseline_exit"": 9, ""candidate_after_max_hold"": 33, ""no_candidate"": 30, ""none"": 952, ""not_active_exit_eligible"": 1, ""stale_data_no_action"": 1}"
5000,-5000,60000,train,100,1027,0,999,28,37,40,950,-404158,-393.5326192794547,-202.0,-365366,-355.76046738072057,-202.0,38792,37.77215189873418,0.0,38.830830830830834,0.0,284,169,546,0.6269315673289183,453,0.5815038387425367,30,99177,25,123926,254,208943,0,0,308120,269328,False,True,55.400000000000006,6,20,0,1,1,0,0,1027,0,0,3,"{""cut_target"": 25, ""harmful_exit"": 144, ""neutral_exit"": 546, ""no_active_exit"": 28, ""saved_stop"": 30, ""timeout_improved"": 254}","{""candidate_after_baseline_exit"": 1, ""candidate_after_max_hold"": 1, ""no_candidate"": 20, ""none"": 999, ""stale_data_no_action"": 6}"
5000,-5000,60000,validation,100,1026,0,987,39,42,51,933,-366421,-357.135477582846,-202.0,-307356,-299.5672514619883,-202.0,59065,57.5682261208577,0.0,59.842958459979734,0.0,239,126,622,0.6547945205479452,365,0.6046357045170705,35,117252,24,114701,204,151997,0,0,269249,210184,False,True,55.400000000000006,1,24,0,10,4,0,0,1026,0,0,3,"{""cut_target"": 24, ""harmful_exit"": 102, ""neutral_exit"": 622, ""no_active_exit"": 39, ""saved_stop"": 35, ""timeout_improved"": 204}","{""candidate_after_baseline_exit"": 10, ""candidate_after_max_hold"": 4, ""no_candidate"": 24, ""none"": 987, ""stale_data_no_action"": 1}"
5000,-5000,60000,holdout,100,1026,0,975,51,38,35,953,-307421,-299.630604288499,-202.0,-306859,-299.0828460038986,-202.0,562,0.5477582846003899,0.0,0.5764102564102564,0.0,247,146,582,0.628498727735369,393,0.5796971839042403,15,47823,16,64331,232,177610,0,0,225433,224871,False,True,38.2,1,30,1,14,5,0,0,1026,0,0,3,"{""cut_target"": 16, ""harmful_exit"": 130, ""neutral_exit"": 582, ""no_active_exit"": 51, ""saved_stop"": 15, ""timeout_improved"": 232}","{""candidate_after_baseline_exit"": 14, ""candidate_after_max_hold"": 5, ""no_candidate"": 30, ""none"": 975, ""not_active_exit_eligible"": 1, ""stale_data_no_action"": 1}"
5000,-5000,120000,train,100,1027,0,999,28,54,55,918,-477557,-465.00194741966897,-207.0,-365366,-355.76046738072057,-202.0,112191,109.2414800389484,0.0,112.30330330330331,0.0,368,155,476,0.7036328871892925,523,0.6631259854996624,45,164067,42,204677,323,289395,0,0,453462,341271,False,True,77.30000000000001,6,20,0,2,0,0,0,1027,0,0,4,"{""cut_target"": 42, ""harmful_exit"": 113, ""neutral_exit"": 476, ""no_active_exit"": 28, ""saved_stop"": 45, ""timeout_improved"": 323}","{""candidate_after_baseline_exit"": 2, ""no_candidate"": 20, ""none"": 999, ""stale_data_no_action"": 6}"
5000,-5000,120000,validation,100,1026,0,990,36,58,67,901,-400198,-390.0565302144249,-202.0,-307451,-299.6598440545809,-202.0,92747,90.39668615984405,0.0,93.68383838383838,0.0,332,122,536,0.7312775330396476,454,0.688685302527155,51,186787,39,182546,281,191447,0,0,378234,285487,False,True,79.1,1,24,0,11,0,0,0,1026,0,0,2,"{""cut_target"": 39, ""harmful_exit"": 83, ""neutral_exit"": 536, ""no_active_exit"": 36, ""saved_stop"": 51, ""timeout_improved"": 281}","{""candidate_after_baseline_exit"": 11, ""no_candidate"": 24, ""none"": 990, ""stale_data_no_action"": 1}"
5000,-5000,120000,holdout,100,1026,0,978,48,69,46,911,-339317,-330.71832358674465,-202.0,-310050,-302.1929824561403,-202.0,29267,28.52534113060429,0.0,29.925357873210633,0.0,349,134,495,0.722567287784679,483,0.6810008194440573,24,89280,45,201202,325,251235,0,0,340515,311248,False,True,56.5,1,30,1,15,1,0,0,1026,0,0,3,"{""cut_target"": 45, ""harmful_exit"": 89, ""neutral_exit"": 495, ""no_active_exit"": 48, ""saved_stop"": 24, ""timeout_improved"": 325}","{""candidate_after_baseline_exit"": 15, ""candidate_after_max_hold"": 1, ""no_candidate"": 30, ""none"": 978, ""not_active_exit_eligible"": 1, ""stale_data_no_action"": 1}"
5000,-6000,30000,train,100,1027,0,980,47,17,16,994,-379833,-369.8471275559883,-202.0,-365239,-355.6368062317429,-202.0,14594,14.210321324245374,0.0,14.891836734693877,0.0,214,136,630,0.6114285714285714,350,0.5594175104291842,7,31743,8,42341,207,149173,0,0,180916,166322,True,True,27.700000000000003,6,20,0,0,21,0,0,1027,0,0,3,"{""cut_target"": 8, ""harmful_exit"": 128, ""neutral_exit"": 630, ""no_active_exit"": 47, ""saved_stop"": 7, ""timeout_improved"": 207}","{""candidate_after_max_hold"": 21, ""no_candidate"": 20, ""none"": 980, ""stale_data_no_action"": 6}"
5000,-6000,30000,validation,100,1026,0,967,59,21,17,988,-342126,-333.4561403508772,-202.0,-294438,-286.9766081871345,-202.0,47688,46.47953216374269,0.0,49.31540847983454,0.0,160,92,715,0.6349206349206349,252,0.5738649225611501,7,24314,7,34705,153,133081,0,0,157395,109707,True,True,22.3,1,24,0,3,31,0,0,1026,0,0,3,"{""cut_target"": 7, ""harmful_exit"": 85, ""neutral_exit"": 715, ""no_active_exit"": 59, ""saved_stop"": 7, ""timeout_improved"": 153}","{""candidate_after_baseline_exit"": 3, ""candidate_after_max_hold"": 31, ""no_candidate"": 24, ""none"": 967, ""stale_data_no_action"": 1}"
5000,-6000,30000,holdout,100,1026,0,959,67,19,12,995,-348209,-339.38499025341133,-202.0,-326645,-318.3674463937622,-202.0,21564,21.017543859649123,0.0,22.4859228362878,0.0,178,110,671,0.6180555555555556,288,0.5607371970371461,3,2225,6,22757,175,132934,0,0,135159,113595,True,True,20.5,1,30,1,2,33,0,0,1026,0,0,2,"{""cut_target"": 6, ""harmful_exit"": 104, ""neutral_exit"": 671, ""no_active_exit"": 67, ""saved_stop"": 3, ""timeout_improved"": 175}","{""candidate_after_baseline_exit"": 2, ""candidate_after_max_hold"": 33, ""no_candidate"": 30, ""none"": 959, ""not_active_exit_eligible"": 1, ""stale_data_no_action"": 1}"
5000,-6000,60000,train,100,1027,0,1000,27,37,22,968,-422674,-411.5618305744888,-202.0,-374664,-364.81402142161636,-202.0,48010,46.74780915287244,0.0,48.01,0.0,282,172,546,0.6211453744493393,454,0.575682472484875,13,70054,25,123926,269,251785,0,0,321839,273829,False,True,39.900000000000006,6,20,0,0,1,0,0,1027,0,0,3,"{""cut_target"": 25, ""harmful_exit"": 147, ""neutral_exit"": 546, ""no_active_exit"": 27, ""saved_stop"": 13, ""timeout_improved"": 269}","{""candidate_after_max_hold"": 1, ""no_candidate"": 20, ""none"": 1000, ""stale_data_no_action"": 6}"
5000,-6000,60000,validation,100,1026,0,992,34,42,32,952,-403208,-392.99025341130607,-202.0,-319491,-311.39473684210526,-202.0,83717,81.59551656920078,0.0,84.39213709677419,0.0,243,127,622,0.6567567567567567,370,0.6069899462697285,21,88123,24,114701,222,207302,0,0,295425,211708,False,True,43.2,1,24,0,5,4,0,0,1026,0,0,3,"{""cut_target"": 24, ""harmful_exit"": 103, ""neutral_exit"": 622, ""no_active_exit"": 34, ""saved_stop"": 21, ""timeout_improved"": 222}","{""candidate_after_baseline_exit"": 5, ""candidate_after_max_hold"": 4, ""no_candidate"": 24, ""none"": 992, ""stale_data_no_action"": 1}"
5000,-6000,60000,holdout,100,1026,0,984,42,38,22,966,-321862,-313.7056530214425,-202.0,-311557,-303.66179337231966,-202.0,10305,10.043859649122806,0.0,10.472560975609756,0.0,253,147,584,0.6325,400,0.5842006805216781,11,29278,16,64331,242,207211,0,0,236489,226184,False,True,35.2,1,30,1,5,5,0,0,1026,0,0,3,"{""cut_target"": 16, ""harmful_exit"": 131, ""neutral_exit"": 584, ""no_active_exit"": 42, ""saved_stop"": 11, ""timeout_improved"": 242}","{""candidate_after_baseline_exit"": 5, ""candidate_after_max_hold"": 5, ""no_candidate"": 30, ""none"": 984, ""not_active_exit_eligible"": 1, ""stale_data_no_action"": 1}"
5000,-6000,120000,train,100,1027,0,1000,27,54,28,945,-497590,-484.508276533593,-207.0,-374664,-364.81402142161636,-202.0,122926,119.69425511197663,0.0,122.926,0.0,366,158,476,0.6984732824427481,524,0.657852007721908,19,96981,42,204677,347,369589,0,0,466570,343644,False,True,53.7,6,20,0,1,0,0,0,1027,0,0,4,"{""cut_target"": 42, ""harmful_exit"": 116, ""neutral_exit"": 476, ""no_active_exit"": 27, ""saved_stop"": 19, ""timeout_improved"": 347}","{""candidate_after_baseline_exit"": 1, ""no_candidate"": 20, ""none"": 1000, ""stale_data_no_action"": 6}"
5000,-6000,120000,validation,100,1026,0,995,31,58,42,926,-443219,-431.98732943469787,-202.0,-319586,-311.48732943469787,-202.0,123633,120.5,0.0,124.25427135678392,0.0,335,124,536,0.7298474945533769,459,0.6874417002301111,31,141013,39,182546,304,275543,0,0,416556,292923,False,True,61.400000000000006,1,24,0,6,0,0,0,1026,0,0,2,"{""cut_target"": 39, ""harmful_exit"": 85, ""neutral_exit"": 536, ""no_active_exit"": 31, ""saved_stop"": 31, ""timeout_improved"": 304}","{""candidate_after_baseline_exit"": 6, ""no_candidate"": 24, ""none"": 995, ""stale_data_no_action"": 1}"
5000,-6000,120000,holdout,100,1026,0,987,39,69,33,924,-357471,-348.4122807017544,-202.0,-316748,-308.72124756335285,-202.0,40723,39.69103313840156,0.0,41.25937183383992,0.0,353,137,497,0.7204081632653061,490,0.6790738124734649,20,73867,45,201202,333,281842,0,0,355709,314986,False,True,53.300000000000004,1,30,1,6,1,0,0,1026,0,0,3,"{""cut_target"": 45, ""harmful_exit"": 92, ""neutral_exit"": 497, ""no_active_exit"": 39, ""saved_stop"": 20, ""timeout_improved"": 333}","{""candidate_after_baseline_exit"": 6, ""candidate_after_max_hold"": 1, ""no_candidate"": 30, ""none"": 987, ""not_active_exit_eligible"": 1, ""stale_data_no_action"": 1}"
6000,-200,30000,train,100,1027,0,788,239,11,312,704,-63957,-62.27555988315482,-202.0,-105520,-102.74586173320351,-202.0,-41563,-40.470301850048685,0.0,-52.744923857868024,0.0,139,77,572,0.6435185185185185,216,0.5776481475051477,92,27456,6,33689,47,7657,0,0,35113,76676,False,True,96.7,6,20,0,192,21,0,0,1027,0,0,2,"{""cut_target"": 6, ""harmful_exit"": 71, ""neutral_exit"": 572, ""no_active_exit"": 239, ""saved_stop"": 92, ""timeout_improved"": 47}","{""candidate_after_baseline_exit"": 192, ""candidate_after_max_hold"": 21, ""no_candidate"": 20, ""none"": 788, ""stale_data_no_action"": 6}"
6000,-200,30000,validation,100,1026,0,817,209,6,258,762,-91582,-89.26120857699804,-202.0,-101491,-98.91910331384015,-202.0,-9909,-9.657894736842104,0.0,-12.128518971848225,0.0,104,51,662,0.6709677419354839,155,0.5936466139682639,71,18544,3,7861,33,7921,0,0,26465,36374,False,True,74.3,1,24,0,153,31,0,0,1026,0,0,2,"{""cut_target"": 3, ""harmful_exit"": 48, ""neutral_exit"": 662, ""no_active_exit"": 209, ""saved_stop"": 71, ""timeout_improved"": 33}","{""candidate_after_baseline_exit"": 153, ""candidate_after_max_hold"": 31, ""no_candidate"": 24, ""none"": 817, ""stale_data_no_action"": 1}"
6000,-200,30000,holdout,100,1026,0,794,232,3,272,751,-77057,-75.10428849902534,-202.0,-111285,-108.46491228070175,-202.0,-34228,-33.360623781676416,0.0,-43.10831234256927,0.0,113,61,620,0.6494252873563219,174,0.5759961965389941,67,17245,1,1657,46,3810,0,0,21055,55283,True,True,71.6,1,30,1,167,33,0,0,1026,0,0,2,"{""cut_target"": 1, ""harmful_exit"": 60, ""neutral_exit"": 620, ""no_active_exit"": 232, ""saved_stop"": 67, ""timeout_improved"": 46}","{""candidate_after_baseline_exit"": 167, ""candidate_after_max_hold"": 33, ""no_candidate"": 30, ""none"": 794, ""not_active_exit_eligible"": 1, ""stale_data_no_action"": 1}"
6000,-200,60000,train,100,1027,0,792,235,20,366,641,-22566,-21.97273612463486,-208.0,-106635,-103.83154819863681,-202.0,-84069,-81.85881207400195,0.0,-106.14772727272727,0.0,197,95,500,0.6746575342465754,292,0.6189550815027008,145,45484,13,64239,52,6230,0,0,51714,135783,False,True,150.2,6,20,0,208,1,0,0,1027,0,0,2,"{""cut_target"": 13, ""harmful_exit"": 82, ""neutral_exit"": 500, ""no_active_exit"": 235, ""saved_stop"": 145, ""timeout_improved"": 52}","{""candidate_after_baseline_exit"": 208, ""candidate_after_max_hold"": 1, ""no_candidate"": 20, ""none"": 792, ""stale_data_no_action"": 6}"
6000,-200,60000,validation,100,1026,0,828,198,13,299,714,-54420,-53.04093567251462,-202.0,-113215,-110.34600389863547,-202.0,-58795,-57.30506822612086,0.0,-71.0084541062802,0.0,165,79,584,0.6762295081967213,244,0.6151798653158279,108,32442,9,41047,57,5496,0,0,37938,96733,False,True,113.7,1,24,0,169,4,0,0,1026,0,0,2,"{""cut_target"": 9, ""harmful_exit"": 70, ""neutral_exit"": 584, ""no_active_exit"": 198, ""saved_stop"": 108, ""timeout_improved"": 57}","{""candidate_after_baseline_exit"": 169, ""candidate_after_max_hold"": 4, ""no_candidate"": 24, ""none"": 828, ""stale_data_no_action"": 1}"
6000,-200,60000,holdout,100,1026,0,805,221,8,322,696,-49078,-47.83430799220273,-202.0,-95450,-93.03118908382066,-202.0,-46372,-45.19688109161793,0.0,-57.604968944099376,0.0,185,78,542,0.7034220532319392,263,0.6456130850605842,114,30493,2,5845,71,6264,0,0,36757,83129,True,True,121.1,1,30,1,184,5,0,0,1026,0,0,2,"{""cut_target"": 2, ""harmful_exit"": 76, ""neutral_exit"": 542, ""no_active_exit"": 221, ""saved_stop"": 114, ""timeout_improved"": 71}","{""candidate_after_baseline_exit"": 184, ""candidate_after_max_hold"": 5, ""no_candidate"": 30, ""none"": 805, ""not_active_exit_eligible"": 1, ""stale_data_no_action"": 1}"
6000,-200,120000,train,100,1027,0,793,234,25,429,573,-16321,-15.891918208373905,-212.0,-107738,-104.90555014605647,-202.0,-91417,-89.01363193768258,0.0,-115.27994955863808,0.0,268,88,437,0.7528089887640449,356,0.705457629738415,208,62146,18,91236,60,2590,0,0,64736,156153,False,True,214.0,6,20,0,208,0,0,0,1027,0,0,3,"{""cut_target"": 18, ""harmful_exit"": 70, ""neutral_exit"": 437, ""no_active_exit"": 234, ""saved_stop"": 208, ""timeout_improved"": 60}","{""candidate_after_baseline_exit"": 208, ""no_candidate"": 20, ""none"": 793, ""stale_data_no_action"": 6}"
6000,-200,120000,validation,100,1026,0,829,197,20,379,627,-37402,-36.4541910331384,-202.0,-116887,-113.92495126705653,-202.0,-79485,-77.47076023391813,0.0,-95.88057901085645,0.0,248,73,508,0.7725856697819314,321,0.7236662020812873,187,48465,16,69275,61,3881,0,0,52346,131831,False,True,193.1,1,24,0,172,0,0,0,1026,0,0,2,"{""cut_target"": 16, ""harmful_exit"": 57, ""neutral_exit"": 508, ""no_active_exit"": 197, ""saved_stop"": 187, ""timeout_improved"": 61}","{""candidate_after_baseline_exit"": 172, ""no_candidate"": 24, ""none"": 829, ""stale_data_no_action"": 1}"
6000,-200,120000,holdout,100,1026,0,806,220,24,401,601,-11651,-11.355750487329434,-208.0,-95064,-92.65497076023392,-202.0,-83413,-81.29922027290448,0.0,-103.49007444168734,0.0,274,68,464,0.8011695906432749,342,0.7556272629414592,192,45535,14,61406,82,8528,0,0,54063,137476,False,True,200.2,1,30,1,187,1,0,0,1026,0,0,3,"{""cut_target"": 14, ""harmful_exit"": 54, ""neutral_exit"": 464, ""no_active_exit"": 220, ""saved_stop"": 192, ""timeout_improved"": 82}","{""candidate_after_baseline_exit"": 187, ""candidate_after_max_hold"": 1, ""no_candidate"": 30, ""none"": 806, ""not_active_exit_eligible"": 1, ""stale_data_no_action"": 1}"
6000,-300,30000,train,100,1027,0,813,214,11,275,741,-91159,-88.76241480038948,-202.0,-124583,-121.3076923076923,-202.0,-33424,-32.54527750730282,0.0,-41.111931119311194,0.0,151,80,582,0.6536796536796536,231,0.5902608834604485,80,32432,6,33689,71,11840,0,0,44272,77696,False,True,87.1,6,20,0,167,21,0,0,1027,0,0,2,"{""cut_target"": 6, ""harmful_exit"": 74, ""neutral_exit"": 582, ""no_active_exit"": 214, ""saved_stop"": 80, ""timeout_improved"": 71}","{""candidate_after_baseline_exit"": 167, ""candidate_after_max_hold"": 21, ""no_candidate"": 20, ""none"": 813, ""stale_data_no_action"": 6}"
6000,-300,30000,validation,100,1026,0,832,194,6,231,789,-102754,-100.15009746588694,-202.0,-117491,-114.51364522417154,-202.0,-14737,-14.3635477582846,0.0,-17.712740384615383,0.0,109,55,668,0.6646341463414634,164,0.5893419412489201,60,21553,3,7861,49,11247,0,0,32800,47537,True,True,64.9,1,24,0,138,31,0,0,1026,0,0,2,"{""cut_target"": 3, ""harmful_exit"": 52, ""neutral_exit"": 668, ""no_active_exit"": 194, ""saved_stop"": 60, ""timeout_improved"": 49}","{""candidate_after_baseline_exit"": 138, ""candidate_after_max_hold"": 31, ""no_candidate"": 24, ""none"": 832, ""stale_data_no_action"": 1}"
6000,-300,30000,holdout,100,1026,0,813,213,4,241,781,-88656,-86.4093567251462,-202.0,-130282,-126.98050682261209,-202.0,-41626,-40.57115009746589,0.0,-51.20049200492005,0.0,119,67,627,0.6397849462365591,186,0.5686088705273937,55,20246,2,7359,64,6630,0,0,26876,68502,False,True,61.4,1,30,1,148,33,0,0,1026,0,0,2,"{""cut_target"": 2, ""harmful_exit"": 65, ""neutral_exit"": 627, ""no_active_exit"": 213, ""saved_stop"": 55, ""timeout_improved"": 64}","{""candidate_after_baseline_exit"": 148, ""candidate_after_max_hold"": 33, ""no_candidate"": 30, ""none"": 813, ""not_active_exit_eligible"": 1, ""stale_data_no_action"": 1}"
6000,-300,60000,train,100,1027,0,817,210,20,323,684,-54163,-52.73904576436222,-205.0,-125798,-122.49074975657254,-202.0,-71635,-69.75170399221032,0.0,-87.68053855569156,0.0,209,101,507,0.6741935483870968,310,0.6201656318128362,127,55251,13,64239,82,10702,0,0,65953,137588,False,True,135.2,6,20,0,183,1,0,0,1027,0,0,2,"{""cut_target"": 13, ""harmful_exit"": 88, ""neutral_exit"": 507, ""no_active_exit"": 210, ""saved_stop"": 127, ""timeout_improved"": 82}","{""candidate_after_baseline_exit"": 183, ""candidate_after_max_hold"": 1, ""no_candidate"": 20, ""none"": 817, ""stale_data_no_action"": 6}"
6000,-300,60000,validation,100,1026,0,844,182,13,273,740,-70606,-68.8167641325536,-202.0,-130212,-126.91228070175438,-202.0,-59606,-58.09551656920078,0.0,-70.62322274881517,0.0,172,83,589,0.6745098039215687,255,0.6147798313866599,98,39537,9,41047,74,8637,0,0,48174,107780,False,True,105.4,1,24,0,153,4,0,0,1026,0,0,2,"{""cut_target"": 9, ""harmful_exit"": 74, ""neutral_exit"": 589, ""no_active_exit"": 182, ""saved_stop"": 98, ""timeout_improved"": 74}","{""candidate_after_baseline_exit"": 153, ""candidate_after_max_hold"": 4, ""no_candidate"": 24, ""none"": 844, ""stale_data_no_action"": 1}"
6000,-300,60000,holdout,100,1026,0,824,202,9,289,728,-48489,-47.260233918128655,-202.0,-114747,-111.8391812865497,-202.0,-66258,-64.57894736842105,0.0,-80.41019417475728,0.0,187,88,549,0.68,275,0.622712245173972,100,37623,3,11547,87,8369,0,0,45992,112250,False,True,108.7,1,30,1,165,5,0,0,1026,0,0,3,"{""cut_target"": 3, ""harmful_exit"": 85, ""neutral_exit"": 549, ""no_active_exit"": 202, ""saved_stop"": 100, ""timeout_improved"": 87}","{""candidate_after_baseline_exit"": 165, ""candidate_after_max_hold"": 5, ""no_candidate"": 30, ""none"": 824, ""not_active_exit_eligible"": 1, ""stale_data_no_action"": 1}"
6000,-300,120000,train,100,1027,0,818,209,25,371,631,-47843,-46.585199610516064,-212.0,-126901,-123.56475170399221,-202.0,-79058,-76.97955209347614,0.0,-96.6479217603912,0.0,281,95,442,0.7473404255319149,376,0.7010682029837317,175,75518,18,91236,106,9095,0,0,84613,163671,False,True,185.6,6,20,0,183,0,0,0,1027,0,0,3,"{""cut_target"": 18, ""harmful_exit"": 77, ""neutral_exit"": 442, ""no_active_exit"": 209, ""saved_stop"": 175, ""timeout_improved"": 106}","{""candidate_after_baseline_exit"": 183, ""no_candidate"": 20, ""none"": 818, ""stale_data_no_action"": 6}"
6000,-300,120000,validation,100,1026,0,845,181,21,334,671,-64194,-62.567251461988306,-202.0,-133984,-130.588693957115,-202.0,-69790,-68.0214424951267,0.0,-82.59171597633136,0.0,258,75,512,0.7747747747747747,333,0.7269212876066691,158,60330,17,75483,100,10150,0,0,70480,140270,False,True,168.0,1,24,0,156,0,0,0,1026,0,0,2,"{""cut_target"": 17, ""harmful_exit"": 58, ""neutral_exit"": 512, ""no_active_exit"": 181, ""saved_stop"": 158, ""timeout_improved"": 100}","{""candidate_after_baseline_exit"": 156, ""no_candidate"": 24, ""none"": 845, ""stale_data_no_action"": 1}"
6000,-300,120000,holdout,100,1026,0,825,201,26,357,643,-28643,-27.917153996101366,-206.0,-114461,-111.56042884990254,-202.0,-85818,-83.64327485380117,0.0,-104.02181818181818,0.0,281,74,470,0.7915492957746478,355,0.746284604099467,167,58324,16,73349,114,13036,0,0,71360,157178,False,True,178.4,1,30,1,168,1,0,0,1026,0,0,3,"{""cut_target"": 16, ""harmful_exit"": 58, ""neutral_exit"": 470, ""no_active_exit"": 201, ""saved_stop"": 167, ""timeout_improved"": 114}","{""candidate_after_baseline_exit"": 168, ""candidate_after_max_hold"": 1, ""no_candidate"": 30, ""none"": 825, ""not_active_exit_eligible"": 1, ""stale_data_no_action"": 1}"
6000,-500,30000,train,100,1027,0,840,187,12,238,777,-131454,-127.99805258033106,-202.0,-152945,-148.9240506329114,-202.0,-21491,-20.92599805258033,0.0,-25.58452380952381,0.0,165,83,592,0.6653225806451613,248,0.6044670720065842,72,38400,6,33689,93,20046,0,0,58446,79937,False,True,81.3,6,20,0,140,21,0,0,1027,0,0,2,"{""cut_target"": 6, ""harmful_exit"": 77, ""neutral_exit"": 592, ""no_active_exit"": 187, ""saved_stop"": 72, ""timeout_improved"": 93}","{""candidate_after_baseline_exit"": 140, ""candidate_after_max_hold"": 21, ""no_candidate"": 20, ""none"": 840, ""stale_data_no_action"": 6}"
6000,-500,30000,validation,100,1026,0,856,170,7,196,823,-128920,-125.65302144249513,-202.0,-136841,-133.37329434697855,-202.0,-7921,-7.720272904483431,0.0,-9.253504672897197,0.0,115,60,681,0.6571428571428571,175,0.584119085529374,51,27606,3,7861,64,15810,0,0,43416,51337,True,True,57.4,1,24,0,114,31,0,0,1026,0,0,3,"{""cut_target"": 3, ""harmful_exit"": 57, ""neutral_exit"": 681, ""no_active_exit"": 170, ""saved_stop"": 51, ""timeout_improved"": 64}","{""candidate_after_baseline_exit"": 114, ""candidate_after_max_hold"": 31, ""no_candidate"": 24, ""none"": 856, ""stale_data_no_action"": 1}"
6000,-500,30000,holdout,100,1026,0,838,188,4,213,809,-121014,-117.94736842105263,-202.0,-156363,-152.40058479532163,-202.0,-35349,-34.453216374269005,0.0,-42.18257756563246,0.0,132,74,632,0.6407766990291263,206,0.5732344846683464,56,28386,2,7359,76,9342,0,0,37728,73077,True,True,63.6,1,30,1,123,33,0,0,1026,0,0,2,"{""cut_target"": 2, ""harmful_exit"": 72, ""neutral_exit"": 632, ""no_active_exit"": 188, ""saved_stop"": 56, ""timeout_improved"": 76}","{""candidate_after_baseline_exit"": 123, ""candidate_after_max_hold"": 33, ""no_candidate"": 30, ""none"": 838, ""not_active_exit_eligible"": 1, ""stale_data_no_action"": 1}"
6000,-500,60000,train,100,1027,0,845,182,21,282,724,-94729,-92.23855890944499,-203.0,-154384,-150.32521908471276,-202.0,-59655,-58.08666017526777,0.0,-70.59763313609467,0.0,223,108,514,0.6737160120845922,331,0.6214649078568912,115,66308,13,64239,108,19853,0,0,86161,145816,False,True,125.8,6,20,0,155,1,0,0,1027,0,0,2,"{""cut_target"": 13, ""harmful_exit"": 95, ""neutral_exit"": 514, ""no_active_exit"": 182, ""saved_stop"": 115, ""timeout_improved"": 108}","{""candidate_after_baseline_exit"": 155, ""candidate_after_max_hold"": 1, ""no_candidate"": 20, ""none"": 845, ""stale_data_no_action"": 6}"
6000,-500,60000,validation,100,1026,0,868,158,14,234,778,-102716,-100.1130604288499,-202.0,-153562,-149.67056530214424,-202.0,-50846,-49.55750487329435,0.0,-58.57834101382488,0.0,184,87,597,0.6789667896678967,271,0.6212128959357394,84,50717,9,41047,100,16730,0,0,67447,118293,False,True,94.0,1,24,0,129,4,0,0,1026,0,0,2,"{""cut_target"": 9, ""harmful_exit"": 78, ""neutral_exit"": 597, ""no_active_exit"": 158, ""saved_stop"": 84, ""timeout_improved"": 100}","{""candidate_after_baseline_exit"": 129, ""candidate_after_max_hold"": 4, ""no_candidate"": 24, ""none"": 868, ""stale_data_no_action"": 1}"
6000,-500,60000,holdout,100,1026,0,851,175,10,254,762,-75044,-73.14230019493178,-202.0,-138123,-134.62280701754386,-202.0,-63079,-61.480506822612085,0.0,-74.12338425381904,0.0,202,97,552,0.6755852842809364,299,0.6205842900540598,95,52638,3,11547,107,12937,0,0,65575,128654,True,True,105.7,1,30,1,138,5,0,0,1026,0,0,3,"{""cut_target"": 3, ""harmful_exit"": 94, ""neutral_exit"": 552, ""no_active_exit"": 175, ""saved_stop"": 95, ""timeout_improved"": 107}","{""candidate_after_baseline_exit"": 138, ""candidate_after_max_hold"": 5, ""no_candidate"": 30, ""none"": 851, ""not_active_exit_eligible"": 1, ""stale_data_no_action"": 1}"
6000,-500,120000,train,100,1027,0,846,181,26,326,675,-97394,-94.83349561830575,-211.0,-155487,-151.39922103213243,-202.0,-58093,-56.56572541382668,0.0,-68.6678486997636,0.0,294,103,449,0.7405541561712846,397,0.6952764293119917,159,95347,18,91236,135,20506,0,0,115853,173946,False,True,172.5,6,20,0,155,0,0,0,1027,0,0,3,"{""cut_target"": 18, ""harmful_exit"": 85, ""neutral_exit"": 449, ""no_active_exit"": 181, ""saved_stop"": 159, ""timeout_improved"": 135}","{""candidate_after_baseline_exit"": 155, ""no_candidate"": 20, ""none"": 846, ""stale_data_no_action"": 6}"
6000,-500,120000,validation,100,1026,0,869,157,23,291,712,-105200,-102.53411306042885,-202.0,-157534,-153.541910331384,-202.0,-52334,-51.007797270955166,0.0,-60.223245109321056,0.0,272,81,516,0.7705382436260623,353,0.7239010148666575,140,81331,18,81500,132,19240,0,0,100571,152905,False,True,153.2,1,24,0,132,0,0,0,1026,0,0,2,"{""cut_target"": 18, ""harmful_exit"": 63, ""neutral_exit"": 516, ""no_active_exit"": 157, ""saved_stop"": 140, ""timeout_improved"": 132}","{""candidate_after_baseline_exit"": 132, ""no_candidate"": 24, ""none"": 869, ""stale_data_no_action"": 1}"
6000,-500,120000,holdout,100,1026,0,852,174,28,316,682,-64124,-62.499025341130604,-204.0,-138517,-135.00682261208576,-202.0,-74393,-72.50779727095517,0.0,-87.31572769953051,0.0,299,82,471,0.7847769028871391,381,0.7407754562657898,155,83229,17,77812,144,20351,0,0,103580,177973,False,True,169.4,1,30,1,141,1,0,0,1026,0,0,3,"{""cut_target"": 17, ""harmful_exit"": 65, ""neutral_exit"": 471, ""no_active_exit"": 174, ""saved_stop"": 155, ""timeout_improved"": 144}","{""candidate_after_baseline_exit"": 141, ""candidate_after_max_hold"": 1, ""no_candidate"": 30, ""none"": 852, ""not_active_exit_eligible"": 1, ""stale_data_no_action"": 1}"
6000,-700,30000,train,100,1027,0,857,170,12,207,808,-162186,-157.92210321324245,-202.0,-179764,-175.0379746835443,-202.0,-17578,-17.11587147030185,0.0,-20.51108518086348,0.0,168,88,601,0.65625,256,0.596144121990143,59,45988,6,33689,109,26004,0,0,71992,89570,False,True,69.9,6,20,0,123,21,0,0,1027,0,0,2,"{""cut_target"": 6, ""harmful_exit"": 82, ""neutral_exit"": 601, ""no_active_exit"": 170, ""saved_stop"": 59, ""timeout_improved"": 109}","{""candidate_after_baseline_exit"": 123, ""candidate_after_max_hold"": 21, ""no_candidate"": 20, ""none"": 857, ""stale_data_no_action"": 6}"
6000,-700,30000,validation,100,1026,0,876,150,7,165,854,-161151,-157.0672514619883,-202.0,-164318,-160.15399610136453,-202.0,-3167,-3.086744639376218,0.0,-3.615296803652968,0.0,119,63,694,0.6538461538461539,182,0.5821932651408553,41,27063,3,7861,78,24482,0,0,51545,54712,True,True,48.8,1,24,0,94,31,0,0,1026,0,0,3,"{""cut_target"": 3, ""harmful_exit"": 60, ""neutral_exit"": 694, ""no_active_exit"": 150, ""saved_stop"": 41, ""timeout_improved"": 78}","{""candidate_after_baseline_exit"": 94, ""candidate_after_max_hold"": 31, ""no_candidate"": 24, ""none"": 876, ""stale_data_no_action"": 1}"
6000,-700,30000,holdout,100,1026,0,863,163,5,170,851,-139536,-136.0,-202.0,-178666,-174.1384015594542,-202.0,-39130,-38.13840155945419,0.0,-45.34183082271147,0.0,132,82,649,0.616822429906542,214,0.5501703301134809,40,28450,2,7359,92,17390,0,0,45840,84970,True,True,49.2,1,30,1,98,33,0,0,1026,0,0,2,"{""cut_target"": 2, ""harmful_exit"": 80, ""neutral_exit"": 649, ""no_active_exit"": 163, ""saved_stop"": 40, ""timeout_improved"": 92}","{""candidate_after_baseline_exit"": 98, ""candidate_after_max_hold"": 33, ""no_candidate"": 30, ""none"": 863, ""not_active_exit_eligible"": 1, ""stale_data_no_action"": 1}"
6000,-700,60000,train,100,1027,0,863,164,22,246,759,-133232,-129.72930866601752,-202.0,-181765,-176.98636806231744,-202.0,-48533,-47.2570593962999,0.0,-56.237543453070685,0.0,228,113,522,0.6686217008797654,341,0.6170267604138426,97,81112,14,70894,131,28558,0,0,109670,158203,False,True,110.1,6,20,0,137,1,0,0,1027,0,0,2,"{""cut_target"": 14, ""harmful_exit"": 99, ""neutral_exit"": 522, ""no_active_exit"": 164, ""saved_stop"": 97, ""timeout_improved"": 131}","{""candidate_after_baseline_exit"": 137, ""candidate_after_max_hold"": 1, ""no_candidate"": 20, ""none"": 863, ""stale_data_no_action"": 6}"
6000,-700,60000,validation,100,1026,0,889,137,14,200,812,-139335,-135.80409356725147,-202.0,-180263,-175.69493177387915,-202.0,-40928,-39.89083820662768,0.0,-46.03824521934758,0.0,187,92,610,0.6702508960573477,279,0.6131016276373651,71,55623,9,41047,116,25581,0,0,81204,122132,False,True,82.6,1,24,0,108,4,0,0,1026,0,0,2,"{""cut_target"": 9, ""harmful_exit"": 83, ""neutral_exit"": 610, ""no_active_exit"": 137, ""saved_stop"": 71, ""timeout_improved"": 116}","{""candidate_after_baseline_exit"": 108, ""candidate_after_max_hold"": 4, ""no_candidate"": 24, ""none"": 889, ""stale_data_no_action"": 1}"
6000,-700,60000,holdout,100,1026,0,877,149,11,209,806,-88912,-86.6588693957115,-202.0,-160747,-156.67348927875244,-202.0,-71835,-70.01461988304094,0.0,-81.90992018244013,0.0,203,106,568,0.656957928802589,309,0.6023901405432521,77,57733,3,11547,126,23982,0,0,81715,153550,True,True,89.6,1,30,1,112,5,0,0,1026,0,0,3,"{""cut_target"": 3, ""harmful_exit"": 103, ""neutral_exit"": 568, ""no_active_exit"": 149, ""saved_stop"": 77, ""timeout_improved"": 126}","{""candidate_after_baseline_exit"": 112, ""candidate_after_max_hold"": 5, ""no_candidate"": 30, ""none"": 877, ""not_active_exit_eligible"": 1, ""stale_data_no_action"": 1}"
6000,-700,120000,train,100,1027,0,864,163,27,282,718,-146743,-142.8851022395326,-210.0,-182868,-178.06037000973708,-202.0,-36125,-35.17526777020448,0.0,-41.811342592592595,0.0,302,106,456,0.7401960784313726,408,0.6955439031131457,133,111291,19,97891,169,34725,0,0,146016,182141,False,True,149.9,6,20,0,137,0,0,0,1027,0,0,3,"{""cut_target"": 19, ""harmful_exit"": 87, ""neutral_exit"": 456, ""no_active_exit"": 163, ""saved_stop"": 133, ""timeout_improved"": 169}","{""candidate_after_baseline_exit"": 137, ""no_candidate"": 20, ""none"": 864, ""stale_data_no_action"": 6}"
6000,-700,120000,validation,100,1026,0,890,136,23,229,774,-143860,-140.21442495126706,-202.0,-184435,-179.76120857699806,-202.0,-40575,-39.546783625730995,0.0,-45.58988764044944,0.0,278,85,527,0.7658402203856749,363,0.7196325611847164,99,83293,18,81500,179,38618,0,0,121911,162486,False,True,116.9,1,24,0,111,0,0,0,1026,0,0,2,"{""cut_target"": 18, ""harmful_exit"": 67, ""neutral_exit"": 527, ""no_active_exit"": 136, ""saved_stop"": 99, ""timeout_improved"": 179}","{""candidate_after_baseline_exit"": 111, ""no_candidate"": 24, ""none"": 890, ""stale_data_no_action"": 1}"
6000,-700,120000,holdout,100,1026,0,878,148,31,245,750,-87884,-85.65692007797271,-204.0,-161541,-157.44736842105263,-202.0,-73657,-71.79044834307992,0.0,-83.89179954441913,0.0,304,91,483,0.769620253164557,395,0.7256173110972731,111,83097,19,90593,193,44117,0,0,127214,200871,False,True,130.3,1,30,1,115,1,0,0,1026,0,0,3,"{""cut_target"": 19, ""harmful_exit"": 72, ""neutral_exit"": 483, ""no_active_exit"": 148, ""saved_stop"": 111, ""timeout_improved"": 193}","{""candidate_after_baseline_exit"": 115, ""candidate_after_max_hold"": 1, ""no_candidate"": 30, ""none"": 878, ""not_active_exit_eligible"": 1, ""stale_data_no_action"": 1}"
6000,-1000,30000,train,100,1027,0,876,151,12,174,841,-195691,-190.5462512171373,-202.0,-213401,-207.79065238558908,-202.0,-17710,-17.2444011684518,0.0,-20.21689497716895,0.0,171,98,607,0.6356877323420075,269,0.5766433217199155,48,49059,6,33689,123,36198,0,0,85257,102967,False,True,60.3,6,20,0,104,21,0,0,1027,0,0,2,"{""cut_target"": 6, ""harmful_exit"": 92, ""neutral_exit"": 607, ""no_active_exit"": 151, ""saved_stop"": 48, ""timeout_improved"": 123}","{""candidate_after_baseline_exit"": 104, ""candidate_after_max_hold"": 21, ""no_candidate"": 20, ""none"": 876, ""stale_data_no_action"": 6}"
6000,-1000,30000,validation,100,1026,0,892,134,9,141,876,-182028,-177.41520467836258,-202.0,-187294,-182.54775828460038,-202.0,-5266,-5.132553606237817,0.0,-5.903587443946188,0.0,123,69,700,0.640625,192,0.5706096650476453,35,30682,4,13703,88,29406,0,0,60088,65354,True,True,43.8,1,24,0,78,31,0,0,1026,0,0,3,"{""cut_target"": 4, ""harmful_exit"": 65, ""neutral_exit"": 700, ""no_active_exit"": 134, ""saved_stop"": 35, ""timeout_improved"": 88}","{""candidate_after_baseline_exit"": 78, ""candidate_after_max_hold"": 31, ""no_candidate"": 24, ""none"": 892, ""stale_data_no_action"": 1}"
6000,-1000,30000,holdout,100,1026,0,878,148,5,147,874,-177494,-172.99610136452242,-202.0,-210131,-204.80604288499026,-202.0,-32637,-31.809941520467838,0.0,-37.17198177676538,0.0,139,85,654,0.6205357142857143,224,0.555461983562558,34,30954,2,7359,105,23704,0,0,54658,87295,True,True,44.5,1,30,1,83,33,0,0,1026,0,0,2,"{""cut_target"": 2, ""harmful_exit"": 83, ""neutral_exit"": 654, ""no_active_exit"": 148, ""saved_stop"": 34, ""timeout_improved"": 105}","{""candidate_after_baseline_exit"": 83, ""candidate_after_max_hold"": 33, ""no_candidate"": 30, ""none"": 878, ""not_active_exit_eligible"": 1, ""stale_data_no_action"": 1}"
6000,-1000,60000,train,100,1027,0,884,143,23,216,788,-171476,-166.96786757546252,-202.0,-209184,-203.68451801363193,-202.0,-37708,-36.716650438169424,0.0,-42.65610859728507,0.0,235,122,527,0.6582633053221288,357,0.6076126718755077,89,97379,14,70894,146,36827,0,0,134206,171914,False,True,103.6,6,20,0,116,1,0,0,1027,0,0,2,"{""cut_target"": 14, ""harmful_exit"": 108, ""neutral_exit"": 527, ""no_active_exit"": 143, ""saved_stop"": 89, ""timeout_improved"": 146}","{""candidate_after_baseline_exit"": 116, ""candidate_after_max_hold"": 1, ""no_candidate"": 20, ""none"": 884, ""stale_data_no_action"": 6}"
6000,-1000,60000,validation,100,1026,0,906,120,18,172,836,-157860,-153.859649122807,-202.0,-205228,-200.02729044834308,-202.0,-47368,-46.16764132553606,0.0,-52.28256070640177,0.0,193,99,614,0.660958904109589,292,0.6048857893511866,61,60695,12,58152,132,37424,0,0,98119,145487,False,True,74.2,1,24,0,91,4,0,0,1026,0,0,2,"{""cut_target"": 12, ""harmful_exit"": 87, ""neutral_exit"": 614, ""no_active_exit"": 120, ""saved_stop"": 61, ""timeout_improved"": 132}","{""candidate_after_baseline_exit"": 91, ""candidate_after_max_hold"": 4, ""no_candidate"": 24, ""none"": 906, ""stale_data_no_action"": 1}"
6000,-1000,60000,holdout,100,1026,0,893,133,11,175,840,-123182,-120.06042884990254,-202.0,-191007,-186.16666666666666,-202.0,-67825,-66.10623781676414,0.0,-75.9518477043673,0.0,208,114,571,0.6459627329192547,322,0.5922888230643462,61,58550,3,11547,147,39779,0,0,98329,166154,True,True,75.7,1,30,1,96,5,0,0,1026,0,0,3,"{""cut_target"": 3, ""harmful_exit"": 111, ""neutral_exit"": 571, ""no_active_exit"": 133, ""saved_stop"": 61, ""timeout_improved"": 147}","{""candidate_after_baseline_exit"": 96, ""candidate_after_max_hold"": 5, ""no_candidate"": 30, ""none"": 893, ""not_active_exit_eligible"": 1, ""stale_data_no_action"": 1}"
6000,-1000,120000,train,100,1027,0,885,142,28,247,752,-194840,-189.7176241480039,-210.0,-210287,-204.7585199610516,-202.0,-15447,-15.040895813047712,0.0,-17.454237288135594,0.0,310,114,461,0.7311320754716981,424,0.6869935166711906,120,132685,19,97891,190,46317,0,0,179002,194449,False,True,139.0,6,20,0,116,0,0,0,1027,0,0,4,"{""cut_target"": 19, ""harmful_exit"": 95, ""neutral_exit"": 461, ""no_active_exit"": 142, ""saved_stop"": 120, ""timeout_improved"": 190}","{""candidate_after_baseline_exit"": 116, ""no_candidate"": 20, ""none"": 885, ""stale_data_no_action"": 6}"
6000,-1000,120000,validation,100,1026,0,907,119,27,201,798,-174960,-170.52631578947367,-202.0,-209700,-204.3859649122807,-202.0,-34740,-33.85964912280702,0.0,-38.302094818081585,0.0,286,91,530,0.7586206896551724,377,0.7129557233264364,89,94997,21,98605,197,53092,0,0,148089,182829,False,True,108.7,1,24,0,94,0,0,0,1026,0,0,2,"{""cut_target"": 21, ""harmful_exit"": 70, ""neutral_exit"": 530, ""no_active_exit"": 119, ""saved_stop"": 89, ""timeout_improved"": 197}","{""candidate_after_baseline_exit"": 94, ""no_candidate"": 24, ""none"": 907, ""stale_data_no_action"": 1}"
6000,-1000,120000,holdout,100,1026,0,895,131,33,208,785,-127256,-124.03118908382066,-202.0,-193198,-188.30214424951268,-202.0,-65942,-64.270955165692,0.0,-73.6782122905028,0.0,311,99,485,0.7585365853658537,410,0.7148339467049762,92,91471,21,102078,219,62341,0,0,153812,219754,False,True,113.9,1,30,1,98,1,0,0,1026,0,0,3,"{""cut_target"": 21, ""harmful_exit"": 78, ""neutral_exit"": 485, ""no_active_exit"": 131, ""saved_stop"": 92, ""timeout_improved"": 219}","{""candidate_after_baseline_exit"": 98, ""candidate_after_max_hold"": 1, ""no_candidate"": 30, ""none"": 895, ""not_active_exit_eligible"": 1, ""stale_data_no_action"": 1}"
6000,-1500,30000,train,100,1027,0,910,117,13,129,885,-226046,-220.10321324245376,-202.0,-248469,-241.9367088607595,-202.0,-22423,-21.833495618305744,0.0,-24.64065934065934,0.0,184,112,614,0.6216216216216216,296,0.5651468872321684,42,49193,6,33689,142,56101,0,0,105294,127717,False,True,56.2,6,20,0,70,21,0,0,1027,0,0,4,"{""cut_target"": 6, ""harmful_exit"": 106, ""neutral_exit"": 614, ""no_active_exit"": 117, ""saved_stop"": 42, ""timeout_improved"": 142}","{""candidate_after_baseline_exit"": 70, ""candidate_after_max_hold"": 21, ""no_candidate"": 20, ""none"": 910, ""stale_data_no_action"": 6}"
6000,-1500,30000,validation,100,1026,0,907,119,10,113,903,-208251,-202.97368421052633,-202.0,-219271,-213.71442495126706,-202.0,-11020,-10.74074074074074,0.0,-12.14994487320838,0.0,128,78,701,0.6213592233009708,206,0.5534722203432028,27,32119,4,13703,101,38733,0,0,70852,81872,True,True,37.1,1,24,0,63,31,0,0,1026,0,0,3,"{""cut_target"": 4, ""harmful_exit"": 74, ""neutral_exit"": 701, ""no_active_exit"": 119, ""saved_stop"": 27, ""timeout_improved"": 101}","{""candidate_after_baseline_exit"": 63, ""candidate_after_max_hold"": 31, ""no_candidate"": 24, ""none"": 907, ""stale_data_no_action"": 1}"
6000,-1500,30000,holdout,100,1026,0,901,125,6,114,906,-212052,-206.6783625730994,-202.0,-242167,-236.03021442495125,-202.0,-30115,-29.35185185185185,0.0,-33.42397336293008,0.0,149,93,659,0.6157024793388429,242,0.5530626014416311,29,37244,3,11317,120,32216,0,0,69460,99575,True,True,41.0,1,30,1,60,33,0,0,1026,0,0,2,"{""cut_target"": 3, ""harmful_exit"": 90, ""neutral_exit"": 659, ""no_active_exit"": 125, ""saved_stop"": 29, ""timeout_improved"": 120}","{""candidate_after_baseline_exit"": 60, ""candidate_after_max_hold"": 33, ""no_candidate"": 30, ""none"": 901, ""not_active_exit_eligible"": 1, ""stale_data_no_action"": 1}"
6000,-1500,60000,train,100,1027,0,922,105,26,166,835,-199296,-194.0564751703992,-202.0,-246694,-240.20837390457643,-202.0,-47398,-46.151898734177216,0.0,-51.40780911062907,0.0,247,141,534,0.6365979381443299,388,0.5876166920776916,78,112226,16,84338,169,57050,0,0,169276,216674,False,True,94.9,6,20,0,78,1,0,0,1027,0,0,3,"{""cut_target"": 16, ""harmful_exit"": 125, ""neutral_exit"": 534, ""no_active_exit"": 105, ""saved_stop"": 78, ""timeout_improved"": 169}","{""candidate_after_baseline_exit"": 78, ""candidate_after_max_hold"": 1, ""no_candidate"": 20, ""none"": 922, ""stale_data_no_action"": 6}"
6000,-1500,60000,validation,100,1026,0,924,102,21,147,858,-202999,-197.85477582846005,-202.0,-240855,-234.7514619883041,-202.0,-37856,-36.89668615984405,0.0,-40.96969696969697,0.0,203,106,615,0.656957928802589,309,0.6023901405432521,55,77222,14,72580,148,51062,0,0,128284,166140,False,True,69.8,1,24,0,73,4,0,0,1026,0,0,2,"{""cut_target"": 14, ""harmful_exit"": 92, ""neutral_exit"": 615, ""no_active_exit"": 102, ""saved_stop"": 55, ""timeout_improved"": 148}","{""candidate_after_baseline_exit"": 73, ""candidate_after_max_hold"": 4, ""no_candidate"": 24, ""none"": 924, ""stale_data_no_action"": 1}"
6000,-1500,60000,holdout,100,1026,0,921,105,13,143,870,-154339,-150.42787524366472,-202.0,-224285,-218.60136452241716,-202.0,-69946,-68.17348927875244,0.0,-75.9457111834962,0.0,219,127,575,0.6329479768786127,346,0.58095902782342,57,73788,5,18831,162,52734,0,0,126522,196468,True,True,73.2,1,30,1,68,5,0,0,1026,0,0,3,"{""cut_target"": 5, ""harmful_exit"": 122, ""neutral_exit"": 575, ""no_active_exit"": 105, ""saved_stop"": 57, ""timeout_improved"": 162}","{""candidate_after_baseline_exit"": 68, ""candidate_after_max_hold"": 5, ""no_candidate"": 30, ""none"": 921, ""not_active_exit_eligible"": 1, ""stale_data_no_action"": 1}"
6000,-1500,120000,train,100,1027,0,923,104,31,202,794,-250891,-244.2950340798442,-209.0,-247797,-241.2823758519961,-202.0,3094,3.0126582278481013,0.0,3.352112676056338,0.0,332,126,465,0.7248908296943232,458,0.6822495664557555,114,163522,21,111335,218,74760,0,0,238282,235188,False,True,135.8,6,20,0,78,0,0,0,1027,0,0,4,"{""cut_target"": 21, ""harmful_exit"": 105, ""neutral_exit"": 465, ""no_active_exit"": 104, ""saved_stop"": 114, ""timeout_improved"": 218}","{""candidate_after_baseline_exit"": 78, ""no_candidate"": 20, ""none"": 923, ""stale_data_no_action"": 6}"
6000,-1500,120000,validation,100,1026,0,925,101,30,171,825,-229382,-223.56920077972708,-202.0,-245827,-239.59746588693957,-202.0,-16445,-16.028265107212476,0.0,-17.778378378378378,0.0,296,98,531,0.751269035532995,394,0.7062964247099117,78,120650,23,113033,218,69338,0,0,189988,206433,False,True,99.8,1,24,0,76,0,0,0,1026,0,0,2,"{""cut_target"": 23, ""harmful_exit"": 75, ""neutral_exit"": 531, ""no_active_exit"": 101, ""saved_stop"": 78, ""timeout_improved"": 218}","{""candidate_after_baseline_exit"": 76, ""no_candidate"": 24, ""none"": 925, ""stale_data_no_action"": 1}"
6000,-1500,120000,holdout,100,1026,0,923,103,37,176,813,-160638,-156.5672514619883,-202.0,-227476,-221.71150097465886,-202.0,-66838,-65.14424951267057,0.0,-72.41386782231852,0.0,324,111,488,0.7448275862068966,435,0.7018395713654894,88,115368,25,119793,236,78601,0,0,193969,260807,False,True,111.6,1,30,1,70,1,0,0,1026,0,0,3,"{""cut_target"": 25, ""harmful_exit"": 86, ""neutral_exit"": 488, ""no_active_exit"": 103, ""saved_stop"": 88, ""timeout_improved"": 236}","{""candidate_after_baseline_exit"": 70, ""candidate_after_max_hold"": 1, ""no_candidate"": 30, ""none"": 923, ""not_active_exit_eligible"": 1, ""stale_data_no_action"": 1}"
6000,-2000,30000,train,100,1027,0,932,95,14,98,915,-253540,-246.87439143135344,-202.0,-275131,-267.8977604673807,-202.0,-21591,-21.023369036027265,0.0,-23.166309012875537,0.0,190,120,622,0.6129032258064516,310,0.557614740665508,34,52342,6,33689,156,67057,0,0,119399,140990,False,True,49.6,6,20,0,48,21,0,0,1027,0,0,4,"{""cut_target"": 6, ""harmful_exit"": 114, ""neutral_exit"": 622, ""no_active_exit"": 95, ""saved_stop"": 34, ""timeout_improved"": 156}","{""candidate_after_baseline_exit"": 48, ""candidate_after_max_hold"": 21, ""no_candidate"": 20, ""none"": 932, ""stale_data_no_action"": 6}"
6000,-2000,30000,validation,100,1026,0,919,107,11,96,919,-236573,-230.57797270955166,-202.0,-232465,-226.57407407407408,-202.0,4108,4.003898635477583,0.0,4.470076169749728,0.0,136,78,705,0.6355140186915887,214,0.5691679141231281,28,42565,4,13703,108,43415,0,0,85980,81872,True,True,38.8,1,24,0,51,31,0,0,1026,0,0,3,"{""cut_target"": 4, ""harmful_exit"": 74, ""neutral_exit"": 705, ""no_active_exit"": 107, ""saved_stop"": 28, ""timeout_improved"": 108}","{""candidate_after_baseline_exit"": 51, ""candidate_after_max_hold"": 31, ""no_candidate"": 24, ""none"": 919, ""stale_data_no_action"": 1}"
6000,-2000,30000,holdout,100,1026,0,913,113,7,101,918,-251465,-245.09259259259258,-202.0,-278701,-271.63840155945417,-202.0,-27236,-26.5458089668616,0.0,-29.83132530120482,0.0,153,99,661,0.6071428571428571,252,0.5456678283816333,29,46890,4,18838,124,34637,0,0,81527,108763,True,True,41.4,1,30,1,48,33,0,0,1026,0,0,2,"{""cut_target"": 4, ""harmful_exit"": 95, ""neutral_exit"": 661, ""no_active_exit"": 113, ""saved_stop"": 29, ""timeout_improved"": 124}","{""candidate_after_baseline_exit"": 48, ""candidate_after_max_hold"": 33, ""no_candidate"": 30, ""none"": 913, ""not_active_exit_eligible"": 1, ""stale_data_no_action"": 1}"
6000,-2000,60000,train,100,1027,0,944,83,28,142,857,-229344,-223.3145082765336,-202.0,-273856,-266.65628042843235,-202.0,-44512,-43.34177215189873,0.0,-47.152542372881356,0.0,255,150,539,0.6296296296296297,405,0.5815865796445375,77,130486,17,92229,178,69850,0,0,200336,244848,False,True,94.8,6,20,0,56,1,0,0,1027,0,0,3,"{""cut_target"": 17, ""harmful_exit"": 133, ""neutral_exit"": 539, ""no_active_exit"": 83, ""saved_stop"": 77, ""timeout_improved"": 178}","{""candidate_after_baseline_exit"": 56, ""candidate_after_max_hold"": 1, ""no_candidate"": 20, ""none"": 944, ""stale_data_no_action"": 6}"
6000,-2000,60000,validation,100,1026,0,937,89,24,127,875,-231617,-225.74756335282652,-202.0,-248754,-242.45029239766083,-202.0,-17137,-16.702729044834307,0.0,-18.28922091782284,0.0,211,108,618,0.6614420062695925,319,0.6078655462810739,54,88579,14,72580,157,63622,0,0,152201,169338,False,True,69.7,1,24,0,60,4,0,0,1026,0,0,2,"{""cut_target"": 14, ""harmful_exit"": 94, ""neutral_exit"": 618, ""no_active_exit"": 89, ""saved_stop"": 54, ""timeout_improved"": 157}","{""candidate_after_baseline_exit"": 60, ""candidate_after_max_hold"": 4, ""no_candidate"": 24, ""none"": 937, ""stale_data_no_action"": 1}"
6000,-2000,60000,holdout,100,1026,0,933,93,15,121,890,-191684,-186.82651072124756,-202.0,-255719,-249.23879142300194,-202.0,-64035,-62.41228070175438,0.0,-68.63344051446946,0.0,224,133,576,0.6274509803921569,357,0.5761905357945424,48,80930,7,33827,176,68838,0,0,149768,213803,True,True,65.6,1,30,1,56,5,0,0,1026,0,0,3,"{""cut_target"": 7, ""harmful_exit"": 126, ""neutral_exit"": 576, ""no_active_exit"": 93, ""saved_stop"": 48, ""timeout_improved"": 176}","{""candidate_after_baseline_exit"": 56, ""candidate_after_max_hold"": 5, ""no_candidate"": 30, ""none"": 933, ""not_active_exit_eligible"": 1, ""stale_data_no_action"": 1}"
6000,-2000,120000,train,100,1027,0,945,82,36,177,814,-297264,-289.4488802336904,-209.0,-274959,-267.73028237585197,-202.0,22305,21.718597857838365,0.0,23.603174603174605,0.0,341,135,469,0.7163865546218487,476,0.6742862926637339,112,199275,25,140259,229,89963,0,0,289238,266933,False,True,134.9,6,20,0,56,0,0,0,1027,0,0,4,"{""cut_target"": 25, ""harmful_exit"": 110, ""neutral_exit"": 469, ""no_active_exit"": 82, ""saved_stop"": 112, ""timeout_improved"": 229}","{""candidate_after_baseline_exit"": 56, ""no_candidate"": 20, ""none"": 945, ""stale_data_no_action"": 6}"
6000,-2000,120000,validation,100,1026,0,941,85,34,143,849,-250896,-244.53801169590642,-202.0,-255849,-249.3654970760234,-202.0,-4953,-4.8274853801169595,0.0,-5.263549415515409,0.0,305,103,533,0.7475490196078431,408,0.7032207675048632,69,126990,24,116071,236,94751,0,0,221741,226694,False,True,92.6,1,24,0,60,0,0,0,1026,0,0,2,"{""cut_target"": 24, ""harmful_exit"": 79, ""neutral_exit"": 533, ""no_active_exit"": 85, ""saved_stop"": 69, ""timeout_improved"": 236}","{""candidate_after_baseline_exit"": 60, ""no_candidate"": 24, ""none"": 941, ""stale_data_no_action"": 1}"
6000,-2000,120000,holdout,100,1026,0,936,90,39,149,838,-206783,-201.5428849902534,-202.0,-261583,-254.95419103313841,-202.0,-54800,-53.41130604288499,0.0,-58.547008547008545,0.0,329,118,489,0.7360178970917226,447,0.6932690880141572,74,133201,27,134789,255,96742,0,0,229943,284743,False,True,99.5,1,30,1,57,1,0,0,1026,0,0,3,"{""cut_target"": 27, ""harmful_exit"": 91, ""neutral_exit"": 489, ""no_active_exit"": 90, ""saved_stop"": 74, ""timeout_improved"": 255}","{""candidate_after_baseline_exit"": 57, ""candidate_after_max_hold"": 1, ""no_candidate"": 30, ""none"": 936, ""not_active_exit_eligible"": 1, ""stale_data_no_action"": 1}"
6000,-3000,30000,train,100,1027,0,957,70,14,60,953,-300662,-292.75754625121715,-202.0,-300591,-292.6884128529698,-202.0,71,0.0691333982473223,0.0,0.0741901776384535,0.0,202,128,627,0.6121212121212121,330,0.5585460720972186,27,48618,6,33689,175,96416,0,0,145034,144963,True,True,44.5,6,20,0,23,21,0,0,1027,0,0,3,"{""cut_target"": 6, ""harmful_exit"": 122, ""neutral_exit"": 627, ""no_active_exit"": 70, ""saved_stop"": 27, ""timeout_improved"": 175}","{""candidate_after_baseline_exit"": 23, ""candidate_after_max_hold"": 21, ""no_candidate"": 20, ""none"": 957, ""stale_data_no_action"": 6}"
6000,-3000,30000,validation,100,1026,0,946,80,12,70,944,-291699,-284.3070175438597,-202.0,-266768,-260.00779727095517,-202.0,24931,24.299220272904485,0.0,26.354122621564482,0.0,152,83,711,0.6468085106382979,235,0.5837854600937301,32,55535,5,22233,120,61761,0,0,117296,92365,True,True,44.0,1,24,0,24,31,0,0,1026,0,0,3,"{""cut_target"": 5, ""harmful_exit"": 78, ""neutral_exit"": 711, ""no_active_exit"": 80, ""saved_stop"": 32, ""timeout_improved"": 120}","{""candidate_after_baseline_exit"": 24, ""candidate_after_max_hold"": 31, ""no_candidate"": 24, ""none"": 946, ""stale_data_no_action"": 1}"
6000,-3000,30000,holdout,100,1026,0,936,90,10,62,954,-287333,-280.05165692007796,-202.0,-294895,-287.42202729044834,-202.0,-7562,-7.37037037037037,0.0,-8.07905982905983,0.0,165,106,665,0.6088560885608856,271,0.5496202920787091,22,45792,4,18838,143,59016,0,0,104808,112370,True,True,36.3,1,30,1,25,33,0,0,1026,0,0,2,"{""cut_target"": 4, ""harmful_exit"": 102, ""neutral_exit"": 665, ""no_active_exit"": 90, ""saved_stop"": 22, ""timeout_improved"": 143}","{""candidate_after_baseline_exit"": 25, ""candidate_after_max_hold"": 33, ""no_candidate"": 30, ""none"": 936, ""not_active_exit_eligible"": 1, ""stale_data_no_action"": 1}"
6000,-3000,60000,train,100,1027,0,973,54,28,90,909,-296013,-288.2307692307692,-202.0,-306081,-298.0340798442064,-202.0,-10068,-9.803310613437196,0.0,-10.347379239465571,0.0,267,163,543,0.6209302325581395,430,0.5741945047678809,54,123835,17,92229,213,124060,0,0,247895,257963,False,True,75.3,6,20,0,27,1,0,0,1027,0,0,3,"{""cut_target"": 17, ""harmful_exit"": 146, ""neutral_exit"": 543, ""no_active_exit"": 54, ""saved_stop"": 54, ""timeout_improved"": 213}","{""candidate_after_baseline_exit"": 27, ""candidate_after_max_hold"": 1, ""no_candidate"": 20, ""none"": 973, ""stale_data_no_action"": 6}"
6000,-3000,60000,validation,100,1026,0,970,56,26,93,907,-294317,-286.85867446393763,-202.0,-289132,-281.80506822612085,-202.0,5185,5.053606237816764,0.0,5.345360824742268,0.0,231,118,621,0.66189111747851,349,0.610736582577603,53,108255,16,87644,178,90568,0,0,198823,193638,False,True,70.8,1,24,0,27,4,0,0,1026,0,0,3,"{""cut_target"": 16, ""harmful_exit"": 102, ""neutral_exit"": 621, ""no_active_exit"": 56, ""saved_stop"": 53, ""timeout_improved"": 178}","{""candidate_after_baseline_exit"": 27, ""candidate_after_max_hold"": 4, ""no_candidate"": 24, ""none"": 970, ""stale_data_no_action"": 1}"
6000,-3000,60000,holdout,100,1026,0,961,65,18,80,928,-242464,-236.3196881091618,-202.0,-267919,-261.1296296296296,-202.0,-25455,-24.809941520467838,0.0,-26.48803329864724,0.0,241,141,579,0.6308900523560209,382,0.5814190432927067,39,87875,7,33827,202,107708,0,0,195583,221038,True,True,59.2,1,30,1,28,5,0,0,1026,0,0,3,"{""cut_target"": 7, ""harmful_exit"": 134, ""neutral_exit"": 579, ""no_active_exit"": 65, ""saved_stop"": 39, ""timeout_improved"": 202}","{""candidate_after_baseline_exit"": 28, ""candidate_after_max_hold"": 5, ""no_candidate"": 30, ""none"": 961, ""not_active_exit_eligible"": 1, ""stale_data_no_action"": 1}"
6000,-3000,120000,train,100,1027,0,974,53,37,127,863,-385249,-375.12074001947417,-208.0,-307184,-299.1080817916261,-202.0,78065,76.0126582278481,0.0,80.14887063655031,0.0,357,144,473,0.7125748502994012,501,0.6714468233807492,91,220555,26,144050,266,146319,0,0,366874,288809,False,True,117.6,6,20,0,27,0,0,0,1027,0,0,4,"{""cut_target"": 26, ""harmful_exit"": 118, ""neutral_exit"": 473, ""no_active_exit"": 53, ""saved_stop"": 91, ""timeout_improved"": 266}","{""candidate_after_baseline_exit"": 27, ""no_candidate"": 20, ""none"": 974, ""stale_data_no_action"": 6}"
6000,-3000,120000,validation,100,1026,0,974,52,38,112,876,-313567,-305.6208576998051,-202.0,-297227,-289.69493177387915,-202.0,16340,15.925925925925926,0.0,16.77618069815195,0.0,324,115,535,0.7380410022779044,439,0.6949715325303754,71,159277,28,144795,253,127193,0,0,286470,270130,False,True,96.3,1,24,0,27,0,0,0,1026,0,0,2,"{""cut_target"": 28, ""harmful_exit"": 87, ""neutral_exit"": 535, ""no_active_exit"": 52, ""saved_stop"": 71, ""timeout_improved"": 253}","{""candidate_after_baseline_exit"": 27, ""no_candidate"": 24, ""none"": 974, ""stale_data_no_action"": 1}"
6000,-3000,120000,holdout,100,1026,0,964,62,45,105,876,-263536,-256.85769980506825,-202.0,-271358,-264.48148148148147,-202.0,-7822,-7.623781676413255,0.0,-8.114107883817427,0.0,345,127,492,0.7309322033898306,472,0.6891781529966358,62,150575,29,150097,283,148863,0,0,299438,307260,False,True,90.3,1,30,1,29,1,0,0,1026,0,0,3,"{""cut_target"": 29, ""harmful_exit"": 98, ""neutral_exit"": 492, ""no_active_exit"": 62, ""saved_stop"": 62, ""timeout_improved"": 283}","{""candidate_after_baseline_exit"": 29, ""candidate_after_max_hold"": 1, ""no_candidate"": 30, ""none"": 964, ""not_active_exit_eligible"": 1, ""stale_data_no_action"": 1}"
6000,-5000,30000,train,100,1027,0,979,48,15,26,986,-349398,-340.2122687439143,-202.0,-347655,-338.5150925024343,-202.0,1743,1.6971762414800389,0.0,1.780388151174668,0.0,215,134,630,0.6160458452722063,349,0.5640203924665124,16,44758,7,44177,199,127789,0,0,172547,170804,False,True,35.900000000000006,6,20,0,1,21,0,0,1027,0,0,3,"{""cut_target"": 7, ""harmful_exit"": 127, ""neutral_exit"": 630, ""no_active_exit"": 48, ""saved_stop"": 16, ""timeout_improved"": 199}","{""candidate_after_baseline_exit"": 1, ""candidate_after_max_hold"": 21, ""no_candidate"": 20, ""none"": 979, ""stale_data_no_action"": 6}"
6000,-5000,30000,validation,100,1026,0,965,61,14,27,985,-324177,-315.96198830409355,-202.0,-284033,-276.83528265107213,-202.0,40144,39.12670565302144,0.0,41.6,0.0,159,91,715,0.636,250,0.574716410018678,13,41814,6,31434,146,108957,0,0,150771,110627,True,True,27.6,1,24,0,5,31,0,0,1026,0,0,3,"{""cut_target"": 6, ""harmful_exit"": 85, ""neutral_exit"": 715, ""no_active_exit"": 61, ""saved_stop"": 13, ""timeout_improved"": 146}","{""candidate_after_baseline_exit"": 5, ""candidate_after_max_hold"": 31, ""no_candidate"": 24, ""none"": 965, ""stale_data_no_action"": 1}"
6000,-5000,30000,holdout,100,1026,0,954,72,12,27,987,-333635,-325.1803118908382,-202.0,-318220,-310.1559454191033,-202.0,15415,15.024366471734893,0.0,16.158280922431867,0.0,174,110,670,0.6126760563380281,284,0.5548761166019419,9,25014,4,18838,165,106455,0,0,131469,116054,True,True,25.5,1,30,1,7,33,0,0,1026,0,0,2,"{""cut_target"": 4, ""harmful_exit"": 106, ""neutral_exit"": 670, ""no_active_exit"": 72, ""saved_stop"": 9, ""timeout_improved"": 165}","{""candidate_after_baseline_exit"": 7, ""candidate_after_max_hold"": 33, ""no_candidate"": 30, ""none"": 954, ""not_active_exit_eligible"": 1, ""stale_data_no_action"": 1}"
6000,-5000,60000,train,100,1027,0,999,28,30,40,957,-377474,-367.55014605647517,-202.0,-355119,-345.78286270691336,-202.0,22355,21.76728334956183,0.0,22.37737737737738,0.0,284,169,546,0.6269315673289183,453,0.5815038387425367,30,99177,19,111878,254,208943,0,0,308120,285765,False,True,55.400000000000006,6,20,0,1,1,0,0,1027,0,0,3,"{""cut_target"": 19, ""harmful_exit"": 150, ""neutral_exit"": 546, ""no_active_exit"": 28, ""saved_stop"": 30, ""timeout_improved"": 254}","{""candidate_after_baseline_exit"": 1, ""candidate_after_max_hold"": 1, ""no_candidate"": 20, ""none"": 999, ""stale_data_no_action"": 6}"
6000,-5000,60000,validation,100,1026,0,991,35,31,51,944,-359085,-349.98538011695905,-202.0,-307014,-299.233918128655,-202.0,52071,50.751461988304094,0.0,52.5438950554995,0.0,243,126,622,0.6585365853658537,369,0.6087418784224581,35,117252,18,106918,208,153837,0,0,271089,219018,False,True,55.8,1,24,0,6,4,0,0,1026,0,0,3,"{""cut_target"": 18, ""harmful_exit"": 108, ""neutral_exit"": 622, ""no_active_exit"": 35, ""saved_stop"": 35, ""timeout_improved"": 208}","{""candidate_after_baseline_exit"": 6, ""candidate_after_max_hold"": 4, ""no_candidate"": 24, ""none"": 991, ""stale_data_no_action"": 1}"
6000,-5000,60000,holdout,100,1026,0,979,47,20,35,971,-304151,-296.4434697855751,-202.0,-301555,-293.9132553606238,-202.0,2596,2.530214424951267,0.0,2.651685393258427,0.0,249,148,582,0.6272040302267002,397,0.5786321613072589,15,47823,7,33827,234,182569,0,0,230392,227796,True,True,38.400000000000006,1,30,1,10,5,0,0,1026,0,0,3,"{""cut_target"": 7, ""harmful_exit"": 141, ""neutral_exit"": 582, ""no_active_exit"": 47, ""saved_stop"": 15, ""timeout_improved"": 234}","{""candidate_after_baseline_exit"": 10, ""candidate_after_max_hold"": 5, ""no_candidate"": 30, ""none"": 979, ""not_active_exit_eligible"": 1, ""stale_data_no_action"": 1}"
6000,-5000,120000,train,100,1027,0,1000,27,39,58,930,-509516,-496.12074001947417,-208.0,-356222,-346.856864654333,-202.0,153294,149.2638753651412,0.0,153.294,0.0,373,151,476,0.7118320610687023,524,0.6716222677692932,48,178040,28,163699,325,298962,0,0,477002,323708,False,True,80.5,6,20,0,1,0,0,0,1027,0,0,4,"{""cut_target"": 28, ""harmful_exit"": 123, ""neutral_exit"": 476, ""no_active_exit"": 27, ""saved_stop"": 48, ""timeout_improved"": 325}","{""candidate_after_baseline_exit"": 1, ""no_candidate"": 20, ""none"": 1000, ""stale_data_no_action"": 6}"
6000,-5000,120000,validation,100,1026,0,995,31,43,68,915,-407348,-397.02534113060426,-202.0,-317109,-309.0730994152047,-202.0,90239,87.95224171539961,0.0,90.69246231155779,0.0,337,122,536,0.7342047930283224,459,0.691968835469591,51,186787,30,164069,286,199205,0,0,385992,295753,False,True,79.6,1,24,0,6,0,0,0,1026,0,0,2,"{""cut_target"": 30, ""harmful_exit"": 92, ""neutral_exit"": 536, ""no_active_exit"": 31, ""saved_stop"": 51, ""timeout_improved"": 286}","{""candidate_after_baseline_exit"": 6, ""no_candidate"": 24, ""none"": 995, ""stale_data_no_action"": 1}"
6000,-5000,120000,holdout,100,1026,0,983,43,49,47,930,-344284,-335.5594541910331,-202.0,-307137,-299.35380116959067,-202.0,37147,36.205653021442494,0.0,37.78942014242116,0.0,356,132,495,0.7295081967213115,488,0.6884167977108165,25,96025,31,160108,331,262319,0,0,358344,321197,False,True,58.1,1,30,1,10,1,0,0,1026,0,0,3,"{""cut_target"": 31, ""harmful_exit"": 101, ""neutral_exit"": 495, ""no_active_exit"": 43, ""saved_stop"": 25, ""timeout_improved"": 331}","{""candidate_after_baseline_exit"": 10, ""candidate_after_max_hold"": 1, ""no_candidate"": 30, ""none"": 983, ""not_active_exit_eligible"": 1, ""stale_data_no_action"": 1}"
6000,-6000,30000,train,100,1027,0,980,47,15,16,996,-364696,-355.1080817916261,-202.0,-356953,-347.5686465433301,-202.0,7743,7.539435248296008,0.0,7.901020408163265,0.0,214,136,630,0.6114285714285714,350,0.5594175104291842,7,31743,7,44177,207,149173,0,0,180916,173173,True,True,27.700000000000003,6,20,0,0,21,0,0,1027,0,0,3,"{""cut_target"": 7, ""harmful_exit"": 129, ""neutral_exit"": 630, ""no_active_exit"": 47, ""saved_stop"": 7, ""timeout_improved"": 207}","{""candidate_after_max_hold"": 21, ""no_candidate"": 20, ""none"": 980, ""stale_data_no_action"": 6}"
6000,-6000,30000,validation,100,1026,0,969,57,14,17,995,-341492,-332.83820662768034,-202.0,-294662,-287.19493177387915,-202.0,46830,45.64327485380117,0.0,48.328173374613,0.0,162,92,715,0.6377952755905512,254,0.5770400219932978,7,24314,6,31434,155,133821,0,0,158135,111305,True,True,22.5,1,24,0,1,31,0,0,1026,0,0,3,"{""cut_target"": 6, ""harmful_exit"": 86, ""neutral_exit"": 715, ""no_active_exit"": 57, ""saved_stop"": 7, ""timeout_improved"": 155}","{""candidate_after_baseline_exit"": 1, ""candidate_after_max_hold"": 31, ""no_candidate"": 24, ""none"": 969, ""stale_data_no_action"": 1}"
6000,-6000,30000,holdout,100,1026,0,961,65,12,12,1002,-340967,-332.3265107212476,-202.0,-325969,-317.70857699805066,-202.0,14998,14.617933723196881,0.0,15.606659729448491,0.0,178,112,671,0.6137931034482759,290,0.556616694623334,3,2225,4,18838,175,132934,0,0,135159,120161,True,True,20.5,1,30,1,0,33,0,0,1026,0,0,2,"{""cut_target"": 4, ""harmful_exit"": 108, ""neutral_exit"": 671, ""no_active_exit"": 65, ""saved_stop"": 3, ""timeout_improved"": 175}","{""candidate_after_max_hold"": 33, ""no_candidate"": 30, ""none"": 961, ""not_active_exit_eligible"": 1, ""stale_data_no_action"": 1}"
6000,-6000,60000,train,100,1027,0,1000,27,30,22,975,-395990,-385.57935735150926,-202.0,-364417,-354.83641674780915,-202.0,31573,30.7429406037001,0.0,31.573,0.0,282,172,546,0.6211453744493393,454,0.575682472484875,13,70054,19,111878,269,251785,0,0,321839,290266,False,True,39.900000000000006,6,20,0,0,1,0,0,1027,0,0,3,"{""cut_target"": 19, ""harmful_exit"": 153, ""neutral_exit"": 546, ""no_active_exit"": 27, ""saved_stop"": 13, ""timeout_improved"": 269}","{""candidate_after_max_hold"": 1, ""no_candidate"": 20, ""none"": 1000, ""stale_data_no_action"": 6}"
6000,-6000,60000,validation,100,1026,0,996,30,31,32,963,-395872,-385.8401559454191,-202.0,-319149,-311.06140350877195,-202.0,76723,74.77875243664717,0.0,77.03112449799197,0.0,247,127,622,0.660427807486631,374,0.6110190617598562,21,88123,18,106918,226,209142,0,0,297265,220542,False,True,43.6,1,24,0,1,4,0,0,1026,0,0,3,"{""cut_target"": 18, ""harmful_exit"": 109, ""neutral_exit"": 622, ""no_active_exit"": 30, ""saved_stop"": 21, ""timeout_improved"": 226}","{""candidate_after_baseline_exit"": 1, ""candidate_after_max_hold"": 4, ""no_candidate"": 24, ""none"": 996, ""stale_data_no_action"": 1}"
6000,-6000,60000,holdout,100,1026,0,988,38,20,22,984,-318592,-310.51851851851853,-202.0,-306253,-298.49220272904483,-202.0,12339,12.026315789473685,0.0,12.488866396761134,0.0,255,149,584,0.6311881188118812,404,0.583110458579502,11,29278,7,33827,244,212170,0,0,241448,229109,True,True,35.400000000000006,1,30,1,1,5,0,0,1026,0,0,3,"{""cut_target"": 7, ""harmful_exit"": 142, ""neutral_exit"": 584, ""no_active_exit"": 38, ""saved_stop"": 11, ""timeout_improved"": 244}","{""candidate_after_baseline_exit"": 1, ""candidate_after_max_hold"": 5, ""no_candidate"": 30, ""none"": 988, ""not_active_exit_eligible"": 1, ""stale_data_no_action"": 1}"
6000,-6000,120000,train,100,1027,0,1001,26,39,29,959,-531468,-517.4956183057449,-208.0,-365520,-355.9104186952288,-202.0,165948,161.58519961051607,0.0,165.78221778221777,0.0,371,154,476,0.7066666666666667,525,0.6663327104259062,20,101939,28,163699,351,390090,0,0,492029,326081,False,True,55.1,6,20,0,0,0,0,0,1027,0,0,4,"{""cut_target"": 28, ""harmful_exit"": 126, ""neutral_exit"": 476, ""no_active_exit"": 26, ""saved_stop"": 20, ""timeout_improved"": 351}","{""no_candidate"": 20, ""none"": 1001, ""stale_data_no_action"": 6}"
6000,-6000,120000,validation,100,1026,0,1000,26,43,43,940,-451369,-439.9307992202729,-202.0,-330244,-321.87524366471735,-202.0,121125,118.05555555555556,0.0,121.125,0.0,340,124,536,0.7327586206896551,464,0.6907031430022063,31,141013,30,164069,309,283301,0,0,424314,303189,False,True,61.900000000000006,1,24,0,1,0,0,0,1026,0,0,2,"{""cut_target"": 30, ""harmful_exit"": 94, ""neutral_exit"": 536, ""no_active_exit"": 26, ""saved_stop"": 31, ""timeout_improved"": 309}","{""candidate_after_baseline_exit"": 1, ""no_candidate"": 24, ""none"": 1000, ""stale_data_no_action"": 1}"
6000,-6000,120000,holdout,100,1026,0,992,34,49,33,944,-361102,-351.95126705653024,-202.0,-313835,-305.88206627680313,-202.0,47267,46.0692007797271,0.0,47.64818548387097,0.0,360,135,497,0.7272727272727273,495,0.6864011182313462,20,73867,31,160108,340,298335,0,0,372202,324935,False,True,54.0,1,30,1,1,1,0,0,1026,0,0,3,"{""cut_target"": 31, ""harmful_exit"": 104, ""neutral_exit"": 497, ""no_active_exit"": 34, ""saved_stop"": 20, ""timeout_improved"": 340}","{""candidate_after_baseline_exit"": 1, ""candidate_after_max_hold"": 1, ""no_candidate"": 30, ""none"": 992, ""not_active_exit_eligible"": 1, ""stale_data_no_action"": 1}"
7500,-200,30000,train,100,1027,0,788,239,8,312,707,-53145,-51.74780915287244,-202.0,-102573,-99.8763388510224,-202.0,-49428,-48.128529698149954,0.0,-62.7258883248731,0.0,139,77,572,0.6435185185185185,216,0.5776481475051477,92,27456,5,35865,47,7657,0,0,35113,84541,False,True,96.7,6,20,0,192,21,0,0,1027,0,0,2,"{""cut_target"": 5, ""harmful_exit"": 72, ""neutral_exit"": 572, ""no_active_exit"": 239, ""saved_stop"": 92, ""timeout_improved"": 47}","{""candidate_after_baseline_exit"": 192, ""candidate_after_max_hold"": 21, ""no_candidate"": 20, ""none"": 788, ""stale_data_no_action"": 6}"
7500,-200,30000,validation,100,1026,0,817,209,5,258,763,-83699,-81.57797270955166,-202.0,-96991,-94.53313840155946,-202.0,-13292,-12.955165692007798,0.0,-16.269277845777232,0.0,104,51,662,0.6709677419354839,155,0.5936466139682639,71,18544,2,8926,33,7921,0,0,26465,39757,False,True,74.3,1,24,0,153,31,0,0,1026,0,0,2,"{""cut_target"": 2, ""harmful_exit"": 49, ""neutral_exit"": 662, ""no_active_exit"": 209, ""saved_stop"": 71, ""timeout_improved"": 33}","{""candidate_after_baseline_exit"": 153, ""candidate_after_max_hold"": 31, ""no_candidate"": 24, ""none"": 817, ""stale_data_no_action"": 1}"
7500,-200,30000,holdout,100,1026,0,794,232,2,272,752,-74893,-72.99512670565302,-202.0,-110621,-107.817738791423,-202.0,-35728,-34.82261208576998,0.0,-44.99748110831234,0.0,113,61,620,0.6494252873563219,174,0.5759961965389941,67,17245,1,3157,46,3810,0,0,21055,56783,True,True,71.6,1,30,1,167,33,0,0,1026,0,0,2,"{""cut_target"": 1, ""harmful_exit"": 60, ""neutral_exit"": 620, ""no_active_exit"": 232, ""saved_stop"": 67, ""timeout_improved"": 46}","{""candidate_after_baseline_exit"": 167, ""candidate_after_max_hold"": 33, ""no_candidate"": 30, ""none"": 794, ""not_active_exit_eligible"": 1, ""stale_data_no_action"": 1}"
7500,-200,60000,train,100,1027,0,792,235,12,366,649,-17260,-16.806231742940604,-208.0,-114835,-111.8159688412853,-202.0,-97575,-95.00973709834469,0.0,-123.20075757575758,0.0,197,95,500,0.6746575342465754,292,0.6189550815027008,145,45484,9,63662,52,6230,0,0,51714,149289,False,True,150.2,6,20,0,208,1,0,0,1027,0,0,2,"{""cut_target"": 9, ""harmful_exit"": 86, ""neutral_exit"": 500, ""no_active_exit"": 235, ""saved_stop"": 145, ""timeout_improved"": 52}","{""candidate_after_baseline_exit"": 208, ""candidate_after_max_hold"": 1, ""no_candidate"": 20, ""none"": 792, ""stale_data_no_action"": 6}"
7500,-200,60000,validation,100,1026,0,828,198,9,299,718,-39829,-38.819688109161795,-202.0,-108049,-105.31091617933723,-202.0,-68220,-66.49122807017544,0.0,-82.3913043478261,0.0,165,79,584,0.6762295081967213,244,0.6151798653158279,108,32442,6,32870,57,5496,0,0,37938,106158,False,True,113.7,1,24,0,169,4,0,0,1026,0,0,2,"{""cut_target"": 6, ""harmful_exit"": 73, ""neutral_exit"": 584, ""no_active_exit"": 198, ""saved_stop"": 108, ""timeout_improved"": 57}","{""candidate_after_baseline_exit"": 169, ""candidate_after_max_hold"": 4, ""no_candidate"": 24, ""none"": 828, ""stale_data_no_action"": 1}"
7500,-200,60000,holdout,100,1026,0,805,221,7,322,697,-38202,-37.23391812865497,-202.0,-87574,-85.35477582846003,-202.0,-49372,-48.12085769980507,0.0,-61.33167701863354,0.0,185,78,542,0.7034220532319392,263,0.6456130850605842,114,30493,2,8845,71,6264,0,0,36757,86129,True,True,121.1,1,30,1,184,5,0,0,1026,0,0,2,"{""cut_target"": 2, ""harmful_exit"": 76, ""neutral_exit"": 542, ""no_active_exit"": 221, ""saved_stop"": 114, ""timeout_improved"": 71}","{""candidate_after_baseline_exit"": 184, ""candidate_after_max_hold"": 5, ""no_candidate"": 30, ""none"": 805, ""not_active_exit_eligible"": 1, ""stale_data_no_action"": 1}"
7500,-200,120000,train,100,1027,0,793,234,16,433,578,-25107,-24.446932814021423,-213.0,-125914,-122.60370009737099,-202.0,-100807,-98.15676728334957,0.0,-127.12105926860025,0.0,269,87,437,0.7556179775280899,356,0.7084058507568352,209,66037,13,87454,60,2590,0,0,68627,169434,False,True,215.0,6,20,0,208,0,0,0,1027,0,0,3,"{""cut_target"": 13, ""harmful_exit"": 74, ""neutral_exit"": 437, ""no_active_exit"": 234, ""saved_stop"": 209, ""timeout_improved"": 60}","{""candidate_after_baseline_exit"": 208, ""no_candidate"": 20, ""none"": 793, ""stale_data_no_action"": 6}"
7500,-200,120000,validation,100,1026,0,829,197,17,380,629,-19326,-18.83625730994152,-202.0,-110887,-108.07699805068226,-202.0,-91561,-89.24074074074075,0.0,-110.44752714113389,0.0,249,72,508,0.7757009345794392,321,0.7269635515010856,188,51940,13,80651,61,3881,0,0,55821,147382,False,True,194.1,1,24,0,172,0,0,0,1026,0,0,2,"{""cut_target"": 13, ""harmful_exit"": 59, ""neutral_exit"": 508, ""no_active_exit"": 197, ""saved_stop"": 188, ""timeout_improved"": 61}","{""candidate_after_baseline_exit"": 172, ""no_candidate"": 24, ""none"": 829, ""stale_data_no_action"": 1}"
7500,-200,120000,holdout,100,1026,0,806,220,19,404,603,-663,-0.6461988304093568,-208.0,-88009,-85.77875243664717,-202.0,-87346,-85.13255360623782,0.0,-108.3697270471464,0.0,276,66,464,0.8070175438596491,342,0.7618757374810408,194,48421,11,62290,82,8528,0,0,56949,144295,False,True,202.2,1,30,1,187,1,0,0,1026,0,0,3,"{""cut_target"": 11, ""harmful_exit"": 55, ""neutral_exit"": 464, ""no_active_exit"": 220, ""saved_stop"": 194, ""timeout_improved"": 82}","{""candidate_after_baseline_exit"": 187, ""candidate_after_max_hold"": 1, ""no_candidate"": 30, ""none"": 806, ""not_active_exit_eligible"": 1, ""stale_data_no_action"": 1}"
7500,-300,30000,train,100,1027,0,813,214,8,275,744,-80347,-78.2346640701071,-202.0,-121636,-118.43816942551119,-202.0,-41289,-40.20350535540409,0.0,-50.7859778597786,0.0,151,80,582,0.6536796536796536,231,0.5902608834604485,80,32432,5,35865,71,11840,0,0,44272,85561,False,True,87.1,6,20,0,167,21,0,0,1027,0,0,2,"{""cut_target"": 5, ""harmful_exit"": 75, ""neutral_exit"": 582, ""no_active_exit"": 214, ""saved_stop"": 80, ""timeout_improved"": 71}","{""candidate_after_baseline_exit"": 167, ""candidate_after_max_hold"": 21, ""no_candidate"": 20, ""none"": 813, ""stale_data_no_action"": 6}"
7500,-300,30000,validation,100,1026,0,832,194,5,231,790,-94871,-92.46686159844054,-202.0,-112991,-110.12768031189084,-202.0,-18120,-17.660818713450293,0.0,-21.778846153846153,0.0,109,55,668,0.6646341463414634,164,0.5893419412489201,60,21553,2,8926,49,11247,0,0,32800,50920,False,True,64.9,1,24,0,138,31,0,0,1026,0,0,2,"{""cut_target"": 2, ""harmful_exit"": 53, ""neutral_exit"": 668, ""no_active_exit"": 194, ""saved_stop"": 60, ""timeout_improved"": 49}","{""candidate_after_baseline_exit"": 138, ""candidate_after_max_hold"": 31, ""no_candidate"": 24, ""none"": 832, ""stale_data_no_action"": 1}"
7500,-300,30000,holdout,100,1026,0,813,213,3,241,782,-84992,-82.83820662768031,-202.0,-129618,-126.33333333333333,-202.0,-44626,-43.49512670565302,0.0,-54.89052890528905,0.0,119,67,627,0.6397849462365591,186,0.5686088705273937,55,20246,2,10359,64,6630,0,0,26876,71502,False,True,61.4,1,30,1,148,33,0,0,1026,0,0,2,"{""cut_target"": 2, ""harmful_exit"": 65, ""neutral_exit"": 627, ""no_active_exit"": 213, ""saved_stop"": 55, ""timeout_improved"": 64}","{""candidate_after_baseline_exit"": 148, ""candidate_after_max_hold"": 33, ""no_candidate"": 30, ""none"": 813, ""not_active_exit_eligible"": 1, ""stale_data_no_action"": 1}"
7500,-300,60000,train,100,1027,0,817,210,12,323,692,-48857,-47.572541382667964,-205.0,-133998,-130.47517039922104,-202.0,-85141,-82.90262901655306,0.0,-104.21175030599755,0.0,209,101,507,0.6741935483870968,310,0.6201656318128362,127,55251,9,63662,82,10702,0,0,65953,151094,False,True,135.2,6,20,0,183,1,0,0,1027,0,0,2,"{""cut_target"": 9, ""harmful_exit"": 92, ""neutral_exit"": 507, ""no_active_exit"": 210, ""saved_stop"": 127, ""timeout_improved"": 82}","{""candidate_after_baseline_exit"": 183, ""candidate_after_max_hold"": 1, ""no_candidate"": 20, ""none"": 817, ""stale_data_no_action"": 6}"
7500,-300,60000,validation,100,1026,0,844,182,9,273,744,-56015,-54.59551656920078,-202.0,-125046,-121.87719298245614,-202.0,-69031,-67.28167641325535,0.0,-81.79028436018957,0.0,172,83,589,0.6745098039215687,255,0.6147798313866599,98,39537,6,32870,74,8637,0,0,48174,117205,False,True,105.4,1,24,0,153,4,0,0,1026,0,0,2,"{""cut_target"": 6, ""harmful_exit"": 77, ""neutral_exit"": 589, ""no_active_exit"": 182, ""saved_stop"": 98, ""timeout_improved"": 74}","{""candidate_after_baseline_exit"": 153, ""candidate_after_max_hold"": 4, ""no_candidate"": 24, ""none"": 844, ""stale_data_no_action"": 1}"
7500,-300,60000,holdout,100,1026,0,824,202,8,289,729,-36113,-35.19785575048733,-202.0,-106871,-104.16276803118909,-202.0,-70758,-68.96491228070175,0.0,-85.87135922330097,0.0,187,88,549,0.68,275,0.622712245173972,100,37623,3,16047,87,8369,0,0,45992,116750,False,True,108.7,1,30,1,165,5,0,0,1026,0,0,3,"{""cut_target"": 3, ""harmful_exit"": 85, ""neutral_exit"": 549, ""no_active_exit"": 202, ""saved_stop"": 100, ""timeout_improved"": 87}","{""candidate_after_baseline_exit"": 165, ""candidate_after_max_hold"": 5, ""no_candidate"": 30, ""none"": 824, ""not_active_exit_eligible"": 1, ""stale_data_no_action"": 1}"
7500,-300,120000,train,100,1027,0,818,209,16,375,636,-57029,-55.529698149951315,-212.0,-145377,-141.55501460564753,-202.0,-88348,-86.0253164556962,0.0,-108.00488997555013,0.0,282,94,442,0.75,376,0.7038524049407283,176,79509,13,87454,106,9095,0,0,88604,176952,False,True,186.6,6,20,0,183,0,0,0,1027,0,0,3,"{""cut_target"": 13, ""harmful_exit"": 81, ""neutral_exit"": 442, ""no_active_exit"": 209, ""saved_stop"": 176, ""timeout_improved"": 106}","{""candidate_after_baseline_exit"": 183, ""no_candidate"": 20, ""none"": 818, ""stale_data_no_action"": 6}"
7500,-300,120000,validation,100,1026,0,845,181,18,335,673,-44718,-43.58479532163743,-202.0,-127984,-124.74074074074075,-202.0,-83266,-81.15594541910332,0.0,-98.5396449704142,0.0,259,74,512,0.7777777777777778,333,0.7300996994031996,159,63905,14,88359,100,10150,0,0,74055,157321,False,True,169.0,1,24,0,156,0,0,0,1026,0,0,2,"{""cut_target"": 14, ""harmful_exit"": 60, ""neutral_exit"": 512, ""no_active_exit"": 181, ""saved_stop"": 159, ""timeout_improved"": 100}","{""candidate_after_baseline_exit"": 156, ""no_candidate"": 24, ""none"": 845, ""stale_data_no_action"": 1}"
7500,-300,120000,holdout,100,1026,0,825,201,20,360,646,-18411,-17.944444444444443,-207.5,-107506,-104.78167641325535,-202.0,-89095,-86.83723196881091,0.0,-107.9939393939394,0.0,283,72,470,0.7971830985915493,355,0.7522769288403078,169,61410,12,69492,114,13036,0,0,74446,163541,False,True,180.4,1,30,1,168,1,0,0,1026,0,0,3,"{""cut_target"": 12, ""harmful_exit"": 60, ""neutral_exit"": 470, ""no_active_exit"": 201, ""saved_stop"": 169, ""timeout_improved"": 114}","{""candidate_after_baseline_exit"": 168, ""candidate_after_max_hold"": 1, ""no_candidate"": 30, ""none"": 825, ""not_active_exit_eligible"": 1, ""stale_data_no_action"": 1}"
7500,-500,30000,train,100,1027,0,840,187,8,239,780,-127142,-123.79941577409932,-202.0,-156498,-152.3836416747809,-202.0,-29356,-28.5842259006816,0.0,-34.94761904761905,0.0,165,83,592,0.6653225806451613,248,0.6044670720065842,72,38400,5,35865,93,20046,0,0,58446,87802,False,True,81.3,6,20,0,140,21,0,0,1027,0,0,2,"{""cut_target"": 5, ""harmful_exit"": 78, ""neutral_exit"": 592, ""no_active_exit"": 187, ""saved_stop"": 72, ""timeout_improved"": 93}","{""candidate_after_baseline_exit"": 140, ""candidate_after_max_hold"": 21, ""no_candidate"": 20, ""none"": 840, ""stale_data_no_action"": 6}"
7500,-500,30000,validation,100,1026,0,856,170,6,196,824,-119537,-116.50779727095517,-202.0,-130841,-127.52534113060429,-202.0,-11304,-11.017543859649123,0.0,-13.205607476635514,0.0,115,60,681,0.6571428571428571,175,0.584119085529374,51,27606,2,8926,64,15810,0,0,43416,54720,True,True,57.4,1,24,0,114,31,0,0,1026,0,0,3,"{""cut_target"": 2, ""harmful_exit"": 58, ""neutral_exit"": 681, ""no_active_exit"": 170, ""saved_stop"": 51, ""timeout_improved"": 64}","{""candidate_after_baseline_exit"": 114, ""candidate_after_max_hold"": 31, ""no_candidate"": 24, ""none"": 856, ""stale_data_no_action"": 1}"
7500,-500,30000,holdout,100,1026,0,838,188,3,213,810,-117350,-114.37621832358674,-202.0,-155699,-151.7534113060429,-202.0,-38349,-37.37719298245614,0.0,-45.76252983293556,0.0,132,74,632,0.6407766990291263,206,0.5732344846683464,56,28386,2,10359,76,9342,0,0,37728,76077,False,True,63.6,1,30,1,123,33,0,0,1026,0,0,2,"{""cut_target"": 2, ""harmful_exit"": 72, ""neutral_exit"": 632, ""no_active_exit"": 188, ""saved_stop"": 56, ""timeout_improved"": 76}","{""candidate_after_baseline_exit"": 123, ""candidate_after_max_hold"": 33, ""no_candidate"": 30, ""none"": 838, ""not_active_exit_eligible"": 1, ""stale_data_no_action"": 1}"
7500,-500,60000,train,100,1027,0,845,182,12,283,732,-95923,-93.40116845180137,-203.0,-169084,-164.6387536514119,-202.0,-73161,-71.23758519961052,0.0,-86.5810650887574,0.0,223,108,514,0.6737160120845922,331,0.6214649078568912,115,66308,9,63662,108,19853,0,0,86161,159322,False,True,125.8,6,20,0,155,1,0,0,1027,0,0,2,"{""cut_target"": 9, ""harmful_exit"": 99, ""neutral_exit"": 514, ""no_active_exit"": 182, ""saved_stop"": 115, ""timeout_improved"": 108}","{""candidate_after_baseline_exit"": 155, ""candidate_after_max_hold"": 1, ""no_candidate"": 20, ""none"": 845, ""stale_data_no_action"": 6}"
7500,-500,60000,validation,100,1026,0,868,158,10,234,782,-86625,-84.4298245614035,-202.0,-146896,-143.17348927875244,-202.0,-60271,-58.74366471734893,0.0,-69.43663594470046,0.0,184,87,597,0.6789667896678967,271,0.6212128959357394,84,50717,6,32870,100,16730,0,0,67447,127718,False,True,94.0,1,24,0,129,4,0,0,1026,0,0,2,"{""cut_target"": 6, ""harmful_exit"": 81, ""neutral_exit"": 597, ""no_active_exit"": 158, ""saved_stop"": 84, ""timeout_improved"": 100}","{""candidate_after_baseline_exit"": 129, ""candidate_after_max_hold"": 4, ""no_candidate"": 24, ""none"": 868, ""stale_data_no_action"": 1}"
7500,-500,60000,holdout,100,1026,0,851,175,8,254,764,-63953,-62.33235867446394,-202.0,-131532,-128.19883040935673,-202.0,-67579,-65.86647173489278,0.0,-79.41128084606345,0.0,202,97,552,0.6755852842809364,299,0.6205842900540598,95,52638,3,16047,107,12937,0,0,65575,133154,True,True,105.7,1,30,1,138,5,0,0,1026,0,0,3,"{""cut_target"": 3, ""harmful_exit"": 94, ""neutral_exit"": 552, ""no_active_exit"": 175, ""saved_stop"": 95, ""timeout_improved"": 107}","{""candidate_after_baseline_exit"": 138, ""candidate_after_max_hold"": 5, ""no_candidate"": 30, ""none"": 851, ""not_active_exit_eligible"": 1, ""stale_data_no_action"": 1}"
7500,-500,120000,train,100,1027,0,846,181,16,331,680,-113880,-110.88607594936708,-211.0,-181063,-176.30282375851996,-202.0,-67183,-65.41674780915287,0.0,-79.41252955082743,0.0,295,102,449,0.743073047858942,397,0.6979059296547879,160,99538,13,87454,135,20506,0,0,120044,187227,False,True,173.5,6,20,0,155,0,0,0,1027,0,0,3,"{""cut_target"": 13, ""harmful_exit"": 89, ""neutral_exit"": 449, ""no_active_exit"": 181, ""saved_stop"": 160, ""timeout_improved"": 135}","{""candidate_after_baseline_exit"": 155, ""no_candidate"": 20, ""none"": 846, ""stale_data_no_action"": 6}"
7500,-500,120000,validation,100,1026,0,869,157,20,292,714,-82924,-80.82261208576998,-202.0,-150034,-146.2319688109162,-202.0,-67110,-65.4093567251462,0.0,-77.22669735327963,0.0,273,80,516,0.773371104815864,353,0.7268914191712968,141,85106,15,95876,132,19240,0,0,104346,171456,False,True,154.2,1,24,0,132,0,0,0,1026,0,0,2,"{""cut_target"": 15, ""harmful_exit"": 65, ""neutral_exit"": 516, ""no_active_exit"": 157, ""saved_stop"": 141, ""timeout_improved"": 132}","{""candidate_after_baseline_exit"": 132, ""no_candidate"": 24, ""none"": 869, ""stale_data_no_action"": 1}"
7500,-500,120000,holdout,100,1026,0,852,174,21,319,686,-56050,-54.629629629629626,-204.5,-134820,-131.40350877192984,-202.0,-78770,-76.77387914230019,0.0,-92.4530516431925,0.0,301,80,471,0.7900262467191601,381,0.7463362432407684,157,86715,13,75455,144,20351,0,0,107066,185836,False,True,171.4,1,30,1,141,1,0,0,1026,0,0,3,"{""cut_target"": 13, ""harmful_exit"": 67, ""neutral_exit"": 471, ""no_active_exit"": 174, ""saved_stop"": 157, ""timeout_improved"": 144}","{""candidate_after_baseline_exit"": 141, ""candidate_after_max_hold"": 1, ""no_candidate"": 30, ""none"": 852, ""not_active_exit_eligible"": 1, ""stale_data_no_action"": 1}"
7500,-700,30000,train,100,1027,0,857,170,8,208,811,-158074,-153.91820837390458,-202.0,-183517,-178.69230769230768,-202.0,-25443,-24.774099318403117,0.0,-29.688448074679112,0.0,168,88,601,0.65625,256,0.596144121990143,59,45988,5,35865,109,26004,0,0,71992,97435,False,True,69.9,6,20,0,123,21,0,0,1027,0,0,2,"{""cut_target"": 5, ""harmful_exit"": 83, ""neutral_exit"": 601, ""no_active_exit"": 170, ""saved_stop"": 59, ""timeout_improved"": 109}","{""candidate_after_baseline_exit"": 123, ""candidate_after_max_hold"": 21, ""no_candidate"": 20, ""none"": 857, ""stale_data_no_action"": 6}"
7500,-700,30000,validation,100,1026,0,876,150,6,165,855,-151768,-147.92202729044834,-202.0,-158318,-154.30604288499026,-202.0,-6550,-6.384015594541911,0.0,-7.4771689497716896,0.0,119,63,694,0.6538461538461539,182,0.5821932651408553,41,27063,2,8926,78,24482,0,0,51545,58095,True,True,48.8,1,24,0,94,31,0,0,1026,0,0,3,"{""cut_target"": 2, ""harmful_exit"": 61, ""neutral_exit"": 694, ""no_active_exit"": 150, ""saved_stop"": 41, ""timeout_improved"": 78}","{""candidate_after_baseline_exit"": 94, ""candidate_after_max_hold"": 31, ""no_candidate"": 24, ""none"": 876, ""stale_data_no_action"": 1}"
7500,-700,30000,holdout,100,1026,0,863,163,3,170,853,-135797,-132.35575048732943,-202.0,-177927,-173.41812865497076,-202.0,-42130,-41.06237816764133,0.0,-48.818076477404404,0.0,132,82,649,0.616822429906542,214,0.5501703301134809,40,28450,2,10359,92,17390,0,0,45840,87970,True,True,49.2,1,30,1,98,33,0,0,1026,0,0,2,"{""cut_target"": 2, ""harmful_exit"": 80, ""neutral_exit"": 649, ""no_active_exit"": 163, ""saved_stop"": 40, ""timeout_improved"": 92}","{""candidate_after_baseline_exit"": 98, ""candidate_after_max_hold"": 33, ""no_candidate"": 30, ""none"": 863, ""not_active_exit_eligible"": 1, ""stale_data_no_action"": 1}"
7500,-700,60000,train,100,1027,0,863,164,12,247,768,-134885,-131.33885102239532,-202.0,-196665,-191.49464459591042,-202.0,-61780,-60.15579357351509,0.0,-71.58748551564311,0.0,228,113,522,0.6686217008797654,341,0.6170267604138426,97,81112,9,63662,131,28558,0,0,109670,171450,False,True,110.1,6,20,0,137,1,0,0,1027,0,0,2,"{""cut_target"": 9, ""harmful_exit"": 104, ""neutral_exit"": 522, ""no_active_exit"": 164, ""saved_stop"": 97, ""timeout_improved"": 131}","{""candidate_after_baseline_exit"": 137, ""candidate_after_max_hold"": 1, ""no_candidate"": 20, ""none"": 863, ""stale_data_no_action"": 6}"
7500,-700,60000,validation,100,1026,0,889,137,10,200,816,-123244,-120.12085769980507,-202.0,-173597,-169.19785575048732,-202.0,-50353,-49.07699805068226,0.0,-56.6400449943757,0.0,187,92,610,0.6702508960573477,279,0.6131016276373651,71,55623,6,32870,116,25581,0,0,81204,131557,False,True,82.6,1,24,0,108,4,0,0,1026,0,0,2,"{""cut_target"": 6, ""harmful_exit"": 86, ""neutral_exit"": 610, ""no_active_exit"": 137, ""saved_stop"": 71, ""timeout_improved"": 116}","{""candidate_after_baseline_exit"": 108, ""candidate_after_max_hold"": 4, ""no_candidate"": 24, ""none"": 889, ""stale_data_no_action"": 1}"
7500,-700,60000,holdout,100,1026,0,877,149,8,209,809,-80300,-78.26510721247563,-202.0,-156635,-152.66569200779728,-202.0,-76335,-74.40058479532163,0.0,-87.04104903078677,0.0,203,106,568,0.656957928802589,309,0.6023901405432521,77,57733,3,16047,126,23982,0,0,81715,158050,True,True,89.6,1,30,1,112,5,0,0,1026,0,0,3,"{""cut_target"": 3, ""harmful_exit"": 103, ""neutral_exit"": 568, ""no_active_exit"": 149, ""saved_stop"": 77, ""timeout_improved"": 126}","{""candidate_after_baseline_exit"": 112, ""candidate_after_max_hold"": 5, ""no_candidate"": 30, ""none"": 877, ""not_active_exit_eligible"": 1, ""stale_data_no_action"": 1}"
7500,-700,120000,train,100,1027,0,864,163,16,288,723,-170929,-166.43524829600779,-211.0,-209244,-203.7429406037001,-202.0,-38315,-37.30769230769231,0.0,-44.34606481481482,0.0,304,104,456,0.7450980392156863,408,0.7006600896461262,135,115727,13,87454,169,34725,0,0,150452,188767,False,True,151.9,6,20,0,137,0,0,0,1027,0,0,3,"{""cut_target"": 13, ""harmful_exit"": 91, ""neutral_exit"": 456, ""no_active_exit"": 163, ""saved_stop"": 135, ""timeout_improved"": 169}","{""candidate_after_baseline_exit"": 137, ""no_candidate"": 20, ""none"": 864, ""stale_data_no_action"": 6}"
7500,-700,120000,validation,100,1026,0,890,136,20,230,776,-121784,-118.69785575048734,-202.0,-176935,-172.4512670565302,-202.0,-55151,-53.753411306042885,0.0,-61.96741573033708,0.0,279,84,527,0.768595041322314,363,0.722534552461776,100,87268,15,95876,179,38618,0,0,125886,181037,False,True,117.9,1,24,0,111,0,0,0,1026,0,0,2,"{""cut_target"": 15, ""harmful_exit"": 69, ""neutral_exit"": 527, ""no_active_exit"": 136, ""saved_stop"": 100, ""timeout_improved"": 179}","{""candidate_after_baseline_exit"": 111, ""no_candidate"": 24, ""none"": 890, ""stale_data_no_action"": 1}"
7500,-700,120000,holdout,100,1026,0,878,148,22,249,755,-84234,-82.09941520467837,-204.0,-164744,-160.56920077972708,-202.0,-80510,-78.46978557504873,0.0,-91.69703872437357,0.0,306,89,483,0.7746835443037975,395,0.7309505093931846,113,86983,14,83182,193,44117,0,0,131100,211610,False,True,132.3,1,30,1,115,1,0,0,1026,0,0,3,"{""cut_target"": 14, ""harmful_exit"": 75, ""neutral_exit"": 483, ""no_active_exit"": 148, ""saved_stop"": 113, ""timeout_improved"": 193}","{""candidate_after_baseline_exit"": 115, ""candidate_after_max_hold"": 1, ""no_candidate"": 30, ""none"": 878, ""not_active_exit_eligible"": 1, ""stale_data_no_action"": 1}"
7500,-1000,30000,train,100,1027,0,876,151,8,175,844,-191879,-186.83446932814022,-202.0,-217454,-211.7370983446933,-202.0,-25575,-24.902629016553067,0.0,-29.195205479452056,0.0,171,98,607,0.6356877323420075,269,0.5766433217199155,48,49059,5,35865,123,36198,0,0,85257,110832,False,True,60.3,6,20,0,104,21,0,0,1027,0,0,2,"{""cut_target"": 5, ""harmful_exit"": 93, ""neutral_exit"": 607, ""no_active_exit"": 151, ""saved_stop"": 48, ""timeout_improved"": 123}","{""candidate_after_baseline_exit"": 104, ""candidate_after_max_hold"": 21, ""no_candidate"": 20, ""none"": 876, ""stale_data_no_action"": 6}"
7500,-1000,30000,validation,100,1026,0,892,134,7,141,878,-171841,-167.48635477582846,-202.0,-181990,-177.37816764132555,-202.0,-10149,-9.891812865497077,0.0,-11.377802690582959,0.0,123,69,700,0.640625,192,0.5706096650476453,35,30682,3,16268,88,29406,0,0,60088,70237,False,True,43.8,1,24,0,78,31,0,0,1026,0,0,3,"{""cut_target"": 3, ""harmful_exit"": 66, ""neutral_exit"": 700, ""no_active_exit"": 134, ""saved_stop"": 35, ""timeout_improved"": 88}","{""candidate_after_baseline_exit"": 78, ""candidate_after_max_hold"": 31, ""no_candidate"": 24, ""none"": 892, ""stale_data_no_action"": 1}"
7500,-1000,30000,holdout,100,1026,0,878,148,3,147,876,-173755,-169.35185185185185,-202.0,-209392,-204.08576998050683,-202.0,-35637,-34.73391812865497,0.0,-40.58883826879271,0.0,139,85,654,0.6205357142857143,224,0.555461983562558,34,30954,2,10359,105,23704,0,0,54658,90295,True,True,44.5,1,30,1,83,33,0,0,1026,0,0,2,"{""cut_target"": 2, ""harmful_exit"": 83, ""neutral_exit"": 654, ""no_active_exit"": 148, ""saved_stop"": 34, ""timeout_improved"": 105}","{""candidate_after_baseline_exit"": 83, ""candidate_after_max_hold"": 33, ""no_candidate"": 30, ""none"": 878, ""not_active_exit_eligible"": 1, ""stale_data_no_action"": 1}"
7500,-1000,60000,train,100,1027,0,884,143,12,217,798,-173364,-168.8062317429406,-202.0,-224319,-218.42161635832522,-202.0,-50955,-49.61538461538461,0.0,-57.64140271493213,0.0,235,122,527,0.6582633053221288,357,0.6076126718755077,89,97379,9,63662,146,36827,0,0,134206,185161,False,True,103.6,6,20,0,116,1,0,0,1027,0,0,2,"{""cut_target"": 9, ""harmful_exit"": 113, ""neutral_exit"": 527, ""no_active_exit"": 143, ""saved_stop"": 89, ""timeout_improved"": 146}","{""candidate_after_baseline_exit"": 116, ""candidate_after_max_hold"": 1, ""no_candidate"": 20, ""none"": 884, ""stale_data_no_action"": 6}"
7500,-1000,60000,validation,100,1026,0,906,120,13,172,841,-136616,-133.15399610136453,-202.0,-197062,-192.0682261208577,-202.0,-60446,-58.914230019493175,0.0,-66.71743929359823,0.0,193,99,614,0.660958904109589,292,0.6048857893511866,61,60695,8,47986,132,37424,0,0,98119,158565,False,True,74.2,1,24,0,91,4,0,0,1026,0,0,2,"{""cut_target"": 8, ""harmful_exit"": 91, ""neutral_exit"": 614, ""no_active_exit"": 120, ""saved_stop"": 61, ""timeout_improved"": 132}","{""candidate_after_baseline_exit"": 91, ""candidate_after_max_hold"": 4, ""no_candidate"": 24, ""none"": 906, ""stale_data_no_action"": 1}"
7500,-1000,60000,holdout,100,1026,0,893,133,8,175,843,-114570,-111.66666666666667,-202.0,-186895,-182.1588693957115,-202.0,-72325,-70.49220272904483,0.0,-80.99104143337065,0.0,208,114,571,0.6459627329192547,322,0.5922888230643462,61,58550,3,16047,147,39779,0,0,98329,170654,True,True,75.7,1,30,1,96,5,0,0,1026,0,0,3,"{""cut_target"": 3, ""harmful_exit"": 111, ""neutral_exit"": 571, ""no_active_exit"": 133, ""saved_stop"": 61, ""timeout_improved"": 147}","{""candidate_after_baseline_exit"": 96, ""candidate_after_max_hold"": 5, ""no_candidate"": 30, ""none"": 893, ""not_active_exit_eligible"": 1, ""stale_data_no_action"": 1}"
7500,-1000,120000,train,100,1027,0,885,142,17,253,757,-219326,-213.55988315481986,-210.0,-236363,-230.1489776046738,-202.0,-17037,-16.589094449853942,0.0,-19.250847457627117,0.0,312,112,461,0.7358490566037735,424,0.6919017785137765,122,137721,13,87454,190,46317,0,0,184038,201075,False,True,141.0,6,20,0,116,0,0,0,1027,0,0,4,"{""cut_target"": 13, ""harmful_exit"": 99, ""neutral_exit"": 461, ""no_active_exit"": 142, ""saved_stop"": 122, ""timeout_improved"": 190}","{""candidate_after_baseline_exit"": 116, ""no_candidate"": 20, ""none"": 885, ""stale_data_no_action"": 6}"
7500,-1000,120000,validation,100,1026,0,907,119,24,202,800,-147184,-143.45419103313841,-202.0,-200700,-195.6140350877193,-202.0,-53516,-52.159844054580894,0.0,-59.00330760749724,0.0,287,90,530,0.7612732095490716,377,0.7157416885159937,90,99272,18,117481,197,53092,0,0,152364,205880,False,True,109.7,1,24,0,94,0,0,0,1026,0,0,2,"{""cut_target"": 18, ""harmful_exit"": 72, ""neutral_exit"": 530, ""no_active_exit"": 119, ""saved_stop"": 90, ""timeout_improved"": 197}","{""candidate_after_baseline_exit"": 94, ""no_candidate"": 24, ""none"": 907, ""stale_data_no_action"": 1}"
7500,-1000,120000,holdout,100,1026,0,895,131,22,213,791,-131765,-128.42592592592592,-203.0,-197001,-192.00877192982455,-202.0,-65236,-63.58284600389864,0.0,-72.88938547486033,0.0,314,96,485,0.7658536585365854,410,0.722512495679414,95,96731,14,83182,219,62341,0,0,159072,224308,False,True,116.9,1,30,1,98,1,0,0,1026,0,0,3,"{""cut_target"": 14, ""harmful_exit"": 82, ""neutral_exit"": 485, ""no_active_exit"": 131, ""saved_stop"": 95, ""timeout_improved"": 219}","{""candidate_after_baseline_exit"": 98, ""candidate_after_max_hold"": 1, ""no_candidate"": 30, ""none"": 895, ""not_active_exit_eligible"": 1, ""stale_data_no_action"": 1}"
7500,-1500,30000,train,100,1027,0,910,117,9,130,888,-221234,-215.41772151898735,-202.0,-251522,-244.90944498539434,-202.0,-30288,-29.49172346640701,0.0,-33.283516483516486,0.0,184,112,614,0.6216216216216216,296,0.5651468872321684,42,49193,5,35865,142,56101,0,0,105294,135582,False,True,56.2,6,20,0,70,21,0,0,1027,0,0,4,"{""cut_target"": 5, ""harmful_exit"": 107, ""neutral_exit"": 614, ""no_active_exit"": 117, ""saved_stop"": 42, ""timeout_improved"": 142}","{""candidate_after_baseline_exit"": 70, ""candidate_after_max_hold"": 21, ""no_candidate"": 20, ""none"": 910, ""stale_data_no_action"": 6}"
7500,-1500,30000,validation,100,1026,0,907,119,7,113,906,-199997,-194.92884990253413,-202.0,-215900,-210.42884990253413,-202.0,-15903,-15.5,0.0,-17.533627342888643,0.0,128,78,701,0.6213592233009708,206,0.5534722203432028,27,32119,3,16268,101,38733,0,0,70852,86755,True,True,37.1,1,24,0,63,31,0,0,1026,0,0,3,"{""cut_target"": 3, ""harmful_exit"": 75, ""neutral_exit"": 701, ""no_active_exit"": 119, ""saved_stop"": 27, ""timeout_improved"": 101}","{""candidate_after_baseline_exit"": 63, ""candidate_after_max_hold"": 31, ""no_candidate"": 24, ""none"": 907, ""stale_data_no_action"": 1}"
7500,-1500,30000,holdout,100,1026,0,901,125,4,114,908,-206813,-201.57212475633528,-202.0,-241428,-235.30994152046785,-202.0,-34615,-33.73781676413255,0.0,-38.41842397336293,0.0,149,93,659,0.6157024793388429,242,0.5530626014416311,29,37244,3,15817,120,32216,0,0,69460,104075,True,True,41.0,1,30,1,60,33,0,0,1026,0,0,2,"{""cut_target"": 3, ""harmful_exit"": 90, ""neutral_exit"": 659, ""no_active_exit"": 125, ""saved_stop"": 29, ""timeout_improved"": 120}","{""candidate_after_baseline_exit"": 60, ""candidate_after_max_hold"": 33, ""no_candidate"": 30, ""none"": 901, ""not_active_exit_eligible"": 1, ""stale_data_no_action"": 1}"
7500,-1500,60000,train,100,1027,0,922,105,15,167,845,-197184,-192.0,-202.0,-260829,-253.9717624148004,-202.0,-63645,-61.97176241480039,0.0,-69.029284164859,0.0,247,141,534,0.6365979381443299,388,0.5876166920776916,78,112226,11,80106,169,57050,0,0,169276,232921,False,True,94.9,6,20,0,78,1,0,0,1027,0,0,3,"{""cut_target"": 11, ""harmful_exit"": 130, ""neutral_exit"": 534, ""no_active_exit"": 105, ""saved_stop"": 78, ""timeout_improved"": 169}","{""candidate_after_baseline_exit"": 78, ""candidate_after_max_hold"": 1, ""no_candidate"": 20, ""none"": 922, ""stale_data_no_action"": 6}"
7500,-1500,60000,validation,100,1026,0,924,102,15,147,864,-184847,-180.16276803118907,-202.0,-238781,-232.7300194931774,-202.0,-53934,-52.567251461988306,0.0,-58.37012987012987,0.0,203,106,615,0.656957928802589,309,0.6023901405432521,55,77222,10,65414,148,51062,0,0,128284,182218,False,True,69.8,1,24,0,73,4,0,0,1026,0,0,2,"{""cut_target"": 10, ""harmful_exit"": 96, ""neutral_exit"": 615, ""no_active_exit"": 102, ""saved_stop"": 55, ""timeout_improved"": 148}","{""candidate_after_baseline_exit"": 73, ""candidate_after_max_hold"": 4, ""no_candidate"": 24, ""none"": 924, ""stale_data_no_action"": 1}"
7500,-1500,60000,holdout,100,1026,0,921,105,10,143,873,-142727,-139.1101364522417,-202.0,-220173,-214.593567251462,-202.0,-77446,-75.48343079922027,0.0,-84.08903365906623,0.0,219,127,575,0.6329479768786127,346,0.58095902782342,57,73788,5,26331,162,52734,0,0,126522,203968,True,True,73.2,1,30,1,68,5,0,0,1026,0,0,3,"{""cut_target"": 5, ""harmful_exit"": 122, ""neutral_exit"": 575, ""no_active_exit"": 105, ""saved_stop"": 57, ""timeout_improved"": 162}","{""candidate_after_baseline_exit"": 68, ""candidate_after_max_hold"": 5, ""no_candidate"": 30, ""none"": 921, ""not_active_exit_eligible"": 1, ""stale_data_no_action"": 1}"
7500,-1500,120000,train,100,1027,0,923,104,20,207,800,-273719,-266.52288218111005,-210.0,-274373,-267.159688412853,-202.0,-654,-0.6368062317429406,0.0,-0.7085590465872156,0.0,334,124,465,0.7292576419213974,458,0.6867811663555686,115,168713,15,103898,219,75447,0,0,244160,244814,False,True,136.9,6,20,0,78,0,0,0,1027,0,0,4,"{""cut_target"": 15, ""harmful_exit"": 109, ""neutral_exit"": 465, ""no_active_exit"": 104, ""saved_stop"": 115, ""timeout_improved"": 219}","{""candidate_after_baseline_exit"": 78, ""no_candidate"": 20, ""none"": 923, ""stale_data_no_action"": 6}"
7500,-1500,120000,validation,100,1026,0,925,101,26,172,828,-202686,-197.54970760233917,-202.0,-240407,-234.3148148148148,-202.0,-37721,-36.765107212475634,0.0,-40.77945945945946,0.0,297,97,531,0.7538071065989848,394,0.7089542923561915,79,125425,20,134909,218,69338,0,0,194763,232484,False,True,100.8,1,24,0,76,0,0,0,1026,0,0,2,"{""cut_target"": 20, ""harmful_exit"": 77, ""neutral_exit"": 531, ""no_active_exit"": 101, ""saved_stop"": 79, ""timeout_improved"": 218}","{""candidate_after_baseline_exit"": 76, ""no_candidate"": 24, ""none"": 925, ""stale_data_no_action"": 1}"
7500,-1500,120000,holdout,100,1026,0,923,103,25,181,820,-164599,-160.42787524366472,-202.0,-232279,-226.39278752436647,-202.0,-67680,-65.96491228070175,0.0,-73.3261105092091,0.0,327,108,488,0.7517241379310344,435,0.7090411340802998,91,122128,17,98574,236,78601,0,0,200729,268409,False,True,114.6,1,30,1,70,1,0,0,1026,0,0,3,"{""cut_target"": 17, ""harmful_exit"": 91, ""neutral_exit"": 488, ""no_active_exit"": 103, ""saved_stop"": 91, ""timeout_improved"": 236}","{""candidate_after_baseline_exit"": 70, ""candidate_after_max_hold"": 1, ""no_candidate"": 30, ""none"": 923, ""not_active_exit_eligible"": 1, ""stale_data_no_action"": 1}"
7500,-2000,30000,train,100,1027,0,932,95,9,99,919,-248825,-242.28334956183056,-202.0,-278281,-270.96494644595913,-202.0,-29456,-28.68159688412853,0.0,-31.605150214592275,0.0,190,120,622,0.6129032258064516,310,0.557614740665508,34,52342,5,35865,156,67057,0,0,119399,148855,False,True,49.6,6,20,0,48,21,0,0,1027,0,0,4,"{""cut_target"": 5, ""harmful_exit"": 115, ""neutral_exit"": 622, ""no_active_exit"": 95, ""saved_stop"": 34, ""timeout_improved"": 156}","{""candidate_after_baseline_exit"": 48, ""candidate_after_max_hold"": 21, ""no_candidate"": 20, ""none"": 932, ""stale_data_no_action"": 6}"
7500,-2000,30000,validation,100,1026,0,919,107,7,96,923,-234225,-228.28947368421052,-202.0,-235000,-229.0448343079922,-202.0,-775,-0.7553606237816765,0.0,-0.8433079434167573,0.0,136,78,705,0.6355140186915887,214,0.5691679141231281,28,42565,3,16268,108,43415,0,0,85980,86755,True,True,38.8,1,24,0,51,31,0,0,1026,0,0,3,"{""cut_target"": 3, ""harmful_exit"": 75, ""neutral_exit"": 705, ""no_active_exit"": 107, ""saved_stop"": 28, ""timeout_improved"": 108}","{""candidate_after_baseline_exit"": 51, ""candidate_after_max_hold"": 31, ""no_candidate"": 24, ""none"": 919, ""stale_data_no_action"": 1}"
7500,-2000,30000,holdout,100,1026,0,913,113,4,101,921,-245206,-238.99220272904483,-202.0,-277962,-270.91812865497076,-202.0,-32756,-31.925925925925927,0.0,-35.87732749178532,0.0,153,99,661,0.6071428571428571,252,0.5456678283816333,29,46890,3,15817,124,34637,0,0,81527,114283,True,True,41.4,1,30,1,48,33,0,0,1026,0,0,2,"{""cut_target"": 3, ""harmful_exit"": 96, ""neutral_exit"": 661, ""no_active_exit"": 113, ""saved_stop"": 29, ""timeout_improved"": 124}","{""candidate_after_baseline_exit"": 48, ""candidate_after_max_hold"": 33, ""no_candidate"": 30, ""none"": 913, ""not_active_exit_eligible"": 1, ""stale_data_no_action"": 1}"
7500,-2000,60000,train,100,1027,0,944,83,17,143,867,-224732,-218.82375851996105,-202.0,-286991,-279.44595910418695,-202.0,-62259,-60.6222005842259,0.0,-65.95233050847457,0.0,255,150,539,0.6296296296296297,405,0.5815865796445375,77,130486,12,89497,178,69850,0,0,200336,262595,False,True,94.8,6,20,0,56,1,0,0,1027,0,0,3,"{""cut_target"": 12, ""harmful_exit"": 138, ""neutral_exit"": 539, ""no_active_exit"": 83, ""saved_stop"": 77, ""timeout_improved"": 178}","{""candidate_after_baseline_exit"": 56, ""candidate_after_max_hold"": 1, ""no_candidate"": 20, ""none"": 944, ""stale_data_no_action"": 6}"
7500,-2000,60000,validation,100,1026,0,937,89,17,127,882,-213597,-208.18421052631578,-202.0,-246812,-240.55750487329433,-202.0,-33215,-32.37329434697856,0.0,-35.44823906083244,0.0,211,108,618,0.6614420062695925,319,0.6078655462810739,54,88579,10,65414,157,63622,0,0,152201,185416,False,True,69.7,1,24,0,60,4,0,0,1026,0,0,2,"{""cut_target"": 10, ""harmful_exit"": 98, ""neutral_exit"": 618, ""no_active_exit"": 89, ""saved_stop"": 54, ""timeout_improved"": 157}","{""candidate_after_baseline_exit"": 60, ""candidate_after_max_hold"": 4, ""no_candidate"": 24, ""none"": 937, ""stale_data_no_action"": 1}"
7500,-2000,60000,holdout,100,1026,0,933,93,12,121,893,-177072,-172.58479532163742,-202.0,-251607,-245.23099415204678,-202.0,-74535,-72.64619883040936,0.0,-79.88745980707395,0.0,224,133,576,0.6274509803921569,357,0.5761905357945424,48,80930,7,44327,176,68838,0,0,149768,224303,False,True,65.6,1,30,1,56,5,0,0,1026,0,0,3,"{""cut_target"": 7, ""harmful_exit"": 126, ""neutral_exit"": 576, ""no_active_exit"": 93, ""saved_stop"": 48, ""timeout_improved"": 176}","{""candidate_after_baseline_exit"": 56, ""candidate_after_max_hold"": 5, ""no_candidate"": 30, ""none"": 933, ""not_active_exit_eligible"": 1, ""stale_data_no_action"": 1}"
7500,-2000,120000,train,100,1027,0,945,82,25,182,820,-315092,-306.8081791626095,-209.0,-302035,-294.0944498539435,-202.0,13057,12.713729308666018,0.0,13.816931216931216,0.0,343,133,469,0.7205882352941176,476,0.6786353429429036,113,204966,19,138822,230,90650,0,0,295616,282559,False,True,136.0,6,20,0,56,0,0,0,1027,0,0,4,"{""cut_target"": 19, ""harmful_exit"": 114, ""neutral_exit"": 469, ""no_active_exit"": 82, ""saved_stop"": 113, ""timeout_improved"": 230}","{""candidate_after_baseline_exit"": 56, ""no_candidate"": 20, ""none"": 945, ""stale_data_no_action"": 6}"
7500,-2000,120000,validation,100,1026,0,941,85,29,145,852,-228200,-222.41715399610138,-202.0,-255429,-248.9561403508772,-202.0,-27229,-26.53898635477583,0.0,-28.93623804463337,0.0,306,102,533,0.75,408,0.7057831901670529,70,132265,21,139447,236,94751,0,0,227016,254245,False,True,93.6,1,24,0,60,0,0,0,1026,0,0,2,"{""cut_target"": 21, ""harmful_exit"": 81, ""neutral_exit"": 533, ""no_active_exit"": 85, ""saved_stop"": 70, ""timeout_improved"": 236}","{""candidate_after_baseline_exit"": 60, ""no_candidate"": 24, ""none"": 941, ""stale_data_no_action"": 1}"
7500,-2000,120000,holdout,100,1026,0,936,90,27,154,845,-210244,-204.91617933723197,-202.0,-267386,-260.6101364522417,-202.0,-57142,-55.693957115009745,0.0,-61.0491452991453,0.0,332,115,489,0.7427293064876958,447,0.700257842164839,77,141461,19,116570,255,96742,0,0,238203,295345,False,True,102.5,1,30,1,57,1,0,0,1026,0,0,3,"{""cut_target"": 19, ""harmful_exit"": 96, ""neutral_exit"": 489, ""no_active_exit"": 90, ""saved_stop"": 77, ""timeout_improved"": 255}","{""candidate_after_baseline_exit"": 57, ""candidate_after_max_hold"": 1, ""no_candidate"": 30, ""none"": 936, ""not_active_exit_eligible"": 1, ""stale_data_no_action"": 1}"
7500,-3000,30000,train,100,1027,0,957,70,9,61,957,-296947,-289.1402142161636,-202.0,-304741,-296.7293086660175,-202.0,-7794,-7.589094449853944,0.0,-8.144200626959247,0.0,202,128,627,0.6121212121212121,330,0.5585460720972186,27,48618,5,35865,175,96416,0,0,145034,152828,True,True,44.5,6,20,0,23,21,0,0,1027,0,0,3,"{""cut_target"": 5, ""harmful_exit"": 123, ""neutral_exit"": 627, ""no_active_exit"": 70, ""saved_stop"": 27, ""timeout_improved"": 175}","{""candidate_after_baseline_exit"": 23, ""candidate_after_max_hold"": 21, ""no_candidate"": 20, ""none"": 957, ""stale_data_no_action"": 6}"
7500,-3000,30000,validation,100,1026,0,946,80,8,70,948,-287851,-280.5565302144249,-202.0,-269303,-262.4785575048733,-202.0,18548,18.077972709551656,0.0,19.60676532769556,0.0,152,83,711,0.6468085106382979,235,0.5837854600937301,32,55535,4,26298,120,61761,0,0,117296,98748,True,True,44.0,1,24,0,24,31,0,0,1026,0,0,3,"{""cut_target"": 4, ""harmful_exit"": 79, ""neutral_exit"": 711, ""no_active_exit"": 80, ""saved_stop"": 32, ""timeout_improved"": 120}","{""candidate_after_baseline_exit"": 24, ""candidate_after_max_hold"": 31, ""no_candidate"": 24, ""none"": 946, ""stale_data_no_action"": 1}"
7500,-3000,30000,holdout,100,1026,0,936,90,6,63,957,-287074,-279.7992202729045,-202.0,-300156,-292.5497076023392,-202.0,-13082,-12.750487329434698,0.0,-13.976495726495726,0.0,165,106,665,0.6088560885608856,271,0.5496202920787091,22,45792,3,15817,143,59016,0,0,104808,117890,True,True,36.3,1,30,1,25,33,0,0,1026,0,0,2,"{""cut_target"": 3, ""harmful_exit"": 103, ""neutral_exit"": 665, ""no_active_exit"": 90, ""saved_stop"": 22, ""timeout_improved"": 143}","{""candidate_after_baseline_exit"": 25, ""candidate_after_max_hold"": 33, ""no_candidate"": 30, ""none"": 936, ""not_active_exit_eligible"": 1, ""stale_data_no_action"": 1}"
7500,-3000,60000,train,100,1027,0,973,54,17,91,919,-292401,-284.713729308666,-202.0,-320216,-311.7974683544304,-202.0,-27815,-27.08373904576436,0.0,-28.586844809866392,0.0,267,163,543,0.6209302325581395,430,0.5741945047678809,54,123835,12,89497,213,124060,0,0,247895,275710,False,True,75.3,6,20,0,27,1,0,0,1027,0,0,3,"{""cut_target"": 12, ""harmful_exit"": 151, ""neutral_exit"": 543, ""no_active_exit"": 54, ""saved_stop"": 54, ""timeout_improved"": 213}","{""candidate_after_baseline_exit"": 27, ""candidate_after_max_hold"": 1, ""no_candidate"": 20, ""none"": 973, ""stale_data_no_action"": 6}"
7500,-3000,60000,validation,100,1026,0,970,56,18,93,915,-273738,-266.80116959064327,-202.0,-287190,-279.9122807017544,-202.0,-13452,-13.11111111111111,0.0,-13.868041237113403,0.0,231,118,621,0.66189111747851,349,0.610736582577603,53,108255,11,75444,178,90568,0,0,198823,212275,False,True,70.8,1,24,0,27,4,0,0,1026,0,0,3,"{""cut_target"": 11, ""harmful_exit"": 107, ""neutral_exit"": 621, ""no_active_exit"": 56, ""saved_stop"": 53, ""timeout_improved"": 178}","{""candidate_after_baseline_exit"": 27, ""candidate_after_max_hold"": 4, ""no_candidate"": 24, ""none"": 970, ""stale_data_no_action"": 1}"
7500,-3000,60000,holdout,100,1026,0,961,65,14,81,931,-233852,-227.92592592592592,-202.0,-269807,-262.9697855750487,-202.0,-35955,-35.04385964912281,0.0,-37.414151925078045,0.0,241,141,579,0.6308900523560209,382,0.5814190432927067,39,87875,7,44327,202,107708,0,0,195583,231538,True,True,59.2,1,30,1,28,5,0,0,1026,0,0,3,"{""cut_target"": 7, ""harmful_exit"": 134, ""neutral_exit"": 579, ""no_active_exit"": 65, ""saved_stop"": 39, ""timeout_improved"": 202}","{""candidate_after_baseline_exit"": 28, ""candidate_after_max_hold"": 5, ""no_candidate"": 30, ""none"": 961, ""not_active_exit_eligible"": 1, ""stale_data_no_action"": 1}"
7500,-3000,120000,train,100,1027,0,974,53,25,129,873,-408210,-397.47809152872446,-208.0,-337050,-328.18889970788706,-202.0,71160,69.28919182083739,0.0,73.05954825462013,0.0,359,142,473,0.716566866267465,501,0.6755725134286221,91,220555,19,138822,268,152831,0,0,373386,302226,False,True,117.8,6,20,0,27,0,0,0,1027,0,0,4,"{""cut_target"": 19, ""harmful_exit"": 123, ""neutral_exit"": 473, ""no_active_exit"": 53, ""saved_stop"": 91, ""timeout_improved"": 268}","{""candidate_after_baseline_exit"": 27, ""no_candidate"": 20, ""none"": 974, ""stale_data_no_action"": 6}"
7500,-3000,120000,validation,100,1026,0,974,52,33,114,879,-286871,-279.60136452241716,-202.0,-297807,-290.2602339181287,-202.0,-10936,-10.6588693957115,0.0,-11.227926078028748,0.0,325,114,535,0.7403189066059226,439,0.6973440961231903,72,165552,25,174171,253,127193,0,0,292745,303681,False,True,97.3,1,24,0,27,0,0,0,1026,0,0,2,"{""cut_target"": 25, ""harmful_exit"": 89, ""neutral_exit"": 535, ""no_active_exit"": 52, ""saved_stop"": 72, ""timeout_improved"": 253}","{""candidate_after_baseline_exit"": 27, ""no_candidate"": 24, ""none"": 974, ""stale_data_no_action"": 1}"
7500,-3000,120000,holdout,100,1026,0,964,62,31,111,884,-283479,-276.2953216374269,-202.0,-294161,-286.7066276803119,-202.0,-10682,-10.41130604288499,0.0,-11.08091286307054,0.0,348,124,492,0.7372881355932204,472,0.6957826122915642,64,159061,21,134878,284,151119,0,0,310180,320862,False,True,92.4,1,30,1,29,1,0,0,1026,0,0,3,"{""cut_target"": 21, ""harmful_exit"": 103, ""neutral_exit"": 492, ""no_active_exit"": 62, ""saved_stop"": 64, ""timeout_improved"": 284}","{""candidate_after_baseline_exit"": 29, ""candidate_after_max_hold"": 1, ""no_candidate"": 30, ""none"": 964, ""not_active_exit_eligible"": 1, ""stale_data_no_action"": 1}"
7500,-5000,30000,train,100,1027,0,979,48,9,27,991,-358057,-348.6436222005842,-202.0,-353805,-344.5034079844206,-202.0,4252,4.140214216163583,0.0,4.34320735444331,0.0,215,134,630,0.6160458452722063,349,0.5640203924665124,16,44758,5,35865,199,127789,0,0,172547,168295,True,True,35.900000000000006,6,20,0,1,21,0,0,1027,0,0,3,"{""cut_target"": 5, ""harmful_exit"": 129, ""neutral_exit"": 630, ""no_active_exit"": 48, ""saved_stop"": 16, ""timeout_improved"": 199}","{""candidate_after_baseline_exit"": 1, ""candidate_after_max_hold"": 21, ""no_candidate"": 20, ""none"": 979, ""stale_data_no_action"": 6}"
7500,-5000,30000,validation,100,1026,0,965,61,9,27,990,-317661,-309.6111111111111,-202.0,-285400,-278.16764132553607,-202.0,32261,31.443469785575047,0.0,33.43108808290155,0.0,159,91,715,0.636,250,0.574716410018678,13,41814,5,36999,146,108957,0,0,150771,118510,True,True,27.6,1,24,0,5,31,0,0,1026,0,0,3,"{""cut_target"": 5, ""harmful_exit"": 86, ""neutral_exit"": 715, ""no_active_exit"": 61, ""saved_stop"": 13, ""timeout_improved"": 146}","{""candidate_after_baseline_exit"": 5, ""candidate_after_max_hold"": 31, ""no_candidate"": 24, ""none"": 965, ""stale_data_no_action"": 1}"
7500,-5000,30000,holdout,100,1026,0,954,72,8,28,990,-332376,-323.953216374269,-202.0,-322481,-314.30896686159844,-202.0,9895,9.644249512670566,0.0,10.372117400419286,0.0,174,110,670,0.6126760563380281,284,0.5548761166019419,9,25014,3,15817,165,106455,0,0,131469,121574,True,True,25.5,1,30,1,7,33,0,0,1026,0,0,2,"{""cut_target"": 3, ""harmful_exit"": 107, ""neutral_exit"": 670, ""no_active_exit"": 72, ""saved_stop"": 9, ""timeout_improved"": 165}","{""candidate_after_baseline_exit"": 7, ""candidate_after_max_hold"": 33, ""no_candidate"": 30, ""none"": 954, ""not_active_exit_eligible"": 1, ""stale_data_no_action"": 1}"
7500,-5000,60000,train,100,1027,0,999,28,17,42,968,-385852,-375.7078870496592,-202.0,-371254,-361.49367088607596,-202.0,14598,14.214216163583252,0.0,14.612612612612613,0.0,285,168,546,0.6291390728476821,453,0.5837459388556048,31,99689,12,89497,254,208943,0,0,308632,294034,False,True,56.400000000000006,6,20,0,1,1,0,0,1027,0,0,3,"{""cut_target"": 12, ""harmful_exit"": 156, ""neutral_exit"": 546, ""no_active_exit"": 28, ""saved_stop"": 31, ""timeout_improved"": 254}","{""candidate_after_baseline_exit"": 1, ""candidate_after_max_hold"": 1, ""no_candidate"": 20, ""none"": 999, ""stale_data_no_action"": 6}"
7500,-5000,60000,validation,100,1026,0,991,35,21,51,954,-333325,-324.87816764132555,-202.0,-301607,-293.9639376218324,-202.0,31718,30.91423001949318,0.0,32.006054490413725,0.0,243,126,622,0.6585365853658537,369,0.6087418784224581,35,117252,12,86145,208,153837,0,0,271089,239371,False,True,55.8,1,24,0,6,4,0,0,1026,0,0,3,"{""cut_target"": 12, ""harmful_exit"": 114, ""neutral_exit"": 622, ""no_active_exit"": 35, ""saved_stop"": 35, ""timeout_improved"": 208}","{""candidate_after_baseline_exit"": 6, ""candidate_after_max_hold"": 4, ""no_candidate"": 24, ""none"": 991, ""stale_data_no_action"": 1}"
7500,-5000,60000,holdout,100,1026,0,979,47,16,36,974,-294539,-287.07504873294346,-202.0,-302443,-294.77875243664715,-202.0,-7904,-7.703703703703703,0.0,-8.073544433094995,0.0,249,148,582,0.6272040302267002,397,0.5786321613072589,15,47823,7,44327,234,182569,0,0,230392,238296,True,True,38.400000000000006,1,30,1,10,5,0,0,1026,0,0,3,"{""cut_target"": 7, ""harmful_exit"": 141, ""neutral_exit"": 582, ""no_active_exit"": 47, ""saved_stop"": 15, ""timeout_improved"": 234}","{""candidate_after_baseline_exit"": 10, ""candidate_after_max_hold"": 5, ""no_candidate"": 30, ""none"": 979, ""not_active_exit_eligible"": 1, ""stale_data_no_action"": 1}"
7500,-5000,120000,train,100,1027,0,1000,27,25,60,942,-545649,-531.3037974683544,-208.0,-389270,-379.0360272638754,-202.0,156379,152.26777020447906,0.0,156.379,0.0,376,148,476,0.7175572519083969,524,0.6775361348575989,49,178552,19,138822,327,305474,0,0,484026,327647,False,True,81.7,6,20,0,1,0,0,0,1027,0,0,4,"{""cut_target"": 19, ""harmful_exit"": 129, ""neutral_exit"": 476, ""no_active_exit"": 27, ""saved_stop"": 49, ""timeout_improved"": 327}","{""candidate_after_baseline_exit"": 1, ""no_candidate"": 20, ""none"": 1000, ""stale_data_no_action"": 6}"
7500,-5000,120000,validation,100,1026,0,995,31,37,69,920,-377355,-367.7923976608187,-202.0,-316224,-308.2105263157895,-202.0,61131,59.58187134502924,0.0,61.438190954773866,0.0,338,121,536,0.7363834422657952,459,0.6942342572504057,51,186787,27,196445,287,206648,0,0,393435,332304,False,True,79.7,1,24,0,6,0,0,0,1026,0,0,2,"{""cut_target"": 27, ""harmful_exit"": 94, ""neutral_exit"": 536, ""no_active_exit"": 31, ""saved_stop"": 51, ""timeout_improved"": 287}","{""candidate_after_baseline_exit"": 6, ""no_candidate"": 24, ""none"": 995, ""stale_data_no_action"": 1}"
7500,-5000,120000,holdout,100,1026,0,983,43,35,50,941,-367222,-357.916179337232,-202.0,-333895,-325.4337231968811,-202.0,33327,32.48245614035088,0.0,33.90335707019329,0.0,359,129,495,0.735655737704918,488,0.6947992871716562,26,101421,23,147889,333,269705,0,0,371126,337799,False,True,59.300000000000004,1,30,1,10,1,0,0,1026,0,0,3,"{""cut_target"": 23, ""harmful_exit"": 106, ""neutral_exit"": 495, ""no_active_exit"": 43, ""saved_stop"": 26, ""timeout_improved"": 333}","{""candidate_after_baseline_exit"": 10, ""candidate_after_max_hold"": 1, ""no_candidate"": 30, ""none"": 983, ""not_active_exit_eligible"": 1, ""stale_data_no_action"": 1}"
7500,-6000,30000,train,100,1027,0,980,47,9,17,1001,-374355,-364.51314508276533,-202.0,-364103,-354.5306718597858,-202.0,10252,9.982473222979552,0.0,10.461224489795919,0.0,214,136,630,0.6114285714285714,350,0.5594175104291842,7,31743,5,35865,207,149173,0,0,180916,170664,True,True,27.700000000000003,6,20,0,0,21,0,0,1027,0,0,3,"{""cut_target"": 5, ""harmful_exit"": 131, ""neutral_exit"": 630, ""no_active_exit"": 47, ""saved_stop"": 7, ""timeout_improved"": 207}","{""candidate_after_max_hold"": 21, ""no_candidate"": 20, ""none"": 980, ""stale_data_no_action"": 6}"
7500,-6000,30000,validation,100,1026,0,969,57,9,17,1000,-334976,-326.48732943469787,-202.0,-296029,-288.5272904483431,-202.0,38947,37.960038986354775,0.0,40.19298245614035,0.0,162,92,715,0.6377952755905512,254,0.5770400219932978,7,24314,5,36999,155,133821,0,0,158135,119188,True,True,22.5,1,24,0,1,31,0,0,1026,0,0,3,"{""cut_target"": 5, ""harmful_exit"": 87, ""neutral_exit"": 715, ""no_active_exit"": 57, ""saved_stop"": 7, ""timeout_improved"": 155}","{""candidate_after_baseline_exit"": 1, ""candidate_after_max_hold"": 31, ""no_candidate"": 24, ""none"": 969, ""stale_data_no_action"": 1}"
7500,-6000,30000,holdout,100,1026,0,961,65,8,13,1005,-340708,-332.0740740740741,-202.0,-331230,-322.8362573099415,-202.0,9478,9.237816764132553,0.0,9.86264308012487,0.0,178,112,671,0.6137931034482759,290,0.556616694623334,3,2225,3,15817,175,132934,0,0,135159,125681,True,True,20.5,1,30,1,0,33,0,0,1026,0,0,2,"{""cut_target"": 3, ""harmful_exit"": 109, ""neutral_exit"": 671, ""no_active_exit"": 65, ""saved_stop"": 3, ""timeout_improved"": 175}","{""candidate_after_max_hold"": 33, ""no_candidate"": 30, ""none"": 961, ""not_active_exit_eligible"": 1, ""stale_data_no_action"": 1}"
7500,-6000,60000,train,100,1027,0,1000,27,17,24,986,-406368,-395.68451801363193,-202.0,-381552,-371.5209347614411,-202.0,24816,24.163583252190847,0.0,24.816,0.0,283,171,546,0.6233480176211453,454,0.577917067398635,14,71566,12,89497,269,251785,0,0,323351,298535,False,True,40.900000000000006,6,20,0,0,1,0,0,1027,0,0,3,"{""cut_target"": 12, ""harmful_exit"": 159, ""neutral_exit"": 546, ""no_active_exit"": 27, ""saved_stop"": 14, ""timeout_improved"": 269}","{""candidate_after_max_hold"": 1, ""no_candidate"": 20, ""none"": 1000, ""stale_data_no_action"": 6}"
7500,-6000,60000,validation,100,1026,0,996,30,21,32,973,-370112,-360.7329434697856,-202.0,-313742,-305.79142300194934,-202.0,56370,54.941520467836256,0.0,56.596385542168676,0.0,247,127,622,0.660427807486631,374,0.6110190617598562,21,88123,12,86145,226,209142,0,0,297265,240895,False,True,43.6,1,24,0,1,4,0,0,1026,0,0,3,"{""cut_target"": 12, ""harmful_exit"": 115, ""neutral_exit"": 622, ""no_active_exit"": 30, ""saved_stop"": 21, ""timeout_improved"": 226}","{""candidate_after_baseline_exit"": 1, ""candidate_after_max_hold"": 4, ""no_candidate"": 24, ""none"": 996, ""stale_data_no_action"": 1}"
7500,-6000,60000,holdout,100,1026,0,988,38,16,23,987,-309980,-302.12475633528265,-202.0,-308141,-300.33235867446393,-202.0,1839,1.7923976608187135,0.0,1.861336032388664,0.0,255,149,584,0.6311881188118812,404,0.583110458579502,11,29278,7,44327,244,212170,0,0,241448,239609,True,True,35.400000000000006,1,30,1,1,5,0,0,1026,0,0,3,"{""cut_target"": 7, ""harmful_exit"": 142, ""neutral_exit"": 584, ""no_active_exit"": 38, ""saved_stop"": 11, ""timeout_improved"": 244}","{""candidate_after_baseline_exit"": 1, ""candidate_after_max_hold"": 5, ""no_candidate"": 30, ""none"": 988, ""not_active_exit_eligible"": 1, ""stale_data_no_action"": 1}"
7500,-6000,120000,train,100,1027,0,1001,26,25,31,971,-569601,-554.6260954235638,-208.0,-399568,-389.0632911392405,-202.0,170033,165.56280428432328,0.0,169.86313686313687,0.0,374,151,476,0.7123809523809523,525,0.6722284600627086,21,103451,19,138822,353,396602,0,0,500053,330020,False,True,56.300000000000004,6,20,0,0,0,0,0,1027,0,0,4,"{""cut_target"": 19, ""harmful_exit"": 132, ""neutral_exit"": 476, ""no_active_exit"": 26, ""saved_stop"": 21, ""timeout_improved"": 353}","{""no_candidate"": 20, ""none"": 1001, ""stale_data_no_action"": 6}"
7500,-6000,120000,validation,100,1026,0,1000,26,37,44,945,-422376,-411.67251461988303,-202.0,-330359,-321.98732943469787,-202.0,92017,89.68518518518519,0.0,92.017,0.0,341,123,536,0.7349137931034483,464,0.6929429817157997,31,141013,27,196445,310,290744,0,0,431757,339740,False,True,62.0,1,24,0,1,0,0,0,1026,0,0,2,"{""cut_target"": 27, ""harmful_exit"": 96, ""neutral_exit"": 536, ""no_active_exit"": 26, ""saved_stop"": 31, ""timeout_improved"": 310}","{""candidate_after_baseline_exit"": 1, ""no_candidate"": 24, ""none"": 1000, ""stale_data_no_action"": 1}"
7500,-6000,120000,holdout,100,1026,0,992,34,35,35,956,-386753,-376.9522417153996,-202.0,-342593,-333.911306042885,-202.0,44160,43.04093567251462,0.0,44.516129032258064,0.0,363,132,497,0.7333333333333333,495,0.6926886419060343,20,73867,23,147889,343,311830,0,0,385697,341537,False,True,54.300000000000004,1,30,1,1,1,0,0,1026,0,0,3,"{""cut_target"": 23, ""harmful_exit"": 109, ""neutral_exit"": 497, ""no_active_exit"": 34, ""saved_stop"": 20, ""timeout_improved"": 343}","{""candidate_after_baseline_exit"": 1, ""candidate_after_max_hold"": 1, ""no_candidate"": 30, ""none"": 992, ""not_active_exit_eligible"": 1, ""stale_data_no_action"": 1}"
10000,-200,30000,train,100,1027,0,788,239,6,313,708,-45734,-44.53164556962025,-202.0,-105273,-102.50535540408958,-202.0,-59539,-57.973709834469325,0.0,-75.55710659898477,0.0,139,77,572,0.6435185185185185,216,0.5776481475051477,92,27456,4,38263,47,7657,0,0,35113,94652,False,True,96.7,6,20,0,192,21,0,0,1027,0,0,2,"{""cut_target"": 4, ""harmful_exit"": 73, ""neutral_exit"": 572, ""no_active_exit"": 239, ""saved_stop"": 92, ""timeout_improved"": 47}","{""candidate_after_baseline_exit"": 192, ""candidate_after_max_hold"": 21, ""no_candidate"": 20, ""none"": 788, ""stale_data_no_action"": 6}"
10000,-200,30000,validation,100,1026,0,817,209,1,258,767,-76398,-74.46198830409357,-202.0,-90627,-88.33040935672514,-202.0,-14229,-13.868421052631579,0.0,-17.416156670746634,0.0,104,51,662,0.6709677419354839,155,0.5936466139682639,71,18544,0,0,33,7921,0,0,26465,40694,True,True,74.3,1,24,0,153,31,0,0,1026,0,0,2,"{""harmful_exit"": 51, ""neutral_exit"": 662, ""no_active_exit"": 209, ""saved_stop"": 71, ""timeout_improved"": 33}","{""candidate_after_baseline_exit"": 153, ""candidate_after_max_hold"": 31, ""no_candidate"": 24, ""none"": 817, ""stale_data_no_action"": 1}"
10000,-200,30000,holdout,100,1026,0,794,232,0,272,754,-72152,-70.32358674463937,-202.0,-109855,-107.07115009746589,-202.0,-37703,-36.74756335282651,0.0,-47.484886649874056,0.0,113,61,620,0.6494252873563219,174,0.5759961965389941,67,17245,0,0,46,3810,0,0,21055,58758,True,True,71.6,1,30,1,167,33,0,0,1026,0,0,2,"{""harmful_exit"": 61, ""neutral_exit"": 620, ""no_active_exit"": 232, ""saved_stop"": 67, ""timeout_improved"": 46}","{""candidate_after_baseline_exit"": 167, ""candidate_after_max_hold"": 33, ""no_candidate"": 30, ""none"": 794, ""not_active_exit_eligible"": 1, ""stale_data_no_action"": 1}"
10000,-200,60000,train,100,1027,0,792,235,10,367,650,2238,2.1791626095423564,-208.0,-117535,-114.44498539435249,-202.0,-119773,-116.62414800389485,0.0,-151.22853535353536,0.0,197,95,500,0.6746575342465754,292,0.6189550815027008,145,45484,8,76482,52,6230,0,0,51714,171487,False,True,150.2,6,20,0,208,1,0,0,1027,0,0,2,"{""cut_target"": 8, ""harmful_exit"": 87, ""neutral_exit"": 500, ""no_active_exit"": 235, ""saved_stop"": 145, ""timeout_improved"": 52}","{""candidate_after_baseline_exit"": 208, ""candidate_after_max_hold"": 1, ""no_candidate"": 20, ""none"": 792, ""stale_data_no_action"": 6}"
10000,-200,60000,validation,100,1026,0,828,198,6,300,720,-35045,-34.15692007797271,-202.0,-103720,-101.0916179337232,-202.0,-68675,-66.93469785575049,0.0,-82.94082125603865,0.0,166,78,584,0.680327868852459,244,0.6194061978441547,109,36908,4,33944,57,5496,0,0,42404,111079,False,True,114.7,1,24,0,169,4,0,0,1026,0,0,2,"{""cut_target"": 4, ""harmful_exit"": 74, ""neutral_exit"": 584, ""no_active_exit"": 198, ""saved_stop"": 109, ""timeout_improved"": 57}","{""candidate_after_baseline_exit"": 169, ""candidate_after_max_hold"": 4, ""no_candidate"": 24, ""none"": 828, ""stale_data_no_action"": 1}"
10000,-200,60000,holdout,100,1026,0,805,221,2,322,702,-28382,-27.662768031189085,-202.0,-79866,-77.84210526315789,-202.0,-51484,-50.17933723196881,0.0,-63.95527950310559,0.0,185,78,542,0.7034220532319392,263,0.6456130850605842,114,30493,1,8188,71,6264,0,0,36757,88241,True,True,121.1,1,30,1,184,5,0,0,1026,0,0,2,"{""cut_target"": 1, ""harmful_exit"": 77, ""neutral_exit"": 542, ""no_active_exit"": 221, ""saved_stop"": 114, ""timeout_improved"": 71}","{""candidate_after_baseline_exit"": 184, ""candidate_after_max_hold"": 5, ""no_candidate"": 30, ""none"": 805, ""not_active_exit_eligible"": 1, ""stale_data_no_action"": 1}"
10000,-200,120000,train,100,1027,0,793,234,13,434,580,-5791,-5.6387536514118795,-213.0,-128614,-125.23271665043816,-202.0,-122823,-119.59396299902629,0.0,-154.88398486759144,0.0,269,87,437,0.7556179775280899,356,0.7084058507568352,209,66037,11,101588,60,2590,0,0,68627,191450,False,True,215.0,6,20,0,208,0,0,0,1027,0,0,3,"{""cut_target"": 11, ""harmful_exit"": 76, ""neutral_exit"": 437, ""no_active_exit"": 234, ""saved_stop"": 209, ""timeout_improved"": 60}","{""candidate_after_baseline_exit"": 208, ""no_candidate"": 20, ""none"": 793, ""stale_data_no_action"": 6}"
10000,-200,120000,validation,100,1026,0,829,197,7,383,636,-33400,-32.553606237816766,-203.0,-111087,-108.2719298245614,-202.0,-77687,-75.71832358674465,0.0,-93.71170084439083,0.0,251,70,508,0.7819314641744548,321,0.7335689980754561,190,56496,4,33944,61,3881,0,0,60377,138064,False,True,196.1,1,24,0,172,0,0,0,1026,0,0,2,"{""cut_target"": 4, ""harmful_exit"": 66, ""neutral_exit"": 508, ""no_active_exit"": 197, ""saved_stop"": 190, ""timeout_improved"": 61}","{""candidate_after_baseline_exit"": 172, ""no_candidate"": 24, ""none"": 829, ""stale_data_no_action"": 1}"
10000,-200,120000,holdout,100,1026,0,806,220,7,405,614,6354,6.192982456140351,-208.0,-74567,-72.67738791423002,-202.0,-80921,-78.87037037037037,0.0,-100.39826302729529,0.0,277,65,464,0.8099415204678363,342,0.765005327472586,195,51807,1,8188,82,8528,0,0,60335,141256,True,True,203.2,1,30,1,187,1,0,0,1026,0,0,3,"{""cut_target"": 1, ""harmful_exit"": 64, ""neutral_exit"": 464, ""no_active_exit"": 220, ""saved_stop"": 195, ""timeout_improved"": 82}","{""candidate_after_baseline_exit"": 187, ""candidate_after_max_hold"": 1, ""no_candidate"": 30, ""none"": 806, ""not_active_exit_eligible"": 1, ""stale_data_no_action"": 1}"
10000,-300,30000,train,100,1027,0,813,214,6,276,745,-73036,-71.11587147030185,-202.0,-124436,-121.16455696202532,-202.0,-51400,-50.04868549172347,0.0,-63.22263222632226,0.0,151,80,582,0.6536796536796536,231,0.5902608834604485,80,32432,4,38263,71,11840,0,0,44272,95672,False,True,87.1,6,20,0,167,21,0,0,1027,0,0,2,"{""cut_target"": 4, ""harmful_exit"": 76, ""neutral_exit"": 582, ""no_active_exit"": 214, ""saved_stop"": 80, ""timeout_improved"": 71}","{""candidate_after_baseline_exit"": 167, ""candidate_after_max_hold"": 21, ""no_candidate"": 20, ""none"": 813, ""stale_data_no_action"": 6}"
10000,-300,30000,validation,100,1026,0,832,194,1,231,794,-87570,-85.35087719298245,-202.0,-106627,-103.92495126705653,-202.0,-19057,-18.574074074074073,0.0,-22.905048076923077,0.0,109,55,668,0.6646341463414634,164,0.5893419412489201,60,21553,0,0,49,11247,0,0,32800,51857,True,True,64.9,1,24,0,138,31,0,0,1026,0,0,2,"{""harmful_exit"": 55, ""neutral_exit"": 668, ""no_active_exit"": 194, ""saved_stop"": 60, ""timeout_improved"": 49}","{""candidate_after_baseline_exit"": 138, ""candidate_after_max_hold"": 31, ""no_candidate"": 24, ""none"": 832, ""stale_data_no_action"": 1}"
10000,-300,30000,holdout,100,1026,0,813,213,0,241,785,-81291,-79.23099415204679,-202.0,-128852,-125.58674463937622,-202.0,-47561,-46.35575048732944,0.0,-58.50061500615006,0.0,119,67,627,0.6397849462365591,186,0.5686088705273937,55,20246,0,0,64,6630,0,0,26876,74437,True,True,61.4,1,30,1,148,33,0,0,1026,0,0,2,"{""harmful_exit"": 67, ""neutral_exit"": 627, ""no_active_exit"": 213, ""saved_stop"": 55, ""timeout_improved"": 64}","{""candidate_after_baseline_exit"": 148, ""candidate_after_max_hold"": 33, ""no_candidate"": 30, ""none"": 813, ""not_active_exit_eligible"": 1, ""stale_data_no_action"": 1}"
10000,-300,60000,train,100,1027,0,817,210,10,324,693,-29459,-28.684518013631937,-206.0,-136798,-133.20155793573514,-202.0,-107339,-104.51703992210321,0.0,-131.38188494492044,0.0,209,101,507,0.6741935483870968,310,0.6201656318128362,127,55251,8,76482,82,10702,0,0,65953,173292,False,True,135.2,6,20,0,183,1,0,0,1027,0,0,2,"{""cut_target"": 8, ""harmful_exit"": 93, ""neutral_exit"": 507, ""no_active_exit"": 210, ""saved_stop"": 127, ""timeout_improved"": 82}","{""candidate_after_baseline_exit"": 183, ""candidate_after_max_hold"": 1, ""no_candidate"": 20, ""none"": 817, ""stale_data_no_action"": 6}"
10000,-300,60000,validation,100,1026,0,844,182,6,274,746,-51331,-50.03021442495127,-202.0,-120717,-117.65789473684211,-202.0,-69386,-67.62768031189084,0.0,-82.21090047393365,0.0,173,82,589,0.6784313725490196,255,0.6188205514822238,99,44103,4,33944,74,8637,0,0,52740,122126,False,True,106.4,1,24,0,153,4,0,0,1026,0,0,2,"{""cut_target"": 4, ""harmful_exit"": 78, ""neutral_exit"": 589, ""no_active_exit"": 182, ""saved_stop"": 99, ""timeout_improved"": 74}","{""candidate_after_baseline_exit"": 153, ""candidate_after_max_hold"": 4, ""no_candidate"": 24, ""none"": 844, ""stale_data_no_action"": 1}"
10000,-300,60000,holdout,100,1026,0,824,202,2,290,734,-34093,-33.22904483430799,-202.0,-99163,-96.65009746588694,-202.0,-65070,-63.421052631578945,0.0,-78.96844660194175,0.0,188,87,549,0.6836363636363636,275,0.6264626567454095,101,38221,1,8188,87,8369,0,0,46590,111660,True,True,109.7,1,30,1,165,5,0,0,1026,0,0,3,"{""cut_target"": 1, ""harmful_exit"": 86, ""neutral_exit"": 549, ""no_active_exit"": 202, ""saved_stop"": 101, ""timeout_improved"": 87}","{""candidate_after_baseline_exit"": 165, ""candidate_after_max_hold"": 5, ""no_candidate"": 30, ""none"": 824, ""not_active_exit_eligible"": 1, ""stale_data_no_action"": 1}"
10000,-300,120000,train,100,1027,0,818,209,13,376,638,-37813,-36.8188899707887,-212.0,-148177,-144.28140214216162,-202.0,-110364,-107.46251217137294,0.0,-134.91931540342298,0.0,282,94,442,0.75,376,0.7038524049407283,176,79509,11,101588,106,9095,0,0,88604,198968,False,True,186.6,6,20,0,183,0,0,0,1027,0,0,3,"{""cut_target"": 11, ""harmful_exit"": 83, ""neutral_exit"": 442, ""no_active_exit"": 209, ""saved_stop"": 176, ""timeout_improved"": 106}","{""candidate_after_baseline_exit"": 183, ""no_candidate"": 20, ""none"": 818, ""stale_data_no_action"": 6}"
10000,-300,120000,validation,100,1026,0,845,181,8,338,680,-56592,-55.1578947368421,-202.5,-128284,-125.03313840155946,-202.0,-71692,-69.87524366471735,0.0,-84.84260355029586,0.0,261,72,512,0.7837837837837838,333,0.7364664327936906,161,68661,5,44152,100,10150,0,0,78811,150503,False,True,171.0,1,24,0,156,0,0,0,1026,0,0,2,"{""cut_target"": 5, ""harmful_exit"": 67, ""neutral_exit"": 512, ""no_active_exit"": 181, ""saved_stop"": 161, ""timeout_improved"": 100}","{""candidate_after_baseline_exit"": 156, ""no_candidate"": 24, ""none"": 845, ""stale_data_no_action"": 1}"
10000,-300,120000,holdout,100,1026,0,825,201,7,362,657,-19294,-18.80506822612086,-208.0,-94064,-91.68031189083821,-202.0,-74770,-72.87524366471735,0.0,-90.63030303030303,0.0,285,70,470,0.8028169014084507,355,0.758281640163237,171,65494,1,8188,114,13036,0,0,78530,153300,True,True,182.4,1,30,1,168,1,0,0,1026,0,0,3,"{""cut_target"": 1, ""harmful_exit"": 69, ""neutral_exit"": 470, ""no_active_exit"": 201, ""saved_stop"": 171, ""timeout_improved"": 114}","{""candidate_after_baseline_exit"": 168, ""candidate_after_max_hold"": 1, ""no_candidate"": 30, ""none"": 825, ""not_active_exit_eligible"": 1, ""stale_data_no_action"": 1}"
10000,-500,30000,train,100,1027,0,840,187,6,240,781,-120031,-116.87536514118793,-202.0,-159498,-155.3047711781889,-202.0,-39467,-38.42940603700097,0.0,-46.98452380952381,0.0,165,83,592,0.6653225806451613,248,0.6044670720065842,72,38400,4,38263,93,20046,0,0,58446,97913,False,True,81.3,6,20,0,140,21,0,0,1027,0,0,2,"{""cut_target"": 4, ""harmful_exit"": 79, ""neutral_exit"": 592, ""no_active_exit"": 187, ""saved_stop"": 72, ""timeout_improved"": 93}","{""candidate_after_baseline_exit"": 140, ""candidate_after_max_hold"": 21, ""no_candidate"": 20, ""none"": 840, ""stale_data_no_action"": 6}"
10000,-500,30000,validation,100,1026,0,856,170,1,196,829,-112934,-110.07212475633528,-202.0,-125175,-122.00292397660819,-202.0,-12241,-11.930799220272904,0.0,-14.300233644859814,0.0,115,60,681,0.6571428571428571,175,0.584119085529374,51,27606,0,0,64,15810,0,0,43416,55657,True,True,57.4,1,24,0,114,31,0,0,1026,0,0,3,"{""harmful_exit"": 60, ""neutral_exit"": 681, ""no_active_exit"": 170, ""saved_stop"": 51, ""timeout_improved"": 64}","{""candidate_after_baseline_exit"": 114, ""candidate_after_max_hold"": 31, ""no_candidate"": 24, ""none"": 856, ""stale_data_no_action"": 1}"
10000,-500,30000,holdout,100,1026,0,838,188,0,213,813,-113649,-110.76900584795321,-202.0,-154933,-151.00682261208576,-202.0,-41284,-40.23781676413255,0.0,-49.26491646778043,0.0,132,74,632,0.6407766990291263,206,0.5732344846683464,56,28386,0,0,76,9342,0,0,37728,79012,True,True,63.6,1,30,1,123,33,0,0,1026,0,0,2,"{""harmful_exit"": 74, ""neutral_exit"": 632, ""no_active_exit"": 188, ""saved_stop"": 56, ""timeout_improved"": 76}","{""candidate_after_baseline_exit"": 123, ""candidate_after_max_hold"": 33, ""no_candidate"": 30, ""none"": 838, ""not_active_exit_eligible"": 1, ""stale_data_no_action"": 1}"
10000,-500,60000,train,100,1027,0,845,182,10,284,733,-76725,-74.7078870496592,-203.0,-172084,-167.55988315481986,-202.0,-95359,-92.85199610516067,0.0,-112.8508875739645,0.0,223,108,514,0.6737160120845922,331,0.6214649078568912,115,66308,8,76482,108,19853,0,0,86161,181520,False,True,125.8,6,20,0,155,1,0,0,1027,0,0,2,"{""cut_target"": 8, ""harmful_exit"": 100, ""neutral_exit"": 514, ""no_active_exit"": 182, ""saved_stop"": 115, ""timeout_improved"": 108}","{""candidate_after_baseline_exit"": 155, ""candidate_after_max_hold"": 1, ""no_candidate"": 20, ""none"": 845, ""stale_data_no_action"": 6}"
10000,-500,60000,validation,100,1026,0,868,158,7,235,784,-79641,-77.62280701754386,-202.0,-140067,-136.51754385964912,-202.0,-60426,-58.89473684210526,0.0,-69.61520737327189,0.0,185,86,597,0.6826568265682657,271,0.6250180290505299,85,55483,4,33944,100,16730,0,0,72213,132639,False,True,95.0,1,24,0,129,4,0,0,1026,0,0,2,"{""cut_target"": 4, ""harmful_exit"": 82, ""neutral_exit"": 597, ""no_active_exit"": 158, ""saved_stop"": 85, ""timeout_improved"": 100}","{""candidate_after_baseline_exit"": 129, ""candidate_after_max_hold"": 4, ""no_candidate"": 24, ""none"": 868, ""stale_data_no_action"": 1}"
10000,-500,60000,holdout,100,1026,0,851,175,2,255,769,-62133,-60.558479532163744,-202.0,-123824,-120.68615984405459,-202.0,-61691,-60.127680311890835,0.0,-72.49236192714453,0.0,203,96,552,0.6789297658862876,299,0.6240272223335844,96,53436,1,8188,107,12937,0,0,66373,128064,True,True,106.7,1,30,1,138,5,0,0,1026,0,0,3,"{""cut_target"": 1, ""harmful_exit"": 95, ""neutral_exit"": 552, ""no_active_exit"": 175, ""saved_stop"": 96, ""timeout_improved"": 107}","{""candidate_after_baseline_exit"": 138, ""candidate_after_max_hold"": 5, ""no_candidate"": 30, ""none"": 851, ""not_active_exit_eligible"": 1, ""stale_data_no_action"": 1}"
10000,-500,120000,train,100,1027,0,846,181,13,332,682,-94864,-92.37000973709834,-211.0,-184063,-179.22395326192793,-202.0,-89199,-86.8539435248296,0.0,-105.43617021276596,0.0,295,102,449,0.743073047858942,397,0.6979059296547879,160,99538,11,101588,135,20506,0,0,120044,209243,False,True,173.5,6,20,0,155,0,0,0,1027,0,0,3,"{""cut_target"": 11, ""harmful_exit"": 91, ""neutral_exit"": 449, ""no_active_exit"": 181, ""saved_stop"": 160, ""timeout_improved"": 135}","{""candidate_after_baseline_exit"": 155, ""no_candidate"": 20, ""none"": 846, ""stale_data_no_action"": 6}"
10000,-500,120000,validation,100,1026,0,869,157,9,296,721,-100898,-98.3411306042885,-202.0,-148034,-144.28265107212476,-202.0,-47136,-45.941520467836256,0.0,-54.241657077100115,0.0,276,77,516,0.7818696883852692,353,0.7358795047706642,144,90745,5,44152,132,19240,0,0,109985,157121,False,True,157.2,1,24,0,132,0,0,0,1026,0,0,2,"{""cut_target"": 5, ""harmful_exit"": 72, ""neutral_exit"": 516, ""no_active_exit"": 157, ""saved_stop"": 144, ""timeout_improved"": 132}","{""candidate_after_baseline_exit"": 132, ""no_candidate"": 24, ""none"": 869, ""stale_data_no_action"": 1}"
10000,-500,120000,holdout,100,1026,0,852,174,8,321,697,-54833,-53.44346978557505,-205.0,-121378,-118.30214424951266,-202.0,-66545,-64.85867446393762,0.0,-78.10446009389672,0.0,303,78,471,0.7952755905511811,381,0.7519070408987314,159,91199,2,16651,144,20351,0,0,111550,178095,True,True,173.4,1,30,1,141,1,0,0,1026,0,0,3,"{""cut_target"": 2, ""harmful_exit"": 76, ""neutral_exit"": 471, ""no_active_exit"": 174, ""saved_stop"": 159, ""timeout_improved"": 144}","{""candidate_after_baseline_exit"": 141, ""candidate_after_max_hold"": 1, ""no_candidate"": 30, ""none"": 852, ""not_active_exit_eligible"": 1, ""stale_data_no_action"": 1}"
10000,-700,30000,train,100,1027,0,857,170,6,209,812,-151163,-147.18889970788706,-202.0,-186717,-181.80817916260955,-202.0,-35554,-34.619279454722495,0.0,-41.48658109684948,0.0,168,88,601,0.65625,256,0.596144121990143,59,45988,4,38263,109,26004,0,0,71992,107546,False,True,69.9,6,20,0,123,21,0,0,1027,0,0,2,"{""cut_target"": 4, ""harmful_exit"": 84, ""neutral_exit"": 601, ""no_active_exit"": 170, ""saved_stop"": 59, ""timeout_improved"": 109}","{""candidate_after_baseline_exit"": 123, ""candidate_after_max_hold"": 21, ""no_candidate"": 20, ""none"": 857, ""stale_data_no_action"": 6}"
10000,-700,30000,validation,100,1026,0,876,150,1,165,860,-145165,-141.48635477582846,-202.0,-152652,-148.78362573099415,-202.0,-7487,-7.297270955165692,0.0,-8.546803652968036,0.0,119,63,694,0.6538461538461539,182,0.5821932651408553,41,27063,0,0,78,24482,0,0,51545,59032,True,True,48.8,1,24,0,94,31,0,0,1026,0,0,3,"{""harmful_exit"": 63, ""neutral_exit"": 694, ""no_active_exit"": 150, ""saved_stop"": 41, ""timeout_improved"": 78}","{""candidate_after_baseline_exit"": 94, ""candidate_after_max_hold"": 31, ""no_candidate"": 24, ""none"": 876, ""stale_data_no_action"": 1}"
10000,-700,30000,holdout,100,1026,0,863,163,0,170,856,-132096,-128.7485380116959,-202.0,-177161,-172.67153996101365,-202.0,-45065,-43.92300194931774,0.0,-52.21900347624565,0.0,132,82,649,0.616822429906542,214,0.5501703301134809,40,28450,0,0,92,17390,0,0,45840,90905,True,True,49.2,1,30,1,98,33,0,0,1026,0,0,2,"{""harmful_exit"": 82, ""neutral_exit"": 649, ""no_active_exit"": 163, ""saved_stop"": 40, ""timeout_improved"": 92}","{""candidate_after_baseline_exit"": 98, ""candidate_after_max_hold"": 33, ""no_candidate"": 30, ""none"": 863, ""not_active_exit_eligible"": 1, ""stale_data_no_action"": 1}"
10000,-700,60000,train,100,1027,0,863,164,10,248,769,-115887,-112.84031158714703,-203.0,-199865,-194.61051606621226,-202.0,-83978,-81.77020447906524,0.0,-97.30938586326766,0.0,228,113,522,0.6686217008797654,341,0.6170267604138426,97,81112,8,76482,131,28558,0,0,109670,193648,False,True,110.1,6,20,0,137,1,0,0,1027,0,0,2,"{""cut_target"": 8, ""harmful_exit"": 105, ""neutral_exit"": 522, ""no_active_exit"": 164, ""saved_stop"": 97, ""timeout_improved"": 131}","{""candidate_after_baseline_exit"": 137, ""candidate_after_max_hold"": 1, ""no_candidate"": 20, ""none"": 863, ""stale_data_no_action"": 6}"
10000,-700,60000,validation,100,1026,0,889,137,7,201,818,-116460,-113.50877192982456,-202.0,-166768,-162.541910331384,-202.0,-50308,-49.033138401559455,0.0,-56.58942632170979,0.0,188,91,610,0.6738351254480287,279,0.6167880362627837,72,60589,4,33944,116,25581,0,0,86170,136478,False,True,83.6,1,24,0,108,4,0,0,1026,0,0,2,"{""cut_target"": 4, ""harmful_exit"": 87, ""neutral_exit"": 610, ""no_active_exit"": 137, ""saved_stop"": 72, ""timeout_improved"": 116}","{""candidate_after_baseline_exit"": 108, ""candidate_after_max_hold"": 4, ""no_candidate"": 24, ""none"": 889, ""stale_data_no_action"": 1}"
10000,-700,60000,holdout,100,1026,0,877,149,2,210,814,-78680,-76.68615984405459,-202.0,-148927,-145.15302144249512,-202.0,-70247,-68.46686159844054,0.0,-80.09920182440136,0.0,204,105,568,0.6601941747572816,309,0.6057050212041478,78,58731,1,8188,126,23982,0,0,82713,152960,True,True,90.6,1,30,1,112,5,0,0,1026,0,0,3,"{""cut_target"": 1, ""harmful_exit"": 104, ""neutral_exit"": 568, ""no_active_exit"": 149, ""saved_stop"": 78, ""timeout_improved"": 126}","{""candidate_after_baseline_exit"": 112, ""candidate_after_max_hold"": 5, ""no_candidate"": 30, ""none"": 877, ""not_active_exit_eligible"": 1, ""stale_data_no_action"": 1}"
10000,-700,120000,train,100,1027,0,864,163,13,289,725,-152113,-148.1139240506329,-211.0,-212444,-206.85881207400195,-202.0,-60331,-58.744888023369036,0.0,-69.82754629629629,0.0,304,104,456,0.7450980392156863,408,0.7006600896461262,135,115727,11,101588,169,34725,0,0,150452,210783,False,True,151.9,6,20,0,137,0,0,0,1027,0,0,3,"{""cut_target"": 11, ""harmful_exit"": 93, ""neutral_exit"": 456, ""no_active_exit"": 163, ""saved_stop"": 135, ""timeout_improved"": 169}","{""candidate_after_baseline_exit"": 137, ""no_candidate"": 20, ""none"": 864, ""stale_data_no_action"": 6}"
10000,-700,120000,validation,100,1026,0,890,136,9,234,783,-140558,-136.99610136452242,-202.0,-175135,-170.69688109161794,-202.0,-34577,-33.700779727095515,0.0,-38.85056179775281,0.0,282,81,527,0.7768595041322314,363,0.7312559252695395,103,93507,5,44152,179,38618,0,0,132125,166702,False,True,120.9,1,24,0,111,0,0,0,1026,0,0,2,"{""cut_target"": 5, ""harmful_exit"": 76, ""neutral_exit"": 527, ""no_active_exit"": 136, ""saved_stop"": 103, ""timeout_improved"": 179}","{""candidate_after_baseline_exit"": 111, ""no_candidate"": 24, ""none"": 890, ""stale_data_no_action"": 1}"
10000,-700,120000,holdout,100,1026,0,878,148,8,251,767,-82083,-80.00292397660819,-204.0,-151302,-147.46783625730995,-202.0,-69219,-67.46491228070175,0.0,-78.8371298405467,0.0,308,87,483,0.779746835443038,395,0.7362921978788217,115,91867,2,16651,193,44117,0,0,135984,205203,True,True,134.3,1,30,1,115,1,0,0,1026,0,0,3,"{""cut_target"": 2, ""harmful_exit"": 85, ""neutral_exit"": 483, ""no_active_exit"": 148, ""saved_stop"": 115, ""timeout_improved"": 193}","{""candidate_after_baseline_exit"": 115, ""candidate_after_max_hold"": 1, ""no_candidate"": 30, ""none"": 878, ""not_active_exit_eligible"": 1, ""stale_data_no_action"": 1}"
10000,-1000,30000,train,100,1027,0,876,151,6,176,845,-185268,-180.3972736124635,-202.0,-220954,-215.14508276533593,-202.0,-35686,-34.74780915287244,0.0,-40.73744292237443,0.0,171,98,607,0.6356877323420075,269,0.5766433217199155,48,49059,4,38263,123,36198,0,0,85257,120943,False,True,60.3,6,20,0,104,21,0,0,1027,0,0,2,"{""cut_target"": 4, ""harmful_exit"": 94, ""neutral_exit"": 607, ""no_active_exit"": 151, ""saved_stop"": 48, ""timeout_improved"": 123}","{""candidate_after_baseline_exit"": 104, ""candidate_after_max_hold"": 21, ""no_candidate"": 20, ""none"": 876, ""stale_data_no_action"": 6}"
10000,-1000,30000,validation,100,1026,0,892,134,2,141,883,-162738,-158.6140350877193,-202.0,-176324,-171.85575048732943,-202.0,-13586,-13.241715399610136,0.0,-15.230941704035875,0.0,123,69,700,0.640625,192,0.5706096650476453,35,30682,1,9842,88,29406,0,0,60088,73674,True,True,43.8,1,24,0,78,31,0,0,1026,0,0,3,"{""cut_target"": 1, ""harmful_exit"": 68, ""neutral_exit"": 700, ""no_active_exit"": 134, ""saved_stop"": 35, ""timeout_improved"": 88}","{""candidate_after_baseline_exit"": 78, ""candidate_after_max_hold"": 31, ""no_candidate"": 24, ""none"": 892, ""stale_data_no_action"": 1}"
10000,-1000,30000,holdout,100,1026,0,878,148,0,147,879,-170054,-165.74463937621832,-202.0,-208626,-203.33918128654972,-202.0,-38572,-37.59454191033139,0.0,-43.93166287015946,0.0,139,85,654,0.6205357142857143,224,0.555461983562558,34,30954,0,0,105,23704,0,0,54658,93230,True,True,44.5,1,30,1,83,33,0,0,1026,0,0,2,"{""harmful_exit"": 85, ""neutral_exit"": 654, ""no_active_exit"": 148, ""saved_stop"": 34, ""timeout_improved"": 105}","{""candidate_after_baseline_exit"": 83, ""candidate_after_max_hold"": 33, ""no_candidate"": 30, ""none"": 878, ""not_active_exit_eligible"": 1, ""stale_data_no_action"": 1}"
10000,-1000,60000,train,100,1027,0,884,143,10,218,799,-154666,-150.59980525803311,-202.0,-227819,-221.82960077896786,-202.0,-73153,-71.22979552093476,0.0,-82.75226244343891,0.0,235,122,527,0.6582633053221288,357,0.6076126718755077,89,97379,8,76482,146,36827,0,0,134206,207359,False,True,103.6,6,20,0,116,1,0,0,1027,0,0,2,"{""cut_target"": 8, ""harmful_exit"": 114, ""neutral_exit"": 527, ""no_active_exit"": 143, ""saved_stop"": 89, ""timeout_improved"": 146}","{""candidate_after_baseline_exit"": 116, ""candidate_after_max_hold"": 1, ""no_candidate"": 20, ""none"": 884, ""stale_data_no_action"": 6}"
10000,-1000,60000,validation,100,1026,0,906,120,8,173,845,-128939,-125.67153996101365,-202.0,-191480,-186.62768031189083,-202.0,-62541,-60.95614035087719,0.0,-69.02980132450331,0.0,194,98,614,0.6643835616438356,292,0.6083984014237039,62,65961,5,43786,132,37424,0,0,103385,165926,False,True,75.2,1,24,0,91,4,0,0,1026,0,0,2,"{""cut_target"": 5, ""harmful_exit"": 93, ""neutral_exit"": 614, ""no_active_exit"": 120, ""saved_stop"": 62, ""timeout_improved"": 132}","{""candidate_after_baseline_exit"": 91, ""candidate_after_max_hold"": 4, ""no_candidate"": 24, ""none"": 906, ""stale_data_no_action"": 1}"
10000,-1000,60000,holdout,100,1026,0,893,133,2,176,848,-113250,-110.38011695906432,-202.0,-179187,-174.64619883040936,-202.0,-65937,-64.26608187134502,0.0,-73.83762597984322,0.0,209,113,571,0.6490683229813664,322,0.5954606349586389,62,59848,1,8188,147,39779,0,0,99627,165564,True,True,76.7,1,30,1,96,5,0,0,1026,0,0,3,"{""cut_target"": 1, ""harmful_exit"": 112, ""neutral_exit"": 571, ""no_active_exit"": 133, ""saved_stop"": 62, ""timeout_improved"": 147}","{""candidate_after_baseline_exit"": 96, ""candidate_after_max_hold"": 5, ""no_candidate"": 30, ""none"": 893, ""not_active_exit_eligible"": 1, ""stale_data_no_action"": 1}"
10000,-1000,120000,train,100,1027,0,885,142,13,254,760,-200201,-194.93768257059395,-210.0,-239254,-232.96397273612465,-202.0,-39053,-38.026290165530675,0.0,-44.12768361581921,0.0,312,112,461,0.7358490566037735,424,0.6919017785137765,122,137721,11,101588,190,46317,0,0,184038,223091,False,True,141.0,6,20,0,116,0,0,0,1027,0,0,4,"{""cut_target"": 11, ""harmful_exit"": 101, ""neutral_exit"": 461, ""no_active_exit"": 142, ""saved_stop"": 122, ""timeout_improved"": 190}","{""candidate_after_baseline_exit"": 116, ""no_candidate"": 20, ""none"": 885, ""stale_data_no_action"": 6}"
10000,-1000,120000,validation,100,1026,0,907,119,11,206,809,-164081,-159.92300194931775,-202.0,-196700,-191.71539961013644,-202.0,-32619,-31.792397660818715,0.0,-35.96361631753032,0.0,290,87,530,0.7692307692307693,377,0.7241131545198771,93,106411,6,53994,197,53092,0,0,159503,192122,False,True,112.7,1,24,0,94,0,0,0,1026,0,0,2,"{""cut_target"": 6, ""harmful_exit"": 81, ""neutral_exit"": 530, ""no_active_exit"": 119, ""saved_stop"": 93, ""timeout_improved"": 197}","{""candidate_after_baseline_exit"": 94, ""no_candidate"": 24, ""none"": 907, ""stale_data_no_action"": 1}"
10000,-1000,120000,holdout,100,1026,0,895,131,8,215,803,-130214,-126.91423001949317,-203.0,-183559,-178.90740740740742,-202.0,-53345,-51.99317738791423,0.0,-59.60335195530726,0.0,316,94,485,0.7707317073170732,410,0.727640792663105,97,102215,2,16651,219,62341,0,0,164556,217901,True,True,118.9,1,30,1,98,1,0,0,1026,0,0,3,"{""cut_target"": 2, ""harmful_exit"": 92, ""neutral_exit"": 485, ""no_active_exit"": 131, ""saved_stop"": 97, ""timeout_improved"": 219}","{""candidate_after_baseline_exit"": 98, ""candidate_after_max_hold"": 1, ""no_candidate"": 30, ""none"": 895, ""not_active_exit_eligible"": 1, ""stale_data_no_action"": 1}"
10000,-1500,30000,train,100,1027,0,910,117,6,131,890,-213274,-207.6669912366115,-202.0,-253673,-247.00389483933787,-202.0,-40399,-39.33690360272639,0.0,-44.394505494505495,0.0,184,112,614,0.6216216216216216,296,0.5651468872321684,42,49193,4,38263,142,56101,0,0,105294,145693,False,True,56.2,6,20,0,70,21,0,0,1027,0,0,4,"{""cut_target"": 4, ""harmful_exit"": 108, ""neutral_exit"": 614, ""no_active_exit"": 117, ""saved_stop"": 42, ""timeout_improved"": 142}","{""candidate_after_baseline_exit"": 70, ""candidate_after_max_hold"": 21, ""no_candidate"": 20, ""none"": 910, ""stale_data_no_action"": 6}"
10000,-1500,30000,validation,100,1026,0,907,119,2,113,911,-190894,-186.05653021442495,-202.0,-210234,-204.906432748538,-202.0,-19340,-18.84990253411306,0.0,-21.323042998897463,0.0,128,78,701,0.6213592233009708,206,0.5534722203432028,27,32119,1,9842,101,38733,0,0,70852,90192,True,True,37.1,1,24,0,63,31,0,0,1026,0,0,3,"{""cut_target"": 1, ""harmful_exit"": 77, ""neutral_exit"": 701, ""no_active_exit"": 119, ""saved_stop"": 27, ""timeout_improved"": 101}","{""candidate_after_baseline_exit"": 63, ""candidate_after_max_hold"": 31, ""no_candidate"": 24, ""none"": 907, ""stale_data_no_action"": 1}"
10000,-1500,30000,holdout,100,1026,0,901,125,0,114,912,-209186,-203.8849902534113,-202.0,-240662,-234.5633528265107,-202.0,-31476,-30.678362573099417,0.0,-34.93451720310766,0.0,150,92,659,0.6198347107438017,242,0.5572534389184297,29,37244,0,0,121,32832,0,0,70076,101552,True,True,41.1,1,30,1,60,33,0,0,1026,0,0,2,"{""harmful_exit"": 92, ""neutral_exit"": 659, ""no_active_exit"": 125, ""saved_stop"": 29, ""timeout_improved"": 121}","{""candidate_after_baseline_exit"": 60, ""candidate_after_max_hold"": 33, ""no_candidate"": 30, ""none"": 901, ""not_active_exit_eligible"": 1, ""stale_data_no_action"": 1}"
10000,-1500,60000,train,100,1027,0,922,105,10,168,849,-177747,-173.07400194741967,-202.0,-262340,-255.44303797468353,-202.0,-84593,-82.36903602726387,0.0,-91.74945770065077,0.0,247,141,534,0.6365979381443299,388,0.5876166920776916,78,112226,8,76482,169,57050,0,0,169276,253869,False,True,94.9,6,20,0,78,1,0,0,1027,0,0,3,"{""cut_target"": 8, ""harmful_exit"": 133, ""neutral_exit"": 534, ""no_active_exit"": 105, ""saved_stop"": 78, ""timeout_improved"": 169}","{""candidate_after_baseline_exit"": 78, ""candidate_after_max_hold"": 1, ""no_candidate"": 20, ""none"": 922, ""stale_data_no_action"": 6}"
10000,-1500,60000,validation,100,1026,0,924,102,8,148,870,-176184,-171.71929824561403,-202.0,-233199,-227.28947368421052,-202.0,-57015,-55.57017543859649,0.0,-61.70454545454545,0.0,204,105,615,0.6601941747572816,309,0.6057050212041478,56,82988,5,43786,148,51062,0,0,134050,191065,False,True,70.8,1,24,0,73,4,0,0,1026,0,0,2,"{""cut_target"": 5, ""harmful_exit"": 100, ""neutral_exit"": 615, ""no_active_exit"": 102, ""saved_stop"": 56, ""timeout_improved"": 148}","{""candidate_after_baseline_exit"": 73, ""candidate_after_max_hold"": 4, ""no_candidate"": 24, ""none"": 924, ""stale_data_no_action"": 1}"
10000,-1500,60000,holdout,100,1026,0,921,105,3,145,878,-148407,-144.64619883040936,-202.0,-212465,-207.08089668615983,-202.0,-64058,-62.434697855750485,0.0,-69.55266015200868,0.0,221,125,575,0.638728323699422,346,0.5868449436659214,59,79128,2,15514,162,52734,0,0,131862,195920,True,True,75.2,1,30,1,68,5,0,0,1026,0,0,3,"{""cut_target"": 2, ""harmful_exit"": 123, ""neutral_exit"": 575, ""no_active_exit"": 105, ""saved_stop"": 59, ""timeout_improved"": 162}","{""candidate_after_baseline_exit"": 68, ""candidate_after_max_hold"": 5, ""no_candidate"": 30, ""none"": 921, ""not_active_exit_eligible"": 1, ""stale_data_no_action"": 1}"
10000,-1500,120000,train,100,1027,0,923,104,15,209,803,-259094,-252.2823758519961,-210.0,-275264,-268.0272638753651,-202.0,-16170,-15.744888023369036,0.0,-17.51895991332611,0.0,335,123,465,0.7314410480349345,458,0.6890487986408693,116,170004,12,112823,219,75447,0,0,245451,261621,False,True,137.9,6,20,0,78,0,0,0,1027,0,0,4,"{""cut_target"": 12, ""harmful_exit"": 111, ""neutral_exit"": 465, ""no_active_exit"": 104, ""saved_stop"": 116, ""timeout_improved"": 219}","{""candidate_after_baseline_exit"": 78, ""no_candidate"": 20, ""none"": 923, ""stale_data_no_action"": 6}"
10000,-1500,120000,validation,100,1026,0,925,101,11,175,840,-217982,-212.458089668616,-202.0,-236907,-230.90350877192984,-202.0,-18925,-18.44541910331384,0.0,-20.45945945945946,0.0,299,95,531,0.7588832487309645,394,0.714275899575714,81,132674,6,53994,218,69338,0,0,202012,220937,False,True,102.8,1,24,0,76,0,0,0,1026,0,0,2,"{""cut_target"": 6, ""harmful_exit"": 89, ""neutral_exit"": 531, ""no_active_exit"": 101, ""saved_stop"": 81, ""timeout_improved"": 218}","{""candidate_after_baseline_exit"": 76, ""no_candidate"": 24, ""none"": 925, ""stale_data_no_action"": 1}"
10000,-1500,120000,holdout,100,1026,0,923,103,9,184,833,-172396,-168.02729044834308,-202.0,-218837,-213.2914230019493,-202.0,-46441,-45.26413255360624,0.0,-50.315276273022754,0.0,330,105,488,0.7586206896551724,435,0.7162563153314349,94,132154,3,23977,236,78601,0,0,210755,257196,True,True,117.6,1,30,1,70,1,0,0,1026,0,0,3,"{""cut_target"": 3, ""harmful_exit"": 102, ""neutral_exit"": 488, ""no_active_exit"": 103, ""saved_stop"": 94, ""timeout_improved"": 236}","{""candidate_after_baseline_exit"": 70, ""candidate_after_max_hold"": 1, ""no_candidate"": 30, ""none"": 923, ""not_active_exit_eligible"": 1, ""stale_data_no_action"": 1}"
10000,-2000,30000,train,100,1027,0,932,95,6,100,921,-241365,-235.01947419668937,-202.0,-280932,-273.5462512171373,-202.0,-39567,-38.52677702044791,0.0,-42.4538626609442,0.0,190,120,622,0.6129032258064516,310,0.557614740665508,34,52342,4,38263,156,67057,0,0,119399,158966,False,True,49.6,6,20,0,48,21,0,0,1027,0,0,4,"{""cut_target"": 4, ""harmful_exit"": 116, ""neutral_exit"": 622, ""no_active_exit"": 95, ""saved_stop"": 34, ""timeout_improved"": 156}","{""candidate_after_baseline_exit"": 48, ""candidate_after_max_hold"": 21, ""no_candidate"": 20, ""none"": 932, ""stale_data_no_action"": 6}"
10000,-2000,30000,validation,100,1026,0,919,107,2,96,928,-225122,-219.41715399610138,-202.0,-229334,-223.5224171539961,-202.0,-4212,-4.105263157894737,0.0,-4.5832426550598475,0.0,136,78,705,0.6355140186915887,214,0.5691679141231281,28,42565,1,9842,108,43415,0,0,85980,90192,True,True,38.8,1,24,0,51,31,0,0,1026,0,0,3,"{""cut_target"": 1, ""harmful_exit"": 77, ""neutral_exit"": 705, ""no_active_exit"": 107, ""saved_stop"": 28, ""timeout_improved"": 108}","{""candidate_after_baseline_exit"": 51, ""candidate_after_max_hold"": 31, ""no_candidate"": 24, ""none"": 919, ""stale_data_no_action"": 1}"
10000,-2000,30000,holdout,100,1026,0,913,113,0,101,925,-247579,-241.30506822612085,-202.0,-277196,-270.17153996101365,-202.0,-29617,-28.866471734892787,0.0,-32.43921139101862,0.0,154,98,661,0.6111111111111112,252,0.5496835751863617,29,46890,0,0,125,35253,0,0,82143,111760,True,True,41.5,1,30,1,48,33,0,0,1026,0,0,2,"{""harmful_exit"": 98, ""neutral_exit"": 661, ""no_active_exit"": 113, ""saved_stop"": 29, ""timeout_improved"": 125}","{""candidate_after_baseline_exit"": 48, ""candidate_after_max_hold"": 33, ""no_candidate"": 30, ""none"": 913, ""not_active_exit_eligible"": 1, ""stale_data_no_action"": 1}"
10000,-2000,60000,train,100,1027,0,944,83,10,144,873,-206486,-201.0574488802337,-202.0,-288631,-281.0428432327167,-202.0,-82145,-79.98539435248296,0.0,-87.01800847457628,0.0,255,150,539,0.6296296296296297,405,0.5815865796445375,77,130486,8,76482,178,69850,0,0,200336,282481,False,True,94.8,6,20,0,56,1,0,0,1027,0,0,3,"{""cut_target"": 8, ""harmful_exit"": 142, ""neutral_exit"": 539, ""no_active_exit"": 83, ""saved_stop"": 77, ""timeout_improved"": 178}","{""candidate_after_baseline_exit"": 56, ""candidate_after_max_hold"": 1, ""no_candidate"": 20, ""none"": 944, ""stale_data_no_action"": 6}"
10000,-2000,60000,validation,100,1026,0,937,89,8,128,890,-207926,-202.6569200779727,-202.0,-243722,-237.54580896686159,-202.0,-35796,-34.888888888888886,0.0,-38.202774813233724,0.0,212,107,618,0.664576802507837,319,0.6110794822693923,55,94845,5,43786,157,63622,0,0,158467,194263,False,True,70.7,1,24,0,60,4,0,0,1026,0,0,2,"{""cut_target"": 5, ""harmful_exit"": 102, ""neutral_exit"": 618, ""no_active_exit"": 89, ""saved_stop"": 55, ""timeout_improved"": 157}","{""candidate_after_baseline_exit"": 60, ""candidate_after_max_hold"": 4, ""no_candidate"": 24, ""none"": 937, ""stale_data_no_action"": 1}"
10000,-2000,60000,holdout,100,1026,0,933,93,5,123,898,-178752,-174.22222222222223,-202.0,-243899,-237.71832358674465,-202.0,-65147,-63.49610136452242,0.0,-69.82529474812434,0.0,226,131,576,0.6330532212885154,357,0.5818873834958864,50,87270,4,38510,176,68838,0,0,156108,221255,True,True,67.6,1,30,1,56,5,0,0,1026,0,0,3,"{""cut_target"": 4, ""harmful_exit"": 127, ""neutral_exit"": 576, ""no_active_exit"": 93, ""saved_stop"": 50, ""timeout_improved"": 176}","{""candidate_after_baseline_exit"": 56, ""candidate_after_max_hold"": 5, ""no_candidate"": 30, ""none"": 933, ""not_active_exit_eligible"": 1, ""stale_data_no_action"": 1}"
10000,-2000,120000,train,100,1027,0,945,82,15,185,827,-321334,-312.88607594936707,-209.0,-312926,-304.699123661149,-202.0,8408,8.18695228821811,0.0,8.897354497354497,0.0,344,132,469,0.7226890756302521,476,0.6808114857654591,114,206757,12,112823,230,90650,0,0,297407,288999,False,True,137.0,6,20,0,56,0,0,0,1027,0,0,4,"{""cut_target"": 12, ""harmful_exit"": 120, ""neutral_exit"": 469, ""no_active_exit"": 82, ""saved_stop"": 114, ""timeout_improved"": 230}","{""candidate_after_baseline_exit"": 56, ""no_candidate"": 20, ""none"": 945, ""stale_data_no_action"": 6}"
10000,-2000,120000,validation,100,1026,0,941,85,13,149,864,-249496,-243.17348927875244,-202.0,-259429,-252.85477582846005,-202.0,-9933,-9.681286549707602,0.0,-10.555791710945803,0.0,308,100,533,0.7549019607843137,408,0.7109133376996065,72,140514,7,61032,236,94751,0,0,235265,245198,False,True,95.6,1,24,0,60,0,0,0,1026,0,0,2,"{""cut_target"": 7, ""harmful_exit"": 93, ""neutral_exit"": 533, ""no_active_exit"": 85, ""saved_stop"": 72, ""timeout_improved"": 236}","{""candidate_after_baseline_exit"": 60, ""no_candidate"": 24, ""none"": 941, ""stale_data_no_action"": 1}"
10000,-2000,120000,holdout,100,1026,0,936,90,11,157,858,-214541,-209.10428849902533,-202.0,-253944,-247.50877192982455,-202.0,-39403,-38.40448343079922,0.0,-42.09722222222222,0.0,335,112,489,0.7494407158836689,447,0.7072588879793942,80,152987,5,46973,255,96742,0,0,249729,289132,True,True,105.5,1,30,1,57,1,0,0,1026,0,0,3,"{""cut_target"": 5, ""harmful_exit"": 107, ""neutral_exit"": 489, ""no_active_exit"": 90, ""saved_stop"": 80, ""timeout_improved"": 255}","{""candidate_after_baseline_exit"": 57, ""candidate_after_max_hold"": 1, ""no_candidate"": 30, ""none"": 936, ""not_active_exit_eligible"": 1, ""stale_data_no_action"": 1}"
10000,-3000,30000,train,100,1027,0,957,70,6,62,959,-290487,-282.85004868549174,-202.0,-308392,-300.284323271665,-202.0,-17905,-17.43427458617332,0.0,-18.709508881922677,0.0,202,128,627,0.6121212121212121,330,0.5585460720972186,27,48618,4,38263,175,96416,0,0,145034,162939,False,True,44.5,6,20,0,23,21,0,0,1027,0,0,3,"{""cut_target"": 4, ""harmful_exit"": 124, ""neutral_exit"": 627, ""no_active_exit"": 70, ""saved_stop"": 27, ""timeout_improved"": 175}","{""candidate_after_baseline_exit"": 23, ""candidate_after_max_hold"": 21, ""no_candidate"": 20, ""none"": 957, ""stale_data_no_action"": 6}"
10000,-3000,30000,validation,100,1026,0,946,80,3,70,953,-276248,-269.2475633528265,-202.0,-263637,-256.9561403508772,-202.0,12611,12.291423001949317,0.0,13.330866807610994,0.0,152,83,711,0.6468085106382979,235,0.5837854600937301,32,55535,2,22372,120,61761,0,0,117296,104685,True,True,44.0,1,24,0,24,31,0,0,1026,0,0,3,"{""cut_target"": 2, ""harmful_exit"": 81, ""neutral_exit"": 711, ""no_active_exit"": 80, ""saved_stop"": 32, ""timeout_improved"": 120}","{""candidate_after_baseline_exit"": 24, ""candidate_after_max_hold"": 31, ""no_candidate"": 24, ""none"": 946, ""stale_data_no_action"": 1}"
10000,-3000,30000,holdout,100,1026,0,936,90,1,63,962,-285970,-278.7231968810916,-202.0,-295913,-288.4142300194932,-202.0,-9943,-9.69103313840156,0.0,-10.622863247863247,0.0,166,105,665,0.6125461254612546,271,0.5533563798053104,22,45792,0,0,144,59632,0,0,105424,115367,True,True,36.4,1,30,1,25,33,0,0,1026,0,0,2,"{""harmful_exit"": 105, ""neutral_exit"": 665, ""no_active_exit"": 90, ""saved_stop"": 22, ""timeout_improved"": 144}","{""candidate_after_baseline_exit"": 25, ""candidate_after_max_hold"": 33, ""no_candidate"": 30, ""none"": 936, ""not_active_exit_eligible"": 1, ""stale_data_no_action"": 1}"
10000,-3000,60000,train,100,1027,0,973,54,10,92,925,-275155,-267.921129503408,-202.0,-322856,-314.3680623174294,-202.0,-47701,-46.44693281402142,0.0,-49.02466598150051,0.0,267,163,543,0.6209302325581395,430,0.5741945047678809,54,123835,8,76482,213,124060,0,0,247895,295596,False,True,75.3,6,20,0,27,1,0,0,1027,0,0,3,"{""cut_target"": 8, ""harmful_exit"": 155, ""neutral_exit"": 543, ""no_active_exit"": 54, ""saved_stop"": 54, ""timeout_improved"": 213}","{""candidate_after_baseline_exit"": 27, ""candidate_after_max_hold"": 1, ""no_candidate"": 20, ""none"": 973, ""stale_data_no_action"": 6}"
10000,-3000,60000,validation,100,1026,0,970,56,9,93,924,-265888,-259.1500974658869,-202.0,-284100,-276.90058479532166,-202.0,-18212,-17.750487329434698,0.0,-18.775257731958764,0.0,232,117,621,0.664756446991404,349,0.6136728527108133,53,108255,6,56316,179,97155,0,0,205410,223622,False,True,70.9,1,24,0,27,4,0,0,1026,0,0,3,"{""cut_target"": 6, ""harmful_exit"": 111, ""neutral_exit"": 621, ""no_active_exit"": 56, ""saved_stop"": 53, ""timeout_improved"": 179}","{""candidate_after_baseline_exit"": 27, ""candidate_after_max_hold"": 4, ""no_candidate"": 24, ""none"": 970, ""stale_data_no_action"": 1}"
10000,-3000,60000,holdout,100,1026,0,961,65,7,83,936,-232532,-226.63937621832358,-202.0,-257099,-250.58382066276803,-202.0,-24567,-23.944444444444443,0.0,-25.563995837669093,0.0,243,139,579,0.6361256544502618,382,0.5867457725800047,41,96215,4,38510,202,107708,0,0,203923,228490,True,True,61.2,1,30,1,28,5,0,0,1026,0,0,3,"{""cut_target"": 4, ""harmful_exit"": 135, ""neutral_exit"": 579, ""no_active_exit"": 65, ""saved_stop"": 41, ""timeout_improved"": 202}","{""candidate_after_baseline_exit"": 28, ""candidate_after_max_hold"": 5, ""no_candidate"": 30, ""none"": 961, ""not_active_exit_eligible"": 1, ""stale_data_no_action"": 1}"
10000,-3000,120000,train,100,1027,0,974,53,15,131,881,-416828,-405.8695228821811,-209.0,-349941,-340.74099318403114,-202.0,66887,65.12852969814995,0.0,68.67248459958932,0.0,360,141,473,0.718562874251497,501,0.6776367648278748,91,220555,12,112823,269,154998,0,0,375553,308666,False,True,117.9,6,20,0,27,0,0,0,1027,0,0,4,"{""cut_target"": 12, ""harmful_exit"": 129, ""neutral_exit"": 473, ""no_active_exit"": 53, ""saved_stop"": 91, ""timeout_improved"": 269}","{""candidate_after_baseline_exit"": 27, ""no_candidate"": 20, ""none"": 974, ""stale_data_no_action"": 6}"
10000,-3000,120000,validation,100,1026,0,974,52,15,116,895,-302625,-294.9561403508772,-202.0,-296467,-288.9541910331384,-202.0,6158,6.0019493177387915,0.0,6.322381930184805,0.0,327,112,535,0.744874715261959,439,0.7020934815575958,73,168535,9,84096,254,131510,0,0,300045,293887,False,True,98.4,1,24,0,27,0,0,0,1026,0,0,2,"{""cut_target"": 9, ""harmful_exit"": 103, ""neutral_exit"": 535, ""no_active_exit"": 52, ""saved_stop"": 73, ""timeout_improved"": 254}","{""candidate_after_baseline_exit"": 27, ""no_candidate"": 24, ""none"": 974, ""stale_data_no_action"": 1}"
10000,-3000,120000,holdout,100,1026,0,964,62,15,114,897,-280776,-273.6608187134503,-202.0,-275719,-268.73196881091616,-202.0,5057,4.928849902534113,0.0,5.245850622406639,0.0,351,121,492,0.7436440677966102,472,0.702397594777703,67,173587,7,70281,284,151119,0,0,324706,319649,True,True,95.4,1,30,1,29,1,0,0,1026,0,0,3,"{""cut_target"": 7, ""harmful_exit"": 114, ""neutral_exit"": 492, ""no_active_exit"": 62, ""saved_stop"": 67, ""timeout_improved"": 284}","{""candidate_after_baseline_exit"": 29, ""candidate_after_max_hold"": 1, ""no_candidate"": 30, ""none"": 964, ""not_active_exit_eligible"": 1, ""stale_data_no_action"": 1}"
10000,-5000,30000,train,100,1027,0,979,48,6,28,993,-353597,-344.300876338851,-202.0,-359456,-350.00584225900684,-202.0,-5859,-5.704965920155794,0.0,-5.9846782431052095,0.0,215,134,630,0.6160458452722063,349,0.5640203924665124,16,44758,4,38263,199,127789,0,0,172547,178406,True,True,35.900000000000006,6,20,0,1,21,0,0,1027,0,0,3,"{""cut_target"": 4, ""harmful_exit"": 130, ""neutral_exit"": 630, ""no_active_exit"": 48, ""saved_stop"": 16, ""timeout_improved"": 199}","{""candidate_after_baseline_exit"": 1, ""candidate_after_max_hold"": 21, ""no_candidate"": 20, ""none"": 979, ""stale_data_no_action"": 6}"
10000,-5000,30000,validation,100,1026,0,965,61,3,27,996,-317106,-309.0701754385965,-202.0,-279734,-272.64522417153995,-202.0,37372,36.42495126705653,0.0,38.72746113989637,0.0,160,90,715,0.64,250,0.5787949527342393,13,41814,2,22372,147,109304,0,0,151118,113746,True,True,27.700000000000003,1,24,0,5,31,0,0,1026,0,0,3,"{""cut_target"": 2, ""harmful_exit"": 88, ""neutral_exit"": 715, ""no_active_exit"": 61, ""saved_stop"": 13, ""timeout_improved"": 147}","{""candidate_after_baseline_exit"": 5, ""candidate_after_max_hold"": 31, ""no_candidate"": 24, ""none"": 965, ""stale_data_no_action"": 1}"
10000,-5000,30000,holdout,100,1026,0,954,72,3,28,995,-326272,-318.0038986354776,-202.0,-313238,-305.3001949317739,-202.0,13034,12.703703703703704,0.0,13.662473794549266,0.0,175,109,670,0.6161971830985915,284,0.558444579050572,9,25014,0,0,166,107071,0,0,132085,119051,True,True,25.6,1,30,1,7,33,0,0,1026,0,0,2,"{""harmful_exit"": 109, ""neutral_exit"": 670, ""no_active_exit"": 72, ""saved_stop"": 9, ""timeout_improved"": 166}","{""candidate_after_baseline_exit"": 7, ""candidate_after_max_hold"": 33, ""no_candidate"": 30, ""none"": 954, ""not_active_exit_eligible"": 1, ""stale_data_no_action"": 1}"
10000,-5000,60000,train,100,1027,0,999,28,10,43,974,-370606,-360.8627069133398,-202.0,-375894,-366.0116845180136,-202.0,-5288,-5.148977604673807,0.0,-5.293293293293293,0.0,285,168,546,0.6291390728476821,453,0.5837459388556048,31,99689,8,76482,254,208943,0,0,308632,313920,True,True,56.400000000000006,6,20,0,1,1,0,0,1027,0,0,3,"{""cut_target"": 8, ""harmful_exit"": 160, ""neutral_exit"": 546, ""no_active_exit"": 28, ""saved_stop"": 31, ""timeout_improved"": 254}","{""candidate_after_baseline_exit"": 1, ""candidate_after_max_hold"": 1, ""no_candidate"": 20, ""none"": 999, ""stale_data_no_action"": 6}"
10000,-5000,60000,validation,100,1026,0,991,35,11,52,963,-332975,-324.537037037037,-202.0,-293517,-286.07894736842104,-202.0,39458,38.45808966861598,0.0,39.81634712411705,0.0,245,124,622,0.6639566395663956,369,0.6142914876348926,36,119051,6,56316,209,160424,0,0,279475,240017,True,True,56.900000000000006,1,24,0,6,4,0,0,1026,0,0,3,"{""cut_target"": 6, ""harmful_exit"": 118, ""neutral_exit"": 622, ""no_active_exit"": 35, ""saved_stop"": 36, ""timeout_improved"": 209}","{""candidate_after_baseline_exit"": 6, ""candidate_after_max_hold"": 4, ""no_candidate"": 24, ""none"": 991, ""stale_data_no_action"": 1}"
10000,-5000,60000,holdout,100,1026,0,979,47,9,38,979,-292219,-284.8138401559454,-202.0,-284735,-277.5194931773879,-202.0,7484,7.294346978557505,0.0,7.644535240040858,0.0,251,146,582,0.6322418136020151,397,0.58375284098283,17,60163,4,38510,234,182569,0,0,242732,235248,True,True,40.400000000000006,1,30,1,10,5,0,0,1026,0,0,3,"{""cut_target"": 4, ""harmful_exit"": 142, ""neutral_exit"": 582, ""no_active_exit"": 47, ""saved_stop"": 17, ""timeout_improved"": 234}","{""candidate_after_baseline_exit"": 10, ""candidate_after_max_hold"": 5, ""no_candidate"": 30, ""none"": 979, ""not_active_exit_eligible"": 1, ""stale_data_no_action"": 1}"
10000,-5000,120000,train,100,1027,0,1000,27,15,61,951,-557304,-542.6523855890945,-208.0,-405198,-394.54527750730284,-202.0,152106,148.10710808179164,0.0,152.106,0.0,377,147,476,0.7194656488549618,524,0.6795091031037404,49,178552,12,112823,328,307641,0,0,486193,334087,True,True,81.80000000000001,6,20,0,1,0,0,0,1027,0,0,4,"{""cut_target"": 12, ""harmful_exit"": 135, ""neutral_exit"": 476, ""no_active_exit"": 27, ""saved_stop"": 49, ""timeout_improved"": 328}","{""candidate_after_baseline_exit"": 1, ""no_candidate"": 20, ""none"": 1000, ""stale_data_no_action"": 6}"
10000,-5000,120000,validation,100,1026,0,995,31,18,70,938,-398585,-388.48440545808967,-202.0,-309986,-302.130604288499,-202.0,88599,86.35380116959064,0.0,89.04422110552764,0.0,341,118,536,0.7429193899782135,459,0.7010380566270137,52,188586,10,98169,289,214322,0,0,402908,314309,True,True,80.9,1,24,0,6,0,0,0,1026,0,0,2,"{""cut_target"": 10, ""harmful_exit"": 108, ""neutral_exit"": 536, ""no_active_exit"": 31, ""saved_stop"": 52, ""timeout_improved"": 289}","{""candidate_after_baseline_exit"": 6, ""no_candidate"": 24, ""none"": 995, ""stale_data_no_action"": 1}"
10000,-5000,120000,holdout,100,1026,0,983,43,17,54,955,-378175,-368.59161793372317,-202.0,-310453,-302.5857699805068,-202.0,67722,66.00584795321637,0.0,68.89318413021363,0.0,363,125,495,0.7438524590163934,488,0.7033242900160274,30,126837,7,70281,333,269705,0,0,396542,328820,True,True,63.300000000000004,1,30,1,10,1,0,0,1026,0,0,3,"{""cut_target"": 7, ""harmful_exit"": 118, ""neutral_exit"": 495, ""no_active_exit"": 43, ""saved_stop"": 30, ""timeout_improved"": 333}","{""candidate_after_baseline_exit"": 10, ""candidate_after_max_hold"": 1, ""no_candidate"": 30, ""none"": 983, ""not_active_exit_eligible"": 1, ""stale_data_no_action"": 1}"
10000,-6000,30000,train,100,1027,0,980,47,6,18,1003,-370895,-361.1441090555015,-202.0,-370754,-361.0068159688413,-202.0,141,0.13729308666017526,0.0,0.14387755102040817,0.0,214,136,630,0.6114285714285714,350,0.5594175104291842,7,31743,4,38263,207,149173,0,0,180916,180775,True,True,27.700000000000003,6,20,0,0,21,0,0,1027,0,0,3,"{""cut_target"": 4, ""harmful_exit"": 132, ""neutral_exit"": 630, ""no_active_exit"": 47, ""saved_stop"": 7, ""timeout_improved"": 207}","{""candidate_after_max_hold"": 21, ""no_candidate"": 20, ""none"": 980, ""stale_data_no_action"": 6}"
10000,-6000,30000,validation,100,1026,0,969,57,3,17,1006,-334421,-325.9463937621832,-202.0,-290363,-283.00487329434696,-202.0,44058,42.941520467836256,0.0,45.46749226006192,0.0,163,91,715,0.6417322834645669,254,0.5810561078508218,7,24314,2,22372,156,134168,0,0,158482,114424,True,True,22.6,1,24,0,1,31,0,0,1026,0,0,3,"{""cut_target"": 2, ""harmful_exit"": 89, ""neutral_exit"": 715, ""no_active_exit"": 57, ""saved_stop"": 7, ""timeout_improved"": 156}","{""candidate_after_baseline_exit"": 1, ""candidate_after_max_hold"": 31, ""no_candidate"": 24, ""none"": 969, ""stale_data_no_action"": 1}"
10000,-6000,30000,holdout,100,1026,0,961,65,3,13,1010,-334604,-326.12475633528265,-202.0,-321987,-313.82748538011697,-202.0,12617,12.297270955165692,0.0,13.129032258064516,0.0,179,111,671,0.6172413793103448,290,0.560112255815304,3,2225,0,0,176,133550,0,0,135775,123158,True,True,20.6,1,30,1,0,33,0,0,1026,0,0,2,"{""harmful_exit"": 111, ""neutral_exit"": 671, ""no_active_exit"": 65, ""saved_stop"": 3, ""timeout_improved"": 176}","{""candidate_after_max_hold"": 33, ""no_candidate"": 30, ""none"": 961, ""not_active_exit_eligible"": 1, ""stale_data_no_action"": 1}"
10000,-6000,60000,train,100,1027,0,1000,27,10,25,992,-392122,-381.8130477117819,-202.0,-387192,-377.0126582278481,-202.0,4930,4.800389483933788,0.0,4.93,0.0,283,171,546,0.6233480176211453,454,0.577917067398635,14,71566,8,76482,269,251785,0,0,323351,318421,True,True,40.900000000000006,6,20,0,0,1,0,0,1027,0,0,3,"{""cut_target"": 8, ""harmful_exit"": 163, ""neutral_exit"": 546, ""no_active_exit"": 27, ""saved_stop"": 14, ""timeout_improved"": 269}","{""candidate_after_max_hold"": 1, ""no_candidate"": 20, ""none"": 1000, ""stale_data_no_action"": 6}"
10000,-6000,60000,validation,100,1026,0,996,30,11,33,982,-370762,-361.3664717348928,-202.0,-305652,-297.906432748538,-202.0,65110,63.460038986354775,0.0,65.3714859437751,0.0,249,125,622,0.6657754010695187,374,0.6164963547373177,22,90922,6,56316,227,215729,0,0,306651,241541,True,True,44.7,1,24,0,1,4,0,0,1026,0,0,3,"{""cut_target"": 6, ""harmful_exit"": 119, ""neutral_exit"": 622, ""no_active_exit"": 30, ""saved_stop"": 22, ""timeout_improved"": 227}","{""candidate_after_baseline_exit"": 1, ""candidate_after_max_hold"": 4, ""no_candidate"": 24, ""none"": 996, ""stale_data_no_action"": 1}"
10000,-6000,60000,holdout,100,1026,0,988,38,9,24,993,-303091,-295.4103313840156,-202.0,-290433,-283.0730994152047,-202.0,12658,12.337231968810917,0.0,12.81174089068826,0.0,256,148,584,0.6336633663366337,404,0.5856277278789991,12,37320,4,38510,244,212170,0,0,249490,236832,True,True,36.400000000000006,1,30,1,1,5,0,0,1026,0,0,3,"{""cut_target"": 4, ""harmful_exit"": 144, ""neutral_exit"": 584, ""no_active_exit"": 38, ""saved_stop"": 12, ""timeout_improved"": 244}","{""candidate_after_baseline_exit"": 1, ""candidate_after_max_hold"": 5, ""no_candidate"": 30, ""none"": 988, ""not_active_exit_eligible"": 1, ""stale_data_no_action"": 1}"
10000,-6000,120000,train,100,1027,0,1001,26,15,32,980,-582256,-566.9483933787732,-208.0,-416496,-405.5462512171373,-202.0,165760,161.40214216163582,0.0,165.5944055944056,0.0,375,150,476,0.7142857142857143,525,0.6741953545381179,21,103451,12,112823,354,398769,0,0,502220,336460,True,True,56.4,6,20,0,0,0,0,0,1027,0,0,4,"{""cut_target"": 12, ""harmful_exit"": 138, ""neutral_exit"": 476, ""no_active_exit"": 26, ""saved_stop"": 21, ""timeout_improved"": 354}","{""no_candidate"": 20, ""none"": 1001, ""stale_data_no_action"": 6}"
10000,-6000,120000,validation,100,1026,0,1000,26,18,45,963,-444606,-433.3391812865497,-202.0,-324121,-315.9074074074074,-202.0,120485,117.4317738791423,0.0,120.485,0.0,344,120,536,0.7413793103448276,464,0.6996697923626779,32,143812,10,98169,312,298418,0,0,442230,321745,True,True,63.2,1,24,0,1,0,0,0,1026,0,0,2,"{""cut_target"": 10, ""harmful_exit"": 110, ""neutral_exit"": 536, ""no_active_exit"": 26, ""saved_stop"": 32, ""timeout_improved"": 312}","{""candidate_after_baseline_exit"": 1, ""no_candidate"": 24, ""none"": 1000, ""stale_data_no_action"": 1}"
10000,-6000,120000,holdout,100,1026,0,992,34,18,38,970,-385706,-375.9317738791423,-202.0,-319151,-311.0633528265107,-202.0,66555,64.86842105263158,0.0,67.09173387096774,0.0,366,129,497,0.7393939393939394,495,0.6989853834220116,23,96985,8,79983,343,311830,0,0,408815,342260,True,True,57.300000000000004,1,30,1,1,1,0,0,1026,0,0,3,"{""cut_target"": 8, ""harmful_exit"": 121, ""neutral_exit"": 497, ""no_active_exit"": 34, ""saved_stop"": 23, ""timeout_improved"": 343}","{""candidate_after_baseline_exit"": 1, ""candidate_after_max_hold"": 1, ""no_candidate"": 30, ""none"": 992, ""not_active_exit_eligible"": 1, ""stale_data_no_action"": 1}"
