target_bps,stop_bps,max_hold_ms,roundtrip_cost_bps,supported_rows,unsupported_rows,action_taken_count,no_action_count,baseline_target_count,baseline_stop_count,baseline_timeout_count,baseline_sum_after_cost_bps,baseline_avg_after_cost_bps,baseline_median_after_cost_bps,tsv2_sum_after_cost_bps,tsv2_avg_after_cost_bps,tsv2_median_after_cost_bps,delta_sum_bps,delta_avg_bps,delta_median_bps,action_delta_avg_bps,action_delta_median_bps,beneficial_exit_count,harmful_exit_count,neutral_exit_count,exit_action_precision,exit_action_precision_denominator,exit_action_precision_wilson95_lower,saved_stop_count,saved_stop_damage_bps,target_cut_count,target_cut_damage_bps,timeout_improved_count,timeout_improved_bps,generic_beneficial_count,generic_beneficial_bps,gross_saved_damage_bps,harmful_damage_bps,target_cut_damage_guard_pass,target_cut_count_guard_pass,target_cut_count_guard_limit,stale_no_action_exclusions,no_candidate_exclusions,not_active_exit_eligible_exclusions,candidate_after_baseline_exclusions,candidate_after_max_hold_exclusions,ambiguous_unjoined_exclusions,lifecycle_without_exit_replay_exclusions,exact_rows,path_approx_rows,baseline_unavailable_rows,max_consecutive_harmful_actions,classification_counts,exclusion_counts
1000,-200,30000,0,3079,515,2316,763,220,784,2075,-105593,-34.294576161091264,-102.0,-130592,-42.41377070477428,-102.0,-24999,-8.119194543683014,0.0,-10.794041450777202,0.0,304,165,1847,0.6481876332622601,469,0.6039245176374485,203,32287,52,40633,101,6225,0,0,38512,63511,False,True,213.1,8,74,1,595,85,0,515,3079,0,0,2,"{""cut_target"": 52, ""harmful_exit"": 113, ""neutral_exit"": 1847, ""no_active_exit"": 763, ""no_exit_replay"": 515, ""saved_stop"": 203, ""timeout_improved"": 101}","{""candidate_after_baseline_exit"": 595, ""candidate_after_max_hold"": 85, ""lifecycle_without_exit_replay"": 515, ""no_candidate"": 74, ""none"": 2316, ""not_active_exit_eligible"": 1, ""stale_data_no_action"": 8}"
1000,-200,30000,50,3079,515,2316,763,220,784,2075,-259543,-84.29457616109126,-152.0,-284542,-92.41377070477428,-152.0,-24999,-8.119194543683014,0.0,-10.794041450777202,0.0,304,165,1847,0.6481876332622601,469,0.6039245176374485,203,32287,52,40633,101,6225,0,0,38512,63511,False,True,213.1,8,74,1,595,85,0,515,3079,0,0,2,"{""cut_target"": 52, ""harmful_exit"": 113, ""neutral_exit"": 1847, ""no_active_exit"": 763, ""no_exit_replay"": 515, ""saved_stop"": 203, ""timeout_improved"": 101}","{""candidate_after_baseline_exit"": 595, ""candidate_after_max_hold"": 85, ""lifecycle_without_exit_replay"": 515, ""no_candidate"": 74, ""none"": 2316, ""not_active_exit_eligible"": 1, ""stale_data_no_action"": 8}"
1000,-200,30000,100,3079,515,2316,763,220,784,2075,-413493,-134.29457616109127,-202.0,-438492,-142.41377070477427,-202.0,-24999,-8.119194543683014,0.0,-10.794041450777202,0.0,304,165,1847,0.6481876332622601,469,0.6039245176374485,203,32287,52,40633,101,6225,0,0,38512,63511,False,True,213.1,8,74,1,595,85,0,515,3079,0,0,2,"{""cut_target"": 52, ""harmful_exit"": 113, ""neutral_exit"": 1847, ""no_active_exit"": 763, ""no_exit_replay"": 515, ""saved_stop"": 203, ""timeout_improved"": 101}","{""candidate_after_baseline_exit"": 595, ""candidate_after_max_hold"": 85, ""lifecycle_without_exit_replay"": 515, ""no_candidate"": 74, ""none"": 2316, ""not_active_exit_eligible"": 1, ""stale_data_no_action"": 8}"
1000,-200,30000,150,3079,515,2316,763,220,784,2075,-567443,-184.29457616109127,-252.0,-592442,-192.41377070477427,-252.0,-24999,-8.119194543683014,0.0,-10.794041450777202,0.0,304,165,1847,0.6481876332622601,469,0.6039245176374485,203,32287,52,40633,101,6225,0,0,38512,63511,False,True,213.1,8,74,1,595,85,0,515,3079,0,0,2,"{""cut_target"": 52, ""harmful_exit"": 113, ""neutral_exit"": 1847, ""no_active_exit"": 763, ""no_exit_replay"": 515, ""saved_stop"": 203, ""timeout_improved"": 101}","{""candidate_after_baseline_exit"": 595, ""candidate_after_max_hold"": 85, ""lifecycle_without_exit_replay"": 515, ""no_candidate"": 74, ""none"": 2316, ""not_active_exit_eligible"": 1, ""stale_data_no_action"": 8}"
1000,-200,30000,200,3079,515,2316,763,220,784,2075,-721393,-234.29457616109127,-302.0,-746392,-242.41377070477427,-302.0,-24999,-8.119194543683014,0.0,-10.794041450777202,0.0,304,165,1847,0.6481876332622601,469,0.6039245176374485,203,32287,52,40633,101,6225,0,0,38512,63511,False,True,213.1,8,74,1,595,85,0,515,3079,0,0,2,"{""cut_target"": 52, ""harmful_exit"": 113, ""neutral_exit"": 1847, ""no_active_exit"": 763, ""no_exit_replay"": 515, ""saved_stop"": 203, ""timeout_improved"": 101}","{""candidate_after_baseline_exit"": 595, ""candidate_after_max_hold"": 85, ""lifecycle_without_exit_replay"": 515, ""no_candidate"": 74, ""none"": 2316, ""not_active_exit_eligible"": 1, ""stale_data_no_action"": 8}"
1000,-200,60000,0,3079,515,2319,760,265,895,1919,-74610,-24.231893471906464,-102.0,-131032,-42.556674244884704,-102.0,-56422,-18.32478077297824,0.0,-24.33031479085813,0.0,478,222,1619,0.6828571428571428,700,0.6474648764492617,313,45229,95,77492,165,8213,0,0,53442,109864,False,True,329.5,8,74,1,667,10,0,515,3079,0,0,3,"{""cut_target"": 95, ""harmful_exit"": 127, ""neutral_exit"": 1619, ""no_active_exit"": 760, ""no_exit_replay"": 515, ""saved_stop"": 313, ""timeout_improved"": 165}","{""candidate_after_baseline_exit"": 667, ""candidate_after_max_hold"": 10, ""lifecycle_without_exit_replay"": 515, ""no_candidate"": 74, ""none"": 2319, ""not_active_exit_eligible"": 1, ""stale_data_no_action"": 8}"
1000,-200,60000,50,3079,515,2319,760,265,895,1919,-228560,-74.23189347190646,-152.0,-284982,-92.5566742448847,-152.0,-56422,-18.32478077297824,0.0,-24.33031479085813,0.0,478,222,1619,0.6828571428571428,700,0.6474648764492617,313,45229,95,77492,165,8213,0,0,53442,109864,False,True,329.5,8,74,1,667,10,0,515,3079,0,0,3,"{""cut_target"": 95, ""harmful_exit"": 127, ""neutral_exit"": 1619, ""no_active_exit"": 760, ""no_exit_replay"": 515, ""saved_stop"": 313, ""timeout_improved"": 165}","{""candidate_after_baseline_exit"": 667, ""candidate_after_max_hold"": 10, ""lifecycle_without_exit_replay"": 515, ""no_candidate"": 74, ""none"": 2319, ""not_active_exit_eligible"": 1, ""stale_data_no_action"": 8}"
1000,-200,60000,100,3079,515,2319,760,265,895,1919,-382510,-124.23189347190646,-202.0,-438932,-142.5566742448847,-202.0,-56422,-18.32478077297824,0.0,-24.33031479085813,0.0,478,222,1619,0.6828571428571428,700,0.6474648764492617,313,45229,95,77492,165,8213,0,0,53442,109864,False,True,329.5,8,74,1,667,10,0,515,3079,0,0,3,"{""cut_target"": 95, ""harmful_exit"": 127, ""neutral_exit"": 1619, ""no_active_exit"": 760, ""no_exit_replay"": 515, ""saved_stop"": 313, ""timeout_improved"": 165}","{""candidate_after_baseline_exit"": 667, ""candidate_after_max_hold"": 10, ""lifecycle_without_exit_replay"": 515, ""no_candidate"": 74, ""none"": 2319, ""not_active_exit_eligible"": 1, ""stale_data_no_action"": 8}"
1000,-200,60000,150,3079,515,2319,760,265,895,1919,-536460,-174.23189347190646,-252.0,-592882,-192.5566742448847,-252.0,-56422,-18.32478077297824,0.0,-24.33031479085813,0.0,478,222,1619,0.6828571428571428,700,0.6474648764492617,313,45229,95,77492,165,8213,0,0,53442,109864,False,True,329.5,8,74,1,667,10,0,515,3079,0,0,3,"{""cut_target"": 95, ""harmful_exit"": 127, ""neutral_exit"": 1619, ""no_active_exit"": 760, ""no_exit_replay"": 515, ""saved_stop"": 313, ""timeout_improved"": 165}","{""candidate_after_baseline_exit"": 667, ""candidate_after_max_hold"": 10, ""lifecycle_without_exit_replay"": 515, ""no_candidate"": 74, ""none"": 2319, ""not_active_exit_eligible"": 1, ""stale_data_no_action"": 8}"
1000,-200,60000,200,3079,515,2319,760,265,895,1919,-690410,-224.23189347190646,-302.0,-746832,-242.5566742448847,-302.0,-56422,-18.32478077297824,0.0,-24.33031479085813,0.0,478,222,1619,0.6828571428571428,700,0.6474648764492617,313,45229,95,77492,165,8213,0,0,53442,109864,False,True,329.5,8,74,1,667,10,0,515,3079,0,0,3,"{""cut_target"": 95, ""harmful_exit"": 127, ""neutral_exit"": 1619, ""no_active_exit"": 760, ""no_exit_replay"": 515, ""saved_stop"": 313, ""timeout_improved"": 165}","{""candidate_after_baseline_exit"": 667, ""candidate_after_max_hold"": 10, ""lifecycle_without_exit_replay"": 515, ""no_candidate"": 74, ""none"": 2319, ""not_active_exit_eligible"": 1, ""stale_data_no_action"": 8}"
1000,-200,120000,0,3079,515,2319,760,298,1080,1701,-68900,-22.377395258200714,-102.0,-131032,-42.556674244884704,-102.0,-62132,-20.17927898668399,0.0,-26.79258300991807,0.0,693,222,1404,0.7573770491803279,915,0.7285629087065073,498,65133,128,110580,195,7942,0,0,73075,135207,False,True,517.5,8,74,1,676,1,0,515,3079,0,0,3,"{""cut_target"": 128, ""harmful_exit"": 94, ""neutral_exit"": 1404, ""no_active_exit"": 760, ""no_exit_replay"": 515, ""saved_stop"": 498, ""timeout_improved"": 195}","{""candidate_after_baseline_exit"": 676, ""candidate_after_max_hold"": 1, ""lifecycle_without_exit_replay"": 515, ""no_candidate"": 74, ""none"": 2319, ""not_active_exit_eligible"": 1, ""stale_data_no_action"": 8}"
1000,-200,120000,50,3079,515,2319,760,298,1080,1701,-222850,-72.37739525820072,-152.0,-284982,-92.5566742448847,-152.0,-62132,-20.17927898668399,0.0,-26.79258300991807,0.0,693,222,1404,0.7573770491803279,915,0.7285629087065073,498,65133,128,110580,195,7942,0,0,73075,135207,False,True,517.5,8,74,1,676,1,0,515,3079,0,0,3,"{""cut_target"": 128, ""harmful_exit"": 94, ""neutral_exit"": 1404, ""no_active_exit"": 760, ""no_exit_replay"": 515, ""saved_stop"": 498, ""timeout_improved"": 195}","{""candidate_after_baseline_exit"": 676, ""candidate_after_max_hold"": 1, ""lifecycle_without_exit_replay"": 515, ""no_candidate"": 74, ""none"": 2319, ""not_active_exit_eligible"": 1, ""stale_data_no_action"": 8}"
1000,-200,120000,100,3079,515,2319,760,298,1080,1701,-376800,-122.37739525820072,-202.0,-438932,-142.5566742448847,-202.0,-62132,-20.17927898668399,0.0,-26.79258300991807,0.0,693,222,1404,0.7573770491803279,915,0.7285629087065073,498,65133,128,110580,195,7942,0,0,73075,135207,False,True,517.5,8,74,1,676,1,0,515,3079,0,0,3,"{""cut_target"": 128, ""harmful_exit"": 94, ""neutral_exit"": 1404, ""no_active_exit"": 760, ""no_exit_replay"": 515, ""saved_stop"": 498, ""timeout_improved"": 195}","{""candidate_after_baseline_exit"": 676, ""candidate_after_max_hold"": 1, ""lifecycle_without_exit_replay"": 515, ""no_candidate"": 74, ""none"": 2319, ""not_active_exit_eligible"": 1, ""stale_data_no_action"": 8}"
1000,-200,120000,150,3079,515,2319,760,298,1080,1701,-530750,-172.37739525820072,-252.0,-592882,-192.5566742448847,-252.0,-62132,-20.17927898668399,0.0,-26.79258300991807,0.0,693,222,1404,0.7573770491803279,915,0.7285629087065073,498,65133,128,110580,195,7942,0,0,73075,135207,False,True,517.5,8,74,1,676,1,0,515,3079,0,0,3,"{""cut_target"": 128, ""harmful_exit"": 94, ""neutral_exit"": 1404, ""no_active_exit"": 760, ""no_exit_replay"": 515, ""saved_stop"": 498, ""timeout_improved"": 195}","{""candidate_after_baseline_exit"": 676, ""candidate_after_max_hold"": 1, ""lifecycle_without_exit_replay"": 515, ""no_candidate"": 74, ""none"": 2319, ""not_active_exit_eligible"": 1, ""stale_data_no_action"": 8}"
1000,-200,120000,200,3079,515,2319,760,298,1080,1701,-684700,-222.37739525820072,-302.0,-746832,-242.5566742448847,-302.0,-62132,-20.17927898668399,0.0,-26.79258300991807,0.0,693,222,1404,0.7573770491803279,915,0.7285629087065073,498,65133,128,110580,195,7942,0,0,73075,135207,False,True,517.5,8,74,1,676,1,0,515,3079,0,0,3,"{""cut_target"": 128, ""harmful_exit"": 94, ""neutral_exit"": 1404, ""no_active_exit"": 760, ""no_exit_replay"": 515, ""saved_stop"": 498, ""timeout_improved"": 195}","{""candidate_after_baseline_exit"": 676, ""candidate_after_max_hold"": 1, ""lifecycle_without_exit_replay"": 515, ""no_candidate"": 74, ""none"": 2319, ""not_active_exit_eligible"": 1, ""stale_data_no_action"": 8}"
1000,-300,30000,0,3079,515,2371,708,228,694,2157,-167011,-54.24196167586879,-102.0,-182207,-59.177330302046116,-102.0,-15196,-4.93536862617733,0.0,-6.4091100801349645,0.0,325,176,1870,0.6487025948103793,501,0.6059137789815009,170,43142,58,47459,155,13978,0,0,57120,72316,False,True,185.5,8,74,1,540,85,0,515,3079,0,0,2,"{""cut_target"": 58, ""harmful_exit"": 118, ""neutral_exit"": 1870, ""no_active_exit"": 708, ""no_exit_replay"": 515, ""saved_stop"": 170, ""timeout_improved"": 155}","{""candidate_after_baseline_exit"": 540, ""candidate_after_max_hold"": 85, ""lifecycle_without_exit_replay"": 515, ""no_candidate"": 74, ""none"": 2371, ""not_active_exit_eligible"": 1, ""stale_data_no_action"": 8}"
1000,-300,30000,50,3079,515,2371,708,228,694,2157,-320961,-104.2419616758688,-152.0,-336157,-109.17733030204612,-152.0,-15196,-4.93536862617733,0.0,-6.4091100801349645,0.0,325,176,1870,0.6487025948103793,501,0.6059137789815009,170,43142,58,47459,155,13978,0,0,57120,72316,False,True,185.5,8,74,1,540,85,0,515,3079,0,0,2,"{""cut_target"": 58, ""harmful_exit"": 118, ""neutral_exit"": 1870, ""no_active_exit"": 708, ""no_exit_replay"": 515, ""saved_stop"": 170, ""timeout_improved"": 155}","{""candidate_after_baseline_exit"": 540, ""candidate_after_max_hold"": 85, ""lifecycle_without_exit_replay"": 515, ""no_candidate"": 74, ""none"": 2371, ""not_active_exit_eligible"": 1, ""stale_data_no_action"": 8}"
1000,-300,30000,100,3079,515,2371,708,228,694,2157,-474911,-154.2419616758688,-202.0,-490107,-159.17733030204613,-202.0,-15196,-4.93536862617733,0.0,-6.4091100801349645,0.0,325,176,1870,0.6487025948103793,501,0.6059137789815009,170,43142,58,47459,155,13978,0,0,57120,72316,False,True,185.5,8,74,1,540,85,0,515,3079,0,0,2,"{""cut_target"": 58, ""harmful_exit"": 118, ""neutral_exit"": 1870, ""no_active_exit"": 708, ""no_exit_replay"": 515, ""saved_stop"": 170, ""timeout_improved"": 155}","{""candidate_after_baseline_exit"": 540, ""candidate_after_max_hold"": 85, ""lifecycle_without_exit_replay"": 515, ""no_candidate"": 74, ""none"": 2371, ""not_active_exit_eligible"": 1, ""stale_data_no_action"": 8}"
1000,-300,30000,150,3079,515,2371,708,228,694,2157,-628861,-204.2419616758688,-252.0,-644057,-209.17733030204613,-252.0,-15196,-4.93536862617733,0.0,-6.4091100801349645,0.0,325,176,1870,0.6487025948103793,501,0.6059137789815009,170,43142,58,47459,155,13978,0,0,57120,72316,False,True,185.5,8,74,1,540,85,0,515,3079,0,0,2,"{""cut_target"": 58, ""harmful_exit"": 118, ""neutral_exit"": 1870, ""no_active_exit"": 708, ""no_exit_replay"": 515, ""saved_stop"": 170, ""timeout_improved"": 155}","{""candidate_after_baseline_exit"": 540, ""candidate_after_max_hold"": 85, ""lifecycle_without_exit_replay"": 515, ""no_candidate"": 74, ""none"": 2371, ""not_active_exit_eligible"": 1, ""stale_data_no_action"": 8}"
1000,-300,30000,200,3079,515,2371,708,228,694,2157,-782811,-254.2419616758688,-302.0,-798007,-259.17733030204613,-302.0,-15196,-4.93536862617733,0.0,-6.4091100801349645,0.0,325,176,1870,0.6487025948103793,501,0.6059137789815009,170,43142,58,47459,155,13978,0,0,57120,72316,False,True,185.5,8,74,1,540,85,0,515,3079,0,0,2,"{""cut_target"": 58, ""harmful_exit"": 118, ""neutral_exit"": 1870, ""no_active_exit"": 708, ""no_exit_replay"": 515, ""saved_stop"": 170, ""timeout_improved"": 155}","{""candidate_after_baseline_exit"": 540, ""candidate_after_max_hold"": 85, ""lifecycle_without_exit_replay"": 515, ""no_candidate"": 74, ""none"": 2371, ""not_active_exit_eligible"": 1, ""stale_data_no_action"": 8}"
1000,-300,60000,0,3079,515,2374,705,278,793,2008,-137832,-44.76518350113673,-102.0,-182747,-59.35271191945437,-102.0,-44915,-14.587528418317635,0.0,-18.9195450716091,0.0,494,242,1638,0.6711956521739131,736,0.6364440421859059,268,64152,106,89492,226,16947,0,0,81099,126014,False,True,290.6,8,74,1,612,10,0,515,3079,0,0,3,"{""cut_target"": 106, ""harmful_exit"": 136, ""neutral_exit"": 1638, ""no_active_exit"": 705, ""no_exit_replay"": 515, ""saved_stop"": 268, ""timeout_improved"": 226}","{""candidate_after_baseline_exit"": 612, ""candidate_after_max_hold"": 10, ""lifecycle_without_exit_replay"": 515, ""no_candidate"": 74, ""none"": 2374, ""not_active_exit_eligible"": 1, ""stale_data_no_action"": 8}"
1000,-300,60000,50,3079,515,2374,705,278,793,2008,-291782,-94.76518350113673,-152.0,-336697,-109.35271191945436,-152.0,-44915,-14.587528418317635,0.0,-18.9195450716091,0.0,494,242,1638,0.6711956521739131,736,0.6364440421859059,268,64152,106,89492,226,16947,0,0,81099,126014,False,True,290.6,8,74,1,612,10,0,515,3079,0,0,3,"{""cut_target"": 106, ""harmful_exit"": 136, ""neutral_exit"": 1638, ""no_active_exit"": 705, ""no_exit_replay"": 515, ""saved_stop"": 268, ""timeout_improved"": 226}","{""candidate_after_baseline_exit"": 612, ""candidate_after_max_hold"": 10, ""lifecycle_without_exit_replay"": 515, ""no_candidate"": 74, ""none"": 2374, ""not_active_exit_eligible"": 1, ""stale_data_no_action"": 8}"
1000,-300,60000,100,3079,515,2374,705,278,793,2008,-445732,-144.76518350113673,-202.0,-490647,-159.35271191945438,-202.0,-44915,-14.587528418317635,0.0,-18.9195450716091,0.0,494,242,1638,0.6711956521739131,736,0.6364440421859059,268,64152,106,89492,226,16947,0,0,81099,126014,False,True,290.6,8,74,1,612,10,0,515,3079,0,0,3,"{""cut_target"": 106, ""harmful_exit"": 136, ""neutral_exit"": 1638, ""no_active_exit"": 705, ""no_exit_replay"": 515, ""saved_stop"": 268, ""timeout_improved"": 226}","{""candidate_after_baseline_exit"": 612, ""candidate_after_max_hold"": 10, ""lifecycle_without_exit_replay"": 515, ""no_candidate"": 74, ""none"": 2374, ""not_active_exit_eligible"": 1, ""stale_data_no_action"": 8}"
1000,-300,60000,150,3079,515,2374,705,278,793,2008,-599682,-194.76518350113673,-252.0,-644597,-209.35271191945438,-252.0,-44915,-14.587528418317635,0.0,-18.9195450716091,0.0,494,242,1638,0.6711956521739131,736,0.6364440421859059,268,64152,106,89492,226,16947,0,0,81099,126014,False,True,290.6,8,74,1,612,10,0,515,3079,0,0,3,"{""cut_target"": 106, ""harmful_exit"": 136, ""neutral_exit"": 1638, ""no_active_exit"": 705, ""no_exit_replay"": 515, ""saved_stop"": 268, ""timeout_improved"": 226}","{""candidate_after_baseline_exit"": 612, ""candidate_after_max_hold"": 10, ""lifecycle_without_exit_replay"": 515, ""no_candidate"": 74, ""none"": 2374, ""not_active_exit_eligible"": 1, ""stale_data_no_action"": 8}"
1000,-300,60000,200,3079,515,2374,705,278,793,2008,-753632,-244.76518350113673,-302.0,-798547,-259.35271191945435,-302.0,-44915,-14.587528418317635,0.0,-18.9195450716091,0.0,494,242,1638,0.6711956521739131,736,0.6364440421859059,268,64152,106,89492,226,16947,0,0,81099,126014,False,True,290.6,8,74,1,612,10,0,515,3079,0,0,3,"{""cut_target"": 106, ""harmful_exit"": 136, ""neutral_exit"": 1638, ""no_active_exit"": 705, ""no_exit_replay"": 515, ""saved_stop"": 268, ""timeout_improved"": 226}","{""candidate_after_baseline_exit"": 612, ""candidate_after_max_hold"": 10, ""lifecycle_without_exit_replay"": 515, ""no_candidate"": 74, ""none"": 2374, ""not_active_exit_eligible"": 1, ""stale_data_no_action"": 8}"
1000,-300,120000,0,3079,515,2374,705,314,929,1836,-148069,-48.08996427411497,-102.0,-182747,-59.35271191945437,-102.0,-34678,-11.262747645339395,0.0,-14.607413647851727,0.0,715,240,1419,0.7486910994764397,955,0.7202211442823724,404,93203,142,126152,311,23904,0,0,117107,151785,False,True,435.1,8,74,1,621,1,0,515,3079,0,0,3,"{""cut_target"": 142, ""harmful_exit"": 98, ""neutral_exit"": 1419, ""no_active_exit"": 705, ""no_exit_replay"": 515, ""saved_stop"": 404, ""timeout_improved"": 311}","{""candidate_after_baseline_exit"": 621, ""candidate_after_max_hold"": 1, ""lifecycle_without_exit_replay"": 515, ""no_candidate"": 74, ""none"": 2374, ""not_active_exit_eligible"": 1, ""stale_data_no_action"": 8}"
1000,-300,120000,50,3079,515,2374,705,314,929,1836,-302019,-98.08996427411498,-152.0,-336697,-109.35271191945436,-152.0,-34678,-11.262747645339395,0.0,-14.607413647851727,0.0,715,240,1419,0.7486910994764397,955,0.7202211442823724,404,93203,142,126152,311,23904,0,0,117107,151785,False,True,435.1,8,74,1,621,1,0,515,3079,0,0,3,"{""cut_target"": 142, ""harmful_exit"": 98, ""neutral_exit"": 1419, ""no_active_exit"": 705, ""no_exit_replay"": 515, ""saved_stop"": 404, ""timeout_improved"": 311}","{""candidate_after_baseline_exit"": 621, ""candidate_after_max_hold"": 1, ""lifecycle_without_exit_replay"": 515, ""no_candidate"": 74, ""none"": 2374, ""not_active_exit_eligible"": 1, ""stale_data_no_action"": 8}"
1000,-300,120000,100,3079,515,2374,705,314,929,1836,-455969,-148.08996427411498,-202.0,-490647,-159.35271191945438,-202.0,-34678,-11.262747645339395,0.0,-14.607413647851727,0.0,715,240,1419,0.7486910994764397,955,0.7202211442823724,404,93203,142,126152,311,23904,0,0,117107,151785,False,True,435.1,8,74,1,621,1,0,515,3079,0,0,3,"{""cut_target"": 142, ""harmful_exit"": 98, ""neutral_exit"": 1419, ""no_active_exit"": 705, ""no_exit_replay"": 515, ""saved_stop"": 404, ""timeout_improved"": 311}","{""candidate_after_baseline_exit"": 621, ""candidate_after_max_hold"": 1, ""lifecycle_without_exit_replay"": 515, ""no_candidate"": 74, ""none"": 2374, ""not_active_exit_eligible"": 1, ""stale_data_no_action"": 8}"
1000,-300,120000,150,3079,515,2374,705,314,929,1836,-609919,-198.08996427411498,-252.0,-644597,-209.35271191945438,-252.0,-34678,-11.262747645339395,0.0,-14.607413647851727,0.0,715,240,1419,0.7486910994764397,955,0.7202211442823724,404,93203,142,126152,311,23904,0,0,117107,151785,False,True,435.1,8,74,1,621,1,0,515,3079,0,0,3,"{""cut_target"": 142, ""harmful_exit"": 98, ""neutral_exit"": 1419, ""no_active_exit"": 705, ""no_exit_replay"": 515, ""saved_stop"": 404, ""timeout_improved"": 311}","{""candidate_after_baseline_exit"": 621, ""candidate_after_max_hold"": 1, ""lifecycle_without_exit_replay"": 515, ""no_candidate"": 74, ""none"": 2374, ""not_active_exit_eligible"": 1, ""stale_data_no_action"": 8}"
1000,-300,120000,200,3079,515,2374,705,314,929,1836,-763869,-248.08996427411498,-302.0,-798547,-259.35271191945435,-302.0,-34678,-11.262747645339395,0.0,-14.607413647851727,0.0,715,240,1419,0.7486910994764397,955,0.7202211442823724,404,93203,142,126152,311,23904,0,0,117107,151785,False,True,435.1,8,74,1,621,1,0,515,3079,0,0,3,"{""cut_target"": 142, ""harmful_exit"": 98, ""neutral_exit"": 1419, ""no_active_exit"": 705, ""no_exit_replay"": 515, ""saved_stop"": 404, ""timeout_improved"": 311}","{""candidate_after_baseline_exit"": 621, ""candidate_after_max_hold"": 1, ""lifecycle_without_exit_replay"": 515, ""no_candidate"": 74, ""none"": 2374, ""not_active_exit_eligible"": 1, ""stale_data_no_action"": 8}"
1000,-500,30000,0,3079,515,2444,635,243,595,2241,-267280,-86.8074050016239,-102.0,-260966,-84.7567392010393,-102.0,6314,2.0506658005846052,0.0,2.583469721767594,0.0,356,191,1897,0.6508226691042047,547,0.609947248068856,156,62606,62,52215,200,25444,0,0,88050,81736,False,True,176.0,8,74,1,467,85,0,515,3079,0,0,3,"{""cut_target"": 62, ""harmful_exit"": 129, ""neutral_exit"": 1897, ""no_active_exit"": 635, ""no_exit_replay"": 515, ""saved_stop"": 156, ""timeout_improved"": 200}","{""candidate_after_baseline_exit"": 467, ""candidate_after_max_hold"": 85, ""lifecycle_without_exit_replay"": 515, ""no_candidate"": 74, ""none"": 2444, ""not_active_exit_eligible"": 1, ""stale_data_no_action"": 8}"
1000,-500,30000,50,3079,515,2444,635,243,595,2241,-421230,-136.8074050016239,-152.0,-414916,-134.7567392010393,-152.0,6314,2.0506658005846052,0.0,2.583469721767594,0.0,356,191,1897,0.6508226691042047,547,0.609947248068856,156,62606,62,52215,200,25444,0,0,88050,81736,False,True,176.0,8,74,1,467,85,0,515,3079,0,0,3,"{""cut_target"": 62, ""harmful_exit"": 129, ""neutral_exit"": 1897, ""no_active_exit"": 635, ""no_exit_replay"": 515, ""saved_stop"": 156, ""timeout_improved"": 200}","{""candidate_after_baseline_exit"": 467, ""candidate_after_max_hold"": 85, ""lifecycle_without_exit_replay"": 515, ""no_candidate"": 74, ""none"": 2444, ""not_active_exit_eligible"": 1, ""stale_data_no_action"": 8}"
1000,-500,30000,100,3079,515,2444,635,243,595,2241,-575180,-186.8074050016239,-202.0,-568866,-184.7567392010393,-202.0,6314,2.0506658005846052,0.0,2.583469721767594,0.0,356,191,1897,0.6508226691042047,547,0.609947248068856,156,62606,62,52215,200,25444,0,0,88050,81736,False,True,176.0,8,74,1,467,85,0,515,3079,0,0,3,"{""cut_target"": 62, ""harmful_exit"": 129, ""neutral_exit"": 1897, ""no_active_exit"": 635, ""no_exit_replay"": 515, ""saved_stop"": 156, ""timeout_improved"": 200}","{""candidate_after_baseline_exit"": 467, ""candidate_after_max_hold"": 85, ""lifecycle_without_exit_replay"": 515, ""no_candidate"": 74, ""none"": 2444, ""not_active_exit_eligible"": 1, ""stale_data_no_action"": 8}"
1000,-500,30000,150,3079,515,2444,635,243,595,2241,-729130,-236.8074050016239,-252.0,-722816,-234.7567392010393,-252.0,6314,2.0506658005846052,0.0,2.583469721767594,0.0,356,191,1897,0.6508226691042047,547,0.609947248068856,156,62606,62,52215,200,25444,0,0,88050,81736,False,True,176.0,8,74,1,467,85,0,515,3079,0,0,3,"{""cut_target"": 62, ""harmful_exit"": 129, ""neutral_exit"": 1897, ""no_active_exit"": 635, ""no_exit_replay"": 515, ""saved_stop"": 156, ""timeout_improved"": 200}","{""candidate_after_baseline_exit"": 467, ""candidate_after_max_hold"": 85, ""lifecycle_without_exit_replay"": 515, ""no_candidate"": 74, ""none"": 2444, ""not_active_exit_eligible"": 1, ""stale_data_no_action"": 8}"
1000,-500,30000,200,3079,515,2444,635,243,595,2241,-883080,-286.8074050016239,-302.0,-876766,-284.7567392010393,-302.0,6314,2.0506658005846052,0.0,2.583469721767594,0.0,356,191,1897,0.6508226691042047,547,0.609947248068856,156,62606,62,52215,200,25444,0,0,88050,81736,False,True,176.0,8,74,1,467,85,0,515,3079,0,0,3,"{""cut_target"": 62, ""harmful_exit"": 129, ""neutral_exit"": 1897, ""no_active_exit"": 635, ""no_exit_replay"": 515, ""saved_stop"": 156, ""timeout_improved"": 200}","{""candidate_after_baseline_exit"": 467, ""candidate_after_max_hold"": 85, ""lifecycle_without_exit_replay"": 515, ""no_candidate"": 74, ""none"": 2444, ""not_active_exit_eligible"": 1, ""stale_data_no_action"": 8}"
1000,-500,60000,0,3079,515,2447,632,302,677,2100,-245262,-79.65638194218903,-102.0,-260682,-84.66450146151348,-102.0,-15420,-5.008119519324456,0.0,-6.301593788312219,0.0,530,261,1656,0.6700379266750948,791,0.636517717432962,238,95571,118,104812,292,33192,0,0,128763,144183,False,True,267.2,8,74,1,539,10,0,515,3079,0,0,3,"{""cut_target"": 118, ""harmful_exit"": 143, ""neutral_exit"": 1656, ""no_active_exit"": 632, ""no_exit_replay"": 515, ""saved_stop"": 238, ""timeout_improved"": 292}","{""candidate_after_baseline_exit"": 539, ""candidate_after_max_hold"": 10, ""lifecycle_without_exit_replay"": 515, ""no_candidate"": 74, ""none"": 2447, ""not_active_exit_eligible"": 1, ""stale_data_no_action"": 8}"
1000,-500,60000,50,3079,515,2447,632,302,677,2100,-399212,-129.65638194218903,-152.0,-414632,-134.66450146151348,-152.0,-15420,-5.008119519324456,0.0,-6.301593788312219,0.0,530,261,1656,0.6700379266750948,791,0.636517717432962,238,95571,118,104812,292,33192,0,0,128763,144183,False,True,267.2,8,74,1,539,10,0,515,3079,0,0,3,"{""cut_target"": 118, ""harmful_exit"": 143, ""neutral_exit"": 1656, ""no_active_exit"": 632, ""no_exit_replay"": 515, ""saved_stop"": 238, ""timeout_improved"": 292}","{""candidate_after_baseline_exit"": 539, ""candidate_after_max_hold"": 10, ""lifecycle_without_exit_replay"": 515, ""no_candidate"": 74, ""none"": 2447, ""not_active_exit_eligible"": 1, ""stale_data_no_action"": 8}"
1000,-500,60000,100,3079,515,2447,632,302,677,2100,-553162,-179.65638194218903,-202.0,-568582,-184.66450146151348,-202.0,-15420,-5.008119519324456,0.0,-6.301593788312219,0.0,530,261,1656,0.6700379266750948,791,0.636517717432962,238,95571,118,104812,292,33192,0,0,128763,144183,False,True,267.2,8,74,1,539,10,0,515,3079,0,0,3,"{""cut_target"": 118, ""harmful_exit"": 143, ""neutral_exit"": 1656, ""no_active_exit"": 632, ""no_exit_replay"": 515, ""saved_stop"": 238, ""timeout_improved"": 292}","{""candidate_after_baseline_exit"": 539, ""candidate_after_max_hold"": 10, ""lifecycle_without_exit_replay"": 515, ""no_candidate"": 74, ""none"": 2447, ""not_active_exit_eligible"": 1, ""stale_data_no_action"": 8}"
1000,-500,60000,150,3079,515,2447,632,302,677,2100,-707112,-229.65638194218903,-252.0,-722532,-234.66450146151348,-252.0,-15420,-5.008119519324456,0.0,-6.301593788312219,0.0,530,261,1656,0.6700379266750948,791,0.636517717432962,238,95571,118,104812,292,33192,0,0,128763,144183,False,True,267.2,8,74,1,539,10,0,515,3079,0,0,3,"{""cut_target"": 118, ""harmful_exit"": 143, ""neutral_exit"": 1656, ""no_active_exit"": 632, ""no_exit_replay"": 515, ""saved_stop"": 238, ""timeout_improved"": 292}","{""candidate_after_baseline_exit"": 539, ""candidate_after_max_hold"": 10, ""lifecycle_without_exit_replay"": 515, ""no_candidate"": 74, ""none"": 2447, ""not_active_exit_eligible"": 1, ""stale_data_no_action"": 8}"
1000,-500,60000,200,3079,515,2447,632,302,677,2100,-861062,-279.656381942189,-302.0,-876482,-284.66450146151345,-302.0,-15420,-5.008119519324456,0.0,-6.301593788312219,0.0,530,261,1656,0.6700379266750948,791,0.636517717432962,238,95571,118,104812,292,33192,0,0,128763,144183,False,True,267.2,8,74,1,539,10,0,515,3079,0,0,3,"{""cut_target"": 118, ""harmful_exit"": 143, ""neutral_exit"": 1656, ""no_active_exit"": 632, ""no_exit_replay"": 515, ""saved_stop"": 238, ""timeout_improved"": 292}","{""candidate_after_baseline_exit"": 539, ""candidate_after_max_hold"": 10, ""lifecycle_without_exit_replay"": 515, ""no_candidate"": 74, ""none"": 2447, ""not_active_exit_eligible"": 1, ""stale_data_no_action"": 8}"
1000,-500,120000,0,3079,515,2447,632,343,795,1941,-274971,-89.30529392659955,-102.0,-260059,-84.46216303994804,-102.0,14912,4.84313088665151,0.0,6.093992644053944,0.0,754,262,1431,0.7421259842519685,1016,0.7143497089124716,356,142843,159,146607,398,45971,0,0,188814,173902,False,True,395.8,8,74,1,548,1,0,515,3079,0,0,3,"{""cut_target"": 159, ""harmful_exit"": 103, ""neutral_exit"": 1431, ""no_active_exit"": 632, ""no_exit_replay"": 515, ""saved_stop"": 356, ""timeout_improved"": 398}","{""candidate_after_baseline_exit"": 548, ""candidate_after_max_hold"": 1, ""lifecycle_without_exit_replay"": 515, ""no_candidate"": 74, ""none"": 2447, ""not_active_exit_eligible"": 1, ""stale_data_no_action"": 8}"
1000,-500,120000,50,3079,515,2447,632,343,795,1941,-428921,-139.30529392659955,-152.0,-414009,-134.46216303994802,-152.0,14912,4.84313088665151,0.0,6.093992644053944,0.0,754,262,1431,0.7421259842519685,1016,0.7143497089124716,356,142843,159,146607,398,45971,0,0,188814,173902,False,True,395.8,8,74,1,548,1,0,515,3079,0,0,3,"{""cut_target"": 159, ""harmful_exit"": 103, ""neutral_exit"": 1431, ""no_active_exit"": 632, ""no_exit_replay"": 515, ""saved_stop"": 356, ""timeout_improved"": 398}","{""candidate_after_baseline_exit"": 548, ""candidate_after_max_hold"": 1, ""lifecycle_without_exit_replay"": 515, ""no_candidate"": 74, ""none"": 2447, ""not_active_exit_eligible"": 1, ""stale_data_no_action"": 8}"
1000,-500,120000,100,3079,515,2447,632,343,795,1941,-582871,-189.30529392659955,-202.0,-567959,-184.46216303994802,-202.0,14912,4.84313088665151,0.0,6.093992644053944,0.0,754,262,1431,0.7421259842519685,1016,0.7143497089124716,356,142843,159,146607,398,45971,0,0,188814,173902,False,True,395.8,8,74,1,548,1,0,515,3079,0,0,3,"{""cut_target"": 159, ""harmful_exit"": 103, ""neutral_exit"": 1431, ""no_active_exit"": 632, ""no_exit_replay"": 515, ""saved_stop"": 356, ""timeout_improved"": 398}","{""candidate_after_baseline_exit"": 548, ""candidate_after_max_hold"": 1, ""lifecycle_without_exit_replay"": 515, ""no_candidate"": 74, ""none"": 2447, ""not_active_exit_eligible"": 1, ""stale_data_no_action"": 8}"
1000,-500,120000,150,3079,515,2447,632,343,795,1941,-736821,-239.30529392659955,-252.0,-721909,-234.46216303994802,-252.0,14912,4.84313088665151,0.0,6.093992644053944,0.0,754,262,1431,0.7421259842519685,1016,0.7143497089124716,356,142843,159,146607,398,45971,0,0,188814,173902,False,True,395.8,8,74,1,548,1,0,515,3079,0,0,3,"{""cut_target"": 159, ""harmful_exit"": 103, ""neutral_exit"": 1431, ""no_active_exit"": 632, ""no_exit_replay"": 515, ""saved_stop"": 356, ""timeout_improved"": 398}","{""candidate_after_baseline_exit"": 548, ""candidate_after_max_hold"": 1, ""lifecycle_without_exit_replay"": 515, ""no_candidate"": 74, ""none"": 2447, ""not_active_exit_eligible"": 1, ""stale_data_no_action"": 8}"
1000,-500,120000,200,3079,515,2447,632,343,795,1941,-890771,-289.3052939265995,-302.0,-875859,-284.46216303994805,-302.0,14912,4.84313088665151,0.0,6.093992644053944,0.0,754,262,1431,0.7421259842519685,1016,0.7143497089124716,356,142843,159,146607,398,45971,0,0,188814,173902,False,True,395.8,8,74,1,548,1,0,515,3079,0,0,3,"{""cut_target"": 159, ""harmful_exit"": 103, ""neutral_exit"": 1431, ""no_active_exit"": 632, ""no_exit_replay"": 515, ""saved_stop"": 356, ""timeout_improved"": 398}","{""candidate_after_baseline_exit"": 548, ""candidate_after_max_hold"": 1, ""lifecycle_without_exit_replay"": 515, ""no_candidate"": 74, ""none"": 2447, ""not_active_exit_eligible"": 1, ""stale_data_no_action"": 8}"
1000,-700,30000,0,3079,515,2504,575,255,495,2329,-353200,-114.71256901591426,-102.0,-338899,-110.06787918155246,-102.0,14301,4.644689834361806,0.0,5.711261980830671,0.0,361,207,1936,0.6355633802816901,568,0.5951964007948598,120,68782,71,65226,241,43944,0,0,112726,98425,False,True,144.1,8,74,1,407,85,0,515,3079,0,0,3,"{""cut_target"": 71, ""harmful_exit"": 136, ""neutral_exit"": 1936, ""no_active_exit"": 575, ""no_exit_replay"": 515, ""saved_stop"": 120, ""timeout_improved"": 241}","{""candidate_after_baseline_exit"": 407, ""candidate_after_max_hold"": 85, ""lifecycle_without_exit_replay"": 515, ""no_candidate"": 74, ""none"": 2504, ""not_active_exit_eligible"": 1, ""stale_data_no_action"": 8}"
1000,-700,30000,50,3079,515,2504,575,255,495,2329,-507150,-164.71256901591426,-152.0,-492849,-160.06787918155246,-152.0,14301,4.644689834361806,0.0,5.711261980830671,0.0,361,207,1936,0.6355633802816901,568,0.5951964007948598,120,68782,71,65226,241,43944,0,0,112726,98425,False,True,144.1,8,74,1,407,85,0,515,3079,0,0,3,"{""cut_target"": 71, ""harmful_exit"": 136, ""neutral_exit"": 1936, ""no_active_exit"": 575, ""no_exit_replay"": 515, ""saved_stop"": 120, ""timeout_improved"": 241}","{""candidate_after_baseline_exit"": 407, ""candidate_after_max_hold"": 85, ""lifecycle_without_exit_replay"": 515, ""no_candidate"": 74, ""none"": 2504, ""not_active_exit_eligible"": 1, ""stale_data_no_action"": 8}"
1000,-700,30000,100,3079,515,2504,575,255,495,2329,-661100,-214.71256901591426,-202.0,-646799,-210.06787918155246,-202.0,14301,4.644689834361806,0.0,5.711261980830671,0.0,361,207,1936,0.6355633802816901,568,0.5951964007948598,120,68782,71,65226,241,43944,0,0,112726,98425,False,True,144.1,8,74,1,407,85,0,515,3079,0,0,3,"{""cut_target"": 71, ""harmful_exit"": 136, ""neutral_exit"": 1936, ""no_active_exit"": 575, ""no_exit_replay"": 515, ""saved_stop"": 120, ""timeout_improved"": 241}","{""candidate_after_baseline_exit"": 407, ""candidate_after_max_hold"": 85, ""lifecycle_without_exit_replay"": 515, ""no_candidate"": 74, ""none"": 2504, ""not_active_exit_eligible"": 1, ""stale_data_no_action"": 8}"
1000,-700,30000,150,3079,515,2504,575,255,495,2329,-815050,-264.71256901591426,-252.0,-800749,-260.0678791815524,-252.0,14301,4.644689834361806,0.0,5.711261980830671,0.0,361,207,1936,0.6355633802816901,568,0.5951964007948598,120,68782,71,65226,241,43944,0,0,112726,98425,False,True,144.1,8,74,1,407,85,0,515,3079,0,0,3,"{""cut_target"": 71, ""harmful_exit"": 136, ""neutral_exit"": 1936, ""no_active_exit"": 575, ""no_exit_replay"": 515, ""saved_stop"": 120, ""timeout_improved"": 241}","{""candidate_after_baseline_exit"": 407, ""candidate_after_max_hold"": 85, ""lifecycle_without_exit_replay"": 515, ""no_candidate"": 74, ""none"": 2504, ""not_active_exit_eligible"": 1, ""stale_data_no_action"": 8}"
1000,-700,30000,200,3079,515,2504,575,255,495,2329,-969000,-314.71256901591426,-302.0,-954699,-310.0678791815524,-302.0,14301,4.644689834361806,0.0,5.711261980830671,0.0,361,207,1936,0.6355633802816901,568,0.5951964007948598,120,68782,71,65226,241,43944,0,0,112726,98425,False,True,144.1,8,74,1,407,85,0,515,3079,0,0,3,"{""cut_target"": 71, ""harmful_exit"": 136, ""neutral_exit"": 1936, ""no_active_exit"": 575, ""no_exit_replay"": 515, ""saved_stop"": 120, ""timeout_improved"": 241}","{""candidate_after_baseline_exit"": 407, ""candidate_after_max_hold"": 85, ""lifecycle_without_exit_replay"": 515, ""no_candidate"": 74, ""none"": 2504, ""not_active_exit_eligible"": 1, ""stale_data_no_action"": 8}"
1000,-700,60000,0,3079,515,2508,571,320,565,2194,-339036,-110.11237414745047,-102.0,-338536,-109.94998376096135,-102.0,500,0.16239038648911985,0.0,0.19936204146730463,0.0,535,281,1692,0.6556372549019608,816,0.6223743949522129,190,110740,133,125054,345,56261,0,0,167001,166501,False,True,224.5,8,74,1,478,10,0,515,3079,0,0,3,"{""cut_target"": 133, ""harmful_exit"": 148, ""neutral_exit"": 1692, ""no_active_exit"": 571, ""no_exit_replay"": 515, ""saved_stop"": 190, ""timeout_improved"": 345}","{""candidate_after_baseline_exit"": 478, ""candidate_after_max_hold"": 10, ""lifecycle_without_exit_replay"": 515, ""no_candidate"": 74, ""none"": 2508, ""not_active_exit_eligible"": 1, ""stale_data_no_action"": 8}"
1000,-700,60000,50,3079,515,2508,571,320,565,2194,-492986,-160.11237414745048,-152.0,-492486,-159.94998376096135,-152.0,500,0.16239038648911985,0.0,0.19936204146730463,0.0,535,281,1692,0.6556372549019608,816,0.6223743949522129,190,110740,133,125054,345,56261,0,0,167001,166501,False,True,224.5,8,74,1,478,10,0,515,3079,0,0,3,"{""cut_target"": 133, ""harmful_exit"": 148, ""neutral_exit"": 1692, ""no_active_exit"": 571, ""no_exit_replay"": 515, ""saved_stop"": 190, ""timeout_improved"": 345}","{""candidate_after_baseline_exit"": 478, ""candidate_after_max_hold"": 10, ""lifecycle_without_exit_replay"": 515, ""no_candidate"": 74, ""none"": 2508, ""not_active_exit_eligible"": 1, ""stale_data_no_action"": 8}"
1000,-700,60000,100,3079,515,2508,571,320,565,2194,-646936,-210.11237414745048,-202.0,-646436,-209.94998376096135,-202.0,500,0.16239038648911985,0.0,0.19936204146730463,0.0,535,281,1692,0.6556372549019608,816,0.6223743949522129,190,110740,133,125054,345,56261,0,0,167001,166501,False,True,224.5,8,74,1,478,10,0,515,3079,0,0,3,"{""cut_target"": 133, ""harmful_exit"": 148, ""neutral_exit"": 1692, ""no_active_exit"": 571, ""no_exit_replay"": 515, ""saved_stop"": 190, ""timeout_improved"": 345}","{""candidate_after_baseline_exit"": 478, ""candidate_after_max_hold"": 10, ""lifecycle_without_exit_replay"": 515, ""no_candidate"": 74, ""none"": 2508, ""not_active_exit_eligible"": 1, ""stale_data_no_action"": 8}"
1000,-700,60000,150,3079,515,2508,571,320,565,2194,-800886,-260.11237414745045,-252.0,-800386,-259.94998376096135,-252.0,500,0.16239038648911985,0.0,0.19936204146730463,0.0,535,281,1692,0.6556372549019608,816,0.6223743949522129,190,110740,133,125054,345,56261,0,0,167001,166501,False,True,224.5,8,74,1,478,10,0,515,3079,0,0,3,"{""cut_target"": 133, ""harmful_exit"": 148, ""neutral_exit"": 1692, ""no_active_exit"": 571, ""no_exit_replay"": 515, ""saved_stop"": 190, ""timeout_improved"": 345}","{""candidate_after_baseline_exit"": 478, ""candidate_after_max_hold"": 10, ""lifecycle_without_exit_replay"": 515, ""no_candidate"": 74, ""none"": 2508, ""not_active_exit_eligible"": 1, ""stale_data_no_action"": 8}"
1000,-700,60000,200,3079,515,2508,571,320,565,2194,-954836,-310.11237414745045,-302.0,-954336,-309.94998376096135,-302.0,500,0.16239038648911985,0.0,0.19936204146730463,0.0,535,281,1692,0.6556372549019608,816,0.6223743949522129,190,110740,133,125054,345,56261,0,0,167001,166501,False,True,224.5,8,74,1,478,10,0,515,3079,0,0,3,"{""cut_target"": 133, ""harmful_exit"": 148, ""neutral_exit"": 1692, ""no_active_exit"": 571, ""no_exit_replay"": 515, ""saved_stop"": 190, ""timeout_improved"": 345}","{""candidate_after_baseline_exit"": 478, ""candidate_after_max_hold"": 10, ""lifecycle_without_exit_replay"": 515, ""no_candidate"": 74, ""none"": 2508, ""not_active_exit_eligible"": 1, ""stale_data_no_action"": 8}"
1000,-700,120000,0,3079,515,2508,571,363,615,2101,-381641,-123.94965898018837,-102.0,-337913,-109.7476453393959,-102.0,43728,14.202013640792465,0.0,17.435406698564595,0.0,766,282,1460,0.7309160305343512,1048,0.7032584549721076,240,139016,176,169015,526,102290,0,0,241306,197578,False,True,292.6,8,74,1,487,1,0,515,3079,0,0,3,"{""cut_target"": 176, ""harmful_exit"": 106, ""neutral_exit"": 1460, ""no_active_exit"": 571, ""no_exit_replay"": 515, ""saved_stop"": 240, ""timeout_improved"": 526}","{""candidate_after_baseline_exit"": 487, ""candidate_after_max_hold"": 1, ""lifecycle_without_exit_replay"": 515, ""no_candidate"": 74, ""none"": 2508, ""not_active_exit_eligible"": 1, ""stale_data_no_action"": 8}"
1000,-700,120000,50,3079,515,2508,571,363,615,2101,-535591,-173.94965898018836,-152.0,-491863,-159.74764533939592,-152.0,43728,14.202013640792465,0.0,17.435406698564595,0.0,766,282,1460,0.7309160305343512,1048,0.7032584549721076,240,139016,176,169015,526,102290,0,0,241306,197578,False,True,292.6,8,74,1,487,1,0,515,3079,0,0,3,"{""cut_target"": 176, ""harmful_exit"": 106, ""neutral_exit"": 1460, ""no_active_exit"": 571, ""no_exit_replay"": 515, ""saved_stop"": 240, ""timeout_improved"": 526}","{""candidate_after_baseline_exit"": 487, ""candidate_after_max_hold"": 1, ""lifecycle_without_exit_replay"": 515, ""no_candidate"": 74, ""none"": 2508, ""not_active_exit_eligible"": 1, ""stale_data_no_action"": 8}"
1000,-700,120000,100,3079,515,2508,571,363,615,2101,-689541,-223.94965898018836,-202.0,-645813,-209.74764533939592,-202.0,43728,14.202013640792465,0.0,17.435406698564595,0.0,766,282,1460,0.7309160305343512,1048,0.7032584549721076,240,139016,176,169015,526,102290,0,0,241306,197578,False,True,292.6,8,74,1,487,1,0,515,3079,0,0,3,"{""cut_target"": 176, ""harmful_exit"": 106, ""neutral_exit"": 1460, ""no_active_exit"": 571, ""no_exit_replay"": 515, ""saved_stop"": 240, ""timeout_improved"": 526}","{""candidate_after_baseline_exit"": 487, ""candidate_after_max_hold"": 1, ""lifecycle_without_exit_replay"": 515, ""no_candidate"": 74, ""none"": 2508, ""not_active_exit_eligible"": 1, ""stale_data_no_action"": 8}"
1000,-700,120000,150,3079,515,2508,571,363,615,2101,-843491,-273.94965898018836,-252.0,-799763,-259.7476453393959,-252.0,43728,14.202013640792465,0.0,17.435406698564595,0.0,766,282,1460,0.7309160305343512,1048,0.7032584549721076,240,139016,176,169015,526,102290,0,0,241306,197578,False,True,292.6,8,74,1,487,1,0,515,3079,0,0,3,"{""cut_target"": 176, ""harmful_exit"": 106, ""neutral_exit"": 1460, ""no_active_exit"": 571, ""no_exit_replay"": 515, ""saved_stop"": 240, ""timeout_improved"": 526}","{""candidate_after_baseline_exit"": 487, ""candidate_after_max_hold"": 1, ""lifecycle_without_exit_replay"": 515, ""no_candidate"": 74, ""none"": 2508, ""not_active_exit_eligible"": 1, ""stale_data_no_action"": 8}"
1000,-700,120000,200,3079,515,2508,571,363,615,2101,-997441,-323.94965898018836,-302.0,-953713,-309.7476453393959,-302.0,43728,14.202013640792465,0.0,17.435406698564595,0.0,766,282,1460,0.7309160305343512,1048,0.7032584549721076,240,139016,176,169015,526,102290,0,0,241306,197578,False,True,292.6,8,74,1,487,1,0,515,3079,0,0,3,"{""cut_target"": 176, ""harmful_exit"": 106, ""neutral_exit"": 1460, ""no_active_exit"": 571, ""no_exit_replay"": 515, ""saved_stop"": 240, ""timeout_improved"": 526}","{""candidate_after_baseline_exit"": 487, ""candidate_after_max_hold"": 1, ""lifecycle_without_exit_replay"": 515, ""no_candidate"": 74, ""none"": 2508, ""not_active_exit_eligible"": 1, ""stale_data_no_action"": 8}"
1000,-1000,30000,0,3079,515,2550,529,270,424,2385,-453851,-147.40207859694706,-102.0,-424162,-137.7596622279961,-102.0,29689,9.642416368950958,0.0,11.642745098039216,0.0,374,224,1952,0.6254180602006689,598,0.5859400086367635,103,82726,79,76090,271,58271,0,0,140997,111308,False,True,130.1,8,74,1,361,85,0,515,3079,0,0,3,"{""cut_target"": 79, ""harmful_exit"": 145, ""neutral_exit"": 1952, ""no_active_exit"": 529, ""no_exit_replay"": 515, ""saved_stop"": 103, ""timeout_improved"": 271}","{""candidate_after_baseline_exit"": 361, ""candidate_after_max_hold"": 85, ""lifecycle_without_exit_replay"": 515, ""no_candidate"": 74, ""none"": 2550, ""not_active_exit_eligible"": 1, ""stale_data_no_action"": 8}"
1000,-1000,30000,50,3079,515,2550,529,270,424,2385,-607801,-197.40207859694706,-152.0,-578112,-187.7596622279961,-152.0,29689,9.642416368950958,0.0,11.642745098039216,0.0,374,224,1952,0.6254180602006689,598,0.5859400086367635,103,82726,79,76090,271,58271,0,0,140997,111308,False,True,130.1,8,74,1,361,85,0,515,3079,0,0,3,"{""cut_target"": 79, ""harmful_exit"": 145, ""neutral_exit"": 1952, ""no_active_exit"": 529, ""no_exit_replay"": 515, ""saved_stop"": 103, ""timeout_improved"": 271}","{""candidate_after_baseline_exit"": 361, ""candidate_after_max_hold"": 85, ""lifecycle_without_exit_replay"": 515, ""no_candidate"": 74, ""none"": 2550, ""not_active_exit_eligible"": 1, ""stale_data_no_action"": 8}"
1000,-1000,30000,100,3079,515,2550,529,270,424,2385,-761751,-247.40207859694706,-202.0,-732062,-237.7596622279961,-202.0,29689,9.642416368950958,0.0,11.642745098039216,0.0,374,224,1952,0.6254180602006689,598,0.5859400086367635,103,82726,79,76090,271,58271,0,0,140997,111308,False,True,130.1,8,74,1,361,85,0,515,3079,0,0,3,"{""cut_target"": 79, ""harmful_exit"": 145, ""neutral_exit"": 1952, ""no_active_exit"": 529, ""no_exit_replay"": 515, ""saved_stop"": 103, ""timeout_improved"": 271}","{""candidate_after_baseline_exit"": 361, ""candidate_after_max_hold"": 85, ""lifecycle_without_exit_replay"": 515, ""no_candidate"": 74, ""none"": 2550, ""not_active_exit_eligible"": 1, ""stale_data_no_action"": 8}"
1000,-1000,30000,150,3079,515,2550,529,270,424,2385,-915701,-297.40207859694704,-252.0,-886012,-287.7596622279961,-252.0,29689,9.642416368950958,0.0,11.642745098039216,0.0,374,224,1952,0.6254180602006689,598,0.5859400086367635,103,82726,79,76090,271,58271,0,0,140997,111308,False,True,130.1,8,74,1,361,85,0,515,3079,0,0,3,"{""cut_target"": 79, ""harmful_exit"": 145, ""neutral_exit"": 1952, ""no_active_exit"": 529, ""no_exit_replay"": 515, ""saved_stop"": 103, ""timeout_improved"": 271}","{""candidate_after_baseline_exit"": 361, ""candidate_after_max_hold"": 85, ""lifecycle_without_exit_replay"": 515, ""no_candidate"": 74, ""none"": 2550, ""not_active_exit_eligible"": 1, ""stale_data_no_action"": 8}"
1000,-1000,30000,200,3079,515,2550,529,270,424,2385,-1069651,-347.40207859694704,-302.0,-1039962,-337.7596622279961,-302.0,29689,9.642416368950958,0.0,11.642745098039216,0.0,374,224,1952,0.6254180602006689,598,0.5859400086367635,103,82726,79,76090,271,58271,0,0,140997,111308,False,True,130.1,8,74,1,361,85,0,515,3079,0,0,3,"{""cut_target"": 79, ""harmful_exit"": 145, ""neutral_exit"": 1952, ""no_active_exit"": 529, ""no_exit_replay"": 515, ""saved_stop"": 103, ""timeout_improved"": 271}","{""candidate_after_baseline_exit"": 361, ""candidate_after_max_hold"": 85, ""lifecycle_without_exit_replay"": 515, ""no_candidate"": 74, ""none"": 2550, ""not_active_exit_eligible"": 1, ""stale_data_no_action"": 8}"
1000,-1000,60000,0,3079,515,2554,525,342,481,2256,-448350,-145.61545956479375,-102.0,-423474,-137.53621305618708,-102.0,24876,8.07924650860669,0.0,9.740015661707126,0.0,549,301,1704,0.6458823529411765,850,0.6131411119594105,160,131702,147,144122,389,80733,0,0,212435,187559,False,True,198.9,8,74,1,432,10,0,515,3079,0,0,3,"{""cut_target"": 147, ""harmful_exit"": 154, ""neutral_exit"": 1704, ""no_active_exit"": 525, ""no_exit_replay"": 515, ""saved_stop"": 160, ""timeout_improved"": 389}","{""candidate_after_baseline_exit"": 432, ""candidate_after_max_hold"": 10, ""lifecycle_without_exit_replay"": 515, ""no_candidate"": 74, ""none"": 2554, ""not_active_exit_eligible"": 1, ""stale_data_no_action"": 8}"
1000,-1000,60000,50,3079,515,2554,525,342,481,2256,-602300,-195.61545956479375,-152.0,-577424,-187.53621305618708,-152.0,24876,8.07924650860669,0.0,9.740015661707126,0.0,549,301,1704,0.6458823529411765,850,0.6131411119594105,160,131702,147,144122,389,80733,0,0,212435,187559,False,True,198.9,8,74,1,432,10,0,515,3079,0,0,3,"{""cut_target"": 147, ""harmful_exit"": 154, ""neutral_exit"": 1704, ""no_active_exit"": 525, ""no_exit_replay"": 515, ""saved_stop"": 160, ""timeout_improved"": 389}","{""candidate_after_baseline_exit"": 432, ""candidate_after_max_hold"": 10, ""lifecycle_without_exit_replay"": 515, ""no_candidate"": 74, ""none"": 2554, ""not_active_exit_eligible"": 1, ""stale_data_no_action"": 8}"
1000,-1000,60000,100,3079,515,2554,525,342,481,2256,-756250,-245.61545956479375,-202.0,-731374,-237.53621305618708,-202.0,24876,8.07924650860669,0.0,9.740015661707126,0.0,549,301,1704,0.6458823529411765,850,0.6131411119594105,160,131702,147,144122,389,80733,0,0,212435,187559,False,True,198.9,8,74,1,432,10,0,515,3079,0,0,3,"{""cut_target"": 147, ""harmful_exit"": 154, ""neutral_exit"": 1704, ""no_active_exit"": 525, ""no_exit_replay"": 515, ""saved_stop"": 160, ""timeout_improved"": 389}","{""candidate_after_baseline_exit"": 432, ""candidate_after_max_hold"": 10, ""lifecycle_without_exit_replay"": 515, ""no_candidate"": 74, ""none"": 2554, ""not_active_exit_eligible"": 1, ""stale_data_no_action"": 8}"
1000,-1000,60000,150,3079,515,2554,525,342,481,2256,-910200,-295.61545956479375,-252.0,-885324,-287.5362130561871,-252.0,24876,8.07924650860669,0.0,9.740015661707126,0.0,549,301,1704,0.6458823529411765,850,0.6131411119594105,160,131702,147,144122,389,80733,0,0,212435,187559,False,True,198.9,8,74,1,432,10,0,515,3079,0,0,3,"{""cut_target"": 147, ""harmful_exit"": 154, ""neutral_exit"": 1704, ""no_active_exit"": 525, ""no_exit_replay"": 515, ""saved_stop"": 160, ""timeout_improved"": 389}","{""candidate_after_baseline_exit"": 432, ""candidate_after_max_hold"": 10, ""lifecycle_without_exit_replay"": 515, ""no_candidate"": 74, ""none"": 2554, ""not_active_exit_eligible"": 1, ""stale_data_no_action"": 8}"
1000,-1000,60000,200,3079,515,2554,525,342,481,2256,-1064150,-345.61545956479375,-302.0,-1039274,-337.5362130561871,-302.0,24876,8.07924650860669,0.0,9.740015661707126,0.0,549,301,1704,0.6458823529411765,850,0.6131411119594105,160,131702,147,144122,389,80733,0,0,212435,187559,False,True,198.9,8,74,1,432,10,0,515,3079,0,0,3,"{""cut_target"": 147, ""harmful_exit"": 154, ""neutral_exit"": 1704, ""no_active_exit"": 525, ""no_exit_replay"": 515, ""saved_stop"": 160, ""timeout_improved"": 389}","{""candidate_after_baseline_exit"": 432, ""candidate_after_max_hold"": 10, ""lifecycle_without_exit_replay"": 515, ""no_candidate"": 74, ""none"": 2554, ""not_active_exit_eligible"": 1, ""stale_data_no_action"": 8}"
1000,-1000,120000,0,3079,515,2554,525,390,522,2167,-496737,-161.33062682689186,-102.0,-422851,-137.33387463462162,-102.0,73886,23.99675219227022,0.0,28.929522317932655,0.0,780,304,1470,0.7195571955719557,1084,0.6920762276536614,201,167260,195,193069,579,129719,0,0,296979,223093,False,True,258.9,8,74,1,441,1,0,515,3079,0,0,3,"{""cut_target"": 195, ""harmful_exit"": 109, ""neutral_exit"": 1470, ""no_active_exit"": 525, ""no_exit_replay"": 515, ""saved_stop"": 201, ""timeout_improved"": 579}","{""candidate_after_baseline_exit"": 441, ""candidate_after_max_hold"": 1, ""lifecycle_without_exit_replay"": 515, ""no_candidate"": 74, ""none"": 2554, ""not_active_exit_eligible"": 1, ""stale_data_no_action"": 8}"
1000,-1000,120000,50,3079,515,2554,525,390,522,2167,-650687,-211.33062682689186,-152.0,-576801,-187.33387463462162,-152.0,73886,23.99675219227022,0.0,28.929522317932655,0.0,780,304,1470,0.7195571955719557,1084,0.6920762276536614,201,167260,195,193069,579,129719,0,0,296979,223093,False,True,258.9,8,74,1,441,1,0,515,3079,0,0,3,"{""cut_target"": 195, ""harmful_exit"": 109, ""neutral_exit"": 1470, ""no_active_exit"": 525, ""no_exit_replay"": 515, ""saved_stop"": 201, ""timeout_improved"": 579}","{""candidate_after_baseline_exit"": 441, ""candidate_after_max_hold"": 1, ""lifecycle_without_exit_replay"": 515, ""no_candidate"": 74, ""none"": 2554, ""not_active_exit_eligible"": 1, ""stale_data_no_action"": 8}"
1000,-1000,120000,100,3079,515,2554,525,390,522,2167,-804637,-261.33062682689183,-202.0,-730751,-237.33387463462162,-202.0,73886,23.99675219227022,0.0,28.929522317932655,0.0,780,304,1470,0.7195571955719557,1084,0.6920762276536614,201,167260,195,193069,579,129719,0,0,296979,223093,False,True,258.9,8,74,1,441,1,0,515,3079,0,0,3,"{""cut_target"": 195, ""harmful_exit"": 109, ""neutral_exit"": 1470, ""no_active_exit"": 525, ""no_exit_replay"": 515, ""saved_stop"": 201, ""timeout_improved"": 579}","{""candidate_after_baseline_exit"": 441, ""candidate_after_max_hold"": 1, ""lifecycle_without_exit_replay"": 515, ""no_candidate"": 74, ""none"": 2554, ""not_active_exit_eligible"": 1, ""stale_data_no_action"": 8}"
1000,-1000,120000,150,3079,515,2554,525,390,522,2167,-958587,-311.33062682689183,-252.0,-884701,-287.3338746346216,-252.0,73886,23.99675219227022,0.0,28.929522317932655,0.0,780,304,1470,0.7195571955719557,1084,0.6920762276536614,201,167260,195,193069,579,129719,0,0,296979,223093,False,True,258.9,8,74,1,441,1,0,515,3079,0,0,3,"{""cut_target"": 195, ""harmful_exit"": 109, ""neutral_exit"": 1470, ""no_active_exit"": 525, ""no_exit_replay"": 515, ""saved_stop"": 201, ""timeout_improved"": 579}","{""candidate_after_baseline_exit"": 441, ""candidate_after_max_hold"": 1, ""lifecycle_without_exit_replay"": 515, ""no_candidate"": 74, ""none"": 2554, ""not_active_exit_eligible"": 1, ""stale_data_no_action"": 8}"
1000,-1000,120000,200,3079,515,2554,525,390,522,2167,-1112537,-361.33062682689183,-302.0,-1038651,-337.3338746346216,-302.0,73886,23.99675219227022,0.0,28.929522317932655,0.0,780,304,1470,0.7195571955719557,1084,0.6920762276536614,201,167260,195,193069,579,129719,0,0,296979,223093,False,True,258.9,8,74,1,441,1,0,515,3079,0,0,3,"{""cut_target"": 195, ""harmful_exit"": 109, ""neutral_exit"": 1470, ""no_active_exit"": 525, ""no_exit_replay"": 515, ""saved_stop"": 201, ""timeout_improved"": 579}","{""candidate_after_baseline_exit"": 441, ""candidate_after_max_hold"": 1, ""lifecycle_without_exit_replay"": 515, ""no_candidate"": 74, ""none"": 2554, ""not_active_exit_eligible"": 1, ""stale_data_no_action"": 8}"
1000,-1500,30000,0,3079,515,2620,459,292,320,2467,-562052,-182.54368301396556,-102.0,-526098,-170.86651510230595,-102.0,35954,11.67716791165963,0.0,13.722900763358778,0.0,402,253,1965,0.6137404580152672,655,0.5758930577320813,87,94023,91,98628,315,89908,0,0,183931,147977,False,True,118.5,8,74,1,291,85,0,515,3079,0,0,4,"{""cut_target"": 91, ""harmful_exit"": 162, ""neutral_exit"": 1965, ""no_active_exit"": 459, ""no_exit_replay"": 515, ""saved_stop"": 87, ""timeout_improved"": 315}","{""candidate_after_baseline_exit"": 291, ""candidate_after_max_hold"": 85, ""lifecycle_without_exit_replay"": 515, ""no_candidate"": 74, ""none"": 2620, ""not_active_exit_eligible"": 1, ""stale_data_no_action"": 8}"
1000,-1500,30000,50,3079,515,2620,459,292,320,2467,-716002,-232.54368301396556,-152.0,-680048,-220.86651510230595,-152.0,35954,11.67716791165963,0.0,13.722900763358778,0.0,402,253,1965,0.6137404580152672,655,0.5758930577320813,87,94023,91,98628,315,89908,0,0,183931,147977,False,True,118.5,8,74,1,291,85,0,515,3079,0,0,4,"{""cut_target"": 91, ""harmful_exit"": 162, ""neutral_exit"": 1965, ""no_active_exit"": 459, ""no_exit_replay"": 515, ""saved_stop"": 87, ""timeout_improved"": 315}","{""candidate_after_baseline_exit"": 291, ""candidate_after_max_hold"": 85, ""lifecycle_without_exit_replay"": 515, ""no_candidate"": 74, ""none"": 2620, ""not_active_exit_eligible"": 1, ""stale_data_no_action"": 8}"
1000,-1500,30000,100,3079,515,2620,459,292,320,2467,-869952,-282.54368301396556,-202.0,-833998,-270.8665151023059,-202.0,35954,11.67716791165963,0.0,13.722900763358778,0.0,402,253,1965,0.6137404580152672,655,0.5758930577320813,87,94023,91,98628,315,89908,0,0,183931,147977,False,True,118.5,8,74,1,291,85,0,515,3079,0,0,4,"{""cut_target"": 91, ""harmful_exit"": 162, ""neutral_exit"": 1965, ""no_active_exit"": 459, ""no_exit_replay"": 515, ""saved_stop"": 87, ""timeout_improved"": 315}","{""candidate_after_baseline_exit"": 291, ""candidate_after_max_hold"": 85, ""lifecycle_without_exit_replay"": 515, ""no_candidate"": 74, ""none"": 2620, ""not_active_exit_eligible"": 1, ""stale_data_no_action"": 8}"
1000,-1500,30000,150,3079,515,2620,459,292,320,2467,-1023902,-332.54368301396556,-252.0,-987948,-320.8665151023059,-252.0,35954,11.67716791165963,0.0,13.722900763358778,0.0,402,253,1965,0.6137404580152672,655,0.5758930577320813,87,94023,91,98628,315,89908,0,0,183931,147977,False,True,118.5,8,74,1,291,85,0,515,3079,0,0,4,"{""cut_target"": 91, ""harmful_exit"": 162, ""neutral_exit"": 1965, ""no_active_exit"": 459, ""no_exit_replay"": 515, ""saved_stop"": 87, ""timeout_improved"": 315}","{""candidate_after_baseline_exit"": 291, ""candidate_after_max_hold"": 85, ""lifecycle_without_exit_replay"": 515, ""no_candidate"": 74, ""none"": 2620, ""not_active_exit_eligible"": 1, ""stale_data_no_action"": 8}"
1000,-1500,30000,200,3079,515,2620,459,292,320,2467,-1177852,-382.54368301396556,-302.0,-1141898,-370.8665151023059,-302.0,35954,11.67716791165963,0.0,13.722900763358778,0.0,402,253,1965,0.6137404580152672,655,0.5758930577320813,87,94023,91,98628,315,89908,0,0,183931,147977,False,True,118.5,8,74,1,291,85,0,515,3079,0,0,4,"{""cut_target"": 91, ""harmful_exit"": 162, ""neutral_exit"": 1965, ""no_active_exit"": 459, ""no_exit_replay"": 515, ""saved_stop"": 87, ""timeout_improved"": 315}","{""candidate_after_baseline_exit"": 291, ""candidate_after_max_hold"": 85, ""lifecycle_without_exit_replay"": 515, ""no_candidate"": 74, ""none"": 2620, ""not_active_exit_eligible"": 1, ""stale_data_no_action"": 8}"
1000,-1500,60000,0,3079,515,2630,449,379,375,2325,-564615,-183.3760961351088,-102.0,-525864,-170.79051640142904,-102.0,38751,12.585579733679767,0.0,14.73422053231939,0.0,576,338,1716,0.6301969365426696,914,0.5984161407948109,141,160929,173,190293,435,118714,0,0,279643,240892,False,True,184.5,8,74,1,356,10,0,515,3079,0,0,3,"{""cut_target"": 173, ""harmful_exit"": 165, ""neutral_exit"": 1716, ""no_active_exit"": 449, ""no_exit_replay"": 515, ""saved_stop"": 141, ""timeout_improved"": 435}","{""candidate_after_baseline_exit"": 356, ""candidate_after_max_hold"": 10, ""lifecycle_without_exit_replay"": 515, ""no_candidate"": 74, ""none"": 2630, ""not_active_exit_eligible"": 1, ""stale_data_no_action"": 8}"
1000,-1500,60000,50,3079,515,2630,449,379,375,2325,-718565,-233.3760961351088,-152.0,-679814,-220.79051640142904,-152.0,38751,12.585579733679767,0.0,14.73422053231939,0.0,576,338,1716,0.6301969365426696,914,0.5984161407948109,141,160929,173,190293,435,118714,0,0,279643,240892,False,True,184.5,8,74,1,356,10,0,515,3079,0,0,3,"{""cut_target"": 173, ""harmful_exit"": 165, ""neutral_exit"": 1716, ""no_active_exit"": 449, ""no_exit_replay"": 515, ""saved_stop"": 141, ""timeout_improved"": 435}","{""candidate_after_baseline_exit"": 356, ""candidate_after_max_hold"": 10, ""lifecycle_without_exit_replay"": 515, ""no_candidate"": 74, ""none"": 2630, ""not_active_exit_eligible"": 1, ""stale_data_no_action"": 8}"
1000,-1500,60000,100,3079,515,2630,449,379,375,2325,-872515,-283.3760961351088,-202.0,-833764,-270.79051640142904,-202.0,38751,12.585579733679767,0.0,14.73422053231939,0.0,576,338,1716,0.6301969365426696,914,0.5984161407948109,141,160929,173,190293,435,118714,0,0,279643,240892,False,True,184.5,8,74,1,356,10,0,515,3079,0,0,3,"{""cut_target"": 173, ""harmful_exit"": 165, ""neutral_exit"": 1716, ""no_active_exit"": 449, ""no_exit_replay"": 515, ""saved_stop"": 141, ""timeout_improved"": 435}","{""candidate_after_baseline_exit"": 356, ""candidate_after_max_hold"": 10, ""lifecycle_without_exit_replay"": 515, ""no_candidate"": 74, ""none"": 2630, ""not_active_exit_eligible"": 1, ""stale_data_no_action"": 8}"
1000,-1500,60000,150,3079,515,2630,449,379,375,2325,-1026465,-333.3760961351088,-252.0,-987714,-320.79051640142904,-252.0,38751,12.585579733679767,0.0,14.73422053231939,0.0,576,338,1716,0.6301969365426696,914,0.5984161407948109,141,160929,173,190293,435,118714,0,0,279643,240892,False,True,184.5,8,74,1,356,10,0,515,3079,0,0,3,"{""cut_target"": 173, ""harmful_exit"": 165, ""neutral_exit"": 1716, ""no_active_exit"": 449, ""no_exit_replay"": 515, ""saved_stop"": 141, ""timeout_improved"": 435}","{""candidate_after_baseline_exit"": 356, ""candidate_after_max_hold"": 10, ""lifecycle_without_exit_replay"": 515, ""no_candidate"": 74, ""none"": 2630, ""not_active_exit_eligible"": 1, ""stale_data_no_action"": 8}"
1000,-1500,60000,200,3079,515,2630,449,379,375,2325,-1180415,-383.3760961351088,-302.0,-1141664,-370.79051640142904,-302.0,38751,12.585579733679767,0.0,14.73422053231939,0.0,576,338,1716,0.6301969365426696,914,0.5984161407948109,141,160929,173,190293,435,118714,0,0,279643,240892,False,True,184.5,8,74,1,356,10,0,515,3079,0,0,3,"{""cut_target"": 173, ""harmful_exit"": 165, ""neutral_exit"": 1716, ""no_active_exit"": 449, ""no_exit_replay"": 515, ""saved_stop"": 141, ""timeout_improved"": 435}","{""candidate_after_baseline_exit"": 356, ""candidate_after_max_hold"": 10, ""lifecycle_without_exit_replay"": 515, ""no_candidate"": 74, ""none"": 2630, ""not_active_exit_eligible"": 1, ""stale_data_no_action"": 8}"
1000,-1500,120000,0,3079,515,2630,449,434,415,2230,-626743,-203.55407599870088,-102.0,-525241,-170.5881779798636,-102.0,101502,32.96589801883729,0.0,38.59391634980989,0.0,812,340,1478,0.7048611111111112,1152,0.677876996698453,181,207375,228,249001,631,173865,0,0,381240,279738,False,True,244.1,8,74,1,365,1,0,515,3079,0,0,3,"{""cut_target"": 228, ""harmful_exit"": 112, ""neutral_exit"": 1478, ""no_active_exit"": 449, ""no_exit_replay"": 515, ""saved_stop"": 181, ""timeout_improved"": 631}","{""candidate_after_baseline_exit"": 365, ""candidate_after_max_hold"": 1, ""lifecycle_without_exit_replay"": 515, ""no_candidate"": 74, ""none"": 2630, ""not_active_exit_eligible"": 1, ""stale_data_no_action"": 8}"
1000,-1500,120000,50,3079,515,2630,449,434,415,2230,-780693,-253.55407599870088,-152.0,-679191,-220.5881779798636,-152.0,101502,32.96589801883729,0.0,38.59391634980989,0.0,812,340,1478,0.7048611111111112,1152,0.677876996698453,181,207375,228,249001,631,173865,0,0,381240,279738,False,True,244.1,8,74,1,365,1,0,515,3079,0,0,3,"{""cut_target"": 228, ""harmful_exit"": 112, ""neutral_exit"": 1478, ""no_active_exit"": 449, ""no_exit_replay"": 515, ""saved_stop"": 181, ""timeout_improved"": 631}","{""candidate_after_baseline_exit"": 365, ""candidate_after_max_hold"": 1, ""lifecycle_without_exit_replay"": 515, ""no_candidate"": 74, ""none"": 2630, ""not_active_exit_eligible"": 1, ""stale_data_no_action"": 8}"
1000,-1500,120000,100,3079,515,2630,449,434,415,2230,-934643,-303.55407599870085,-202.0,-833141,-270.5881779798636,-202.0,101502,32.96589801883729,0.0,38.59391634980989,0.0,812,340,1478,0.7048611111111112,1152,0.677876996698453,181,207375,228,249001,631,173865,0,0,381240,279738,False,True,244.1,8,74,1,365,1,0,515,3079,0,0,3,"{""cut_target"": 228, ""harmful_exit"": 112, ""neutral_exit"": 1478, ""no_active_exit"": 449, ""no_exit_replay"": 515, ""saved_stop"": 181, ""timeout_improved"": 631}","{""candidate_after_baseline_exit"": 365, ""candidate_after_max_hold"": 1, ""lifecycle_without_exit_replay"": 515, ""no_candidate"": 74, ""none"": 2630, ""not_active_exit_eligible"": 1, ""stale_data_no_action"": 8}"
1000,-1500,120000,150,3079,515,2630,449,434,415,2230,-1088593,-353.55407599870085,-252.0,-987091,-320.5881779798636,-252.0,101502,32.96589801883729,0.0,38.59391634980989,0.0,812,340,1478,0.7048611111111112,1152,0.677876996698453,181,207375,228,249001,631,173865,0,0,381240,279738,False,True,244.1,8,74,1,365,1,0,515,3079,0,0,3,"{""cut_target"": 228, ""harmful_exit"": 112, ""neutral_exit"": 1478, ""no_active_exit"": 449, ""no_exit_replay"": 515, ""saved_stop"": 181, ""timeout_improved"": 631}","{""candidate_after_baseline_exit"": 365, ""candidate_after_max_hold"": 1, ""lifecycle_without_exit_replay"": 515, ""no_candidate"": 74, ""none"": 2630, ""not_active_exit_eligible"": 1, ""stale_data_no_action"": 8}"
1000,-1500,120000,200,3079,515,2630,449,434,415,2230,-1242543,-403.55407599870085,-302.0,-1141041,-370.5881779798636,-302.0,101502,32.96589801883729,0.0,38.59391634980989,0.0,812,340,1478,0.7048611111111112,1152,0.677876996698453,181,207375,228,249001,631,173865,0,0,381240,279738,False,True,244.1,8,74,1,365,1,0,515,3079,0,0,3,"{""cut_target"": 228, ""harmful_exit"": 112, ""neutral_exit"": 1478, ""no_active_exit"": 449, ""no_exit_replay"": 515, ""saved_stop"": 181, ""timeout_improved"": 631}","{""candidate_after_baseline_exit"": 365, ""candidate_after_max_hold"": 1, ""lifecycle_without_exit_replay"": 515, ""no_candidate"": 74, ""none"": 2630, ""not_active_exit_eligible"": 1, ""stale_data_no_action"": 8}"
1000,-2000,30000,0,3079,515,2663,416,302,261,2516,-657913,-213.6774926924326,-102.0,-606967,-197.1312114322832,-102.0,50946,16.5462812601494,0.0,19.13105520090124,0.0,417,269,1977,0.607871720116618,686,0.5708331932657001,79,112513,96,111512,338,106563,0,0,219076,168130,False,True,112.80000000000001,8,74,1,248,85,0,515,3079,0,0,4,"{""cut_target"": 96, ""harmful_exit"": 173, ""neutral_exit"": 1977, ""no_active_exit"": 416, ""no_exit_replay"": 515, ""saved_stop"": 79, ""timeout_improved"": 338}","{""candidate_after_baseline_exit"": 248, ""candidate_after_max_hold"": 85, ""lifecycle_without_exit_replay"": 515, ""no_candidate"": 74, ""none"": 2663, ""not_active_exit_eligible"": 1, ""stale_data_no_action"": 8}"
1000,-2000,30000,50,3079,515,2663,416,302,261,2516,-811863,-263.6774926924326,-152.0,-760917,-247.1312114322832,-152.0,50946,16.5462812601494,0.0,19.13105520090124,0.0,417,269,1977,0.607871720116618,686,0.5708331932657001,79,112513,96,111512,338,106563,0,0,219076,168130,False,True,112.80000000000001,8,74,1,248,85,0,515,3079,0,0,4,"{""cut_target"": 96, ""harmful_exit"": 173, ""neutral_exit"": 1977, ""no_active_exit"": 416, ""no_exit_replay"": 515, ""saved_stop"": 79, ""timeout_improved"": 338}","{""candidate_after_baseline_exit"": 248, ""candidate_after_max_hold"": 85, ""lifecycle_without_exit_replay"": 515, ""no_candidate"": 74, ""none"": 2663, ""not_active_exit_eligible"": 1, ""stale_data_no_action"": 8}"
1000,-2000,30000,100,3079,515,2663,416,302,261,2516,-965813,-313.6774926924326,-202.0,-914867,-297.13121143228324,-202.0,50946,16.5462812601494,0.0,19.13105520090124,0.0,417,269,1977,0.607871720116618,686,0.5708331932657001,79,112513,96,111512,338,106563,0,0,219076,168130,False,True,112.80000000000001,8,74,1,248,85,0,515,3079,0,0,4,"{""cut_target"": 96, ""harmful_exit"": 173, ""neutral_exit"": 1977, ""no_active_exit"": 416, ""no_exit_replay"": 515, ""saved_stop"": 79, ""timeout_improved"": 338}","{""candidate_after_baseline_exit"": 248, ""candidate_after_max_hold"": 85, ""lifecycle_without_exit_replay"": 515, ""no_candidate"": 74, ""none"": 2663, ""not_active_exit_eligible"": 1, ""stale_data_no_action"": 8}"
1000,-2000,30000,150,3079,515,2663,416,302,261,2516,-1119763,-363.6774926924326,-252.0,-1068817,-347.13121143228324,-252.0,50946,16.5462812601494,0.0,19.13105520090124,0.0,417,269,1977,0.607871720116618,686,0.5708331932657001,79,112513,96,111512,338,106563,0,0,219076,168130,False,True,112.80000000000001,8,74,1,248,85,0,515,3079,0,0,4,"{""cut_target"": 96, ""harmful_exit"": 173, ""neutral_exit"": 1977, ""no_active_exit"": 416, ""no_exit_replay"": 515, ""saved_stop"": 79, ""timeout_improved"": 338}","{""candidate_after_baseline_exit"": 248, ""candidate_after_max_hold"": 85, ""lifecycle_without_exit_replay"": 515, ""no_candidate"": 74, ""none"": 2663, ""not_active_exit_eligible"": 1, ""stale_data_no_action"": 8}"
1000,-2000,30000,200,3079,515,2663,416,302,261,2516,-1273713,-413.6774926924326,-302.0,-1222767,-397.13121143228324,-302.0,50946,16.5462812601494,0.0,19.13105520090124,0.0,417,269,1977,0.607871720116618,686,0.5708331932657001,79,112513,96,111512,338,106563,0,0,219076,168130,False,True,112.80000000000001,8,74,1,248,85,0,515,3079,0,0,4,"{""cut_target"": 96, ""harmful_exit"": 173, ""neutral_exit"": 1977, ""no_active_exit"": 416, ""no_exit_replay"": 515, ""saved_stop"": 79, ""timeout_improved"": 338}","{""candidate_after_baseline_exit"": 248, ""candidate_after_max_hold"": 85, ""lifecycle_without_exit_replay"": 515, ""no_candidate"": 74, ""none"": 2663, ""not_active_exit_eligible"": 1, ""stale_data_no_action"": 8}"
1000,-2000,60000,0,3079,515,2674,405,395,319,2365,-677448,-220.02208509256252,-102.0,-606503,-196.9805131536213,-102.0,70945,23.041571938941214,0.0,26.531413612565444,0.0,594,355,1725,0.6259220231822972,949,0.5946860795084645,135,195893,183,212775,459,144114,0,0,340007,269062,False,False,180.9,8,74,1,312,10,0,515,3079,0,0,3,"{""cut_target"": 183, ""harmful_exit"": 172, ""neutral_exit"": 1725, ""no_active_exit"": 405, ""no_exit_replay"": 515, ""saved_stop"": 135, ""timeout_improved"": 459}","{""candidate_after_baseline_exit"": 312, ""candidate_after_max_hold"": 10, ""lifecycle_without_exit_replay"": 515, ""no_candidate"": 74, ""none"": 2674, ""not_active_exit_eligible"": 1, ""stale_data_no_action"": 8}"
1000,-2000,60000,50,3079,515,2674,405,395,319,2365,-831398,-270.0220850925625,-152.0,-760453,-246.9805131536213,-152.0,70945,23.041571938941214,0.0,26.531413612565444,0.0,594,355,1725,0.6259220231822972,949,0.5946860795084645,135,195893,183,212775,459,144114,0,0,340007,269062,False,False,180.9,8,74,1,312,10,0,515,3079,0,0,3,"{""cut_target"": 183, ""harmful_exit"": 172, ""neutral_exit"": 1725, ""no_active_exit"": 405, ""no_exit_replay"": 515, ""saved_stop"": 135, ""timeout_improved"": 459}","{""candidate_after_baseline_exit"": 312, ""candidate_after_max_hold"": 10, ""lifecycle_without_exit_replay"": 515, ""no_candidate"": 74, ""none"": 2674, ""not_active_exit_eligible"": 1, ""stale_data_no_action"": 8}"
1000,-2000,60000,100,3079,515,2674,405,395,319,2365,-985348,-320.0220850925625,-202.0,-914403,-296.9805131536213,-202.0,70945,23.041571938941214,0.0,26.531413612565444,0.0,594,355,1725,0.6259220231822972,949,0.5946860795084645,135,195893,183,212775,459,144114,0,0,340007,269062,False,False,180.9,8,74,1,312,10,0,515,3079,0,0,3,"{""cut_target"": 183, ""harmful_exit"": 172, ""neutral_exit"": 1725, ""no_active_exit"": 405, ""no_exit_replay"": 515, ""saved_stop"": 135, ""timeout_improved"": 459}","{""candidate_after_baseline_exit"": 312, ""candidate_after_max_hold"": 10, ""lifecycle_without_exit_replay"": 515, ""no_candidate"": 74, ""none"": 2674, ""not_active_exit_eligible"": 1, ""stale_data_no_action"": 8}"
1000,-2000,60000,150,3079,515,2674,405,395,319,2365,-1139298,-370.0220850925625,-252.0,-1068353,-346.9805131536213,-252.0,70945,23.041571938941214,0.0,26.531413612565444,0.0,594,355,1725,0.6259220231822972,949,0.5946860795084645,135,195893,183,212775,459,144114,0,0,340007,269062,False,False,180.9,8,74,1,312,10,0,515,3079,0,0,3,"{""cut_target"": 183, ""harmful_exit"": 172, ""neutral_exit"": 1725, ""no_active_exit"": 405, ""no_exit_replay"": 515, ""saved_stop"": 135, ""timeout_improved"": 459}","{""candidate_after_baseline_exit"": 312, ""candidate_after_max_hold"": 10, ""lifecycle_without_exit_replay"": 515, ""no_candidate"": 74, ""none"": 2674, ""not_active_exit_eligible"": 1, ""stale_data_no_action"": 8}"
1000,-2000,60000,200,3079,515,2674,405,395,319,2365,-1293248,-420.0220850925625,-302.0,-1222303,-396.9805131536213,-302.0,70945,23.041571938941214,0.0,26.531413612565444,0.0,594,355,1725,0.6259220231822972,949,0.5946860795084645,135,195893,183,212775,459,144114,0,0,340007,269062,False,False,180.9,8,74,1,312,10,0,515,3079,0,0,3,"{""cut_target"": 183, ""harmful_exit"": 172, ""neutral_exit"": 1725, ""no_active_exit"": 405, ""no_exit_replay"": 515, ""saved_stop"": 135, ""timeout_improved"": 459}","{""candidate_after_baseline_exit"": 312, ""candidate_after_max_hold"": 10, ""lifecycle_without_exit_replay"": 515, ""no_candidate"": 74, ""none"": 2674, ""not_active_exit_eligible"": 1, ""stale_data_no_action"": 8}"
1000,-2000,120000,0,3079,515,2674,405,456,348,2275,-746514,-242.45339395907763,-102.0,-605880,-196.77817473205587,-102.0,140634,45.67521922702176,0.0,52.59311892296186,0.0,829,360,1485,0.6972245584524811,1189,0.6705079327900249,164,245796,244,282851,665,210558,0,0,456354,315720,False,False,230.5,8,74,1,321,1,0,515,3079,0,0,3,"{""cut_target"": 244, ""harmful_exit"": 116, ""neutral_exit"": 1485, ""no_active_exit"": 405, ""no_exit_replay"": 515, ""saved_stop"": 164, ""timeout_improved"": 665}","{""candidate_after_baseline_exit"": 321, ""candidate_after_max_hold"": 1, ""lifecycle_without_exit_replay"": 515, ""no_candidate"": 74, ""none"": 2674, ""not_active_exit_eligible"": 1, ""stale_data_no_action"": 8}"
1000,-2000,120000,50,3079,515,2674,405,456,348,2275,-900464,-292.45339395907763,-152.0,-759830,-246.77817473205587,-152.0,140634,45.67521922702176,0.0,52.59311892296186,0.0,829,360,1485,0.6972245584524811,1189,0.6705079327900249,164,245796,244,282851,665,210558,0,0,456354,315720,False,False,230.5,8,74,1,321,1,0,515,3079,0,0,3,"{""cut_target"": 244, ""harmful_exit"": 116, ""neutral_exit"": 1485, ""no_active_exit"": 405, ""no_exit_replay"": 515, ""saved_stop"": 164, ""timeout_improved"": 665}","{""candidate_after_baseline_exit"": 321, ""candidate_after_max_hold"": 1, ""lifecycle_without_exit_replay"": 515, ""no_candidate"": 74, ""none"": 2674, ""not_active_exit_eligible"": 1, ""stale_data_no_action"": 8}"
1000,-2000,120000,100,3079,515,2674,405,456,348,2275,-1054414,-342.45339395907763,-202.0,-913780,-296.77817473205585,-202.0,140634,45.67521922702176,0.0,52.59311892296186,0.0,829,360,1485,0.6972245584524811,1189,0.6705079327900249,164,245796,244,282851,665,210558,0,0,456354,315720,False,False,230.5,8,74,1,321,1,0,515,3079,0,0,3,"{""cut_target"": 244, ""harmful_exit"": 116, ""neutral_exit"": 1485, ""no_active_exit"": 405, ""no_exit_replay"": 515, ""saved_stop"": 164, ""timeout_improved"": 665}","{""candidate_after_baseline_exit"": 321, ""candidate_after_max_hold"": 1, ""lifecycle_without_exit_replay"": 515, ""no_candidate"": 74, ""none"": 2674, ""not_active_exit_eligible"": 1, ""stale_data_no_action"": 8}"
1000,-2000,120000,150,3079,515,2674,405,456,348,2275,-1208364,-392.45339395907763,-252.0,-1067730,-346.77817473205585,-252.0,140634,45.67521922702176,0.0,52.59311892296186,0.0,829,360,1485,0.6972245584524811,1189,0.6705079327900249,164,245796,244,282851,665,210558,0,0,456354,315720,False,False,230.5,8,74,1,321,1,0,515,3079,0,0,3,"{""cut_target"": 244, ""harmful_exit"": 116, ""neutral_exit"": 1485, ""no_active_exit"": 405, ""no_exit_replay"": 515, ""saved_stop"": 164, ""timeout_improved"": 665}","{""candidate_after_baseline_exit"": 321, ""candidate_after_max_hold"": 1, ""lifecycle_without_exit_replay"": 515, ""no_candidate"": 74, ""none"": 2674, ""not_active_exit_eligible"": 1, ""stale_data_no_action"": 8}"
1000,-2000,120000,200,3079,515,2674,405,456,348,2275,-1362314,-442.45339395907763,-302.0,-1221680,-396.77817473205585,-302.0,140634,45.67521922702176,0.0,52.59311892296186,0.0,829,360,1485,0.6972245584524811,1189,0.6705079327900249,164,245796,244,282851,665,210558,0,0,456354,315720,False,False,230.5,8,74,1,321,1,0,515,3079,0,0,3,"{""cut_target"": 244, ""harmful_exit"": 116, ""neutral_exit"": 1485, ""no_active_exit"": 405, ""no_exit_replay"": 515, ""saved_stop"": 164, ""timeout_improved"": 665}","{""candidate_after_baseline_exit"": 321, ""candidate_after_max_hold"": 1, ""lifecycle_without_exit_replay"": 515, ""no_candidate"": 74, ""none"": 2674, ""not_active_exit_eligible"": 1, ""stale_data_no_action"": 8}"
1000,-3000,30000,0,3079,515,2730,349,312,168,2599,-796323,-258.6303994803508,-102.0,-684299,-222.24715816823644,-102.0,112024,36.38324131211432,0.0,41.03443223443224,0.0,455,286,1989,0.6140350877192983,741,0.5784807867765422,70,117207,96,111512,385,170680,0,0,287887,175863,False,True,108.5,8,74,1,181,85,0,515,3079,0,0,3,"{""cut_target"": 96, ""harmful_exit"": 190, ""neutral_exit"": 1989, ""no_active_exit"": 349, ""no_exit_replay"": 515, ""saved_stop"": 70, ""timeout_improved"": 385}","{""candidate_after_baseline_exit"": 181, ""candidate_after_max_hold"": 85, ""lifecycle_without_exit_replay"": 515, ""no_candidate"": 74, ""none"": 2730, ""not_active_exit_eligible"": 1, ""stale_data_no_action"": 8}"
1000,-3000,30000,50,3079,515,2730,349,312,168,2599,-950273,-308.6303994803508,-152.0,-838249,-272.24715816823647,-152.0,112024,36.38324131211432,0.0,41.03443223443224,0.0,455,286,1989,0.6140350877192983,741,0.5784807867765422,70,117207,96,111512,385,170680,0,0,287887,175863,False,True,108.5,8,74,1,181,85,0,515,3079,0,0,3,"{""cut_target"": 96, ""harmful_exit"": 190, ""neutral_exit"": 1989, ""no_active_exit"": 349, ""no_exit_replay"": 515, ""saved_stop"": 70, ""timeout_improved"": 385}","{""candidate_after_baseline_exit"": 181, ""candidate_after_max_hold"": 85, ""lifecycle_without_exit_replay"": 515, ""no_candidate"": 74, ""none"": 2730, ""not_active_exit_eligible"": 1, ""stale_data_no_action"": 8}"
1000,-3000,30000,100,3079,515,2730,349,312,168,2599,-1104223,-358.6303994803508,-202.0,-992199,-322.24715816823647,-202.0,112024,36.38324131211432,0.0,41.03443223443224,0.0,455,286,1989,0.6140350877192983,741,0.5784807867765422,70,117207,96,111512,385,170680,0,0,287887,175863,False,True,108.5,8,74,1,181,85,0,515,3079,0,0,3,"{""cut_target"": 96, ""harmful_exit"": 190, ""neutral_exit"": 1989, ""no_active_exit"": 349, ""no_exit_replay"": 515, ""saved_stop"": 70, ""timeout_improved"": 385}","{""candidate_after_baseline_exit"": 181, ""candidate_after_max_hold"": 85, ""lifecycle_without_exit_replay"": 515, ""no_candidate"": 74, ""none"": 2730, ""not_active_exit_eligible"": 1, ""stale_data_no_action"": 8}"
1000,-3000,30000,150,3079,515,2730,349,312,168,2599,-1258173,-408.6303994803508,-252.0,-1146149,-372.24715816823647,-252.0,112024,36.38324131211432,0.0,41.03443223443224,0.0,455,286,1989,0.6140350877192983,741,0.5784807867765422,70,117207,96,111512,385,170680,0,0,287887,175863,False,True,108.5,8,74,1,181,85,0,515,3079,0,0,3,"{""cut_target"": 96, ""harmful_exit"": 190, ""neutral_exit"": 1989, ""no_active_exit"": 349, ""no_exit_replay"": 515, ""saved_stop"": 70, ""timeout_improved"": 385}","{""candidate_after_baseline_exit"": 181, ""candidate_after_max_hold"": 85, ""lifecycle_without_exit_replay"": 515, ""no_candidate"": 74, ""none"": 2730, ""not_active_exit_eligible"": 1, ""stale_data_no_action"": 8}"
1000,-3000,30000,200,3079,515,2730,349,312,168,2599,-1412123,-458.6303994803508,-302.0,-1300099,-422.24715816823647,-302.0,112024,36.38324131211432,0.0,41.03443223443224,0.0,455,286,1989,0.6140350877192983,741,0.5784807867765422,70,117207,96,111512,385,170680,0,0,287887,175863,False,True,108.5,8,74,1,181,85,0,515,3079,0,0,3,"{""cut_target"": 96, ""harmful_exit"": 190, ""neutral_exit"": 1989, ""no_active_exit"": 349, ""no_exit_replay"": 515, ""saved_stop"": 70, ""timeout_improved"": 385}","{""candidate_after_baseline_exit"": 181, ""candidate_after_max_hold"": 85, ""lifecycle_without_exit_replay"": 515, ""no_candidate"": 74, ""none"": 2730, ""not_active_exit_eligible"": 1, ""stale_data_no_action"": 8}"
1000,-3000,60000,0,3079,515,2748,331,414,210,2455,-838926,-272.4670347515427,-102.0,-680009,-220.8538486521598,-102.0,158917,51.613186099382915,0.0,57.830058224163025,0.0,637,377,1734,0.6282051282051282,1014,0.5980273059005258,111,208190,191,227858,526,240602,0,0,448792,289875,False,False,163.6,8,74,1,238,10,0,515,3079,0,0,3,"{""cut_target"": 191, ""harmful_exit"": 186, ""neutral_exit"": 1734, ""no_active_exit"": 331, ""no_exit_replay"": 515, ""saved_stop"": 111, ""timeout_improved"": 526}","{""candidate_after_baseline_exit"": 238, ""candidate_after_max_hold"": 10, ""lifecycle_without_exit_replay"": 515, ""no_candidate"": 74, ""none"": 2748, ""not_active_exit_eligible"": 1, ""stale_data_no_action"": 8}"
1000,-3000,60000,50,3079,515,2748,331,414,210,2455,-992876,-322.4670347515427,-152.0,-833959,-270.8538486521598,-152.0,158917,51.613186099382915,0.0,57.830058224163025,0.0,637,377,1734,0.6282051282051282,1014,0.5980273059005258,111,208190,191,227858,526,240602,0,0,448792,289875,False,False,163.6,8,74,1,238,10,0,515,3079,0,0,3,"{""cut_target"": 191, ""harmful_exit"": 186, ""neutral_exit"": 1734, ""no_active_exit"": 331, ""no_exit_replay"": 515, ""saved_stop"": 111, ""timeout_improved"": 526}","{""candidate_after_baseline_exit"": 238, ""candidate_after_max_hold"": 10, ""lifecycle_without_exit_replay"": 515, ""no_candidate"": 74, ""none"": 2748, ""not_active_exit_eligible"": 1, ""stale_data_no_action"": 8}"
1000,-3000,60000,100,3079,515,2748,331,414,210,2455,-1146826,-372.4670347515427,-202.0,-987909,-320.8538486521598,-202.0,158917,51.613186099382915,0.0,57.830058224163025,0.0,637,377,1734,0.6282051282051282,1014,0.5980273059005258,111,208190,191,227858,526,240602,0,0,448792,289875,False,False,163.6,8,74,1,238,10,0,515,3079,0,0,3,"{""cut_target"": 191, ""harmful_exit"": 186, ""neutral_exit"": 1734, ""no_active_exit"": 331, ""no_exit_replay"": 515, ""saved_stop"": 111, ""timeout_improved"": 526}","{""candidate_after_baseline_exit"": 238, ""candidate_after_max_hold"": 10, ""lifecycle_without_exit_replay"": 515, ""no_candidate"": 74, ""none"": 2748, ""not_active_exit_eligible"": 1, ""stale_data_no_action"": 8}"
1000,-3000,60000,150,3079,515,2748,331,414,210,2455,-1300776,-422.4670347515427,-252.0,-1141859,-370.8538486521598,-252.0,158917,51.613186099382915,0.0,57.830058224163025,0.0,637,377,1734,0.6282051282051282,1014,0.5980273059005258,111,208190,191,227858,526,240602,0,0,448792,289875,False,False,163.6,8,74,1,238,10,0,515,3079,0,0,3,"{""cut_target"": 191, ""harmful_exit"": 186, ""neutral_exit"": 1734, ""no_active_exit"": 331, ""no_exit_replay"": 515, ""saved_stop"": 111, ""timeout_improved"": 526}","{""candidate_after_baseline_exit"": 238, ""candidate_after_max_hold"": 10, ""lifecycle_without_exit_replay"": 515, ""no_candidate"": 74, ""none"": 2748, ""not_active_exit_eligible"": 1, ""stale_data_no_action"": 8}"
1000,-3000,60000,200,3079,515,2748,331,414,210,2455,-1454726,-472.4670347515427,-302.0,-1295809,-420.8538486521598,-302.0,158917,51.613186099382915,0.0,57.830058224163025,0.0,637,377,1734,0.6282051282051282,1014,0.5980273059005258,111,208190,191,227858,526,240602,0,0,448792,289875,False,False,163.6,8,74,1,238,10,0,515,3079,0,0,3,"{""cut_target"": 191, ""harmful_exit"": 186, ""neutral_exit"": 1734, ""no_active_exit"": 331, ""no_exit_replay"": 515, ""saved_stop"": 111, ""timeout_improved"": 526}","{""candidate_after_baseline_exit"": 238, ""candidate_after_max_hold"": 10, ""lifecycle_without_exit_replay"": 515, ""no_candidate"": 74, ""none"": 2748, ""not_active_exit_eligible"": 1, ""stale_data_no_action"": 8}"
1000,-3000,120000,0,3079,515,2748,331,483,244,2352,-933335,-303.1292627476453,-102.0,-679386,-220.65151023059434,-102.0,253949,82.47775251705099,0.0,92.4122998544396,0.0,872,383,1493,0.6948207171314741,1255,0.6687816392491832,145,286071,260,310101,727,313211,0,0,599282,345333,False,False,217.7,8,74,1,247,1,0,515,3079,0,0,3,"{""cut_target"": 260, ""harmful_exit"": 123, ""neutral_exit"": 1493, ""no_active_exit"": 331, ""no_exit_replay"": 515, ""saved_stop"": 145, ""timeout_improved"": 727}","{""candidate_after_baseline_exit"": 247, ""candidate_after_max_hold"": 1, ""lifecycle_without_exit_replay"": 515, ""no_candidate"": 74, ""none"": 2748, ""not_active_exit_eligible"": 1, ""stale_data_no_action"": 8}"
1000,-3000,120000,50,3079,515,2748,331,483,244,2352,-1087285,-353.1292627476453,-152.0,-833336,-270.65151023059434,-152.0,253949,82.47775251705099,0.0,92.4122998544396,0.0,872,383,1493,0.6948207171314741,1255,0.6687816392491832,145,286071,260,310101,727,313211,0,0,599282,345333,False,False,217.7,8,74,1,247,1,0,515,3079,0,0,3,"{""cut_target"": 260, ""harmful_exit"": 123, ""neutral_exit"": 1493, ""no_active_exit"": 331, ""no_exit_replay"": 515, ""saved_stop"": 145, ""timeout_improved"": 727}","{""candidate_after_baseline_exit"": 247, ""candidate_after_max_hold"": 1, ""lifecycle_without_exit_replay"": 515, ""no_candidate"": 74, ""none"": 2748, ""not_active_exit_eligible"": 1, ""stale_data_no_action"": 8}"
1000,-3000,120000,100,3079,515,2748,331,483,244,2352,-1241235,-403.1292627476453,-202.0,-987286,-320.65151023059434,-202.0,253949,82.47775251705099,0.0,92.4122998544396,0.0,872,383,1493,0.6948207171314741,1255,0.6687816392491832,145,286071,260,310101,727,313211,0,0,599282,345333,False,False,217.7,8,74,1,247,1,0,515,3079,0,0,3,"{""cut_target"": 260, ""harmful_exit"": 123, ""neutral_exit"": 1493, ""no_active_exit"": 331, ""no_exit_replay"": 515, ""saved_stop"": 145, ""timeout_improved"": 727}","{""candidate_after_baseline_exit"": 247, ""candidate_after_max_hold"": 1, ""lifecycle_without_exit_replay"": 515, ""no_candidate"": 74, ""none"": 2748, ""not_active_exit_eligible"": 1, ""stale_data_no_action"": 8}"
1000,-3000,120000,150,3079,515,2748,331,483,244,2352,-1395185,-453.1292627476453,-252.0,-1141236,-370.65151023059434,-252.0,253949,82.47775251705099,0.0,92.4122998544396,0.0,872,383,1493,0.6948207171314741,1255,0.6687816392491832,145,286071,260,310101,727,313211,0,0,599282,345333,False,False,217.7,8,74,1,247,1,0,515,3079,0,0,3,"{""cut_target"": 260, ""harmful_exit"": 123, ""neutral_exit"": 1493, ""no_active_exit"": 331, ""no_exit_replay"": 515, ""saved_stop"": 145, ""timeout_improved"": 727}","{""candidate_after_baseline_exit"": 247, ""candidate_after_max_hold"": 1, ""lifecycle_without_exit_replay"": 515, ""no_candidate"": 74, ""none"": 2748, ""not_active_exit_eligible"": 1, ""stale_data_no_action"": 8}"
1000,-3000,120000,200,3079,515,2748,331,483,244,2352,-1549135,-503.1292627476453,-302.0,-1295186,-420.65151023059434,-302.0,253949,82.47775251705099,0.0,92.4122998544396,0.0,872,383,1493,0.6948207171314741,1255,0.6687816392491832,145,286071,260,310101,727,313211,0,0,599282,345333,False,False,217.7,8,74,1,247,1,0,515,3079,0,0,3,"{""cut_target"": 260, ""harmful_exit"": 123, ""neutral_exit"": 1493, ""no_active_exit"": 331, ""no_exit_replay"": 515, ""saved_stop"": 145, ""timeout_improved"": 727}","{""candidate_after_baseline_exit"": 247, ""candidate_after_max_hold"": 1, ""lifecycle_without_exit_replay"": 515, ""no_candidate"": 74, ""none"": 2748, ""not_active_exit_eligible"": 1, ""stale_data_no_action"": 8}"
1000,-5000,30000,0,3079,515,2783,296,321,65,2693,-927549,-301.2500811951932,-102.0,-767183,-249.16628775576487,-102.0,160366,52.08379343942838,0.0,57.623427955443766,0.0,481,301,2001,0.6150895140664961,782,0.5805026305351699,31,87626,98,121161,450,272665,0,0,360291,199925,False,False,76.0,8,74,1,128,85,0,515,3079,0,0,3,"{""cut_target"": 98, ""harmful_exit"": 203, ""neutral_exit"": 2001, ""no_active_exit"": 296, ""no_exit_replay"": 515, ""saved_stop"": 31, ""timeout_improved"": 450}","{""candidate_after_baseline_exit"": 128, ""candidate_after_max_hold"": 85, ""lifecycle_without_exit_replay"": 515, ""no_candidate"": 74, ""none"": 2783, ""not_active_exit_eligible"": 1, ""stale_data_no_action"": 8}"
1000,-5000,30000,50,3079,515,2783,296,321,65,2693,-1081499,-351.2500811951932,-152.0,-921133,-299.16628775576487,-152.0,160366,52.08379343942838,0.0,57.623427955443766,0.0,481,301,2001,0.6150895140664961,782,0.5805026305351699,31,87626,98,121161,450,272665,0,0,360291,199925,False,False,76.0,8,74,1,128,85,0,515,3079,0,0,3,"{""cut_target"": 98, ""harmful_exit"": 203, ""neutral_exit"": 2001, ""no_active_exit"": 296, ""no_exit_replay"": 515, ""saved_stop"": 31, ""timeout_improved"": 450}","{""candidate_after_baseline_exit"": 128, ""candidate_after_max_hold"": 85, ""lifecycle_without_exit_replay"": 515, ""no_candidate"": 74, ""none"": 2783, ""not_active_exit_eligible"": 1, ""stale_data_no_action"": 8}"
1000,-5000,30000,100,3079,515,2783,296,321,65,2693,-1235449,-401.2500811951932,-202.0,-1075083,-349.16628775576487,-202.0,160366,52.08379343942838,0.0,57.623427955443766,0.0,481,301,2001,0.6150895140664961,782,0.5805026305351699,31,87626,98,121161,450,272665,0,0,360291,199925,False,False,76.0,8,74,1,128,85,0,515,3079,0,0,3,"{""cut_target"": 98, ""harmful_exit"": 203, ""neutral_exit"": 2001, ""no_active_exit"": 296, ""no_exit_replay"": 515, ""saved_stop"": 31, ""timeout_improved"": 450}","{""candidate_after_baseline_exit"": 128, ""candidate_after_max_hold"": 85, ""lifecycle_without_exit_replay"": 515, ""no_candidate"": 74, ""none"": 2783, ""not_active_exit_eligible"": 1, ""stale_data_no_action"": 8}"
1000,-5000,30000,150,3079,515,2783,296,321,65,2693,-1389399,-451.2500811951932,-252.0,-1229033,-399.16628775576487,-252.0,160366,52.08379343942838,0.0,57.623427955443766,0.0,481,301,2001,0.6150895140664961,782,0.5805026305351699,31,87626,98,121161,450,272665,0,0,360291,199925,False,False,76.0,8,74,1,128,85,0,515,3079,0,0,3,"{""cut_target"": 98, ""harmful_exit"": 203, ""neutral_exit"": 2001, ""no_active_exit"": 296, ""no_exit_replay"": 515, ""saved_stop"": 31, ""timeout_improved"": 450}","{""candidate_after_baseline_exit"": 128, ""candidate_after_max_hold"": 85, ""lifecycle_without_exit_replay"": 515, ""no_candidate"": 74, ""none"": 2783, ""not_active_exit_eligible"": 1, ""stale_data_no_action"": 8}"
1000,-5000,30000,200,3079,515,2783,296,321,65,2693,-1543349,-501.2500811951932,-302.0,-1382983,-449.16628775576487,-302.0,160366,52.08379343942838,0.0,57.623427955443766,0.0,481,301,2001,0.6150895140664961,782,0.5805026305351699,31,87626,98,121161,450,272665,0,0,360291,199925,False,False,76.0,8,74,1,128,85,0,515,3079,0,0,3,"{""cut_target"": 98, ""harmful_exit"": 203, ""neutral_exit"": 2001, ""no_active_exit"": 296, ""no_exit_replay"": 515, ""saved_stop"": 31, ""timeout_improved"": 450}","{""candidate_after_baseline_exit"": 128, ""candidate_after_max_hold"": 85, ""lifecycle_without_exit_replay"": 515, ""no_candidate"": 74, ""none"": 2783, ""not_active_exit_eligible"": 1, ""stale_data_no_action"": 8}"
1000,-5000,60000,0,3079,515,2804,275,427,96,2556,-1039175,-337.50405975966225,-102.0,-771441,-250.5492042871062,-102.0,267734,86.95485547255602,0.0,95.48288159771755,0.0,669,394,1741,0.6293508936970837,1063,0.5998995408825388,60,176791,197,248857,609,407449,0,0,584240,316506,False,False,120.9,8,74,1,182,10,0,515,3079,0,0,3,"{""cut_target"": 197, ""harmful_exit"": 197, ""neutral_exit"": 1741, ""no_active_exit"": 275, ""no_exit_replay"": 515, ""saved_stop"": 60, ""timeout_improved"": 609}","{""candidate_after_baseline_exit"": 182, ""candidate_after_max_hold"": 10, ""lifecycle_without_exit_replay"": 515, ""no_candidate"": 74, ""none"": 2804, ""not_active_exit_eligible"": 1, ""stale_data_no_action"": 8}"
1000,-5000,60000,50,3079,515,2804,275,427,96,2556,-1193125,-387.50405975966225,-152.0,-925391,-300.5492042871062,-152.0,267734,86.95485547255602,0.0,95.48288159771755,0.0,669,394,1741,0.6293508936970837,1063,0.5998995408825388,60,176791,197,248857,609,407449,0,0,584240,316506,False,False,120.9,8,74,1,182,10,0,515,3079,0,0,3,"{""cut_target"": 197, ""harmful_exit"": 197, ""neutral_exit"": 1741, ""no_active_exit"": 275, ""no_exit_replay"": 515, ""saved_stop"": 60, ""timeout_improved"": 609}","{""candidate_after_baseline_exit"": 182, ""candidate_after_max_hold"": 10, ""lifecycle_without_exit_replay"": 515, ""no_candidate"": 74, ""none"": 2804, ""not_active_exit_eligible"": 1, ""stale_data_no_action"": 8}"
1000,-5000,60000,100,3079,515,2804,275,427,96,2556,-1347075,-437.50405975966225,-202.0,-1079341,-350.5492042871062,-202.0,267734,86.95485547255602,0.0,95.48288159771755,0.0,669,394,1741,0.6293508936970837,1063,0.5998995408825388,60,176791,197,248857,609,407449,0,0,584240,316506,False,False,120.9,8,74,1,182,10,0,515,3079,0,0,3,"{""cut_target"": 197, ""harmful_exit"": 197, ""neutral_exit"": 1741, ""no_active_exit"": 275, ""no_exit_replay"": 515, ""saved_stop"": 60, ""timeout_improved"": 609}","{""candidate_after_baseline_exit"": 182, ""candidate_after_max_hold"": 10, ""lifecycle_without_exit_replay"": 515, ""no_candidate"": 74, ""none"": 2804, ""not_active_exit_eligible"": 1, ""stale_data_no_action"": 8}"
1000,-5000,60000,150,3079,515,2804,275,427,96,2556,-1501025,-487.50405975966225,-252.0,-1233291,-400.5492042871062,-252.0,267734,86.95485547255602,0.0,95.48288159771755,0.0,669,394,1741,0.6293508936970837,1063,0.5998995408825388,60,176791,197,248857,609,407449,0,0,584240,316506,False,False,120.9,8,74,1,182,10,0,515,3079,0,0,3,"{""cut_target"": 197, ""harmful_exit"": 197, ""neutral_exit"": 1741, ""no_active_exit"": 275, ""no_exit_replay"": 515, ""saved_stop"": 60, ""timeout_improved"": 609}","{""candidate_after_baseline_exit"": 182, ""candidate_after_max_hold"": 10, ""lifecycle_without_exit_replay"": 515, ""no_candidate"": 74, ""none"": 2804, ""not_active_exit_eligible"": 1, ""stale_data_no_action"": 8}"
1000,-5000,60000,200,3079,515,2804,275,427,96,2556,-1654975,-537.5040597596623,-302.0,-1387241,-450.5492042871062,-302.0,267734,86.95485547255602,0.0,95.48288159771755,0.0,669,394,1741,0.6293508936970837,1063,0.5998995408825388,60,176791,197,248857,609,407449,0,0,584240,316506,False,False,120.9,8,74,1,182,10,0,515,3079,0,0,3,"{""cut_target"": 197, ""harmful_exit"": 197, ""neutral_exit"": 1741, ""no_active_exit"": 275, ""no_exit_replay"": 515, ""saved_stop"": 60, ""timeout_improved"": 609}","{""candidate_after_baseline_exit"": 182, ""candidate_after_max_hold"": 10, ""lifecycle_without_exit_replay"": 515, ""no_candidate"": 74, ""none"": 2804, ""not_active_exit_eligible"": 1, ""stale_data_no_action"": 8}"
1000,-5000,120000,0,3079,515,2804,275,497,116,2466,-1180285,-383.3338746346216,-102.0,-770818,-250.34686586554076,-102.0,409467,132.98700876908086,0.0,146.0296005706134,0.0,908,396,1500,0.696319018404908,1304,0.6708136770050653,80,251231,267,334101,828,531100,0,0,782331,372864,False,False,162.8,8,74,1,191,1,0,515,3079,0,0,3,"{""cut_target"": 267, ""harmful_exit"": 129, ""neutral_exit"": 1500, ""no_active_exit"": 275, ""no_exit_replay"": 515, ""saved_stop"": 80, ""timeout_improved"": 828}","{""candidate_after_baseline_exit"": 191, ""candidate_after_max_hold"": 1, ""lifecycle_without_exit_replay"": 515, ""no_candidate"": 74, ""none"": 2804, ""not_active_exit_eligible"": 1, ""stale_data_no_action"": 8}"
1000,-5000,120000,50,3079,515,2804,275,497,116,2466,-1334235,-433.3338746346216,-152.0,-924768,-300.34686586554074,-152.0,409467,132.98700876908086,0.0,146.0296005706134,0.0,908,396,1500,0.696319018404908,1304,0.6708136770050653,80,251231,267,334101,828,531100,0,0,782331,372864,False,False,162.8,8,74,1,191,1,0,515,3079,0,0,3,"{""cut_target"": 267, ""harmful_exit"": 129, ""neutral_exit"": 1500, ""no_active_exit"": 275, ""no_exit_replay"": 515, ""saved_stop"": 80, ""timeout_improved"": 828}","{""candidate_after_baseline_exit"": 191, ""candidate_after_max_hold"": 1, ""lifecycle_without_exit_replay"": 515, ""no_candidate"": 74, ""none"": 2804, ""not_active_exit_eligible"": 1, ""stale_data_no_action"": 8}"
1000,-5000,120000,100,3079,515,2804,275,497,116,2466,-1488185,-483.3338746346216,-202.0,-1078718,-350.34686586554074,-202.0,409467,132.98700876908086,0.0,146.0296005706134,0.0,908,396,1500,0.696319018404908,1304,0.6708136770050653,80,251231,267,334101,828,531100,0,0,782331,372864,False,False,162.8,8,74,1,191,1,0,515,3079,0,0,3,"{""cut_target"": 267, ""harmful_exit"": 129, ""neutral_exit"": 1500, ""no_active_exit"": 275, ""no_exit_replay"": 515, ""saved_stop"": 80, ""timeout_improved"": 828}","{""candidate_after_baseline_exit"": 191, ""candidate_after_max_hold"": 1, ""lifecycle_without_exit_replay"": 515, ""no_candidate"": 74, ""none"": 2804, ""not_active_exit_eligible"": 1, ""stale_data_no_action"": 8}"
1000,-5000,120000,150,3079,515,2804,275,497,116,2466,-1642135,-533.3338746346217,-252.0,-1232668,-400.34686586554074,-252.0,409467,132.98700876908086,0.0,146.0296005706134,0.0,908,396,1500,0.696319018404908,1304,0.6708136770050653,80,251231,267,334101,828,531100,0,0,782331,372864,False,False,162.8,8,74,1,191,1,0,515,3079,0,0,3,"{""cut_target"": 267, ""harmful_exit"": 129, ""neutral_exit"": 1500, ""no_active_exit"": 275, ""no_exit_replay"": 515, ""saved_stop"": 80, ""timeout_improved"": 828}","{""candidate_after_baseline_exit"": 191, ""candidate_after_max_hold"": 1, ""lifecycle_without_exit_replay"": 515, ""no_candidate"": 74, ""none"": 2804, ""not_active_exit_eligible"": 1, ""stale_data_no_action"": 8}"
1000,-5000,120000,200,3079,515,2804,275,497,116,2466,-1796085,-583.3338746346217,-302.0,-1386618,-450.34686586554074,-302.0,409467,132.98700876908086,0.0,146.0296005706134,0.0,908,396,1500,0.696319018404908,1304,0.6708136770050653,80,251231,267,334101,828,531100,0,0,782331,372864,False,False,162.8,8,74,1,191,1,0,515,3079,0,0,3,"{""cut_target"": 267, ""harmful_exit"": 129, ""neutral_exit"": 1500, ""no_active_exit"": 275, ""no_exit_replay"": 515, ""saved_stop"": 80, ""timeout_improved"": 828}","{""candidate_after_baseline_exit"": 191, ""candidate_after_max_hold"": 1, ""lifecycle_without_exit_replay"": 515, ""no_candidate"": 74, ""none"": 2804, ""not_active_exit_eligible"": 1, ""stale_data_no_action"": 8}"
1000,-6000,30000,0,3079,515,2794,285,321,34,2724,-958931,-311.44235141279637,-102.0,-787717,-255.83533614810003,-102.0,171214,55.60701526469633,0.0,61.27916964924839,0.0,488,305,2001,0.6153846153846154,793,0.581044628562001,13,39017,98,121161,475,336482,0,0,375499,204285,False,False,60.5,8,74,1,117,85,0,515,3079,0,0,3,"{""cut_target"": 98, ""harmful_exit"": 207, ""neutral_exit"": 2001, ""no_active_exit"": 285, ""no_exit_replay"": 515, ""saved_stop"": 13, ""timeout_improved"": 475}","{""candidate_after_baseline_exit"": 117, ""candidate_after_max_hold"": 85, ""lifecycle_without_exit_replay"": 515, ""no_candidate"": 74, ""none"": 2794, ""not_active_exit_eligible"": 1, ""stale_data_no_action"": 8}"
1000,-6000,30000,50,3079,515,2794,285,321,34,2724,-1112881,-361.44235141279637,-152.0,-941667,-305.83533614810005,-152.0,171214,55.60701526469633,0.0,61.27916964924839,0.0,488,305,2001,0.6153846153846154,793,0.581044628562001,13,39017,98,121161,475,336482,0,0,375499,204285,False,False,60.5,8,74,1,117,85,0,515,3079,0,0,3,"{""cut_target"": 98, ""harmful_exit"": 207, ""neutral_exit"": 2001, ""no_active_exit"": 285, ""no_exit_replay"": 515, ""saved_stop"": 13, ""timeout_improved"": 475}","{""candidate_after_baseline_exit"": 117, ""candidate_after_max_hold"": 85, ""lifecycle_without_exit_replay"": 515, ""no_candidate"": 74, ""none"": 2794, ""not_active_exit_eligible"": 1, ""stale_data_no_action"": 8}"
1000,-6000,30000,100,3079,515,2794,285,321,34,2724,-1266831,-411.44235141279637,-202.0,-1095617,-355.83533614810005,-202.0,171214,55.60701526469633,0.0,61.27916964924839,0.0,488,305,2001,0.6153846153846154,793,0.581044628562001,13,39017,98,121161,475,336482,0,0,375499,204285,False,False,60.5,8,74,1,117,85,0,515,3079,0,0,3,"{""cut_target"": 98, ""harmful_exit"": 207, ""neutral_exit"": 2001, ""no_active_exit"": 285, ""no_exit_replay"": 515, ""saved_stop"": 13, ""timeout_improved"": 475}","{""candidate_after_baseline_exit"": 117, ""candidate_after_max_hold"": 85, ""lifecycle_without_exit_replay"": 515, ""no_candidate"": 74, ""none"": 2794, ""not_active_exit_eligible"": 1, ""stale_data_no_action"": 8}"
1000,-6000,30000,150,3079,515,2794,285,321,34,2724,-1420781,-461.44235141279637,-252.0,-1249567,-405.83533614810005,-252.0,171214,55.60701526469633,0.0,61.27916964924839,0.0,488,305,2001,0.6153846153846154,793,0.581044628562001,13,39017,98,121161,475,336482,0,0,375499,204285,False,False,60.5,8,74,1,117,85,0,515,3079,0,0,3,"{""cut_target"": 98, ""harmful_exit"": 207, ""neutral_exit"": 2001, ""no_active_exit"": 285, ""no_exit_replay"": 515, ""saved_stop"": 13, ""timeout_improved"": 475}","{""candidate_after_baseline_exit"": 117, ""candidate_after_max_hold"": 85, ""lifecycle_without_exit_replay"": 515, ""no_candidate"": 74, ""none"": 2794, ""not_active_exit_eligible"": 1, ""stale_data_no_action"": 8}"
1000,-6000,30000,200,3079,515,2794,285,321,34,2724,-1574731,-511.44235141279637,-302.0,-1403517,-455.83533614810005,-302.0,171214,55.60701526469633,0.0,61.27916964924839,0.0,488,305,2001,0.6153846153846154,793,0.581044628562001,13,39017,98,121161,475,336482,0,0,375499,204285,False,False,60.5,8,74,1,117,85,0,515,3079,0,0,3,"{""cut_target"": 98, ""harmful_exit"": 207, ""neutral_exit"": 2001, ""no_active_exit"": 285, ""no_exit_replay"": 515, ""saved_stop"": 13, ""timeout_improved"": 475}","{""candidate_after_baseline_exit"": 117, ""candidate_after_max_hold"": 85, ""lifecycle_without_exit_replay"": 515, ""no_candidate"": 74, ""none"": 2794, ""not_active_exit_eligible"": 1, ""stale_data_no_action"": 8}"
1000,-6000,60000,0,3079,515,2817,262,428,53,2598,-1086675,-352.9311464761286,-102.0,-791510,-257.0672296200065,-102.0,295165,95.86391685612212,0.0,104.77990770323039,0.0,677,399,1741,0.629182156133829,1076,0.5999093762504825,31,113744,197,248857,646,505265,0,0,619009,323844,False,False,95.60000000000001,8,74,1,169,10,0,515,3079,0,0,3,"{""cut_target"": 197, ""harmful_exit"": 202, ""neutral_exit"": 1741, ""no_active_exit"": 262, ""no_exit_replay"": 515, ""saved_stop"": 31, ""timeout_improved"": 646}","{""candidate_after_baseline_exit"": 169, ""candidate_after_max_hold"": 10, ""lifecycle_without_exit_replay"": 515, ""no_candidate"": 74, ""none"": 2817, ""not_active_exit_eligible"": 1, ""stale_data_no_action"": 8}"
1000,-6000,60000,50,3079,515,2817,262,428,53,2598,-1240625,-402.9311464761286,-152.0,-945460,-307.0672296200065,-152.0,295165,95.86391685612212,0.0,104.77990770323039,0.0,677,399,1741,0.629182156133829,1076,0.5999093762504825,31,113744,197,248857,646,505265,0,0,619009,323844,False,False,95.60000000000001,8,74,1,169,10,0,515,3079,0,0,3,"{""cut_target"": 197, ""harmful_exit"": 202, ""neutral_exit"": 1741, ""no_active_exit"": 262, ""no_exit_replay"": 515, ""saved_stop"": 31, ""timeout_improved"": 646}","{""candidate_after_baseline_exit"": 169, ""candidate_after_max_hold"": 10, ""lifecycle_without_exit_replay"": 515, ""no_candidate"": 74, ""none"": 2817, ""not_active_exit_eligible"": 1, ""stale_data_no_action"": 8}"
1000,-6000,60000,100,3079,515,2817,262,428,53,2598,-1394575,-452.9311464761286,-202.0,-1099410,-357.0672296200065,-202.0,295165,95.86391685612212,0.0,104.77990770323039,0.0,677,399,1741,0.629182156133829,1076,0.5999093762504825,31,113744,197,248857,646,505265,0,0,619009,323844,False,False,95.60000000000001,8,74,1,169,10,0,515,3079,0,0,3,"{""cut_target"": 197, ""harmful_exit"": 202, ""neutral_exit"": 1741, ""no_active_exit"": 262, ""no_exit_replay"": 515, ""saved_stop"": 31, ""timeout_improved"": 646}","{""candidate_after_baseline_exit"": 169, ""candidate_after_max_hold"": 10, ""lifecycle_without_exit_replay"": 515, ""no_candidate"": 74, ""none"": 2817, ""not_active_exit_eligible"": 1, ""stale_data_no_action"": 8}"
1000,-6000,60000,150,3079,515,2817,262,428,53,2598,-1548525,-502.9311464761286,-252.0,-1253360,-407.0672296200065,-252.0,295165,95.86391685612212,0.0,104.77990770323039,0.0,677,399,1741,0.629182156133829,1076,0.5999093762504825,31,113744,197,248857,646,505265,0,0,619009,323844,False,False,95.60000000000001,8,74,1,169,10,0,515,3079,0,0,3,"{""cut_target"": 197, ""harmful_exit"": 202, ""neutral_exit"": 1741, ""no_active_exit"": 262, ""no_exit_replay"": 515, ""saved_stop"": 31, ""timeout_improved"": 646}","{""candidate_after_baseline_exit"": 169, ""candidate_after_max_hold"": 10, ""lifecycle_without_exit_replay"": 515, ""no_candidate"": 74, ""none"": 2817, ""not_active_exit_eligible"": 1, ""stale_data_no_action"": 8}"
1000,-6000,60000,200,3079,515,2817,262,428,53,2598,-1702475,-552.9311464761286,-302.0,-1407310,-457.0672296200065,-302.0,295165,95.86391685612212,0.0,104.77990770323039,0.0,677,399,1741,0.629182156133829,1076,0.5999093762504825,31,113744,197,248857,646,505265,0,0,619009,323844,False,False,95.60000000000001,8,74,1,169,10,0,515,3079,0,0,3,"{""cut_target"": 197, ""harmful_exit"": 202, ""neutral_exit"": 1741, ""no_active_exit"": 262, ""no_exit_replay"": 515, ""saved_stop"": 31, ""timeout_improved"": 646}","{""candidate_after_baseline_exit"": 169, ""candidate_after_max_hold"": 10, ""lifecycle_without_exit_replay"": 515, ""no_candidate"": 74, ""none"": 2817, ""not_active_exit_eligible"": 1, ""stale_data_no_action"": 8}"
1000,-6000,120000,0,3079,515,2817,262,500,68,2511,-1225637,-398.06333225073075,-102.0,-790887,-256.86489119844106,-102.0,434750,141.1984410522897,0.0,154.3308484203053,0.0,913,404,1500,0.6932422171602126,1317,0.6678045828595424,46,179443,269,341430,867,641894,0,0,821337,386587,False,False,132.7,8,74,1,178,1,0,515,3079,0,0,3,"{""cut_target"": 269, ""harmful_exit"": 135, ""neutral_exit"": 1500, ""no_active_exit"": 262, ""no_exit_replay"": 515, ""saved_stop"": 46, ""timeout_improved"": 867}","{""candidate_after_baseline_exit"": 178, ""candidate_after_max_hold"": 1, ""lifecycle_without_exit_replay"": 515, ""no_candidate"": 74, ""none"": 2817, ""not_active_exit_eligible"": 1, ""stale_data_no_action"": 8}"
1000,-6000,120000,50,3079,515,2817,262,500,68,2511,-1379587,-448.06333225073075,-152.0,-944837,-306.86489119844106,-152.0,434750,141.1984410522897,0.0,154.3308484203053,0.0,913,404,1500,0.6932422171602126,1317,0.6678045828595424,46,179443,269,341430,867,641894,0,0,821337,386587,False,False,132.7,8,74,1,178,1,0,515,3079,0,0,3,"{""cut_target"": 269, ""harmful_exit"": 135, ""neutral_exit"": 1500, ""no_active_exit"": 262, ""no_exit_replay"": 515, ""saved_stop"": 46, ""timeout_improved"": 867}","{""candidate_after_baseline_exit"": 178, ""candidate_after_max_hold"": 1, ""lifecycle_without_exit_replay"": 515, ""no_candidate"": 74, ""none"": 2817, ""not_active_exit_eligible"": 1, ""stale_data_no_action"": 8}"
1000,-6000,120000,100,3079,515,2817,262,500,68,2511,-1533537,-498.06333225073075,-202.0,-1098787,-356.86489119844106,-202.0,434750,141.1984410522897,0.0,154.3308484203053,0.0,913,404,1500,0.6932422171602126,1317,0.6678045828595424,46,179443,269,341430,867,641894,0,0,821337,386587,False,False,132.7,8,74,1,178,1,0,515,3079,0,0,3,"{""cut_target"": 269, ""harmful_exit"": 135, ""neutral_exit"": 1500, ""no_active_exit"": 262, ""no_exit_replay"": 515, ""saved_stop"": 46, ""timeout_improved"": 867}","{""candidate_after_baseline_exit"": 178, ""candidate_after_max_hold"": 1, ""lifecycle_without_exit_replay"": 515, ""no_candidate"": 74, ""none"": 2817, ""not_active_exit_eligible"": 1, ""stale_data_no_action"": 8}"
1000,-6000,120000,150,3079,515,2817,262,500,68,2511,-1687487,-548.0633322507308,-252.0,-1252737,-406.86489119844106,-252.0,434750,141.1984410522897,0.0,154.3308484203053,0.0,913,404,1500,0.6932422171602126,1317,0.6678045828595424,46,179443,269,341430,867,641894,0,0,821337,386587,False,False,132.7,8,74,1,178,1,0,515,3079,0,0,3,"{""cut_target"": 269, ""harmful_exit"": 135, ""neutral_exit"": 1500, ""no_active_exit"": 262, ""no_exit_replay"": 515, ""saved_stop"": 46, ""timeout_improved"": 867}","{""candidate_after_baseline_exit"": 178, ""candidate_after_max_hold"": 1, ""lifecycle_without_exit_replay"": 515, ""no_candidate"": 74, ""none"": 2817, ""not_active_exit_eligible"": 1, ""stale_data_no_action"": 8}"
1000,-6000,120000,200,3079,515,2817,262,500,68,2511,-1841437,-598.0633322507308,-302.0,-1406687,-456.86489119844106,-302.0,434750,141.1984410522897,0.0,154.3308484203053,0.0,913,404,1500,0.6932422171602126,1317,0.6678045828595424,46,179443,269,341430,867,641894,0,0,821337,386587,False,False,132.7,8,74,1,178,1,0,515,3079,0,0,3,"{""cut_target"": 269, ""harmful_exit"": 135, ""neutral_exit"": 1500, ""no_active_exit"": 262, ""no_exit_replay"": 515, ""saved_stop"": 46, ""timeout_improved"": 867}","{""candidate_after_baseline_exit"": 178, ""candidate_after_max_hold"": 1, ""lifecycle_without_exit_replay"": 515, ""no_candidate"": 74, ""none"": 2817, ""not_active_exit_eligible"": 1, ""stale_data_no_action"": 8}"
1500,-200,30000,0,3079,515,2352,727,172,808,2099,-51606,-16.760636570315036,-102.0,-87137,-28.300422215004872,-102.0,-35531,-11.539785644689834,0.0,-15.10671768707483,0.0,321,181,1850,0.6394422310756972,502,0.5965262892687515,214,43923,55,56863,107,11637,0,0,55560,91091,False,True,224.7,8,74,1,559,85,0,515,3079,0,0,3,"{""cut_target"": 55, ""harmful_exit"": 126, ""neutral_exit"": 1850, ""no_active_exit"": 727, ""no_exit_replay"": 515, ""saved_stop"": 214, ""timeout_improved"": 107}","{""candidate_after_baseline_exit"": 559, ""candidate_after_max_hold"": 85, ""lifecycle_without_exit_replay"": 515, ""no_candidate"": 74, ""none"": 2352, ""not_active_exit_eligible"": 1, ""stale_data_no_action"": 8}"
1500,-200,30000,50,3079,515,2352,727,172,808,2099,-205556,-66.76063657031504,-152.0,-241087,-78.30042221500487,-152.0,-35531,-11.539785644689834,0.0,-15.10671768707483,0.0,321,181,1850,0.6394422310756972,502,0.5965262892687515,214,43923,55,56863,107,11637,0,0,55560,91091,False,True,224.7,8,74,1,559,85,0,515,3079,0,0,3,"{""cut_target"": 55, ""harmful_exit"": 126, ""neutral_exit"": 1850, ""no_active_exit"": 727, ""no_exit_replay"": 515, ""saved_stop"": 214, ""timeout_improved"": 107}","{""candidate_after_baseline_exit"": 559, ""candidate_after_max_hold"": 85, ""lifecycle_without_exit_replay"": 515, ""no_candidate"": 74, ""none"": 2352, ""not_active_exit_eligible"": 1, ""stale_data_no_action"": 8}"
1500,-200,30000,100,3079,515,2352,727,172,808,2099,-359506,-116.76063657031504,-202.0,-395037,-128.30042221500486,-202.0,-35531,-11.539785644689834,0.0,-15.10671768707483,0.0,321,181,1850,0.6394422310756972,502,0.5965262892687515,214,43923,55,56863,107,11637,0,0,55560,91091,False,True,224.7,8,74,1,559,85,0,515,3079,0,0,3,"{""cut_target"": 55, ""harmful_exit"": 126, ""neutral_exit"": 1850, ""no_active_exit"": 727, ""no_exit_replay"": 515, ""saved_stop"": 214, ""timeout_improved"": 107}","{""candidate_after_baseline_exit"": 559, ""candidate_after_max_hold"": 85, ""lifecycle_without_exit_replay"": 515, ""no_candidate"": 74, ""none"": 2352, ""not_active_exit_eligible"": 1, ""stale_data_no_action"": 8}"
1500,-200,30000,150,3079,515,2352,727,172,808,2099,-513456,-166.76063657031503,-252.0,-548987,-178.30042221500486,-252.0,-35531,-11.539785644689834,0.0,-15.10671768707483,0.0,321,181,1850,0.6394422310756972,502,0.5965262892687515,214,43923,55,56863,107,11637,0,0,55560,91091,False,True,224.7,8,74,1,559,85,0,515,3079,0,0,3,"{""cut_target"": 55, ""harmful_exit"": 126, ""neutral_exit"": 1850, ""no_active_exit"": 727, ""no_exit_replay"": 515, ""saved_stop"": 214, ""timeout_improved"": 107}","{""candidate_after_baseline_exit"": 559, ""candidate_after_max_hold"": 85, ""lifecycle_without_exit_replay"": 515, ""no_candidate"": 74, ""none"": 2352, ""not_active_exit_eligible"": 1, ""stale_data_no_action"": 8}"
1500,-200,30000,200,3079,515,2352,727,172,808,2099,-667406,-216.76063657031503,-302.0,-702937,-228.30042221500486,-302.0,-35531,-11.539785644689834,0.0,-15.10671768707483,0.0,321,181,1850,0.6394422310756972,502,0.5965262892687515,214,43923,55,56863,107,11637,0,0,55560,91091,False,True,224.7,8,74,1,559,85,0,515,3079,0,0,3,"{""cut_target"": 55, ""harmful_exit"": 126, ""neutral_exit"": 1850, ""no_active_exit"": 727, ""no_exit_replay"": 515, ""saved_stop"": 214, ""timeout_improved"": 107}","{""candidate_after_baseline_exit"": 559, ""candidate_after_max_hold"": 85, ""lifecycle_without_exit_replay"": 515, ""no_candidate"": 74, ""none"": 2352, ""not_active_exit_eligible"": 1, ""stale_data_no_action"": 8}"
1500,-200,60000,0,3079,515,2358,721,209,928,1942,-10101,-3.2806105878531993,-102.0,-87178,-28.31373822669698,-102.0,-77077,-25.03312763884378,0.0,-32.687446988973704,0.0,499,237,1622,0.6779891304347826,736,0.6433836551915412,333,64443,91,100304,166,8963,0,0,73406,150483,False,True,349.6,8,74,1,628,10,0,515,3079,0,0,3,"{""cut_target"": 91, ""harmful_exit"": 146, ""neutral_exit"": 1622, ""no_active_exit"": 721, ""no_exit_replay"": 515, ""saved_stop"": 333, ""timeout_improved"": 166}","{""candidate_after_baseline_exit"": 628, ""candidate_after_max_hold"": 10, ""lifecycle_without_exit_replay"": 515, ""no_candidate"": 74, ""none"": 2358, ""not_active_exit_eligible"": 1, ""stale_data_no_action"": 8}"
1500,-200,60000,50,3079,515,2358,721,209,928,1942,-164051,-53.2806105878532,-152.0,-241128,-78.31373822669698,-152.0,-77077,-25.03312763884378,0.0,-32.687446988973704,0.0,499,237,1622,0.6779891304347826,736,0.6433836551915412,333,64443,91,100304,166,8963,0,0,73406,150483,False,True,349.6,8,74,1,628,10,0,515,3079,0,0,3,"{""cut_target"": 91, ""harmful_exit"": 146, ""neutral_exit"": 1622, ""no_active_exit"": 721, ""no_exit_replay"": 515, ""saved_stop"": 333, ""timeout_improved"": 166}","{""candidate_after_baseline_exit"": 628, ""candidate_after_max_hold"": 10, ""lifecycle_without_exit_replay"": 515, ""no_candidate"": 74, ""none"": 2358, ""not_active_exit_eligible"": 1, ""stale_data_no_action"": 8}"
1500,-200,60000,100,3079,515,2358,721,209,928,1942,-318001,-103.2806105878532,-202.0,-395078,-128.31373822669698,-202.0,-77077,-25.03312763884378,0.0,-32.687446988973704,0.0,499,237,1622,0.6779891304347826,736,0.6433836551915412,333,64443,91,100304,166,8963,0,0,73406,150483,False,True,349.6,8,74,1,628,10,0,515,3079,0,0,3,"{""cut_target"": 91, ""harmful_exit"": 146, ""neutral_exit"": 1622, ""no_active_exit"": 721, ""no_exit_replay"": 515, ""saved_stop"": 333, ""timeout_improved"": 166}","{""candidate_after_baseline_exit"": 628, ""candidate_after_max_hold"": 10, ""lifecycle_without_exit_replay"": 515, ""no_candidate"": 74, ""none"": 2358, ""not_active_exit_eligible"": 1, ""stale_data_no_action"": 8}"
1500,-200,60000,150,3079,515,2358,721,209,928,1942,-471951,-153.2806105878532,-252.0,-549028,-178.31373822669698,-252.0,-77077,-25.03312763884378,0.0,-32.687446988973704,0.0,499,237,1622,0.6779891304347826,736,0.6433836551915412,333,64443,91,100304,166,8963,0,0,73406,150483,False,True,349.6,8,74,1,628,10,0,515,3079,0,0,3,"{""cut_target"": 91, ""harmful_exit"": 146, ""neutral_exit"": 1622, ""no_active_exit"": 721, ""no_exit_replay"": 515, ""saved_stop"": 333, ""timeout_improved"": 166}","{""candidate_after_baseline_exit"": 628, ""candidate_after_max_hold"": 10, ""lifecycle_without_exit_replay"": 515, ""no_candidate"": 74, ""none"": 2358, ""not_active_exit_eligible"": 1, ""stale_data_no_action"": 8}"
1500,-200,60000,200,3079,515,2358,721,209,928,1942,-625901,-203.2806105878532,-302.0,-702978,-228.31373822669698,-302.0,-77077,-25.03312763884378,0.0,-32.687446988973704,0.0,499,237,1622,0.6779891304347826,736,0.6433836551915412,333,64443,91,100304,166,8963,0,0,73406,150483,False,True,349.6,8,74,1,628,10,0,515,3079,0,0,3,"{""cut_target"": 91, ""harmful_exit"": 146, ""neutral_exit"": 1622, ""no_active_exit"": 721, ""no_exit_replay"": 515, ""saved_stop"": 333, ""timeout_improved"": 166}","{""candidate_after_baseline_exit"": 628, ""candidate_after_max_hold"": 10, ""lifecycle_without_exit_replay"": 515, ""no_candidate"": 74, ""none"": 2358, ""not_active_exit_eligible"": 1, ""stale_data_no_action"": 8}"
1500,-200,120000,0,3079,515,2358,721,242,1119,1718,5384,1.7486196817148425,-103.0,-87178,-28.31373822669698,-102.0,-92562,-30.062357908411823,0.0,-39.25445292620865,0.0,720,233,1405,0.7555089192025184,953,0.7272318149655598,524,87661,124,148443,196,8432,0,0,96093,188655,False,True,543.6,8,74,1,637,1,0,515,3079,0,0,3,"{""cut_target"": 124, ""harmful_exit"": 109, ""neutral_exit"": 1405, ""no_active_exit"": 721, ""no_exit_replay"": 515, ""saved_stop"": 524, ""timeout_improved"": 196}","{""candidate_after_baseline_exit"": 637, ""candidate_after_max_hold"": 1, ""lifecycle_without_exit_replay"": 515, ""no_candidate"": 74, ""none"": 2358, ""not_active_exit_eligible"": 1, ""stale_data_no_action"": 8}"
1500,-200,120000,50,3079,515,2358,721,242,1119,1718,-148566,-48.25138031828516,-153.0,-241128,-78.31373822669698,-152.0,-92562,-30.062357908411823,0.0,-39.25445292620865,0.0,720,233,1405,0.7555089192025184,953,0.7272318149655598,524,87661,124,148443,196,8432,0,0,96093,188655,False,True,543.6,8,74,1,637,1,0,515,3079,0,0,3,"{""cut_target"": 124, ""harmful_exit"": 109, ""neutral_exit"": 1405, ""no_active_exit"": 721, ""no_exit_replay"": 515, ""saved_stop"": 524, ""timeout_improved"": 196}","{""candidate_after_baseline_exit"": 637, ""candidate_after_max_hold"": 1, ""lifecycle_without_exit_replay"": 515, ""no_candidate"": 74, ""none"": 2358, ""not_active_exit_eligible"": 1, ""stale_data_no_action"": 8}"
1500,-200,120000,100,3079,515,2358,721,242,1119,1718,-302516,-98.25138031828516,-203.0,-395078,-128.31373822669698,-202.0,-92562,-30.062357908411823,0.0,-39.25445292620865,0.0,720,233,1405,0.7555089192025184,953,0.7272318149655598,524,87661,124,148443,196,8432,0,0,96093,188655,False,True,543.6,8,74,1,637,1,0,515,3079,0,0,3,"{""cut_target"": 124, ""harmful_exit"": 109, ""neutral_exit"": 1405, ""no_active_exit"": 721, ""no_exit_replay"": 515, ""saved_stop"": 524, ""timeout_improved"": 196}","{""candidate_after_baseline_exit"": 637, ""candidate_after_max_hold"": 1, ""lifecycle_without_exit_replay"": 515, ""no_candidate"": 74, ""none"": 2358, ""not_active_exit_eligible"": 1, ""stale_data_no_action"": 8}"
1500,-200,120000,150,3079,515,2358,721,242,1119,1718,-456466,-148.25138031828516,-253.0,-549028,-178.31373822669698,-252.0,-92562,-30.062357908411823,0.0,-39.25445292620865,0.0,720,233,1405,0.7555089192025184,953,0.7272318149655598,524,87661,124,148443,196,8432,0,0,96093,188655,False,True,543.6,8,74,1,637,1,0,515,3079,0,0,3,"{""cut_target"": 124, ""harmful_exit"": 109, ""neutral_exit"": 1405, ""no_active_exit"": 721, ""no_exit_replay"": 515, ""saved_stop"": 524, ""timeout_improved"": 196}","{""candidate_after_baseline_exit"": 637, ""candidate_after_max_hold"": 1, ""lifecycle_without_exit_replay"": 515, ""no_candidate"": 74, ""none"": 2358, ""not_active_exit_eligible"": 1, ""stale_data_no_action"": 8}"
1500,-200,120000,200,3079,515,2358,721,242,1119,1718,-610416,-198.25138031828516,-303.0,-702978,-228.31373822669698,-302.0,-92562,-30.062357908411823,0.0,-39.25445292620865,0.0,720,233,1405,0.7555089192025184,953,0.7272318149655598,524,87661,124,148443,196,8432,0,0,96093,188655,False,True,543.6,8,74,1,637,1,0,515,3079,0,0,3,"{""cut_target"": 124, ""harmful_exit"": 109, ""neutral_exit"": 1405, ""no_active_exit"": 721, ""no_exit_replay"": 515, ""saved_stop"": 524, ""timeout_improved"": 196}","{""candidate_after_baseline_exit"": 637, ""candidate_after_max_hold"": 1, ""lifecycle_without_exit_replay"": 515, ""no_candidate"": 74, ""none"": 2358, ""not_active_exit_eligible"": 1, ""stale_data_no_action"": 8}"
1500,-300,30000,0,3079,515,2408,671,179,717,2183,-112319,-36.479051640142906,-102.0,-139932,-45.44722312439104,-102.0,-27613,-8.968171484248133,0.0,-11.4671926910299,0.0,343,192,1873,0.6411214953271028,535,0.5996023287815484,180,54953,61,66689,163,20330,0,0,75283,102896,False,True,196.3,8,74,1,503,85,0,515,3079,0,0,2,"{""cut_target"": 61, ""harmful_exit"": 131, ""neutral_exit"": 1873, ""no_active_exit"": 671, ""no_exit_replay"": 515, ""saved_stop"": 180, ""timeout_improved"": 163}","{""candidate_after_baseline_exit"": 503, ""candidate_after_max_hold"": 85, ""lifecycle_without_exit_replay"": 515, ""no_candidate"": 74, ""none"": 2408, ""not_active_exit_eligible"": 1, ""stale_data_no_action"": 8}"
1500,-300,30000,50,3079,515,2408,671,179,717,2183,-266269,-86.4790516401429,-152.0,-293882,-95.44722312439103,-152.0,-27613,-8.968171484248133,0.0,-11.4671926910299,0.0,343,192,1873,0.6411214953271028,535,0.5996023287815484,180,54953,61,66689,163,20330,0,0,75283,102896,False,True,196.3,8,74,1,503,85,0,515,3079,0,0,2,"{""cut_target"": 61, ""harmful_exit"": 131, ""neutral_exit"": 1873, ""no_active_exit"": 671, ""no_exit_replay"": 515, ""saved_stop"": 180, ""timeout_improved"": 163}","{""candidate_after_baseline_exit"": 503, ""candidate_after_max_hold"": 85, ""lifecycle_without_exit_replay"": 515, ""no_candidate"": 74, ""none"": 2408, ""not_active_exit_eligible"": 1, ""stale_data_no_action"": 8}"
1500,-300,30000,100,3079,515,2408,671,179,717,2183,-420219,-136.4790516401429,-202.0,-447832,-145.44722312439103,-202.0,-27613,-8.968171484248133,0.0,-11.4671926910299,0.0,343,192,1873,0.6411214953271028,535,0.5996023287815484,180,54953,61,66689,163,20330,0,0,75283,102896,False,True,196.3,8,74,1,503,85,0,515,3079,0,0,2,"{""cut_target"": 61, ""harmful_exit"": 131, ""neutral_exit"": 1873, ""no_active_exit"": 671, ""no_exit_replay"": 515, ""saved_stop"": 180, ""timeout_improved"": 163}","{""candidate_after_baseline_exit"": 503, ""candidate_after_max_hold"": 85, ""lifecycle_without_exit_replay"": 515, ""no_candidate"": 74, ""none"": 2408, ""not_active_exit_eligible"": 1, ""stale_data_no_action"": 8}"
1500,-300,30000,150,3079,515,2408,671,179,717,2183,-574169,-186.4790516401429,-252.0,-601782,-195.44722312439103,-252.0,-27613,-8.968171484248133,0.0,-11.4671926910299,0.0,343,192,1873,0.6411214953271028,535,0.5996023287815484,180,54953,61,66689,163,20330,0,0,75283,102896,False,True,196.3,8,74,1,503,85,0,515,3079,0,0,2,"{""cut_target"": 61, ""harmful_exit"": 131, ""neutral_exit"": 1873, ""no_active_exit"": 671, ""no_exit_replay"": 515, ""saved_stop"": 180, ""timeout_improved"": 163}","{""candidate_after_baseline_exit"": 503, ""candidate_after_max_hold"": 85, ""lifecycle_without_exit_replay"": 515, ""no_candidate"": 74, ""none"": 2408, ""not_active_exit_eligible"": 1, ""stale_data_no_action"": 8}"
1500,-300,30000,200,3079,515,2408,671,179,717,2183,-728119,-236.4790516401429,-302.0,-755732,-245.44722312439103,-302.0,-27613,-8.968171484248133,0.0,-11.4671926910299,0.0,343,192,1873,0.6411214953271028,535,0.5996023287815484,180,54953,61,66689,163,20330,0,0,75283,102896,False,True,196.3,8,74,1,503,85,0,515,3079,0,0,2,"{""cut_target"": 61, ""harmful_exit"": 131, ""neutral_exit"": 1873, ""no_active_exit"": 671, ""no_exit_replay"": 515, ""saved_stop"": 180, ""timeout_improved"": 163}","{""candidate_after_baseline_exit"": 503, ""candidate_after_max_hold"": 85, ""lifecycle_without_exit_replay"": 515, ""no_candidate"": 74, ""none"": 2408, ""not_active_exit_eligible"": 1, ""stale_data_no_action"": 8}"
1500,-300,60000,0,3079,515,2414,665,220,825,2034,-71065,-23.0805456316986,-102.0,-140073,-45.493017213380966,-102.0,-69008,-22.412471581682365,0.0,-28.586578293289147,0.0,516,257,1641,0.6675291073738681,773,0.6335624313523995,287,84441,101,116095,229,18681,0,0,103122,172130,False,True,309.9,8,74,1,572,10,0,515,3079,0,0,3,"{""cut_target"": 101, ""harmful_exit"": 156, ""neutral_exit"": 1641, ""no_active_exit"": 665, ""no_exit_replay"": 515, ""saved_stop"": 287, ""timeout_improved"": 229}","{""candidate_after_baseline_exit"": 572, ""candidate_after_max_hold"": 10, ""lifecycle_without_exit_replay"": 515, ""no_candidate"": 74, ""none"": 2414, ""not_active_exit_eligible"": 1, ""stale_data_no_action"": 8}"
1500,-300,60000,50,3079,515,2414,665,220,825,2034,-225015,-73.0805456316986,-152.0,-294023,-95.49301721338097,-152.0,-69008,-22.412471581682365,0.0,-28.586578293289147,0.0,516,257,1641,0.6675291073738681,773,0.6335624313523995,287,84441,101,116095,229,18681,0,0,103122,172130,False,True,309.9,8,74,1,572,10,0,515,3079,0,0,3,"{""cut_target"": 101, ""harmful_exit"": 156, ""neutral_exit"": 1641, ""no_active_exit"": 665, ""no_exit_replay"": 515, ""saved_stop"": 287, ""timeout_improved"": 229}","{""candidate_after_baseline_exit"": 572, ""candidate_after_max_hold"": 10, ""lifecycle_without_exit_replay"": 515, ""no_candidate"": 74, ""none"": 2414, ""not_active_exit_eligible"": 1, ""stale_data_no_action"": 8}"
1500,-300,60000,100,3079,515,2414,665,220,825,2034,-378965,-123.0805456316986,-202.0,-447973,-145.49301721338097,-202.0,-69008,-22.412471581682365,0.0,-28.586578293289147,0.0,516,257,1641,0.6675291073738681,773,0.6335624313523995,287,84441,101,116095,229,18681,0,0,103122,172130,False,True,309.9,8,74,1,572,10,0,515,3079,0,0,3,"{""cut_target"": 101, ""harmful_exit"": 156, ""neutral_exit"": 1641, ""no_active_exit"": 665, ""no_exit_replay"": 515, ""saved_stop"": 287, ""timeout_improved"": 229}","{""candidate_after_baseline_exit"": 572, ""candidate_after_max_hold"": 10, ""lifecycle_without_exit_replay"": 515, ""no_candidate"": 74, ""none"": 2414, ""not_active_exit_eligible"": 1, ""stale_data_no_action"": 8}"
1500,-300,60000,150,3079,515,2414,665,220,825,2034,-532915,-173.0805456316986,-252.0,-601923,-195.49301721338097,-252.0,-69008,-22.412471581682365,0.0,-28.586578293289147,0.0,516,257,1641,0.6675291073738681,773,0.6335624313523995,287,84441,101,116095,229,18681,0,0,103122,172130,False,True,309.9,8,74,1,572,10,0,515,3079,0,0,3,"{""cut_target"": 101, ""harmful_exit"": 156, ""neutral_exit"": 1641, ""no_active_exit"": 665, ""no_exit_replay"": 515, ""saved_stop"": 287, ""timeout_improved"": 229}","{""candidate_after_baseline_exit"": 572, ""candidate_after_max_hold"": 10, ""lifecycle_without_exit_replay"": 515, ""no_candidate"": 74, ""none"": 2414, ""not_active_exit_eligible"": 1, ""stale_data_no_action"": 8}"
1500,-300,60000,200,3079,515,2414,665,220,825,2034,-686865,-223.0805456316986,-302.0,-755873,-245.49301721338097,-302.0,-69008,-22.412471581682365,0.0,-28.586578293289147,0.0,516,257,1641,0.6675291073738681,773,0.6335624313523995,287,84441,101,116095,229,18681,0,0,103122,172130,False,True,309.9,8,74,1,572,10,0,515,3079,0,0,3,"{""cut_target"": 101, ""harmful_exit"": 156, ""neutral_exit"": 1641, ""no_active_exit"": 665, ""no_exit_replay"": 515, ""saved_stop"": 287, ""timeout_improved"": 229}","{""candidate_after_baseline_exit"": 572, ""candidate_after_max_hold"": 10, ""lifecycle_without_exit_replay"": 515, ""no_candidate"": 74, ""none"": 2414, ""not_active_exit_eligible"": 1, ""stale_data_no_action"": 8}"
1500,-300,120000,0,3079,515,2414,665,258,968,1853,-69685,-22.63234816498863,-102.0,-140073,-45.493017213380966,-102.0,-70388,-22.860669048392335,0.0,-29.15824357912179,0.0,742,252,1420,0.7464788732394366,994,0.7185214314764322,430,118331,139,171895,312,24394,0,0,142725,213113,False,True,461.2,8,74,1,581,1,0,515,3079,0,0,3,"{""cut_target"": 139, ""harmful_exit"": 113, ""neutral_exit"": 1420, ""no_active_exit"": 665, ""no_exit_replay"": 515, ""saved_stop"": 430, ""timeout_improved"": 312}","{""candidate_after_baseline_exit"": 581, ""candidate_after_max_hold"": 1, ""lifecycle_without_exit_replay"": 515, ""no_candidate"": 74, ""none"": 2414, ""not_active_exit_eligible"": 1, ""stale_data_no_action"": 8}"
1500,-300,120000,50,3079,515,2414,665,258,968,1853,-223635,-72.63234816498863,-152.0,-294023,-95.49301721338097,-152.0,-70388,-22.860669048392335,0.0,-29.15824357912179,0.0,742,252,1420,0.7464788732394366,994,0.7185214314764322,430,118331,139,171895,312,24394,0,0,142725,213113,False,True,461.2,8,74,1,581,1,0,515,3079,0,0,3,"{""cut_target"": 139, ""harmful_exit"": 113, ""neutral_exit"": 1420, ""no_active_exit"": 665, ""no_exit_replay"": 515, ""saved_stop"": 430, ""timeout_improved"": 312}","{""candidate_after_baseline_exit"": 581, ""candidate_after_max_hold"": 1, ""lifecycle_without_exit_replay"": 515, ""no_candidate"": 74, ""none"": 2414, ""not_active_exit_eligible"": 1, ""stale_data_no_action"": 8}"
1500,-300,120000,100,3079,515,2414,665,258,968,1853,-377585,-122.63234816498863,-202.0,-447973,-145.49301721338097,-202.0,-70388,-22.860669048392335,0.0,-29.15824357912179,0.0,742,252,1420,0.7464788732394366,994,0.7185214314764322,430,118331,139,171895,312,24394,0,0,142725,213113,False,True,461.2,8,74,1,581,1,0,515,3079,0,0,3,"{""cut_target"": 139, ""harmful_exit"": 113, ""neutral_exit"": 1420, ""no_active_exit"": 665, ""no_exit_replay"": 515, ""saved_stop"": 430, ""timeout_improved"": 312}","{""candidate_after_baseline_exit"": 581, ""candidate_after_max_hold"": 1, ""lifecycle_without_exit_replay"": 515, ""no_candidate"": 74, ""none"": 2414, ""not_active_exit_eligible"": 1, ""stale_data_no_action"": 8}"
1500,-300,120000,150,3079,515,2414,665,258,968,1853,-531535,-172.63234816498863,-252.0,-601923,-195.49301721338097,-252.0,-70388,-22.860669048392335,0.0,-29.15824357912179,0.0,742,252,1420,0.7464788732394366,994,0.7185214314764322,430,118331,139,171895,312,24394,0,0,142725,213113,False,True,461.2,8,74,1,581,1,0,515,3079,0,0,3,"{""cut_target"": 139, ""harmful_exit"": 113, ""neutral_exit"": 1420, ""no_active_exit"": 665, ""no_exit_replay"": 515, ""saved_stop"": 430, ""timeout_improved"": 312}","{""candidate_after_baseline_exit"": 581, ""candidate_after_max_hold"": 1, ""lifecycle_without_exit_replay"": 515, ""no_candidate"": 74, ""none"": 2414, ""not_active_exit_eligible"": 1, ""stale_data_no_action"": 8}"
1500,-300,120000,200,3079,515,2414,665,258,968,1853,-685485,-222.63234816498863,-302.0,-755873,-245.49301721338097,-302.0,-70388,-22.860669048392335,0.0,-29.15824357912179,0.0,742,252,1420,0.7464788732394366,994,0.7185214314764322,430,118331,139,171895,312,24394,0,0,142725,213113,False,True,461.2,8,74,1,581,1,0,515,3079,0,0,3,"{""cut_target"": 139, ""harmful_exit"": 113, ""neutral_exit"": 1420, ""no_active_exit"": 665, ""no_exit_replay"": 515, ""saved_stop"": 430, ""timeout_improved"": 312}","{""candidate_after_baseline_exit"": 581, ""candidate_after_max_hold"": 1, ""lifecycle_without_exit_replay"": 515, ""no_candidate"": 74, ""none"": 2414, ""not_active_exit_eligible"": 1, ""stale_data_no_action"": 8}"
1500,-500,30000,0,3079,515,2481,598,190,617,2272,-214045,-69.51770055212731,-102.0,-218315,-70.9045144527444,-102.0,-4270,-1.3868139006170834,0.0,-1.721080209592906,0.0,375,206,1900,0.6454388984509466,581,0.6057012689462685,164,72743,63,70037,211,35197,0,0,107940,112210,False,True,185.1,8,74,1,430,85,0,515,3079,0,0,3,"{""cut_target"": 63, ""harmful_exit"": 143, ""neutral_exit"": 1900, ""no_active_exit"": 598, ""no_exit_replay"": 515, ""saved_stop"": 164, ""timeout_improved"": 211}","{""candidate_after_baseline_exit"": 430, ""candidate_after_max_hold"": 85, ""lifecycle_without_exit_replay"": 515, ""no_candidate"": 74, ""none"": 2481, ""not_active_exit_eligible"": 1, ""stale_data_no_action"": 8}"
1500,-500,30000,50,3079,515,2481,598,190,617,2272,-367995,-119.51770055212731,-152.0,-372265,-120.9045144527444,-152.0,-4270,-1.3868139006170834,0.0,-1.721080209592906,0.0,375,206,1900,0.6454388984509466,581,0.6057012689462685,164,72743,63,70037,211,35197,0,0,107940,112210,False,True,185.1,8,74,1,430,85,0,515,3079,0,0,3,"{""cut_target"": 63, ""harmful_exit"": 143, ""neutral_exit"": 1900, ""no_active_exit"": 598, ""no_exit_replay"": 515, ""saved_stop"": 164, ""timeout_improved"": 211}","{""candidate_after_baseline_exit"": 430, ""candidate_after_max_hold"": 85, ""lifecycle_without_exit_replay"": 515, ""no_candidate"": 74, ""none"": 2481, ""not_active_exit_eligible"": 1, ""stale_data_no_action"": 8}"
1500,-500,30000,100,3079,515,2481,598,190,617,2272,-521945,-169.5177005521273,-202.0,-526215,-170.9045144527444,-202.0,-4270,-1.3868139006170834,0.0,-1.721080209592906,0.0,375,206,1900,0.6454388984509466,581,0.6057012689462685,164,72743,63,70037,211,35197,0,0,107940,112210,False,True,185.1,8,74,1,430,85,0,515,3079,0,0,3,"{""cut_target"": 63, ""harmful_exit"": 143, ""neutral_exit"": 1900, ""no_active_exit"": 598, ""no_exit_replay"": 515, ""saved_stop"": 164, ""timeout_improved"": 211}","{""candidate_after_baseline_exit"": 430, ""candidate_after_max_hold"": 85, ""lifecycle_without_exit_replay"": 515, ""no_candidate"": 74, ""none"": 2481, ""not_active_exit_eligible"": 1, ""stale_data_no_action"": 8}"
1500,-500,30000,150,3079,515,2481,598,190,617,2272,-675895,-219.5177005521273,-252.0,-680165,-220.9045144527444,-252.0,-4270,-1.3868139006170834,0.0,-1.721080209592906,0.0,375,206,1900,0.6454388984509466,581,0.6057012689462685,164,72743,63,70037,211,35197,0,0,107940,112210,False,True,185.1,8,74,1,430,85,0,515,3079,0,0,3,"{""cut_target"": 63, ""harmful_exit"": 143, ""neutral_exit"": 1900, ""no_active_exit"": 598, ""no_exit_replay"": 515, ""saved_stop"": 164, ""timeout_improved"": 211}","{""candidate_after_baseline_exit"": 430, ""candidate_after_max_hold"": 85, ""lifecycle_without_exit_replay"": 515, ""no_candidate"": 74, ""none"": 2481, ""not_active_exit_eligible"": 1, ""stale_data_no_action"": 8}"
1500,-500,30000,200,3079,515,2481,598,190,617,2272,-829845,-269.51770055212734,-302.0,-834115,-270.9045144527444,-302.0,-4270,-1.3868139006170834,0.0,-1.721080209592906,0.0,375,206,1900,0.6454388984509466,581,0.6057012689462685,164,72743,63,70037,211,35197,0,0,107940,112210,False,True,185.1,8,74,1,430,85,0,515,3079,0,0,3,"{""cut_target"": 63, ""harmful_exit"": 143, ""neutral_exit"": 1900, ""no_active_exit"": 598, ""no_exit_replay"": 515, ""saved_stop"": 164, ""timeout_improved"": 211}","{""candidate_after_baseline_exit"": 430, ""candidate_after_max_hold"": 85, ""lifecycle_without_exit_replay"": 515, ""no_candidate"": 74, ""none"": 2481, ""not_active_exit_eligible"": 1, ""stale_data_no_action"": 8}"
1500,-500,60000,0,3079,515,2487,592,240,709,2130,-175575,-57.02338421565443,-102.0,-216608,-70.35011367327054,-102.0,-41033,-13.326729457616109,0.0,-16.49899477281866,0.0,553,275,1659,0.6678743961352657,828,0.6350841310178131,256,117249,110,131414,297,35310,0,0,152559,193592,False,True,285.7,8,74,1,499,10,0,515,3079,0,0,3,"{""cut_target"": 110, ""harmful_exit"": 165, ""neutral_exit"": 1659, ""no_active_exit"": 592, ""no_exit_replay"": 515, ""saved_stop"": 256, ""timeout_improved"": 297}","{""candidate_after_baseline_exit"": 499, ""candidate_after_max_hold"": 10, ""lifecycle_without_exit_replay"": 515, ""no_candidate"": 74, ""none"": 2487, ""not_active_exit_eligible"": 1, ""stale_data_no_action"": 8}"
1500,-500,60000,50,3079,515,2487,592,240,709,2130,-329525,-107.02338421565443,-152.0,-370558,-120.35011367327054,-152.0,-41033,-13.326729457616109,0.0,-16.49899477281866,0.0,553,275,1659,0.6678743961352657,828,0.6350841310178131,256,117249,110,131414,297,35310,0,0,152559,193592,False,True,285.7,8,74,1,499,10,0,515,3079,0,0,3,"{""cut_target"": 110, ""harmful_exit"": 165, ""neutral_exit"": 1659, ""no_active_exit"": 592, ""no_exit_replay"": 515, ""saved_stop"": 256, ""timeout_improved"": 297}","{""candidate_after_baseline_exit"": 499, ""candidate_after_max_hold"": 10, ""lifecycle_without_exit_replay"": 515, ""no_candidate"": 74, ""none"": 2487, ""not_active_exit_eligible"": 1, ""stale_data_no_action"": 8}"
1500,-500,60000,100,3079,515,2487,592,240,709,2130,-483475,-157.02338421565443,-202.0,-524508,-170.35011367327056,-202.0,-41033,-13.326729457616109,0.0,-16.49899477281866,0.0,553,275,1659,0.6678743961352657,828,0.6350841310178131,256,117249,110,131414,297,35310,0,0,152559,193592,False,True,285.7,8,74,1,499,10,0,515,3079,0,0,3,"{""cut_target"": 110, ""harmful_exit"": 165, ""neutral_exit"": 1659, ""no_active_exit"": 592, ""no_exit_replay"": 515, ""saved_stop"": 256, ""timeout_improved"": 297}","{""candidate_after_baseline_exit"": 499, ""candidate_after_max_hold"": 10, ""lifecycle_without_exit_replay"": 515, ""no_candidate"": 74, ""none"": 2487, ""not_active_exit_eligible"": 1, ""stale_data_no_action"": 8}"
1500,-500,60000,150,3079,515,2487,592,240,709,2130,-637425,-207.02338421565443,-252.0,-678458,-220.35011367327056,-252.0,-41033,-13.326729457616109,0.0,-16.49899477281866,0.0,553,275,1659,0.6678743961352657,828,0.6350841310178131,256,117249,110,131414,297,35310,0,0,152559,193592,False,True,285.7,8,74,1,499,10,0,515,3079,0,0,3,"{""cut_target"": 110, ""harmful_exit"": 165, ""neutral_exit"": 1659, ""no_active_exit"": 592, ""no_exit_replay"": 515, ""saved_stop"": 256, ""timeout_improved"": 297}","{""candidate_after_baseline_exit"": 499, ""candidate_after_max_hold"": 10, ""lifecycle_without_exit_replay"": 515, ""no_candidate"": 74, ""none"": 2487, ""not_active_exit_eligible"": 1, ""stale_data_no_action"": 8}"
1500,-500,60000,200,3079,515,2487,592,240,709,2130,-791375,-257.02338421565446,-302.0,-832408,-270.3501136732705,-302.0,-41033,-13.326729457616109,0.0,-16.49899477281866,0.0,553,275,1659,0.6678743961352657,828,0.6350841310178131,256,117249,110,131414,297,35310,0,0,152559,193592,False,True,285.7,8,74,1,499,10,0,515,3079,0,0,3,"{""cut_target"": 110, ""harmful_exit"": 165, ""neutral_exit"": 1659, ""no_active_exit"": 592, ""no_exit_replay"": 515, ""saved_stop"": 256, ""timeout_improved"": 297}","{""candidate_after_baseline_exit"": 499, ""candidate_after_max_hold"": 10, ""lifecycle_without_exit_replay"": 515, ""no_candidate"": 74, ""none"": 2487, ""not_active_exit_eligible"": 1, ""stale_data_no_action"": 8}"
1500,-500,120000,0,3079,515,2487,592,282,835,1962,-195446,-63.47710295550503,-102.0,-215985,-70.1477752517051,-102.0,-20539,-6.670672296200065,0.0,-8.258544431041415,0.0,782,273,1432,0.7412322274881517,1055,0.713963130155585,382,171390,152,193377,400,48007,0,0,219397,239936,False,True,422.0,8,74,1,508,1,0,515,3079,0,0,3,"{""cut_target"": 152, ""harmful_exit"": 121, ""neutral_exit"": 1432, ""no_active_exit"": 592, ""no_exit_replay"": 515, ""saved_stop"": 382, ""timeout_improved"": 400}","{""candidate_after_baseline_exit"": 508, ""candidate_after_max_hold"": 1, ""lifecycle_without_exit_replay"": 515, ""no_candidate"": 74, ""none"": 2487, ""not_active_exit_eligible"": 1, ""stale_data_no_action"": 8}"
1500,-500,120000,50,3079,515,2487,592,282,835,1962,-349396,-113.47710295550503,-152.0,-369935,-120.1477752517051,-152.0,-20539,-6.670672296200065,0.0,-8.258544431041415,0.0,782,273,1432,0.7412322274881517,1055,0.713963130155585,382,171390,152,193377,400,48007,0,0,219397,239936,False,True,422.0,8,74,1,508,1,0,515,3079,0,0,3,"{""cut_target"": 152, ""harmful_exit"": 121, ""neutral_exit"": 1432, ""no_active_exit"": 592, ""no_exit_replay"": 515, ""saved_stop"": 382, ""timeout_improved"": 400}","{""candidate_after_baseline_exit"": 508, ""candidate_after_max_hold"": 1, ""lifecycle_without_exit_replay"": 515, ""no_candidate"": 74, ""none"": 2487, ""not_active_exit_eligible"": 1, ""stale_data_no_action"": 8}"
1500,-500,120000,100,3079,515,2487,592,282,835,1962,-503346,-163.47710295550505,-202.0,-523885,-170.1477752517051,-202.0,-20539,-6.670672296200065,0.0,-8.258544431041415,0.0,782,273,1432,0.7412322274881517,1055,0.713963130155585,382,171390,152,193377,400,48007,0,0,219397,239936,False,True,422.0,8,74,1,508,1,0,515,3079,0,0,3,"{""cut_target"": 152, ""harmful_exit"": 121, ""neutral_exit"": 1432, ""no_active_exit"": 592, ""no_exit_replay"": 515, ""saved_stop"": 382, ""timeout_improved"": 400}","{""candidate_after_baseline_exit"": 508, ""candidate_after_max_hold"": 1, ""lifecycle_without_exit_replay"": 515, ""no_candidate"": 74, ""none"": 2487, ""not_active_exit_eligible"": 1, ""stale_data_no_action"": 8}"
1500,-500,120000,150,3079,515,2487,592,282,835,1962,-657296,-213.47710295550505,-252.0,-677835,-220.1477752517051,-252.0,-20539,-6.670672296200065,0.0,-8.258544431041415,0.0,782,273,1432,0.7412322274881517,1055,0.713963130155585,382,171390,152,193377,400,48007,0,0,219397,239936,False,True,422.0,8,74,1,508,1,0,515,3079,0,0,3,"{""cut_target"": 152, ""harmful_exit"": 121, ""neutral_exit"": 1432, ""no_active_exit"": 592, ""no_exit_replay"": 515, ""saved_stop"": 382, ""timeout_improved"": 400}","{""candidate_after_baseline_exit"": 508, ""candidate_after_max_hold"": 1, ""lifecycle_without_exit_replay"": 515, ""no_candidate"": 74, ""none"": 2487, ""not_active_exit_eligible"": 1, ""stale_data_no_action"": 8}"
1500,-500,120000,200,3079,515,2487,592,282,835,1962,-811246,-263.477102955505,-302.0,-831785,-270.1477752517051,-302.0,-20539,-6.670672296200065,0.0,-8.258544431041415,0.0,782,273,1432,0.7412322274881517,1055,0.713963130155585,382,171390,152,193377,400,48007,0,0,219397,239936,False,True,422.0,8,74,1,508,1,0,515,3079,0,0,3,"{""cut_target"": 152, ""harmful_exit"": 121, ""neutral_exit"": 1432, ""no_active_exit"": 592, ""no_exit_replay"": 515, ""saved_stop"": 382, ""timeout_improved"": 400}","{""candidate_after_baseline_exit"": 508, ""candidate_after_max_hold"": 1, ""lifecycle_without_exit_replay"": 515, ""no_candidate"": 74, ""none"": 2487, ""not_active_exit_eligible"": 1, ""stale_data_no_action"": 8}"
1500,-700,30000,0,3079,515,2541,538,201,515,2363,-296013,-96.13933095160766,-102.0,-295348,-95.92335173757714,-102.0,665,0.2159792140305294,0.0,0.26170798898071623,0.0,380,222,1939,0.6312292358803987,602,0.5919696421362376,127,78760,70,83355,253,54307,0,0,133067,132402,False,True,152.3,8,74,1,370,85,0,515,3079,0,0,3,"{""cut_target"": 70, ""harmful_exit"": 152, ""neutral_exit"": 1939, ""no_active_exit"": 538, ""no_exit_replay"": 515, ""saved_stop"": 127, ""timeout_improved"": 253}","{""candidate_after_baseline_exit"": 370, ""candidate_after_max_hold"": 85, ""lifecycle_without_exit_replay"": 515, ""no_candidate"": 74, ""none"": 2541, ""not_active_exit_eligible"": 1, ""stale_data_no_action"": 8}"
1500,-700,30000,50,3079,515,2541,538,201,515,2363,-449963,-146.13933095160766,-152.0,-449298,-145.92335173757712,-152.0,665,0.2159792140305294,0.0,0.26170798898071623,0.0,380,222,1939,0.6312292358803987,602,0.5919696421362376,127,78760,70,83355,253,54307,0,0,133067,132402,False,True,152.3,8,74,1,370,85,0,515,3079,0,0,3,"{""cut_target"": 70, ""harmful_exit"": 152, ""neutral_exit"": 1939, ""no_active_exit"": 538, ""no_exit_replay"": 515, ""saved_stop"": 127, ""timeout_improved"": 253}","{""candidate_after_baseline_exit"": 370, ""candidate_after_max_hold"": 85, ""lifecycle_without_exit_replay"": 515, ""no_candidate"": 74, ""none"": 2541, ""not_active_exit_eligible"": 1, ""stale_data_no_action"": 8}"
1500,-700,30000,100,3079,515,2541,538,201,515,2363,-603913,-196.13933095160766,-202.0,-603248,-195.92335173757712,-202.0,665,0.2159792140305294,0.0,0.26170798898071623,0.0,380,222,1939,0.6312292358803987,602,0.5919696421362376,127,78760,70,83355,253,54307,0,0,133067,132402,False,True,152.3,8,74,1,370,85,0,515,3079,0,0,3,"{""cut_target"": 70, ""harmful_exit"": 152, ""neutral_exit"": 1939, ""no_active_exit"": 538, ""no_exit_replay"": 515, ""saved_stop"": 127, ""timeout_improved"": 253}","{""candidate_after_baseline_exit"": 370, ""candidate_after_max_hold"": 85, ""lifecycle_without_exit_replay"": 515, ""no_candidate"": 74, ""none"": 2541, ""not_active_exit_eligible"": 1, ""stale_data_no_action"": 8}"
1500,-700,30000,150,3079,515,2541,538,201,515,2363,-757863,-246.13933095160766,-252.0,-757198,-245.92335173757712,-252.0,665,0.2159792140305294,0.0,0.26170798898071623,0.0,380,222,1939,0.6312292358803987,602,0.5919696421362376,127,78760,70,83355,253,54307,0,0,133067,132402,False,True,152.3,8,74,1,370,85,0,515,3079,0,0,3,"{""cut_target"": 70, ""harmful_exit"": 152, ""neutral_exit"": 1939, ""no_active_exit"": 538, ""no_exit_replay"": 515, ""saved_stop"": 127, ""timeout_improved"": 253}","{""candidate_after_baseline_exit"": 370, ""candidate_after_max_hold"": 85, ""lifecycle_without_exit_replay"": 515, ""no_candidate"": 74, ""none"": 2541, ""not_active_exit_eligible"": 1, ""stale_data_no_action"": 8}"
1500,-700,30000,200,3079,515,2541,538,201,515,2363,-911813,-296.1393309516077,-302.0,-911148,-295.92335173757715,-302.0,665,0.2159792140305294,0.0,0.26170798898071623,0.0,380,222,1939,0.6312292358803987,602,0.5919696421362376,127,78760,70,83355,253,54307,0,0,133067,132402,False,True,152.3,8,74,1,370,85,0,515,3079,0,0,3,"{""cut_target"": 70, ""harmful_exit"": 152, ""neutral_exit"": 1939, ""no_active_exit"": 538, ""no_exit_replay"": 515, ""saved_stop"": 127, ""timeout_improved"": 253}","{""candidate_after_baseline_exit"": 370, ""candidate_after_max_hold"": 85, ""lifecycle_without_exit_replay"": 515, ""no_candidate"": 74, ""none"": 2541, ""not_active_exit_eligible"": 1, ""stale_data_no_action"": 8}"
1500,-700,60000,0,3079,515,2548,531,255,594,2230,-269127,-87.40727508931471,-102.0,-293562,-95.343293277038,-102.0,-24435,-7.9360181877232865,0.0,-9.589874411302983,0.0,558,294,1696,0.6549295774647887,852,0.6223770839414745,206,133026,121,151445,352,61132,0,0,194158,218593,False,True,241.2,8,74,1,438,10,0,515,3079,0,0,3,"{""cut_target"": 121, ""harmful_exit"": 173, ""neutral_exit"": 1696, ""no_active_exit"": 531, ""no_exit_replay"": 515, ""saved_stop"": 206, ""timeout_improved"": 352}","{""candidate_after_baseline_exit"": 438, ""candidate_after_max_hold"": 10, ""lifecycle_without_exit_replay"": 515, ""no_candidate"": 74, ""none"": 2548, ""not_active_exit_eligible"": 1, ""stale_data_no_action"": 8}"
1500,-700,60000,50,3079,515,2548,531,255,594,2230,-423077,-137.4072750893147,-152.0,-447512,-145.343293277038,-152.0,-24435,-7.9360181877232865,0.0,-9.589874411302983,0.0,558,294,1696,0.6549295774647887,852,0.6223770839414745,206,133026,121,151445,352,61132,0,0,194158,218593,False,True,241.2,8,74,1,438,10,0,515,3079,0,0,3,"{""cut_target"": 121, ""harmful_exit"": 173, ""neutral_exit"": 1696, ""no_active_exit"": 531, ""no_exit_replay"": 515, ""saved_stop"": 206, ""timeout_improved"": 352}","{""candidate_after_baseline_exit"": 438, ""candidate_after_max_hold"": 10, ""lifecycle_without_exit_replay"": 515, ""no_candidate"": 74, ""none"": 2548, ""not_active_exit_eligible"": 1, ""stale_data_no_action"": 8}"
1500,-700,60000,100,3079,515,2548,531,255,594,2230,-577027,-187.4072750893147,-202.0,-601462,-195.343293277038,-202.0,-24435,-7.9360181877232865,0.0,-9.589874411302983,0.0,558,294,1696,0.6549295774647887,852,0.6223770839414745,206,133026,121,151445,352,61132,0,0,194158,218593,False,True,241.2,8,74,1,438,10,0,515,3079,0,0,3,"{""cut_target"": 121, ""harmful_exit"": 173, ""neutral_exit"": 1696, ""no_active_exit"": 531, ""no_exit_replay"": 515, ""saved_stop"": 206, ""timeout_improved"": 352}","{""candidate_after_baseline_exit"": 438, ""candidate_after_max_hold"": 10, ""lifecycle_without_exit_replay"": 515, ""no_candidate"": 74, ""none"": 2548, ""not_active_exit_eligible"": 1, ""stale_data_no_action"": 8}"
1500,-700,60000,150,3079,515,2548,531,255,594,2230,-730977,-237.4072750893147,-252.0,-755412,-245.343293277038,-252.0,-24435,-7.9360181877232865,0.0,-9.589874411302983,0.0,558,294,1696,0.6549295774647887,852,0.6223770839414745,206,133026,121,151445,352,61132,0,0,194158,218593,False,True,241.2,8,74,1,438,10,0,515,3079,0,0,3,"{""cut_target"": 121, ""harmful_exit"": 173, ""neutral_exit"": 1696, ""no_active_exit"": 531, ""no_exit_replay"": 515, ""saved_stop"": 206, ""timeout_improved"": 352}","{""candidate_after_baseline_exit"": 438, ""candidate_after_max_hold"": 10, ""lifecycle_without_exit_replay"": 515, ""no_candidate"": 74, ""none"": 2548, ""not_active_exit_eligible"": 1, ""stale_data_no_action"": 8}"
1500,-700,60000,200,3079,515,2548,531,255,594,2230,-884927,-287.40727508931474,-302.0,-909362,-295.343293277038,-302.0,-24435,-7.9360181877232865,0.0,-9.589874411302983,0.0,558,294,1696,0.6549295774647887,852,0.6223770839414745,206,133026,121,151445,352,61132,0,0,194158,218593,False,True,241.2,8,74,1,438,10,0,515,3079,0,0,3,"{""cut_target"": 121, ""harmful_exit"": 173, ""neutral_exit"": 1696, ""no_active_exit"": 531, ""no_exit_replay"": 515, ""saved_stop"": 206, ""timeout_improved"": 352}","{""candidate_after_baseline_exit"": 438, ""candidate_after_max_hold"": 10, ""lifecycle_without_exit_replay"": 515, ""no_candidate"": 74, ""none"": 2548, ""not_active_exit_eligible"": 1, ""stale_data_no_action"": 8}"
1500,-700,120000,0,3079,515,2548,531,304,652,2123,-295559,-95.99188048067555,-102.0,-292939,-95.14095485547256,-102.0,2620,0.850925625202988,0.0,1.0282574568288854,0.0,792,294,1462,0.7292817679558011,1086,0.7020813393857823,264,169532,170,223411,528,104326,0,0,273858,271238,False,True,316.8,8,74,1,447,1,0,515,3079,0,0,3,"{""cut_target"": 170, ""harmful_exit"": 124, ""neutral_exit"": 1462, ""no_active_exit"": 531, ""no_exit_replay"": 515, ""saved_stop"": 264, ""timeout_improved"": 528}","{""candidate_after_baseline_exit"": 447, ""candidate_after_max_hold"": 1, ""lifecycle_without_exit_replay"": 515, ""no_candidate"": 74, ""none"": 2548, ""not_active_exit_eligible"": 1, ""stale_data_no_action"": 8}"
1500,-700,120000,50,3079,515,2548,531,304,652,2123,-449509,-145.99188048067555,-152.0,-446889,-145.14095485547256,-152.0,2620,0.850925625202988,0.0,1.0282574568288854,0.0,792,294,1462,0.7292817679558011,1086,0.7020813393857823,264,169532,170,223411,528,104326,0,0,273858,271238,False,True,316.8,8,74,1,447,1,0,515,3079,0,0,3,"{""cut_target"": 170, ""harmful_exit"": 124, ""neutral_exit"": 1462, ""no_active_exit"": 531, ""no_exit_replay"": 515, ""saved_stop"": 264, ""timeout_improved"": 528}","{""candidate_after_baseline_exit"": 447, ""candidate_after_max_hold"": 1, ""lifecycle_without_exit_replay"": 515, ""no_candidate"": 74, ""none"": 2548, ""not_active_exit_eligible"": 1, ""stale_data_no_action"": 8}"
1500,-700,120000,100,3079,515,2548,531,304,652,2123,-603459,-195.99188048067555,-202.0,-600839,-195.14095485547256,-202.0,2620,0.850925625202988,0.0,1.0282574568288854,0.0,792,294,1462,0.7292817679558011,1086,0.7020813393857823,264,169532,170,223411,528,104326,0,0,273858,271238,False,True,316.8,8,74,1,447,1,0,515,3079,0,0,3,"{""cut_target"": 170, ""harmful_exit"": 124, ""neutral_exit"": 1462, ""no_active_exit"": 531, ""no_exit_replay"": 515, ""saved_stop"": 264, ""timeout_improved"": 528}","{""candidate_after_baseline_exit"": 447, ""candidate_after_max_hold"": 1, ""lifecycle_without_exit_replay"": 515, ""no_candidate"": 74, ""none"": 2548, ""not_active_exit_eligible"": 1, ""stale_data_no_action"": 8}"
1500,-700,120000,150,3079,515,2548,531,304,652,2123,-757409,-245.99188048067555,-252.0,-754789,-245.14095485547256,-252.0,2620,0.850925625202988,0.0,1.0282574568288854,0.0,792,294,1462,0.7292817679558011,1086,0.7020813393857823,264,169532,170,223411,528,104326,0,0,273858,271238,False,True,316.8,8,74,1,447,1,0,515,3079,0,0,3,"{""cut_target"": 170, ""harmful_exit"": 124, ""neutral_exit"": 1462, ""no_active_exit"": 531, ""no_exit_replay"": 515, ""saved_stop"": 264, ""timeout_improved"": 528}","{""candidate_after_baseline_exit"": 447, ""candidate_after_max_hold"": 1, ""lifecycle_without_exit_replay"": 515, ""no_candidate"": 74, ""none"": 2548, ""not_active_exit_eligible"": 1, ""stale_data_no_action"": 8}"
1500,-700,120000,200,3079,515,2548,531,304,652,2123,-911359,-295.99188048067555,-302.0,-908739,-295.14095485547256,-302.0,2620,0.850925625202988,0.0,1.0282574568288854,0.0,792,294,1462,0.7292817679558011,1086,0.7020813393857823,264,169532,170,223411,528,104326,0,0,273858,271238,False,True,316.8,8,74,1,447,1,0,515,3079,0,0,3,"{""cut_target"": 170, ""harmful_exit"": 124, ""neutral_exit"": 1462, ""no_active_exit"": 531, ""no_exit_replay"": 515, ""saved_stop"": 264, ""timeout_improved"": 528}","{""candidate_after_baseline_exit"": 447, ""candidate_after_max_hold"": 1, ""lifecycle_without_exit_replay"": 515, ""no_candidate"": 74, ""none"": 2548, ""not_active_exit_eligible"": 1, ""stale_data_no_action"": 8}"
1500,-1000,30000,0,3079,515,2589,490,211,440,2428,-395659,-128.50243585579733,-102.0,-382916,-124.36375446573562,-102.0,12743,4.138681390061708,0.0,4.921977597528003,0.0,394,240,1955,0.6214511041009464,634,0.583071977264649,108,90398,75,93528,286,71093,0,0,161491,148748,False,True,136.6,8,74,1,322,85,0,515,3079,0,0,3,"{""cut_target"": 75, ""harmful_exit"": 165, ""neutral_exit"": 1955, ""no_active_exit"": 490, ""no_exit_replay"": 515, ""saved_stop"": 108, ""timeout_improved"": 286}","{""candidate_after_baseline_exit"": 322, ""candidate_after_max_hold"": 85, ""lifecycle_without_exit_replay"": 515, ""no_candidate"": 74, ""none"": 2589, ""not_active_exit_eligible"": 1, ""stale_data_no_action"": 8}"
1500,-1000,30000,50,3079,515,2589,490,211,440,2428,-549609,-178.50243585579733,-152.0,-536866,-174.36375446573564,-152.0,12743,4.138681390061708,0.0,4.921977597528003,0.0,394,240,1955,0.6214511041009464,634,0.583071977264649,108,90398,75,93528,286,71093,0,0,161491,148748,False,True,136.6,8,74,1,322,85,0,515,3079,0,0,3,"{""cut_target"": 75, ""harmful_exit"": 165, ""neutral_exit"": 1955, ""no_active_exit"": 490, ""no_exit_replay"": 515, ""saved_stop"": 108, ""timeout_improved"": 286}","{""candidate_after_baseline_exit"": 322, ""candidate_after_max_hold"": 85, ""lifecycle_without_exit_replay"": 515, ""no_candidate"": 74, ""none"": 2589, ""not_active_exit_eligible"": 1, ""stale_data_no_action"": 8}"
1500,-1000,30000,100,3079,515,2589,490,211,440,2428,-703559,-228.50243585579733,-202.0,-690816,-224.36375446573564,-202.0,12743,4.138681390061708,0.0,4.921977597528003,0.0,394,240,1955,0.6214511041009464,634,0.583071977264649,108,90398,75,93528,286,71093,0,0,161491,148748,False,True,136.6,8,74,1,322,85,0,515,3079,0,0,3,"{""cut_target"": 75, ""harmful_exit"": 165, ""neutral_exit"": 1955, ""no_active_exit"": 490, ""no_exit_replay"": 515, ""saved_stop"": 108, ""timeout_improved"": 286}","{""candidate_after_baseline_exit"": 322, ""candidate_after_max_hold"": 85, ""lifecycle_without_exit_replay"": 515, ""no_candidate"": 74, ""none"": 2589, ""not_active_exit_eligible"": 1, ""stale_data_no_action"": 8}"
1500,-1000,30000,150,3079,515,2589,490,211,440,2428,-857509,-278.50243585579733,-252.0,-844766,-274.3637544657356,-252.0,12743,4.138681390061708,0.0,4.921977597528003,0.0,394,240,1955,0.6214511041009464,634,0.583071977264649,108,90398,75,93528,286,71093,0,0,161491,148748,False,True,136.6,8,74,1,322,85,0,515,3079,0,0,3,"{""cut_target"": 75, ""harmful_exit"": 165, ""neutral_exit"": 1955, ""no_active_exit"": 490, ""no_exit_replay"": 515, ""saved_stop"": 108, ""timeout_improved"": 286}","{""candidate_after_baseline_exit"": 322, ""candidate_after_max_hold"": 85, ""lifecycle_without_exit_replay"": 515, ""no_candidate"": 74, ""none"": 2589, ""not_active_exit_eligible"": 1, ""stale_data_no_action"": 8}"
1500,-1000,30000,200,3079,515,2589,490,211,440,2428,-1011459,-328.50243585579733,-302.0,-998716,-324.3637544657356,-302.0,12743,4.138681390061708,0.0,4.921977597528003,0.0,394,240,1955,0.6214511041009464,634,0.583071977264649,108,90398,75,93528,286,71093,0,0,161491,148748,False,True,136.6,8,74,1,322,85,0,515,3079,0,0,3,"{""cut_target"": 75, ""harmful_exit"": 165, ""neutral_exit"": 1955, ""no_active_exit"": 490, ""no_exit_replay"": 515, ""saved_stop"": 108, ""timeout_improved"": 286}","{""candidate_after_baseline_exit"": 322, ""candidate_after_max_hold"": 85, ""lifecycle_without_exit_replay"": 515, ""no_candidate"": 74, ""none"": 2589, ""not_active_exit_eligible"": 1, ""stale_data_no_action"": 8}"
1500,-1000,60000,0,3079,515,2597,482,275,508,2296,-376249,-122.19844105228971,-102.0,-378714,-122.99902565768106,-102.0,-2465,-0.8005846053913608,0.0,-0.9491721216788602,0.0,573,316,1708,0.6445444319460067,889,0.6125199582129083,176,154972,134,173459,397,86941,0,0,241913,244378,False,True,215.7,8,74,1,389,10,0,515,3079,0,0,3,"{""cut_target"": 134, ""harmful_exit"": 182, ""neutral_exit"": 1708, ""no_active_exit"": 482, ""no_exit_replay"": 515, ""saved_stop"": 176, ""timeout_improved"": 397}","{""candidate_after_baseline_exit"": 389, ""candidate_after_max_hold"": 10, ""lifecycle_without_exit_replay"": 515, ""no_candidate"": 74, ""none"": 2597, ""not_active_exit_eligible"": 1, ""stale_data_no_action"": 8}"
1500,-1000,60000,50,3079,515,2597,482,275,508,2296,-530199,-172.1984410522897,-152.0,-532664,-172.99902565768107,-152.0,-2465,-0.8005846053913608,0.0,-0.9491721216788602,0.0,573,316,1708,0.6445444319460067,889,0.6125199582129083,176,154972,134,173459,397,86941,0,0,241913,244378,False,True,215.7,8,74,1,389,10,0,515,3079,0,0,3,"{""cut_target"": 134, ""harmful_exit"": 182, ""neutral_exit"": 1708, ""no_active_exit"": 482, ""no_exit_replay"": 515, ""saved_stop"": 176, ""timeout_improved"": 397}","{""candidate_after_baseline_exit"": 389, ""candidate_after_max_hold"": 10, ""lifecycle_without_exit_replay"": 515, ""no_candidate"": 74, ""none"": 2597, ""not_active_exit_eligible"": 1, ""stale_data_no_action"": 8}"
1500,-1000,60000,100,3079,515,2597,482,275,508,2296,-684149,-222.1984410522897,-202.0,-686614,-222.99902565768107,-202.0,-2465,-0.8005846053913608,0.0,-0.9491721216788602,0.0,573,316,1708,0.6445444319460067,889,0.6125199582129083,176,154972,134,173459,397,86941,0,0,241913,244378,False,True,215.7,8,74,1,389,10,0,515,3079,0,0,3,"{""cut_target"": 134, ""harmful_exit"": 182, ""neutral_exit"": 1708, ""no_active_exit"": 482, ""no_exit_replay"": 515, ""saved_stop"": 176, ""timeout_improved"": 397}","{""candidate_after_baseline_exit"": 389, ""candidate_after_max_hold"": 10, ""lifecycle_without_exit_replay"": 515, ""no_candidate"": 74, ""none"": 2597, ""not_active_exit_eligible"": 1, ""stale_data_no_action"": 8}"
1500,-1000,60000,150,3079,515,2597,482,275,508,2296,-838099,-272.1984410522897,-252.0,-840564,-272.99902565768105,-252.0,-2465,-0.8005846053913608,0.0,-0.9491721216788602,0.0,573,316,1708,0.6445444319460067,889,0.6125199582129083,176,154972,134,173459,397,86941,0,0,241913,244378,False,True,215.7,8,74,1,389,10,0,515,3079,0,0,3,"{""cut_target"": 134, ""harmful_exit"": 182, ""neutral_exit"": 1708, ""no_active_exit"": 482, ""no_exit_replay"": 515, ""saved_stop"": 176, ""timeout_improved"": 397}","{""candidate_after_baseline_exit"": 389, ""candidate_after_max_hold"": 10, ""lifecycle_without_exit_replay"": 515, ""no_candidate"": 74, ""none"": 2597, ""not_active_exit_eligible"": 1, ""stale_data_no_action"": 8}"
1500,-1000,60000,200,3079,515,2597,482,275,508,2296,-992049,-322.1984410522897,-302.0,-994514,-322.99902565768105,-302.0,-2465,-0.8005846053913608,0.0,-0.9491721216788602,0.0,573,316,1708,0.6445444319460067,889,0.6125199582129083,176,154972,134,173459,397,86941,0,0,241913,244378,False,True,215.7,8,74,1,389,10,0,515,3079,0,0,3,"{""cut_target"": 134, ""harmful_exit"": 182, ""neutral_exit"": 1708, ""no_active_exit"": 482, ""no_exit_replay"": 515, ""saved_stop"": 176, ""timeout_improved"": 397}","{""candidate_after_baseline_exit"": 389, ""candidate_after_max_hold"": 10, ""lifecycle_without_exit_replay"": 515, ""no_candidate"": 74, ""none"": 2597, ""not_active_exit_eligible"": 1, ""stale_data_no_action"": 8}"
1500,-1000,120000,0,3079,515,2597,482,330,556,2193,-405711,-131.7671321857746,-102.0,-378091,-122.79668723611562,-102.0,27620,8.97044494965898,0.0,10.635348479014247,0.0,807,318,1472,0.7173333333333334,1125,0.6903151902980772,224,200293,189,253907,583,132655,0,0,332948,305328,False,True,282.3,8,74,1,398,1,0,515,3079,0,0,3,"{""cut_target"": 189, ""harmful_exit"": 129, ""neutral_exit"": 1472, ""no_active_exit"": 482, ""no_exit_replay"": 515, ""saved_stop"": 224, ""timeout_improved"": 583}","{""candidate_after_baseline_exit"": 398, ""candidate_after_max_hold"": 1, ""lifecycle_without_exit_replay"": 515, ""no_candidate"": 74, ""none"": 2597, ""not_active_exit_eligible"": 1, ""stale_data_no_action"": 8}"
1500,-1000,120000,50,3079,515,2597,482,330,556,2193,-559661,-181.7671321857746,-152.0,-532041,-172.79668723611562,-152.0,27620,8.97044494965898,0.0,10.635348479014247,0.0,807,318,1472,0.7173333333333334,1125,0.6903151902980772,224,200293,189,253907,583,132655,0,0,332948,305328,False,True,282.3,8,74,1,398,1,0,515,3079,0,0,3,"{""cut_target"": 189, ""harmful_exit"": 129, ""neutral_exit"": 1472, ""no_active_exit"": 482, ""no_exit_replay"": 515, ""saved_stop"": 224, ""timeout_improved"": 583}","{""candidate_after_baseline_exit"": 398, ""candidate_after_max_hold"": 1, ""lifecycle_without_exit_replay"": 515, ""no_candidate"": 74, ""none"": 2597, ""not_active_exit_eligible"": 1, ""stale_data_no_action"": 8}"
1500,-1000,120000,100,3079,515,2597,482,330,556,2193,-713611,-231.7671321857746,-202.0,-685991,-222.79668723611562,-202.0,27620,8.97044494965898,0.0,10.635348479014247,0.0,807,318,1472,0.7173333333333334,1125,0.6903151902980772,224,200293,189,253907,583,132655,0,0,332948,305328,False,True,282.3,8,74,1,398,1,0,515,3079,0,0,3,"{""cut_target"": 189, ""harmful_exit"": 129, ""neutral_exit"": 1472, ""no_active_exit"": 482, ""no_exit_replay"": 515, ""saved_stop"": 224, ""timeout_improved"": 583}","{""candidate_after_baseline_exit"": 398, ""candidate_after_max_hold"": 1, ""lifecycle_without_exit_replay"": 515, ""no_candidate"": 74, ""none"": 2597, ""not_active_exit_eligible"": 1, ""stale_data_no_action"": 8}"
1500,-1000,120000,150,3079,515,2597,482,330,556,2193,-867561,-281.7671321857746,-252.0,-839941,-272.79668723611564,-252.0,27620,8.97044494965898,0.0,10.635348479014247,0.0,807,318,1472,0.7173333333333334,1125,0.6903151902980772,224,200293,189,253907,583,132655,0,0,332948,305328,False,True,282.3,8,74,1,398,1,0,515,3079,0,0,3,"{""cut_target"": 189, ""harmful_exit"": 129, ""neutral_exit"": 1472, ""no_active_exit"": 482, ""no_exit_replay"": 515, ""saved_stop"": 224, ""timeout_improved"": 583}","{""candidate_after_baseline_exit"": 398, ""candidate_after_max_hold"": 1, ""lifecycle_without_exit_replay"": 515, ""no_candidate"": 74, ""none"": 2597, ""not_active_exit_eligible"": 1, ""stale_data_no_action"": 8}"
1500,-1000,120000,200,3079,515,2597,482,330,556,2193,-1021511,-331.7671321857746,-302.0,-993891,-322.79668723611564,-302.0,27620,8.97044494965898,0.0,10.635348479014247,0.0,807,318,1472,0.7173333333333334,1125,0.6903151902980772,224,200293,189,253907,583,132655,0,0,332948,305328,False,True,282.3,8,74,1,398,1,0,515,3079,0,0,3,"{""cut_target"": 189, ""harmful_exit"": 129, ""neutral_exit"": 1472, ""no_active_exit"": 482, ""no_exit_replay"": 515, ""saved_stop"": 224, ""timeout_improved"": 583}","{""candidate_after_baseline_exit"": 398, ""candidate_after_max_hold"": 1, ""lifecycle_without_exit_replay"": 515, ""no_candidate"": 74, ""none"": 2597, ""not_active_exit_eligible"": 1, ""stale_data_no_action"": 8}"
1500,-1500,30000,0,3079,515,2659,420,228,336,2515,-507825,-164.93179603767456,-102.0,-489507,-158.98246183825918,-102.0,18318,5.949334199415395,0.0,6.889056036103798,0.0,423,268,1968,0.6121562952243126,691,0.5753012269029733,91,100516,84,115434,332,105413,0,0,205929,187611,False,True,124.2,8,74,1,252,85,0,515,3079,0,0,4,"{""cut_target"": 84, ""harmful_exit"": 184, ""neutral_exit"": 1968, ""no_active_exit"": 420, ""no_exit_replay"": 515, ""saved_stop"": 91, ""timeout_improved"": 332}","{""candidate_after_baseline_exit"": 252, ""candidate_after_max_hold"": 85, ""lifecycle_without_exit_replay"": 515, ""no_candidate"": 74, ""none"": 2659, ""not_active_exit_eligible"": 1, ""stale_data_no_action"": 8}"
1500,-1500,30000,50,3079,515,2659,420,228,336,2515,-661775,-214.93179603767456,-152.0,-643457,-208.98246183825918,-152.0,18318,5.949334199415395,0.0,6.889056036103798,0.0,423,268,1968,0.6121562952243126,691,0.5753012269029733,91,100516,84,115434,332,105413,0,0,205929,187611,False,True,124.2,8,74,1,252,85,0,515,3079,0,0,4,"{""cut_target"": 84, ""harmful_exit"": 184, ""neutral_exit"": 1968, ""no_active_exit"": 420, ""no_exit_replay"": 515, ""saved_stop"": 91, ""timeout_improved"": 332}","{""candidate_after_baseline_exit"": 252, ""candidate_after_max_hold"": 85, ""lifecycle_without_exit_replay"": 515, ""no_candidate"": 74, ""none"": 2659, ""not_active_exit_eligible"": 1, ""stale_data_no_action"": 8}"
1500,-1500,30000,100,3079,515,2659,420,228,336,2515,-815725,-264.9317960376746,-202.0,-797407,-258.98246183825916,-202.0,18318,5.949334199415395,0.0,6.889056036103798,0.0,423,268,1968,0.6121562952243126,691,0.5753012269029733,91,100516,84,115434,332,105413,0,0,205929,187611,False,True,124.2,8,74,1,252,85,0,515,3079,0,0,4,"{""cut_target"": 84, ""harmful_exit"": 184, ""neutral_exit"": 1968, ""no_active_exit"": 420, ""no_exit_replay"": 515, ""saved_stop"": 91, ""timeout_improved"": 332}","{""candidate_after_baseline_exit"": 252, ""candidate_after_max_hold"": 85, ""lifecycle_without_exit_replay"": 515, ""no_candidate"": 74, ""none"": 2659, ""not_active_exit_eligible"": 1, ""stale_data_no_action"": 8}"
1500,-1500,30000,150,3079,515,2659,420,228,336,2515,-969675,-314.9317960376746,-252.0,-951357,-308.98246183825916,-252.0,18318,5.949334199415395,0.0,6.889056036103798,0.0,423,268,1968,0.6121562952243126,691,0.5753012269029733,91,100516,84,115434,332,105413,0,0,205929,187611,False,True,124.2,8,74,1,252,85,0,515,3079,0,0,4,"{""cut_target"": 84, ""harmful_exit"": 184, ""neutral_exit"": 1968, ""no_active_exit"": 420, ""no_exit_replay"": 515, ""saved_stop"": 91, ""timeout_improved"": 332}","{""candidate_after_baseline_exit"": 252, ""candidate_after_max_hold"": 85, ""lifecycle_without_exit_replay"": 515, ""no_candidate"": 74, ""none"": 2659, ""not_active_exit_eligible"": 1, ""stale_data_no_action"": 8}"
1500,-1500,30000,200,3079,515,2659,420,228,336,2515,-1123625,-364.9317960376746,-302.0,-1105307,-358.98246183825916,-302.0,18318,5.949334199415395,0.0,6.889056036103798,0.0,423,268,1968,0.6121562952243126,691,0.5753012269029733,91,100516,84,115434,332,105413,0,0,205929,187611,False,True,124.2,8,74,1,252,85,0,515,3079,0,0,4,"{""cut_target"": 84, ""harmful_exit"": 184, ""neutral_exit"": 1968, ""no_active_exit"": 420, ""no_exit_replay"": 515, ""saved_stop"": 91, ""timeout_improved"": 332}","{""candidate_after_baseline_exit"": 252, ""candidate_after_max_hold"": 85, ""lifecycle_without_exit_replay"": 515, ""no_candidate"": 74, ""none"": 2659, ""not_active_exit_eligible"": 1, ""stale_data_no_action"": 8}"
1500,-1500,60000,0,3079,515,2674,405,307,401,2371,-493870,-160.39948035076324,-102.0,-485246,-157.5985709645989,-102.0,8624,2.800909386164339,0.0,3.225130890052356,0.0,602,352,1720,0.6310272536687631,954,0.5999394182873975,155,186321,157,223644,447,127789,0,0,314110,305486,False,True,199.7,8,74,1,312,10,0,515,3079,0,0,3,"{""cut_target"": 157, ""harmful_exit"": 195, ""neutral_exit"": 1720, ""no_active_exit"": 405, ""no_exit_replay"": 515, ""saved_stop"": 155, ""timeout_improved"": 447}","{""candidate_after_baseline_exit"": 312, ""candidate_after_max_hold"": 10, ""lifecycle_without_exit_replay"": 515, ""no_candidate"": 74, ""none"": 2674, ""not_active_exit_eligible"": 1, ""stale_data_no_action"": 8}"
1500,-1500,60000,50,3079,515,2674,405,307,401,2371,-647820,-210.39948035076324,-152.0,-639196,-207.5985709645989,-152.0,8624,2.800909386164339,0.0,3.225130890052356,0.0,602,352,1720,0.6310272536687631,954,0.5999394182873975,155,186321,157,223644,447,127789,0,0,314110,305486,False,True,199.7,8,74,1,312,10,0,515,3079,0,0,3,"{""cut_target"": 157, ""harmful_exit"": 195, ""neutral_exit"": 1720, ""no_active_exit"": 405, ""no_exit_replay"": 515, ""saved_stop"": 155, ""timeout_improved"": 447}","{""candidate_after_baseline_exit"": 312, ""candidate_after_max_hold"": 10, ""lifecycle_without_exit_replay"": 515, ""no_candidate"": 74, ""none"": 2674, ""not_active_exit_eligible"": 1, ""stale_data_no_action"": 8}"
1500,-1500,60000,100,3079,515,2674,405,307,401,2371,-801770,-260.3994803507632,-202.0,-793146,-257.5985709645989,-202.0,8624,2.800909386164339,0.0,3.225130890052356,0.0,602,352,1720,0.6310272536687631,954,0.5999394182873975,155,186321,157,223644,447,127789,0,0,314110,305486,False,True,199.7,8,74,1,312,10,0,515,3079,0,0,3,"{""cut_target"": 157, ""harmful_exit"": 195, ""neutral_exit"": 1720, ""no_active_exit"": 405, ""no_exit_replay"": 515, ""saved_stop"": 155, ""timeout_improved"": 447}","{""candidate_after_baseline_exit"": 312, ""candidate_after_max_hold"": 10, ""lifecycle_without_exit_replay"": 515, ""no_candidate"": 74, ""none"": 2674, ""not_active_exit_eligible"": 1, ""stale_data_no_action"": 8}"
1500,-1500,60000,150,3079,515,2674,405,307,401,2371,-955720,-310.3994803507632,-252.0,-947096,-307.5985709645989,-252.0,8624,2.800909386164339,0.0,3.225130890052356,0.0,602,352,1720,0.6310272536687631,954,0.5999394182873975,155,186321,157,223644,447,127789,0,0,314110,305486,False,True,199.7,8,74,1,312,10,0,515,3079,0,0,3,"{""cut_target"": 157, ""harmful_exit"": 195, ""neutral_exit"": 1720, ""no_active_exit"": 405, ""no_exit_replay"": 515, ""saved_stop"": 155, ""timeout_improved"": 447}","{""candidate_after_baseline_exit"": 312, ""candidate_after_max_hold"": 10, ""lifecycle_without_exit_replay"": 515, ""no_candidate"": 74, ""none"": 2674, ""not_active_exit_eligible"": 1, ""stale_data_no_action"": 8}"
1500,-1500,60000,200,3079,515,2674,405,307,401,2371,-1109670,-360.3994803507632,-302.0,-1101046,-357.5985709645989,-302.0,8624,2.800909386164339,0.0,3.225130890052356,0.0,602,352,1720,0.6310272536687631,954,0.5999394182873975,155,186321,157,223644,447,127789,0,0,314110,305486,False,True,199.7,8,74,1,312,10,0,515,3079,0,0,3,"{""cut_target"": 157, ""harmful_exit"": 195, ""neutral_exit"": 1720, ""no_active_exit"": 405, ""no_exit_replay"": 515, ""saved_stop"": 155, ""timeout_improved"": 447}","{""candidate_after_baseline_exit"": 312, ""candidate_after_max_hold"": 10, ""lifecycle_without_exit_replay"": 515, ""no_candidate"": 74, ""none"": 2674, ""not_active_exit_eligible"": 1, ""stale_data_no_action"": 8}"
1500,-1500,120000,0,3079,515,2674,405,369,448,2262,-537469,-174.5595972718415,-102.0,-484623,-157.39623254303345,-102.0,52846,17.163364728808055,0.0,19.76290201944652,0.0,841,353,1480,0.7043551088777219,1194,0.6778492387988286,202,245633,219,317306,639,181378,0,0,427011,374165,False,True,265.9,8,74,1,321,1,0,515,3079,0,0,4,"{""cut_target"": 219, ""harmful_exit"": 134, ""neutral_exit"": 1480, ""no_active_exit"": 405, ""no_exit_replay"": 515, ""saved_stop"": 202, ""timeout_improved"": 639}","{""candidate_after_baseline_exit"": 321, ""candidate_after_max_hold"": 1, ""lifecycle_without_exit_replay"": 515, ""no_candidate"": 74, ""none"": 2674, ""not_active_exit_eligible"": 1, ""stale_data_no_action"": 8}"
1500,-1500,120000,50,3079,515,2674,405,369,448,2262,-691419,-224.5595972718415,-152.0,-638573,-207.39623254303345,-152.0,52846,17.163364728808055,0.0,19.76290201944652,0.0,841,353,1480,0.7043551088777219,1194,0.6778492387988286,202,245633,219,317306,639,181378,0,0,427011,374165,False,True,265.9,8,74,1,321,1,0,515,3079,0,0,4,"{""cut_target"": 219, ""harmful_exit"": 134, ""neutral_exit"": 1480, ""no_active_exit"": 405, ""no_exit_replay"": 515, ""saved_stop"": 202, ""timeout_improved"": 639}","{""candidate_after_baseline_exit"": 321, ""candidate_after_max_hold"": 1, ""lifecycle_without_exit_replay"": 515, ""no_candidate"": 74, ""none"": 2674, ""not_active_exit_eligible"": 1, ""stale_data_no_action"": 8}"
1500,-1500,120000,100,3079,515,2674,405,369,448,2262,-845369,-274.5595972718415,-202.0,-792523,-257.3962325430335,-202.0,52846,17.163364728808055,0.0,19.76290201944652,0.0,841,353,1480,0.7043551088777219,1194,0.6778492387988286,202,245633,219,317306,639,181378,0,0,427011,374165,False,True,265.9,8,74,1,321,1,0,515,3079,0,0,4,"{""cut_target"": 219, ""harmful_exit"": 134, ""neutral_exit"": 1480, ""no_active_exit"": 405, ""no_exit_replay"": 515, ""saved_stop"": 202, ""timeout_improved"": 639}","{""candidate_after_baseline_exit"": 321, ""candidate_after_max_hold"": 1, ""lifecycle_without_exit_replay"": 515, ""no_candidate"": 74, ""none"": 2674, ""not_active_exit_eligible"": 1, ""stale_data_no_action"": 8}"
1500,-1500,120000,150,3079,515,2674,405,369,448,2262,-999319,-324.5595972718415,-252.0,-946473,-307.3962325430335,-252.0,52846,17.163364728808055,0.0,19.76290201944652,0.0,841,353,1480,0.7043551088777219,1194,0.6778492387988286,202,245633,219,317306,639,181378,0,0,427011,374165,False,True,265.9,8,74,1,321,1,0,515,3079,0,0,4,"{""cut_target"": 219, ""harmful_exit"": 134, ""neutral_exit"": 1480, ""no_active_exit"": 405, ""no_exit_replay"": 515, ""saved_stop"": 202, ""timeout_improved"": 639}","{""candidate_after_baseline_exit"": 321, ""candidate_after_max_hold"": 1, ""lifecycle_without_exit_replay"": 515, ""no_candidate"": 74, ""none"": 2674, ""not_active_exit_eligible"": 1, ""stale_data_no_action"": 8}"
1500,-1500,120000,200,3079,515,2674,405,369,448,2262,-1153269,-374.5595972718415,-302.0,-1100423,-357.3962325430335,-302.0,52846,17.163364728808055,0.0,19.76290201944652,0.0,841,353,1480,0.7043551088777219,1194,0.6778492387988286,202,245633,219,317306,639,181378,0,0,427011,374165,False,True,265.9,8,74,1,321,1,0,515,3079,0,0,4,"{""cut_target"": 219, ""harmful_exit"": 134, ""neutral_exit"": 1480, ""no_active_exit"": 405, ""no_exit_replay"": 515, ""saved_stop"": 202, ""timeout_improved"": 639}","{""candidate_after_baseline_exit"": 321, ""candidate_after_max_hold"": 1, ""lifecycle_without_exit_replay"": 515, ""no_candidate"": 74, ""none"": 2674, ""not_active_exit_eligible"": 1, ""stale_data_no_action"": 8}"
1500,-2000,30000,0,3079,515,2703,376,236,276,2567,-610182,-198.17538161740825,-102.0,-574189,-186.48554725560246,-102.0,35993,11.689834361805781,0.0,13.315945246022938,0.0,439,283,1981,0.6080332409972299,722,0.5719415816601444,83,119763,88,127756,356,123432,0,0,243195,207202,False,True,118.6,8,74,1,208,85,0,515,3079,0,0,4,"{""cut_target"": 88, ""harmful_exit"": 195, ""neutral_exit"": 1981, ""no_active_exit"": 376, ""no_exit_replay"": 515, ""saved_stop"": 83, ""timeout_improved"": 356}","{""candidate_after_baseline_exit"": 208, ""candidate_after_max_hold"": 85, ""lifecycle_without_exit_replay"": 515, ""no_candidate"": 74, ""none"": 2703, ""not_active_exit_eligible"": 1, ""stale_data_no_action"": 8}"
1500,-2000,30000,50,3079,515,2703,376,236,276,2567,-764132,-248.17538161740825,-152.0,-728139,-236.48554725560246,-152.0,35993,11.689834361805781,0.0,13.315945246022938,0.0,439,283,1981,0.6080332409972299,722,0.5719415816601444,83,119763,88,127756,356,123432,0,0,243195,207202,False,True,118.6,8,74,1,208,85,0,515,3079,0,0,4,"{""cut_target"": 88, ""harmful_exit"": 195, ""neutral_exit"": 1981, ""no_active_exit"": 376, ""no_exit_replay"": 515, ""saved_stop"": 83, ""timeout_improved"": 356}","{""candidate_after_baseline_exit"": 208, ""candidate_after_max_hold"": 85, ""lifecycle_without_exit_replay"": 515, ""no_candidate"": 74, ""none"": 2703, ""not_active_exit_eligible"": 1, ""stale_data_no_action"": 8}"
1500,-2000,30000,100,3079,515,2703,376,236,276,2567,-918082,-298.1753816174083,-202.0,-882089,-286.48554725560246,-202.0,35993,11.689834361805781,0.0,13.315945246022938,0.0,439,283,1981,0.6080332409972299,722,0.5719415816601444,83,119763,88,127756,356,123432,0,0,243195,207202,False,True,118.6,8,74,1,208,85,0,515,3079,0,0,4,"{""cut_target"": 88, ""harmful_exit"": 195, ""neutral_exit"": 1981, ""no_active_exit"": 376, ""no_exit_replay"": 515, ""saved_stop"": 83, ""timeout_improved"": 356}","{""candidate_after_baseline_exit"": 208, ""candidate_after_max_hold"": 85, ""lifecycle_without_exit_replay"": 515, ""no_candidate"": 74, ""none"": 2703, ""not_active_exit_eligible"": 1, ""stale_data_no_action"": 8}"
1500,-2000,30000,150,3079,515,2703,376,236,276,2567,-1072032,-348.1753816174083,-252.0,-1036039,-336.48554725560246,-252.0,35993,11.689834361805781,0.0,13.315945246022938,0.0,439,283,1981,0.6080332409972299,722,0.5719415816601444,83,119763,88,127756,356,123432,0,0,243195,207202,False,True,118.6,8,74,1,208,85,0,515,3079,0,0,4,"{""cut_target"": 88, ""harmful_exit"": 195, ""neutral_exit"": 1981, ""no_active_exit"": 376, ""no_exit_replay"": 515, ""saved_stop"": 83, ""timeout_improved"": 356}","{""candidate_after_baseline_exit"": 208, ""candidate_after_max_hold"": 85, ""lifecycle_without_exit_replay"": 515, ""no_candidate"": 74, ""none"": 2703, ""not_active_exit_eligible"": 1, ""stale_data_no_action"": 8}"
1500,-2000,30000,200,3079,515,2703,376,236,276,2567,-1225982,-398.1753816174083,-302.0,-1189989,-386.48554725560246,-302.0,35993,11.689834361805781,0.0,13.315945246022938,0.0,439,283,1981,0.6080332409972299,722,0.5719415816601444,83,119763,88,127756,356,123432,0,0,243195,207202,False,True,118.6,8,74,1,208,85,0,515,3079,0,0,4,"{""cut_target"": 88, ""harmful_exit"": 195, ""neutral_exit"": 1981, ""no_active_exit"": 376, ""no_exit_replay"": 515, ""saved_stop"": 83, ""timeout_improved"": 356}","{""candidate_after_baseline_exit"": 208, ""candidate_after_max_hold"": 85, ""lifecycle_without_exit_replay"": 515, ""no_candidate"": 74, ""none"": 2703, ""not_active_exit_eligible"": 1, ""stale_data_no_action"": 8}"
1500,-2000,60000,0,3079,515,2719,360,322,343,2414,-614155,-199.4657356284508,-102.0,-568813,-184.73952582007146,-102.0,45342,14.726209808379345,0.0,16.675983817579993,0.0,622,368,1729,0.6282828282828283,990,0.5977378046465206,148,220465,166,248064,474,160471,0,0,380936,335594,False,True,195.4,8,74,1,267,10,0,515,3079,0,0,3,"{""cut_target"": 166, ""harmful_exit"": 202, ""neutral_exit"": 1729, ""no_active_exit"": 360, ""no_exit_replay"": 515, ""saved_stop"": 148, ""timeout_improved"": 474}","{""candidate_after_baseline_exit"": 267, ""candidate_after_max_hold"": 10, ""lifecycle_without_exit_replay"": 515, ""no_candidate"": 74, ""none"": 2719, ""not_active_exit_eligible"": 1, ""stale_data_no_action"": 8}"
1500,-2000,60000,50,3079,515,2719,360,322,343,2414,-768105,-249.4657356284508,-152.0,-722763,-234.73952582007146,-152.0,45342,14.726209808379345,0.0,16.675983817579993,0.0,622,368,1729,0.6282828282828283,990,0.5977378046465206,148,220465,166,248064,474,160471,0,0,380936,335594,False,True,195.4,8,74,1,267,10,0,515,3079,0,0,3,"{""cut_target"": 166, ""harmful_exit"": 202, ""neutral_exit"": 1729, ""no_active_exit"": 360, ""no_exit_replay"": 515, ""saved_stop"": 148, ""timeout_improved"": 474}","{""candidate_after_baseline_exit"": 267, ""candidate_after_max_hold"": 10, ""lifecycle_without_exit_replay"": 515, ""no_candidate"": 74, ""none"": 2719, ""not_active_exit_eligible"": 1, ""stale_data_no_action"": 8}"
1500,-2000,60000,100,3079,515,2719,360,322,343,2414,-922055,-299.4657356284508,-202.0,-876713,-284.73952582007144,-202.0,45342,14.726209808379345,0.0,16.675983817579993,0.0,622,368,1729,0.6282828282828283,990,0.5977378046465206,148,220465,166,248064,474,160471,0,0,380936,335594,False,True,195.4,8,74,1,267,10,0,515,3079,0,0,3,"{""cut_target"": 166, ""harmful_exit"": 202, ""neutral_exit"": 1729, ""no_active_exit"": 360, ""no_exit_replay"": 515, ""saved_stop"": 148, ""timeout_improved"": 474}","{""candidate_after_baseline_exit"": 267, ""candidate_after_max_hold"": 10, ""lifecycle_without_exit_replay"": 515, ""no_candidate"": 74, ""none"": 2719, ""not_active_exit_eligible"": 1, ""stale_data_no_action"": 8}"
1500,-2000,60000,150,3079,515,2719,360,322,343,2414,-1076005,-349.4657356284508,-252.0,-1030663,-334.73952582007144,-252.0,45342,14.726209808379345,0.0,16.675983817579993,0.0,622,368,1729,0.6282828282828283,990,0.5977378046465206,148,220465,166,248064,474,160471,0,0,380936,335594,False,True,195.4,8,74,1,267,10,0,515,3079,0,0,3,"{""cut_target"": 166, ""harmful_exit"": 202, ""neutral_exit"": 1729, ""no_active_exit"": 360, ""no_exit_replay"": 515, ""saved_stop"": 148, ""timeout_improved"": 474}","{""candidate_after_baseline_exit"": 267, ""candidate_after_max_hold"": 10, ""lifecycle_without_exit_replay"": 515, ""no_candidate"": 74, ""none"": 2719, ""not_active_exit_eligible"": 1, ""stale_data_no_action"": 8}"
1500,-2000,60000,200,3079,515,2719,360,322,343,2414,-1229955,-399.4657356284508,-302.0,-1184613,-384.73952582007144,-302.0,45342,14.726209808379345,0.0,16.675983817579993,0.0,622,368,1729,0.6282828282828283,990,0.5977378046465206,148,220465,166,248064,474,160471,0,0,380936,335594,False,True,195.4,8,74,1,267,10,0,515,3079,0,0,3,"{""cut_target"": 166, ""harmful_exit"": 202, ""neutral_exit"": 1729, ""no_active_exit"": 360, ""no_exit_replay"": 515, ""saved_stop"": 148, ""timeout_improved"": 474}","{""candidate_after_baseline_exit"": 267, ""candidate_after_max_hold"": 10, ""lifecycle_without_exit_replay"": 515, ""no_candidate"": 74, ""none"": 2719, ""not_active_exit_eligible"": 1, ""stale_data_no_action"": 8}"
1500,-2000,120000,0,3079,515,2719,360,388,379,2312,-665659,-216.19324455992205,-102.0,-568190,-184.537187398506,-102.0,97469,31.656057161416044,0.0,35.847370356748804,0.0,860,372,1487,0.698051948051948,1232,0.6718326552591185,184,287647,232,350800,676,224405,0,0,512052,414583,False,True,251.60000000000002,8,74,1,276,1,0,515,3079,0,0,4,"{""cut_target"": 232, ""harmful_exit"": 140, ""neutral_exit"": 1487, ""no_active_exit"": 360, ""no_exit_replay"": 515, ""saved_stop"": 184, ""timeout_improved"": 676}","{""candidate_after_baseline_exit"": 276, ""candidate_after_max_hold"": 1, ""lifecycle_without_exit_replay"": 515, ""no_candidate"": 74, ""none"": 2719, ""not_active_exit_eligible"": 1, ""stale_data_no_action"": 8}"
1500,-2000,120000,50,3079,515,2719,360,388,379,2312,-819609,-266.19324455992205,-152.0,-722140,-234.537187398506,-152.0,97469,31.656057161416044,0.0,35.847370356748804,0.0,860,372,1487,0.698051948051948,1232,0.6718326552591185,184,287647,232,350800,676,224405,0,0,512052,414583,False,True,251.60000000000002,8,74,1,276,1,0,515,3079,0,0,4,"{""cut_target"": 232, ""harmful_exit"": 140, ""neutral_exit"": 1487, ""no_active_exit"": 360, ""no_exit_replay"": 515, ""saved_stop"": 184, ""timeout_improved"": 676}","{""candidate_after_baseline_exit"": 276, ""candidate_after_max_hold"": 1, ""lifecycle_without_exit_replay"": 515, ""no_candidate"": 74, ""none"": 2719, ""not_active_exit_eligible"": 1, ""stale_data_no_action"": 8}"
1500,-2000,120000,100,3079,515,2719,360,388,379,2312,-973559,-316.19324455992205,-202.0,-876090,-284.53718739850603,-202.0,97469,31.656057161416044,0.0,35.847370356748804,0.0,860,372,1487,0.698051948051948,1232,0.6718326552591185,184,287647,232,350800,676,224405,0,0,512052,414583,False,True,251.60000000000002,8,74,1,276,1,0,515,3079,0,0,4,"{""cut_target"": 232, ""harmful_exit"": 140, ""neutral_exit"": 1487, ""no_active_exit"": 360, ""no_exit_replay"": 515, ""saved_stop"": 184, ""timeout_improved"": 676}","{""candidate_after_baseline_exit"": 276, ""candidate_after_max_hold"": 1, ""lifecycle_without_exit_replay"": 515, ""no_candidate"": 74, ""none"": 2719, ""not_active_exit_eligible"": 1, ""stale_data_no_action"": 8}"
1500,-2000,120000,150,3079,515,2719,360,388,379,2312,-1127509,-366.19324455992205,-252.0,-1030040,-334.53718739850603,-252.0,97469,31.656057161416044,0.0,35.847370356748804,0.0,860,372,1487,0.698051948051948,1232,0.6718326552591185,184,287647,232,350800,676,224405,0,0,512052,414583,False,True,251.60000000000002,8,74,1,276,1,0,515,3079,0,0,4,"{""cut_target"": 232, ""harmful_exit"": 140, ""neutral_exit"": 1487, ""no_active_exit"": 360, ""no_exit_replay"": 515, ""saved_stop"": 184, ""timeout_improved"": 676}","{""candidate_after_baseline_exit"": 276, ""candidate_after_max_hold"": 1, ""lifecycle_without_exit_replay"": 515, ""no_candidate"": 74, ""none"": 2719, ""not_active_exit_eligible"": 1, ""stale_data_no_action"": 8}"
1500,-2000,120000,200,3079,515,2719,360,388,379,2312,-1281459,-416.19324455992205,-302.0,-1183990,-384.53718739850603,-302.0,97469,31.656057161416044,0.0,35.847370356748804,0.0,860,372,1487,0.698051948051948,1232,0.6718326552591185,184,287647,232,350800,676,224405,0,0,512052,414583,False,True,251.60000000000002,8,74,1,276,1,0,515,3079,0,0,4,"{""cut_target"": 232, ""harmful_exit"": 140, ""neutral_exit"": 1487, ""no_active_exit"": 360, ""no_exit_replay"": 515, ""saved_stop"": 184, ""timeout_improved"": 676}","{""candidate_after_baseline_exit"": 276, ""candidate_after_max_hold"": 1, ""lifecycle_without_exit_replay"": 515, ""no_candidate"": 74, ""none"": 2719, ""not_active_exit_eligible"": 1, ""stale_data_no_action"": 8}"
1500,-3000,30000,0,3079,515,2773,306,243,179,2657,-757455,-246.00682039623254,-102.0,-657759,-213.62747645339397,-102.0,99696,32.37934394283858,0.0,35.95239812477461,0.0,478,301,1994,0.613607188703466,779,0.5789360028696235,74,127319,88,127756,404,188778,0,0,316097,216401,False,True,114.4,8,74,1,138,85,0,515,3079,0,0,3,"{""cut_target"": 88, ""harmful_exit"": 213, ""neutral_exit"": 1994, ""no_active_exit"": 306, ""no_exit_replay"": 515, ""saved_stop"": 74, ""timeout_improved"": 404}","{""candidate_after_baseline_exit"": 138, ""candidate_after_max_hold"": 85, ""lifecycle_without_exit_replay"": 515, ""no_candidate"": 74, ""none"": 2773, ""not_active_exit_eligible"": 1, ""stale_data_no_action"": 8}"
1500,-3000,30000,50,3079,515,2773,306,243,179,2657,-911405,-296.00682039623257,-152.0,-811709,-263.62747645339397,-152.0,99696,32.37934394283858,0.0,35.95239812477461,0.0,478,301,1994,0.613607188703466,779,0.5789360028696235,74,127319,88,127756,404,188778,0,0,316097,216401,False,True,114.4,8,74,1,138,85,0,515,3079,0,0,3,"{""cut_target"": 88, ""harmful_exit"": 213, ""neutral_exit"": 1994, ""no_active_exit"": 306, ""no_exit_replay"": 515, ""saved_stop"": 74, ""timeout_improved"": 404}","{""candidate_after_baseline_exit"": 138, ""candidate_after_max_hold"": 85, ""lifecycle_without_exit_replay"": 515, ""no_candidate"": 74, ""none"": 2773, ""not_active_exit_eligible"": 1, ""stale_data_no_action"": 8}"
1500,-3000,30000,100,3079,515,2773,306,243,179,2657,-1065355,-346.00682039623257,-202.0,-965659,-313.62747645339397,-202.0,99696,32.37934394283858,0.0,35.95239812477461,0.0,478,301,1994,0.613607188703466,779,0.5789360028696235,74,127319,88,127756,404,188778,0,0,316097,216401,False,True,114.4,8,74,1,138,85,0,515,3079,0,0,3,"{""cut_target"": 88, ""harmful_exit"": 213, ""neutral_exit"": 1994, ""no_active_exit"": 306, ""no_exit_replay"": 515, ""saved_stop"": 74, ""timeout_improved"": 404}","{""candidate_after_baseline_exit"": 138, ""candidate_after_max_hold"": 85, ""lifecycle_without_exit_replay"": 515, ""no_candidate"": 74, ""none"": 2773, ""not_active_exit_eligible"": 1, ""stale_data_no_action"": 8}"
1500,-3000,30000,150,3079,515,2773,306,243,179,2657,-1219305,-396.00682039623257,-252.0,-1119609,-363.62747645339397,-252.0,99696,32.37934394283858,0.0,35.95239812477461,0.0,478,301,1994,0.613607188703466,779,0.5789360028696235,74,127319,88,127756,404,188778,0,0,316097,216401,False,True,114.4,8,74,1,138,85,0,515,3079,0,0,3,"{""cut_target"": 88, ""harmful_exit"": 213, ""neutral_exit"": 1994, ""no_active_exit"": 306, ""no_exit_replay"": 515, ""saved_stop"": 74, ""timeout_improved"": 404}","{""candidate_after_baseline_exit"": 138, ""candidate_after_max_hold"": 85, ""lifecycle_without_exit_replay"": 515, ""no_candidate"": 74, ""none"": 2773, ""not_active_exit_eligible"": 1, ""stale_data_no_action"": 8}"
1500,-3000,30000,200,3079,515,2773,306,243,179,2657,-1373255,-446.00682039623257,-302.0,-1273559,-413.62747645339397,-302.0,99696,32.37934394283858,0.0,35.95239812477461,0.0,478,301,1994,0.613607188703466,779,0.5789360028696235,74,127319,88,127756,404,188778,0,0,316097,216401,False,True,114.4,8,74,1,138,85,0,515,3079,0,0,3,"{""cut_target"": 88, ""harmful_exit"": 213, ""neutral_exit"": 1994, ""no_active_exit"": 306, ""no_exit_replay"": 515, ""saved_stop"": 74, ""timeout_improved"": 404}","{""candidate_after_baseline_exit"": 138, ""candidate_after_max_hold"": 85, ""lifecycle_without_exit_replay"": 515, ""no_candidate"": 74, ""none"": 2773, ""not_active_exit_eligible"": 1, ""stale_data_no_action"": 8}"
1500,-3000,60000,0,3079,515,2798,281,336,230,2513,-797220,-258.9217278337122,-102.0,-654628,-212.6105878531991,-102.0,142592,46.311139980513154,0.0,50.96211579699786,0.0,667,393,1738,0.629245283018868,1060,0.5997504545391636,122,240654,172,262067,545,262550,0,0,503204,360612,False,True,176.5,8,74,1,188,10,0,515,3079,0,0,3,"{""cut_target"": 172, ""harmful_exit"": 221, ""neutral_exit"": 1738, ""no_active_exit"": 281, ""no_exit_replay"": 515, ""saved_stop"": 122, ""timeout_improved"": 545}","{""candidate_after_baseline_exit"": 188, ""candidate_after_max_hold"": 10, ""lifecycle_without_exit_replay"": 515, ""no_candidate"": 74, ""none"": 2798, ""not_active_exit_eligible"": 1, ""stale_data_no_action"": 8}"
1500,-3000,60000,50,3079,515,2798,281,336,230,2513,-951170,-308.9217278337122,-152.0,-808578,-262.6105878531991,-152.0,142592,46.311139980513154,0.0,50.96211579699786,0.0,667,393,1738,0.629245283018868,1060,0.5997504545391636,122,240654,172,262067,545,262550,0,0,503204,360612,False,True,176.5,8,74,1,188,10,0,515,3079,0,0,3,"{""cut_target"": 172, ""harmful_exit"": 221, ""neutral_exit"": 1738, ""no_active_exit"": 281, ""no_exit_replay"": 515, ""saved_stop"": 122, ""timeout_improved"": 545}","{""candidate_after_baseline_exit"": 188, ""candidate_after_max_hold"": 10, ""lifecycle_without_exit_replay"": 515, ""no_candidate"": 74, ""none"": 2798, ""not_active_exit_eligible"": 1, ""stale_data_no_action"": 8}"
1500,-3000,60000,100,3079,515,2798,281,336,230,2513,-1105120,-358.9217278337122,-202.0,-962528,-312.6105878531991,-202.0,142592,46.311139980513154,0.0,50.96211579699786,0.0,667,393,1738,0.629245283018868,1060,0.5997504545391636,122,240654,172,262067,545,262550,0,0,503204,360612,False,True,176.5,8,74,1,188,10,0,515,3079,0,0,3,"{""cut_target"": 172, ""harmful_exit"": 221, ""neutral_exit"": 1738, ""no_active_exit"": 281, ""no_exit_replay"": 515, ""saved_stop"": 122, ""timeout_improved"": 545}","{""candidate_after_baseline_exit"": 188, ""candidate_after_max_hold"": 10, ""lifecycle_without_exit_replay"": 515, ""no_candidate"": 74, ""none"": 2798, ""not_active_exit_eligible"": 1, ""stale_data_no_action"": 8}"
1500,-3000,60000,150,3079,515,2798,281,336,230,2513,-1259070,-408.9217278337122,-252.0,-1116478,-362.6105878531991,-252.0,142592,46.311139980513154,0.0,50.96211579699786,0.0,667,393,1738,0.629245283018868,1060,0.5997504545391636,122,240654,172,262067,545,262550,0,0,503204,360612,False,True,176.5,8,74,1,188,10,0,515,3079,0,0,3,"{""cut_target"": 172, ""harmful_exit"": 221, ""neutral_exit"": 1738, ""no_active_exit"": 281, ""no_exit_replay"": 515, ""saved_stop"": 122, ""timeout_improved"": 545}","{""candidate_after_baseline_exit"": 188, ""candidate_after_max_hold"": 10, ""lifecycle_without_exit_replay"": 515, ""no_candidate"": 74, ""none"": 2798, ""not_active_exit_eligible"": 1, ""stale_data_no_action"": 8}"
1500,-3000,60000,200,3079,515,2798,281,336,230,2513,-1413020,-458.9217278337122,-302.0,-1270428,-412.6105878531991,-302.0,142592,46.311139980513154,0.0,50.96211579699786,0.0,667,393,1738,0.629245283018868,1060,0.5997504545391636,122,240654,172,262067,545,262550,0,0,503204,360612,False,True,176.5,8,74,1,188,10,0,515,3079,0,0,3,"{""cut_target"": 172, ""harmful_exit"": 221, ""neutral_exit"": 1738, ""no_active_exit"": 281, ""no_exit_replay"": 515, ""saved_stop"": 122, ""timeout_improved"": 545}","{""candidate_after_baseline_exit"": 188, ""candidate_after_max_hold"": 10, ""lifecycle_without_exit_replay"": 515, ""no_candidate"": 74, ""none"": 2798, ""not_active_exit_eligible"": 1, ""stale_data_no_action"": 8}"
1500,-3000,120000,0,3079,515,2798,281,411,272,2396,-878915,-285.4546930821695,-102.0,-654005,-212.40824943163364,-102.0,224910,73.04644365053589,0.0,80.38241601143675,0.0,907,396,1495,0.6960859554873369,1303,0.6705659433480509,164,340762,247,382709,743,335674,0,0,676436,451526,False,False,238.3,8,74,1,197,1,0,515,3079,0,0,4,"{""cut_target"": 247, ""harmful_exit"": 149, ""neutral_exit"": 1495, ""no_active_exit"": 281, ""no_exit_replay"": 515, ""saved_stop"": 164, ""timeout_improved"": 743}","{""candidate_after_baseline_exit"": 197, ""candidate_after_max_hold"": 1, ""lifecycle_without_exit_replay"": 515, ""no_candidate"": 74, ""none"": 2798, ""not_active_exit_eligible"": 1, ""stale_data_no_action"": 8}"
1500,-3000,120000,50,3079,515,2798,281,411,272,2396,-1032865,-335.4546930821695,-152.0,-807955,-262.40824943163364,-152.0,224910,73.04644365053589,0.0,80.38241601143675,0.0,907,396,1495,0.6960859554873369,1303,0.6705659433480509,164,340762,247,382709,743,335674,0,0,676436,451526,False,False,238.3,8,74,1,197,1,0,515,3079,0,0,4,"{""cut_target"": 247, ""harmful_exit"": 149, ""neutral_exit"": 1495, ""no_active_exit"": 281, ""no_exit_replay"": 515, ""saved_stop"": 164, ""timeout_improved"": 743}","{""candidate_after_baseline_exit"": 197, ""candidate_after_max_hold"": 1, ""lifecycle_without_exit_replay"": 515, ""no_candidate"": 74, ""none"": 2798, ""not_active_exit_eligible"": 1, ""stale_data_no_action"": 8}"
1500,-3000,120000,100,3079,515,2798,281,411,272,2396,-1186815,-385.4546930821695,-202.0,-961905,-312.40824943163364,-202.0,224910,73.04644365053589,0.0,80.38241601143675,0.0,907,396,1495,0.6960859554873369,1303,0.6705659433480509,164,340762,247,382709,743,335674,0,0,676436,451526,False,False,238.3,8,74,1,197,1,0,515,3079,0,0,4,"{""cut_target"": 247, ""harmful_exit"": 149, ""neutral_exit"": 1495, ""no_active_exit"": 281, ""no_exit_replay"": 515, ""saved_stop"": 164, ""timeout_improved"": 743}","{""candidate_after_baseline_exit"": 197, ""candidate_after_max_hold"": 1, ""lifecycle_without_exit_replay"": 515, ""no_candidate"": 74, ""none"": 2798, ""not_active_exit_eligible"": 1, ""stale_data_no_action"": 8}"
1500,-3000,120000,150,3079,515,2798,281,411,272,2396,-1340765,-435.4546930821695,-252.0,-1115855,-362.40824943163364,-252.0,224910,73.04644365053589,0.0,80.38241601143675,0.0,907,396,1495,0.6960859554873369,1303,0.6705659433480509,164,340762,247,382709,743,335674,0,0,676436,451526,False,False,238.3,8,74,1,197,1,0,515,3079,0,0,4,"{""cut_target"": 247, ""harmful_exit"": 149, ""neutral_exit"": 1495, ""no_active_exit"": 281, ""no_exit_replay"": 515, ""saved_stop"": 164, ""timeout_improved"": 743}","{""candidate_after_baseline_exit"": 197, ""candidate_after_max_hold"": 1, ""lifecycle_without_exit_replay"": 515, ""no_candidate"": 74, ""none"": 2798, ""not_active_exit_eligible"": 1, ""stale_data_no_action"": 8}"
1500,-3000,120000,200,3079,515,2798,281,411,272,2396,-1494715,-485.4546930821695,-302.0,-1269805,-412.40824943163364,-302.0,224910,73.04644365053589,0.0,80.38241601143675,0.0,907,396,1495,0.6960859554873369,1303,0.6705659433480509,164,340762,247,382709,743,335674,0,0,676436,451526,False,False,238.3,8,74,1,197,1,0,515,3079,0,0,4,"{""cut_target"": 247, ""harmful_exit"": 149, ""neutral_exit"": 1495, ""no_active_exit"": 281, ""no_exit_replay"": 515, ""saved_stop"": 164, ""timeout_improved"": 743}","{""candidate_after_baseline_exit"": 197, ""candidate_after_max_hold"": 1, ""lifecycle_without_exit_replay"": 515, ""no_candidate"": 74, ""none"": 2798, ""not_active_exit_eligible"": 1, ""stale_data_no_action"": 8}"
1500,-5000,30000,0,3079,515,2828,251,252,75,2752,-904431,-293.7417992854823,-102.0,-750029,-243.59499837609613,-102.0,154402,50.146800909386165,0.0,54.597595473833096,0.0,505,317,2006,0.6143552311435523,822,0.5806217010409087,36,106009,90,138405,469,290763,0,0,396772,242370,False,False,82.9,8,74,1,83,85,0,515,3079,0,0,3,"{""cut_target"": 90, ""harmful_exit"": 227, ""neutral_exit"": 2006, ""no_active_exit"": 251, ""no_exit_replay"": 515, ""saved_stop"": 36, ""timeout_improved"": 469}","{""candidate_after_baseline_exit"": 83, ""candidate_after_max_hold"": 85, ""lifecycle_without_exit_replay"": 515, ""no_candidate"": 74, ""none"": 2828, ""not_active_exit_eligible"": 1, ""stale_data_no_action"": 8}"
1500,-5000,30000,50,3079,515,2828,251,252,75,2752,-1058381,-343.7417992854823,-152.0,-903979,-293.59499837609616,-152.0,154402,50.146800909386165,0.0,54.597595473833096,0.0,505,317,2006,0.6143552311435523,822,0.5806217010409087,36,106009,90,138405,469,290763,0,0,396772,242370,False,False,82.9,8,74,1,83,85,0,515,3079,0,0,3,"{""cut_target"": 90, ""harmful_exit"": 227, ""neutral_exit"": 2006, ""no_active_exit"": 251, ""no_exit_replay"": 515, ""saved_stop"": 36, ""timeout_improved"": 469}","{""candidate_after_baseline_exit"": 83, ""candidate_after_max_hold"": 85, ""lifecycle_without_exit_replay"": 515, ""no_candidate"": 74, ""none"": 2828, ""not_active_exit_eligible"": 1, ""stale_data_no_action"": 8}"
1500,-5000,30000,100,3079,515,2828,251,252,75,2752,-1212331,-393.7417992854823,-202.0,-1057929,-343.59499837609616,-202.0,154402,50.146800909386165,0.0,54.597595473833096,0.0,505,317,2006,0.6143552311435523,822,0.5806217010409087,36,106009,90,138405,469,290763,0,0,396772,242370,False,False,82.9,8,74,1,83,85,0,515,3079,0,0,3,"{""cut_target"": 90, ""harmful_exit"": 227, ""neutral_exit"": 2006, ""no_active_exit"": 251, ""no_exit_replay"": 515, ""saved_stop"": 36, ""timeout_improved"": 469}","{""candidate_after_baseline_exit"": 83, ""candidate_after_max_hold"": 85, ""lifecycle_without_exit_replay"": 515, ""no_candidate"": 74, ""none"": 2828, ""not_active_exit_eligible"": 1, ""stale_data_no_action"": 8}"
1500,-5000,30000,150,3079,515,2828,251,252,75,2752,-1366281,-443.7417992854823,-252.0,-1211879,-393.59499837609616,-252.0,154402,50.146800909386165,0.0,54.597595473833096,0.0,505,317,2006,0.6143552311435523,822,0.5806217010409087,36,106009,90,138405,469,290763,0,0,396772,242370,False,False,82.9,8,74,1,83,85,0,515,3079,0,0,3,"{""cut_target"": 90, ""harmful_exit"": 227, ""neutral_exit"": 2006, ""no_active_exit"": 251, ""no_exit_replay"": 515, ""saved_stop"": 36, ""timeout_improved"": 469}","{""candidate_after_baseline_exit"": 83, ""candidate_after_max_hold"": 85, ""lifecycle_without_exit_replay"": 515, ""no_candidate"": 74, ""none"": 2828, ""not_active_exit_eligible"": 1, ""stale_data_no_action"": 8}"
1500,-5000,30000,200,3079,515,2828,251,252,75,2752,-1520231,-493.7417992854823,-302.0,-1365829,-443.59499837609616,-302.0,154402,50.146800909386165,0.0,54.597595473833096,0.0,505,317,2006,0.6143552311435523,822,0.5806217010409087,36,106009,90,138405,469,290763,0,0,396772,242370,False,False,82.9,8,74,1,83,85,0,515,3079,0,0,3,"{""cut_target"": 90, ""harmful_exit"": 227, ""neutral_exit"": 2006, ""no_active_exit"": 251, ""no_exit_replay"": 515, ""saved_stop"": 36, ""timeout_improved"": 469}","{""candidate_after_baseline_exit"": 83, ""candidate_after_max_hold"": 85, ""lifecycle_without_exit_replay"": 515, ""no_candidate"": 74, ""none"": 2828, ""not_active_exit_eligible"": 1, ""stale_data_no_action"": 8}"
1500,-5000,60000,0,3079,515,2858,221,349,111,2619,-1023838,-332.522897044495,-102.0,-756227,-245.60798960701527,-102.0,267611,86.9149074374797,0.0,93.63575927221834,0.0,703,410,1745,0.6316262353998203,1113,0.6028802781587258,70,217258,178,286066,633,440596,0,0,657854,390243,False,False,133.3,8,74,1,128,10,0,515,3079,0,0,3,"{""cut_target"": 178, ""harmful_exit"": 232, ""neutral_exit"": 1745, ""no_active_exit"": 221, ""no_exit_replay"": 515, ""saved_stop"": 70, ""timeout_improved"": 633}","{""candidate_after_baseline_exit"": 128, ""candidate_after_max_hold"": 10, ""lifecycle_without_exit_replay"": 515, ""no_candidate"": 74, ""none"": 2858, ""not_active_exit_eligible"": 1, ""stale_data_no_action"": 8}"
1500,-5000,60000,50,3079,515,2858,221,349,111,2619,-1177788,-382.522897044495,-152.0,-910177,-295.60798960701527,-152.0,267611,86.9149074374797,0.0,93.63575927221834,0.0,703,410,1745,0.6316262353998203,1113,0.6028802781587258,70,217258,178,286066,633,440596,0,0,657854,390243,False,False,133.3,8,74,1,128,10,0,515,3079,0,0,3,"{""cut_target"": 178, ""harmful_exit"": 232, ""neutral_exit"": 1745, ""no_active_exit"": 221, ""no_exit_replay"": 515, ""saved_stop"": 70, ""timeout_improved"": 633}","{""candidate_after_baseline_exit"": 128, ""candidate_after_max_hold"": 10, ""lifecycle_without_exit_replay"": 515, ""no_candidate"": 74, ""none"": 2858, ""not_active_exit_eligible"": 1, ""stale_data_no_action"": 8}"
1500,-5000,60000,100,3079,515,2858,221,349,111,2619,-1331738,-432.522897044495,-202.0,-1064127,-345.60798960701527,-202.0,267611,86.9149074374797,0.0,93.63575927221834,0.0,703,410,1745,0.6316262353998203,1113,0.6028802781587258,70,217258,178,286066,633,440596,0,0,657854,390243,False,False,133.3,8,74,1,128,10,0,515,3079,0,0,3,"{""cut_target"": 178, ""harmful_exit"": 232, ""neutral_exit"": 1745, ""no_active_exit"": 221, ""no_exit_replay"": 515, ""saved_stop"": 70, ""timeout_improved"": 633}","{""candidate_after_baseline_exit"": 128, ""candidate_after_max_hold"": 10, ""lifecycle_without_exit_replay"": 515, ""no_candidate"": 74, ""none"": 2858, ""not_active_exit_eligible"": 1, ""stale_data_no_action"": 8}"
1500,-5000,60000,150,3079,515,2858,221,349,111,2619,-1485688,-482.522897044495,-252.0,-1218077,-395.60798960701527,-252.0,267611,86.9149074374797,0.0,93.63575927221834,0.0,703,410,1745,0.6316262353998203,1113,0.6028802781587258,70,217258,178,286066,633,440596,0,0,657854,390243,False,False,133.3,8,74,1,128,10,0,515,3079,0,0,3,"{""cut_target"": 178, ""harmful_exit"": 232, ""neutral_exit"": 1745, ""no_active_exit"": 221, ""no_exit_replay"": 515, ""saved_stop"": 70, ""timeout_improved"": 633}","{""candidate_after_baseline_exit"": 128, ""candidate_after_max_hold"": 10, ""lifecycle_without_exit_replay"": 515, ""no_candidate"": 74, ""none"": 2858, ""not_active_exit_eligible"": 1, ""stale_data_no_action"": 8}"
1500,-5000,60000,200,3079,515,2858,221,349,111,2619,-1639638,-532.5228970444949,-302.0,-1372027,-445.60798960701527,-302.0,267611,86.9149074374797,0.0,93.63575927221834,0.0,703,410,1745,0.6316262353998203,1113,0.6028802781587258,70,217258,178,286066,633,440596,0,0,657854,390243,False,False,133.3,8,74,1,128,10,0,515,3079,0,0,3,"{""cut_target"": 178, ""harmful_exit"": 232, ""neutral_exit"": 1745, ""no_active_exit"": 221, ""no_exit_replay"": 515, ""saved_stop"": 70, ""timeout_improved"": 633}","{""candidate_after_baseline_exit"": 128, ""candidate_after_max_hold"": 10, ""lifecycle_without_exit_replay"": 515, ""no_candidate"": 74, ""none"": 2858, ""not_active_exit_eligible"": 1, ""stale_data_no_action"": 8}"
1500,-5000,120000,0,3079,515,2858,221,425,136,2518,-1162311,-377.49626502111073,-102.0,-755604,-245.4056511854498,-102.0,406707,132.09061383566092,0.0,142.30475857242828,0.0,946,410,1502,0.6976401179941003,1356,0.6726646283946414,95,315196,254,410209,851,574110,0,0,889306,482599,False,False,180.10000000000002,8,74,1,137,1,0,515,3079,0,0,4,"{""cut_target"": 254, ""harmful_exit"": 156, ""neutral_exit"": 1502, ""no_active_exit"": 221, ""no_exit_replay"": 515, ""saved_stop"": 95, ""timeout_improved"": 851}","{""candidate_after_baseline_exit"": 137, ""candidate_after_max_hold"": 1, ""lifecycle_without_exit_replay"": 515, ""no_candidate"": 74, ""none"": 2858, ""not_active_exit_eligible"": 1, ""stale_data_no_action"": 8}"
1500,-5000,120000,50,3079,515,2858,221,425,136,2518,-1316261,-427.49626502111073,-152.0,-909554,-295.4056511854498,-152.0,406707,132.09061383566092,0.0,142.30475857242828,0.0,946,410,1502,0.6976401179941003,1356,0.6726646283946414,95,315196,254,410209,851,574110,0,0,889306,482599,False,False,180.10000000000002,8,74,1,137,1,0,515,3079,0,0,4,"{""cut_target"": 254, ""harmful_exit"": 156, ""neutral_exit"": 1502, ""no_active_exit"": 221, ""no_exit_replay"": 515, ""saved_stop"": 95, ""timeout_improved"": 851}","{""candidate_after_baseline_exit"": 137, ""candidate_after_max_hold"": 1, ""lifecycle_without_exit_replay"": 515, ""no_candidate"": 74, ""none"": 2858, ""not_active_exit_eligible"": 1, ""stale_data_no_action"": 8}"
1500,-5000,120000,100,3079,515,2858,221,425,136,2518,-1470211,-477.49626502111073,-202.0,-1063504,-345.4056511854498,-202.0,406707,132.09061383566092,0.0,142.30475857242828,0.0,946,410,1502,0.6976401179941003,1356,0.6726646283946414,95,315196,254,410209,851,574110,0,0,889306,482599,False,False,180.10000000000002,8,74,1,137,1,0,515,3079,0,0,4,"{""cut_target"": 254, ""harmful_exit"": 156, ""neutral_exit"": 1502, ""no_active_exit"": 221, ""no_exit_replay"": 515, ""saved_stop"": 95, ""timeout_improved"": 851}","{""candidate_after_baseline_exit"": 137, ""candidate_after_max_hold"": 1, ""lifecycle_without_exit_replay"": 515, ""no_candidate"": 74, ""none"": 2858, ""not_active_exit_eligible"": 1, ""stale_data_no_action"": 8}"
1500,-5000,120000,150,3079,515,2858,221,425,136,2518,-1624161,-527.4962650211107,-252.0,-1217454,-395.4056511854498,-252.0,406707,132.09061383566092,0.0,142.30475857242828,0.0,946,410,1502,0.6976401179941003,1356,0.6726646283946414,95,315196,254,410209,851,574110,0,0,889306,482599,False,False,180.10000000000002,8,74,1,137,1,0,515,3079,0,0,4,"{""cut_target"": 254, ""harmful_exit"": 156, ""neutral_exit"": 1502, ""no_active_exit"": 221, ""no_exit_replay"": 515, ""saved_stop"": 95, ""timeout_improved"": 851}","{""candidate_after_baseline_exit"": 137, ""candidate_after_max_hold"": 1, ""lifecycle_without_exit_replay"": 515, ""no_candidate"": 74, ""none"": 2858, ""not_active_exit_eligible"": 1, ""stale_data_no_action"": 8}"
1500,-5000,120000,200,3079,515,2858,221,425,136,2518,-1778111,-577.4962650211107,-302.0,-1371404,-445.4056511854498,-302.0,406707,132.09061383566092,0.0,142.30475857242828,0.0,946,410,1502,0.6976401179941003,1356,0.6726646283946414,95,315196,254,410209,851,574110,0,0,889306,482599,False,False,180.10000000000002,8,74,1,137,1,0,515,3079,0,0,4,"{""cut_target"": 254, ""harmful_exit"": 156, ""neutral_exit"": 1502, ""no_active_exit"": 221, ""no_exit_replay"": 515, ""saved_stop"": 95, ""timeout_improved"": 851}","{""candidate_after_baseline_exit"": 137, ""candidate_after_max_hold"": 1, ""lifecycle_without_exit_replay"": 515, ""no_candidate"": 74, ""none"": 2858, ""not_active_exit_eligible"": 1, ""stale_data_no_action"": 8}"
1500,-6000,30000,0,3079,515,2839,240,252,41,2786,-940234,-305.3699253004222,-102.0,-775563,-251.8879506333225,-102.0,164671,53.481974667099706,0.0,58.00317013032758,0.0,511,322,2006,0.6134453781512605,833,0.5799276521785061,15,50705,90,138405,496,363490,0,0,414195,249524,False,False,64.6,8,74,1,72,85,0,515,3079,0,0,3,"{""cut_target"": 90, ""harmful_exit"": 232, ""neutral_exit"": 2006, ""no_active_exit"": 240, ""no_exit_replay"": 515, ""saved_stop"": 15, ""timeout_improved"": 496}","{""candidate_after_baseline_exit"": 72, ""candidate_after_max_hold"": 85, ""lifecycle_without_exit_replay"": 515, ""no_candidate"": 74, ""none"": 2839, ""not_active_exit_eligible"": 1, ""stale_data_no_action"": 8}"
1500,-6000,30000,50,3079,515,2839,240,252,41,2786,-1094184,-355.3699253004222,-152.0,-929513,-301.88795063332253,-152.0,164671,53.481974667099706,0.0,58.00317013032758,0.0,511,322,2006,0.6134453781512605,833,0.5799276521785061,15,50705,90,138405,496,363490,0,0,414195,249524,False,False,64.6,8,74,1,72,85,0,515,3079,0,0,3,"{""cut_target"": 90, ""harmful_exit"": 232, ""neutral_exit"": 2006, ""no_active_exit"": 240, ""no_exit_replay"": 515, ""saved_stop"": 15, ""timeout_improved"": 496}","{""candidate_after_baseline_exit"": 72, ""candidate_after_max_hold"": 85, ""lifecycle_without_exit_replay"": 515, ""no_candidate"": 74, ""none"": 2839, ""not_active_exit_eligible"": 1, ""stale_data_no_action"": 8}"
1500,-6000,30000,100,3079,515,2839,240,252,41,2786,-1248134,-405.3699253004222,-202.0,-1083463,-351.88795063332253,-202.0,164671,53.481974667099706,0.0,58.00317013032758,0.0,511,322,2006,0.6134453781512605,833,0.5799276521785061,15,50705,90,138405,496,363490,0,0,414195,249524,False,False,64.6,8,74,1,72,85,0,515,3079,0,0,3,"{""cut_target"": 90, ""harmful_exit"": 232, ""neutral_exit"": 2006, ""no_active_exit"": 240, ""no_exit_replay"": 515, ""saved_stop"": 15, ""timeout_improved"": 496}","{""candidate_after_baseline_exit"": 72, ""candidate_after_max_hold"": 85, ""lifecycle_without_exit_replay"": 515, ""no_candidate"": 74, ""none"": 2839, ""not_active_exit_eligible"": 1, ""stale_data_no_action"": 8}"
1500,-6000,30000,150,3079,515,2839,240,252,41,2786,-1402084,-455.3699253004222,-252.0,-1237413,-401.88795063332253,-252.0,164671,53.481974667099706,0.0,58.00317013032758,0.0,511,322,2006,0.6134453781512605,833,0.5799276521785061,15,50705,90,138405,496,363490,0,0,414195,249524,False,False,64.6,8,74,1,72,85,0,515,3079,0,0,3,"{""cut_target"": 90, ""harmful_exit"": 232, ""neutral_exit"": 2006, ""no_active_exit"": 240, ""no_exit_replay"": 515, ""saved_stop"": 15, ""timeout_improved"": 496}","{""candidate_after_baseline_exit"": 72, ""candidate_after_max_hold"": 85, ""lifecycle_without_exit_replay"": 515, ""no_candidate"": 74, ""none"": 2839, ""not_active_exit_eligible"": 1, ""stale_data_no_action"": 8}"
1500,-6000,30000,200,3079,515,2839,240,252,41,2786,-1556034,-505.3699253004222,-302.0,-1391363,-451.88795063332253,-302.0,164671,53.481974667099706,0.0,58.00317013032758,0.0,511,322,2006,0.6134453781512605,833,0.5799276521785061,15,50705,90,138405,496,363490,0,0,414195,249524,False,False,64.6,8,74,1,72,85,0,515,3079,0,0,3,"{""cut_target"": 90, ""harmful_exit"": 232, ""neutral_exit"": 2006, ""no_active_exit"": 240, ""no_exit_replay"": 515, ""saved_stop"": 15, ""timeout_improved"": 496}","{""candidate_after_baseline_exit"": 72, ""candidate_after_max_hold"": 85, ""lifecycle_without_exit_replay"": 515, ""no_candidate"": 74, ""none"": 2839, ""not_active_exit_eligible"": 1, ""stale_data_no_action"": 8}"
1500,-6000,60000,0,3079,515,2871,208,350,64,2665,-1083334,-351.84605391360833,-102.0,-780796,-253.58752841831765,-102.0,302538,98.25852549529068,0.0,105.37722048066875,0.0,711,415,1745,0.6314387211367674,1126,0.602858923661567,37,142707,178,286066,674,557412,0,0,700119,397581,False,False,104.4,8,74,1,115,10,0,515,3079,0,0,3,"{""cut_target"": 178, ""harmful_exit"": 237, ""neutral_exit"": 1745, ""no_active_exit"": 208, ""no_exit_replay"": 515, ""saved_stop"": 37, ""timeout_improved"": 674}","{""candidate_after_baseline_exit"": 115, ""candidate_after_max_hold"": 10, ""lifecycle_without_exit_replay"": 515, ""no_candidate"": 74, ""none"": 2871, ""not_active_exit_eligible"": 1, ""stale_data_no_action"": 8}"
1500,-6000,60000,50,3079,515,2871,208,350,64,2665,-1237284,-401.84605391360833,-152.0,-934746,-303.5875284183176,-152.0,302538,98.25852549529068,0.0,105.37722048066875,0.0,711,415,1745,0.6314387211367674,1126,0.602858923661567,37,142707,178,286066,674,557412,0,0,700119,397581,False,False,104.4,8,74,1,115,10,0,515,3079,0,0,3,"{""cut_target"": 178, ""harmful_exit"": 237, ""neutral_exit"": 1745, ""no_active_exit"": 208, ""no_exit_replay"": 515, ""saved_stop"": 37, ""timeout_improved"": 674}","{""candidate_after_baseline_exit"": 115, ""candidate_after_max_hold"": 10, ""lifecycle_without_exit_replay"": 515, ""no_candidate"": 74, ""none"": 2871, ""not_active_exit_eligible"": 1, ""stale_data_no_action"": 8}"
1500,-6000,60000,100,3079,515,2871,208,350,64,2665,-1391234,-451.84605391360833,-202.0,-1088696,-353.5875284183176,-202.0,302538,98.25852549529068,0.0,105.37722048066875,0.0,711,415,1745,0.6314387211367674,1126,0.602858923661567,37,142707,178,286066,674,557412,0,0,700119,397581,False,False,104.4,8,74,1,115,10,0,515,3079,0,0,3,"{""cut_target"": 178, ""harmful_exit"": 237, ""neutral_exit"": 1745, ""no_active_exit"": 208, ""no_exit_replay"": 515, ""saved_stop"": 37, ""timeout_improved"": 674}","{""candidate_after_baseline_exit"": 115, ""candidate_after_max_hold"": 10, ""lifecycle_without_exit_replay"": 515, ""no_candidate"": 74, ""none"": 2871, ""not_active_exit_eligible"": 1, ""stale_data_no_action"": 8}"
1500,-6000,60000,150,3079,515,2871,208,350,64,2665,-1545184,-501.84605391360833,-252.0,-1242646,-403.5875284183176,-252.0,302538,98.25852549529068,0.0,105.37722048066875,0.0,711,415,1745,0.6314387211367674,1126,0.602858923661567,37,142707,178,286066,674,557412,0,0,700119,397581,False,False,104.4,8,74,1,115,10,0,515,3079,0,0,3,"{""cut_target"": 178, ""harmful_exit"": 237, ""neutral_exit"": 1745, ""no_active_exit"": 208, ""no_exit_replay"": 515, ""saved_stop"": 37, ""timeout_improved"": 674}","{""candidate_after_baseline_exit"": 115, ""candidate_after_max_hold"": 10, ""lifecycle_without_exit_replay"": 515, ""no_candidate"": 74, ""none"": 2871, ""not_active_exit_eligible"": 1, ""stale_data_no_action"": 8}"
1500,-6000,60000,200,3079,515,2871,208,350,64,2665,-1699134,-551.8460539136083,-302.0,-1396596,-453.5875284183176,-302.0,302538,98.25852549529068,0.0,105.37722048066875,0.0,711,415,1745,0.6314387211367674,1126,0.602858923661567,37,142707,178,286066,674,557412,0,0,700119,397581,False,False,104.4,8,74,1,115,10,0,515,3079,0,0,3,"{""cut_target"": 178, ""harmful_exit"": 237, ""neutral_exit"": 1745, ""no_active_exit"": 208, ""no_exit_replay"": 515, ""saved_stop"": 37, ""timeout_improved"": 674}","{""candidate_after_baseline_exit"": 115, ""candidate_after_max_hold"": 10, ""lifecycle_without_exit_replay"": 515, ""no_candidate"": 74, ""none"": 2871, ""not_active_exit_eligible"": 1, ""stale_data_no_action"": 8}"
1500,-6000,120000,0,3079,515,2871,208,427,82,2570,-1223581,-397.3955829814875,-102.0,-780173,-253.3851899967522,-102.0,443408,144.0103929847353,0.0,154.44374782305817,0.0,951,418,1502,0.6946676406135865,1369,0.6697548414145703,55,224576,255,411964,896,715492,0,0,940068,496660,False,False,144.60000000000002,8,74,1,124,1,0,515,3079,0,0,4,"{""cut_target"": 255, ""harmful_exit"": 163, ""neutral_exit"": 1502, ""no_active_exit"": 208, ""no_exit_replay"": 515, ""saved_stop"": 55, ""timeout_improved"": 896}","{""candidate_after_baseline_exit"": 124, ""candidate_after_max_hold"": 1, ""lifecycle_without_exit_replay"": 515, ""no_candidate"": 74, ""none"": 2871, ""not_active_exit_eligible"": 1, ""stale_data_no_action"": 8}"
1500,-6000,120000,50,3079,515,2871,208,427,82,2570,-1377531,-447.3955829814875,-152.0,-934123,-303.3851899967522,-152.0,443408,144.0103929847353,0.0,154.44374782305817,0.0,951,418,1502,0.6946676406135865,1369,0.6697548414145703,55,224576,255,411964,896,715492,0,0,940068,496660,False,False,144.60000000000002,8,74,1,124,1,0,515,3079,0,0,4,"{""cut_target"": 255, ""harmful_exit"": 163, ""neutral_exit"": 1502, ""no_active_exit"": 208, ""no_exit_replay"": 515, ""saved_stop"": 55, ""timeout_improved"": 896}","{""candidate_after_baseline_exit"": 124, ""candidate_after_max_hold"": 1, ""lifecycle_without_exit_replay"": 515, ""no_candidate"": 74, ""none"": 2871, ""not_active_exit_eligible"": 1, ""stale_data_no_action"": 8}"
1500,-6000,120000,100,3079,515,2871,208,427,82,2570,-1531481,-497.3955829814875,-202.0,-1088073,-353.3851899967522,-202.0,443408,144.0103929847353,0.0,154.44374782305817,0.0,951,418,1502,0.6946676406135865,1369,0.6697548414145703,55,224576,255,411964,896,715492,0,0,940068,496660,False,False,144.60000000000002,8,74,1,124,1,0,515,3079,0,0,4,"{""cut_target"": 255, ""harmful_exit"": 163, ""neutral_exit"": 1502, ""no_active_exit"": 208, ""no_exit_replay"": 515, ""saved_stop"": 55, ""timeout_improved"": 896}","{""candidate_after_baseline_exit"": 124, ""candidate_after_max_hold"": 1, ""lifecycle_without_exit_replay"": 515, ""no_candidate"": 74, ""none"": 2871, ""not_active_exit_eligible"": 1, ""stale_data_no_action"": 8}"
1500,-6000,120000,150,3079,515,2871,208,427,82,2570,-1685431,-547.3955829814875,-252.0,-1242023,-403.3851899967522,-252.0,443408,144.0103929847353,0.0,154.44374782305817,0.0,951,418,1502,0.6946676406135865,1369,0.6697548414145703,55,224576,255,411964,896,715492,0,0,940068,496660,False,False,144.60000000000002,8,74,1,124,1,0,515,3079,0,0,4,"{""cut_target"": 255, ""harmful_exit"": 163, ""neutral_exit"": 1502, ""no_active_exit"": 208, ""no_exit_replay"": 515, ""saved_stop"": 55, ""timeout_improved"": 896}","{""candidate_after_baseline_exit"": 124, ""candidate_after_max_hold"": 1, ""lifecycle_without_exit_replay"": 515, ""no_candidate"": 74, ""none"": 2871, ""not_active_exit_eligible"": 1, ""stale_data_no_action"": 8}"
1500,-6000,120000,200,3079,515,2871,208,427,82,2570,-1839381,-597.3955829814875,-302.0,-1395973,-453.3851899967522,-302.0,443408,144.0103929847353,0.0,154.44374782305817,0.0,951,418,1502,0.6946676406135865,1369,0.6697548414145703,55,224576,255,411964,896,715492,0,0,940068,496660,False,False,144.60000000000002,8,74,1,124,1,0,515,3079,0,0,4,"{""cut_target"": 255, ""harmful_exit"": 163, ""neutral_exit"": 1502, ""no_active_exit"": 208, ""no_exit_replay"": 515, ""saved_stop"": 55, ""timeout_improved"": 896}","{""candidate_after_baseline_exit"": 124, ""candidate_after_max_hold"": 1, ""lifecycle_without_exit_replay"": 515, ""no_candidate"": 74, ""none"": 2871, ""not_active_exit_eligible"": 1, ""stale_data_no_action"": 8}"
2000,-200,30000,0,3079,515,2375,704,124,822,2133,-10683,-3.4696329977265346,-102.0,-59349,-19.275414095485548,-102.0,-48666,-15.805781097759013,0.0,-20.490947368421054,0.0,334,188,1853,0.6398467432950191,522,0.5977823188318636,221,51189,44,63724,113,13433,0,0,64622,113288,False,True,232.3,8,74,1,536,85,0,515,3079,0,0,3,"{""cut_target"": 44, ""harmful_exit"": 144, ""neutral_exit"": 1853, ""no_active_exit"": 704, ""no_exit_replay"": 515, ""saved_stop"": 221, ""timeout_improved"": 113}","{""candidate_after_baseline_exit"": 536, ""candidate_after_max_hold"": 85, ""lifecycle_without_exit_replay"": 515, ""no_candidate"": 74, ""none"": 2375, ""not_active_exit_eligible"": 1, ""stale_data_no_action"": 8}"
2000,-200,30000,50,3079,515,2375,704,124,822,2133,-164633,-53.469632997726535,-152.0,-213299,-69.27541409548554,-152.0,-48666,-15.805781097759013,0.0,-20.490947368421054,0.0,334,188,1853,0.6398467432950191,522,0.5977823188318636,221,51189,44,63724,113,13433,0,0,64622,113288,False,True,232.3,8,74,1,536,85,0,515,3079,0,0,3,"{""cut_target"": 44, ""harmful_exit"": 144, ""neutral_exit"": 1853, ""no_active_exit"": 704, ""no_exit_replay"": 515, ""saved_stop"": 221, ""timeout_improved"": 113}","{""candidate_after_baseline_exit"": 536, ""candidate_after_max_hold"": 85, ""lifecycle_without_exit_replay"": 515, ""no_candidate"": 74, ""none"": 2375, ""not_active_exit_eligible"": 1, ""stale_data_no_action"": 8}"
2000,-200,30000,100,3079,515,2375,704,124,822,2133,-318583,-103.46963299772653,-202.0,-367249,-119.27541409548554,-202.0,-48666,-15.805781097759013,0.0,-20.490947368421054,0.0,334,188,1853,0.6398467432950191,522,0.5977823188318636,221,51189,44,63724,113,13433,0,0,64622,113288,False,True,232.3,8,74,1,536,85,0,515,3079,0,0,3,"{""cut_target"": 44, ""harmful_exit"": 144, ""neutral_exit"": 1853, ""no_active_exit"": 704, ""no_exit_replay"": 515, ""saved_stop"": 221, ""timeout_improved"": 113}","{""candidate_after_baseline_exit"": 536, ""candidate_after_max_hold"": 85, ""lifecycle_without_exit_replay"": 515, ""no_candidate"": 74, ""none"": 2375, ""not_active_exit_eligible"": 1, ""stale_data_no_action"": 8}"
2000,-200,30000,150,3079,515,2375,704,124,822,2133,-472533,-153.46963299772653,-252.0,-521199,-169.27541409548556,-252.0,-48666,-15.805781097759013,0.0,-20.490947368421054,0.0,334,188,1853,0.6398467432950191,522,0.5977823188318636,221,51189,44,63724,113,13433,0,0,64622,113288,False,True,232.3,8,74,1,536,85,0,515,3079,0,0,3,"{""cut_target"": 44, ""harmful_exit"": 144, ""neutral_exit"": 1853, ""no_active_exit"": 704, ""no_exit_replay"": 515, ""saved_stop"": 221, ""timeout_improved"": 113}","{""candidate_after_baseline_exit"": 536, ""candidate_after_max_hold"": 85, ""lifecycle_without_exit_replay"": 515, ""no_candidate"": 74, ""none"": 2375, ""not_active_exit_eligible"": 1, ""stale_data_no_action"": 8}"
2000,-200,30000,200,3079,515,2375,704,124,822,2133,-626483,-203.46963299772653,-302.0,-675149,-219.27541409548556,-302.0,-48666,-15.805781097759013,0.0,-20.490947368421054,0.0,334,188,1853,0.6398467432950191,522,0.5977823188318636,221,51189,44,63724,113,13433,0,0,64622,113288,False,True,232.3,8,74,1,536,85,0,515,3079,0,0,3,"{""cut_target"": 44, ""harmful_exit"": 144, ""neutral_exit"": 1853, ""no_active_exit"": 704, ""no_exit_replay"": 515, ""saved_stop"": 221, ""timeout_improved"": 113}","{""candidate_after_baseline_exit"": 536, ""candidate_after_max_hold"": 85, ""lifecycle_without_exit_replay"": 515, ""no_candidate"": 74, ""none"": 2375, ""not_active_exit_eligible"": 1, ""stale_data_no_action"": 8}"
2000,-200,60000,0,3079,515,2385,694,162,946,1971,36160,11.744072750893148,-102.0,-58689,-19.061058785319908,-102.0,-94849,-30.805131536213057,0.0,-39.76897274633124,0.0,518,242,1625,0.6815789473684211,760,0.6476157762536592,344,77216,78,113187,174,14494,0,0,91710,186559,False,True,361.4,8,74,1,601,10,0,515,3079,0,0,3,"{""cut_target"": 78, ""harmful_exit"": 164, ""neutral_exit"": 1625, ""no_active_exit"": 694, ""no_exit_replay"": 515, ""saved_stop"": 344, ""timeout_improved"": 174}","{""candidate_after_baseline_exit"": 601, ""candidate_after_max_hold"": 10, ""lifecycle_without_exit_replay"": 515, ""no_candidate"": 74, ""none"": 2385, ""not_active_exit_eligible"": 1, ""stale_data_no_action"": 8}"
2000,-200,60000,50,3079,515,2385,694,162,946,1971,-117790,-38.255927249106854,-152.0,-212639,-69.06105878531991,-152.0,-94849,-30.805131536213057,0.0,-39.76897274633124,0.0,518,242,1625,0.6815789473684211,760,0.6476157762536592,344,77216,78,113187,174,14494,0,0,91710,186559,False,True,361.4,8,74,1,601,10,0,515,3079,0,0,3,"{""cut_target"": 78, ""harmful_exit"": 164, ""neutral_exit"": 1625, ""no_active_exit"": 694, ""no_exit_replay"": 515, ""saved_stop"": 344, ""timeout_improved"": 174}","{""candidate_after_baseline_exit"": 601, ""candidate_after_max_hold"": 10, ""lifecycle_without_exit_replay"": 515, ""no_candidate"": 74, ""none"": 2385, ""not_active_exit_eligible"": 1, ""stale_data_no_action"": 8}"
2000,-200,60000,100,3079,515,2385,694,162,946,1971,-271740,-88.25592724910685,-202.0,-366589,-119.06105878531991,-202.0,-94849,-30.805131536213057,0.0,-39.76897274633124,0.0,518,242,1625,0.6815789473684211,760,0.6476157762536592,344,77216,78,113187,174,14494,0,0,91710,186559,False,True,361.4,8,74,1,601,10,0,515,3079,0,0,3,"{""cut_target"": 78, ""harmful_exit"": 164, ""neutral_exit"": 1625, ""no_active_exit"": 694, ""no_exit_replay"": 515, ""saved_stop"": 344, ""timeout_improved"": 174}","{""candidate_after_baseline_exit"": 601, ""candidate_after_max_hold"": 10, ""lifecycle_without_exit_replay"": 515, ""no_candidate"": 74, ""none"": 2385, ""not_active_exit_eligible"": 1, ""stale_data_no_action"": 8}"
2000,-200,60000,150,3079,515,2385,694,162,946,1971,-425690,-138.25592724910686,-252.0,-520539,-169.06105878531991,-252.0,-94849,-30.805131536213057,0.0,-39.76897274633124,0.0,518,242,1625,0.6815789473684211,760,0.6476157762536592,344,77216,78,113187,174,14494,0,0,91710,186559,False,True,361.4,8,74,1,601,10,0,515,3079,0,0,3,"{""cut_target"": 78, ""harmful_exit"": 164, ""neutral_exit"": 1625, ""no_active_exit"": 694, ""no_exit_replay"": 515, ""saved_stop"": 344, ""timeout_improved"": 174}","{""candidate_after_baseline_exit"": 601, ""candidate_after_max_hold"": 10, ""lifecycle_without_exit_replay"": 515, ""no_candidate"": 74, ""none"": 2385, ""not_active_exit_eligible"": 1, ""stale_data_no_action"": 8}"
2000,-200,60000,200,3079,515,2385,694,162,946,1971,-579640,-188.25592724910686,-302.0,-674489,-219.06105878531991,-302.0,-94849,-30.805131536213057,0.0,-39.76897274633124,0.0,518,242,1625,0.6815789473684211,760,0.6476157762536592,344,77216,78,113187,174,14494,0,0,91710,186559,False,True,361.4,8,74,1,601,10,0,515,3079,0,0,3,"{""cut_target"": 78, ""harmful_exit"": 164, ""neutral_exit"": 1625, ""no_active_exit"": 694, ""no_exit_replay"": 515, ""saved_stop"": 344, ""timeout_improved"": 174}","{""candidate_after_baseline_exit"": 601, ""candidate_after_max_hold"": 10, ""lifecycle_without_exit_replay"": 515, ""no_candidate"": 74, ""none"": 2385, ""not_active_exit_eligible"": 1, ""stale_data_no_action"": 8}"
2000,-200,120000,0,3079,515,2385,694,193,1151,1735,47536,15.438778824293601,-105.0,-58689,-19.061058785319908,-102.0,-106225,-34.49983760961351,0.0,-44.538784067085956,0.0,746,231,1408,0.7635619242579325,977,0.7359189729198494,549,111568,109,167235,197,8455,0,0,120023,226248,False,True,568.7,8,74,1,610,1,0,515,3079,0,0,3,"{""cut_target"": 109, ""harmful_exit"": 122, ""neutral_exit"": 1408, ""no_active_exit"": 694, ""no_exit_replay"": 515, ""saved_stop"": 549, ""timeout_improved"": 197}","{""candidate_after_baseline_exit"": 610, ""candidate_after_max_hold"": 1, ""lifecycle_without_exit_replay"": 515, ""no_candidate"": 74, ""none"": 2385, ""not_active_exit_eligible"": 1, ""stale_data_no_action"": 8}"
2000,-200,120000,50,3079,515,2385,694,193,1151,1735,-106414,-34.5612211757064,-155.0,-212639,-69.06105878531991,-152.0,-106225,-34.49983760961351,0.0,-44.538784067085956,0.0,746,231,1408,0.7635619242579325,977,0.7359189729198494,549,111568,109,167235,197,8455,0,0,120023,226248,False,True,568.7,8,74,1,610,1,0,515,3079,0,0,3,"{""cut_target"": 109, ""harmful_exit"": 122, ""neutral_exit"": 1408, ""no_active_exit"": 694, ""no_exit_replay"": 515, ""saved_stop"": 549, ""timeout_improved"": 197}","{""candidate_after_baseline_exit"": 610, ""candidate_after_max_hold"": 1, ""lifecycle_without_exit_replay"": 515, ""no_candidate"": 74, ""none"": 2385, ""not_active_exit_eligible"": 1, ""stale_data_no_action"": 8}"
2000,-200,120000,100,3079,515,2385,694,193,1151,1735,-260364,-84.5612211757064,-205.0,-366589,-119.06105878531991,-202.0,-106225,-34.49983760961351,0.0,-44.538784067085956,0.0,746,231,1408,0.7635619242579325,977,0.7359189729198494,549,111568,109,167235,197,8455,0,0,120023,226248,False,True,568.7,8,74,1,610,1,0,515,3079,0,0,3,"{""cut_target"": 109, ""harmful_exit"": 122, ""neutral_exit"": 1408, ""no_active_exit"": 694, ""no_exit_replay"": 515, ""saved_stop"": 549, ""timeout_improved"": 197}","{""candidate_after_baseline_exit"": 610, ""candidate_after_max_hold"": 1, ""lifecycle_without_exit_replay"": 515, ""no_candidate"": 74, ""none"": 2385, ""not_active_exit_eligible"": 1, ""stale_data_no_action"": 8}"
2000,-200,120000,150,3079,515,2385,694,193,1151,1735,-414314,-134.5612211757064,-255.0,-520539,-169.06105878531991,-252.0,-106225,-34.49983760961351,0.0,-44.538784067085956,0.0,746,231,1408,0.7635619242579325,977,0.7359189729198494,549,111568,109,167235,197,8455,0,0,120023,226248,False,True,568.7,8,74,1,610,1,0,515,3079,0,0,3,"{""cut_target"": 109, ""harmful_exit"": 122, ""neutral_exit"": 1408, ""no_active_exit"": 694, ""no_exit_replay"": 515, ""saved_stop"": 549, ""timeout_improved"": 197}","{""candidate_after_baseline_exit"": 610, ""candidate_after_max_hold"": 1, ""lifecycle_without_exit_replay"": 515, ""no_candidate"": 74, ""none"": 2385, ""not_active_exit_eligible"": 1, ""stale_data_no_action"": 8}"
2000,-200,120000,200,3079,515,2385,694,193,1151,1735,-568264,-184.5612211757064,-305.0,-674489,-219.06105878531991,-302.0,-106225,-34.49983760961351,0.0,-44.538784067085956,0.0,746,231,1408,0.7635619242579325,977,0.7359189729198494,549,111568,109,167235,197,8455,0,0,120023,226248,False,True,568.7,8,74,1,610,1,0,515,3079,0,0,3,"{""cut_target"": 109, ""harmful_exit"": 122, ""neutral_exit"": 1408, ""no_active_exit"": 694, ""no_exit_replay"": 515, ""saved_stop"": 549, ""timeout_improved"": 197}","{""candidate_after_baseline_exit"": 610, ""candidate_after_max_hold"": 1, ""lifecycle_without_exit_replay"": 515, ""no_candidate"": 74, ""none"": 2385, ""not_active_exit_eligible"": 1, ""stale_data_no_action"": 8}"
2000,-300,30000,0,3079,515,2432,647,130,729,2220,-69142,-22.45599220526145,-102.0,-112336,-36.484572913283536,-102.0,-43194,-14.028580708022085,0.0,-17.760690789473685,0.0,356,200,1876,0.6402877697841727,556,0.5995595118013324,186,61952,50,76550,170,23089,0,0,85041,128235,False,True,203.0,8,74,1,479,85,0,515,3079,0,0,2,"{""cut_target"": 50, ""harmful_exit"": 150, ""neutral_exit"": 1876, ""no_active_exit"": 647, ""no_exit_replay"": 515, ""saved_stop"": 186, ""timeout_improved"": 170}","{""candidate_after_baseline_exit"": 479, ""candidate_after_max_hold"": 85, ""lifecycle_without_exit_replay"": 515, ""no_candidate"": 74, ""none"": 2432, ""not_active_exit_eligible"": 1, ""stale_data_no_action"": 8}"
2000,-300,30000,50,3079,515,2432,647,130,729,2220,-223092,-72.45599220526145,-152.0,-266286,-86.48457291328353,-152.0,-43194,-14.028580708022085,0.0,-17.760690789473685,0.0,356,200,1876,0.6402877697841727,556,0.5995595118013324,186,61952,50,76550,170,23089,0,0,85041,128235,False,True,203.0,8,74,1,479,85,0,515,3079,0,0,2,"{""cut_target"": 50, ""harmful_exit"": 150, ""neutral_exit"": 1876, ""no_active_exit"": 647, ""no_exit_replay"": 515, ""saved_stop"": 186, ""timeout_improved"": 170}","{""candidate_after_baseline_exit"": 479, ""candidate_after_max_hold"": 85, ""lifecycle_without_exit_replay"": 515, ""no_candidate"": 74, ""none"": 2432, ""not_active_exit_eligible"": 1, ""stale_data_no_action"": 8}"
2000,-300,30000,100,3079,515,2432,647,130,729,2220,-377042,-122.45599220526145,-202.0,-420236,-136.48457291328353,-202.0,-43194,-14.028580708022085,0.0,-17.760690789473685,0.0,356,200,1876,0.6402877697841727,556,0.5995595118013324,186,61952,50,76550,170,23089,0,0,85041,128235,False,True,203.0,8,74,1,479,85,0,515,3079,0,0,2,"{""cut_target"": 50, ""harmful_exit"": 150, ""neutral_exit"": 1876, ""no_active_exit"": 647, ""no_exit_replay"": 515, ""saved_stop"": 186, ""timeout_improved"": 170}","{""candidate_after_baseline_exit"": 479, ""candidate_after_max_hold"": 85, ""lifecycle_without_exit_replay"": 515, ""no_candidate"": 74, ""none"": 2432, ""not_active_exit_eligible"": 1, ""stale_data_no_action"": 8}"
2000,-300,30000,150,3079,515,2432,647,130,729,2220,-530992,-172.45599220526145,-252.0,-574186,-186.48457291328353,-252.0,-43194,-14.028580708022085,0.0,-17.760690789473685,0.0,356,200,1876,0.6402877697841727,556,0.5995595118013324,186,61952,50,76550,170,23089,0,0,85041,128235,False,True,203.0,8,74,1,479,85,0,515,3079,0,0,2,"{""cut_target"": 50, ""harmful_exit"": 150, ""neutral_exit"": 1876, ""no_active_exit"": 647, ""no_exit_replay"": 515, ""saved_stop"": 186, ""timeout_improved"": 170}","{""candidate_after_baseline_exit"": 479, ""candidate_after_max_hold"": 85, ""lifecycle_without_exit_replay"": 515, ""no_candidate"": 74, ""none"": 2432, ""not_active_exit_eligible"": 1, ""stale_data_no_action"": 8}"
2000,-300,30000,200,3079,515,2432,647,130,729,2220,-684942,-222.45599220526145,-302.0,-728136,-236.48457291328353,-302.0,-43194,-14.028580708022085,0.0,-17.760690789473685,0.0,356,200,1876,0.6402877697841727,556,0.5995595118013324,186,61952,50,76550,170,23089,0,0,85041,128235,False,True,203.0,8,74,1,479,85,0,515,3079,0,0,2,"{""cut_target"": 50, ""harmful_exit"": 150, ""neutral_exit"": 1876, ""no_active_exit"": 647, ""no_exit_replay"": 515, ""saved_stop"": 186, ""timeout_improved"": 170}","{""candidate_after_baseline_exit"": 479, ""candidate_after_max_hold"": 85, ""lifecycle_without_exit_replay"": 515, ""no_candidate"": 74, ""none"": 2432, ""not_active_exit_eligible"": 1, ""stale_data_no_action"": 8}"
2000,-300,60000,0,3079,515,2443,636,172,842,2065,-19786,-6.426112374147451,-102.0,-112373,-36.49658980188373,-102.0,-92587,-30.07047742773628,0.0,-37.898894801473595,0.0,535,264,1644,0.6695869837296621,799,0.6362293387567394,298,98314,88,134081,237,24212,0,0,122526,215113,False,True,321.7,8,74,1,543,10,0,515,3079,0,0,3,"{""cut_target"": 88, ""harmful_exit"": 176, ""neutral_exit"": 1644, ""no_active_exit"": 636, ""no_exit_replay"": 515, ""saved_stop"": 298, ""timeout_improved"": 237}","{""candidate_after_baseline_exit"": 543, ""candidate_after_max_hold"": 10, ""lifecycle_without_exit_replay"": 515, ""no_candidate"": 74, ""none"": 2443, ""not_active_exit_eligible"": 1, ""stale_data_no_action"": 8}"
2000,-300,60000,50,3079,515,2443,636,172,842,2065,-173736,-56.42611237414745,-152.0,-266323,-86.49658980188373,-152.0,-92587,-30.07047742773628,0.0,-37.898894801473595,0.0,535,264,1644,0.6695869837296621,799,0.6362293387567394,298,98314,88,134081,237,24212,0,0,122526,215113,False,True,321.7,8,74,1,543,10,0,515,3079,0,0,3,"{""cut_target"": 88, ""harmful_exit"": 176, ""neutral_exit"": 1644, ""no_active_exit"": 636, ""no_exit_replay"": 515, ""saved_stop"": 298, ""timeout_improved"": 237}","{""candidate_after_baseline_exit"": 543, ""candidate_after_max_hold"": 10, ""lifecycle_without_exit_replay"": 515, ""no_candidate"": 74, ""none"": 2443, ""not_active_exit_eligible"": 1, ""stale_data_no_action"": 8}"
2000,-300,60000,100,3079,515,2443,636,172,842,2065,-327686,-106.42611237414745,-202.0,-420273,-136.49658980188372,-202.0,-92587,-30.07047742773628,0.0,-37.898894801473595,0.0,535,264,1644,0.6695869837296621,799,0.6362293387567394,298,98314,88,134081,237,24212,0,0,122526,215113,False,True,321.7,8,74,1,543,10,0,515,3079,0,0,3,"{""cut_target"": 88, ""harmful_exit"": 176, ""neutral_exit"": 1644, ""no_active_exit"": 636, ""no_exit_replay"": 515, ""saved_stop"": 298, ""timeout_improved"": 237}","{""candidate_after_baseline_exit"": 543, ""candidate_after_max_hold"": 10, ""lifecycle_without_exit_replay"": 515, ""no_candidate"": 74, ""none"": 2443, ""not_active_exit_eligible"": 1, ""stale_data_no_action"": 8}"
2000,-300,60000,150,3079,515,2443,636,172,842,2065,-481636,-156.42611237414744,-252.0,-574223,-186.49658980188372,-252.0,-92587,-30.07047742773628,0.0,-37.898894801473595,0.0,535,264,1644,0.6695869837296621,799,0.6362293387567394,298,98314,88,134081,237,24212,0,0,122526,215113,False,True,321.7,8,74,1,543,10,0,515,3079,0,0,3,"{""cut_target"": 88, ""harmful_exit"": 176, ""neutral_exit"": 1644, ""no_active_exit"": 636, ""no_exit_replay"": 515, ""saved_stop"": 298, ""timeout_improved"": 237}","{""candidate_after_baseline_exit"": 543, ""candidate_after_max_hold"": 10, ""lifecycle_without_exit_replay"": 515, ""no_candidate"": 74, ""none"": 2443, ""not_active_exit_eligible"": 1, ""stale_data_no_action"": 8}"
2000,-300,60000,200,3079,515,2443,636,172,842,2065,-635586,-206.42611237414744,-302.0,-728173,-236.49658980188372,-302.0,-92587,-30.07047742773628,0.0,-37.898894801473595,0.0,535,264,1644,0.6695869837296621,799,0.6362293387567394,298,98314,88,134081,237,24212,0,0,122526,215113,False,True,321.7,8,74,1,543,10,0,515,3079,0,0,3,"{""cut_target"": 88, ""harmful_exit"": 176, ""neutral_exit"": 1644, ""no_active_exit"": 636, ""no_exit_replay"": 515, ""saved_stop"": 298, ""timeout_improved"": 237}","{""candidate_after_baseline_exit"": 543, ""candidate_after_max_hold"": 10, ""lifecycle_without_exit_replay"": 515, ""no_candidate"": 74, ""none"": 2443, ""not_active_exit_eligible"": 1, ""stale_data_no_action"": 8}"
2000,-300,120000,0,3079,515,2443,636,209,999,1871,-22690,-7.369275738876259,-104.0,-112373,-36.49658980188373,-102.0,-89683,-29.12731406300747,0.0,-36.71019238641015,0.0,769,251,1423,0.753921568627451,1020,0.7265682071140421,455,144698,125,200099,314,25737,0,0,170435,260118,False,True,486.4,8,74,1,552,1,0,515,3079,0,0,3,"{""cut_target"": 125, ""harmful_exit"": 126, ""neutral_exit"": 1423, ""no_active_exit"": 636, ""no_exit_replay"": 515, ""saved_stop"": 455, ""timeout_improved"": 314}","{""candidate_after_baseline_exit"": 552, ""candidate_after_max_hold"": 1, ""lifecycle_without_exit_replay"": 515, ""no_candidate"": 74, ""none"": 2443, ""not_active_exit_eligible"": 1, ""stale_data_no_action"": 8}"
2000,-300,120000,50,3079,515,2443,636,209,999,1871,-176640,-57.36927573887626,-154.0,-266323,-86.49658980188373,-152.0,-89683,-29.12731406300747,0.0,-36.71019238641015,0.0,769,251,1423,0.753921568627451,1020,0.7265682071140421,455,144698,125,200099,314,25737,0,0,170435,260118,False,True,486.4,8,74,1,552,1,0,515,3079,0,0,3,"{""cut_target"": 125, ""harmful_exit"": 126, ""neutral_exit"": 1423, ""no_active_exit"": 636, ""no_exit_replay"": 515, ""saved_stop"": 455, ""timeout_improved"": 314}","{""candidate_after_baseline_exit"": 552, ""candidate_after_max_hold"": 1, ""lifecycle_without_exit_replay"": 515, ""no_candidate"": 74, ""none"": 2443, ""not_active_exit_eligible"": 1, ""stale_data_no_action"": 8}"
2000,-300,120000,100,3079,515,2443,636,209,999,1871,-330590,-107.36927573887625,-204.0,-420273,-136.49658980188372,-202.0,-89683,-29.12731406300747,0.0,-36.71019238641015,0.0,769,251,1423,0.753921568627451,1020,0.7265682071140421,455,144698,125,200099,314,25737,0,0,170435,260118,False,True,486.4,8,74,1,552,1,0,515,3079,0,0,3,"{""cut_target"": 125, ""harmful_exit"": 126, ""neutral_exit"": 1423, ""no_active_exit"": 636, ""no_exit_replay"": 515, ""saved_stop"": 455, ""timeout_improved"": 314}","{""candidate_after_baseline_exit"": 552, ""candidate_after_max_hold"": 1, ""lifecycle_without_exit_replay"": 515, ""no_candidate"": 74, ""none"": 2443, ""not_active_exit_eligible"": 1, ""stale_data_no_action"": 8}"
2000,-300,120000,150,3079,515,2443,636,209,999,1871,-484540,-157.36927573887627,-254.0,-574223,-186.49658980188372,-252.0,-89683,-29.12731406300747,0.0,-36.71019238641015,0.0,769,251,1423,0.753921568627451,1020,0.7265682071140421,455,144698,125,200099,314,25737,0,0,170435,260118,False,True,486.4,8,74,1,552,1,0,515,3079,0,0,3,"{""cut_target"": 125, ""harmful_exit"": 126, ""neutral_exit"": 1423, ""no_active_exit"": 636, ""no_exit_replay"": 515, ""saved_stop"": 455, ""timeout_improved"": 314}","{""candidate_after_baseline_exit"": 552, ""candidate_after_max_hold"": 1, ""lifecycle_without_exit_replay"": 515, ""no_candidate"": 74, ""none"": 2443, ""not_active_exit_eligible"": 1, ""stale_data_no_action"": 8}"
2000,-300,120000,200,3079,515,2443,636,209,999,1871,-638490,-207.36927573887627,-304.0,-728173,-236.49658980188372,-302.0,-89683,-29.12731406300747,0.0,-36.71019238641015,0.0,769,251,1423,0.753921568627451,1020,0.7265682071140421,455,144698,125,200099,314,25737,0,0,170435,260118,False,True,486.4,8,74,1,552,1,0,515,3079,0,0,3,"{""cut_target"": 125, ""harmful_exit"": 126, ""neutral_exit"": 1423, ""no_active_exit"": 636, ""no_exit_replay"": 515, ""saved_stop"": 455, ""timeout_improved"": 314}","{""candidate_after_baseline_exit"": 552, ""candidate_after_max_hold"": 1, ""lifecycle_without_exit_replay"": 515, ""no_candidate"": 74, ""none"": 2443, ""not_active_exit_eligible"": 1, ""stale_data_no_action"": 8}"
2000,-500,30000,0,3079,515,2506,573,139,629,2311,-170356,-55.328353361481,-102.0,-189779,-61.636570315037346,-102.0,-19423,-6.308216953556349,0.0,-7.750598563447725,0.0,389,214,1903,0.6451077943615257,603,0.6061088493010144,170,80313,51,78567,219,38570,0,0,118883,138306,False,True,191.9,8,74,1,405,85,0,515,3079,0,0,3,"{""cut_target"": 51, ""harmful_exit"": 163, ""neutral_exit"": 1903, ""no_active_exit"": 573, ""no_exit_replay"": 515, ""saved_stop"": 170, ""timeout_improved"": 219}","{""candidate_after_baseline_exit"": 405, ""candidate_after_max_hold"": 85, ""lifecycle_without_exit_replay"": 515, ""no_candidate"": 74, ""none"": 2506, ""not_active_exit_eligible"": 1, ""stale_data_no_action"": 8}"
2000,-500,30000,50,3079,515,2506,573,139,629,2311,-324306,-105.328353361481,-152.0,-343729,-111.63657031503735,-152.0,-19423,-6.308216953556349,0.0,-7.750598563447725,0.0,389,214,1903,0.6451077943615257,603,0.6061088493010144,170,80313,51,78567,219,38570,0,0,118883,138306,False,True,191.9,8,74,1,405,85,0,515,3079,0,0,3,"{""cut_target"": 51, ""harmful_exit"": 163, ""neutral_exit"": 1903, ""no_active_exit"": 573, ""no_exit_replay"": 515, ""saved_stop"": 170, ""timeout_improved"": 219}","{""candidate_after_baseline_exit"": 405, ""candidate_after_max_hold"": 85, ""lifecycle_without_exit_replay"": 515, ""no_candidate"": 74, ""none"": 2506, ""not_active_exit_eligible"": 1, ""stale_data_no_action"": 8}"
2000,-500,30000,100,3079,515,2506,573,139,629,2311,-478256,-155.328353361481,-202.0,-497679,-161.63657031503735,-202.0,-19423,-6.308216953556349,0.0,-7.750598563447725,0.0,389,214,1903,0.6451077943615257,603,0.6061088493010144,170,80313,51,78567,219,38570,0,0,118883,138306,False,True,191.9,8,74,1,405,85,0,515,3079,0,0,3,"{""cut_target"": 51, ""harmful_exit"": 163, ""neutral_exit"": 1903, ""no_active_exit"": 573, ""no_exit_replay"": 515, ""saved_stop"": 170, ""timeout_improved"": 219}","{""candidate_after_baseline_exit"": 405, ""candidate_after_max_hold"": 85, ""lifecycle_without_exit_replay"": 515, ""no_candidate"": 74, ""none"": 2506, ""not_active_exit_eligible"": 1, ""stale_data_no_action"": 8}"
2000,-500,30000,150,3079,515,2506,573,139,629,2311,-632206,-205.328353361481,-252.0,-651629,-211.63657031503735,-252.0,-19423,-6.308216953556349,0.0,-7.750598563447725,0.0,389,214,1903,0.6451077943615257,603,0.6061088493010144,170,80313,51,78567,219,38570,0,0,118883,138306,False,True,191.9,8,74,1,405,85,0,515,3079,0,0,3,"{""cut_target"": 51, ""harmful_exit"": 163, ""neutral_exit"": 1903, ""no_active_exit"": 573, ""no_exit_replay"": 515, ""saved_stop"": 170, ""timeout_improved"": 219}","{""candidate_after_baseline_exit"": 405, ""candidate_after_max_hold"": 85, ""lifecycle_without_exit_replay"": 515, ""no_candidate"": 74, ""none"": 2506, ""not_active_exit_eligible"": 1, ""stale_data_no_action"": 8}"
2000,-500,30000,200,3079,515,2506,573,139,629,2311,-786156,-255.328353361481,-302.0,-805579,-261.6365703150374,-302.0,-19423,-6.308216953556349,0.0,-7.750598563447725,0.0,389,214,1903,0.6451077943615257,603,0.6061088493010144,170,80313,51,78567,219,38570,0,0,118883,138306,False,True,191.9,8,74,1,405,85,0,515,3079,0,0,3,"{""cut_target"": 51, ""harmful_exit"": 163, ""neutral_exit"": 1903, ""no_active_exit"": 573, ""no_exit_replay"": 515, ""saved_stop"": 170, ""timeout_improved"": 219}","{""candidate_after_baseline_exit"": 405, ""candidate_after_max_hold"": 85, ""lifecycle_without_exit_replay"": 515, ""no_candidate"": 74, ""none"": 2506, ""not_active_exit_eligible"": 1, ""stale_data_no_action"": 8}"
2000,-500,60000,0,3079,515,2518,561,186,727,2166,-125018,-40.603442676193566,-102.0,-190516,-61.87593374472231,-102.0,-65498,-21.272491068528744,0.0,-26.01191421763304,0.0,573,283,1662,0.669392523364486,856,0.6371827871826914,267,132693,94,146598,306,41455,0,0,174148,239646,False,True,297.6,8,74,1,468,10,0,515,3079,0,0,3,"{""cut_target"": 94, ""harmful_exit"": 189, ""neutral_exit"": 1662, ""no_active_exit"": 561, ""no_exit_replay"": 515, ""saved_stop"": 267, ""timeout_improved"": 306}","{""candidate_after_baseline_exit"": 468, ""candidate_after_max_hold"": 10, ""lifecycle_without_exit_replay"": 515, ""no_candidate"": 74, ""none"": 2518, ""not_active_exit_eligible"": 1, ""stale_data_no_action"": 8}"
2000,-500,60000,50,3079,515,2518,561,186,727,2166,-278968,-90.60344267619357,-152.0,-344466,-111.87593374472232,-152.0,-65498,-21.272491068528744,0.0,-26.01191421763304,0.0,573,283,1662,0.669392523364486,856,0.6371827871826914,267,132693,94,146598,306,41455,0,0,174148,239646,False,True,297.6,8,74,1,468,10,0,515,3079,0,0,3,"{""cut_target"": 94, ""harmful_exit"": 189, ""neutral_exit"": 1662, ""no_active_exit"": 561, ""no_exit_replay"": 515, ""saved_stop"": 267, ""timeout_improved"": 306}","{""candidate_after_baseline_exit"": 468, ""candidate_after_max_hold"": 10, ""lifecycle_without_exit_replay"": 515, ""no_candidate"": 74, ""none"": 2518, ""not_active_exit_eligible"": 1, ""stale_data_no_action"": 8}"
2000,-500,60000,100,3079,515,2518,561,186,727,2166,-432918,-140.60344267619357,-202.0,-498416,-161.87593374472232,-202.0,-65498,-21.272491068528744,0.0,-26.01191421763304,0.0,573,283,1662,0.669392523364486,856,0.6371827871826914,267,132693,94,146598,306,41455,0,0,174148,239646,False,True,297.6,8,74,1,468,10,0,515,3079,0,0,3,"{""cut_target"": 94, ""harmful_exit"": 189, ""neutral_exit"": 1662, ""no_active_exit"": 561, ""no_exit_replay"": 515, ""saved_stop"": 267, ""timeout_improved"": 306}","{""candidate_after_baseline_exit"": 468, ""candidate_after_max_hold"": 10, ""lifecycle_without_exit_replay"": 515, ""no_candidate"": 74, ""none"": 2518, ""not_active_exit_eligible"": 1, ""stale_data_no_action"": 8}"
2000,-500,60000,150,3079,515,2518,561,186,727,2166,-586868,-190.60344267619357,-252.0,-652366,-211.87593374472232,-252.0,-65498,-21.272491068528744,0.0,-26.01191421763304,0.0,573,283,1662,0.669392523364486,856,0.6371827871826914,267,132693,94,146598,306,41455,0,0,174148,239646,False,True,297.6,8,74,1,468,10,0,515,3079,0,0,3,"{""cut_target"": 94, ""harmful_exit"": 189, ""neutral_exit"": 1662, ""no_active_exit"": 561, ""no_exit_replay"": 515, ""saved_stop"": 267, ""timeout_improved"": 306}","{""candidate_after_baseline_exit"": 468, ""candidate_after_max_hold"": 10, ""lifecycle_without_exit_replay"": 515, ""no_candidate"": 74, ""none"": 2518, ""not_active_exit_eligible"": 1, ""stale_data_no_action"": 8}"
2000,-500,60000,200,3079,515,2518,561,186,727,2166,-740818,-240.60344267619357,-302.0,-806316,-261.8759337447223,-302.0,-65498,-21.272491068528744,0.0,-26.01191421763304,0.0,573,283,1662,0.669392523364486,856,0.6371827871826914,267,132693,94,146598,306,41455,0,0,174148,239646,False,True,297.6,8,74,1,468,10,0,515,3079,0,0,3,"{""cut_target"": 94, ""harmful_exit"": 189, ""neutral_exit"": 1662, ""no_active_exit"": 561, ""no_exit_replay"": 515, ""saved_stop"": 267, ""timeout_improved"": 306}","{""candidate_after_baseline_exit"": 468, ""candidate_after_max_hold"": 10, ""lifecycle_without_exit_replay"": 515, ""no_candidate"": 74, ""none"": 2518, ""not_active_exit_eligible"": 1, ""stale_data_no_action"": 8}"
2000,-500,120000,0,3079,515,2518,561,226,867,1986,-149998,-48.716466385189996,-103.0,-189893,-61.67359532315687,-102.0,-39895,-12.957128937966873,0.0,-15.843923749007148,0.0,810,273,1435,0.7479224376731302,1083,0.7212169820157011,407,200455,134,218255,403,51723,0,0,252178,292073,False,True,447.3,8,74,1,477,1,0,515,3079,0,0,3,"{""cut_target"": 134, ""harmful_exit"": 139, ""neutral_exit"": 1435, ""no_active_exit"": 561, ""no_exit_replay"": 515, ""saved_stop"": 407, ""timeout_improved"": 403}","{""candidate_after_baseline_exit"": 477, ""candidate_after_max_hold"": 1, ""lifecycle_without_exit_replay"": 515, ""no_candidate"": 74, ""none"": 2518, ""not_active_exit_eligible"": 1, ""stale_data_no_action"": 8}"
2000,-500,120000,50,3079,515,2518,561,226,867,1986,-303948,-98.71646638519,-153.0,-343843,-111.67359532315687,-152.0,-39895,-12.957128937966873,0.0,-15.843923749007148,0.0,810,273,1435,0.7479224376731302,1083,0.7212169820157011,407,200455,134,218255,403,51723,0,0,252178,292073,False,True,447.3,8,74,1,477,1,0,515,3079,0,0,3,"{""cut_target"": 134, ""harmful_exit"": 139, ""neutral_exit"": 1435, ""no_active_exit"": 561, ""no_exit_replay"": 515, ""saved_stop"": 407, ""timeout_improved"": 403}","{""candidate_after_baseline_exit"": 477, ""candidate_after_max_hold"": 1, ""lifecycle_without_exit_replay"": 515, ""no_candidate"": 74, ""none"": 2518, ""not_active_exit_eligible"": 1, ""stale_data_no_action"": 8}"
2000,-500,120000,100,3079,515,2518,561,226,867,1986,-457898,-148.71646638519,-203.0,-497793,-161.67359532315686,-202.0,-39895,-12.957128937966873,0.0,-15.843923749007148,0.0,810,273,1435,0.7479224376731302,1083,0.7212169820157011,407,200455,134,218255,403,51723,0,0,252178,292073,False,True,447.3,8,74,1,477,1,0,515,3079,0,0,3,"{""cut_target"": 134, ""harmful_exit"": 139, ""neutral_exit"": 1435, ""no_active_exit"": 561, ""no_exit_replay"": 515, ""saved_stop"": 407, ""timeout_improved"": 403}","{""candidate_after_baseline_exit"": 477, ""candidate_after_max_hold"": 1, ""lifecycle_without_exit_replay"": 515, ""no_candidate"": 74, ""none"": 2518, ""not_active_exit_eligible"": 1, ""stale_data_no_action"": 8}"
2000,-500,120000,150,3079,515,2518,561,226,867,1986,-611848,-198.71646638519,-253.0,-651743,-211.67359532315686,-252.0,-39895,-12.957128937966873,0.0,-15.843923749007148,0.0,810,273,1435,0.7479224376731302,1083,0.7212169820157011,407,200455,134,218255,403,51723,0,0,252178,292073,False,True,447.3,8,74,1,477,1,0,515,3079,0,0,3,"{""cut_target"": 134, ""harmful_exit"": 139, ""neutral_exit"": 1435, ""no_active_exit"": 561, ""no_exit_replay"": 515, ""saved_stop"": 407, ""timeout_improved"": 403}","{""candidate_after_baseline_exit"": 477, ""candidate_after_max_hold"": 1, ""lifecycle_without_exit_replay"": 515, ""no_candidate"": 74, ""none"": 2518, ""not_active_exit_eligible"": 1, ""stale_data_no_action"": 8}"
2000,-500,120000,200,3079,515,2518,561,226,867,1986,-765798,-248.71646638519,-303.0,-805693,-261.67359532315686,-302.0,-39895,-12.957128937966873,0.0,-15.843923749007148,0.0,810,273,1435,0.7479224376731302,1083,0.7212169820157011,407,200455,134,218255,403,51723,0,0,252178,292073,False,True,447.3,8,74,1,477,1,0,515,3079,0,0,3,"{""cut_target"": 134, ""harmful_exit"": 139, ""neutral_exit"": 1435, ""no_active_exit"": 561, ""no_exit_replay"": 515, ""saved_stop"": 407, ""timeout_improved"": 403}","{""candidate_after_baseline_exit"": 477, ""candidate_after_max_hold"": 1, ""lifecycle_without_exit_replay"": 515, ""no_candidate"": 74, ""none"": 2518, ""not_active_exit_eligible"": 1, ""stale_data_no_action"": 8}"
2000,-700,30000,0,3079,515,2567,512,146,526,2407,-252356,-81.96037674569665,-102.0,-268538,-87.21597921403053,-102.0,-16182,-5.2556024683338745,0.0,-6.303856641994546,0.0,394,231,1942,0.6304,625,0.5918680644315558,132,87190,56,90340,262,57995,0,0,145185,161367,False,True,158.2,8,74,1,344,85,0,515,3079,0,0,3,"{""cut_target"": 56, ""harmful_exit"": 175, ""neutral_exit"": 1942, ""no_active_exit"": 512, ""no_exit_replay"": 515, ""saved_stop"": 132, ""timeout_improved"": 262}","{""candidate_after_baseline_exit"": 344, ""candidate_after_max_hold"": 85, ""lifecycle_without_exit_replay"": 515, ""no_candidate"": 74, ""none"": 2567, ""not_active_exit_eligible"": 1, ""stale_data_no_action"": 8}"
2000,-700,30000,50,3079,515,2567,512,146,526,2407,-406306,-131.96037674569666,-152.0,-422488,-137.21597921403054,-152.0,-16182,-5.2556024683338745,0.0,-6.303856641994546,0.0,394,231,1942,0.6304,625,0.5918680644315558,132,87190,56,90340,262,57995,0,0,145185,161367,False,True,158.2,8,74,1,344,85,0,515,3079,0,0,3,"{""cut_target"": 56, ""harmful_exit"": 175, ""neutral_exit"": 1942, ""no_active_exit"": 512, ""no_exit_replay"": 515, ""saved_stop"": 132, ""timeout_improved"": 262}","{""candidate_after_baseline_exit"": 344, ""candidate_after_max_hold"": 85, ""lifecycle_without_exit_replay"": 515, ""no_candidate"": 74, ""none"": 2567, ""not_active_exit_eligible"": 1, ""stale_data_no_action"": 8}"
2000,-700,30000,100,3079,515,2567,512,146,526,2407,-560256,-181.96037674569666,-202.0,-576438,-187.21597921403054,-202.0,-16182,-5.2556024683338745,0.0,-6.303856641994546,0.0,394,231,1942,0.6304,625,0.5918680644315558,132,87190,56,90340,262,57995,0,0,145185,161367,False,True,158.2,8,74,1,344,85,0,515,3079,0,0,3,"{""cut_target"": 56, ""harmful_exit"": 175, ""neutral_exit"": 1942, ""no_active_exit"": 512, ""no_exit_replay"": 515, ""saved_stop"": 132, ""timeout_improved"": 262}","{""candidate_after_baseline_exit"": 344, ""candidate_after_max_hold"": 85, ""lifecycle_without_exit_replay"": 515, ""no_candidate"": 74, ""none"": 2567, ""not_active_exit_eligible"": 1, ""stale_data_no_action"": 8}"
2000,-700,30000,150,3079,515,2567,512,146,526,2407,-714206,-231.96037674569666,-252.0,-730388,-237.21597921403054,-252.0,-16182,-5.2556024683338745,0.0,-6.303856641994546,0.0,394,231,1942,0.6304,625,0.5918680644315558,132,87190,56,90340,262,57995,0,0,145185,161367,False,True,158.2,8,74,1,344,85,0,515,3079,0,0,3,"{""cut_target"": 56, ""harmful_exit"": 175, ""neutral_exit"": 1942, ""no_active_exit"": 512, ""no_exit_replay"": 515, ""saved_stop"": 132, ""timeout_improved"": 262}","{""candidate_after_baseline_exit"": 344, ""candidate_after_max_hold"": 85, ""lifecycle_without_exit_replay"": 515, ""no_candidate"": 74, ""none"": 2567, ""not_active_exit_eligible"": 1, ""stale_data_no_action"": 8}"
2000,-700,30000,200,3079,515,2567,512,146,526,2407,-868156,-281.96037674569664,-302.0,-884338,-287.21597921403054,-302.0,-16182,-5.2556024683338745,0.0,-6.303856641994546,0.0,394,231,1942,0.6304,625,0.5918680644315558,132,87190,56,90340,262,57995,0,0,145185,161367,False,True,158.2,8,74,1,344,85,0,515,3079,0,0,3,"{""cut_target"": 56, ""harmful_exit"": 175, ""neutral_exit"": 1942, ""no_active_exit"": 512, ""no_exit_replay"": 515, ""saved_stop"": 132, ""timeout_improved"": 262}","{""candidate_after_baseline_exit"": 344, ""candidate_after_max_hold"": 85, ""lifecycle_without_exit_replay"": 515, ""no_candidate"": 74, ""none"": 2567, ""not_active_exit_eligible"": 1, ""stale_data_no_action"": 8}"
2000,-700,60000,0,3079,515,2581,498,197,613,2269,-220908,-71.74667099707698,-102.0,-269758,-87.61221175706399,-102.0,-48850,-15.86554075998701,0.0,-18.926772568771796,0.0,579,303,1699,0.6564625850340136,882,0.6245042600929435,218,151882,103,166582,361,67277,0,0,219159,268009,False,True,254.1,8,74,1,405,10,0,515,3079,0,0,3,"{""cut_target"": 103, ""harmful_exit"": 200, ""neutral_exit"": 1699, ""no_active_exit"": 498, ""no_exit_replay"": 515, ""saved_stop"": 218, ""timeout_improved"": 361}","{""candidate_after_baseline_exit"": 405, ""candidate_after_max_hold"": 10, ""lifecycle_without_exit_replay"": 515, ""no_candidate"": 74, ""none"": 2581, ""not_active_exit_eligible"": 1, ""stale_data_no_action"": 8}"
2000,-700,60000,50,3079,515,2581,498,197,613,2269,-374858,-121.74667099707698,-152.0,-423708,-137.612211757064,-152.0,-48850,-15.86554075998701,0.0,-18.926772568771796,0.0,579,303,1699,0.6564625850340136,882,0.6245042600929435,218,151882,103,166582,361,67277,0,0,219159,268009,False,True,254.1,8,74,1,405,10,0,515,3079,0,0,3,"{""cut_target"": 103, ""harmful_exit"": 200, ""neutral_exit"": 1699, ""no_active_exit"": 498, ""no_exit_replay"": 515, ""saved_stop"": 218, ""timeout_improved"": 361}","{""candidate_after_baseline_exit"": 405, ""candidate_after_max_hold"": 10, ""lifecycle_without_exit_replay"": 515, ""no_candidate"": 74, ""none"": 2581, ""not_active_exit_eligible"": 1, ""stale_data_no_action"": 8}"
2000,-700,60000,100,3079,515,2581,498,197,613,2269,-528808,-171.74667099707696,-202.0,-577658,-187.612211757064,-202.0,-48850,-15.86554075998701,0.0,-18.926772568771796,0.0,579,303,1699,0.6564625850340136,882,0.6245042600929435,218,151882,103,166582,361,67277,0,0,219159,268009,False,True,254.1,8,74,1,405,10,0,515,3079,0,0,3,"{""cut_target"": 103, ""harmful_exit"": 200, ""neutral_exit"": 1699, ""no_active_exit"": 498, ""no_exit_replay"": 515, ""saved_stop"": 218, ""timeout_improved"": 361}","{""candidate_after_baseline_exit"": 405, ""candidate_after_max_hold"": 10, ""lifecycle_without_exit_replay"": 515, ""no_candidate"": 74, ""none"": 2581, ""not_active_exit_eligible"": 1, ""stale_data_no_action"": 8}"
2000,-700,60000,150,3079,515,2581,498,197,613,2269,-682758,-221.74667099707696,-252.0,-731608,-237.612211757064,-252.0,-48850,-15.86554075998701,0.0,-18.926772568771796,0.0,579,303,1699,0.6564625850340136,882,0.6245042600929435,218,151882,103,166582,361,67277,0,0,219159,268009,False,True,254.1,8,74,1,405,10,0,515,3079,0,0,3,"{""cut_target"": 103, ""harmful_exit"": 200, ""neutral_exit"": 1699, ""no_active_exit"": 498, ""no_exit_replay"": 515, ""saved_stop"": 218, ""timeout_improved"": 361}","{""candidate_after_baseline_exit"": 405, ""candidate_after_max_hold"": 10, ""lifecycle_without_exit_replay"": 515, ""no_candidate"": 74, ""none"": 2581, ""not_active_exit_eligible"": 1, ""stale_data_no_action"": 8}"
2000,-700,60000,200,3079,515,2581,498,197,613,2269,-836708,-271.746670997077,-302.0,-885558,-287.61221175706396,-302.0,-48850,-15.86554075998701,0.0,-18.926772568771796,0.0,579,303,1699,0.6564625850340136,882,0.6245042600929435,218,151882,103,166582,361,67277,0,0,219159,268009,False,True,254.1,8,74,1,405,10,0,515,3079,0,0,3,"{""cut_target"": 103, ""harmful_exit"": 200, ""neutral_exit"": 1699, ""no_active_exit"": 498, ""no_exit_replay"": 515, ""saved_stop"": 218, ""timeout_improved"": 361}","{""candidate_after_baseline_exit"": 405, ""candidate_after_max_hold"": 10, ""lifecycle_without_exit_replay"": 515, ""no_candidate"": 74, ""none"": 2581, ""not_active_exit_eligible"": 1, ""stale_data_no_action"": 8}"
2000,-700,120000,0,3079,515,2581,498,243,685,2151,-252783,-82.09905813575837,-102.0,-269135,-87.40987333549855,-102.0,-16352,-5.310815199740175,0.0,-6.335528864781093,0.0,822,294,1465,0.7365591397849462,1116,0.7099351659093686,290,204345,149,250110,532,108998,0,0,313343,329695,False,True,343.2,8,74,1,414,1,0,515,3079,0,0,3,"{""cut_target"": 149, ""harmful_exit"": 145, ""neutral_exit"": 1465, ""no_active_exit"": 498, ""no_exit_replay"": 515, ""saved_stop"": 290, ""timeout_improved"": 532}","{""candidate_after_baseline_exit"": 414, ""candidate_after_max_hold"": 1, ""lifecycle_without_exit_replay"": 515, ""no_candidate"": 74, ""none"": 2581, ""not_active_exit_eligible"": 1, ""stale_data_no_action"": 8}"
2000,-700,120000,50,3079,515,2581,498,243,685,2151,-406733,-132.09905813575836,-152.0,-423085,-137.40987333549853,-152.0,-16352,-5.310815199740175,0.0,-6.335528864781093,0.0,822,294,1465,0.7365591397849462,1116,0.7099351659093686,290,204345,149,250110,532,108998,0,0,313343,329695,False,True,343.2,8,74,1,414,1,0,515,3079,0,0,3,"{""cut_target"": 149, ""harmful_exit"": 145, ""neutral_exit"": 1465, ""no_active_exit"": 498, ""no_exit_replay"": 515, ""saved_stop"": 290, ""timeout_improved"": 532}","{""candidate_after_baseline_exit"": 414, ""candidate_after_max_hold"": 1, ""lifecycle_without_exit_replay"": 515, ""no_candidate"": 74, ""none"": 2581, ""not_active_exit_eligible"": 1, ""stale_data_no_action"": 8}"
2000,-700,120000,100,3079,515,2581,498,243,685,2151,-560683,-182.09905813575836,-202.0,-577035,-187.40987333549853,-202.0,-16352,-5.310815199740175,0.0,-6.335528864781093,0.0,822,294,1465,0.7365591397849462,1116,0.7099351659093686,290,204345,149,250110,532,108998,0,0,313343,329695,False,True,343.2,8,74,1,414,1,0,515,3079,0,0,3,"{""cut_target"": 149, ""harmful_exit"": 145, ""neutral_exit"": 1465, ""no_active_exit"": 498, ""no_exit_replay"": 515, ""saved_stop"": 290, ""timeout_improved"": 532}","{""candidate_after_baseline_exit"": 414, ""candidate_after_max_hold"": 1, ""lifecycle_without_exit_replay"": 515, ""no_candidate"": 74, ""none"": 2581, ""not_active_exit_eligible"": 1, ""stale_data_no_action"": 8}"
2000,-700,120000,150,3079,515,2581,498,243,685,2151,-714633,-232.09905813575836,-252.0,-730985,-237.40987333549853,-252.0,-16352,-5.310815199740175,0.0,-6.335528864781093,0.0,822,294,1465,0.7365591397849462,1116,0.7099351659093686,290,204345,149,250110,532,108998,0,0,313343,329695,False,True,343.2,8,74,1,414,1,0,515,3079,0,0,3,"{""cut_target"": 149, ""harmful_exit"": 145, ""neutral_exit"": 1465, ""no_active_exit"": 498, ""no_exit_replay"": 515, ""saved_stop"": 290, ""timeout_improved"": 532}","{""candidate_after_baseline_exit"": 414, ""candidate_after_max_hold"": 1, ""lifecycle_without_exit_replay"": 515, ""no_candidate"": 74, ""none"": 2581, ""not_active_exit_eligible"": 1, ""stale_data_no_action"": 8}"
2000,-700,120000,200,3079,515,2581,498,243,685,2151,-868583,-282.09905813575836,-302.0,-884935,-287.40987333549856,-302.0,-16352,-5.310815199740175,0.0,-6.335528864781093,0.0,822,294,1465,0.7365591397849462,1116,0.7099351659093686,290,204345,149,250110,532,108998,0,0,313343,329695,False,True,343.2,8,74,1,414,1,0,515,3079,0,0,3,"{""cut_target"": 149, ""harmful_exit"": 145, ""neutral_exit"": 1465, ""no_active_exit"": 498, ""no_exit_replay"": 515, ""saved_stop"": 290, ""timeout_improved"": 532}","{""candidate_after_baseline_exit"": 414, ""candidate_after_max_hold"": 1, ""lifecycle_without_exit_replay"": 515, ""no_candidate"": 74, ""none"": 2581, ""not_active_exit_eligible"": 1, ""stale_data_no_action"": 8}"
2000,-1000,30000,0,3079,515,2616,463,153,450,2476,-353087,-114.67586878856771,-102.0,-359673,-116.8148749594024,-102.0,-6586,-2.1390061708346866,0.0,-2.517584097859327,0.0,408,249,1959,0.6210045662100456,657,0.5833062270061886,112,98543,61,103013,296,75084,0,0,173627,180213,False,True,141.6,8,74,1,295,85,0,515,3079,0,0,3,"{""cut_target"": 61, ""harmful_exit"": 188, ""neutral_exit"": 1959, ""no_active_exit"": 463, ""no_exit_replay"": 515, ""saved_stop"": 112, ""timeout_improved"": 296}","{""candidate_after_baseline_exit"": 295, ""candidate_after_max_hold"": 85, ""lifecycle_without_exit_replay"": 515, ""no_candidate"": 74, ""none"": 2616, ""not_active_exit_eligible"": 1, ""stale_data_no_action"": 8}"
2000,-1000,30000,50,3079,515,2616,463,153,450,2476,-507037,-164.67586878856773,-152.0,-513623,-166.8148749594024,-152.0,-6586,-2.1390061708346866,0.0,-2.517584097859327,0.0,408,249,1959,0.6210045662100456,657,0.5833062270061886,112,98543,61,103013,296,75084,0,0,173627,180213,False,True,141.6,8,74,1,295,85,0,515,3079,0,0,3,"{""cut_target"": 61, ""harmful_exit"": 188, ""neutral_exit"": 1959, ""no_active_exit"": 463, ""no_exit_replay"": 515, ""saved_stop"": 112, ""timeout_improved"": 296}","{""candidate_after_baseline_exit"": 295, ""candidate_after_max_hold"": 85, ""lifecycle_without_exit_replay"": 515, ""no_candidate"": 74, ""none"": 2616, ""not_active_exit_eligible"": 1, ""stale_data_no_action"": 8}"
2000,-1000,30000,100,3079,515,2616,463,153,450,2476,-660987,-214.67586878856773,-202.0,-667573,-216.8148749594024,-202.0,-6586,-2.1390061708346866,0.0,-2.517584097859327,0.0,408,249,1959,0.6210045662100456,657,0.5833062270061886,112,98543,61,103013,296,75084,0,0,173627,180213,False,True,141.6,8,74,1,295,85,0,515,3079,0,0,3,"{""cut_target"": 61, ""harmful_exit"": 188, ""neutral_exit"": 1959, ""no_active_exit"": 463, ""no_exit_replay"": 515, ""saved_stop"": 112, ""timeout_improved"": 296}","{""candidate_after_baseline_exit"": 295, ""candidate_after_max_hold"": 85, ""lifecycle_without_exit_replay"": 515, ""no_candidate"": 74, ""none"": 2616, ""not_active_exit_eligible"": 1, ""stale_data_no_action"": 8}"
2000,-1000,30000,150,3079,515,2616,463,153,450,2476,-814937,-264.6758687885677,-252.0,-821523,-266.8148749594024,-252.0,-6586,-2.1390061708346866,0.0,-2.517584097859327,0.0,408,249,1959,0.6210045662100456,657,0.5833062270061886,112,98543,61,103013,296,75084,0,0,173627,180213,False,True,141.6,8,74,1,295,85,0,515,3079,0,0,3,"{""cut_target"": 61, ""harmful_exit"": 188, ""neutral_exit"": 1959, ""no_active_exit"": 463, ""no_exit_replay"": 515, ""saved_stop"": 112, ""timeout_improved"": 296}","{""candidate_after_baseline_exit"": 295, ""candidate_after_max_hold"": 85, ""lifecycle_without_exit_replay"": 515, ""no_candidate"": 74, ""none"": 2616, ""not_active_exit_eligible"": 1, ""stale_data_no_action"": 8}"
2000,-1000,30000,200,3079,515,2616,463,153,450,2476,-968887,-314.6758687885677,-302.0,-975473,-316.8148749594024,-302.0,-6586,-2.1390061708346866,0.0,-2.517584097859327,0.0,408,249,1959,0.6210045662100456,657,0.5833062270061886,112,98543,61,103013,296,75084,0,0,173627,180213,False,True,141.6,8,74,1,295,85,0,515,3079,0,0,3,"{""cut_target"": 61, ""harmful_exit"": 188, ""neutral_exit"": 1959, ""no_active_exit"": 463, ""no_exit_replay"": 515, ""saved_stop"": 112, ""timeout_improved"": 296}","{""candidate_after_baseline_exit"": 295, ""candidate_after_max_hold"": 85, ""lifecycle_without_exit_replay"": 515, ""no_candidate"": 74, ""none"": 2616, ""not_active_exit_eligible"": 1, ""stale_data_no_action"": 8}"
2000,-1000,60000,0,3079,515,2633,446,212,525,2342,-326655,-106.09126339720689,-102.0,-357264,-116.03247807729782,-102.0,-30609,-9.941214680090939,0.0,-11.62514242309153,0.0,595,327,1711,0.6453362255965293,922,0.6139109523820813,187,174701,115,193643,408,95501,0,0,270202,300811,False,True,227.8,8,74,1,353,10,0,515,3079,0,0,3,"{""cut_target"": 115, ""harmful_exit"": 212, ""neutral_exit"": 1711, ""no_active_exit"": 446, ""no_exit_replay"": 515, ""saved_stop"": 187, ""timeout_improved"": 408}","{""candidate_after_baseline_exit"": 353, ""candidate_after_max_hold"": 10, ""lifecycle_without_exit_replay"": 515, ""no_candidate"": 74, ""none"": 2633, ""not_active_exit_eligible"": 1, ""stale_data_no_action"": 8}"
2000,-1000,60000,50,3079,515,2633,446,212,525,2342,-480605,-156.0912633972069,-152.0,-511214,-166.0324780772978,-152.0,-30609,-9.941214680090939,0.0,-11.62514242309153,0.0,595,327,1711,0.6453362255965293,922,0.6139109523820813,187,174701,115,193643,408,95501,0,0,270202,300811,False,True,227.8,8,74,1,353,10,0,515,3079,0,0,3,"{""cut_target"": 115, ""harmful_exit"": 212, ""neutral_exit"": 1711, ""no_active_exit"": 446, ""no_exit_replay"": 515, ""saved_stop"": 187, ""timeout_improved"": 408}","{""candidate_after_baseline_exit"": 353, ""candidate_after_max_hold"": 10, ""lifecycle_without_exit_replay"": 515, ""no_candidate"": 74, ""none"": 2633, ""not_active_exit_eligible"": 1, ""stale_data_no_action"": 8}"
2000,-1000,60000,100,3079,515,2633,446,212,525,2342,-634555,-206.0912633972069,-202.0,-665164,-216.0324780772978,-202.0,-30609,-9.941214680090939,0.0,-11.62514242309153,0.0,595,327,1711,0.6453362255965293,922,0.6139109523820813,187,174701,115,193643,408,95501,0,0,270202,300811,False,True,227.8,8,74,1,353,10,0,515,3079,0,0,3,"{""cut_target"": 115, ""harmful_exit"": 212, ""neutral_exit"": 1711, ""no_active_exit"": 446, ""no_exit_replay"": 515, ""saved_stop"": 187, ""timeout_improved"": 408}","{""candidate_after_baseline_exit"": 353, ""candidate_after_max_hold"": 10, ""lifecycle_without_exit_replay"": 515, ""no_candidate"": 74, ""none"": 2633, ""not_active_exit_eligible"": 1, ""stale_data_no_action"": 8}"
2000,-1000,60000,150,3079,515,2633,446,212,525,2342,-788505,-256.0912633972069,-252.0,-819114,-266.0324780772978,-252.0,-30609,-9.941214680090939,0.0,-11.62514242309153,0.0,595,327,1711,0.6453362255965293,922,0.6139109523820813,187,174701,115,193643,408,95501,0,0,270202,300811,False,True,227.8,8,74,1,353,10,0,515,3079,0,0,3,"{""cut_target"": 115, ""harmful_exit"": 212, ""neutral_exit"": 1711, ""no_active_exit"": 446, ""no_exit_replay"": 515, ""saved_stop"": 187, ""timeout_improved"": 408}","{""candidate_after_baseline_exit"": 353, ""candidate_after_max_hold"": 10, ""lifecycle_without_exit_replay"": 515, ""no_candidate"": 74, ""none"": 2633, ""not_active_exit_eligible"": 1, ""stale_data_no_action"": 8}"
2000,-1000,60000,200,3079,515,2633,446,212,525,2342,-942455,-306.0912633972069,-302.0,-973064,-316.0324780772978,-302.0,-30609,-9.941214680090939,0.0,-11.62514242309153,0.0,595,327,1711,0.6453362255965293,922,0.6139109523820813,187,174701,115,193643,408,95501,0,0,270202,300811,False,True,227.8,8,74,1,353,10,0,515,3079,0,0,3,"{""cut_target"": 115, ""harmful_exit"": 212, ""neutral_exit"": 1711, ""no_active_exit"": 446, ""no_exit_replay"": 515, ""saved_stop"": 187, ""timeout_improved"": 408}","{""candidate_after_baseline_exit"": 353, ""candidate_after_max_hold"": 10, ""lifecycle_without_exit_replay"": 515, ""no_candidate"": 74, ""none"": 2633, ""not_active_exit_eligible"": 1, ""stale_data_no_action"": 8}"
2000,-1000,120000,0,3079,515,2633,446,267,586,2226,-363154,-117.94543683013966,-102.0,-354480,-115.1282884053264,-102.0,8674,2.8171484248132512,0.0,3.294341055829852,0.0,839,319,1475,0.7245250431778929,1158,0.6980832425025618,248,238422,168,289123,591,143159,0,0,381581,372907,False,True,307.1,8,74,1,362,1,0,515,3079,0,0,4,"{""cut_target"": 168, ""harmful_exit"": 151, ""neutral_exit"": 1475, ""no_active_exit"": 446, ""no_exit_replay"": 515, ""saved_stop"": 248, ""timeout_improved"": 591}","{""candidate_after_baseline_exit"": 362, ""candidate_after_max_hold"": 1, ""lifecycle_without_exit_replay"": 515, ""no_candidate"": 74, ""none"": 2633, ""not_active_exit_eligible"": 1, ""stale_data_no_action"": 8}"
2000,-1000,120000,50,3079,515,2633,446,267,586,2226,-517104,-167.94543683013967,-152.0,-508430,-165.1282884053264,-152.0,8674,2.8171484248132512,0.0,3.294341055829852,0.0,839,319,1475,0.7245250431778929,1158,0.6980832425025618,248,238422,168,289123,591,143159,0,0,381581,372907,False,True,307.1,8,74,1,362,1,0,515,3079,0,0,4,"{""cut_target"": 168, ""harmful_exit"": 151, ""neutral_exit"": 1475, ""no_active_exit"": 446, ""no_exit_replay"": 515, ""saved_stop"": 248, ""timeout_improved"": 591}","{""candidate_after_baseline_exit"": 362, ""candidate_after_max_hold"": 1, ""lifecycle_without_exit_replay"": 515, ""no_candidate"": 74, ""none"": 2633, ""not_active_exit_eligible"": 1, ""stale_data_no_action"": 8}"
2000,-1000,120000,100,3079,515,2633,446,267,586,2226,-671054,-217.94543683013967,-202.0,-662380,-215.1282884053264,-202.0,8674,2.8171484248132512,0.0,3.294341055829852,0.0,839,319,1475,0.7245250431778929,1158,0.6980832425025618,248,238422,168,289123,591,143159,0,0,381581,372907,False,True,307.1,8,74,1,362,1,0,515,3079,0,0,4,"{""cut_target"": 168, ""harmful_exit"": 151, ""neutral_exit"": 1475, ""no_active_exit"": 446, ""no_exit_replay"": 515, ""saved_stop"": 248, ""timeout_improved"": 591}","{""candidate_after_baseline_exit"": 362, ""candidate_after_max_hold"": 1, ""lifecycle_without_exit_replay"": 515, ""no_candidate"": 74, ""none"": 2633, ""not_active_exit_eligible"": 1, ""stale_data_no_action"": 8}"
2000,-1000,120000,150,3079,515,2633,446,267,586,2226,-825004,-267.94543683013967,-252.0,-816330,-265.12828840532643,-252.0,8674,2.8171484248132512,0.0,3.294341055829852,0.0,839,319,1475,0.7245250431778929,1158,0.6980832425025618,248,238422,168,289123,591,143159,0,0,381581,372907,False,True,307.1,8,74,1,362,1,0,515,3079,0,0,4,"{""cut_target"": 168, ""harmful_exit"": 151, ""neutral_exit"": 1475, ""no_active_exit"": 446, ""no_exit_replay"": 515, ""saved_stop"": 248, ""timeout_improved"": 591}","{""candidate_after_baseline_exit"": 362, ""candidate_after_max_hold"": 1, ""lifecycle_without_exit_replay"": 515, ""no_candidate"": 74, ""none"": 2633, ""not_active_exit_eligible"": 1, ""stale_data_no_action"": 8}"
2000,-1000,120000,200,3079,515,2633,446,267,586,2226,-978954,-317.94543683013967,-302.0,-970280,-315.12828840532643,-302.0,8674,2.8171484248132512,0.0,3.294341055829852,0.0,839,319,1475,0.7245250431778929,1158,0.6980832425025618,248,238422,168,289123,591,143159,0,0,381581,372907,False,True,307.1,8,74,1,362,1,0,515,3079,0,0,4,"{""cut_target"": 168, ""harmful_exit"": 151, ""neutral_exit"": 1475, ""no_active_exit"": 446, ""no_exit_replay"": 515, ""saved_stop"": 248, ""timeout_improved"": 591}","{""candidate_after_baseline_exit"": 362, ""candidate_after_max_hold"": 1, ""lifecycle_without_exit_replay"": 515, ""no_candidate"": 74, ""none"": 2633, ""not_active_exit_eligible"": 1, ""stale_data_no_action"": 8}"
2000,-1500,30000,0,3079,515,2686,393,168,345,2566,-459141,-149.12016888600195,-102.0,-465264,-151.1088015589477,-102.0,-6123,-1.9886326729457615,0.0,-2.279597915115413,0.0,436,278,1972,0.6106442577030813,714,0.5743773941978443,94,107613,68,122040,342,109404,0,0,217017,223140,False,True,128.2,8,74,1,225,85,0,515,3079,0,0,4,"{""cut_target"": 68, ""harmful_exit"": 210, ""neutral_exit"": 1972, ""no_active_exit"": 393, ""no_exit_replay"": 515, ""saved_stop"": 94, ""timeout_improved"": 342}","{""candidate_after_baseline_exit"": 225, ""candidate_after_max_hold"": 85, ""lifecycle_without_exit_replay"": 515, ""no_candidate"": 74, ""none"": 2686, ""not_active_exit_eligible"": 1, ""stale_data_no_action"": 8}"
2000,-1500,30000,50,3079,515,2686,393,168,345,2566,-613091,-199.12016888600195,-152.0,-619214,-201.1088015589477,-152.0,-6123,-1.9886326729457615,0.0,-2.279597915115413,0.0,436,278,1972,0.6106442577030813,714,0.5743773941978443,94,107613,68,122040,342,109404,0,0,217017,223140,False,True,128.2,8,74,1,225,85,0,515,3079,0,0,4,"{""cut_target"": 68, ""harmful_exit"": 210, ""neutral_exit"": 1972, ""no_active_exit"": 393, ""no_exit_replay"": 515, ""saved_stop"": 94, ""timeout_improved"": 342}","{""candidate_after_baseline_exit"": 225, ""candidate_after_max_hold"": 85, ""lifecycle_without_exit_replay"": 515, ""no_candidate"": 74, ""none"": 2686, ""not_active_exit_eligible"": 1, ""stale_data_no_action"": 8}"
2000,-1500,30000,100,3079,515,2686,393,168,345,2566,-767041,-249.12016888600195,-202.0,-773164,-251.1088015589477,-202.0,-6123,-1.9886326729457615,0.0,-2.279597915115413,0.0,436,278,1972,0.6106442577030813,714,0.5743773941978443,94,107613,68,122040,342,109404,0,0,217017,223140,False,True,128.2,8,74,1,225,85,0,515,3079,0,0,4,"{""cut_target"": 68, ""harmful_exit"": 210, ""neutral_exit"": 1972, ""no_active_exit"": 393, ""no_exit_replay"": 515, ""saved_stop"": 94, ""timeout_improved"": 342}","{""candidate_after_baseline_exit"": 225, ""candidate_after_max_hold"": 85, ""lifecycle_without_exit_replay"": 515, ""no_candidate"": 74, ""none"": 2686, ""not_active_exit_eligible"": 1, ""stale_data_no_action"": 8}"
2000,-1500,30000,150,3079,515,2686,393,168,345,2566,-920991,-299.1201688860019,-252.0,-927114,-301.10880155894773,-252.0,-6123,-1.9886326729457615,0.0,-2.279597915115413,0.0,436,278,1972,0.6106442577030813,714,0.5743773941978443,94,107613,68,122040,342,109404,0,0,217017,223140,False,True,128.2,8,74,1,225,85,0,515,3079,0,0,4,"{""cut_target"": 68, ""harmful_exit"": 210, ""neutral_exit"": 1972, ""no_active_exit"": 393, ""no_exit_replay"": 515, ""saved_stop"": 94, ""timeout_improved"": 342}","{""candidate_after_baseline_exit"": 225, ""candidate_after_max_hold"": 85, ""lifecycle_without_exit_replay"": 515, ""no_candidate"": 74, ""none"": 2686, ""not_active_exit_eligible"": 1, ""stale_data_no_action"": 8}"
2000,-1500,30000,200,3079,515,2686,393,168,345,2566,-1074941,-349.1201688860019,-302.0,-1081064,-351.10880155894773,-302.0,-6123,-1.9886326729457615,0.0,-2.279597915115413,0.0,436,278,1972,0.6106442577030813,714,0.5743773941978443,94,107613,68,122040,342,109404,0,0,217017,223140,False,True,128.2,8,74,1,225,85,0,515,3079,0,0,4,"{""cut_target"": 68, ""harmful_exit"": 210, ""neutral_exit"": 1972, ""no_active_exit"": 393, ""no_exit_replay"": 515, ""saved_stop"": 94, ""timeout_improved"": 342}","{""candidate_after_baseline_exit"": 225, ""candidate_after_max_hold"": 85, ""lifecycle_without_exit_replay"": 515, ""no_candidate"": 74, ""none"": 2686, ""not_active_exit_eligible"": 1, ""stale_data_no_action"": 8}"
2000,-1500,60000,0,3079,515,2710,369,240,417,2422,-441012,-143.23221825267944,-102.0,-462296,-150.1448522247483,-102.0,-21284,-6.912633972068853,0.0,-7.853874538745387,0.0,625,362,1723,0.6332320162107397,987,0.6027039954255005,165,206540,134,243622,460,139906,0,0,346446,367730,False,True,211.0,8,74,1,276,10,0,515,3079,0,0,3,"{""cut_target"": 134, ""harmful_exit"": 228, ""neutral_exit"": 1723, ""no_active_exit"": 369, ""no_exit_replay"": 515, ""saved_stop"": 165, ""timeout_improved"": 460}","{""candidate_after_baseline_exit"": 276, ""candidate_after_max_hold"": 10, ""lifecycle_without_exit_replay"": 515, ""no_candidate"": 74, ""none"": 2710, ""not_active_exit_eligible"": 1, ""stale_data_no_action"": 8}"
2000,-1500,60000,50,3079,515,2710,369,240,417,2422,-594962,-193.23221825267944,-152.0,-616246,-200.1448522247483,-152.0,-21284,-6.912633972068853,0.0,-7.853874538745387,0.0,625,362,1723,0.6332320162107397,987,0.6027039954255005,165,206540,134,243622,460,139906,0,0,346446,367730,False,True,211.0,8,74,1,276,10,0,515,3079,0,0,3,"{""cut_target"": 134, ""harmful_exit"": 228, ""neutral_exit"": 1723, ""no_active_exit"": 369, ""no_exit_replay"": 515, ""saved_stop"": 165, ""timeout_improved"": 460}","{""candidate_after_baseline_exit"": 276, ""candidate_after_max_hold"": 10, ""lifecycle_without_exit_replay"": 515, ""no_candidate"": 74, ""none"": 2710, ""not_active_exit_eligible"": 1, ""stale_data_no_action"": 8}"
2000,-1500,60000,100,3079,515,2710,369,240,417,2422,-748912,-243.23221825267944,-202.0,-770196,-250.1448522247483,-202.0,-21284,-6.912633972068853,0.0,-7.853874538745387,0.0,625,362,1723,0.6332320162107397,987,0.6027039954255005,165,206540,134,243622,460,139906,0,0,346446,367730,False,True,211.0,8,74,1,276,10,0,515,3079,0,0,3,"{""cut_target"": 134, ""harmful_exit"": 228, ""neutral_exit"": 1723, ""no_active_exit"": 369, ""no_exit_replay"": 515, ""saved_stop"": 165, ""timeout_improved"": 460}","{""candidate_after_baseline_exit"": 276, ""candidate_after_max_hold"": 10, ""lifecycle_without_exit_replay"": 515, ""no_candidate"": 74, ""none"": 2710, ""not_active_exit_eligible"": 1, ""stale_data_no_action"": 8}"
2000,-1500,60000,150,3079,515,2710,369,240,417,2422,-902862,-293.23221825267944,-252.0,-924146,-300.1448522247483,-252.0,-21284,-6.912633972068853,0.0,-7.853874538745387,0.0,625,362,1723,0.6332320162107397,987,0.6027039954255005,165,206540,134,243622,460,139906,0,0,346446,367730,False,True,211.0,8,74,1,276,10,0,515,3079,0,0,3,"{""cut_target"": 134, ""harmful_exit"": 228, ""neutral_exit"": 1723, ""no_active_exit"": 369, ""no_exit_replay"": 515, ""saved_stop"": 165, ""timeout_improved"": 460}","{""candidate_after_baseline_exit"": 276, ""candidate_after_max_hold"": 10, ""lifecycle_without_exit_replay"": 515, ""no_candidate"": 74, ""none"": 2710, ""not_active_exit_eligible"": 1, ""stale_data_no_action"": 8}"
2000,-1500,60000,200,3079,515,2710,369,240,417,2422,-1056812,-343.23221825267944,-302.0,-1078096,-350.1448522247483,-302.0,-21284,-6.912633972068853,0.0,-7.853874538745387,0.0,625,362,1723,0.6332320162107397,987,0.6027039954255005,165,206540,134,243622,460,139906,0,0,346446,367730,False,True,211.0,8,74,1,276,10,0,515,3079,0,0,3,"{""cut_target"": 134, ""harmful_exit"": 228, ""neutral_exit"": 1723, ""no_active_exit"": 369, ""no_exit_replay"": 515, ""saved_stop"": 165, ""timeout_improved"": 460}","{""candidate_after_baseline_exit"": 276, ""candidate_after_max_hold"": 10, ""lifecycle_without_exit_replay"": 515, ""no_candidate"": 74, ""none"": 2710, ""not_active_exit_eligible"": 1, ""stale_data_no_action"": 8}"
2000,-1500,120000,0,3079,515,2710,369,304,474,2301,-489995,-159.14095485547256,-102.0,-459512,-149.24066255277688,-102.0,30483,9.90029230269568,0.0,11.248339483394833,0.0,874,353,1483,0.7123064384678076,1227,0.6863453423203834,222,284886,196,360830,652,197195,0,0,482081,451598,False,True,287.2,8,74,1,285,1,0,515,3079,0,0,4,"{""cut_target"": 196, ""harmful_exit"": 157, ""neutral_exit"": 1483, ""no_active_exit"": 369, ""no_exit_replay"": 515, ""saved_stop"": 222, ""timeout_improved"": 652}","{""candidate_after_baseline_exit"": 285, ""candidate_after_max_hold"": 1, ""lifecycle_without_exit_replay"": 515, ""no_candidate"": 74, ""none"": 2710, ""not_active_exit_eligible"": 1, ""stale_data_no_action"": 8}"
2000,-1500,120000,50,3079,515,2710,369,304,474,2301,-643945,-209.14095485547256,-152.0,-613462,-199.24066255277688,-152.0,30483,9.90029230269568,0.0,11.248339483394833,0.0,874,353,1483,0.7123064384678076,1227,0.6863453423203834,222,284886,196,360830,652,197195,0,0,482081,451598,False,True,287.2,8,74,1,285,1,0,515,3079,0,0,4,"{""cut_target"": 196, ""harmful_exit"": 157, ""neutral_exit"": 1483, ""no_active_exit"": 369, ""no_exit_replay"": 515, ""saved_stop"": 222, ""timeout_improved"": 652}","{""candidate_after_baseline_exit"": 285, ""candidate_after_max_hold"": 1, ""lifecycle_without_exit_replay"": 515, ""no_candidate"": 74, ""none"": 2710, ""not_active_exit_eligible"": 1, ""stale_data_no_action"": 8}"
2000,-1500,120000,100,3079,515,2710,369,304,474,2301,-797895,-259.14095485547256,-202.0,-767412,-249.24066255277688,-202.0,30483,9.90029230269568,0.0,11.248339483394833,0.0,874,353,1483,0.7123064384678076,1227,0.6863453423203834,222,284886,196,360830,652,197195,0,0,482081,451598,False,True,287.2,8,74,1,285,1,0,515,3079,0,0,4,"{""cut_target"": 196, ""harmful_exit"": 157, ""neutral_exit"": 1483, ""no_active_exit"": 369, ""no_exit_replay"": 515, ""saved_stop"": 222, ""timeout_improved"": 652}","{""candidate_after_baseline_exit"": 285, ""candidate_after_max_hold"": 1, ""lifecycle_without_exit_replay"": 515, ""no_candidate"": 74, ""none"": 2710, ""not_active_exit_eligible"": 1, ""stale_data_no_action"": 8}"
2000,-1500,120000,150,3079,515,2710,369,304,474,2301,-951845,-309.14095485547256,-252.0,-921362,-299.2406625527769,-252.0,30483,9.90029230269568,0.0,11.248339483394833,0.0,874,353,1483,0.7123064384678076,1227,0.6863453423203834,222,284886,196,360830,652,197195,0,0,482081,451598,False,True,287.2,8,74,1,285,1,0,515,3079,0,0,4,"{""cut_target"": 196, ""harmful_exit"": 157, ""neutral_exit"": 1483, ""no_active_exit"": 369, ""no_exit_replay"": 515, ""saved_stop"": 222, ""timeout_improved"": 652}","{""candidate_after_baseline_exit"": 285, ""candidate_after_max_hold"": 1, ""lifecycle_without_exit_replay"": 515, ""no_candidate"": 74, ""none"": 2710, ""not_active_exit_eligible"": 1, ""stale_data_no_action"": 8}"
2000,-1500,120000,200,3079,515,2710,369,304,474,2301,-1105795,-359.14095485547256,-302.0,-1075312,-349.2406625527769,-302.0,30483,9.90029230269568,0.0,11.248339483394833,0.0,874,353,1483,0.7123064384678076,1227,0.6863453423203834,222,284886,196,360830,652,197195,0,0,482081,451598,False,True,287.2,8,74,1,285,1,0,515,3079,0,0,4,"{""cut_target"": 196, ""harmful_exit"": 157, ""neutral_exit"": 1483, ""no_active_exit"": 369, ""no_exit_replay"": 515, ""saved_stop"": 222, ""timeout_improved"": 652}","{""candidate_after_baseline_exit"": 285, ""candidate_after_max_hold"": 1, ""lifecycle_without_exit_replay"": 515, ""no_candidate"": 74, ""none"": 2710, ""not_active_exit_eligible"": 1, ""stale_data_no_action"": 8}"
2000,-2000,30000,0,3079,515,2730,349,174,286,2619,-567355,-184.26599545306917,-102.0,-550946,-178.93666774926925,-102.0,16409,5.329327703799935,0.0,6.010622710622711,0.0,453,292,1985,0.6080536912751678,745,0.5725296848528741,87,128854,70,129452,366,127423,0,0,256277,239868,False,True,123.6,8,74,1,181,85,0,515,3079,0,0,4,"{""cut_target"": 70, ""harmful_exit"": 222, ""neutral_exit"": 1985, ""no_active_exit"": 349, ""no_exit_replay"": 515, ""saved_stop"": 87, ""timeout_improved"": 366}","{""candidate_after_baseline_exit"": 181, ""candidate_after_max_hold"": 85, ""lifecycle_without_exit_replay"": 515, ""no_candidate"": 74, ""none"": 2730, ""not_active_exit_eligible"": 1, ""stale_data_no_action"": 8}"
2000,-2000,30000,50,3079,515,2730,349,174,286,2619,-721305,-234.26599545306917,-152.0,-704896,-228.93666774926925,-152.0,16409,5.329327703799935,0.0,6.010622710622711,0.0,453,292,1985,0.6080536912751678,745,0.5725296848528741,87,128854,70,129452,366,127423,0,0,256277,239868,False,True,123.6,8,74,1,181,85,0,515,3079,0,0,4,"{""cut_target"": 70, ""harmful_exit"": 222, ""neutral_exit"": 1985, ""no_active_exit"": 349, ""no_exit_replay"": 515, ""saved_stop"": 87, ""timeout_improved"": 366}","{""candidate_after_baseline_exit"": 181, ""candidate_after_max_hold"": 85, ""lifecycle_without_exit_replay"": 515, ""no_candidate"": 74, ""none"": 2730, ""not_active_exit_eligible"": 1, ""stale_data_no_action"": 8}"
2000,-2000,30000,100,3079,515,2730,349,174,286,2619,-875255,-284.2659954530692,-202.0,-858846,-278.93666774926925,-202.0,16409,5.329327703799935,0.0,6.010622710622711,0.0,453,292,1985,0.6080536912751678,745,0.5725296848528741,87,128854,70,129452,366,127423,0,0,256277,239868,False,True,123.6,8,74,1,181,85,0,515,3079,0,0,4,"{""cut_target"": 70, ""harmful_exit"": 222, ""neutral_exit"": 1985, ""no_active_exit"": 349, ""no_exit_replay"": 515, ""saved_stop"": 87, ""timeout_improved"": 366}","{""candidate_after_baseline_exit"": 181, ""candidate_after_max_hold"": 85, ""lifecycle_without_exit_replay"": 515, ""no_candidate"": 74, ""none"": 2730, ""not_active_exit_eligible"": 1, ""stale_data_no_action"": 8}"
2000,-2000,30000,150,3079,515,2730,349,174,286,2619,-1029205,-334.2659954530692,-252.0,-1012796,-328.93666774926925,-252.0,16409,5.329327703799935,0.0,6.010622710622711,0.0,453,292,1985,0.6080536912751678,745,0.5725296848528741,87,128854,70,129452,366,127423,0,0,256277,239868,False,True,123.6,8,74,1,181,85,0,515,3079,0,0,4,"{""cut_target"": 70, ""harmful_exit"": 222, ""neutral_exit"": 1985, ""no_active_exit"": 349, ""no_exit_replay"": 515, ""saved_stop"": 87, ""timeout_improved"": 366}","{""candidate_after_baseline_exit"": 181, ""candidate_after_max_hold"": 85, ""lifecycle_without_exit_replay"": 515, ""no_candidate"": 74, ""none"": 2730, ""not_active_exit_eligible"": 1, ""stale_data_no_action"": 8}"
2000,-2000,30000,200,3079,515,2730,349,174,286,2619,-1183155,-384.2659954530692,-302.0,-1166746,-378.93666774926925,-302.0,16409,5.329327703799935,0.0,6.010622710622711,0.0,453,292,1985,0.6080536912751678,745,0.5725296848528741,87,128854,70,129452,366,127423,0,0,256277,239868,False,True,123.6,8,74,1,181,85,0,515,3079,0,0,4,"{""cut_target"": 70, ""harmful_exit"": 222, ""neutral_exit"": 1985, ""no_active_exit"": 349, ""no_exit_replay"": 515, ""saved_stop"": 87, ""timeout_improved"": 366}","{""candidate_after_baseline_exit"": 181, ""candidate_after_max_hold"": 85, ""lifecycle_without_exit_replay"": 515, ""no_candidate"": 74, ""none"": 2730, ""not_active_exit_eligible"": 1, ""stale_data_no_action"": 8}"
2000,-2000,60000,0,3079,515,2755,324,252,359,2468,-569987,-185.12081844754792,-102.0,-545863,-177.28580708022085,-102.0,24124,7.835011367327054,0.0,8.75644283121597,0.0,646,377,1732,0.6314760508308895,1023,0.6014742735060402,158,242617,140,263877,488,175950,0,0,418567,394443,False,True,206.8,8,74,1,231,10,0,515,3079,0,0,3,"{""cut_target"": 140, ""harmful_exit"": 237, ""neutral_exit"": 1732, ""no_active_exit"": 324, ""no_exit_replay"": 515, ""saved_stop"": 158, ""timeout_improved"": 488}","{""candidate_after_baseline_exit"": 231, ""candidate_after_max_hold"": 10, ""lifecycle_without_exit_replay"": 515, ""no_candidate"": 74, ""none"": 2755, ""not_active_exit_eligible"": 1, ""stale_data_no_action"": 8}"
2000,-2000,60000,50,3079,515,2755,324,252,359,2468,-723937,-235.12081844754792,-152.0,-699813,-227.28580708022085,-152.0,24124,7.835011367327054,0.0,8.75644283121597,0.0,646,377,1732,0.6314760508308895,1023,0.6014742735060402,158,242617,140,263877,488,175950,0,0,418567,394443,False,True,206.8,8,74,1,231,10,0,515,3079,0,0,3,"{""cut_target"": 140, ""harmful_exit"": 237, ""neutral_exit"": 1732, ""no_active_exit"": 324, ""no_exit_replay"": 515, ""saved_stop"": 158, ""timeout_improved"": 488}","{""candidate_after_baseline_exit"": 231, ""candidate_after_max_hold"": 10, ""lifecycle_without_exit_replay"": 515, ""no_candidate"": 74, ""none"": 2755, ""not_active_exit_eligible"": 1, ""stale_data_no_action"": 8}"
2000,-2000,60000,100,3079,515,2755,324,252,359,2468,-877887,-285.1208184475479,-202.0,-853763,-277.2858070802209,-202.0,24124,7.835011367327054,0.0,8.75644283121597,0.0,646,377,1732,0.6314760508308895,1023,0.6014742735060402,158,242617,140,263877,488,175950,0,0,418567,394443,False,True,206.8,8,74,1,231,10,0,515,3079,0,0,3,"{""cut_target"": 140, ""harmful_exit"": 237, ""neutral_exit"": 1732, ""no_active_exit"": 324, ""no_exit_replay"": 515, ""saved_stop"": 158, ""timeout_improved"": 488}","{""candidate_after_baseline_exit"": 231, ""candidate_after_max_hold"": 10, ""lifecycle_without_exit_replay"": 515, ""no_candidate"": 74, ""none"": 2755, ""not_active_exit_eligible"": 1, ""stale_data_no_action"": 8}"
2000,-2000,60000,150,3079,515,2755,324,252,359,2468,-1031837,-335.1208184475479,-252.0,-1007713,-327.2858070802209,-252.0,24124,7.835011367327054,0.0,8.75644283121597,0.0,646,377,1732,0.6314760508308895,1023,0.6014742735060402,158,242617,140,263877,488,175950,0,0,418567,394443,False,True,206.8,8,74,1,231,10,0,515,3079,0,0,3,"{""cut_target"": 140, ""harmful_exit"": 237, ""neutral_exit"": 1732, ""no_active_exit"": 324, ""no_exit_replay"": 515, ""saved_stop"": 158, ""timeout_improved"": 488}","{""candidate_after_baseline_exit"": 231, ""candidate_after_max_hold"": 10, ""lifecycle_without_exit_replay"": 515, ""no_candidate"": 74, ""none"": 2755, ""not_active_exit_eligible"": 1, ""stale_data_no_action"": 8}"
2000,-2000,60000,200,3079,515,2755,324,252,359,2468,-1185787,-385.1208184475479,-302.0,-1161663,-377.2858070802209,-302.0,24124,7.835011367327054,0.0,8.75644283121597,0.0,646,377,1732,0.6314760508308895,1023,0.6014742735060402,158,242617,140,263877,488,175950,0,0,418567,394443,False,True,206.8,8,74,1,231,10,0,515,3079,0,0,3,"{""cut_target"": 140, ""harmful_exit"": 237, ""neutral_exit"": 1732, ""no_active_exit"": 324, ""no_exit_replay"": 515, ""saved_stop"": 158, ""timeout_improved"": 488}","{""candidate_after_baseline_exit"": 231, ""candidate_after_max_hold"": 10, ""lifecycle_without_exit_replay"": 515, ""no_candidate"": 74, ""none"": 2755, ""not_active_exit_eligible"": 1, ""stale_data_no_action"": 8}"
2000,-2000,120000,0,3079,515,2755,324,319,404,2356,-630293,-204.70704774277363,-102.0,-543079,-176.38161740824944,-102.0,87214,28.325430334524196,0.0,31.656624319419237,0.0,895,370,1490,0.7075098814229249,1265,0.681843443413587,203,331935,205,389573,692,246512,0,0,578447,491233,False,True,272.2,8,74,1,240,1,0,515,3079,0,0,4,"{""cut_target"": 205, ""harmful_exit"": 165, ""neutral_exit"": 1490, ""no_active_exit"": 324, ""no_exit_replay"": 515, ""saved_stop"": 203, ""timeout_improved"": 692}","{""candidate_after_baseline_exit"": 240, ""candidate_after_max_hold"": 1, ""lifecycle_without_exit_replay"": 515, ""no_candidate"": 74, ""none"": 2755, ""not_active_exit_eligible"": 1, ""stale_data_no_action"": 8}"
2000,-2000,120000,50,3079,515,2755,324,319,404,2356,-784243,-254.70704774277363,-152.0,-697029,-226.38161740824944,-152.0,87214,28.325430334524196,0.0,31.656624319419237,0.0,895,370,1490,0.7075098814229249,1265,0.681843443413587,203,331935,205,389573,692,246512,0,0,578447,491233,False,True,272.2,8,74,1,240,1,0,515,3079,0,0,4,"{""cut_target"": 205, ""harmful_exit"": 165, ""neutral_exit"": 1490, ""no_active_exit"": 324, ""no_exit_replay"": 515, ""saved_stop"": 203, ""timeout_improved"": 692}","{""candidate_after_baseline_exit"": 240, ""candidate_after_max_hold"": 1, ""lifecycle_without_exit_replay"": 515, ""no_candidate"": 74, ""none"": 2755, ""not_active_exit_eligible"": 1, ""stale_data_no_action"": 8}"
2000,-2000,120000,100,3079,515,2755,324,319,404,2356,-938193,-304.7070477427736,-202.0,-850979,-276.38161740824944,-202.0,87214,28.325430334524196,0.0,31.656624319419237,0.0,895,370,1490,0.7075098814229249,1265,0.681843443413587,203,331935,205,389573,692,246512,0,0,578447,491233,False,True,272.2,8,74,1,240,1,0,515,3079,0,0,4,"{""cut_target"": 205, ""harmful_exit"": 165, ""neutral_exit"": 1490, ""no_active_exit"": 324, ""no_exit_replay"": 515, ""saved_stop"": 203, ""timeout_improved"": 692}","{""candidate_after_baseline_exit"": 240, ""candidate_after_max_hold"": 1, ""lifecycle_without_exit_replay"": 515, ""no_candidate"": 74, ""none"": 2755, ""not_active_exit_eligible"": 1, ""stale_data_no_action"": 8}"
2000,-2000,120000,150,3079,515,2755,324,319,404,2356,-1092143,-354.7070477427736,-252.0,-1004929,-326.38161740824944,-252.0,87214,28.325430334524196,0.0,31.656624319419237,0.0,895,370,1490,0.7075098814229249,1265,0.681843443413587,203,331935,205,389573,692,246512,0,0,578447,491233,False,True,272.2,8,74,1,240,1,0,515,3079,0,0,4,"{""cut_target"": 205, ""harmful_exit"": 165, ""neutral_exit"": 1490, ""no_active_exit"": 324, ""no_exit_replay"": 515, ""saved_stop"": 203, ""timeout_improved"": 692}","{""candidate_after_baseline_exit"": 240, ""candidate_after_max_hold"": 1, ""lifecycle_without_exit_replay"": 515, ""no_candidate"": 74, ""none"": 2755, ""not_active_exit_eligible"": 1, ""stale_data_no_action"": 8}"
2000,-2000,120000,200,3079,515,2755,324,319,404,2356,-1246093,-404.7070477427736,-302.0,-1158879,-376.38161740824944,-302.0,87214,28.325430334524196,0.0,31.656624319419237,0.0,895,370,1490,0.7075098814229249,1265,0.681843443413587,203,331935,205,389573,692,246512,0,0,578447,491233,False,True,272.2,8,74,1,240,1,0,515,3079,0,0,4,"{""cut_target"": 205, ""harmful_exit"": 165, ""neutral_exit"": 1490, ""no_active_exit"": 324, ""no_exit_replay"": 515, ""saved_stop"": 203, ""timeout_improved"": 692}","{""candidate_after_baseline_exit"": 240, ""candidate_after_max_hold"": 1, ""lifecycle_without_exit_replay"": 515, ""no_candidate"": 74, ""none"": 2755, ""not_active_exit_eligible"": 1, ""stale_data_no_action"": 8}"
2000,-3000,30000,0,3079,515,2801,278,181,186,2712,-719419,-233.65345891523222,-102.0,-640656,-208.07275089314712,-102.0,78763,25.580708022085094,0.0,28.119600142806142,0.0,492,311,1998,0.6127023661270237,803,0.5785489664037433,77,136352,71,133982,415,196008,0,0,332360,253597,False,True,118.5,8,74,1,110,85,0,515,3079,0,0,3,"{""cut_target"": 71, ""harmful_exit"": 240, ""neutral_exit"": 1998, ""no_active_exit"": 278, ""no_exit_replay"": 515, ""saved_stop"": 77, ""timeout_improved"": 415}","{""candidate_after_baseline_exit"": 110, ""candidate_after_max_hold"": 85, ""lifecycle_without_exit_replay"": 515, ""no_candidate"": 74, ""none"": 2801, ""not_active_exit_eligible"": 1, ""stale_data_no_action"": 8}"
2000,-3000,30000,50,3079,515,2801,278,181,186,2712,-873369,-283.6534589152322,-152.0,-794606,-258.07275089314714,-152.0,78763,25.580708022085094,0.0,28.119600142806142,0.0,492,311,1998,0.6127023661270237,803,0.5785489664037433,77,136352,71,133982,415,196008,0,0,332360,253597,False,True,118.5,8,74,1,110,85,0,515,3079,0,0,3,"{""cut_target"": 71, ""harmful_exit"": 240, ""neutral_exit"": 1998, ""no_active_exit"": 278, ""no_exit_replay"": 515, ""saved_stop"": 77, ""timeout_improved"": 415}","{""candidate_after_baseline_exit"": 110, ""candidate_after_max_hold"": 85, ""lifecycle_without_exit_replay"": 515, ""no_candidate"": 74, ""none"": 2801, ""not_active_exit_eligible"": 1, ""stale_data_no_action"": 8}"
2000,-3000,30000,100,3079,515,2801,278,181,186,2712,-1027319,-333.6534589152322,-202.0,-948556,-308.07275089314714,-202.0,78763,25.580708022085094,0.0,28.119600142806142,0.0,492,311,1998,0.6127023661270237,803,0.5785489664037433,77,136352,71,133982,415,196008,0,0,332360,253597,False,True,118.5,8,74,1,110,85,0,515,3079,0,0,3,"{""cut_target"": 71, ""harmful_exit"": 240, ""neutral_exit"": 1998, ""no_active_exit"": 278, ""no_exit_replay"": 515, ""saved_stop"": 77, ""timeout_improved"": 415}","{""candidate_after_baseline_exit"": 110, ""candidate_after_max_hold"": 85, ""lifecycle_without_exit_replay"": 515, ""no_candidate"": 74, ""none"": 2801, ""not_active_exit_eligible"": 1, ""stale_data_no_action"": 8}"
2000,-3000,30000,150,3079,515,2801,278,181,186,2712,-1181269,-383.6534589152322,-252.0,-1102506,-358.07275089314714,-252.0,78763,25.580708022085094,0.0,28.119600142806142,0.0,492,311,1998,0.6127023661270237,803,0.5785489664037433,77,136352,71,133982,415,196008,0,0,332360,253597,False,True,118.5,8,74,1,110,85,0,515,3079,0,0,3,"{""cut_target"": 71, ""harmful_exit"": 240, ""neutral_exit"": 1998, ""no_active_exit"": 278, ""no_exit_replay"": 515, ""saved_stop"": 77, ""timeout_improved"": 415}","{""candidate_after_baseline_exit"": 110, ""candidate_after_max_hold"": 85, ""lifecycle_without_exit_replay"": 515, ""no_candidate"": 74, ""none"": 2801, ""not_active_exit_eligible"": 1, ""stale_data_no_action"": 8}"
2000,-3000,30000,200,3079,515,2801,278,181,186,2712,-1335219,-433.6534589152322,-302.0,-1256456,-408.07275089314714,-302.0,78763,25.580708022085094,0.0,28.119600142806142,0.0,492,311,1998,0.6127023661270237,803,0.5785489664037433,77,136352,71,133982,415,196008,0,0,332360,253597,False,True,118.5,8,74,1,110,85,0,515,3079,0,0,3,"{""cut_target"": 71, ""harmful_exit"": 240, ""neutral_exit"": 1998, ""no_active_exit"": 278, ""no_exit_replay"": 515, ""saved_stop"": 77, ""timeout_improved"": 415}","{""candidate_after_baseline_exit"": 110, ""candidate_after_max_hold"": 85, ""lifecycle_without_exit_replay"": 515, ""no_candidate"": 74, ""none"": 2801, ""not_active_exit_eligible"": 1, ""stale_data_no_action"": 8}"
2000,-3000,60000,0,3079,515,2837,242,265,243,2571,-758734,-246.4222150048717,-102.0,-637818,-207.1510230594349,-102.0,120916,39.27119194543683,0.0,42.62107860415932,0.0,692,404,1741,0.6313868613138686,1096,0.6024130207742412,131,264353,147,285410,561,283838,0,0,548191,427275,False,True,187.1,8,74,1,149,10,0,515,3079,0,0,3,"{""cut_target"": 147, ""harmful_exit"": 257, ""neutral_exit"": 1741, ""no_active_exit"": 242, ""no_exit_replay"": 515, ""saved_stop"": 131, ""timeout_improved"": 561}","{""candidate_after_baseline_exit"": 149, ""candidate_after_max_hold"": 10, ""lifecycle_without_exit_replay"": 515, ""no_candidate"": 74, ""none"": 2837, ""not_active_exit_eligible"": 1, ""stale_data_no_action"": 8}"
2000,-3000,60000,50,3079,515,2837,242,265,243,2571,-912684,-296.4222150048717,-152.0,-791768,-257.15102305943486,-152.0,120916,39.27119194543683,0.0,42.62107860415932,0.0,692,404,1741,0.6313868613138686,1096,0.6024130207742412,131,264353,147,285410,561,283838,0,0,548191,427275,False,True,187.1,8,74,1,149,10,0,515,3079,0,0,3,"{""cut_target"": 147, ""harmful_exit"": 257, ""neutral_exit"": 1741, ""no_active_exit"": 242, ""no_exit_replay"": 515, ""saved_stop"": 131, ""timeout_improved"": 561}","{""candidate_after_baseline_exit"": 149, ""candidate_after_max_hold"": 10, ""lifecycle_without_exit_replay"": 515, ""no_candidate"": 74, ""none"": 2837, ""not_active_exit_eligible"": 1, ""stale_data_no_action"": 8}"
2000,-3000,60000,100,3079,515,2837,242,265,243,2571,-1066634,-346.4222150048717,-202.0,-945718,-307.15102305943486,-202.0,120916,39.27119194543683,0.0,42.62107860415932,0.0,692,404,1741,0.6313868613138686,1096,0.6024130207742412,131,264353,147,285410,561,283838,0,0,548191,427275,False,True,187.1,8,74,1,149,10,0,515,3079,0,0,3,"{""cut_target"": 147, ""harmful_exit"": 257, ""neutral_exit"": 1741, ""no_active_exit"": 242, ""no_exit_replay"": 515, ""saved_stop"": 131, ""timeout_improved"": 561}","{""candidate_after_baseline_exit"": 149, ""candidate_after_max_hold"": 10, ""lifecycle_without_exit_replay"": 515, ""no_candidate"": 74, ""none"": 2837, ""not_active_exit_eligible"": 1, ""stale_data_no_action"": 8}"
2000,-3000,60000,150,3079,515,2837,242,265,243,2571,-1220584,-396.4222150048717,-252.0,-1099668,-357.15102305943486,-252.0,120916,39.27119194543683,0.0,42.62107860415932,0.0,692,404,1741,0.6313868613138686,1096,0.6024130207742412,131,264353,147,285410,561,283838,0,0,548191,427275,False,True,187.1,8,74,1,149,10,0,515,3079,0,0,3,"{""cut_target"": 147, ""harmful_exit"": 257, ""neutral_exit"": 1741, ""no_active_exit"": 242, ""no_exit_replay"": 515, ""saved_stop"": 131, ""timeout_improved"": 561}","{""candidate_after_baseline_exit"": 149, ""candidate_after_max_hold"": 10, ""lifecycle_without_exit_replay"": 515, ""no_candidate"": 74, ""none"": 2837, ""not_active_exit_eligible"": 1, ""stale_data_no_action"": 8}"
2000,-3000,60000,200,3079,515,2837,242,265,243,2571,-1374534,-446.4222150048717,-302.0,-1253618,-407.15102305943486,-302.0,120916,39.27119194543683,0.0,42.62107860415932,0.0,692,404,1741,0.6313868613138686,1096,0.6024130207742412,131,264353,147,285410,561,283838,0,0,548191,427275,False,True,187.1,8,74,1,149,10,0,515,3079,0,0,3,"{""cut_target"": 147, ""harmful_exit"": 257, ""neutral_exit"": 1741, ""no_active_exit"": 242, ""no_exit_replay"": 515, ""saved_stop"": 131, ""timeout_improved"": 561}","{""candidate_after_baseline_exit"": 149, ""candidate_after_max_hold"": 10, ""lifecycle_without_exit_replay"": 515, ""no_candidate"": 74, ""none"": 2837, ""not_active_exit_eligible"": 1, ""stale_data_no_action"": 8}"
2000,-3000,120000,0,3079,515,2837,242,339,292,2448,-854245,-277.44235141279637,-102.0,-634609,-206.1088015589477,-102.0,219636,71.33354985384865,0.0,77.41839971801198,0.0,944,395,1498,0.7050037341299478,1339,0.6800186657784295,180,387126,218,427628,764,371989,0,0,759115,539479,False,True,256.4,8,74,1,158,1,0,515,3079,0,0,4,"{""cut_target"": 218, ""harmful_exit"": 177, ""neutral_exit"": 1498, ""no_active_exit"": 242, ""no_exit_replay"": 515, ""saved_stop"": 180, ""timeout_improved"": 764}","{""candidate_after_baseline_exit"": 158, ""candidate_after_max_hold"": 1, ""lifecycle_without_exit_replay"": 515, ""no_candidate"": 74, ""none"": 2837, ""not_active_exit_eligible"": 1, ""stale_data_no_action"": 8}"
2000,-3000,120000,50,3079,515,2837,242,339,292,2448,-1008195,-327.44235141279637,-152.0,-788559,-256.10880155894773,-152.0,219636,71.33354985384865,0.0,77.41839971801198,0.0,944,395,1498,0.7050037341299478,1339,0.6800186657784295,180,387126,218,427628,764,371989,0,0,759115,539479,False,True,256.4,8,74,1,158,1,0,515,3079,0,0,4,"{""cut_target"": 218, ""harmful_exit"": 177, ""neutral_exit"": 1498, ""no_active_exit"": 242, ""no_exit_replay"": 515, ""saved_stop"": 180, ""timeout_improved"": 764}","{""candidate_after_baseline_exit"": 158, ""candidate_after_max_hold"": 1, ""lifecycle_without_exit_replay"": 515, ""no_candidate"": 74, ""none"": 2837, ""not_active_exit_eligible"": 1, ""stale_data_no_action"": 8}"
2000,-3000,120000,100,3079,515,2837,242,339,292,2448,-1162145,-377.44235141279637,-202.0,-942509,-306.10880155894773,-202.0,219636,71.33354985384865,0.0,77.41839971801198,0.0,944,395,1498,0.7050037341299478,1339,0.6800186657784295,180,387126,218,427628,764,371989,0,0,759115,539479,False,True,256.4,8,74,1,158,1,0,515,3079,0,0,4,"{""cut_target"": 218, ""harmful_exit"": 177, ""neutral_exit"": 1498, ""no_active_exit"": 242, ""no_exit_replay"": 515, ""saved_stop"": 180, ""timeout_improved"": 764}","{""candidate_after_baseline_exit"": 158, ""candidate_after_max_hold"": 1, ""lifecycle_without_exit_replay"": 515, ""no_candidate"": 74, ""none"": 2837, ""not_active_exit_eligible"": 1, ""stale_data_no_action"": 8}"
2000,-3000,120000,150,3079,515,2837,242,339,292,2448,-1316095,-427.44235141279637,-252.0,-1096459,-356.10880155894773,-252.0,219636,71.33354985384865,0.0,77.41839971801198,0.0,944,395,1498,0.7050037341299478,1339,0.6800186657784295,180,387126,218,427628,764,371989,0,0,759115,539479,False,True,256.4,8,74,1,158,1,0,515,3079,0,0,4,"{""cut_target"": 218, ""harmful_exit"": 177, ""neutral_exit"": 1498, ""no_active_exit"": 242, ""no_exit_replay"": 515, ""saved_stop"": 180, ""timeout_improved"": 764}","{""candidate_after_baseline_exit"": 158, ""candidate_after_max_hold"": 1, ""lifecycle_without_exit_replay"": 515, ""no_candidate"": 74, ""none"": 2837, ""not_active_exit_eligible"": 1, ""stale_data_no_action"": 8}"
2000,-3000,120000,200,3079,515,2837,242,339,292,2448,-1470045,-477.44235141279637,-302.0,-1250409,-406.10880155894773,-302.0,219636,71.33354985384865,0.0,77.41839971801198,0.0,944,395,1498,0.7050037341299478,1339,0.6800186657784295,180,387126,218,427628,764,371989,0,0,759115,539479,False,True,256.4,8,74,1,158,1,0,515,3079,0,0,4,"{""cut_target"": 218, ""harmful_exit"": 177, ""neutral_exit"": 1498, ""no_active_exit"": 242, ""no_exit_replay"": 515, ""saved_stop"": 180, ""timeout_improved"": 764}","{""candidate_after_baseline_exit"": 158, ""candidate_after_max_hold"": 1, ""lifecycle_without_exit_replay"": 515, ""no_candidate"": 74, ""none"": 2837, ""not_active_exit_eligible"": 1, ""stale_data_no_action"": 8}"
2000,-5000,30000,0,3079,515,2858,221,190,78,2811,-866115,-281.29749918804805,-102.0,-734777,-238.64144202663203,-102.0,131338,42.656057161416044,0.0,45.954513645906225,0.0,520,328,2010,0.6132075471698113,848,0.5799882466845555,37,109503,74,150832,483,307602,0,0,417105,285767,False,True,85.30000000000001,8,74,1,53,85,0,515,3079,0,0,3,"{""cut_target"": 74, ""harmful_exit"": 254, ""neutral_exit"": 2010, ""no_active_exit"": 221, ""no_exit_replay"": 515, ""saved_stop"": 37, ""timeout_improved"": 483}","{""candidate_after_baseline_exit"": 53, ""candidate_after_max_hold"": 85, ""lifecycle_without_exit_replay"": 515, ""no_candidate"": 74, ""none"": 2858, ""not_active_exit_eligible"": 1, ""stale_data_no_action"": 8}"
2000,-5000,30000,50,3079,515,2858,221,190,78,2811,-1020065,-331.29749918804805,-152.0,-888727,-288.64144202663203,-152.0,131338,42.656057161416044,0.0,45.954513645906225,0.0,520,328,2010,0.6132075471698113,848,0.5799882466845555,37,109503,74,150832,483,307602,0,0,417105,285767,False,True,85.30000000000001,8,74,1,53,85,0,515,3079,0,0,3,"{""cut_target"": 74, ""harmful_exit"": 254, ""neutral_exit"": 2010, ""no_active_exit"": 221, ""no_exit_replay"": 515, ""saved_stop"": 37, ""timeout_improved"": 483}","{""candidate_after_baseline_exit"": 53, ""candidate_after_max_hold"": 85, ""lifecycle_without_exit_replay"": 515, ""no_candidate"": 74, ""none"": 2858, ""not_active_exit_eligible"": 1, ""stale_data_no_action"": 8}"
2000,-5000,30000,100,3079,515,2858,221,190,78,2811,-1174015,-381.29749918804805,-202.0,-1042677,-338.64144202663203,-202.0,131338,42.656057161416044,0.0,45.954513645906225,0.0,520,328,2010,0.6132075471698113,848,0.5799882466845555,37,109503,74,150832,483,307602,0,0,417105,285767,False,True,85.30000000000001,8,74,1,53,85,0,515,3079,0,0,3,"{""cut_target"": 74, ""harmful_exit"": 254, ""neutral_exit"": 2010, ""no_active_exit"": 221, ""no_exit_replay"": 515, ""saved_stop"": 37, ""timeout_improved"": 483}","{""candidate_after_baseline_exit"": 53, ""candidate_after_max_hold"": 85, ""lifecycle_without_exit_replay"": 515, ""no_candidate"": 74, ""none"": 2858, ""not_active_exit_eligible"": 1, ""stale_data_no_action"": 8}"
2000,-5000,30000,150,3079,515,2858,221,190,78,2811,-1327965,-431.29749918804805,-252.0,-1196627,-388.64144202663203,-252.0,131338,42.656057161416044,0.0,45.954513645906225,0.0,520,328,2010,0.6132075471698113,848,0.5799882466845555,37,109503,74,150832,483,307602,0,0,417105,285767,False,True,85.30000000000001,8,74,1,53,85,0,515,3079,0,0,3,"{""cut_target"": 74, ""harmful_exit"": 254, ""neutral_exit"": 2010, ""no_active_exit"": 221, ""no_exit_replay"": 515, ""saved_stop"": 37, ""timeout_improved"": 483}","{""candidate_after_baseline_exit"": 53, ""candidate_after_max_hold"": 85, ""lifecycle_without_exit_replay"": 515, ""no_candidate"": 74, ""none"": 2858, ""not_active_exit_eligible"": 1, ""stale_data_no_action"": 8}"
2000,-5000,30000,200,3079,515,2858,221,190,78,2811,-1481915,-481.29749918804805,-302.0,-1350577,-438.64144202663203,-302.0,131338,42.656057161416044,0.0,45.954513645906225,0.0,520,328,2010,0.6132075471698113,848,0.5799882466845555,37,109503,74,150832,483,307602,0,0,417105,285767,False,True,85.30000000000001,8,74,1,53,85,0,515,3079,0,0,3,"{""cut_target"": 74, ""harmful_exit"": 254, ""neutral_exit"": 2010, ""no_active_exit"": 221, ""no_exit_replay"": 515, ""saved_stop"": 37, ""timeout_improved"": 483}","{""candidate_after_baseline_exit"": 53, ""candidate_after_max_hold"": 85, ""lifecycle_without_exit_replay"": 515, ""no_candidate"": 74, ""none"": 2858, ""not_active_exit_eligible"": 1, ""stale_data_no_action"": 8}"
2000,-5000,60000,0,3079,515,2899,180,276,116,2687,-995441,-323.3000974342319,-102.0,-746318,-242.3897369275739,-102.0,249123,80.91036050665801,0.0,85.93411521214212,0.0,729,422,1748,0.6333622936576889,1151,0.6051223844424363,73,232267,152,309347,656,481525,0,0,713792,464669,False,False,138.60000000000002,8,74,1,87,10,0,515,3079,0,0,3,"{""cut_target"": 152, ""harmful_exit"": 270, ""neutral_exit"": 1748, ""no_active_exit"": 180, ""no_exit_replay"": 515, ""saved_stop"": 73, ""timeout_improved"": 656}","{""candidate_after_baseline_exit"": 87, ""candidate_after_max_hold"": 10, ""lifecycle_without_exit_replay"": 515, ""no_candidate"": 74, ""none"": 2899, ""not_active_exit_eligible"": 1, ""stale_data_no_action"": 8}"
2000,-5000,60000,50,3079,515,2899,180,276,116,2687,-1149391,-373.3000974342319,-152.0,-900268,-292.3897369275739,-152.0,249123,80.91036050665801,0.0,85.93411521214212,0.0,729,422,1748,0.6333622936576889,1151,0.6051223844424363,73,232267,152,309347,656,481525,0,0,713792,464669,False,False,138.60000000000002,8,74,1,87,10,0,515,3079,0,0,3,"{""cut_target"": 152, ""harmful_exit"": 270, ""neutral_exit"": 1748, ""no_active_exit"": 180, ""no_exit_replay"": 515, ""saved_stop"": 73, ""timeout_improved"": 656}","{""candidate_after_baseline_exit"": 87, ""candidate_after_max_hold"": 10, ""lifecycle_without_exit_replay"": 515, ""no_candidate"": 74, ""none"": 2899, ""not_active_exit_eligible"": 1, ""stale_data_no_action"": 8}"
2000,-5000,60000,100,3079,515,2899,180,276,116,2687,-1303341,-423.3000974342319,-202.0,-1054218,-342.3897369275739,-202.0,249123,80.91036050665801,0.0,85.93411521214212,0.0,729,422,1748,0.6333622936576889,1151,0.6051223844424363,73,232267,152,309347,656,481525,0,0,713792,464669,False,False,138.60000000000002,8,74,1,87,10,0,515,3079,0,0,3,"{""cut_target"": 152, ""harmful_exit"": 270, ""neutral_exit"": 1748, ""no_active_exit"": 180, ""no_exit_replay"": 515, ""saved_stop"": 73, ""timeout_improved"": 656}","{""candidate_after_baseline_exit"": 87, ""candidate_after_max_hold"": 10, ""lifecycle_without_exit_replay"": 515, ""no_candidate"": 74, ""none"": 2899, ""not_active_exit_eligible"": 1, ""stale_data_no_action"": 8}"
2000,-5000,60000,150,3079,515,2899,180,276,116,2687,-1457291,-473.3000974342319,-252.0,-1208168,-392.3897369275739,-252.0,249123,80.91036050665801,0.0,85.93411521214212,0.0,729,422,1748,0.6333622936576889,1151,0.6051223844424363,73,232267,152,309347,656,481525,0,0,713792,464669,False,False,138.60000000000002,8,74,1,87,10,0,515,3079,0,0,3,"{""cut_target"": 152, ""harmful_exit"": 270, ""neutral_exit"": 1748, ""no_active_exit"": 180, ""no_exit_replay"": 515, ""saved_stop"": 73, ""timeout_improved"": 656}","{""candidate_after_baseline_exit"": 87, ""candidate_after_max_hold"": 10, ""lifecycle_without_exit_replay"": 515, ""no_candidate"": 74, ""none"": 2899, ""not_active_exit_eligible"": 1, ""stale_data_no_action"": 8}"
2000,-5000,60000,200,3079,515,2899,180,276,116,2687,-1611241,-523.3000974342319,-302.0,-1362118,-442.3897369275739,-302.0,249123,80.91036050665801,0.0,85.93411521214212,0.0,729,422,1748,0.6333622936576889,1151,0.6051223844424363,73,232267,152,309347,656,481525,0,0,713792,464669,False,False,138.60000000000002,8,74,1,87,10,0,515,3079,0,0,3,"{""cut_target"": 152, ""harmful_exit"": 270, ""neutral_exit"": 1748, ""no_active_exit"": 180, ""no_exit_replay"": 515, ""saved_stop"": 73, ""timeout_improved"": 656}","{""candidate_after_baseline_exit"": 87, ""candidate_after_max_hold"": 10, ""lifecycle_without_exit_replay"": 515, ""no_candidate"": 74, ""none"": 2899, ""not_active_exit_eligible"": 1, ""stale_data_no_action"": 8}"
2000,-5000,120000,0,3079,515,2900,179,353,144,2582,-1148497,-373.0097434231893,-102.0,-741252,-240.74439753166612,-102.0,407245,132.26534589152322,0.0,140.4293103448276,0.0,984,411,1505,0.7053763440860215,1395,0.6809161317350322,101,343454,226,461016,883,643006,0,0,986460,579215,False,False,189.3,8,74,1,95,1,0,515,3079,0,0,4,"{""cut_target"": 226, ""harmful_exit"": 185, ""neutral_exit"": 1505, ""no_active_exit"": 179, ""no_exit_replay"": 515, ""saved_stop"": 101, ""timeout_improved"": 883}","{""candidate_after_baseline_exit"": 95, ""candidate_after_max_hold"": 1, ""lifecycle_without_exit_replay"": 515, ""no_candidate"": 74, ""none"": 2900, ""not_active_exit_eligible"": 1, ""stale_data_no_action"": 8}"
2000,-5000,120000,50,3079,515,2900,179,353,144,2582,-1302447,-423.0097434231893,-152.0,-895202,-290.74439753166615,-152.0,407245,132.26534589152322,0.0,140.4293103448276,0.0,984,411,1505,0.7053763440860215,1395,0.6809161317350322,101,343454,226,461016,883,643006,0,0,986460,579215,False,False,189.3,8,74,1,95,1,0,515,3079,0,0,4,"{""cut_target"": 226, ""harmful_exit"": 185, ""neutral_exit"": 1505, ""no_active_exit"": 179, ""no_exit_replay"": 515, ""saved_stop"": 101, ""timeout_improved"": 883}","{""candidate_after_baseline_exit"": 95, ""candidate_after_max_hold"": 1, ""lifecycle_without_exit_replay"": 515, ""no_candidate"": 74, ""none"": 2900, ""not_active_exit_eligible"": 1, ""stale_data_no_action"": 8}"
2000,-5000,120000,100,3079,515,2900,179,353,144,2582,-1456397,-473.0097434231893,-202.0,-1049152,-340.74439753166615,-202.0,407245,132.26534589152322,0.0,140.4293103448276,0.0,984,411,1505,0.7053763440860215,1395,0.6809161317350322,101,343454,226,461016,883,643006,0,0,986460,579215,False,False,189.3,8,74,1,95,1,0,515,3079,0,0,4,"{""cut_target"": 226, ""harmful_exit"": 185, ""neutral_exit"": 1505, ""no_active_exit"": 179, ""no_exit_replay"": 515, ""saved_stop"": 101, ""timeout_improved"": 883}","{""candidate_after_baseline_exit"": 95, ""candidate_after_max_hold"": 1, ""lifecycle_without_exit_replay"": 515, ""no_candidate"": 74, ""none"": 2900, ""not_active_exit_eligible"": 1, ""stale_data_no_action"": 8}"
2000,-5000,120000,150,3079,515,2900,179,353,144,2582,-1610347,-523.0097434231893,-252.0,-1203102,-390.74439753166615,-252.0,407245,132.26534589152322,0.0,140.4293103448276,0.0,984,411,1505,0.7053763440860215,1395,0.6809161317350322,101,343454,226,461016,883,643006,0,0,986460,579215,False,False,189.3,8,74,1,95,1,0,515,3079,0,0,4,"{""cut_target"": 226, ""harmful_exit"": 185, ""neutral_exit"": 1505, ""no_active_exit"": 179, ""no_exit_replay"": 515, ""saved_stop"": 101, ""timeout_improved"": 883}","{""candidate_after_baseline_exit"": 95, ""candidate_after_max_hold"": 1, ""lifecycle_without_exit_replay"": 515, ""no_candidate"": 74, ""none"": 2900, ""not_active_exit_eligible"": 1, ""stale_data_no_action"": 8}"
2000,-5000,120000,200,3079,515,2900,179,353,144,2582,-1764297,-573.0097434231893,-302.0,-1357052,-440.74439753166615,-302.0,407245,132.26534589152322,0.0,140.4293103448276,0.0,984,411,1505,0.7053763440860215,1395,0.6809161317350322,101,343454,226,461016,883,643006,0,0,986460,579215,False,False,189.3,8,74,1,95,1,0,515,3079,0,0,4,"{""cut_target"": 226, ""harmful_exit"": 185, ""neutral_exit"": 1505, ""no_active_exit"": 179, ""no_exit_replay"": 515, ""saved_stop"": 101, ""timeout_improved"": 883}","{""candidate_after_baseline_exit"": 95, ""candidate_after_max_hold"": 1, ""lifecycle_without_exit_replay"": 515, ""no_candidate"": 74, ""none"": 2900, ""not_active_exit_eligible"": 1, ""stale_data_no_action"": 8}"
2000,-6000,30000,0,3079,515,2870,209,190,43,2846,-904060,-293.62130561870737,-102.0,-761453,-247.30529392659955,-102.0,142607,46.31601169210783,0.0,49.68885017421603,0.0,526,333,2011,0.6123399301513388,859,0.5793268739640106,16,55199,74,150832,510,380329,0,0,435528,292921,False,False,67.0,8,74,1,41,85,0,515,3079,0,0,3,"{""cut_target"": 74, ""harmful_exit"": 259, ""neutral_exit"": 2011, ""no_active_exit"": 209, ""no_exit_replay"": 515, ""saved_stop"": 16, ""timeout_improved"": 510}","{""candidate_after_baseline_exit"": 41, ""candidate_after_max_hold"": 85, ""lifecycle_without_exit_replay"": 515, ""no_candidate"": 74, ""none"": 2870, ""not_active_exit_eligible"": 1, ""stale_data_no_action"": 8}"
2000,-6000,30000,50,3079,515,2870,209,190,43,2846,-1058010,-343.62130561870737,-152.0,-915403,-297.3052939265995,-152.0,142607,46.31601169210783,0.0,49.68885017421603,0.0,526,333,2011,0.6123399301513388,859,0.5793268739640106,16,55199,74,150832,510,380329,0,0,435528,292921,False,False,67.0,8,74,1,41,85,0,515,3079,0,0,3,"{""cut_target"": 74, ""harmful_exit"": 259, ""neutral_exit"": 2011, ""no_active_exit"": 209, ""no_exit_replay"": 515, ""saved_stop"": 16, ""timeout_improved"": 510}","{""candidate_after_baseline_exit"": 41, ""candidate_after_max_hold"": 85, ""lifecycle_without_exit_replay"": 515, ""no_candidate"": 74, ""none"": 2870, ""not_active_exit_eligible"": 1, ""stale_data_no_action"": 8}"
2000,-6000,30000,100,3079,515,2870,209,190,43,2846,-1211960,-393.62130561870737,-202.0,-1069353,-347.3052939265995,-202.0,142607,46.31601169210783,0.0,49.68885017421603,0.0,526,333,2011,0.6123399301513388,859,0.5793268739640106,16,55199,74,150832,510,380329,0,0,435528,292921,False,False,67.0,8,74,1,41,85,0,515,3079,0,0,3,"{""cut_target"": 74, ""harmful_exit"": 259, ""neutral_exit"": 2011, ""no_active_exit"": 209, ""no_exit_replay"": 515, ""saved_stop"": 16, ""timeout_improved"": 510}","{""candidate_after_baseline_exit"": 41, ""candidate_after_max_hold"": 85, ""lifecycle_without_exit_replay"": 515, ""no_candidate"": 74, ""none"": 2870, ""not_active_exit_eligible"": 1, ""stale_data_no_action"": 8}"
2000,-6000,30000,150,3079,515,2870,209,190,43,2846,-1365910,-443.62130561870737,-252.0,-1223303,-397.3052939265995,-252.0,142607,46.31601169210783,0.0,49.68885017421603,0.0,526,333,2011,0.6123399301513388,859,0.5793268739640106,16,55199,74,150832,510,380329,0,0,435528,292921,False,False,67.0,8,74,1,41,85,0,515,3079,0,0,3,"{""cut_target"": 74, ""harmful_exit"": 259, ""neutral_exit"": 2011, ""no_active_exit"": 209, ""no_exit_replay"": 515, ""saved_stop"": 16, ""timeout_improved"": 510}","{""candidate_after_baseline_exit"": 41, ""candidate_after_max_hold"": 85, ""lifecycle_without_exit_replay"": 515, ""no_candidate"": 74, ""none"": 2870, ""not_active_exit_eligible"": 1, ""stale_data_no_action"": 8}"
2000,-6000,30000,200,3079,515,2870,209,190,43,2846,-1519860,-493.62130561870737,-302.0,-1377253,-447.3052939265995,-302.0,142607,46.31601169210783,0.0,49.68885017421603,0.0,526,333,2011,0.6123399301513388,859,0.5793268739640106,16,55199,74,150832,510,380329,0,0,435528,292921,False,False,67.0,8,74,1,41,85,0,515,3079,0,0,3,"{""cut_target"": 74, ""harmful_exit"": 259, ""neutral_exit"": 2011, ""no_active_exit"": 209, ""no_exit_replay"": 515, ""saved_stop"": 16, ""timeout_improved"": 510}","{""candidate_after_baseline_exit"": 41, ""candidate_after_max_hold"": 85, ""lifecycle_without_exit_replay"": 515, ""no_candidate"": 74, ""none"": 2870, ""not_active_exit_eligible"": 1, ""stale_data_no_action"": 8}"
2000,-6000,60000,0,3079,515,2913,166,277,68,2734,-1058579,-343.806105878532,-102.0,-771529,-250.5777849951283,-102.0,287050,93.2283208834037,0.0,98.54102300034329,0.0,737,427,1749,0.6331615120274914,1164,0.6050792094036542,40,160716,152,309347,697,598341,0,0,759057,472007,False,False,109.7,8,74,1,73,10,0,515,3079,0,0,3,"{""cut_target"": 152, ""harmful_exit"": 275, ""neutral_exit"": 1749, ""no_active_exit"": 166, ""no_exit_replay"": 515, ""saved_stop"": 40, ""timeout_improved"": 697}","{""candidate_after_baseline_exit"": 73, ""candidate_after_max_hold"": 10, ""lifecycle_without_exit_replay"": 515, ""no_candidate"": 74, ""none"": 2913, ""not_active_exit_eligible"": 1, ""stale_data_no_action"": 8}"
2000,-6000,60000,50,3079,515,2913,166,277,68,2734,-1212529,-393.806105878532,-152.0,-925479,-300.5777849951283,-152.0,287050,93.2283208834037,0.0,98.54102300034329,0.0,737,427,1749,0.6331615120274914,1164,0.6050792094036542,40,160716,152,309347,697,598341,0,0,759057,472007,False,False,109.7,8,74,1,73,10,0,515,3079,0,0,3,"{""cut_target"": 152, ""harmful_exit"": 275, ""neutral_exit"": 1749, ""no_active_exit"": 166, ""no_exit_replay"": 515, ""saved_stop"": 40, ""timeout_improved"": 697}","{""candidate_after_baseline_exit"": 73, ""candidate_after_max_hold"": 10, ""lifecycle_without_exit_replay"": 515, ""no_candidate"": 74, ""none"": 2913, ""not_active_exit_eligible"": 1, ""stale_data_no_action"": 8}"
2000,-6000,60000,100,3079,515,2913,166,277,68,2734,-1366479,-443.806105878532,-202.0,-1079429,-350.5777849951283,-202.0,287050,93.2283208834037,0.0,98.54102300034329,0.0,737,427,1749,0.6331615120274914,1164,0.6050792094036542,40,160716,152,309347,697,598341,0,0,759057,472007,False,False,109.7,8,74,1,73,10,0,515,3079,0,0,3,"{""cut_target"": 152, ""harmful_exit"": 275, ""neutral_exit"": 1749, ""no_active_exit"": 166, ""no_exit_replay"": 515, ""saved_stop"": 40, ""timeout_improved"": 697}","{""candidate_after_baseline_exit"": 73, ""candidate_after_max_hold"": 10, ""lifecycle_without_exit_replay"": 515, ""no_candidate"": 74, ""none"": 2913, ""not_active_exit_eligible"": 1, ""stale_data_no_action"": 8}"
2000,-6000,60000,150,3079,515,2913,166,277,68,2734,-1520429,-493.806105878532,-252.0,-1233379,-400.5777849951283,-252.0,287050,93.2283208834037,0.0,98.54102300034329,0.0,737,427,1749,0.6331615120274914,1164,0.6050792094036542,40,160716,152,309347,697,598341,0,0,759057,472007,False,False,109.7,8,74,1,73,10,0,515,3079,0,0,3,"{""cut_target"": 152, ""harmful_exit"": 275, ""neutral_exit"": 1749, ""no_active_exit"": 166, ""no_exit_replay"": 515, ""saved_stop"": 40, ""timeout_improved"": 697}","{""candidate_after_baseline_exit"": 73, ""candidate_after_max_hold"": 10, ""lifecycle_without_exit_replay"": 515, ""no_candidate"": 74, ""none"": 2913, ""not_active_exit_eligible"": 1, ""stale_data_no_action"": 8}"
2000,-6000,60000,200,3079,515,2913,166,277,68,2734,-1674379,-543.806105878532,-302.0,-1387329,-450.5777849951283,-302.0,287050,93.2283208834037,0.0,98.54102300034329,0.0,737,427,1749,0.6331615120274914,1164,0.6050792094036542,40,160716,152,309347,697,598341,0,0,759057,472007,False,False,109.7,8,74,1,73,10,0,515,3079,0,0,3,"{""cut_target"": 152, ""harmful_exit"": 275, ""neutral_exit"": 1749, ""no_active_exit"": 166, ""no_exit_replay"": 515, ""saved_stop"": 40, ""timeout_improved"": 697}","{""candidate_after_baseline_exit"": 73, ""candidate_after_max_hold"": 10, ""lifecycle_without_exit_replay"": 515, ""no_candidate"": 74, ""none"": 2913, ""not_active_exit_eligible"": 1, ""stale_data_no_action"": 8}"
2000,-6000,120000,0,3079,515,2914,165,354,87,2638,-1215188,-394.66969795388115,-102.0,-766463,-248.93244559922053,-102.0,448725,145.7372523546606,0.0,153.98936170212767,0.0,989,419,1506,0.7024147727272727,1408,0.678009355675353,59,246158,226,461016,930,795329,0,0,1041487,592762,False,False,152.0,8,74,1,81,1,0,515,3079,0,0,4,"{""cut_target"": 226, ""harmful_exit"": 193, ""neutral_exit"": 1506, ""no_active_exit"": 165, ""no_exit_replay"": 515, ""saved_stop"": 59, ""timeout_improved"": 930}","{""candidate_after_baseline_exit"": 81, ""candidate_after_max_hold"": 1, ""lifecycle_without_exit_replay"": 515, ""no_candidate"": 74, ""none"": 2914, ""not_active_exit_eligible"": 1, ""stale_data_no_action"": 8}"
2000,-6000,120000,50,3079,515,2914,165,354,87,2638,-1369138,-444.66969795388115,-152.0,-920413,-298.9324455992205,-152.0,448725,145.7372523546606,0.0,153.98936170212767,0.0,989,419,1506,0.7024147727272727,1408,0.678009355675353,59,246158,226,461016,930,795329,0,0,1041487,592762,False,False,152.0,8,74,1,81,1,0,515,3079,0,0,4,"{""cut_target"": 226, ""harmful_exit"": 193, ""neutral_exit"": 1506, ""no_active_exit"": 165, ""no_exit_replay"": 515, ""saved_stop"": 59, ""timeout_improved"": 930}","{""candidate_after_baseline_exit"": 81, ""candidate_after_max_hold"": 1, ""lifecycle_without_exit_replay"": 515, ""no_candidate"": 74, ""none"": 2914, ""not_active_exit_eligible"": 1, ""stale_data_no_action"": 8}"
2000,-6000,120000,100,3079,515,2914,165,354,87,2638,-1523088,-494.66969795388115,-202.0,-1074363,-348.9324455992205,-202.0,448725,145.7372523546606,0.0,153.98936170212767,0.0,989,419,1506,0.7024147727272727,1408,0.678009355675353,59,246158,226,461016,930,795329,0,0,1041487,592762,False,False,152.0,8,74,1,81,1,0,515,3079,0,0,4,"{""cut_target"": 226, ""harmful_exit"": 193, ""neutral_exit"": 1506, ""no_active_exit"": 165, ""no_exit_replay"": 515, ""saved_stop"": 59, ""timeout_improved"": 930}","{""candidate_after_baseline_exit"": 81, ""candidate_after_max_hold"": 1, ""lifecycle_without_exit_replay"": 515, ""no_candidate"": 74, ""none"": 2914, ""not_active_exit_eligible"": 1, ""stale_data_no_action"": 8}"
2000,-6000,120000,150,3079,515,2914,165,354,87,2638,-1677038,-544.6696979538812,-252.0,-1228313,-398.9324455992205,-252.0,448725,145.7372523546606,0.0,153.98936170212767,0.0,989,419,1506,0.7024147727272727,1408,0.678009355675353,59,246158,226,461016,930,795329,0,0,1041487,592762,False,False,152.0,8,74,1,81,1,0,515,3079,0,0,4,"{""cut_target"": 226, ""harmful_exit"": 193, ""neutral_exit"": 1506, ""no_active_exit"": 165, ""no_exit_replay"": 515, ""saved_stop"": 59, ""timeout_improved"": 930}","{""candidate_after_baseline_exit"": 81, ""candidate_after_max_hold"": 1, ""lifecycle_without_exit_replay"": 515, ""no_candidate"": 74, ""none"": 2914, ""not_active_exit_eligible"": 1, ""stale_data_no_action"": 8}"
2000,-6000,120000,200,3079,515,2914,165,354,87,2638,-1830988,-594.6696979538812,-302.0,-1382263,-448.9324455992205,-302.0,448725,145.7372523546606,0.0,153.98936170212767,0.0,989,419,1506,0.7024147727272727,1408,0.678009355675353,59,246158,226,461016,930,795329,0,0,1041487,592762,False,False,152.0,8,74,1,81,1,0,515,3079,0,0,4,"{""cut_target"": 226, ""harmful_exit"": 193, ""neutral_exit"": 1506, ""no_active_exit"": 165, ""no_exit_replay"": 515, ""saved_stop"": 59, ""timeout_improved"": 930}","{""candidate_after_baseline_exit"": 81, ""candidate_after_max_hold"": 1, ""lifecycle_without_exit_replay"": 515, ""no_candidate"": 74, ""none"": 2914, ""not_active_exit_eligible"": 1, ""stale_data_no_action"": 8}"
3000,-200,30000,0,3079,515,2389,690,65,837,2177,14449,4.692757388762585,-102.0,-41876,-13.600519649236766,-102.0,-56325,-18.29327703799935,0.0,-23.576810380912516,0.0,350,185,1854,0.6542056074766355,535,0.6129321403254158,228,61345,24,55088,122,16557,0,0,77902,134227,False,True,240.2,8,74,1,522,85,0,515,3079,0,0,2,"{""cut_target"": 24, ""harmful_exit"": 161, ""neutral_exit"": 1854, ""no_active_exit"": 690, ""no_exit_replay"": 515, ""saved_stop"": 228, ""timeout_improved"": 122}","{""candidate_after_baseline_exit"": 522, ""candidate_after_max_hold"": 85, ""lifecycle_without_exit_replay"": 515, ""no_candidate"": 74, ""none"": 2389, ""not_active_exit_eligible"": 1, ""stale_data_no_action"": 8}"
3000,-200,30000,50,3079,515,2389,690,65,837,2177,-139501,-45.30724261123741,-152.0,-195826,-63.600519649236766,-152.0,-56325,-18.29327703799935,0.0,-23.576810380912516,0.0,350,185,1854,0.6542056074766355,535,0.6129321403254158,228,61345,24,55088,122,16557,0,0,77902,134227,False,True,240.2,8,74,1,522,85,0,515,3079,0,0,2,"{""cut_target"": 24, ""harmful_exit"": 161, ""neutral_exit"": 1854, ""no_active_exit"": 690, ""no_exit_replay"": 515, ""saved_stop"": 228, ""timeout_improved"": 122}","{""candidate_after_baseline_exit"": 522, ""candidate_after_max_hold"": 85, ""lifecycle_without_exit_replay"": 515, ""no_candidate"": 74, ""none"": 2389, ""not_active_exit_eligible"": 1, ""stale_data_no_action"": 8}"
3000,-200,30000,100,3079,515,2389,690,65,837,2177,-293451,-95.30724261123741,-202.0,-349776,-113.60051964923676,-202.0,-56325,-18.29327703799935,0.0,-23.576810380912516,0.0,350,185,1854,0.6542056074766355,535,0.6129321403254158,228,61345,24,55088,122,16557,0,0,77902,134227,False,True,240.2,8,74,1,522,85,0,515,3079,0,0,2,"{""cut_target"": 24, ""harmful_exit"": 161, ""neutral_exit"": 1854, ""no_active_exit"": 690, ""no_exit_replay"": 515, ""saved_stop"": 228, ""timeout_improved"": 122}","{""candidate_after_baseline_exit"": 522, ""candidate_after_max_hold"": 85, ""lifecycle_without_exit_replay"": 515, ""no_candidate"": 74, ""none"": 2389, ""not_active_exit_eligible"": 1, ""stale_data_no_action"": 8}"
3000,-200,30000,150,3079,515,2389,690,65,837,2177,-447401,-145.30724261123743,-252.0,-503726,-163.60051964923676,-252.0,-56325,-18.29327703799935,0.0,-23.576810380912516,0.0,350,185,1854,0.6542056074766355,535,0.6129321403254158,228,61345,24,55088,122,16557,0,0,77902,134227,False,True,240.2,8,74,1,522,85,0,515,3079,0,0,2,"{""cut_target"": 24, ""harmful_exit"": 161, ""neutral_exit"": 1854, ""no_active_exit"": 690, ""no_exit_replay"": 515, ""saved_stop"": 228, ""timeout_improved"": 122}","{""candidate_after_baseline_exit"": 522, ""candidate_after_max_hold"": 85, ""lifecycle_without_exit_replay"": 515, ""no_candidate"": 74, ""none"": 2389, ""not_active_exit_eligible"": 1, ""stale_data_no_action"": 8}"
3000,-200,30000,200,3079,515,2389,690,65,837,2177,-601351,-195.30724261123743,-302.0,-657676,-213.60051964923676,-302.0,-56325,-18.29327703799935,0.0,-23.576810380912516,0.0,350,185,1854,0.6542056074766355,535,0.6129321403254158,228,61345,24,55088,122,16557,0,0,77902,134227,False,True,240.2,8,74,1,522,85,0,515,3079,0,0,2,"{""cut_target"": 24, ""harmful_exit"": 161, ""neutral_exit"": 1854, ""no_active_exit"": 690, ""no_exit_replay"": 515, ""saved_stop"": 228, ""timeout_improved"": 122}","{""candidate_after_baseline_exit"": 522, ""candidate_after_max_hold"": 85, ""lifecycle_without_exit_replay"": 515, ""no_candidate"": 74, ""none"": 2389, ""not_active_exit_eligible"": 1, ""stale_data_no_action"": 8}"
3000,-200,60000,0,3079,515,2403,676,106,975,1998,73727,23.945112049366678,-102.0,-44768,-14.539785644689834,-102.0,-118495,-38.484897694056514,0.0,-49.31127756970454,0.0,536,242,1625,0.6889460154241646,778,0.6555555370286962,359,97105,54,125348,177,17547,0,0,114652,233147,False,True,376.7,8,74,1,583,10,0,515,3079,0,0,2,"{""cut_target"": 54, ""harmful_exit"": 188, ""neutral_exit"": 1625, ""no_active_exit"": 676, ""no_exit_replay"": 515, ""saved_stop"": 359, ""timeout_improved"": 177}","{""candidate_after_baseline_exit"": 583, ""candidate_after_max_hold"": 10, ""lifecycle_without_exit_replay"": 515, ""no_candidate"": 74, ""none"": 2403, ""not_active_exit_eligible"": 1, ""stale_data_no_action"": 8}"
3000,-200,60000,50,3079,515,2403,676,106,975,1998,-80223,-26.054887950633322,-152.0,-198718,-64.53978564468983,-152.0,-118495,-38.484897694056514,0.0,-49.31127756970454,0.0,536,242,1625,0.6889460154241646,778,0.6555555370286962,359,97105,54,125348,177,17547,0,0,114652,233147,False,True,376.7,8,74,1,583,10,0,515,3079,0,0,2,"{""cut_target"": 54, ""harmful_exit"": 188, ""neutral_exit"": 1625, ""no_active_exit"": 676, ""no_exit_replay"": 515, ""saved_stop"": 359, ""timeout_improved"": 177}","{""candidate_after_baseline_exit"": 583, ""candidate_after_max_hold"": 10, ""lifecycle_without_exit_replay"": 515, ""no_candidate"": 74, ""none"": 2403, ""not_active_exit_eligible"": 1, ""stale_data_no_action"": 8}"
3000,-200,60000,100,3079,515,2403,676,106,975,1998,-234173,-76.05488795063333,-202.0,-352668,-114.53978564468983,-202.0,-118495,-38.484897694056514,0.0,-49.31127756970454,0.0,536,242,1625,0.6889460154241646,778,0.6555555370286962,359,97105,54,125348,177,17547,0,0,114652,233147,False,True,376.7,8,74,1,583,10,0,515,3079,0,0,2,"{""cut_target"": 54, ""harmful_exit"": 188, ""neutral_exit"": 1625, ""no_active_exit"": 676, ""no_exit_replay"": 515, ""saved_stop"": 359, ""timeout_improved"": 177}","{""candidate_after_baseline_exit"": 583, ""candidate_after_max_hold"": 10, ""lifecycle_without_exit_replay"": 515, ""no_candidate"": 74, ""none"": 2403, ""not_active_exit_eligible"": 1, ""stale_data_no_action"": 8}"
3000,-200,60000,150,3079,515,2403,676,106,975,1998,-388123,-126.05488795063333,-252.0,-506618,-164.53978564468983,-252.0,-118495,-38.484897694056514,0.0,-49.31127756970454,0.0,536,242,1625,0.6889460154241646,778,0.6555555370286962,359,97105,54,125348,177,17547,0,0,114652,233147,False,True,376.7,8,74,1,583,10,0,515,3079,0,0,2,"{""cut_target"": 54, ""harmful_exit"": 188, ""neutral_exit"": 1625, ""no_active_exit"": 676, ""no_exit_replay"": 515, ""saved_stop"": 359, ""timeout_improved"": 177}","{""candidate_after_baseline_exit"": 583, ""candidate_after_max_hold"": 10, ""lifecycle_without_exit_replay"": 515, ""no_candidate"": 74, ""none"": 2403, ""not_active_exit_eligible"": 1, ""stale_data_no_action"": 8}"
3000,-200,60000,200,3079,515,2403,676,106,975,1998,-542073,-176.05488795063332,-302.0,-660568,-214.53978564468983,-302.0,-118495,-38.484897694056514,0.0,-49.31127756970454,0.0,536,242,1625,0.6889460154241646,778,0.6555555370286962,359,97105,54,125348,177,17547,0,0,114652,233147,False,True,376.7,8,74,1,583,10,0,515,3079,0,0,2,"{""cut_target"": 54, ""harmful_exit"": 188, ""neutral_exit"": 1625, ""no_active_exit"": 676, ""no_exit_replay"": 515, ""saved_stop"": 359, ""timeout_improved"": 177}","{""candidate_after_baseline_exit"": 583, ""candidate_after_max_hold"": 10, ""lifecycle_without_exit_replay"": 515, ""no_candidate"": 74, ""none"": 2403, ""not_active_exit_eligible"": 1, ""stale_data_no_action"": 8}"
3000,-200,120000,0,3079,515,2403,676,138,1184,1757,105492,34.26177330302046,-108.0,-44768,-14.539785644689834,-102.0,-150260,-48.8015589477103,0.0,-62.53017062005826,0.0,767,228,1408,0.770854271356784,995,0.7437277350983074,568,136349,86,210079,199,10159,0,0,146508,296768,False,True,587.9,8,74,1,592,1,0,515,3079,0,0,3,"{""cut_target"": 86, ""harmful_exit"": 142, ""neutral_exit"": 1408, ""no_active_exit"": 676, ""no_exit_replay"": 515, ""saved_stop"": 568, ""timeout_improved"": 199}","{""candidate_after_baseline_exit"": 592, ""candidate_after_max_hold"": 1, ""lifecycle_without_exit_replay"": 515, ""no_candidate"": 74, ""none"": 2403, ""not_active_exit_eligible"": 1, ""stale_data_no_action"": 8}"
3000,-200,120000,50,3079,515,2403,676,138,1184,1757,-48458,-15.738226696979538,-158.0,-198718,-64.53978564468983,-152.0,-150260,-48.8015589477103,0.0,-62.53017062005826,0.0,767,228,1408,0.770854271356784,995,0.7437277350983074,568,136349,86,210079,199,10159,0,0,146508,296768,False,True,587.9,8,74,1,592,1,0,515,3079,0,0,3,"{""cut_target"": 86, ""harmful_exit"": 142, ""neutral_exit"": 1408, ""no_active_exit"": 676, ""no_exit_replay"": 515, ""saved_stop"": 568, ""timeout_improved"": 199}","{""candidate_after_baseline_exit"": 592, ""candidate_after_max_hold"": 1, ""lifecycle_without_exit_replay"": 515, ""no_candidate"": 74, ""none"": 2403, ""not_active_exit_eligible"": 1, ""stale_data_no_action"": 8}"
3000,-200,120000,100,3079,515,2403,676,138,1184,1757,-202408,-65.73822669697954,-208.0,-352668,-114.53978564468983,-202.0,-150260,-48.8015589477103,0.0,-62.53017062005826,0.0,767,228,1408,0.770854271356784,995,0.7437277350983074,568,136349,86,210079,199,10159,0,0,146508,296768,False,True,587.9,8,74,1,592,1,0,515,3079,0,0,3,"{""cut_target"": 86, ""harmful_exit"": 142, ""neutral_exit"": 1408, ""no_active_exit"": 676, ""no_exit_replay"": 515, ""saved_stop"": 568, ""timeout_improved"": 199}","{""candidate_after_baseline_exit"": 592, ""candidate_after_max_hold"": 1, ""lifecycle_without_exit_replay"": 515, ""no_candidate"": 74, ""none"": 2403, ""not_active_exit_eligible"": 1, ""stale_data_no_action"": 8}"
3000,-200,120000,150,3079,515,2403,676,138,1184,1757,-356358,-115.73822669697954,-258.0,-506618,-164.53978564468983,-252.0,-150260,-48.8015589477103,0.0,-62.53017062005826,0.0,767,228,1408,0.770854271356784,995,0.7437277350983074,568,136349,86,210079,199,10159,0,0,146508,296768,False,True,587.9,8,74,1,592,1,0,515,3079,0,0,3,"{""cut_target"": 86, ""harmful_exit"": 142, ""neutral_exit"": 1408, ""no_active_exit"": 676, ""no_exit_replay"": 515, ""saved_stop"": 568, ""timeout_improved"": 199}","{""candidate_after_baseline_exit"": 592, ""candidate_after_max_hold"": 1, ""lifecycle_without_exit_replay"": 515, ""no_candidate"": 74, ""none"": 2403, ""not_active_exit_eligible"": 1, ""stale_data_no_action"": 8}"
3000,-200,120000,200,3079,515,2403,676,138,1184,1757,-510308,-165.73822669697955,-308.0,-660568,-214.53978564468983,-302.0,-150260,-48.8015589477103,0.0,-62.53017062005826,0.0,767,228,1408,0.770854271356784,995,0.7437277350983074,568,136349,86,210079,199,10159,0,0,146508,296768,False,True,587.9,8,74,1,592,1,0,515,3079,0,0,3,"{""cut_target"": 86, ""harmful_exit"": 142, ""neutral_exit"": 1408, ""no_active_exit"": 676, ""no_exit_replay"": 515, ""saved_stop"": 568, ""timeout_improved"": 199}","{""candidate_after_baseline_exit"": 592, ""candidate_after_max_hold"": 1, ""lifecycle_without_exit_replay"": 515, ""no_candidate"": 74, ""none"": 2403, ""not_active_exit_eligible"": 1, ""stale_data_no_action"": 8}"
3000,-300,30000,0,3079,515,2447,632,70,742,2267,-38056,-12.359857096459889,-102.0,-95662,-31.069178304644364,-102.0,-57606,-18.709321208184477,0.0,-23.541479362484676,0.0,372,198,1877,0.6526315789473685,570,0.6126397960808374,192,72105,29,70706,180,26886,0,0,98991,156597,False,True,210.0,8,74,1,464,85,0,515,3079,0,0,2,"{""cut_target"": 29, ""harmful_exit"": 169, ""neutral_exit"": 1877, ""no_active_exit"": 632, ""no_exit_replay"": 515, ""saved_stop"": 192, ""timeout_improved"": 180}","{""candidate_after_baseline_exit"": 464, ""candidate_after_max_hold"": 85, ""lifecycle_without_exit_replay"": 515, ""no_candidate"": 74, ""none"": 2447, ""not_active_exit_eligible"": 1, ""stale_data_no_action"": 8}"
3000,-300,30000,50,3079,515,2447,632,70,742,2267,-192006,-62.35985709645989,-152.0,-249612,-81.06917830464437,-152.0,-57606,-18.709321208184477,0.0,-23.541479362484676,0.0,372,198,1877,0.6526315789473685,570,0.6126397960808374,192,72105,29,70706,180,26886,0,0,98991,156597,False,True,210.0,8,74,1,464,85,0,515,3079,0,0,2,"{""cut_target"": 29, ""harmful_exit"": 169, ""neutral_exit"": 1877, ""no_active_exit"": 632, ""no_exit_replay"": 515, ""saved_stop"": 192, ""timeout_improved"": 180}","{""candidate_after_baseline_exit"": 464, ""candidate_after_max_hold"": 85, ""lifecycle_without_exit_replay"": 515, ""no_candidate"": 74, ""none"": 2447, ""not_active_exit_eligible"": 1, ""stale_data_no_action"": 8}"
3000,-300,30000,100,3079,515,2447,632,70,742,2267,-345956,-112.35985709645989,-202.0,-403562,-131.06917830464437,-202.0,-57606,-18.709321208184477,0.0,-23.541479362484676,0.0,372,198,1877,0.6526315789473685,570,0.6126397960808374,192,72105,29,70706,180,26886,0,0,98991,156597,False,True,210.0,8,74,1,464,85,0,515,3079,0,0,2,"{""cut_target"": 29, ""harmful_exit"": 169, ""neutral_exit"": 1877, ""no_active_exit"": 632, ""no_exit_replay"": 515, ""saved_stop"": 192, ""timeout_improved"": 180}","{""candidate_after_baseline_exit"": 464, ""candidate_after_max_hold"": 85, ""lifecycle_without_exit_replay"": 515, ""no_candidate"": 74, ""none"": 2447, ""not_active_exit_eligible"": 1, ""stale_data_no_action"": 8}"
3000,-300,30000,150,3079,515,2447,632,70,742,2267,-499906,-162.35985709645988,-252.0,-557512,-181.06917830464437,-252.0,-57606,-18.709321208184477,0.0,-23.541479362484676,0.0,372,198,1877,0.6526315789473685,570,0.6126397960808374,192,72105,29,70706,180,26886,0,0,98991,156597,False,True,210.0,8,74,1,464,85,0,515,3079,0,0,2,"{""cut_target"": 29, ""harmful_exit"": 169, ""neutral_exit"": 1877, ""no_active_exit"": 632, ""no_exit_replay"": 515, ""saved_stop"": 192, ""timeout_improved"": 180}","{""candidate_after_baseline_exit"": 464, ""candidate_after_max_hold"": 85, ""lifecycle_without_exit_replay"": 515, ""no_candidate"": 74, ""none"": 2447, ""not_active_exit_eligible"": 1, ""stale_data_no_action"": 8}"
3000,-300,30000,200,3079,515,2447,632,70,742,2267,-653856,-212.35985709645988,-302.0,-711462,-231.06917830464437,-302.0,-57606,-18.709321208184477,0.0,-23.541479362484676,0.0,372,198,1877,0.6526315789473685,570,0.6126397960808374,192,72105,29,70706,180,26886,0,0,98991,156597,False,True,210.0,8,74,1,464,85,0,515,3079,0,0,2,"{""cut_target"": 29, ""harmful_exit"": 169, ""neutral_exit"": 1877, ""no_active_exit"": 632, ""no_exit_replay"": 515, ""saved_stop"": 192, ""timeout_improved"": 180}","{""candidate_after_baseline_exit"": 464, ""candidate_after_max_hold"": 85, ""lifecycle_without_exit_replay"": 515, ""no_candidate"": 74, ""none"": 2447, ""not_active_exit_eligible"": 1, ""stale_data_no_action"": 8}"
3000,-300,60000,0,3079,515,2462,617,116,870,2093,27094,8.799610263072426,-102.0,-99851,-32.429684962650214,-102.0,-126945,-41.22929522572264,0.0,-51.561738424045494,0.0,553,265,1644,0.676039119804401,818,0.6432103911832648,313,118491,64,155272,240,27265,0,0,145756,272701,False,True,337.0,8,74,1,524,10,0,515,3079,0,0,3,"{""cut_target"": 64, ""harmful_exit"": 201, ""neutral_exit"": 1644, ""no_active_exit"": 617, ""no_exit_replay"": 515, ""saved_stop"": 313, ""timeout_improved"": 240}","{""candidate_after_baseline_exit"": 524, ""candidate_after_max_hold"": 10, ""lifecycle_without_exit_replay"": 515, ""no_candidate"": 74, ""none"": 2462, ""not_active_exit_eligible"": 1, ""stale_data_no_action"": 8}"
3000,-300,60000,50,3079,515,2462,617,116,870,2093,-126856,-41.200389736927576,-152.0,-253801,-82.42968496265021,-152.0,-126945,-41.22929522572264,0.0,-51.561738424045494,0.0,553,265,1644,0.676039119804401,818,0.6432103911832648,313,118491,64,155272,240,27265,0,0,145756,272701,False,True,337.0,8,74,1,524,10,0,515,3079,0,0,3,"{""cut_target"": 64, ""harmful_exit"": 201, ""neutral_exit"": 1644, ""no_active_exit"": 617, ""no_exit_replay"": 515, ""saved_stop"": 313, ""timeout_improved"": 240}","{""candidate_after_baseline_exit"": 524, ""candidate_after_max_hold"": 10, ""lifecycle_without_exit_replay"": 515, ""no_candidate"": 74, ""none"": 2462, ""not_active_exit_eligible"": 1, ""stale_data_no_action"": 8}"
3000,-300,60000,100,3079,515,2462,617,116,870,2093,-280806,-91.20038973692758,-202.0,-407751,-132.4296849626502,-202.0,-126945,-41.22929522572264,0.0,-51.561738424045494,0.0,553,265,1644,0.676039119804401,818,0.6432103911832648,313,118491,64,155272,240,27265,0,0,145756,272701,False,True,337.0,8,74,1,524,10,0,515,3079,0,0,3,"{""cut_target"": 64, ""harmful_exit"": 201, ""neutral_exit"": 1644, ""no_active_exit"": 617, ""no_exit_replay"": 515, ""saved_stop"": 313, ""timeout_improved"": 240}","{""candidate_after_baseline_exit"": 524, ""candidate_after_max_hold"": 10, ""lifecycle_without_exit_replay"": 515, ""no_candidate"": 74, ""none"": 2462, ""not_active_exit_eligible"": 1, ""stale_data_no_action"": 8}"
3000,-300,60000,150,3079,515,2462,617,116,870,2093,-434756,-141.20038973692758,-252.0,-561701,-182.4296849626502,-252.0,-126945,-41.22929522572264,0.0,-51.561738424045494,0.0,553,265,1644,0.676039119804401,818,0.6432103911832648,313,118491,64,155272,240,27265,0,0,145756,272701,False,True,337.0,8,74,1,524,10,0,515,3079,0,0,3,"{""cut_target"": 64, ""harmful_exit"": 201, ""neutral_exit"": 1644, ""no_active_exit"": 617, ""no_exit_replay"": 515, ""saved_stop"": 313, ""timeout_improved"": 240}","{""candidate_after_baseline_exit"": 524, ""candidate_after_max_hold"": 10, ""lifecycle_without_exit_replay"": 515, ""no_candidate"": 74, ""none"": 2462, ""not_active_exit_eligible"": 1, ""stale_data_no_action"": 8}"
3000,-300,60000,200,3079,515,2462,617,116,870,2093,-588706,-191.20038973692758,-302.0,-715651,-232.4296849626502,-302.0,-126945,-41.22929522572264,0.0,-51.561738424045494,0.0,553,265,1644,0.676039119804401,818,0.6432103911832648,313,118491,64,155272,240,27265,0,0,145756,272701,False,True,337.0,8,74,1,524,10,0,515,3079,0,0,3,"{""cut_target"": 64, ""harmful_exit"": 201, ""neutral_exit"": 1644, ""no_active_exit"": 617, ""no_exit_replay"": 515, ""saved_stop"": 313, ""timeout_improved"": 240}","{""candidate_after_baseline_exit"": 524, ""candidate_after_max_hold"": 10, ""lifecycle_without_exit_replay"": 515, ""no_candidate"": 74, ""none"": 2462, ""not_active_exit_eligible"": 1, ""stale_data_no_action"": 8}"
3000,-300,120000,0,3079,515,2462,617,150,1031,1898,45054,14.63267294576161,-108.0,-99851,-32.429684962650214,-102.0,-144905,-47.06235790841182,0.0,-58.856620633631195,0.0,790,249,1423,0.7603464870067372,1039,0.7334615561474804,474,170167,98,246064,316,27441,0,0,197608,342513,False,True,505.6,8,74,1,533,1,0,515,3079,0,0,3,"{""cut_target"": 98, ""harmful_exit"": 151, ""neutral_exit"": 1423, ""no_active_exit"": 617, ""no_exit_replay"": 515, ""saved_stop"": 474, ""timeout_improved"": 316}","{""candidate_after_baseline_exit"": 533, ""candidate_after_max_hold"": 1, ""lifecycle_without_exit_replay"": 515, ""no_candidate"": 74, ""none"": 2462, ""not_active_exit_eligible"": 1, ""stale_data_no_action"": 8}"
3000,-300,120000,50,3079,515,2462,617,150,1031,1898,-108896,-35.36732705423839,-158.0,-253801,-82.42968496265021,-152.0,-144905,-47.06235790841182,0.0,-58.856620633631195,0.0,790,249,1423,0.7603464870067372,1039,0.7334615561474804,474,170167,98,246064,316,27441,0,0,197608,342513,False,True,505.6,8,74,1,533,1,0,515,3079,0,0,3,"{""cut_target"": 98, ""harmful_exit"": 151, ""neutral_exit"": 1423, ""no_active_exit"": 617, ""no_exit_replay"": 515, ""saved_stop"": 474, ""timeout_improved"": 316}","{""candidate_after_baseline_exit"": 533, ""candidate_after_max_hold"": 1, ""lifecycle_without_exit_replay"": 515, ""no_candidate"": 74, ""none"": 2462, ""not_active_exit_eligible"": 1, ""stale_data_no_action"": 8}"
3000,-300,120000,100,3079,515,2462,617,150,1031,1898,-262846,-85.36732705423839,-208.0,-407751,-132.4296849626502,-202.0,-144905,-47.06235790841182,0.0,-58.856620633631195,0.0,790,249,1423,0.7603464870067372,1039,0.7334615561474804,474,170167,98,246064,316,27441,0,0,197608,342513,False,True,505.6,8,74,1,533,1,0,515,3079,0,0,3,"{""cut_target"": 98, ""harmful_exit"": 151, ""neutral_exit"": 1423, ""no_active_exit"": 617, ""no_exit_replay"": 515, ""saved_stop"": 474, ""timeout_improved"": 316}","{""candidate_after_baseline_exit"": 533, ""candidate_after_max_hold"": 1, ""lifecycle_without_exit_replay"": 515, ""no_candidate"": 74, ""none"": 2462, ""not_active_exit_eligible"": 1, ""stale_data_no_action"": 8}"
3000,-300,120000,150,3079,515,2462,617,150,1031,1898,-416796,-135.3673270542384,-258.0,-561701,-182.4296849626502,-252.0,-144905,-47.06235790841182,0.0,-58.856620633631195,0.0,790,249,1423,0.7603464870067372,1039,0.7334615561474804,474,170167,98,246064,316,27441,0,0,197608,342513,False,True,505.6,8,74,1,533,1,0,515,3079,0,0,3,"{""cut_target"": 98, ""harmful_exit"": 151, ""neutral_exit"": 1423, ""no_active_exit"": 617, ""no_exit_replay"": 515, ""saved_stop"": 474, ""timeout_improved"": 316}","{""candidate_after_baseline_exit"": 533, ""candidate_after_max_hold"": 1, ""lifecycle_without_exit_replay"": 515, ""no_candidate"": 74, ""none"": 2462, ""not_active_exit_eligible"": 1, ""stale_data_no_action"": 8}"
3000,-300,120000,200,3079,515,2462,617,150,1031,1898,-570746,-185.3673270542384,-308.0,-715651,-232.4296849626502,-302.0,-144905,-47.06235790841182,0.0,-58.856620633631195,0.0,790,249,1423,0.7603464870067372,1039,0.7334615561474804,474,170167,98,246064,316,27441,0,0,197608,342513,False,True,505.6,8,74,1,533,1,0,515,3079,0,0,3,"{""cut_target"": 98, ""harmful_exit"": 151, ""neutral_exit"": 1423, ""no_active_exit"": 617, ""no_exit_replay"": 515, ""saved_stop"": 474, ""timeout_improved"": 316}","{""candidate_after_baseline_exit"": 533, ""candidate_after_max_hold"": 1, ""lifecycle_without_exit_replay"": 515, ""no_candidate"": 74, ""none"": 2462, ""not_active_exit_eligible"": 1, ""stale_data_no_action"": 8}"
3000,-500,30000,0,3079,515,2522,557,76,642,2361,-139548,-45.32250730756739,-102.0,-173196,-56.2507307567392,-102.0,-33648,-10.928223449171808,0.0,-13.341792228390167,0.0,405,213,1904,0.6553398058252428,618,0.6170138635375098,176,91666,30,73723,229,42367,0,0,134033,167681,False,True,198.9,8,74,1,389,85,0,515,3079,0,0,3,"{""cut_target"": 30, ""harmful_exit"": 183, ""neutral_exit"": 1904, ""no_active_exit"": 557, ""no_exit_replay"": 515, ""saved_stop"": 176, ""timeout_improved"": 229}","{""candidate_after_baseline_exit"": 389, ""candidate_after_max_hold"": 85, ""lifecycle_without_exit_replay"": 515, ""no_candidate"": 74, ""none"": 2522, ""not_active_exit_eligible"": 1, ""stale_data_no_action"": 8}"
3000,-500,30000,50,3079,515,2522,557,76,642,2361,-293498,-95.32250730756739,-152.0,-327146,-106.2507307567392,-152.0,-33648,-10.928223449171808,0.0,-13.341792228390167,0.0,405,213,1904,0.6553398058252428,618,0.6170138635375098,176,91666,30,73723,229,42367,0,0,134033,167681,False,True,198.9,8,74,1,389,85,0,515,3079,0,0,3,"{""cut_target"": 30, ""harmful_exit"": 183, ""neutral_exit"": 1904, ""no_active_exit"": 557, ""no_exit_replay"": 515, ""saved_stop"": 176, ""timeout_improved"": 229}","{""candidate_after_baseline_exit"": 389, ""candidate_after_max_hold"": 85, ""lifecycle_without_exit_replay"": 515, ""no_candidate"": 74, ""none"": 2522, ""not_active_exit_eligible"": 1, ""stale_data_no_action"": 8}"
3000,-500,30000,100,3079,515,2522,557,76,642,2361,-447448,-145.3225073075674,-202.0,-481096,-156.2507307567392,-202.0,-33648,-10.928223449171808,0.0,-13.341792228390167,0.0,405,213,1904,0.6553398058252428,618,0.6170138635375098,176,91666,30,73723,229,42367,0,0,134033,167681,False,True,198.9,8,74,1,389,85,0,515,3079,0,0,3,"{""cut_target"": 30, ""harmful_exit"": 183, ""neutral_exit"": 1904, ""no_active_exit"": 557, ""no_exit_replay"": 515, ""saved_stop"": 176, ""timeout_improved"": 229}","{""candidate_after_baseline_exit"": 389, ""candidate_after_max_hold"": 85, ""lifecycle_without_exit_replay"": 515, ""no_candidate"": 74, ""none"": 2522, ""not_active_exit_eligible"": 1, ""stale_data_no_action"": 8}"
3000,-500,30000,150,3079,515,2522,557,76,642,2361,-601398,-195.3225073075674,-252.0,-635046,-206.2507307567392,-252.0,-33648,-10.928223449171808,0.0,-13.341792228390167,0.0,405,213,1904,0.6553398058252428,618,0.6170138635375098,176,91666,30,73723,229,42367,0,0,134033,167681,False,True,198.9,8,74,1,389,85,0,515,3079,0,0,3,"{""cut_target"": 30, ""harmful_exit"": 183, ""neutral_exit"": 1904, ""no_active_exit"": 557, ""no_exit_replay"": 515, ""saved_stop"": 176, ""timeout_improved"": 229}","{""candidate_after_baseline_exit"": 389, ""candidate_after_max_hold"": 85, ""lifecycle_without_exit_replay"": 515, ""no_candidate"": 74, ""none"": 2522, ""not_active_exit_eligible"": 1, ""stale_data_no_action"": 8}"
3000,-500,30000,200,3079,515,2522,557,76,642,2361,-755348,-245.3225073075674,-302.0,-788996,-256.2507307567392,-302.0,-33648,-10.928223449171808,0.0,-13.341792228390167,0.0,405,213,1904,0.6553398058252428,618,0.6170138635375098,176,91666,30,73723,229,42367,0,0,134033,167681,False,True,198.9,8,74,1,389,85,0,515,3079,0,0,3,"{""cut_target"": 30, ""harmful_exit"": 183, ""neutral_exit"": 1904, ""no_active_exit"": 557, ""no_exit_replay"": 515, ""saved_stop"": 176, ""timeout_improved"": 229}","{""candidate_after_baseline_exit"": 389, ""candidate_after_max_hold"": 85, ""lifecycle_without_exit_replay"": 515, ""no_candidate"": 74, ""none"": 2522, ""not_active_exit_eligible"": 1, ""stale_data_no_action"": 8}"
3000,-500,60000,0,3079,515,2539,540,125,752,2202,-72941,-23.68983436180578,-102.0,-176190,-57.22312439103605,-102.0,-103249,-33.53329002923027,0.0,-40.66522252855455,0.0,592,285,1662,0.6750285062713797,877,0.6433255550070403,280,150216,67,161800,312,49077,0,0,199293,302542,False,True,311.2,8,74,1,447,10,0,515,3079,0,0,3,"{""cut_target"": 67, ""harmful_exit"": 218, ""neutral_exit"": 1662, ""no_active_exit"": 540, ""no_exit_replay"": 515, ""saved_stop"": 280, ""timeout_improved"": 312}","{""candidate_after_baseline_exit"": 447, ""candidate_after_max_hold"": 10, ""lifecycle_without_exit_replay"": 515, ""no_candidate"": 74, ""none"": 2539, ""not_active_exit_eligible"": 1, ""stale_data_no_action"": 8}"
3000,-500,60000,50,3079,515,2539,540,125,752,2202,-226891,-73.68983436180578,-152.0,-330140,-107.22312439103605,-152.0,-103249,-33.53329002923027,0.0,-40.66522252855455,0.0,592,285,1662,0.6750285062713797,877,0.6433255550070403,280,150216,67,161800,312,49077,0,0,199293,302542,False,True,311.2,8,74,1,447,10,0,515,3079,0,0,3,"{""cut_target"": 67, ""harmful_exit"": 218, ""neutral_exit"": 1662, ""no_active_exit"": 540, ""no_exit_replay"": 515, ""saved_stop"": 280, ""timeout_improved"": 312}","{""candidate_after_baseline_exit"": 447, ""candidate_after_max_hold"": 10, ""lifecycle_without_exit_replay"": 515, ""no_candidate"": 74, ""none"": 2539, ""not_active_exit_eligible"": 1, ""stale_data_no_action"": 8}"
3000,-500,60000,100,3079,515,2539,540,125,752,2202,-380841,-123.68983436180578,-202.0,-484090,-157.22312439103604,-202.0,-103249,-33.53329002923027,0.0,-40.66522252855455,0.0,592,285,1662,0.6750285062713797,877,0.6433255550070403,280,150216,67,161800,312,49077,0,0,199293,302542,False,True,311.2,8,74,1,447,10,0,515,3079,0,0,3,"{""cut_target"": 67, ""harmful_exit"": 218, ""neutral_exit"": 1662, ""no_active_exit"": 540, ""no_exit_replay"": 515, ""saved_stop"": 280, ""timeout_improved"": 312}","{""candidate_after_baseline_exit"": 447, ""candidate_after_max_hold"": 10, ""lifecycle_without_exit_replay"": 515, ""no_candidate"": 74, ""none"": 2539, ""not_active_exit_eligible"": 1, ""stale_data_no_action"": 8}"
3000,-500,60000,150,3079,515,2539,540,125,752,2202,-534791,-173.6898343618058,-252.0,-638040,-207.22312439103604,-252.0,-103249,-33.53329002923027,0.0,-40.66522252855455,0.0,592,285,1662,0.6750285062713797,877,0.6433255550070403,280,150216,67,161800,312,49077,0,0,199293,302542,False,True,311.2,8,74,1,447,10,0,515,3079,0,0,3,"{""cut_target"": 67, ""harmful_exit"": 218, ""neutral_exit"": 1662, ""no_active_exit"": 540, ""no_exit_replay"": 515, ""saved_stop"": 280, ""timeout_improved"": 312}","{""candidate_after_baseline_exit"": 447, ""candidate_after_max_hold"": 10, ""lifecycle_without_exit_replay"": 515, ""no_candidate"": 74, ""none"": 2539, ""not_active_exit_eligible"": 1, ""stale_data_no_action"": 8}"
3000,-500,60000,200,3079,515,2539,540,125,752,2202,-688741,-223.6898343618058,-302.0,-791990,-257.22312439103604,-302.0,-103249,-33.53329002923027,0.0,-40.66522252855455,0.0,592,285,1662,0.6750285062713797,877,0.6433255550070403,280,150216,67,161800,312,49077,0,0,199293,302542,False,True,311.2,8,74,1,447,10,0,515,3079,0,0,3,"{""cut_target"": 67, ""harmful_exit"": 218, ""neutral_exit"": 1662, ""no_active_exit"": 540, ""no_exit_replay"": 515, ""saved_stop"": 280, ""timeout_improved"": 312}","{""candidate_after_baseline_exit"": 447, ""candidate_after_max_hold"": 10, ""lifecycle_without_exit_replay"": 515, ""no_candidate"": 74, ""none"": 2539, ""not_active_exit_eligible"": 1, ""stale_data_no_action"": 8}"
3000,-500,120000,0,3079,515,2539,540,166,899,2014,-71983,-23.37869438129263,-104.0,-173170,-56.242286456641764,-102.0,-101187,-32.86359207534914,0.0,-39.85309176841276,0.0,832,272,1435,0.7536231884057971,1104,0.7273546623099935,427,228103,107,269701,405,53427,0,0,281530,382717,False,True,467.5,8,74,1,456,1,0,515,3079,0,0,3,"{""cut_target"": 107, ""harmful_exit"": 165, ""neutral_exit"": 1435, ""no_active_exit"": 540, ""no_exit_replay"": 515, ""saved_stop"": 427, ""timeout_improved"": 405}","{""candidate_after_baseline_exit"": 456, ""candidate_after_max_hold"": 1, ""lifecycle_without_exit_replay"": 515, ""no_candidate"": 74, ""none"": 2539, ""not_active_exit_eligible"": 1, ""stale_data_no_action"": 8}"
3000,-500,120000,50,3079,515,2539,540,166,899,2014,-225933,-73.37869438129263,-154.0,-327120,-106.24228645664176,-152.0,-101187,-32.86359207534914,0.0,-39.85309176841276,0.0,832,272,1435,0.7536231884057971,1104,0.7273546623099935,427,228103,107,269701,405,53427,0,0,281530,382717,False,True,467.5,8,74,1,456,1,0,515,3079,0,0,3,"{""cut_target"": 107, ""harmful_exit"": 165, ""neutral_exit"": 1435, ""no_active_exit"": 540, ""no_exit_replay"": 515, ""saved_stop"": 427, ""timeout_improved"": 405}","{""candidate_after_baseline_exit"": 456, ""candidate_after_max_hold"": 1, ""lifecycle_without_exit_replay"": 515, ""no_candidate"": 74, ""none"": 2539, ""not_active_exit_eligible"": 1, ""stale_data_no_action"": 8}"
3000,-500,120000,100,3079,515,2539,540,166,899,2014,-379883,-123.37869438129263,-204.0,-481070,-156.24228645664178,-202.0,-101187,-32.86359207534914,0.0,-39.85309176841276,0.0,832,272,1435,0.7536231884057971,1104,0.7273546623099935,427,228103,107,269701,405,53427,0,0,281530,382717,False,True,467.5,8,74,1,456,1,0,515,3079,0,0,3,"{""cut_target"": 107, ""harmful_exit"": 165, ""neutral_exit"": 1435, ""no_active_exit"": 540, ""no_exit_replay"": 515, ""saved_stop"": 427, ""timeout_improved"": 405}","{""candidate_after_baseline_exit"": 456, ""candidate_after_max_hold"": 1, ""lifecycle_without_exit_replay"": 515, ""no_candidate"": 74, ""none"": 2539, ""not_active_exit_eligible"": 1, ""stale_data_no_action"": 8}"
3000,-500,120000,150,3079,515,2539,540,166,899,2014,-533833,-173.37869438129263,-254.0,-635020,-206.24228645664178,-252.0,-101187,-32.86359207534914,0.0,-39.85309176841276,0.0,832,272,1435,0.7536231884057971,1104,0.7273546623099935,427,228103,107,269701,405,53427,0,0,281530,382717,False,True,467.5,8,74,1,456,1,0,515,3079,0,0,3,"{""cut_target"": 107, ""harmful_exit"": 165, ""neutral_exit"": 1435, ""no_active_exit"": 540, ""no_exit_replay"": 515, ""saved_stop"": 427, ""timeout_improved"": 405}","{""candidate_after_baseline_exit"": 456, ""candidate_after_max_hold"": 1, ""lifecycle_without_exit_replay"": 515, ""no_candidate"": 74, ""none"": 2539, ""not_active_exit_eligible"": 1, ""stale_data_no_action"": 8}"
3000,-500,120000,200,3079,515,2539,540,166,899,2014,-687783,-223.37869438129263,-304.0,-788970,-256.24228645664175,-302.0,-101187,-32.86359207534914,0.0,-39.85309176841276,0.0,832,272,1435,0.7536231884057971,1104,0.7273546623099935,427,228103,107,269701,405,53427,0,0,281530,382717,False,True,467.5,8,74,1,456,1,0,515,3079,0,0,3,"{""cut_target"": 107, ""harmful_exit"": 165, ""neutral_exit"": 1435, ""no_active_exit"": 540, ""no_exit_replay"": 515, ""saved_stop"": 427, ""timeout_improved"": 405}","{""candidate_after_baseline_exit"": 456, ""candidate_after_max_hold"": 1, ""lifecycle_without_exit_replay"": 515, ""no_candidate"": 74, ""none"": 2539, ""not_active_exit_eligible"": 1, ""stale_data_no_action"": 8}"
3000,-700,30000,0,3079,515,2584,495,79,538,2462,-225191,-73.13770704774278,-102.0,-252395,-81.9730431958428,-102.0,-27204,-8.835336148100032,0.0,-10.527863777089783,0.0,412,229,1943,0.6427457098283932,641,0.6049002013199059,138,99068,32,80441,274,64314,0,0,163382,190586,False,True,165.4,8,74,1,327,85,0,515,3079,0,0,3,"{""cut_target"": 32, ""harmful_exit"": 197, ""neutral_exit"": 1943, ""no_active_exit"": 495, ""no_exit_replay"": 515, ""saved_stop"": 138, ""timeout_improved"": 274}","{""candidate_after_baseline_exit"": 327, ""candidate_after_max_hold"": 85, ""lifecycle_without_exit_replay"": 515, ""no_candidate"": 74, ""none"": 2584, ""not_active_exit_eligible"": 1, ""stale_data_no_action"": 8}"
3000,-700,30000,50,3079,515,2584,495,79,538,2462,-379141,-123.13770704774278,-152.0,-406345,-131.97304319584282,-152.0,-27204,-8.835336148100032,0.0,-10.527863777089783,0.0,412,229,1943,0.6427457098283932,641,0.6049002013199059,138,99068,32,80441,274,64314,0,0,163382,190586,False,True,165.4,8,74,1,327,85,0,515,3079,0,0,3,"{""cut_target"": 32, ""harmful_exit"": 197, ""neutral_exit"": 1943, ""no_active_exit"": 495, ""no_exit_replay"": 515, ""saved_stop"": 138, ""timeout_improved"": 274}","{""candidate_after_baseline_exit"": 327, ""candidate_after_max_hold"": 85, ""lifecycle_without_exit_replay"": 515, ""no_candidate"": 74, ""none"": 2584, ""not_active_exit_eligible"": 1, ""stale_data_no_action"": 8}"
3000,-700,30000,100,3079,515,2584,495,79,538,2462,-533091,-173.13770704774277,-202.0,-560295,-181.97304319584282,-202.0,-27204,-8.835336148100032,0.0,-10.527863777089783,0.0,412,229,1943,0.6427457098283932,641,0.6049002013199059,138,99068,32,80441,274,64314,0,0,163382,190586,False,True,165.4,8,74,1,327,85,0,515,3079,0,0,3,"{""cut_target"": 32, ""harmful_exit"": 197, ""neutral_exit"": 1943, ""no_active_exit"": 495, ""no_exit_replay"": 515, ""saved_stop"": 138, ""timeout_improved"": 274}","{""candidate_after_baseline_exit"": 327, ""candidate_after_max_hold"": 85, ""lifecycle_without_exit_replay"": 515, ""no_candidate"": 74, ""none"": 2584, ""not_active_exit_eligible"": 1, ""stale_data_no_action"": 8}"
3000,-700,30000,150,3079,515,2584,495,79,538,2462,-687041,-223.13770704774277,-252.0,-714245,-231.97304319584282,-252.0,-27204,-8.835336148100032,0.0,-10.527863777089783,0.0,412,229,1943,0.6427457098283932,641,0.6049002013199059,138,99068,32,80441,274,64314,0,0,163382,190586,False,True,165.4,8,74,1,327,85,0,515,3079,0,0,3,"{""cut_target"": 32, ""harmful_exit"": 197, ""neutral_exit"": 1943, ""no_active_exit"": 495, ""no_exit_replay"": 515, ""saved_stop"": 138, ""timeout_improved"": 274}","{""candidate_after_baseline_exit"": 327, ""candidate_after_max_hold"": 85, ""lifecycle_without_exit_replay"": 515, ""no_candidate"": 74, ""none"": 2584, ""not_active_exit_eligible"": 1, ""stale_data_no_action"": 8}"
3000,-700,30000,200,3079,515,2584,495,79,538,2462,-840991,-273.13770704774277,-302.0,-868195,-281.9730431958428,-302.0,-27204,-8.835336148100032,0.0,-10.527863777089783,0.0,412,229,1943,0.6427457098283932,641,0.6049002013199059,138,99068,32,80441,274,64314,0,0,163382,190586,False,True,165.4,8,74,1,327,85,0,515,3079,0,0,3,"{""cut_target"": 32, ""harmful_exit"": 197, ""neutral_exit"": 1943, ""no_active_exit"": 495, ""no_exit_replay"": 515, ""saved_stop"": 138, ""timeout_improved"": 274}","{""candidate_after_baseline_exit"": 327, ""candidate_after_max_hold"": 85, ""lifecycle_without_exit_replay"": 515, ""no_candidate"": 74, ""none"": 2584, ""not_active_exit_eligible"": 1, ""stale_data_no_action"": 8}"
3000,-700,60000,0,3079,515,2604,475,132,637,2310,-170086,-55.240662552776875,-102.0,-255096,-82.85027606365703,-102.0,-85010,-27.609613510880155,0.0,-32.645929339477725,0.0,601,304,1699,0.6640883977900552,905,0.6326805626455774,231,172221,73,181547,370,77678,0,0,249899,334909,False,True,268.0,8,74,1,382,10,0,515,3079,0,0,3,"{""cut_target"": 73, ""harmful_exit"": 231, ""neutral_exit"": 1699, ""no_active_exit"": 475, ""no_exit_replay"": 515, ""saved_stop"": 231, ""timeout_improved"": 370}","{""candidate_after_baseline_exit"": 382, ""candidate_after_max_hold"": 10, ""lifecycle_without_exit_replay"": 515, ""no_candidate"": 74, ""none"": 2604, ""not_active_exit_eligible"": 1, ""stale_data_no_action"": 8}"
3000,-700,60000,50,3079,515,2604,475,132,637,2310,-324036,-105.24066255277688,-152.0,-409046,-132.85027606365702,-152.0,-85010,-27.609613510880155,0.0,-32.645929339477725,0.0,601,304,1699,0.6640883977900552,905,0.6326805626455774,231,172221,73,181547,370,77678,0,0,249899,334909,False,True,268.0,8,74,1,382,10,0,515,3079,0,0,3,"{""cut_target"": 73, ""harmful_exit"": 231, ""neutral_exit"": 1699, ""no_active_exit"": 475, ""no_exit_replay"": 515, ""saved_stop"": 231, ""timeout_improved"": 370}","{""candidate_after_baseline_exit"": 382, ""candidate_after_max_hold"": 10, ""lifecycle_without_exit_replay"": 515, ""no_candidate"": 74, ""none"": 2604, ""not_active_exit_eligible"": 1, ""stale_data_no_action"": 8}"
3000,-700,60000,100,3079,515,2604,475,132,637,2310,-477986,-155.24066255277688,-202.0,-562996,-182.85027606365702,-202.0,-85010,-27.609613510880155,0.0,-32.645929339477725,0.0,601,304,1699,0.6640883977900552,905,0.6326805626455774,231,172221,73,181547,370,77678,0,0,249899,334909,False,True,268.0,8,74,1,382,10,0,515,3079,0,0,3,"{""cut_target"": 73, ""harmful_exit"": 231, ""neutral_exit"": 1699, ""no_active_exit"": 475, ""no_exit_replay"": 515, ""saved_stop"": 231, ""timeout_improved"": 370}","{""candidate_after_baseline_exit"": 382, ""candidate_after_max_hold"": 10, ""lifecycle_without_exit_replay"": 515, ""no_candidate"": 74, ""none"": 2604, ""not_active_exit_eligible"": 1, ""stale_data_no_action"": 8}"
3000,-700,60000,150,3079,515,2604,475,132,637,2310,-631936,-205.24066255277688,-252.0,-716946,-232.85027606365702,-252.0,-85010,-27.609613510880155,0.0,-32.645929339477725,0.0,601,304,1699,0.6640883977900552,905,0.6326805626455774,231,172221,73,181547,370,77678,0,0,249899,334909,False,True,268.0,8,74,1,382,10,0,515,3079,0,0,3,"{""cut_target"": 73, ""harmful_exit"": 231, ""neutral_exit"": 1699, ""no_active_exit"": 475, ""no_exit_replay"": 515, ""saved_stop"": 231, ""timeout_improved"": 370}","{""candidate_after_baseline_exit"": 382, ""candidate_after_max_hold"": 10, ""lifecycle_without_exit_replay"": 515, ""no_candidate"": 74, ""none"": 2604, ""not_active_exit_eligible"": 1, ""stale_data_no_action"": 8}"
3000,-700,60000,200,3079,515,2604,475,132,637,2310,-785886,-255.24066255277688,-302.0,-870896,-282.850276063657,-302.0,-85010,-27.609613510880155,0.0,-32.645929339477725,0.0,601,304,1699,0.6640883977900552,905,0.6326805626455774,231,172221,73,181547,370,77678,0,0,249899,334909,False,True,268.0,8,74,1,382,10,0,515,3079,0,0,3,"{""cut_target"": 73, ""harmful_exit"": 231, ""neutral_exit"": 1699, ""no_active_exit"": 475, ""no_exit_replay"": 515, ""saved_stop"": 231, ""timeout_improved"": 370}","{""candidate_after_baseline_exit"": 382, ""candidate_after_max_hold"": 10, ""lifecycle_without_exit_replay"": 515, ""no_candidate"": 74, ""none"": 2604, ""not_active_exit_eligible"": 1, ""stale_data_no_action"": 8}"
3000,-700,120000,0,3079,515,2604,475,178,719,2182,-175592,-57.02890548879506,-103.0,-252076,-81.86943812926275,-102.0,-76484,-24.840532640467686,0.0,-29.37173579109063,0.0,848,291,1465,0.7445127304653204,1139,0.7183917432170015,313,239178,118,304563,535,110790,0,0,349968,426452,False,True,366.5,8,74,1,391,1,0,515,3079,0,0,3,"{""cut_target"": 118, ""harmful_exit"": 173, ""neutral_exit"": 1465, ""no_active_exit"": 475, ""no_exit_replay"": 515, ""saved_stop"": 313, ""timeout_improved"": 535}","{""candidate_after_baseline_exit"": 391, ""candidate_after_max_hold"": 1, ""lifecycle_without_exit_replay"": 515, ""no_candidate"": 74, ""none"": 2604, ""not_active_exit_eligible"": 1, ""stale_data_no_action"": 8}"
3000,-700,120000,50,3079,515,2604,475,178,719,2182,-329542,-107.02890548879506,-153.0,-406026,-131.86943812926276,-152.0,-76484,-24.840532640467686,0.0,-29.37173579109063,0.0,848,291,1465,0.7445127304653204,1139,0.7183917432170015,313,239178,118,304563,535,110790,0,0,349968,426452,False,True,366.5,8,74,1,391,1,0,515,3079,0,0,3,"{""cut_target"": 118, ""harmful_exit"": 173, ""neutral_exit"": 1465, ""no_active_exit"": 475, ""no_exit_replay"": 515, ""saved_stop"": 313, ""timeout_improved"": 535}","{""candidate_after_baseline_exit"": 391, ""candidate_after_max_hold"": 1, ""lifecycle_without_exit_replay"": 515, ""no_candidate"": 74, ""none"": 2604, ""not_active_exit_eligible"": 1, ""stale_data_no_action"": 8}"
3000,-700,120000,100,3079,515,2604,475,178,719,2182,-483492,-157.02890548879506,-203.0,-559976,-181.86943812926276,-202.0,-76484,-24.840532640467686,0.0,-29.37173579109063,0.0,848,291,1465,0.7445127304653204,1139,0.7183917432170015,313,239178,118,304563,535,110790,0,0,349968,426452,False,True,366.5,8,74,1,391,1,0,515,3079,0,0,3,"{""cut_target"": 118, ""harmful_exit"": 173, ""neutral_exit"": 1465, ""no_active_exit"": 475, ""no_exit_replay"": 515, ""saved_stop"": 313, ""timeout_improved"": 535}","{""candidate_after_baseline_exit"": 391, ""candidate_after_max_hold"": 1, ""lifecycle_without_exit_replay"": 515, ""no_candidate"": 74, ""none"": 2604, ""not_active_exit_eligible"": 1, ""stale_data_no_action"": 8}"
3000,-700,120000,150,3079,515,2604,475,178,719,2182,-637442,-207.02890548879506,-253.0,-713926,-231.86943812926276,-252.0,-76484,-24.840532640467686,0.0,-29.37173579109063,0.0,848,291,1465,0.7445127304653204,1139,0.7183917432170015,313,239178,118,304563,535,110790,0,0,349968,426452,False,True,366.5,8,74,1,391,1,0,515,3079,0,0,3,"{""cut_target"": 118, ""harmful_exit"": 173, ""neutral_exit"": 1465, ""no_active_exit"": 475, ""no_exit_replay"": 515, ""saved_stop"": 313, ""timeout_improved"": 535}","{""candidate_after_baseline_exit"": 391, ""candidate_after_max_hold"": 1, ""lifecycle_without_exit_replay"": 515, ""no_candidate"": 74, ""none"": 2604, ""not_active_exit_eligible"": 1, ""stale_data_no_action"": 8}"
3000,-700,120000,200,3079,515,2604,475,178,719,2182,-791392,-257.0289054887951,-303.0,-867876,-281.86943812926273,-302.0,-76484,-24.840532640467686,0.0,-29.37173579109063,0.0,848,291,1465,0.7445127304653204,1139,0.7183917432170015,313,239178,118,304563,535,110790,0,0,349968,426452,False,True,366.5,8,74,1,391,1,0,515,3079,0,0,3,"{""cut_target"": 118, ""harmful_exit"": 173, ""neutral_exit"": 1465, ""no_active_exit"": 475, ""no_exit_replay"": 515, ""saved_stop"": 313, ""timeout_improved"": 535}","{""candidate_after_baseline_exit"": 391, ""candidate_after_max_hold"": 1, ""lifecycle_without_exit_replay"": 515, ""no_candidate"": 74, ""none"": 2604, ""not_active_exit_eligible"": 1, ""stale_data_no_action"": 8}"
3000,-1000,30000,0,3079,515,2633,446,80,461,2538,-326498,-106.0402728158493,-102.0,-344031,-111.73465410847678,-102.0,-17533,-5.694381292627477,0.0,-6.6589441701481205,0.0,426,247,1960,0.6329866270430906,673,0.5959126229585667,117,110695,32,80441,309,82880,0,0,193575,211108,False,True,147.9,8,74,1,278,85,0,515,3079,0,0,3,"{""cut_target"": 32, ""harmful_exit"": 215, ""neutral_exit"": 1960, ""no_active_exit"": 446, ""no_exit_replay"": 515, ""saved_stop"": 117, ""timeout_improved"": 309}","{""candidate_after_baseline_exit"": 278, ""candidate_after_max_hold"": 85, ""lifecycle_without_exit_replay"": 515, ""no_candidate"": 74, ""none"": 2633, ""not_active_exit_eligible"": 1, ""stale_data_no_action"": 8}"
3000,-1000,30000,50,3079,515,2633,446,80,461,2538,-480448,-156.0402728158493,-152.0,-497981,-161.73465410847678,-152.0,-17533,-5.694381292627477,0.0,-6.6589441701481205,0.0,426,247,1960,0.6329866270430906,673,0.5959126229585667,117,110695,32,80441,309,82880,0,0,193575,211108,False,True,147.9,8,74,1,278,85,0,515,3079,0,0,3,"{""cut_target"": 32, ""harmful_exit"": 215, ""neutral_exit"": 1960, ""no_active_exit"": 446, ""no_exit_replay"": 515, ""saved_stop"": 117, ""timeout_improved"": 309}","{""candidate_after_baseline_exit"": 278, ""candidate_after_max_hold"": 85, ""lifecycle_without_exit_replay"": 515, ""no_candidate"": 74, ""none"": 2633, ""not_active_exit_eligible"": 1, ""stale_data_no_action"": 8}"
3000,-1000,30000,100,3079,515,2633,446,80,461,2538,-634398,-206.0402728158493,-202.0,-651931,-211.73465410847678,-202.0,-17533,-5.694381292627477,0.0,-6.6589441701481205,0.0,426,247,1960,0.6329866270430906,673,0.5959126229585667,117,110695,32,80441,309,82880,0,0,193575,211108,False,True,147.9,8,74,1,278,85,0,515,3079,0,0,3,"{""cut_target"": 32, ""harmful_exit"": 215, ""neutral_exit"": 1960, ""no_active_exit"": 446, ""no_exit_replay"": 515, ""saved_stop"": 117, ""timeout_improved"": 309}","{""candidate_after_baseline_exit"": 278, ""candidate_after_max_hold"": 85, ""lifecycle_without_exit_replay"": 515, ""no_candidate"": 74, ""none"": 2633, ""not_active_exit_eligible"": 1, ""stale_data_no_action"": 8}"
3000,-1000,30000,150,3079,515,2633,446,80,461,2538,-788348,-256.0402728158493,-252.0,-805881,-261.7346541084768,-252.0,-17533,-5.694381292627477,0.0,-6.6589441701481205,0.0,426,247,1960,0.6329866270430906,673,0.5959126229585667,117,110695,32,80441,309,82880,0,0,193575,211108,False,True,147.9,8,74,1,278,85,0,515,3079,0,0,3,"{""cut_target"": 32, ""harmful_exit"": 215, ""neutral_exit"": 1960, ""no_active_exit"": 446, ""no_exit_replay"": 515, ""saved_stop"": 117, ""timeout_improved"": 309}","{""candidate_after_baseline_exit"": 278, ""candidate_after_max_hold"": 85, ""lifecycle_without_exit_replay"": 515, ""no_candidate"": 74, ""none"": 2633, ""not_active_exit_eligible"": 1, ""stale_data_no_action"": 8}"
3000,-1000,30000,200,3079,515,2633,446,80,461,2538,-942298,-306.0402728158493,-302.0,-959831,-311.7346541084768,-302.0,-17533,-5.694381292627477,0.0,-6.6589441701481205,0.0,426,247,1960,0.6329866270430906,673,0.5959126229585667,117,110695,32,80441,309,82880,0,0,193575,211108,False,True,147.9,8,74,1,278,85,0,515,3079,0,0,3,"{""cut_target"": 32, ""harmful_exit"": 215, ""neutral_exit"": 1960, ""no_active_exit"": 446, ""no_exit_replay"": 515, ""saved_stop"": 117, ""timeout_improved"": 309}","{""candidate_after_baseline_exit"": 278, ""candidate_after_max_hold"": 85, ""lifecycle_without_exit_replay"": 515, ""no_candidate"": 74, ""none"": 2633, ""not_active_exit_eligible"": 1, ""stale_data_no_action"": 8}"
3000,-1000,60000,0,3079,515,2656,423,144,550,2385,-277133,-90.0074699577785,-102.0,-342902,-111.36797661578434,-102.0,-65769,-21.360506658005846,0.0,-24.76242469879518,0.0,618,327,1711,0.653968253968254,945,0.6230702154312922,201,199832,82,209999,417,105902,0,0,305734,371503,False,True,242.7,8,74,1,330,10,0,515,3079,0,0,3,"{""cut_target"": 82, ""harmful_exit"": 245, ""neutral_exit"": 1711, ""no_active_exit"": 423, ""no_exit_replay"": 515, ""saved_stop"": 201, ""timeout_improved"": 417}","{""candidate_after_baseline_exit"": 330, ""candidate_after_max_hold"": 10, ""lifecycle_without_exit_replay"": 515, ""no_candidate"": 74, ""none"": 2656, ""not_active_exit_eligible"": 1, ""stale_data_no_action"": 8}"
3000,-1000,60000,50,3079,515,2656,423,144,550,2385,-431083,-140.0074699577785,-152.0,-496852,-161.36797661578436,-152.0,-65769,-21.360506658005846,0.0,-24.76242469879518,0.0,618,327,1711,0.653968253968254,945,0.6230702154312922,201,199832,82,209999,417,105902,0,0,305734,371503,False,True,242.7,8,74,1,330,10,0,515,3079,0,0,3,"{""cut_target"": 82, ""harmful_exit"": 245, ""neutral_exit"": 1711, ""no_active_exit"": 423, ""no_exit_replay"": 515, ""saved_stop"": 201, ""timeout_improved"": 417}","{""candidate_after_baseline_exit"": 330, ""candidate_after_max_hold"": 10, ""lifecycle_without_exit_replay"": 515, ""no_candidate"": 74, ""none"": 2656, ""not_active_exit_eligible"": 1, ""stale_data_no_action"": 8}"
3000,-1000,60000,100,3079,515,2656,423,144,550,2385,-585033,-190.0074699577785,-202.0,-650802,-211.36797661578436,-202.0,-65769,-21.360506658005846,0.0,-24.76242469879518,0.0,618,327,1711,0.653968253968254,945,0.6230702154312922,201,199832,82,209999,417,105902,0,0,305734,371503,False,True,242.7,8,74,1,330,10,0,515,3079,0,0,3,"{""cut_target"": 82, ""harmful_exit"": 245, ""neutral_exit"": 1711, ""no_active_exit"": 423, ""no_exit_replay"": 515, ""saved_stop"": 201, ""timeout_improved"": 417}","{""candidate_after_baseline_exit"": 330, ""candidate_after_max_hold"": 10, ""lifecycle_without_exit_replay"": 515, ""no_candidate"": 74, ""none"": 2656, ""not_active_exit_eligible"": 1, ""stale_data_no_action"": 8}"
3000,-1000,60000,150,3079,515,2656,423,144,550,2385,-738983,-240.0074699577785,-252.0,-804752,-261.36797661578436,-252.0,-65769,-21.360506658005846,0.0,-24.76242469879518,0.0,618,327,1711,0.653968253968254,945,0.6230702154312922,201,199832,82,209999,417,105902,0,0,305734,371503,False,True,242.7,8,74,1,330,10,0,515,3079,0,0,3,"{""cut_target"": 82, ""harmful_exit"": 245, ""neutral_exit"": 1711, ""no_active_exit"": 423, ""no_exit_replay"": 515, ""saved_stop"": 201, ""timeout_improved"": 417}","{""candidate_after_baseline_exit"": 330, ""candidate_after_max_hold"": 10, ""lifecycle_without_exit_replay"": 515, ""no_candidate"": 74, ""none"": 2656, ""not_active_exit_eligible"": 1, ""stale_data_no_action"": 8}"
3000,-1000,60000,200,3079,515,2656,423,144,550,2385,-892933,-290.0074699577785,-302.0,-958702,-311.36797661578436,-302.0,-65769,-21.360506658005846,0.0,-24.76242469879518,0.0,618,327,1711,0.653968253968254,945,0.6230702154312922,201,199832,82,209999,417,105902,0,0,305734,371503,False,True,242.7,8,74,1,330,10,0,515,3079,0,0,3,"{""cut_target"": 82, ""harmful_exit"": 245, ""neutral_exit"": 1711, ""no_active_exit"": 423, ""no_exit_replay"": 515, ""saved_stop"": 201, ""timeout_improved"": 417}","{""candidate_after_baseline_exit"": 330, ""candidate_after_max_hold"": 10, ""lifecycle_without_exit_replay"": 515, ""no_candidate"": 74, ""none"": 2656, ""not_active_exit_eligible"": 1, ""stale_data_no_action"": 8}"
3000,-1000,120000,0,3079,515,2656,423,196,622,2261,-287928,-93.51347840207859,-102.0,-335721,-109.0357258850276,-102.0,-47793,-15.522247482949009,0.0,-17.994352409638555,0.0,868,313,1475,0.7349703640982218,1181,0.7090665649985926,273,281307,131,343976,595,146017,0,0,427324,475117,False,True,332.5,8,74,1,339,1,0,515,3079,0,0,4,"{""cut_target"": 131, ""harmful_exit"": 182, ""neutral_exit"": 1475, ""no_active_exit"": 423, ""no_exit_replay"": 515, ""saved_stop"": 273, ""timeout_improved"": 595}","{""candidate_after_baseline_exit"": 339, ""candidate_after_max_hold"": 1, ""lifecycle_without_exit_replay"": 515, ""no_candidate"": 74, ""none"": 2656, ""not_active_exit_eligible"": 1, ""stale_data_no_action"": 8}"
3000,-1000,120000,50,3079,515,2656,423,196,622,2261,-441878,-143.5134784020786,-152.0,-489671,-159.0357258850276,-152.0,-47793,-15.522247482949009,0.0,-17.994352409638555,0.0,868,313,1475,0.7349703640982218,1181,0.7090665649985926,273,281307,131,343976,595,146017,0,0,427324,475117,False,True,332.5,8,74,1,339,1,0,515,3079,0,0,4,"{""cut_target"": 131, ""harmful_exit"": 182, ""neutral_exit"": 1475, ""no_active_exit"": 423, ""no_exit_replay"": 515, ""saved_stop"": 273, ""timeout_improved"": 595}","{""candidate_after_baseline_exit"": 339, ""candidate_after_max_hold"": 1, ""lifecycle_without_exit_replay"": 515, ""no_candidate"": 74, ""none"": 2656, ""not_active_exit_eligible"": 1, ""stale_data_no_action"": 8}"
3000,-1000,120000,100,3079,515,2656,423,196,622,2261,-595828,-193.5134784020786,-202.0,-643621,-209.0357258850276,-202.0,-47793,-15.522247482949009,0.0,-17.994352409638555,0.0,868,313,1475,0.7349703640982218,1181,0.7090665649985926,273,281307,131,343976,595,146017,0,0,427324,475117,False,True,332.5,8,74,1,339,1,0,515,3079,0,0,4,"{""cut_target"": 131, ""harmful_exit"": 182, ""neutral_exit"": 1475, ""no_active_exit"": 423, ""no_exit_replay"": 515, ""saved_stop"": 273, ""timeout_improved"": 595}","{""candidate_after_baseline_exit"": 339, ""candidate_after_max_hold"": 1, ""lifecycle_without_exit_replay"": 515, ""no_candidate"": 74, ""none"": 2656, ""not_active_exit_eligible"": 1, ""stale_data_no_action"": 8}"
3000,-1000,120000,150,3079,515,2656,423,196,622,2261,-749778,-243.5134784020786,-252.0,-797571,-259.0357258850276,-252.0,-47793,-15.522247482949009,0.0,-17.994352409638555,0.0,868,313,1475,0.7349703640982218,1181,0.7090665649985926,273,281307,131,343976,595,146017,0,0,427324,475117,False,True,332.5,8,74,1,339,1,0,515,3079,0,0,4,"{""cut_target"": 131, ""harmful_exit"": 182, ""neutral_exit"": 1475, ""no_active_exit"": 423, ""no_exit_replay"": 515, ""saved_stop"": 273, ""timeout_improved"": 595}","{""candidate_after_baseline_exit"": 339, ""candidate_after_max_hold"": 1, ""lifecycle_without_exit_replay"": 515, ""no_candidate"": 74, ""none"": 2656, ""not_active_exit_eligible"": 1, ""stale_data_no_action"": 8}"
3000,-1000,120000,200,3079,515,2656,423,196,622,2261,-903728,-293.5134784020786,-302.0,-951521,-309.0357258850276,-302.0,-47793,-15.522247482949009,0.0,-17.994352409638555,0.0,868,313,1475,0.7349703640982218,1181,0.7090665649985926,273,281307,131,343976,595,146017,0,0,427324,475117,False,True,332.5,8,74,1,339,1,0,515,3079,0,0,4,"{""cut_target"": 131, ""harmful_exit"": 182, ""neutral_exit"": 1475, ""no_active_exit"": 423, ""no_exit_replay"": 515, ""saved_stop"": 273, ""timeout_improved"": 595}","{""candidate_after_baseline_exit"": 339, ""candidate_after_max_hold"": 1, ""lifecycle_without_exit_replay"": 515, ""no_candidate"": 74, ""none"": 2656, ""not_active_exit_eligible"": 1, ""stale_data_no_action"": 8}"
3000,-1500,30000,0,3079,515,2704,375,90,355,2634,-427409,-138.81422539785646,-102.0,-448369,-145.62163039948035,-102.0,-20960,-6.807405001623904,0.0,-7.7514792899408285,0.0,454,277,1973,0.6210670314637483,731,0.5853531071248463,98,118556,37,100669,356,120622,0,0,239178,260138,False,True,133.6,8,74,1,207,85,0,515,3079,0,0,4,"{""cut_target"": 37, ""harmful_exit"": 240, ""neutral_exit"": 1973, ""no_active_exit"": 375, ""no_exit_replay"": 515, ""saved_stop"": 98, ""timeout_improved"": 356}","{""candidate_after_baseline_exit"": 207, ""candidate_after_max_hold"": 85, ""lifecycle_without_exit_replay"": 515, ""no_candidate"": 74, ""none"": 2704, ""not_active_exit_eligible"": 1, ""stale_data_no_action"": 8}"
3000,-1500,30000,50,3079,515,2704,375,90,355,2634,-581359,-188.81422539785646,-152.0,-602319,-195.62163039948035,-152.0,-20960,-6.807405001623904,0.0,-7.7514792899408285,0.0,454,277,1973,0.6210670314637483,731,0.5853531071248463,98,118556,37,100669,356,120622,0,0,239178,260138,False,True,133.6,8,74,1,207,85,0,515,3079,0,0,4,"{""cut_target"": 37, ""harmful_exit"": 240, ""neutral_exit"": 1973, ""no_active_exit"": 375, ""no_exit_replay"": 515, ""saved_stop"": 98, ""timeout_improved"": 356}","{""candidate_after_baseline_exit"": 207, ""candidate_after_max_hold"": 85, ""lifecycle_without_exit_replay"": 515, ""no_candidate"": 74, ""none"": 2704, ""not_active_exit_eligible"": 1, ""stale_data_no_action"": 8}"
3000,-1500,30000,100,3079,515,2704,375,90,355,2634,-735309,-238.81422539785646,-202.0,-756269,-245.62163039948035,-202.0,-20960,-6.807405001623904,0.0,-7.7514792899408285,0.0,454,277,1973,0.6210670314637483,731,0.5853531071248463,98,118556,37,100669,356,120622,0,0,239178,260138,False,True,133.6,8,74,1,207,85,0,515,3079,0,0,4,"{""cut_target"": 37, ""harmful_exit"": 240, ""neutral_exit"": 1973, ""no_active_exit"": 375, ""no_exit_replay"": 515, ""saved_stop"": 98, ""timeout_improved"": 356}","{""candidate_after_baseline_exit"": 207, ""candidate_after_max_hold"": 85, ""lifecycle_without_exit_replay"": 515, ""no_candidate"": 74, ""none"": 2704, ""not_active_exit_eligible"": 1, ""stale_data_no_action"": 8}"
3000,-1500,30000,150,3079,515,2704,375,90,355,2634,-889259,-288.81422539785643,-252.0,-910219,-295.62163039948035,-252.0,-20960,-6.807405001623904,0.0,-7.7514792899408285,0.0,454,277,1973,0.6210670314637483,731,0.5853531071248463,98,118556,37,100669,356,120622,0,0,239178,260138,False,True,133.6,8,74,1,207,85,0,515,3079,0,0,4,"{""cut_target"": 37, ""harmful_exit"": 240, ""neutral_exit"": 1973, ""no_active_exit"": 375, ""no_exit_replay"": 515, ""saved_stop"": 98, ""timeout_improved"": 356}","{""candidate_after_baseline_exit"": 207, ""candidate_after_max_hold"": 85, ""lifecycle_without_exit_replay"": 515, ""no_candidate"": 74, ""none"": 2704, ""not_active_exit_eligible"": 1, ""stale_data_no_action"": 8}"
3000,-1500,30000,200,3079,515,2704,375,90,355,2634,-1043209,-338.81422539785643,-302.0,-1064169,-345.62163039948035,-302.0,-20960,-6.807405001623904,0.0,-7.7514792899408285,0.0,454,277,1973,0.6210670314637483,731,0.5853531071248463,98,118556,37,100669,356,120622,0,0,239178,260138,False,True,133.6,8,74,1,207,85,0,515,3079,0,0,4,"{""cut_target"": 37, ""harmful_exit"": 240, ""neutral_exit"": 1973, ""no_active_exit"": 375, ""no_exit_replay"": 515, ""saved_stop"": 98, ""timeout_improved"": 356}","{""candidate_after_baseline_exit"": 207, ""candidate_after_max_hold"": 85, ""lifecycle_without_exit_replay"": 515, ""no_candidate"": 74, ""none"": 2704, ""not_active_exit_eligible"": 1, ""stale_data_no_action"": 8}"
3000,-1500,60000,0,3079,515,2737,342,164,442,2473,-391139,-127.03442676193569,-102.0,-452638,-147.00811951932445,-102.0,-61499,-19.97369275738876,0.0,-22.46949214468396,0.0,649,365,1723,0.6400394477317555,1014,0.6100186247155639,179,238983,97,262115,470,150713,0,0,389696,451195,False,True,226.0,8,74,1,249,10,0,515,3079,0,0,3,"{""cut_target"": 97, ""harmful_exit"": 268, ""neutral_exit"": 1723, ""no_active_exit"": 342, ""no_exit_replay"": 515, ""saved_stop"": 179, ""timeout_improved"": 470}","{""candidate_after_baseline_exit"": 249, ""candidate_after_max_hold"": 10, ""lifecycle_without_exit_replay"": 515, ""no_candidate"": 74, ""none"": 2737, ""not_active_exit_eligible"": 1, ""stale_data_no_action"": 8}"
3000,-1500,60000,50,3079,515,2737,342,164,442,2473,-545089,-177.0344267619357,-152.0,-606588,-197.00811951932445,-152.0,-61499,-19.97369275738876,0.0,-22.46949214468396,0.0,649,365,1723,0.6400394477317555,1014,0.6100186247155639,179,238983,97,262115,470,150713,0,0,389696,451195,False,True,226.0,8,74,1,249,10,0,515,3079,0,0,3,"{""cut_target"": 97, ""harmful_exit"": 268, ""neutral_exit"": 1723, ""no_active_exit"": 342, ""no_exit_replay"": 515, ""saved_stop"": 179, ""timeout_improved"": 470}","{""candidate_after_baseline_exit"": 249, ""candidate_after_max_hold"": 10, ""lifecycle_without_exit_replay"": 515, ""no_candidate"": 74, ""none"": 2737, ""not_active_exit_eligible"": 1, ""stale_data_no_action"": 8}"
3000,-1500,60000,100,3079,515,2737,342,164,442,2473,-699039,-227.0344267619357,-202.0,-760538,-247.00811951932445,-202.0,-61499,-19.97369275738876,0.0,-22.46949214468396,0.0,649,365,1723,0.6400394477317555,1014,0.6100186247155639,179,238983,97,262115,470,150713,0,0,389696,451195,False,True,226.0,8,74,1,249,10,0,515,3079,0,0,3,"{""cut_target"": 97, ""harmful_exit"": 268, ""neutral_exit"": 1723, ""no_active_exit"": 342, ""no_exit_replay"": 515, ""saved_stop"": 179, ""timeout_improved"": 470}","{""candidate_after_baseline_exit"": 249, ""candidate_after_max_hold"": 10, ""lifecycle_without_exit_replay"": 515, ""no_candidate"": 74, ""none"": 2737, ""not_active_exit_eligible"": 1, ""stale_data_no_action"": 8}"
3000,-1500,60000,150,3079,515,2737,342,164,442,2473,-852989,-277.0344267619357,-252.0,-914488,-297.00811951932445,-252.0,-61499,-19.97369275738876,0.0,-22.46949214468396,0.0,649,365,1723,0.6400394477317555,1014,0.6100186247155639,179,238983,97,262115,470,150713,0,0,389696,451195,False,True,226.0,8,74,1,249,10,0,515,3079,0,0,3,"{""cut_target"": 97, ""harmful_exit"": 268, ""neutral_exit"": 1723, ""no_active_exit"": 342, ""no_exit_replay"": 515, ""saved_stop"": 179, ""timeout_improved"": 470}","{""candidate_after_baseline_exit"": 249, ""candidate_after_max_hold"": 10, ""lifecycle_without_exit_replay"": 515, ""no_candidate"": 74, ""none"": 2737, ""not_active_exit_eligible"": 1, ""stale_data_no_action"": 8}"
3000,-1500,60000,200,3079,515,2737,342,164,442,2473,-1006939,-327.0344267619357,-302.0,-1068438,-347.00811951932445,-302.0,-61499,-19.97369275738876,0.0,-22.46949214468396,0.0,649,365,1723,0.6400394477317555,1014,0.6100186247155639,179,238983,97,262115,470,150713,0,0,389696,451195,False,True,226.0,8,74,1,249,10,0,515,3079,0,0,3,"{""cut_target"": 97, ""harmful_exit"": 268, ""neutral_exit"": 1723, ""no_active_exit"": 342, ""no_exit_replay"": 515, ""saved_stop"": 179, ""timeout_improved"": 470}","{""candidate_after_baseline_exit"": 249, ""candidate_after_max_hold"": 10, ""lifecycle_without_exit_replay"": 515, ""no_candidate"": 74, ""none"": 2737, ""not_active_exit_eligible"": 1, ""stale_data_no_action"": 8}"
3000,-1500,120000,0,3079,515,2737,342,225,514,2340,-421608,-136.9301721338097,-102.0,-445457,-144.67586878856773,-102.0,-23849,-7.745696654758039,0.0,-8.713554987212277,0.0,908,346,1483,0.7240829346092504,1254,0.6986878753801427,251,346350,155,424759,657,200503,0,0,546853,570702,False,True,316.7,8,74,1,258,1,0,515,3079,0,0,4,"{""cut_target"": 155, ""harmful_exit"": 191, ""neutral_exit"": 1483, ""no_active_exit"": 342, ""no_exit_replay"": 515, ""saved_stop"": 251, ""timeout_improved"": 657}","{""candidate_after_baseline_exit"": 258, ""candidate_after_max_hold"": 1, ""lifecycle_without_exit_replay"": 515, ""no_candidate"": 74, ""none"": 2737, ""not_active_exit_eligible"": 1, ""stale_data_no_action"": 8}"
3000,-1500,120000,50,3079,515,2737,342,225,514,2340,-575558,-186.9301721338097,-152.0,-599407,-194.67586878856773,-152.0,-23849,-7.745696654758039,0.0,-8.713554987212277,0.0,908,346,1483,0.7240829346092504,1254,0.6986878753801427,251,346350,155,424759,657,200503,0,0,546853,570702,False,True,316.7,8,74,1,258,1,0,515,3079,0,0,4,"{""cut_target"": 155, ""harmful_exit"": 191, ""neutral_exit"": 1483, ""no_active_exit"": 342, ""no_exit_replay"": 515, ""saved_stop"": 251, ""timeout_improved"": 657}","{""candidate_after_baseline_exit"": 258, ""candidate_after_max_hold"": 1, ""lifecycle_without_exit_replay"": 515, ""no_candidate"": 74, ""none"": 2737, ""not_active_exit_eligible"": 1, ""stale_data_no_action"": 8}"
3000,-1500,120000,100,3079,515,2737,342,225,514,2340,-729508,-236.9301721338097,-202.0,-753357,-244.67586878856773,-202.0,-23849,-7.745696654758039,0.0,-8.713554987212277,0.0,908,346,1483,0.7240829346092504,1254,0.6986878753801427,251,346350,155,424759,657,200503,0,0,546853,570702,False,True,316.7,8,74,1,258,1,0,515,3079,0,0,4,"{""cut_target"": 155, ""harmful_exit"": 191, ""neutral_exit"": 1483, ""no_active_exit"": 342, ""no_exit_replay"": 515, ""saved_stop"": 251, ""timeout_improved"": 657}","{""candidate_after_baseline_exit"": 258, ""candidate_after_max_hold"": 1, ""lifecycle_without_exit_replay"": 515, ""no_candidate"": 74, ""none"": 2737, ""not_active_exit_eligible"": 1, ""stale_data_no_action"": 8}"
3000,-1500,120000,150,3079,515,2737,342,225,514,2340,-883458,-286.93017213380966,-252.0,-907307,-294.6758687885677,-252.0,-23849,-7.745696654758039,0.0,-8.713554987212277,0.0,908,346,1483,0.7240829346092504,1254,0.6986878753801427,251,346350,155,424759,657,200503,0,0,546853,570702,False,True,316.7,8,74,1,258,1,0,515,3079,0,0,4,"{""cut_target"": 155, ""harmful_exit"": 191, ""neutral_exit"": 1483, ""no_active_exit"": 342, ""no_exit_replay"": 515, ""saved_stop"": 251, ""timeout_improved"": 657}","{""candidate_after_baseline_exit"": 258, ""candidate_after_max_hold"": 1, ""lifecycle_without_exit_replay"": 515, ""no_candidate"": 74, ""none"": 2737, ""not_active_exit_eligible"": 1, ""stale_data_no_action"": 8}"
3000,-1500,120000,200,3079,515,2737,342,225,514,2340,-1037408,-336.93017213380966,-302.0,-1061257,-344.6758687885677,-302.0,-23849,-7.745696654758039,0.0,-8.713554987212277,0.0,908,346,1483,0.7240829346092504,1254,0.6986878753801427,251,346350,155,424759,657,200503,0,0,546853,570702,False,True,316.7,8,74,1,258,1,0,515,3079,0,0,4,"{""cut_target"": 155, ""harmful_exit"": 191, ""neutral_exit"": 1483, ""no_active_exit"": 342, ""no_exit_replay"": 515, ""saved_stop"": 251, ""timeout_improved"": 657}","{""candidate_after_baseline_exit"": 258, ""candidate_after_max_hold"": 1, ""lifecycle_without_exit_replay"": 515, ""no_candidate"": 74, ""none"": 2737, ""not_active_exit_eligible"": 1, ""stale_data_no_action"": 8}"
3000,-2000,30000,0,3079,515,2750,329,95,294,2690,-534507,-173.59759662227995,-102.0,-532895,-173.07405001623903,-102.0,1612,0.5235466060409224,0.0,0.5861818181818181,0.0,472,291,1987,0.6186107470511141,763,0.5836328320713845,91,141797,39,110081,381,138681,0,0,280478,278866,False,True,129.1,8,74,1,161,85,0,515,3079,0,0,4,"{""cut_target"": 39, ""harmful_exit"": 252, ""neutral_exit"": 1987, ""no_active_exit"": 329, ""no_exit_replay"": 515, ""saved_stop"": 91, ""timeout_improved"": 381}","{""candidate_after_baseline_exit"": 161, ""candidate_after_max_hold"": 85, ""lifecycle_without_exit_replay"": 515, ""no_candidate"": 74, ""none"": 2750, ""not_active_exit_eligible"": 1, ""stale_data_no_action"": 8}"
3000,-2000,30000,50,3079,515,2750,329,95,294,2690,-688457,-223.59759662227995,-152.0,-686845,-223.07405001623903,-152.0,1612,0.5235466060409224,0.0,0.5861818181818181,0.0,472,291,1987,0.6186107470511141,763,0.5836328320713845,91,141797,39,110081,381,138681,0,0,280478,278866,False,True,129.1,8,74,1,161,85,0,515,3079,0,0,4,"{""cut_target"": 39, ""harmful_exit"": 252, ""neutral_exit"": 1987, ""no_active_exit"": 329, ""no_exit_replay"": 515, ""saved_stop"": 91, ""timeout_improved"": 381}","{""candidate_after_baseline_exit"": 161, ""candidate_after_max_hold"": 85, ""lifecycle_without_exit_replay"": 515, ""no_candidate"": 74, ""none"": 2750, ""not_active_exit_eligible"": 1, ""stale_data_no_action"": 8}"
3000,-2000,30000,100,3079,515,2750,329,95,294,2690,-842407,-273.59759662228,-202.0,-840795,-273.074050016239,-202.0,1612,0.5235466060409224,0.0,0.5861818181818181,0.0,472,291,1987,0.6186107470511141,763,0.5836328320713845,91,141797,39,110081,381,138681,0,0,280478,278866,False,True,129.1,8,74,1,161,85,0,515,3079,0,0,4,"{""cut_target"": 39, ""harmful_exit"": 252, ""neutral_exit"": 1987, ""no_active_exit"": 329, ""no_exit_replay"": 515, ""saved_stop"": 91, ""timeout_improved"": 381}","{""candidate_after_baseline_exit"": 161, ""candidate_after_max_hold"": 85, ""lifecycle_without_exit_replay"": 515, ""no_candidate"": 74, ""none"": 2750, ""not_active_exit_eligible"": 1, ""stale_data_no_action"": 8}"
3000,-2000,30000,150,3079,515,2750,329,95,294,2690,-996357,-323.59759662228,-252.0,-994745,-323.074050016239,-252.0,1612,0.5235466060409224,0.0,0.5861818181818181,0.0,472,291,1987,0.6186107470511141,763,0.5836328320713845,91,141797,39,110081,381,138681,0,0,280478,278866,False,True,129.1,8,74,1,161,85,0,515,3079,0,0,4,"{""cut_target"": 39, ""harmful_exit"": 252, ""neutral_exit"": 1987, ""no_active_exit"": 329, ""no_exit_replay"": 515, ""saved_stop"": 91, ""timeout_improved"": 381}","{""candidate_after_baseline_exit"": 161, ""candidate_after_max_hold"": 85, ""lifecycle_without_exit_replay"": 515, ""no_candidate"": 74, ""none"": 2750, ""not_active_exit_eligible"": 1, ""stale_data_no_action"": 8}"
3000,-2000,30000,200,3079,515,2750,329,95,294,2690,-1150307,-373.59759662228,-302.0,-1148695,-373.074050016239,-302.0,1612,0.5235466060409224,0.0,0.5861818181818181,0.0,472,291,1987,0.6186107470511141,763,0.5836328320713845,91,141797,39,110081,381,138681,0,0,280478,278866,False,True,129.1,8,74,1,161,85,0,515,3079,0,0,4,"{""cut_target"": 39, ""harmful_exit"": 252, ""neutral_exit"": 1987, ""no_active_exit"": 329, ""no_exit_replay"": 515, ""saved_stop"": 91, ""timeout_improved"": 381}","{""candidate_after_baseline_exit"": 161, ""candidate_after_max_hold"": 85, ""lifecycle_without_exit_replay"": 515, ""no_candidate"": 74, ""none"": 2750, ""not_active_exit_eligible"": 1, ""stale_data_no_action"": 8}"
3000,-2000,60000,0,3079,515,2784,295,177,380,2522,-512228,-166.36180578109776,-102.0,-531688,-172.6820396232543,-102.0,-19460,-6.3202338421565445,0.0,-6.989942528735632,0.0,671,381,1732,0.6378326996197718,1052,0.6083363179141679,172,280445,104,291166,499,186799,0,0,467244,486704,False,True,221.9,8,74,1,202,10,0,515,3079,0,0,3,"{""cut_target"": 104, ""harmful_exit"": 277, ""neutral_exit"": 1732, ""no_active_exit"": 295, ""no_exit_replay"": 515, ""saved_stop"": 172, ""timeout_improved"": 499}","{""candidate_after_baseline_exit"": 202, ""candidate_after_max_hold"": 10, ""lifecycle_without_exit_replay"": 515, ""no_candidate"": 74, ""none"": 2784, ""not_active_exit_eligible"": 1, ""stale_data_no_action"": 8}"
3000,-2000,60000,50,3079,515,2784,295,177,380,2522,-666178,-216.36180578109776,-152.0,-685638,-222.6820396232543,-152.0,-19460,-6.3202338421565445,0.0,-6.989942528735632,0.0,671,381,1732,0.6378326996197718,1052,0.6083363179141679,172,280445,104,291166,499,186799,0,0,467244,486704,False,True,221.9,8,74,1,202,10,0,515,3079,0,0,3,"{""cut_target"": 104, ""harmful_exit"": 277, ""neutral_exit"": 1732, ""no_active_exit"": 295, ""no_exit_replay"": 515, ""saved_stop"": 172, ""timeout_improved"": 499}","{""candidate_after_baseline_exit"": 202, ""candidate_after_max_hold"": 10, ""lifecycle_without_exit_replay"": 515, ""no_candidate"": 74, ""none"": 2784, ""not_active_exit_eligible"": 1, ""stale_data_no_action"": 8}"
3000,-2000,60000,100,3079,515,2784,295,177,380,2522,-820128,-266.36180578109776,-202.0,-839588,-272.6820396232543,-202.0,-19460,-6.3202338421565445,0.0,-6.989942528735632,0.0,671,381,1732,0.6378326996197718,1052,0.6083363179141679,172,280445,104,291166,499,186799,0,0,467244,486704,False,True,221.9,8,74,1,202,10,0,515,3079,0,0,3,"{""cut_target"": 104, ""harmful_exit"": 277, ""neutral_exit"": 1732, ""no_active_exit"": 295, ""no_exit_replay"": 515, ""saved_stop"": 172, ""timeout_improved"": 499}","{""candidate_after_baseline_exit"": 202, ""candidate_after_max_hold"": 10, ""lifecycle_without_exit_replay"": 515, ""no_candidate"": 74, ""none"": 2784, ""not_active_exit_eligible"": 1, ""stale_data_no_action"": 8}"
3000,-2000,60000,150,3079,515,2784,295,177,380,2522,-974078,-316.36180578109776,-252.0,-993538,-322.6820396232543,-252.0,-19460,-6.3202338421565445,0.0,-6.989942528735632,0.0,671,381,1732,0.6378326996197718,1052,0.6083363179141679,172,280445,104,291166,499,186799,0,0,467244,486704,False,True,221.9,8,74,1,202,10,0,515,3079,0,0,3,"{""cut_target"": 104, ""harmful_exit"": 277, ""neutral_exit"": 1732, ""no_active_exit"": 295, ""no_exit_replay"": 515, ""saved_stop"": 172, ""timeout_improved"": 499}","{""candidate_after_baseline_exit"": 202, ""candidate_after_max_hold"": 10, ""lifecycle_without_exit_replay"": 515, ""no_candidate"": 74, ""none"": 2784, ""not_active_exit_eligible"": 1, ""stale_data_no_action"": 8}"
3000,-2000,60000,200,3079,515,2784,295,177,380,2522,-1128028,-366.36180578109776,-302.0,-1147488,-372.6820396232543,-302.0,-19460,-6.3202338421565445,0.0,-6.989942528735632,0.0,671,381,1732,0.6378326996197718,1052,0.6083363179141679,172,280445,104,291166,499,186799,0,0,467244,486704,False,True,221.9,8,74,1,202,10,0,515,3079,0,0,3,"{""cut_target"": 104, ""harmful_exit"": 277, ""neutral_exit"": 1732, ""no_active_exit"": 295, ""no_exit_replay"": 515, ""saved_stop"": 172, ""timeout_improved"": 499}","{""candidate_after_baseline_exit"": 202, ""candidate_after_max_hold"": 10, ""lifecycle_without_exit_replay"": 515, ""no_candidate"": 74, ""none"": 2784, ""not_active_exit_eligible"": 1, ""stale_data_no_action"": 8}"
3000,-2000,120000,0,3079,515,2786,293,242,437,2400,-551474,-179.10815199740176,-102.0,-526278,-170.92497564144202,-102.0,25196,8.183176355959727,0.0,9.043790380473798,0.0,930,366,1490,0.7175925925925926,1296,0.6924684988504263,229,398193,166,470254,701,255678,0,0,653871,628675,False,True,299.1,8,74,1,209,1,0,515,3079,0,0,4,"{""cut_target"": 166, ""harmful_exit"": 200, ""neutral_exit"": 1490, ""no_active_exit"": 293, ""no_exit_replay"": 515, ""saved_stop"": 229, ""timeout_improved"": 701}","{""candidate_after_baseline_exit"": 209, ""candidate_after_max_hold"": 1, ""lifecycle_without_exit_replay"": 515, ""no_candidate"": 74, ""none"": 2786, ""not_active_exit_eligible"": 1, ""stale_data_no_action"": 8}"
3000,-2000,120000,50,3079,515,2786,293,242,437,2400,-705424,-229.10815199740176,-152.0,-680228,-220.92497564144202,-152.0,25196,8.183176355959727,0.0,9.043790380473798,0.0,930,366,1490,0.7175925925925926,1296,0.6924684988504263,229,398193,166,470254,701,255678,0,0,653871,628675,False,True,299.1,8,74,1,209,1,0,515,3079,0,0,4,"{""cut_target"": 166, ""harmful_exit"": 200, ""neutral_exit"": 1490, ""no_active_exit"": 293, ""no_exit_replay"": 515, ""saved_stop"": 229, ""timeout_improved"": 701}","{""candidate_after_baseline_exit"": 209, ""candidate_after_max_hold"": 1, ""lifecycle_without_exit_replay"": 515, ""no_candidate"": 74, ""none"": 2786, ""not_active_exit_eligible"": 1, ""stale_data_no_action"": 8}"
3000,-2000,120000,100,3079,515,2786,293,242,437,2400,-859374,-279.10815199740176,-202.0,-834178,-270.924975641442,-202.0,25196,8.183176355959727,0.0,9.043790380473798,0.0,930,366,1490,0.7175925925925926,1296,0.6924684988504263,229,398193,166,470254,701,255678,0,0,653871,628675,False,True,299.1,8,74,1,209,1,0,515,3079,0,0,4,"{""cut_target"": 166, ""harmful_exit"": 200, ""neutral_exit"": 1490, ""no_active_exit"": 293, ""no_exit_replay"": 515, ""saved_stop"": 229, ""timeout_improved"": 701}","{""candidate_after_baseline_exit"": 209, ""candidate_after_max_hold"": 1, ""lifecycle_without_exit_replay"": 515, ""no_candidate"": 74, ""none"": 2786, ""not_active_exit_eligible"": 1, ""stale_data_no_action"": 8}"
3000,-2000,120000,150,3079,515,2786,293,242,437,2400,-1013324,-329.10815199740176,-252.0,-988128,-320.924975641442,-252.0,25196,8.183176355959727,0.0,9.043790380473798,0.0,930,366,1490,0.7175925925925926,1296,0.6924684988504263,229,398193,166,470254,701,255678,0,0,653871,628675,False,True,299.1,8,74,1,209,1,0,515,3079,0,0,4,"{""cut_target"": 166, ""harmful_exit"": 200, ""neutral_exit"": 1490, ""no_active_exit"": 293, ""no_exit_replay"": 515, ""saved_stop"": 229, ""timeout_improved"": 701}","{""candidate_after_baseline_exit"": 209, ""candidate_after_max_hold"": 1, ""lifecycle_without_exit_replay"": 515, ""no_candidate"": 74, ""none"": 2786, ""not_active_exit_eligible"": 1, ""stale_data_no_action"": 8}"
3000,-2000,120000,200,3079,515,2786,293,242,437,2400,-1167274,-379.10815199740176,-302.0,-1142078,-370.924975641442,-302.0,25196,8.183176355959727,0.0,9.043790380473798,0.0,930,366,1490,0.7175925925925926,1296,0.6924684988504263,229,398193,166,470254,701,255678,0,0,653871,628675,False,True,299.1,8,74,1,209,1,0,515,3079,0,0,4,"{""cut_target"": 166, ""harmful_exit"": 200, ""neutral_exit"": 1490, ""no_active_exit"": 293, ""no_exit_replay"": 515, ""saved_stop"": 229, ""timeout_improved"": 701}","{""candidate_after_baseline_exit"": 209, ""candidate_after_max_hold"": 1, ""lifecycle_without_exit_replay"": 515, ""no_candidate"": 74, ""none"": 2786, ""not_active_exit_eligible"": 1, ""stale_data_no_action"": 8}"
3000,-3000,30000,0,3079,515,2823,256,101,192,2786,-687545,-223.3013965573238,-102.0,-620430,-201.50373497888924,-102.0,67115,21.797661578434557,0.0,23.7743535246192,0.0,512,310,2001,0.6228710462287105,822,0.5892390600577041,81,149945,40,115611,431,210765,0,0,360710,293595,False,True,124.1,8,74,1,88,85,0,515,3079,0,0,3,"{""cut_target"": 40, ""harmful_exit"": 270, ""neutral_exit"": 2001, ""no_active_exit"": 256, ""no_exit_replay"": 515, ""saved_stop"": 81, ""timeout_improved"": 431}","{""candidate_after_baseline_exit"": 88, ""candidate_after_max_hold"": 85, ""lifecycle_without_exit_replay"": 515, ""no_candidate"": 74, ""none"": 2823, ""not_active_exit_eligible"": 1, ""stale_data_no_action"": 8}"
3000,-3000,30000,50,3079,515,2823,256,101,192,2786,-841495,-273.3013965573238,-152.0,-774380,-251.50373497888924,-152.0,67115,21.797661578434557,0.0,23.7743535246192,0.0,512,310,2001,0.6228710462287105,822,0.5892390600577041,81,149945,40,115611,431,210765,0,0,360710,293595,False,True,124.1,8,74,1,88,85,0,515,3079,0,0,3,"{""cut_target"": 40, ""harmful_exit"": 270, ""neutral_exit"": 2001, ""no_active_exit"": 256, ""no_exit_replay"": 515, ""saved_stop"": 81, ""timeout_improved"": 431}","{""candidate_after_baseline_exit"": 88, ""candidate_after_max_hold"": 85, ""lifecycle_without_exit_replay"": 515, ""no_candidate"": 74, ""none"": 2823, ""not_active_exit_eligible"": 1, ""stale_data_no_action"": 8}"
3000,-3000,30000,100,3079,515,2823,256,101,192,2786,-995445,-323.3013965573238,-202.0,-928330,-301.50373497888927,-202.0,67115,21.797661578434557,0.0,23.7743535246192,0.0,512,310,2001,0.6228710462287105,822,0.5892390600577041,81,149945,40,115611,431,210765,0,0,360710,293595,False,True,124.1,8,74,1,88,85,0,515,3079,0,0,3,"{""cut_target"": 40, ""harmful_exit"": 270, ""neutral_exit"": 2001, ""no_active_exit"": 256, ""no_exit_replay"": 515, ""saved_stop"": 81, ""timeout_improved"": 431}","{""candidate_after_baseline_exit"": 88, ""candidate_after_max_hold"": 85, ""lifecycle_without_exit_replay"": 515, ""no_candidate"": 74, ""none"": 2823, ""not_active_exit_eligible"": 1, ""stale_data_no_action"": 8}"
3000,-3000,30000,150,3079,515,2823,256,101,192,2786,-1149395,-373.3013965573238,-252.0,-1082280,-351.50373497888927,-252.0,67115,21.797661578434557,0.0,23.7743535246192,0.0,512,310,2001,0.6228710462287105,822,0.5892390600577041,81,149945,40,115611,431,210765,0,0,360710,293595,False,True,124.1,8,74,1,88,85,0,515,3079,0,0,3,"{""cut_target"": 40, ""harmful_exit"": 270, ""neutral_exit"": 2001, ""no_active_exit"": 256, ""no_exit_replay"": 515, ""saved_stop"": 81, ""timeout_improved"": 431}","{""candidate_after_baseline_exit"": 88, ""candidate_after_max_hold"": 85, ""lifecycle_without_exit_replay"": 515, ""no_candidate"": 74, ""none"": 2823, ""not_active_exit_eligible"": 1, ""stale_data_no_action"": 8}"
3000,-3000,30000,200,3079,515,2823,256,101,192,2786,-1303345,-423.3013965573238,-302.0,-1236230,-401.50373497888927,-302.0,67115,21.797661578434557,0.0,23.7743535246192,0.0,512,310,2001,0.6228710462287105,822,0.5892390600577041,81,149945,40,115611,431,210765,0,0,360710,293595,False,True,124.1,8,74,1,88,85,0,515,3079,0,0,3,"{""cut_target"": 40, ""harmful_exit"": 270, ""neutral_exit"": 2001, ""no_active_exit"": 256, ""no_exit_replay"": 515, ""saved_stop"": 81, ""timeout_improved"": 431}","{""candidate_after_baseline_exit"": 88, ""candidate_after_max_hold"": 85, ""lifecycle_without_exit_replay"": 515, ""no_candidate"": 74, ""none"": 2823, ""not_active_exit_eligible"": 1, ""stale_data_no_action"": 8}"
3000,-3000,60000,0,3079,515,2870,209,187,257,2635,-706922,-229.59467359532314,-102.0,-626512,-203.4790516401429,-102.0,80410,26.115621955180252,0.0,28.017421602787458,0.0,719,409,1742,0.6374113475177305,1128,0.6089337244478861,141,299743,109,312838,578,305845,0,0,605588,525178,False,True,198.8,8,74,1,116,10,0,515,3079,0,0,3,"{""cut_target"": 109, ""harmful_exit"": 300, ""neutral_exit"": 1742, ""no_active_exit"": 209, ""no_exit_replay"": 515, ""saved_stop"": 141, ""timeout_improved"": 578}","{""candidate_after_baseline_exit"": 116, ""candidate_after_max_hold"": 10, ""lifecycle_without_exit_replay"": 515, ""no_candidate"": 74, ""none"": 2870, ""not_active_exit_eligible"": 1, ""stale_data_no_action"": 8}"
3000,-3000,60000,50,3079,515,2870,209,187,257,2635,-860872,-279.5946735953232,-152.0,-780462,-253.4790516401429,-152.0,80410,26.115621955180252,0.0,28.017421602787458,0.0,719,409,1742,0.6374113475177305,1128,0.6089337244478861,141,299743,109,312838,578,305845,0,0,605588,525178,False,True,198.8,8,74,1,116,10,0,515,3079,0,0,3,"{""cut_target"": 109, ""harmful_exit"": 300, ""neutral_exit"": 1742, ""no_active_exit"": 209, ""no_exit_replay"": 515, ""saved_stop"": 141, ""timeout_improved"": 578}","{""candidate_after_baseline_exit"": 116, ""candidate_after_max_hold"": 10, ""lifecycle_without_exit_replay"": 515, ""no_candidate"": 74, ""none"": 2870, ""not_active_exit_eligible"": 1, ""stale_data_no_action"": 8}"
3000,-3000,60000,100,3079,515,2870,209,187,257,2635,-1014822,-329.5946735953232,-202.0,-934412,-303.4790516401429,-202.0,80410,26.115621955180252,0.0,28.017421602787458,0.0,719,409,1742,0.6374113475177305,1128,0.6089337244478861,141,299743,109,312838,578,305845,0,0,605588,525178,False,True,198.8,8,74,1,116,10,0,515,3079,0,0,3,"{""cut_target"": 109, ""harmful_exit"": 300, ""neutral_exit"": 1742, ""no_active_exit"": 209, ""no_exit_replay"": 515, ""saved_stop"": 141, ""timeout_improved"": 578}","{""candidate_after_baseline_exit"": 116, ""candidate_after_max_hold"": 10, ""lifecycle_without_exit_replay"": 515, ""no_candidate"": 74, ""none"": 2870, ""not_active_exit_eligible"": 1, ""stale_data_no_action"": 8}"
3000,-3000,60000,150,3079,515,2870,209,187,257,2635,-1168772,-379.5946735953232,-252.0,-1088362,-353.4790516401429,-252.0,80410,26.115621955180252,0.0,28.017421602787458,0.0,719,409,1742,0.6374113475177305,1128,0.6089337244478861,141,299743,109,312838,578,305845,0,0,605588,525178,False,True,198.8,8,74,1,116,10,0,515,3079,0,0,3,"{""cut_target"": 109, ""harmful_exit"": 300, ""neutral_exit"": 1742, ""no_active_exit"": 209, ""no_exit_replay"": 515, ""saved_stop"": 141, ""timeout_improved"": 578}","{""candidate_after_baseline_exit"": 116, ""candidate_after_max_hold"": 10, ""lifecycle_without_exit_replay"": 515, ""no_candidate"": 74, ""none"": 2870, ""not_active_exit_eligible"": 1, ""stale_data_no_action"": 8}"
3000,-3000,60000,200,3079,515,2870,209,187,257,2635,-1322722,-429.5946735953232,-302.0,-1242312,-403.4790516401429,-302.0,80410,26.115621955180252,0.0,28.017421602787458,0.0,719,409,1742,0.6374113475177305,1128,0.6089337244478861,141,299743,109,312838,578,305845,0,0,605588,525178,False,True,198.8,8,74,1,116,10,0,515,3079,0,0,3,"{""cut_target"": 109, ""harmful_exit"": 300, ""neutral_exit"": 1742, ""no_active_exit"": 209, ""no_exit_replay"": 515, ""saved_stop"": 141, ""timeout_improved"": 578}","{""candidate_after_baseline_exit"": 116, ""candidate_after_max_hold"": 10, ""lifecycle_without_exit_replay"": 515, ""no_candidate"": 74, ""none"": 2870, ""not_active_exit_eligible"": 1, ""stale_data_no_action"": 8}"
3000,-3000,120000,0,3079,515,2872,207,260,319,2500,-782603,-254.17440727508932,-102.0,-619677,-201.25917505683663,-102.0,162926,52.915232218252676,0.0,56.7291086350975,0.0,980,393,1499,0.7137654770575382,1373,0.6892865285175984,203,461671,178,514631,777,389812,0,0,851483,688557,False,True,280.7,8,74,1,123,1,0,515,3079,0,0,4,"{""cut_target"": 178, ""harmful_exit"": 215, ""neutral_exit"": 1499, ""no_active_exit"": 207, ""no_exit_replay"": 515, ""saved_stop"": 203, ""timeout_improved"": 777}","{""candidate_after_baseline_exit"": 123, ""candidate_after_max_hold"": 1, ""lifecycle_without_exit_replay"": 515, ""no_candidate"": 74, ""none"": 2872, ""not_active_exit_eligible"": 1, ""stale_data_no_action"": 8}"
3000,-3000,120000,50,3079,515,2872,207,260,319,2500,-936553,-304.1744072750893,-152.0,-773627,-251.25917505683663,-152.0,162926,52.915232218252676,0.0,56.7291086350975,0.0,980,393,1499,0.7137654770575382,1373,0.6892865285175984,203,461671,178,514631,777,389812,0,0,851483,688557,False,True,280.7,8,74,1,123,1,0,515,3079,0,0,4,"{""cut_target"": 178, ""harmful_exit"": 215, ""neutral_exit"": 1499, ""no_active_exit"": 207, ""no_exit_replay"": 515, ""saved_stop"": 203, ""timeout_improved"": 777}","{""candidate_after_baseline_exit"": 123, ""candidate_after_max_hold"": 1, ""lifecycle_without_exit_replay"": 515, ""no_candidate"": 74, ""none"": 2872, ""not_active_exit_eligible"": 1, ""stale_data_no_action"": 8}"
3000,-3000,120000,100,3079,515,2872,207,260,319,2500,-1090503,-354.1744072750893,-202.0,-927577,-301.2591750568366,-202.0,162926,52.915232218252676,0.0,56.7291086350975,0.0,980,393,1499,0.7137654770575382,1373,0.6892865285175984,203,461671,178,514631,777,389812,0,0,851483,688557,False,True,280.7,8,74,1,123,1,0,515,3079,0,0,4,"{""cut_target"": 178, ""harmful_exit"": 215, ""neutral_exit"": 1499, ""no_active_exit"": 207, ""no_exit_replay"": 515, ""saved_stop"": 203, ""timeout_improved"": 777}","{""candidate_after_baseline_exit"": 123, ""candidate_after_max_hold"": 1, ""lifecycle_without_exit_replay"": 515, ""no_candidate"": 74, ""none"": 2872, ""not_active_exit_eligible"": 1, ""stale_data_no_action"": 8}"
3000,-3000,120000,150,3079,515,2872,207,260,319,2500,-1244453,-404.1744072750893,-252.0,-1081527,-351.2591750568366,-252.0,162926,52.915232218252676,0.0,56.7291086350975,0.0,980,393,1499,0.7137654770575382,1373,0.6892865285175984,203,461671,178,514631,777,389812,0,0,851483,688557,False,True,280.7,8,74,1,123,1,0,515,3079,0,0,4,"{""cut_target"": 178, ""harmful_exit"": 215, ""neutral_exit"": 1499, ""no_active_exit"": 207, ""no_exit_replay"": 515, ""saved_stop"": 203, ""timeout_improved"": 777}","{""candidate_after_baseline_exit"": 123, ""candidate_after_max_hold"": 1, ""lifecycle_without_exit_replay"": 515, ""no_candidate"": 74, ""none"": 2872, ""not_active_exit_eligible"": 1, ""stale_data_no_action"": 8}"
3000,-3000,120000,200,3079,515,2872,207,260,319,2500,-1398403,-454.1744072750893,-302.0,-1235477,-401.2591750568366,-302.0,162926,52.915232218252676,0.0,56.7291086350975,0.0,980,393,1499,0.7137654770575382,1373,0.6892865285175984,203,461671,178,514631,777,389812,0,0,851483,688557,False,True,280.7,8,74,1,123,1,0,515,3079,0,0,4,"{""cut_target"": 178, ""harmful_exit"": 215, ""neutral_exit"": 1499, ""no_active_exit"": 207, ""no_exit_replay"": 515, ""saved_stop"": 203, ""timeout_improved"": 777}","{""candidate_after_baseline_exit"": 123, ""candidate_after_max_hold"": 1, ""lifecycle_without_exit_replay"": 515, ""no_candidate"": 74, ""none"": 2872, ""not_active_exit_eligible"": 1, ""stale_data_no_action"": 8}"
3000,-5000,30000,0,3079,515,2881,198,109,79,2891,-824449,-267.76518350113673,-102.0,-712610,-231.44202663202338,-102.0,111839,36.32315686911335,0.0,38.81950711558487,0.0,540,328,2013,0.6221198156682027,868,0.5893929893709995,37,109503,43,135461,503,336773,0,0,446276,334437,False,True,87.30000000000001,8,74,1,30,85,0,515,3079,0,0,3,"{""cut_target"": 43, ""harmful_exit"": 285, ""neutral_exit"": 2013, ""no_active_exit"": 198, ""no_exit_replay"": 515, ""saved_stop"": 37, ""timeout_improved"": 503}","{""candidate_after_baseline_exit"": 30, ""candidate_after_max_hold"": 85, ""lifecycle_without_exit_replay"": 515, ""no_candidate"": 74, ""none"": 2881, ""not_active_exit_eligible"": 1, ""stale_data_no_action"": 8}"
3000,-5000,30000,50,3079,515,2881,198,109,79,2891,-978399,-317.76518350113673,-152.0,-866560,-281.4420266320234,-152.0,111839,36.32315686911335,0.0,38.81950711558487,0.0,540,328,2013,0.6221198156682027,868,0.5893929893709995,37,109503,43,135461,503,336773,0,0,446276,334437,False,True,87.30000000000001,8,74,1,30,85,0,515,3079,0,0,3,"{""cut_target"": 43, ""harmful_exit"": 285, ""neutral_exit"": 2013, ""no_active_exit"": 198, ""no_exit_replay"": 515, ""saved_stop"": 37, ""timeout_improved"": 503}","{""candidate_after_baseline_exit"": 30, ""candidate_after_max_hold"": 85, ""lifecycle_without_exit_replay"": 515, ""no_candidate"": 74, ""none"": 2881, ""not_active_exit_eligible"": 1, ""stale_data_no_action"": 8}"
3000,-5000,30000,100,3079,515,2881,198,109,79,2891,-1132349,-367.76518350113673,-202.0,-1020510,-331.4420266320234,-202.0,111839,36.32315686911335,0.0,38.81950711558487,0.0,540,328,2013,0.6221198156682027,868,0.5893929893709995,37,109503,43,135461,503,336773,0,0,446276,334437,False,True,87.30000000000001,8,74,1,30,85,0,515,3079,0,0,3,"{""cut_target"": 43, ""harmful_exit"": 285, ""neutral_exit"": 2013, ""no_active_exit"": 198, ""no_exit_replay"": 515, ""saved_stop"": 37, ""timeout_improved"": 503}","{""candidate_after_baseline_exit"": 30, ""candidate_after_max_hold"": 85, ""lifecycle_without_exit_replay"": 515, ""no_candidate"": 74, ""none"": 2881, ""not_active_exit_eligible"": 1, ""stale_data_no_action"": 8}"
3000,-5000,30000,150,3079,515,2881,198,109,79,2891,-1286299,-417.76518350113673,-252.0,-1174460,-381.4420266320234,-252.0,111839,36.32315686911335,0.0,38.81950711558487,0.0,540,328,2013,0.6221198156682027,868,0.5893929893709995,37,109503,43,135461,503,336773,0,0,446276,334437,False,True,87.30000000000001,8,74,1,30,85,0,515,3079,0,0,3,"{""cut_target"": 43, ""harmful_exit"": 285, ""neutral_exit"": 2013, ""no_active_exit"": 198, ""no_exit_replay"": 515, ""saved_stop"": 37, ""timeout_improved"": 503}","{""candidate_after_baseline_exit"": 30, ""candidate_after_max_hold"": 85, ""lifecycle_without_exit_replay"": 515, ""no_candidate"": 74, ""none"": 2881, ""not_active_exit_eligible"": 1, ""stale_data_no_action"": 8}"
3000,-5000,30000,200,3079,515,2881,198,109,79,2891,-1440249,-467.76518350113673,-302.0,-1328410,-431.4420266320234,-302.0,111839,36.32315686911335,0.0,38.81950711558487,0.0,540,328,2013,0.6221198156682027,868,0.5893929893709995,37,109503,43,135461,503,336773,0,0,446276,334437,False,True,87.30000000000001,8,74,1,30,85,0,515,3079,0,0,3,"{""cut_target"": 43, ""harmful_exit"": 285, ""neutral_exit"": 2013, ""no_active_exit"": 198, ""no_exit_replay"": 515, ""saved_stop"": 37, ""timeout_improved"": 503}","{""candidate_after_baseline_exit"": 30, ""candidate_after_max_hold"": 85, ""lifecycle_without_exit_replay"": 515, ""no_candidate"": 74, ""none"": 2881, ""not_active_exit_eligible"": 1, ""stale_data_no_action"": 8}"
3000,-5000,60000,0,3079,515,2933,146,198,124,2757,-935898,-303.9616758687886,-102.0,-736085,-239.06625527768756,-102.0,199813,64.895420591101,0.0,68.12580975110808,0.0,754,430,1749,0.6368243243243243,1184,0.6090295346220562,78,257682,114,340662,676,514930,0,0,772612,572799,False,True,145.60000000000002,8,74,1,53,10,0,515,3079,0,0,3,"{""cut_target"": 114, ""harmful_exit"": 316, ""neutral_exit"": 1749, ""no_active_exit"": 146, ""no_exit_replay"": 515, ""saved_stop"": 78, ""timeout_improved"": 676}","{""candidate_after_baseline_exit"": 53, ""candidate_after_max_hold"": 10, ""lifecycle_without_exit_replay"": 515, ""no_candidate"": 74, ""none"": 2933, ""not_active_exit_eligible"": 1, ""stale_data_no_action"": 8}"
3000,-5000,60000,50,3079,515,2933,146,198,124,2757,-1089848,-353.9616758687886,-152.0,-890035,-289.06625527768756,-152.0,199813,64.895420591101,0.0,68.12580975110808,0.0,754,430,1749,0.6368243243243243,1184,0.6090295346220562,78,257682,114,340662,676,514930,0,0,772612,572799,False,True,145.60000000000002,8,74,1,53,10,0,515,3079,0,0,3,"{""cut_target"": 114, ""harmful_exit"": 316, ""neutral_exit"": 1749, ""no_active_exit"": 146, ""no_exit_replay"": 515, ""saved_stop"": 78, ""timeout_improved"": 676}","{""candidate_after_baseline_exit"": 53, ""candidate_after_max_hold"": 10, ""lifecycle_without_exit_replay"": 515, ""no_candidate"": 74, ""none"": 2933, ""not_active_exit_eligible"": 1, ""stale_data_no_action"": 8}"
3000,-5000,60000,100,3079,515,2933,146,198,124,2757,-1243798,-403.9616758687886,-202.0,-1043985,-339.06625527768756,-202.0,199813,64.895420591101,0.0,68.12580975110808,0.0,754,430,1749,0.6368243243243243,1184,0.6090295346220562,78,257682,114,340662,676,514930,0,0,772612,572799,False,True,145.60000000000002,8,74,1,53,10,0,515,3079,0,0,3,"{""cut_target"": 114, ""harmful_exit"": 316, ""neutral_exit"": 1749, ""no_active_exit"": 146, ""no_exit_replay"": 515, ""saved_stop"": 78, ""timeout_improved"": 676}","{""candidate_after_baseline_exit"": 53, ""candidate_after_max_hold"": 10, ""lifecycle_without_exit_replay"": 515, ""no_candidate"": 74, ""none"": 2933, ""not_active_exit_eligible"": 1, ""stale_data_no_action"": 8}"
3000,-5000,60000,150,3079,515,2933,146,198,124,2757,-1397748,-453.9616758687886,-252.0,-1197935,-389.06625527768756,-252.0,199813,64.895420591101,0.0,68.12580975110808,0.0,754,430,1749,0.6368243243243243,1184,0.6090295346220562,78,257682,114,340662,676,514930,0,0,772612,572799,False,True,145.60000000000002,8,74,1,53,10,0,515,3079,0,0,3,"{""cut_target"": 114, ""harmful_exit"": 316, ""neutral_exit"": 1749, ""no_active_exit"": 146, ""no_exit_replay"": 515, ""saved_stop"": 78, ""timeout_improved"": 676}","{""candidate_after_baseline_exit"": 53, ""candidate_after_max_hold"": 10, ""lifecycle_without_exit_replay"": 515, ""no_candidate"": 74, ""none"": 2933, ""not_active_exit_eligible"": 1, ""stale_data_no_action"": 8}"
3000,-5000,60000,200,3079,515,2933,146,198,124,2757,-1551698,-503.9616758687886,-302.0,-1351885,-439.06625527768756,-302.0,199813,64.895420591101,0.0,68.12580975110808,0.0,754,430,1749,0.6368243243243243,1184,0.6090295346220562,78,257682,114,340662,676,514930,0,0,772612,572799,False,True,145.60000000000002,8,74,1,53,10,0,515,3079,0,0,3,"{""cut_target"": 114, ""harmful_exit"": 316, ""neutral_exit"": 1749, ""no_active_exit"": 146, ""no_exit_replay"": 515, ""saved_stop"": 78, ""timeout_improved"": 676}","{""candidate_after_baseline_exit"": 53, ""candidate_after_max_hold"": 10, ""lifecycle_without_exit_replay"": 515, ""no_candidate"": 74, ""none"": 2933, ""not_active_exit_eligible"": 1, ""stale_data_no_action"": 8}"
3000,-5000,120000,0,3079,515,2936,143,274,159,2646,-1079160,-350.4904189671971,-102.0,-727393,-236.2432607989607,-102.0,351767,114.24715816823644,0.0,119.8116485013624,0.0,1019,411,1506,0.7125874125874125,1430,0.688586483805554,113,405424,186,554906,906,688935,0,0,1094359,742592,False,True,203.60000000000002,8,74,1,59,1,0,515,3079,0,0,4,"{""cut_target"": 186, ""harmful_exit"": 225, ""neutral_exit"": 1506, ""no_active_exit"": 143, ""no_exit_replay"": 515, ""saved_stop"": 113, ""timeout_improved"": 906}","{""candidate_after_baseline_exit"": 59, ""candidate_after_max_hold"": 1, ""lifecycle_without_exit_replay"": 515, ""no_candidate"": 74, ""none"": 2936, ""not_active_exit_eligible"": 1, ""stale_data_no_action"": 8}"
3000,-5000,120000,50,3079,515,2936,143,274,159,2646,-1233110,-400.4904189671971,-152.0,-881343,-286.2432607989607,-152.0,351767,114.24715816823644,0.0,119.8116485013624,0.0,1019,411,1506,0.7125874125874125,1430,0.688586483805554,113,405424,186,554906,906,688935,0,0,1094359,742592,False,True,203.60000000000002,8,74,1,59,1,0,515,3079,0,0,4,"{""cut_target"": 186, ""harmful_exit"": 225, ""neutral_exit"": 1506, ""no_active_exit"": 143, ""no_exit_replay"": 515, ""saved_stop"": 113, ""timeout_improved"": 906}","{""candidate_after_baseline_exit"": 59, ""candidate_after_max_hold"": 1, ""lifecycle_without_exit_replay"": 515, ""no_candidate"": 74, ""none"": 2936, ""not_active_exit_eligible"": 1, ""stale_data_no_action"": 8}"
3000,-5000,120000,100,3079,515,2936,143,274,159,2646,-1387060,-450.4904189671971,-202.0,-1035293,-336.2432607989607,-202.0,351767,114.24715816823644,0.0,119.8116485013624,0.0,1019,411,1506,0.7125874125874125,1430,0.688586483805554,113,405424,186,554906,906,688935,0,0,1094359,742592,False,True,203.60000000000002,8,74,1,59,1,0,515,3079,0,0,4,"{""cut_target"": 186, ""harmful_exit"": 225, ""neutral_exit"": 1506, ""no_active_exit"": 143, ""no_exit_replay"": 515, ""saved_stop"": 113, ""timeout_improved"": 906}","{""candidate_after_baseline_exit"": 59, ""candidate_after_max_hold"": 1, ""lifecycle_without_exit_replay"": 515, ""no_candidate"": 74, ""none"": 2936, ""not_active_exit_eligible"": 1, ""stale_data_no_action"": 8}"
3000,-5000,120000,150,3079,515,2936,143,274,159,2646,-1541010,-500.4904189671971,-252.0,-1189243,-386.2432607989607,-252.0,351767,114.24715816823644,0.0,119.8116485013624,0.0,1019,411,1506,0.7125874125874125,1430,0.688586483805554,113,405424,186,554906,906,688935,0,0,1094359,742592,False,True,203.60000000000002,8,74,1,59,1,0,515,3079,0,0,4,"{""cut_target"": 186, ""harmful_exit"": 225, ""neutral_exit"": 1506, ""no_active_exit"": 143, ""no_exit_replay"": 515, ""saved_stop"": 113, ""timeout_improved"": 906}","{""candidate_after_baseline_exit"": 59, ""candidate_after_max_hold"": 1, ""lifecycle_without_exit_replay"": 515, ""no_candidate"": 74, ""none"": 2936, ""not_active_exit_eligible"": 1, ""stale_data_no_action"": 8}"
3000,-5000,120000,200,3079,515,2936,143,274,159,2646,-1694960,-550.4904189671971,-302.0,-1343193,-436.2432607989607,-302.0,351767,114.24715816823644,0.0,119.8116485013624,0.0,1019,411,1506,0.7125874125874125,1430,0.688586483805554,113,405424,186,554906,906,688935,0,0,1094359,742592,False,True,203.60000000000002,8,74,1,59,1,0,515,3079,0,0,4,"{""cut_target"": 186, ""harmful_exit"": 225, ""neutral_exit"": 1506, ""no_active_exit"": 143, ""no_exit_replay"": 515, ""saved_stop"": 113, ""timeout_improved"": 906}","{""candidate_after_baseline_exit"": 59, ""candidate_after_max_hold"": 1, ""lifecycle_without_exit_replay"": 515, ""no_candidate"": 74, ""none"": 2936, ""not_active_exit_eligible"": 1, ""stale_data_no_action"": 8}"
3000,-6000,30000,0,3079,515,2893,186,109,44,2926,-863394,-280.41377070477427,-102.0,-740286,-240.43065930496914,-102.0,123108,39.98311139980513,0.0,42.55375043207743,0.0,546,333,2014,0.621160409556314,879,0.5886298766610925,16,55199,43,135461,530,409500,0,0,464699,341591,False,True,69.0,8,74,1,18,85,0,515,3079,0,0,3,"{""cut_target"": 43, ""harmful_exit"": 290, ""neutral_exit"": 2014, ""no_active_exit"": 186, ""no_exit_replay"": 515, ""saved_stop"": 16, ""timeout_improved"": 530}","{""candidate_after_baseline_exit"": 18, ""candidate_after_max_hold"": 85, ""lifecycle_without_exit_replay"": 515, ""no_candidate"": 74, ""none"": 2893, ""not_active_exit_eligible"": 1, ""stale_data_no_action"": 8}"
3000,-6000,30000,50,3079,515,2893,186,109,44,2926,-1017344,-330.41377070477427,-152.0,-894236,-290.43065930496914,-152.0,123108,39.98311139980513,0.0,42.55375043207743,0.0,546,333,2014,0.621160409556314,879,0.5886298766610925,16,55199,43,135461,530,409500,0,0,464699,341591,False,True,69.0,8,74,1,18,85,0,515,3079,0,0,3,"{""cut_target"": 43, ""harmful_exit"": 290, ""neutral_exit"": 2014, ""no_active_exit"": 186, ""no_exit_replay"": 515, ""saved_stop"": 16, ""timeout_improved"": 530}","{""candidate_after_baseline_exit"": 18, ""candidate_after_max_hold"": 85, ""lifecycle_without_exit_replay"": 515, ""no_candidate"": 74, ""none"": 2893, ""not_active_exit_eligible"": 1, ""stale_data_no_action"": 8}"
3000,-6000,30000,100,3079,515,2893,186,109,44,2926,-1171294,-380.41377070477427,-202.0,-1048186,-340.43065930496914,-202.0,123108,39.98311139980513,0.0,42.55375043207743,0.0,546,333,2014,0.621160409556314,879,0.5886298766610925,16,55199,43,135461,530,409500,0,0,464699,341591,False,True,69.0,8,74,1,18,85,0,515,3079,0,0,3,"{""cut_target"": 43, ""harmful_exit"": 290, ""neutral_exit"": 2014, ""no_active_exit"": 186, ""no_exit_replay"": 515, ""saved_stop"": 16, ""timeout_improved"": 530}","{""candidate_after_baseline_exit"": 18, ""candidate_after_max_hold"": 85, ""lifecycle_without_exit_replay"": 515, ""no_candidate"": 74, ""none"": 2893, ""not_active_exit_eligible"": 1, ""stale_data_no_action"": 8}"
3000,-6000,30000,150,3079,515,2893,186,109,44,2926,-1325244,-430.41377070477427,-252.0,-1202136,-390.43065930496914,-252.0,123108,39.98311139980513,0.0,42.55375043207743,0.0,546,333,2014,0.621160409556314,879,0.5886298766610925,16,55199,43,135461,530,409500,0,0,464699,341591,False,True,69.0,8,74,1,18,85,0,515,3079,0,0,3,"{""cut_target"": 43, ""harmful_exit"": 290, ""neutral_exit"": 2014, ""no_active_exit"": 186, ""no_exit_replay"": 515, ""saved_stop"": 16, ""timeout_improved"": 530}","{""candidate_after_baseline_exit"": 18, ""candidate_after_max_hold"": 85, ""lifecycle_without_exit_replay"": 515, ""no_candidate"": 74, ""none"": 2893, ""not_active_exit_eligible"": 1, ""stale_data_no_action"": 8}"
3000,-6000,30000,200,3079,515,2893,186,109,44,2926,-1479194,-480.41377070477427,-302.0,-1356086,-440.43065930496914,-302.0,123108,39.98311139980513,0.0,42.55375043207743,0.0,546,333,2014,0.621160409556314,879,0.5886298766610925,16,55199,43,135461,530,409500,0,0,464699,341591,False,True,69.0,8,74,1,18,85,0,515,3079,0,0,3,"{""cut_target"": 43, ""harmful_exit"": 290, ""neutral_exit"": 2014, ""no_active_exit"": 186, ""no_exit_replay"": 515, ""saved_stop"": 16, ""timeout_improved"": 530}","{""candidate_after_baseline_exit"": 18, ""candidate_after_max_hold"": 85, ""lifecycle_without_exit_replay"": 515, ""no_candidate"": 74, ""none"": 2893, ""not_active_exit_eligible"": 1, ""stale_data_no_action"": 8}"
3000,-6000,60000,0,3079,515,2947,132,199,74,2806,-1004722,-326.3143877882429,-102.0,-763296,-247.90386489119845,-102.0,241426,78.4105228970445,0.0,81.92263318629114,0.0,762,435,1750,0.6365914786967418,1197,0.6089469890569813,43,178885,114,340662,719,642678,0,0,821563,580137,False,True,114.9,8,74,1,39,10,0,515,3079,0,0,3,"{""cut_target"": 114, ""harmful_exit"": 321, ""neutral_exit"": 1750, ""no_active_exit"": 132, ""no_exit_replay"": 515, ""saved_stop"": 43, ""timeout_improved"": 719}","{""candidate_after_baseline_exit"": 39, ""candidate_after_max_hold"": 10, ""lifecycle_without_exit_replay"": 515, ""no_candidate"": 74, ""none"": 2947, ""not_active_exit_eligible"": 1, ""stale_data_no_action"": 8}"
3000,-6000,60000,50,3079,515,2947,132,199,74,2806,-1158672,-376.3143877882429,-152.0,-917246,-297.90386489119845,-152.0,241426,78.4105228970445,0.0,81.92263318629114,0.0,762,435,1750,0.6365914786967418,1197,0.6089469890569813,43,178885,114,340662,719,642678,0,0,821563,580137,False,True,114.9,8,74,1,39,10,0,515,3079,0,0,3,"{""cut_target"": 114, ""harmful_exit"": 321, ""neutral_exit"": 1750, ""no_active_exit"": 132, ""no_exit_replay"": 515, ""saved_stop"": 43, ""timeout_improved"": 719}","{""candidate_after_baseline_exit"": 39, ""candidate_after_max_hold"": 10, ""lifecycle_without_exit_replay"": 515, ""no_candidate"": 74, ""none"": 2947, ""not_active_exit_eligible"": 1, ""stale_data_no_action"": 8}"
3000,-6000,60000,100,3079,515,2947,132,199,74,2806,-1312622,-426.3143877882429,-202.0,-1071196,-347.90386489119845,-202.0,241426,78.4105228970445,0.0,81.92263318629114,0.0,762,435,1750,0.6365914786967418,1197,0.6089469890569813,43,178885,114,340662,719,642678,0,0,821563,580137,False,True,114.9,8,74,1,39,10,0,515,3079,0,0,3,"{""cut_target"": 114, ""harmful_exit"": 321, ""neutral_exit"": 1750, ""no_active_exit"": 132, ""no_exit_replay"": 515, ""saved_stop"": 43, ""timeout_improved"": 719}","{""candidate_after_baseline_exit"": 39, ""candidate_after_max_hold"": 10, ""lifecycle_without_exit_replay"": 515, ""no_candidate"": 74, ""none"": 2947, ""not_active_exit_eligible"": 1, ""stale_data_no_action"": 8}"
3000,-6000,60000,150,3079,515,2947,132,199,74,2806,-1466572,-476.3143877882429,-252.0,-1225146,-397.90386489119845,-252.0,241426,78.4105228970445,0.0,81.92263318629114,0.0,762,435,1750,0.6365914786967418,1197,0.6089469890569813,43,178885,114,340662,719,642678,0,0,821563,580137,False,True,114.9,8,74,1,39,10,0,515,3079,0,0,3,"{""cut_target"": 114, ""harmful_exit"": 321, ""neutral_exit"": 1750, ""no_active_exit"": 132, ""no_exit_replay"": 515, ""saved_stop"": 43, ""timeout_improved"": 719}","{""candidate_after_baseline_exit"": 39, ""candidate_after_max_hold"": 10, ""lifecycle_without_exit_replay"": 515, ""no_candidate"": 74, ""none"": 2947, ""not_active_exit_eligible"": 1, ""stale_data_no_action"": 8}"
3000,-6000,60000,200,3079,515,2947,132,199,74,2806,-1620522,-526.3143877882429,-302.0,-1379096,-447.90386489119845,-302.0,241426,78.4105228970445,0.0,81.92263318629114,0.0,762,435,1750,0.6365914786967418,1197,0.6089469890569813,43,178885,114,340662,719,642678,0,0,821563,580137,False,True,114.9,8,74,1,39,10,0,515,3079,0,0,3,"{""cut_target"": 114, ""harmful_exit"": 321, ""neutral_exit"": 1750, ""no_active_exit"": 132, ""no_exit_replay"": 515, ""saved_stop"": 43, ""timeout_improved"": 719}","{""candidate_after_baseline_exit"": 39, ""candidate_after_max_hold"": 10, ""lifecycle_without_exit_replay"": 515, ""no_candidate"": 74, ""none"": 2947, ""not_active_exit_eligible"": 1, ""stale_data_no_action"": 8}"
3000,-6000,120000,0,3079,515,2950,129,275,96,2708,-1153079,-374.49788892497565,-102.0,-754604,-245.08087041247157,-102.0,398475,129.41701851250406,0.0,135.07627118644066,0.0,1024,419,1507,0.7096327096327096,1443,0.6856796044016809,65,281831,186,554906,959,872783,0,0,1154614,756139,False,False,160.9,8,74,1,45,1,0,515,3079,0,0,4,"{""cut_target"": 186, ""harmful_exit"": 233, ""neutral_exit"": 1507, ""no_active_exit"": 129, ""no_exit_replay"": 515, ""saved_stop"": 65, ""timeout_improved"": 959}","{""candidate_after_baseline_exit"": 45, ""candidate_after_max_hold"": 1, ""lifecycle_without_exit_replay"": 515, ""no_candidate"": 74, ""none"": 2950, ""not_active_exit_eligible"": 1, ""stale_data_no_action"": 8}"
3000,-6000,120000,50,3079,515,2950,129,275,96,2708,-1307029,-424.49788892497565,-152.0,-908554,-295.0808704124716,-152.0,398475,129.41701851250406,0.0,135.07627118644066,0.0,1024,419,1507,0.7096327096327096,1443,0.6856796044016809,65,281831,186,554906,959,872783,0,0,1154614,756139,False,False,160.9,8,74,1,45,1,0,515,3079,0,0,4,"{""cut_target"": 186, ""harmful_exit"": 233, ""neutral_exit"": 1507, ""no_active_exit"": 129, ""no_exit_replay"": 515, ""saved_stop"": 65, ""timeout_improved"": 959}","{""candidate_after_baseline_exit"": 45, ""candidate_after_max_hold"": 1, ""lifecycle_without_exit_replay"": 515, ""no_candidate"": 74, ""none"": 2950, ""not_active_exit_eligible"": 1, ""stale_data_no_action"": 8}"
3000,-6000,120000,100,3079,515,2950,129,275,96,2708,-1460979,-474.49788892497565,-202.0,-1062504,-345.0808704124716,-202.0,398475,129.41701851250406,0.0,135.07627118644066,0.0,1024,419,1507,0.7096327096327096,1443,0.6856796044016809,65,281831,186,554906,959,872783,0,0,1154614,756139,False,False,160.9,8,74,1,45,1,0,515,3079,0,0,4,"{""cut_target"": 186, ""harmful_exit"": 233, ""neutral_exit"": 1507, ""no_active_exit"": 129, ""no_exit_replay"": 515, ""saved_stop"": 65, ""timeout_improved"": 959}","{""candidate_after_baseline_exit"": 45, ""candidate_after_max_hold"": 1, ""lifecycle_without_exit_replay"": 515, ""no_candidate"": 74, ""none"": 2950, ""not_active_exit_eligible"": 1, ""stale_data_no_action"": 8}"
3000,-6000,120000,150,3079,515,2950,129,275,96,2708,-1614929,-524.4978889249757,-252.0,-1216454,-395.0808704124716,-252.0,398475,129.41701851250406,0.0,135.07627118644066,0.0,1024,419,1507,0.7096327096327096,1443,0.6856796044016809,65,281831,186,554906,959,872783,0,0,1154614,756139,False,False,160.9,8,74,1,45,1,0,515,3079,0,0,4,"{""cut_target"": 186, ""harmful_exit"": 233, ""neutral_exit"": 1507, ""no_active_exit"": 129, ""no_exit_replay"": 515, ""saved_stop"": 65, ""timeout_improved"": 959}","{""candidate_after_baseline_exit"": 45, ""candidate_after_max_hold"": 1, ""lifecycle_without_exit_replay"": 515, ""no_candidate"": 74, ""none"": 2950, ""not_active_exit_eligible"": 1, ""stale_data_no_action"": 8}"
3000,-6000,120000,200,3079,515,2950,129,275,96,2708,-1768879,-574.4978889249757,-302.0,-1370404,-445.0808704124716,-302.0,398475,129.41701851250406,0.0,135.07627118644066,0.0,1024,419,1507,0.7096327096327096,1443,0.6856796044016809,65,281831,186,554906,959,872783,0,0,1154614,756139,False,False,160.9,8,74,1,45,1,0,515,3079,0,0,4,"{""cut_target"": 186, ""harmful_exit"": 233, ""neutral_exit"": 1507, ""no_active_exit"": 129, ""no_exit_replay"": 515, ""saved_stop"": 65, ""timeout_improved"": 959}","{""candidate_after_baseline_exit"": 45, ""candidate_after_max_hold"": 1, ""lifecycle_without_exit_replay"": 515, ""no_candidate"": 74, ""none"": 2950, ""not_active_exit_eligible"": 1, ""stale_data_no_action"": 8}"
5000,-200,30000,0,3079,515,2396,683,33,841,2205,73111,23.745047093212083,-102.0,-7456,-2.421565443325755,-102.0,-80567,-26.166612536537837,0.0,-33.625626043405674,0.0,354,188,1854,0.6531365313653137,542,0.6121145586024807,229,62852,13,48157,125,19379,0,0,82231,162798,False,True,241.5,8,74,1,515,85,0,515,3079,0,0,2,"{""cut_target"": 13, ""harmful_exit"": 175, ""neutral_exit"": 1854, ""no_active_exit"": 683, ""no_exit_replay"": 515, ""saved_stop"": 229, ""timeout_improved"": 125}","{""candidate_after_baseline_exit"": 515, ""candidate_after_max_hold"": 85, ""lifecycle_without_exit_replay"": 515, ""no_candidate"": 74, ""none"": 2396, ""not_active_exit_eligible"": 1, ""stale_data_no_action"": 8}"
5000,-200,30000,50,3079,515,2396,683,33,841,2205,-80839,-26.254952906787917,-152.0,-161406,-52.421565443325754,-152.0,-80567,-26.166612536537837,0.0,-33.625626043405674,0.0,354,188,1854,0.6531365313653137,542,0.6121145586024807,229,62852,13,48157,125,19379,0,0,82231,162798,False,True,241.5,8,74,1,515,85,0,515,3079,0,0,2,"{""cut_target"": 13, ""harmful_exit"": 175, ""neutral_exit"": 1854, ""no_active_exit"": 683, ""no_exit_replay"": 515, ""saved_stop"": 229, ""timeout_improved"": 125}","{""candidate_after_baseline_exit"": 515, ""candidate_after_max_hold"": 85, ""lifecycle_without_exit_replay"": 515, ""no_candidate"": 74, ""none"": 2396, ""not_active_exit_eligible"": 1, ""stale_data_no_action"": 8}"
5000,-200,30000,100,3079,515,2396,683,33,841,2205,-234789,-76.25495290678792,-202.0,-315356,-102.42156544332576,-202.0,-80567,-26.166612536537837,0.0,-33.625626043405674,0.0,354,188,1854,0.6531365313653137,542,0.6121145586024807,229,62852,13,48157,125,19379,0,0,82231,162798,False,True,241.5,8,74,1,515,85,0,515,3079,0,0,2,"{""cut_target"": 13, ""harmful_exit"": 175, ""neutral_exit"": 1854, ""no_active_exit"": 683, ""no_exit_replay"": 515, ""saved_stop"": 229, ""timeout_improved"": 125}","{""candidate_after_baseline_exit"": 515, ""candidate_after_max_hold"": 85, ""lifecycle_without_exit_replay"": 515, ""no_candidate"": 74, ""none"": 2396, ""not_active_exit_eligible"": 1, ""stale_data_no_action"": 8}"
5000,-200,30000,150,3079,515,2396,683,33,841,2205,-388739,-126.25495290678792,-252.0,-469306,-152.42156544332576,-252.0,-80567,-26.166612536537837,0.0,-33.625626043405674,0.0,354,188,1854,0.6531365313653137,542,0.6121145586024807,229,62852,13,48157,125,19379,0,0,82231,162798,False,True,241.5,8,74,1,515,85,0,515,3079,0,0,2,"{""cut_target"": 13, ""harmful_exit"": 175, ""neutral_exit"": 1854, ""no_active_exit"": 683, ""no_exit_replay"": 515, ""saved_stop"": 229, ""timeout_improved"": 125}","{""candidate_after_baseline_exit"": 515, ""candidate_after_max_hold"": 85, ""lifecycle_without_exit_replay"": 515, ""no_candidate"": 74, ""none"": 2396, ""not_active_exit_eligible"": 1, ""stale_data_no_action"": 8}"
5000,-200,30000,200,3079,515,2396,683,33,841,2205,-542689,-176.2549529067879,-302.0,-623256,-202.42156544332576,-302.0,-80567,-26.166612536537837,0.0,-33.625626043405674,0.0,354,188,1854,0.6531365313653137,542,0.6121145586024807,229,62852,13,48157,125,19379,0,0,82231,162798,False,True,241.5,8,74,1,515,85,0,515,3079,0,0,2,"{""cut_target"": 13, ""harmful_exit"": 175, ""neutral_exit"": 1854, ""no_active_exit"": 683, ""no_exit_replay"": 515, ""saved_stop"": 229, ""timeout_improved"": 125}","{""candidate_after_baseline_exit"": 515, ""candidate_after_max_hold"": 85, ""lifecycle_without_exit_replay"": 515, ""no_candidate"": 74, ""none"": 2396, ""not_active_exit_eligible"": 1, ""stale_data_no_action"": 8}"
5000,-200,60000,0,3079,515,2418,661,64,985,2030,169858,55.16661253653783,-102.0,-6010,-1.9519324455992206,-102.0,-175868,-57.11854498213706,0.0,-72.7328370554177,0.0,542,250,1626,0.6843434343434344,792,0.6511505316571049,365,106081,34,125936,177,17547,0,0,123628,299496,False,True,382.7,8,74,1,568,10,0,515,3079,0,0,2,"{""cut_target"": 34, ""harmful_exit"": 216, ""neutral_exit"": 1626, ""no_active_exit"": 661, ""no_exit_replay"": 515, ""saved_stop"": 365, ""timeout_improved"": 177}","{""candidate_after_baseline_exit"": 568, ""candidate_after_max_hold"": 10, ""lifecycle_without_exit_replay"": 515, ""no_candidate"": 74, ""none"": 2418, ""not_active_exit_eligible"": 1, ""stale_data_no_action"": 8}"
5000,-200,60000,50,3079,515,2418,661,64,985,2030,15908,5.166612536537837,-152.0,-159960,-51.95193244559922,-152.0,-175868,-57.11854498213706,0.0,-72.7328370554177,0.0,542,250,1626,0.6843434343434344,792,0.6511505316571049,365,106081,34,125936,177,17547,0,0,123628,299496,False,True,382.7,8,74,1,568,10,0,515,3079,0,0,2,"{""cut_target"": 34, ""harmful_exit"": 216, ""neutral_exit"": 1626, ""no_active_exit"": 661, ""no_exit_replay"": 515, ""saved_stop"": 365, ""timeout_improved"": 177}","{""candidate_after_baseline_exit"": 568, ""candidate_after_max_hold"": 10, ""lifecycle_without_exit_replay"": 515, ""no_candidate"": 74, ""none"": 2418, ""not_active_exit_eligible"": 1, ""stale_data_no_action"": 8}"
5000,-200,60000,100,3079,515,2418,661,64,985,2030,-138042,-44.83338746346217,-202.0,-313910,-101.95193244559923,-202.0,-175868,-57.11854498213706,0.0,-72.7328370554177,0.0,542,250,1626,0.6843434343434344,792,0.6511505316571049,365,106081,34,125936,177,17547,0,0,123628,299496,False,True,382.7,8,74,1,568,10,0,515,3079,0,0,2,"{""cut_target"": 34, ""harmful_exit"": 216, ""neutral_exit"": 1626, ""no_active_exit"": 661, ""no_exit_replay"": 515, ""saved_stop"": 365, ""timeout_improved"": 177}","{""candidate_after_baseline_exit"": 568, ""candidate_after_max_hold"": 10, ""lifecycle_without_exit_replay"": 515, ""no_candidate"": 74, ""none"": 2418, ""not_active_exit_eligible"": 1, ""stale_data_no_action"": 8}"
5000,-200,60000,150,3079,515,2418,661,64,985,2030,-291992,-94.83338746346216,-252.0,-467860,-151.95193244559923,-252.0,-175868,-57.11854498213706,0.0,-72.7328370554177,0.0,542,250,1626,0.6843434343434344,792,0.6511505316571049,365,106081,34,125936,177,17547,0,0,123628,299496,False,True,382.7,8,74,1,568,10,0,515,3079,0,0,2,"{""cut_target"": 34, ""harmful_exit"": 216, ""neutral_exit"": 1626, ""no_active_exit"": 661, ""no_exit_replay"": 515, ""saved_stop"": 365, ""timeout_improved"": 177}","{""candidate_after_baseline_exit"": 568, ""candidate_after_max_hold"": 10, ""lifecycle_without_exit_replay"": 515, ""no_candidate"": 74, ""none"": 2418, ""not_active_exit_eligible"": 1, ""stale_data_no_action"": 8}"
5000,-200,60000,200,3079,515,2418,661,64,985,2030,-445942,-144.83338746346217,-302.0,-621810,-201.95193244559923,-302.0,-175868,-57.11854498213706,0.0,-72.7328370554177,0.0,542,250,1626,0.6843434343434344,792,0.6511505316571049,365,106081,34,125936,177,17547,0,0,123628,299496,False,True,382.7,8,74,1,568,10,0,515,3079,0,0,2,"{""cut_target"": 34, ""harmful_exit"": 216, ""neutral_exit"": 1626, ""no_active_exit"": 661, ""no_exit_replay"": 515, ""saved_stop"": 365, ""timeout_improved"": 177}","{""candidate_after_baseline_exit"": 568, ""candidate_after_max_hold"": 10, ""lifecycle_without_exit_replay"": 515, ""no_candidate"": 74, ""none"": 2418, ""not_active_exit_eligible"": 1, ""stale_data_no_action"": 8}"
5000,-200,120000,0,3079,515,2419,660,94,1201,1784,235718,76.5566742448847,-109.0,-6722,-2.183176355959727,-102.0,-242440,-78.73985060084443,0.0,-100.22323274080199,0.0,780,230,1409,0.7722772277227723,1010,0.7454111006945879,580,148324,63,249452,200,10243,0,0,158567,401007,False,True,600.0,8,74,1,576,1,0,515,3079,0,0,3,"{""cut_target"": 63, ""harmful_exit"": 167, ""neutral_exit"": 1409, ""no_active_exit"": 660, ""no_exit_replay"": 515, ""saved_stop"": 580, ""timeout_improved"": 200}","{""candidate_after_baseline_exit"": 576, ""candidate_after_max_hold"": 1, ""lifecycle_without_exit_replay"": 515, ""no_candidate"": 74, ""none"": 2419, ""not_active_exit_eligible"": 1, ""stale_data_no_action"": 8}"
5000,-200,120000,50,3079,515,2419,660,94,1201,1784,81768,26.556674244884704,-159.0,-160672,-52.18317635595973,-152.0,-242440,-78.73985060084443,0.0,-100.22323274080199,0.0,780,230,1409,0.7722772277227723,1010,0.7454111006945879,580,148324,63,249452,200,10243,0,0,158567,401007,False,True,600.0,8,74,1,576,1,0,515,3079,0,0,3,"{""cut_target"": 63, ""harmful_exit"": 167, ""neutral_exit"": 1409, ""no_active_exit"": 660, ""no_exit_replay"": 515, ""saved_stop"": 580, ""timeout_improved"": 200}","{""candidate_after_baseline_exit"": 576, ""candidate_after_max_hold"": 1, ""lifecycle_without_exit_replay"": 515, ""no_candidate"": 74, ""none"": 2419, ""not_active_exit_eligible"": 1, ""stale_data_no_action"": 8}"
5000,-200,120000,100,3079,515,2419,660,94,1201,1784,-72182,-23.443325755115296,-209.0,-314622,-102.18317635595973,-202.0,-242440,-78.73985060084443,0.0,-100.22323274080199,0.0,780,230,1409,0.7722772277227723,1010,0.7454111006945879,580,148324,63,249452,200,10243,0,0,158567,401007,False,True,600.0,8,74,1,576,1,0,515,3079,0,0,3,"{""cut_target"": 63, ""harmful_exit"": 167, ""neutral_exit"": 1409, ""no_active_exit"": 660, ""no_exit_replay"": 515, ""saved_stop"": 580, ""timeout_improved"": 200}","{""candidate_after_baseline_exit"": 576, ""candidate_after_max_hold"": 1, ""lifecycle_without_exit_replay"": 515, ""no_candidate"": 74, ""none"": 2419, ""not_active_exit_eligible"": 1, ""stale_data_no_action"": 8}"
5000,-200,120000,150,3079,515,2419,660,94,1201,1784,-226132,-73.4433257551153,-259.0,-468572,-152.18317635595972,-252.0,-242440,-78.73985060084443,0.0,-100.22323274080199,0.0,780,230,1409,0.7722772277227723,1010,0.7454111006945879,580,148324,63,249452,200,10243,0,0,158567,401007,False,True,600.0,8,74,1,576,1,0,515,3079,0,0,3,"{""cut_target"": 63, ""harmful_exit"": 167, ""neutral_exit"": 1409, ""no_active_exit"": 660, ""no_exit_replay"": 515, ""saved_stop"": 580, ""timeout_improved"": 200}","{""candidate_after_baseline_exit"": 576, ""candidate_after_max_hold"": 1, ""lifecycle_without_exit_replay"": 515, ""no_candidate"": 74, ""none"": 2419, ""not_active_exit_eligible"": 1, ""stale_data_no_action"": 8}"
5000,-200,120000,200,3079,515,2419,660,94,1201,1784,-380082,-123.4433257551153,-309.0,-622522,-202.18317635595972,-302.0,-242440,-78.73985060084443,0.0,-100.22323274080199,0.0,780,230,1409,0.7722772277227723,1010,0.7454111006945879,580,148324,63,249452,200,10243,0,0,158567,401007,False,True,600.0,8,74,1,576,1,0,515,3079,0,0,3,"{""cut_target"": 63, ""harmful_exit"": 167, ""neutral_exit"": 1409, ""no_active_exit"": 660, ""no_exit_replay"": 515, ""saved_stop"": 580, ""timeout_improved"": 200}","{""candidate_after_baseline_exit"": 576, ""candidate_after_max_hold"": 1, ""lifecycle_without_exit_replay"": 515, ""no_candidate"": 74, ""none"": 2419, ""not_active_exit_eligible"": 1, ""stale_data_no_action"": 8}"
5000,-300,30000,0,3079,515,2455,624,35,746,2298,22567,7.329327703799935,-102.0,-61516,-19.97921403052939,-102.0,-84083,-27.308541734329328,0.0,-34.24969450101833,0.0,377,201,1877,0.6522491349480969,578,0.6125330652629551,194,73738,15,58057,183,29708,0,0,103446,187529,False,True,212.3,8,74,1,456,85,0,515,3079,0,0,2,"{""cut_target"": 15, ""harmful_exit"": 186, ""neutral_exit"": 1877, ""no_active_exit"": 624, ""no_exit_replay"": 515, ""saved_stop"": 194, ""timeout_improved"": 183}","{""candidate_after_baseline_exit"": 456, ""candidate_after_max_hold"": 85, ""lifecycle_without_exit_replay"": 515, ""no_candidate"": 74, ""none"": 2455, ""not_active_exit_eligible"": 1, ""stale_data_no_action"": 8}"
5000,-300,30000,50,3079,515,2455,624,35,746,2298,-131383,-42.67067229620007,-152.0,-215466,-69.97921403052939,-152.0,-84083,-27.308541734329328,0.0,-34.24969450101833,0.0,377,201,1877,0.6522491349480969,578,0.6125330652629551,194,73738,15,58057,183,29708,0,0,103446,187529,False,True,212.3,8,74,1,456,85,0,515,3079,0,0,2,"{""cut_target"": 15, ""harmful_exit"": 186, ""neutral_exit"": 1877, ""no_active_exit"": 624, ""no_exit_replay"": 515, ""saved_stop"": 194, ""timeout_improved"": 183}","{""candidate_after_baseline_exit"": 456, ""candidate_after_max_hold"": 85, ""lifecycle_without_exit_replay"": 515, ""no_candidate"": 74, ""none"": 2455, ""not_active_exit_eligible"": 1, ""stale_data_no_action"": 8}"
5000,-300,30000,100,3079,515,2455,624,35,746,2298,-285333,-92.67067229620007,-202.0,-369416,-119.97921403052939,-202.0,-84083,-27.308541734329328,0.0,-34.24969450101833,0.0,377,201,1877,0.6522491349480969,578,0.6125330652629551,194,73738,15,58057,183,29708,0,0,103446,187529,False,True,212.3,8,74,1,456,85,0,515,3079,0,0,2,"{""cut_target"": 15, ""harmful_exit"": 186, ""neutral_exit"": 1877, ""no_active_exit"": 624, ""no_exit_replay"": 515, ""saved_stop"": 194, ""timeout_improved"": 183}","{""candidate_after_baseline_exit"": 456, ""candidate_after_max_hold"": 85, ""lifecycle_without_exit_replay"": 515, ""no_candidate"": 74, ""none"": 2455, ""not_active_exit_eligible"": 1, ""stale_data_no_action"": 8}"
5000,-300,30000,150,3079,515,2455,624,35,746,2298,-439283,-142.67067229620005,-252.0,-523366,-169.9792140305294,-252.0,-84083,-27.308541734329328,0.0,-34.24969450101833,0.0,377,201,1877,0.6522491349480969,578,0.6125330652629551,194,73738,15,58057,183,29708,0,0,103446,187529,False,True,212.3,8,74,1,456,85,0,515,3079,0,0,2,"{""cut_target"": 15, ""harmful_exit"": 186, ""neutral_exit"": 1877, ""no_active_exit"": 624, ""no_exit_replay"": 515, ""saved_stop"": 194, ""timeout_improved"": 183}","{""candidate_after_baseline_exit"": 456, ""candidate_after_max_hold"": 85, ""lifecycle_without_exit_replay"": 515, ""no_candidate"": 74, ""none"": 2455, ""not_active_exit_eligible"": 1, ""stale_data_no_action"": 8}"
5000,-300,30000,200,3079,515,2455,624,35,746,2298,-593233,-192.67067229620005,-302.0,-677316,-219.9792140305294,-302.0,-84083,-27.308541734329328,0.0,-34.24969450101833,0.0,377,201,1877,0.6522491349480969,578,0.6125330652629551,194,73738,15,58057,183,29708,0,0,103446,187529,False,True,212.3,8,74,1,456,85,0,515,3079,0,0,2,"{""cut_target"": 15, ""harmful_exit"": 186, ""neutral_exit"": 1877, ""no_active_exit"": 624, ""no_exit_replay"": 515, ""saved_stop"": 194, ""timeout_improved"": 183}","{""candidate_after_baseline_exit"": 456, ""candidate_after_max_hold"": 85, ""lifecycle_without_exit_replay"": 515, ""no_candidate"": 74, ""none"": 2455, ""not_active_exit_eligible"": 1, ""stale_data_no_action"": 8}"
5000,-300,60000,0,3079,515,2478,601,68,882,2129,128570,41.75706398181228,-102.0,-61467,-19.96329977265346,-102.0,-190037,-61.72036375446574,0.0,-76.68966908797417,0.0,562,271,1645,0.6746698679471789,833,0.6421159326789068,322,129771,38,146376,240,27265,0,0,157036,347073,False,True,346.0,8,74,1,508,10,0,515,3079,0,0,3,"{""cut_target"": 38, ""harmful_exit"": 233, ""neutral_exit"": 1645, ""no_active_exit"": 601, ""no_exit_replay"": 515, ""saved_stop"": 322, ""timeout_improved"": 240}","{""candidate_after_baseline_exit"": 508, ""candidate_after_max_hold"": 10, ""lifecycle_without_exit_replay"": 515, ""no_candidate"": 74, ""none"": 2478, ""not_active_exit_eligible"": 1, ""stale_data_no_action"": 8}"
5000,-300,60000,50,3079,515,2478,601,68,882,2129,-25380,-8.242936018187724,-152.0,-215417,-69.96329977265346,-152.0,-190037,-61.72036375446574,0.0,-76.68966908797417,0.0,562,271,1645,0.6746698679471789,833,0.6421159326789068,322,129771,38,146376,240,27265,0,0,157036,347073,False,True,346.0,8,74,1,508,10,0,515,3079,0,0,3,"{""cut_target"": 38, ""harmful_exit"": 233, ""neutral_exit"": 1645, ""no_active_exit"": 601, ""no_exit_replay"": 515, ""saved_stop"": 322, ""timeout_improved"": 240}","{""candidate_after_baseline_exit"": 508, ""candidate_after_max_hold"": 10, ""lifecycle_without_exit_replay"": 515, ""no_candidate"": 74, ""none"": 2478, ""not_active_exit_eligible"": 1, ""stale_data_no_action"": 8}"
5000,-300,60000,100,3079,515,2478,601,68,882,2129,-179330,-58.24293601818772,-202.0,-369367,-119.96329977265346,-202.0,-190037,-61.72036375446574,0.0,-76.68966908797417,0.0,562,271,1645,0.6746698679471789,833,0.6421159326789068,322,129771,38,146376,240,27265,0,0,157036,347073,False,True,346.0,8,74,1,508,10,0,515,3079,0,0,3,"{""cut_target"": 38, ""harmful_exit"": 233, ""neutral_exit"": 1645, ""no_active_exit"": 601, ""no_exit_replay"": 515, ""saved_stop"": 322, ""timeout_improved"": 240}","{""candidate_after_baseline_exit"": 508, ""candidate_after_max_hold"": 10, ""lifecycle_without_exit_replay"": 515, ""no_candidate"": 74, ""none"": 2478, ""not_active_exit_eligible"": 1, ""stale_data_no_action"": 8}"
5000,-300,60000,150,3079,515,2478,601,68,882,2129,-333280,-108.24293601818772,-252.0,-523317,-169.96329977265347,-252.0,-190037,-61.72036375446574,0.0,-76.68966908797417,0.0,562,271,1645,0.6746698679471789,833,0.6421159326789068,322,129771,38,146376,240,27265,0,0,157036,347073,False,True,346.0,8,74,1,508,10,0,515,3079,0,0,3,"{""cut_target"": 38, ""harmful_exit"": 233, ""neutral_exit"": 1645, ""no_active_exit"": 601, ""no_exit_replay"": 515, ""saved_stop"": 322, ""timeout_improved"": 240}","{""candidate_after_baseline_exit"": 508, ""candidate_after_max_hold"": 10, ""lifecycle_without_exit_replay"": 515, ""no_candidate"": 74, ""none"": 2478, ""not_active_exit_eligible"": 1, ""stale_data_no_action"": 8}"
5000,-300,60000,200,3079,515,2478,601,68,882,2129,-487230,-158.24293601818772,-302.0,-677267,-219.96329977265347,-302.0,-190037,-61.72036375446574,0.0,-76.68966908797417,0.0,562,271,1645,0.6746698679471789,833,0.6421159326789068,322,129771,38,146376,240,27265,0,0,157036,347073,False,True,346.0,8,74,1,508,10,0,515,3079,0,0,3,"{""cut_target"": 38, ""harmful_exit"": 233, ""neutral_exit"": 1645, ""no_active_exit"": 601, ""no_exit_replay"": 515, ""saved_stop"": 322, ""timeout_improved"": 240}","{""candidate_after_baseline_exit"": 508, ""candidate_after_max_hold"": 10, ""lifecycle_without_exit_replay"": 515, ""no_candidate"": 74, ""none"": 2478, ""not_active_exit_eligible"": 1, ""stale_data_no_action"": 8}"
5000,-300,120000,0,3079,515,2479,600,100,1052,1927,171492,55.69730431958428,-108.0,-62279,-20.22702176031179,-102.0,-233771,-75.92432607989608,0.0,-94.30052440500202,0.0,808,247,1424,0.7658767772511849,1055,0.7393884191845448,491,185547,69,280352,317,27525,0,0,213072,446843,False,True,522.7,8,74,1,516,1,0,515,3079,0,0,3,"{""cut_target"": 69, ""harmful_exit"": 178, ""neutral_exit"": 1424, ""no_active_exit"": 600, ""no_exit_replay"": 515, ""saved_stop"": 491, ""timeout_improved"": 317}","{""candidate_after_baseline_exit"": 516, ""candidate_after_max_hold"": 1, ""lifecycle_without_exit_replay"": 515, ""no_candidate"": 74, ""none"": 2479, ""not_active_exit_eligible"": 1, ""stale_data_no_action"": 8}"
5000,-300,120000,50,3079,515,2479,600,100,1052,1927,17542,5.697304319584281,-158.0,-216229,-70.22702176031179,-152.0,-233771,-75.92432607989608,0.0,-94.30052440500202,0.0,808,247,1424,0.7658767772511849,1055,0.7393884191845448,491,185547,69,280352,317,27525,0,0,213072,446843,False,True,522.7,8,74,1,516,1,0,515,3079,0,0,3,"{""cut_target"": 69, ""harmful_exit"": 178, ""neutral_exit"": 1424, ""no_active_exit"": 600, ""no_exit_replay"": 515, ""saved_stop"": 491, ""timeout_improved"": 317}","{""candidate_after_baseline_exit"": 516, ""candidate_after_max_hold"": 1, ""lifecycle_without_exit_replay"": 515, ""no_candidate"": 74, ""none"": 2479, ""not_active_exit_eligible"": 1, ""stale_data_no_action"": 8}"
5000,-300,120000,100,3079,515,2479,600,100,1052,1927,-136408,-44.30269568041572,-208.0,-370179,-120.22702176031179,-202.0,-233771,-75.92432607989608,0.0,-94.30052440500202,0.0,808,247,1424,0.7658767772511849,1055,0.7393884191845448,491,185547,69,280352,317,27525,0,0,213072,446843,False,True,522.7,8,74,1,516,1,0,515,3079,0,0,3,"{""cut_target"": 69, ""harmful_exit"": 178, ""neutral_exit"": 1424, ""no_active_exit"": 600, ""no_exit_replay"": 515, ""saved_stop"": 491, ""timeout_improved"": 317}","{""candidate_after_baseline_exit"": 516, ""candidate_after_max_hold"": 1, ""lifecycle_without_exit_replay"": 515, ""no_candidate"": 74, ""none"": 2479, ""not_active_exit_eligible"": 1, ""stale_data_no_action"": 8}"
5000,-300,120000,150,3079,515,2479,600,100,1052,1927,-290358,-94.30269568041572,-258.0,-524129,-170.2270217603118,-252.0,-233771,-75.92432607989608,0.0,-94.30052440500202,0.0,808,247,1424,0.7658767772511849,1055,0.7393884191845448,491,185547,69,280352,317,27525,0,0,213072,446843,False,True,522.7,8,74,1,516,1,0,515,3079,0,0,3,"{""cut_target"": 69, ""harmful_exit"": 178, ""neutral_exit"": 1424, ""no_active_exit"": 600, ""no_exit_replay"": 515, ""saved_stop"": 491, ""timeout_improved"": 317}","{""candidate_after_baseline_exit"": 516, ""candidate_after_max_hold"": 1, ""lifecycle_without_exit_replay"": 515, ""no_candidate"": 74, ""none"": 2479, ""not_active_exit_eligible"": 1, ""stale_data_no_action"": 8}"
5000,-300,120000,200,3079,515,2479,600,100,1052,1927,-444308,-144.30269568041572,-308.0,-678079,-220.2270217603118,-302.0,-233771,-75.92432607989608,0.0,-94.30052440500202,0.0,808,247,1424,0.7658767772511849,1055,0.7393884191845448,491,185547,69,280352,317,27525,0,0,213072,446843,False,True,522.7,8,74,1,516,1,0,515,3079,0,0,3,"{""cut_target"": 69, ""harmful_exit"": 178, ""neutral_exit"": 1424, ""no_active_exit"": 600, ""no_exit_replay"": 515, ""saved_stop"": 491, ""timeout_improved"": 317}","{""candidate_after_baseline_exit"": 516, ""candidate_after_max_hold"": 1, ""lifecycle_without_exit_replay"": 515, ""no_candidate"": 74, ""none"": 2479, ""not_active_exit_eligible"": 1, ""stale_data_no_action"": 8}"
5000,-500,30000,0,3079,515,2531,548,37,646,2396,-78052,-25.349788892497564,-102.0,-137309,-44.595323156869114,-102.0,-59257,-19.24553426437155,0.0,-23.41248518372185,0.0,410,216,1905,0.6549520766773163,626,0.6168690878745626,178,93699,15,58057,232,45189,0,0,138888,198145,False,True,201.2,8,74,1,380,85,0,515,3079,0,0,3,"{""cut_target"": 15, ""harmful_exit"": 201, ""neutral_exit"": 1905, ""no_active_exit"": 548, ""no_exit_replay"": 515, ""saved_stop"": 178, ""timeout_improved"": 232}","{""candidate_after_baseline_exit"": 380, ""candidate_after_max_hold"": 85, ""lifecycle_without_exit_replay"": 515, ""no_candidate"": 74, ""none"": 2531, ""not_active_exit_eligible"": 1, ""stale_data_no_action"": 8}"
5000,-500,30000,50,3079,515,2531,548,37,646,2396,-232002,-75.34978889249757,-152.0,-291259,-94.59532315686911,-152.0,-59257,-19.24553426437155,0.0,-23.41248518372185,0.0,410,216,1905,0.6549520766773163,626,0.6168690878745626,178,93699,15,58057,232,45189,0,0,138888,198145,False,True,201.2,8,74,1,380,85,0,515,3079,0,0,3,"{""cut_target"": 15, ""harmful_exit"": 201, ""neutral_exit"": 1905, ""no_active_exit"": 548, ""no_exit_replay"": 515, ""saved_stop"": 178, ""timeout_improved"": 232}","{""candidate_after_baseline_exit"": 380, ""candidate_after_max_hold"": 85, ""lifecycle_without_exit_replay"": 515, ""no_candidate"": 74, ""none"": 2531, ""not_active_exit_eligible"": 1, ""stale_data_no_action"": 8}"
5000,-500,30000,100,3079,515,2531,548,37,646,2396,-385952,-125.34978889249757,-202.0,-445209,-144.5953231568691,-202.0,-59257,-19.24553426437155,0.0,-23.41248518372185,0.0,410,216,1905,0.6549520766773163,626,0.6168690878745626,178,93699,15,58057,232,45189,0,0,138888,198145,False,True,201.2,8,74,1,380,85,0,515,3079,0,0,3,"{""cut_target"": 15, ""harmful_exit"": 201, ""neutral_exit"": 1905, ""no_active_exit"": 548, ""no_exit_replay"": 515, ""saved_stop"": 178, ""timeout_improved"": 232}","{""candidate_after_baseline_exit"": 380, ""candidate_after_max_hold"": 85, ""lifecycle_without_exit_replay"": 515, ""no_candidate"": 74, ""none"": 2531, ""not_active_exit_eligible"": 1, ""stale_data_no_action"": 8}"
5000,-500,30000,150,3079,515,2531,548,37,646,2396,-539902,-175.34978889249757,-252.0,-599159,-194.5953231568691,-252.0,-59257,-19.24553426437155,0.0,-23.41248518372185,0.0,410,216,1905,0.6549520766773163,626,0.6168690878745626,178,93699,15,58057,232,45189,0,0,138888,198145,False,True,201.2,8,74,1,380,85,0,515,3079,0,0,3,"{""cut_target"": 15, ""harmful_exit"": 201, ""neutral_exit"": 1905, ""no_active_exit"": 548, ""no_exit_replay"": 515, ""saved_stop"": 178, ""timeout_improved"": 232}","{""candidate_after_baseline_exit"": 380, ""candidate_after_max_hold"": 85, ""lifecycle_without_exit_replay"": 515, ""no_candidate"": 74, ""none"": 2531, ""not_active_exit_eligible"": 1, ""stale_data_no_action"": 8}"
5000,-500,30000,200,3079,515,2531,548,37,646,2396,-693852,-225.34978889249757,-302.0,-753109,-244.5953231568691,-302.0,-59257,-19.24553426437155,0.0,-23.41248518372185,0.0,410,216,1905,0.6549520766773163,626,0.6168690878745626,178,93699,15,58057,232,45189,0,0,138888,198145,False,True,201.2,8,74,1,380,85,0,515,3079,0,0,3,"{""cut_target"": 15, ""harmful_exit"": 201, ""neutral_exit"": 1905, ""no_active_exit"": 548, ""no_exit_replay"": 515, ""saved_stop"": 178, ""timeout_improved"": 232}","{""candidate_after_baseline_exit"": 380, ""candidate_after_max_hold"": 85, ""lifecycle_without_exit_replay"": 515, ""no_candidate"": 74, ""none"": 2531, ""not_active_exit_eligible"": 1, ""stale_data_no_action"": 8}"
5000,-500,60000,0,3079,515,2557,522,73,767,2239,27035,8.78044819746671,-102.0,-139779,-45.39753166612537,-102.0,-166814,-54.17797986359208,0.0,-65.23816973015252,0.0,603,291,1663,0.674496644295302,894,0.6430919891032875,291,166423,40,154856,312,49077,0,0,215500,382314,False,True,322.2,8,74,1,429,10,0,515,3079,0,0,3,"{""cut_target"": 40, ""harmful_exit"": 251, ""neutral_exit"": 1663, ""no_active_exit"": 522, ""no_exit_replay"": 515, ""saved_stop"": 291, ""timeout_improved"": 312}","{""candidate_after_baseline_exit"": 429, ""candidate_after_max_hold"": 10, ""lifecycle_without_exit_replay"": 515, ""no_candidate"": 74, ""none"": 2557, ""not_active_exit_eligible"": 1, ""stale_data_no_action"": 8}"
5000,-500,60000,50,3079,515,2557,522,73,767,2239,-126915,-41.21955180253329,-152.0,-293729,-95.39753166612536,-152.0,-166814,-54.17797986359208,0.0,-65.23816973015252,0.0,603,291,1663,0.674496644295302,894,0.6430919891032875,291,166423,40,154856,312,49077,0,0,215500,382314,False,True,322.2,8,74,1,429,10,0,515,3079,0,0,3,"{""cut_target"": 40, ""harmful_exit"": 251, ""neutral_exit"": 1663, ""no_active_exit"": 522, ""no_exit_replay"": 515, ""saved_stop"": 291, ""timeout_improved"": 312}","{""candidate_after_baseline_exit"": 429, ""candidate_after_max_hold"": 10, ""lifecycle_without_exit_replay"": 515, ""no_candidate"": 74, ""none"": 2557, ""not_active_exit_eligible"": 1, ""stale_data_no_action"": 8}"
5000,-500,60000,100,3079,515,2557,522,73,767,2239,-280865,-91.21955180253329,-202.0,-447679,-145.39753166612536,-202.0,-166814,-54.17797986359208,0.0,-65.23816973015252,0.0,603,291,1663,0.674496644295302,894,0.6430919891032875,291,166423,40,154856,312,49077,0,0,215500,382314,False,True,322.2,8,74,1,429,10,0,515,3079,0,0,3,"{""cut_target"": 40, ""harmful_exit"": 251, ""neutral_exit"": 1663, ""no_active_exit"": 522, ""no_exit_replay"": 515, ""saved_stop"": 291, ""timeout_improved"": 312}","{""candidate_after_baseline_exit"": 429, ""candidate_after_max_hold"": 10, ""lifecycle_without_exit_replay"": 515, ""no_candidate"": 74, ""none"": 2557, ""not_active_exit_eligible"": 1, ""stale_data_no_action"": 8}"
5000,-500,60000,150,3079,515,2557,522,73,767,2239,-434815,-141.2195518025333,-252.0,-601629,-195.39753166612536,-252.0,-166814,-54.17797986359208,0.0,-65.23816973015252,0.0,603,291,1663,0.674496644295302,894,0.6430919891032875,291,166423,40,154856,312,49077,0,0,215500,382314,False,True,322.2,8,74,1,429,10,0,515,3079,0,0,3,"{""cut_target"": 40, ""harmful_exit"": 251, ""neutral_exit"": 1663, ""no_active_exit"": 522, ""no_exit_replay"": 515, ""saved_stop"": 291, ""timeout_improved"": 312}","{""candidate_after_baseline_exit"": 429, ""candidate_after_max_hold"": 10, ""lifecycle_without_exit_replay"": 515, ""no_candidate"": 74, ""none"": 2557, ""not_active_exit_eligible"": 1, ""stale_data_no_action"": 8}"
5000,-500,60000,200,3079,515,2557,522,73,767,2239,-588765,-191.2195518025333,-302.0,-755579,-245.39753166612536,-302.0,-166814,-54.17797986359208,0.0,-65.23816973015252,0.0,603,291,1663,0.674496644295302,894,0.6430919891032875,291,166423,40,154856,312,49077,0,0,215500,382314,False,True,322.2,8,74,1,429,10,0,515,3079,0,0,3,"{""cut_target"": 40, ""harmful_exit"": 251, ""neutral_exit"": 1663, ""no_active_exit"": 522, ""no_exit_replay"": 515, ""saved_stop"": 291, ""timeout_improved"": 312}","{""candidate_after_baseline_exit"": 429, ""candidate_after_max_hold"": 10, ""lifecycle_without_exit_replay"": 515, ""no_candidate"": 74, ""none"": 2557, ""not_active_exit_eligible"": 1, ""stale_data_no_action"": 8}"
5000,-500,120000,0,3079,515,2558,521,108,922,2049,50077,16.26404676843131,-107.0,-141271,-45.882104579408896,-102.0,-191348,-62.14615134784021,0.0,-74.80375293197811,0.0,852,270,1436,0.7593582887700535,1122,0.7334876756398464,444,248030,74,303528,408,55341,0,0,303371,494719,False,True,484.8,8,74,1,437,1,0,515,3079,0,0,3,"{""cut_target"": 74, ""harmful_exit"": 196, ""neutral_exit"": 1436, ""no_active_exit"": 521, ""no_exit_replay"": 515, ""saved_stop"": 444, ""timeout_improved"": 408}","{""candidate_after_baseline_exit"": 437, ""candidate_after_max_hold"": 1, ""lifecycle_without_exit_replay"": 515, ""no_candidate"": 74, ""none"": 2558, ""not_active_exit_eligible"": 1, ""stale_data_no_action"": 8}"
5000,-500,120000,50,3079,515,2558,521,108,922,2049,-103873,-33.73595323156869,-157.0,-295221,-95.8821045794089,-152.0,-191348,-62.14615134784021,0.0,-74.80375293197811,0.0,852,270,1436,0.7593582887700535,1122,0.7334876756398464,444,248030,74,303528,408,55341,0,0,303371,494719,False,True,484.8,8,74,1,437,1,0,515,3079,0,0,3,"{""cut_target"": 74, ""harmful_exit"": 196, ""neutral_exit"": 1436, ""no_active_exit"": 521, ""no_exit_replay"": 515, ""saved_stop"": 444, ""timeout_improved"": 408}","{""candidate_after_baseline_exit"": 437, ""candidate_after_max_hold"": 1, ""lifecycle_without_exit_replay"": 515, ""no_candidate"": 74, ""none"": 2558, ""not_active_exit_eligible"": 1, ""stale_data_no_action"": 8}"
5000,-500,120000,100,3079,515,2558,521,108,922,2049,-257823,-83.73595323156869,-207.0,-449171,-145.8821045794089,-202.0,-191348,-62.14615134784021,0.0,-74.80375293197811,0.0,852,270,1436,0.7593582887700535,1122,0.7334876756398464,444,248030,74,303528,408,55341,0,0,303371,494719,False,True,484.8,8,74,1,437,1,0,515,3079,0,0,3,"{""cut_target"": 74, ""harmful_exit"": 196, ""neutral_exit"": 1436, ""no_active_exit"": 521, ""no_exit_replay"": 515, ""saved_stop"": 444, ""timeout_improved"": 408}","{""candidate_after_baseline_exit"": 437, ""candidate_after_max_hold"": 1, ""lifecycle_without_exit_replay"": 515, ""no_candidate"": 74, ""none"": 2558, ""not_active_exit_eligible"": 1, ""stale_data_no_action"": 8}"
5000,-500,120000,150,3079,515,2558,521,108,922,2049,-411773,-133.7359532315687,-257.0,-603121,-195.8821045794089,-252.0,-191348,-62.14615134784021,0.0,-74.80375293197811,0.0,852,270,1436,0.7593582887700535,1122,0.7334876756398464,444,248030,74,303528,408,55341,0,0,303371,494719,False,True,484.8,8,74,1,437,1,0,515,3079,0,0,3,"{""cut_target"": 74, ""harmful_exit"": 196, ""neutral_exit"": 1436, ""no_active_exit"": 521, ""no_exit_replay"": 515, ""saved_stop"": 444, ""timeout_improved"": 408}","{""candidate_after_baseline_exit"": 437, ""candidate_after_max_hold"": 1, ""lifecycle_without_exit_replay"": 515, ""no_candidate"": 74, ""none"": 2558, ""not_active_exit_eligible"": 1, ""stale_data_no_action"": 8}"
5000,-500,120000,200,3079,515,2558,521,108,922,2049,-565723,-183.7359532315687,-307.0,-757071,-245.8821045794089,-302.0,-191348,-62.14615134784021,0.0,-74.80375293197811,0.0,852,270,1436,0.7593582887700535,1122,0.7334876756398464,444,248030,74,303528,408,55341,0,0,303371,494719,False,True,484.8,8,74,1,437,1,0,515,3079,0,0,3,"{""cut_target"": 74, ""harmful_exit"": 196, ""neutral_exit"": 1436, ""no_active_exit"": 521, ""no_exit_replay"": 515, ""saved_stop"": 444, ""timeout_improved"": 408}","{""candidate_after_baseline_exit"": 437, ""candidate_after_max_hold"": 1, ""lifecycle_without_exit_replay"": 515, ""no_candidate"": 74, ""none"": 2558, ""not_active_exit_eligible"": 1, ""stale_data_no_action"": 8}"
5000,-700,30000,0,3079,515,2593,486,39,542,2498,-160350,-52.07859694706073,-102.0,-214908,-69.79798635920754,-102.0,-54558,-17.7193894121468,0.0,-21.04049363671423,0.0,417,232,1944,0.6425269645608629,649,0.6049156893211044,140,101501,16,63221,277,67136,0,0,168637,223195,False,True,167.7,8,74,1,318,85,0,515,3079,0,0,3,"{""cut_target"": 16, ""harmful_exit"": 216, ""neutral_exit"": 1944, ""no_active_exit"": 486, ""no_exit_replay"": 515, ""saved_stop"": 140, ""timeout_improved"": 277}","{""candidate_after_baseline_exit"": 318, ""candidate_after_max_hold"": 85, ""lifecycle_without_exit_replay"": 515, ""no_candidate"": 74, ""none"": 2593, ""not_active_exit_eligible"": 1, ""stale_data_no_action"": 8}"
5000,-700,30000,50,3079,515,2593,486,39,542,2498,-314300,-102.07859694706073,-152.0,-368858,-119.79798635920754,-152.0,-54558,-17.7193894121468,0.0,-21.04049363671423,0.0,417,232,1944,0.6425269645608629,649,0.6049156893211044,140,101501,16,63221,277,67136,0,0,168637,223195,False,True,167.7,8,74,1,318,85,0,515,3079,0,0,3,"{""cut_target"": 16, ""harmful_exit"": 216, ""neutral_exit"": 1944, ""no_active_exit"": 486, ""no_exit_replay"": 515, ""saved_stop"": 140, ""timeout_improved"": 277}","{""candidate_after_baseline_exit"": 318, ""candidate_after_max_hold"": 85, ""lifecycle_without_exit_replay"": 515, ""no_candidate"": 74, ""none"": 2593, ""not_active_exit_eligible"": 1, ""stale_data_no_action"": 8}"
5000,-700,30000,100,3079,515,2593,486,39,542,2498,-468250,-152.07859694706073,-202.0,-522808,-169.79798635920753,-202.0,-54558,-17.7193894121468,0.0,-21.04049363671423,0.0,417,232,1944,0.6425269645608629,649,0.6049156893211044,140,101501,16,63221,277,67136,0,0,168637,223195,False,True,167.7,8,74,1,318,85,0,515,3079,0,0,3,"{""cut_target"": 16, ""harmful_exit"": 216, ""neutral_exit"": 1944, ""no_active_exit"": 486, ""no_exit_replay"": 515, ""saved_stop"": 140, ""timeout_improved"": 277}","{""candidate_after_baseline_exit"": 318, ""candidate_after_max_hold"": 85, ""lifecycle_without_exit_replay"": 515, ""no_candidate"": 74, ""none"": 2593, ""not_active_exit_eligible"": 1, ""stale_data_no_action"": 8}"
5000,-700,30000,150,3079,515,2593,486,39,542,2498,-622200,-202.07859694706073,-252.0,-676758,-219.79798635920753,-252.0,-54558,-17.7193894121468,0.0,-21.04049363671423,0.0,417,232,1944,0.6425269645608629,649,0.6049156893211044,140,101501,16,63221,277,67136,0,0,168637,223195,False,True,167.7,8,74,1,318,85,0,515,3079,0,0,3,"{""cut_target"": 16, ""harmful_exit"": 216, ""neutral_exit"": 1944, ""no_active_exit"": 486, ""no_exit_replay"": 515, ""saved_stop"": 140, ""timeout_improved"": 277}","{""candidate_after_baseline_exit"": 318, ""candidate_after_max_hold"": 85, ""lifecycle_without_exit_replay"": 515, ""no_candidate"": 74, ""none"": 2593, ""not_active_exit_eligible"": 1, ""stale_data_no_action"": 8}"
5000,-700,30000,200,3079,515,2593,486,39,542,2498,-776150,-252.07859694706073,-302.0,-830708,-269.7979863592075,-302.0,-54558,-17.7193894121468,0.0,-21.04049363671423,0.0,417,232,1944,0.6425269645608629,649,0.6049156893211044,140,101501,16,63221,277,67136,0,0,168637,223195,False,True,167.7,8,74,1,318,85,0,515,3079,0,0,3,"{""cut_target"": 16, ""harmful_exit"": 216, ""neutral_exit"": 1944, ""no_active_exit"": 486, ""no_exit_replay"": 515, ""saved_stop"": 140, ""timeout_improved"": 277}","{""candidate_after_baseline_exit"": 318, ""candidate_after_max_hold"": 85, ""lifecycle_without_exit_replay"": 515, ""no_candidate"": 74, ""none"": 2593, ""not_active_exit_eligible"": 1, ""stale_data_no_action"": 8}"
5000,-700,60000,0,3079,515,2622,457,78,652,2349,-60837,-19.75868788567717,-102.0,-217485,-70.63494641117246,-102.0,-156648,-50.87625852549529,0.0,-59.74370709382151,0.0,612,310,1700,0.6637744034707158,922,0.6326570494184489,242,190628,44,176034,370,77678,0,0,268306,424954,False,True,279.0,8,74,1,364,10,0,515,3079,0,0,3,"{""cut_target"": 44, ""harmful_exit"": 266, ""neutral_exit"": 1700, ""no_active_exit"": 457, ""no_exit_replay"": 515, ""saved_stop"": 242, ""timeout_improved"": 370}","{""candidate_after_baseline_exit"": 364, ""candidate_after_max_hold"": 10, ""lifecycle_without_exit_replay"": 515, ""no_candidate"": 74, ""none"": 2622, ""not_active_exit_eligible"": 1, ""stale_data_no_action"": 8}"
5000,-700,60000,50,3079,515,2622,457,78,652,2349,-214787,-69.75868788567716,-152.0,-371435,-120.63494641117246,-152.0,-156648,-50.87625852549529,0.0,-59.74370709382151,0.0,612,310,1700,0.6637744034707158,922,0.6326570494184489,242,190628,44,176034,370,77678,0,0,268306,424954,False,True,279.0,8,74,1,364,10,0,515,3079,0,0,3,"{""cut_target"": 44, ""harmful_exit"": 266, ""neutral_exit"": 1700, ""no_active_exit"": 457, ""no_exit_replay"": 515, ""saved_stop"": 242, ""timeout_improved"": 370}","{""candidate_after_baseline_exit"": 364, ""candidate_after_max_hold"": 10, ""lifecycle_without_exit_replay"": 515, ""no_candidate"": 74, ""none"": 2622, ""not_active_exit_eligible"": 1, ""stale_data_no_action"": 8}"
5000,-700,60000,100,3079,515,2622,457,78,652,2349,-368737,-119.75868788567716,-202.0,-525385,-170.63494641117245,-202.0,-156648,-50.87625852549529,0.0,-59.74370709382151,0.0,612,310,1700,0.6637744034707158,922,0.6326570494184489,242,190628,44,176034,370,77678,0,0,268306,424954,False,True,279.0,8,74,1,364,10,0,515,3079,0,0,3,"{""cut_target"": 44, ""harmful_exit"": 266, ""neutral_exit"": 1700, ""no_active_exit"": 457, ""no_exit_replay"": 515, ""saved_stop"": 242, ""timeout_improved"": 370}","{""candidate_after_baseline_exit"": 364, ""candidate_after_max_hold"": 10, ""lifecycle_without_exit_replay"": 515, ""no_candidate"": 74, ""none"": 2622, ""not_active_exit_eligible"": 1, ""stale_data_no_action"": 8}"
5000,-700,60000,150,3079,515,2622,457,78,652,2349,-522687,-169.75868788567718,-252.0,-679335,-220.63494641117245,-252.0,-156648,-50.87625852549529,0.0,-59.74370709382151,0.0,612,310,1700,0.6637744034707158,922,0.6326570494184489,242,190628,44,176034,370,77678,0,0,268306,424954,False,True,279.0,8,74,1,364,10,0,515,3079,0,0,3,"{""cut_target"": 44, ""harmful_exit"": 266, ""neutral_exit"": 1700, ""no_active_exit"": 457, ""no_exit_replay"": 515, ""saved_stop"": 242, ""timeout_improved"": 370}","{""candidate_after_baseline_exit"": 364, ""candidate_after_max_hold"": 10, ""lifecycle_without_exit_replay"": 515, ""no_candidate"": 74, ""none"": 2622, ""not_active_exit_eligible"": 1, ""stale_data_no_action"": 8}"
5000,-700,60000,200,3079,515,2622,457,78,652,2349,-676637,-219.75868788567718,-302.0,-833285,-270.63494641117245,-302.0,-156648,-50.87625852549529,0.0,-59.74370709382151,0.0,612,310,1700,0.6637744034707158,922,0.6326570494184489,242,190628,44,176034,370,77678,0,0,268306,424954,False,True,279.0,8,74,1,364,10,0,515,3079,0,0,3,"{""cut_target"": 44, ""harmful_exit"": 266, ""neutral_exit"": 1700, ""no_active_exit"": 457, ""no_exit_replay"": 515, ""saved_stop"": 242, ""timeout_improved"": 370}","{""candidate_after_baseline_exit"": 364, ""candidate_after_max_hold"": 10, ""lifecycle_without_exit_replay"": 515, ""no_candidate"": 74, ""none"": 2622, ""not_active_exit_eligible"": 1, ""stale_data_no_action"": 8}"
5000,-700,120000,0,3079,515,2623,456,116,743,2220,-47323,-15.369600519649238,-105.0,-219377,-71.24943163364729,-102.0,-172054,-55.87983111399805,0.0,-65.5943576057949,0.0,869,288,1466,0.7510803802938635,1157,0.7253622737588029,331,262700,81,340925,538,112704,0,0,375404,547458,False,True,384.8,8,74,1,372,1,0,515,3079,0,0,3,"{""cut_target"": 81, ""harmful_exit"": 207, ""neutral_exit"": 1466, ""no_active_exit"": 456, ""no_exit_replay"": 515, ""saved_stop"": 331, ""timeout_improved"": 538}","{""candidate_after_baseline_exit"": 372, ""candidate_after_max_hold"": 1, ""lifecycle_without_exit_replay"": 515, ""no_candidate"": 74, ""none"": 2623, ""not_active_exit_eligible"": 1, ""stale_data_no_action"": 8}"
5000,-700,120000,50,3079,515,2623,456,116,743,2220,-201273,-65.36960051964924,-155.0,-373327,-121.24943163364729,-152.0,-172054,-55.87983111399805,0.0,-65.5943576057949,0.0,869,288,1466,0.7510803802938635,1157,0.7253622737588029,331,262700,81,340925,538,112704,0,0,375404,547458,False,True,384.8,8,74,1,372,1,0,515,3079,0,0,3,"{""cut_target"": 81, ""harmful_exit"": 207, ""neutral_exit"": 1466, ""no_active_exit"": 456, ""no_exit_replay"": 515, ""saved_stop"": 331, ""timeout_improved"": 538}","{""candidate_after_baseline_exit"": 372, ""candidate_after_max_hold"": 1, ""lifecycle_without_exit_replay"": 515, ""no_candidate"": 74, ""none"": 2623, ""not_active_exit_eligible"": 1, ""stale_data_no_action"": 8}"
5000,-700,120000,100,3079,515,2623,456,116,743,2220,-355223,-115.36960051964924,-205.0,-527277,-171.24943163364728,-202.0,-172054,-55.87983111399805,0.0,-65.5943576057949,0.0,869,288,1466,0.7510803802938635,1157,0.7253622737588029,331,262700,81,340925,538,112704,0,0,375404,547458,False,True,384.8,8,74,1,372,1,0,515,3079,0,0,3,"{""cut_target"": 81, ""harmful_exit"": 207, ""neutral_exit"": 1466, ""no_active_exit"": 456, ""no_exit_replay"": 515, ""saved_stop"": 331, ""timeout_improved"": 538}","{""candidate_after_baseline_exit"": 372, ""candidate_after_max_hold"": 1, ""lifecycle_without_exit_replay"": 515, ""no_candidate"": 74, ""none"": 2623, ""not_active_exit_eligible"": 1, ""stale_data_no_action"": 8}"
5000,-700,120000,150,3079,515,2623,456,116,743,2220,-509173,-165.36960051964923,-255.0,-681227,-221.24943163364728,-252.0,-172054,-55.87983111399805,0.0,-65.5943576057949,0.0,869,288,1466,0.7510803802938635,1157,0.7253622737588029,331,262700,81,340925,538,112704,0,0,375404,547458,False,True,384.8,8,74,1,372,1,0,515,3079,0,0,3,"{""cut_target"": 81, ""harmful_exit"": 207, ""neutral_exit"": 1466, ""no_active_exit"": 456, ""no_exit_replay"": 515, ""saved_stop"": 331, ""timeout_improved"": 538}","{""candidate_after_baseline_exit"": 372, ""candidate_after_max_hold"": 1, ""lifecycle_without_exit_replay"": 515, ""no_candidate"": 74, ""none"": 2623, ""not_active_exit_eligible"": 1, ""stale_data_no_action"": 8}"
5000,-700,120000,200,3079,515,2623,456,116,743,2220,-663123,-215.36960051964923,-305.0,-835177,-271.2494316336473,-302.0,-172054,-55.87983111399805,0.0,-65.5943576057949,0.0,869,288,1466,0.7510803802938635,1157,0.7253622737588029,331,262700,81,340925,538,112704,0,0,375404,547458,False,True,384.8,8,74,1,372,1,0,515,3079,0,0,3,"{""cut_target"": 81, ""harmful_exit"": 207, ""neutral_exit"": 1466, ""no_active_exit"": 456, ""no_exit_replay"": 515, ""saved_stop"": 331, ""timeout_improved"": 538}","{""candidate_after_baseline_exit"": 372, ""candidate_after_max_hold"": 1, ""lifecycle_without_exit_replay"": 515, ""no_candidate"": 74, ""none"": 2623, ""not_active_exit_eligible"": 1, ""stale_data_no_action"": 8}"
5000,-1000,30000,0,3079,515,2643,436,41,462,2576,-254690,-82.71841506982787,-102.0,-303986,-98.72880805456317,-102.0,-49296,-16.010392984735304,0.0,-18.651532349602725,0.0,431,251,1961,0.6319648093841642,682,0.5951247325498613,117,110695,17,68063,314,88568,0,0,199263,248559,False,True,148.4,8,74,1,268,85,0,515,3079,0,0,3,"{""cut_target"": 17, ""harmful_exit"": 234, ""neutral_exit"": 1961, ""no_active_exit"": 436, ""no_exit_replay"": 515, ""saved_stop"": 117, ""timeout_improved"": 314}","{""candidate_after_baseline_exit"": 268, ""candidate_after_max_hold"": 85, ""lifecycle_without_exit_replay"": 515, ""no_candidate"": 74, ""none"": 2643, ""not_active_exit_eligible"": 1, ""stale_data_no_action"": 8}"
5000,-1000,30000,50,3079,515,2643,436,41,462,2576,-408640,-132.71841506982787,-152.0,-457936,-148.72880805456316,-152.0,-49296,-16.010392984735304,0.0,-18.651532349602725,0.0,431,251,1961,0.6319648093841642,682,0.5951247325498613,117,110695,17,68063,314,88568,0,0,199263,248559,False,True,148.4,8,74,1,268,85,0,515,3079,0,0,3,"{""cut_target"": 17, ""harmful_exit"": 234, ""neutral_exit"": 1961, ""no_active_exit"": 436, ""no_exit_replay"": 515, ""saved_stop"": 117, ""timeout_improved"": 314}","{""candidate_after_baseline_exit"": 268, ""candidate_after_max_hold"": 85, ""lifecycle_without_exit_replay"": 515, ""no_candidate"": 74, ""none"": 2643, ""not_active_exit_eligible"": 1, ""stale_data_no_action"": 8}"
5000,-1000,30000,100,3079,515,2643,436,41,462,2576,-562590,-182.71841506982787,-202.0,-611886,-198.72880805456316,-202.0,-49296,-16.010392984735304,0.0,-18.651532349602725,0.0,431,251,1961,0.6319648093841642,682,0.5951247325498613,117,110695,17,68063,314,88568,0,0,199263,248559,False,True,148.4,8,74,1,268,85,0,515,3079,0,0,3,"{""cut_target"": 17, ""harmful_exit"": 234, ""neutral_exit"": 1961, ""no_active_exit"": 436, ""no_exit_replay"": 515, ""saved_stop"": 117, ""timeout_improved"": 314}","{""candidate_after_baseline_exit"": 268, ""candidate_after_max_hold"": 85, ""lifecycle_without_exit_replay"": 515, ""no_candidate"": 74, ""none"": 2643, ""not_active_exit_eligible"": 1, ""stale_data_no_action"": 8}"
5000,-1000,30000,150,3079,515,2643,436,41,462,2576,-716540,-232.71841506982787,-252.0,-765836,-248.72880805456316,-252.0,-49296,-16.010392984735304,0.0,-18.651532349602725,0.0,431,251,1961,0.6319648093841642,682,0.5951247325498613,117,110695,17,68063,314,88568,0,0,199263,248559,False,True,148.4,8,74,1,268,85,0,515,3079,0,0,3,"{""cut_target"": 17, ""harmful_exit"": 234, ""neutral_exit"": 1961, ""no_active_exit"": 436, ""no_exit_replay"": 515, ""saved_stop"": 117, ""timeout_improved"": 314}","{""candidate_after_baseline_exit"": 268, ""candidate_after_max_hold"": 85, ""lifecycle_without_exit_replay"": 515, ""no_candidate"": 74, ""none"": 2643, ""not_active_exit_eligible"": 1, ""stale_data_no_action"": 8}"
5000,-1000,30000,200,3079,515,2643,436,41,462,2576,-870490,-282.71841506982787,-302.0,-919786,-298.72880805456316,-302.0,-49296,-16.010392984735304,0.0,-18.651532349602725,0.0,431,251,1961,0.6319648093841642,682,0.5951247325498613,117,110695,17,68063,314,88568,0,0,199263,248559,False,True,148.4,8,74,1,268,85,0,515,3079,0,0,3,"{""cut_target"": 17, ""harmful_exit"": 234, ""neutral_exit"": 1961, ""no_active_exit"": 436, ""no_exit_replay"": 515, ""saved_stop"": 117, ""timeout_improved"": 314}","{""candidate_after_baseline_exit"": 268, ""candidate_after_max_hold"": 85, ""lifecycle_without_exit_replay"": 515, ""no_candidate"": 74, ""none"": 2643, ""not_active_exit_eligible"": 1, ""stale_data_no_action"": 8}"
5000,-1000,60000,0,3079,515,2676,403,84,562,2433,-156097,-50.69730431958428,-102.0,-302129,-98.12569015914258,-102.0,-146032,-47.428385839558295,0.0,-54.57100149476831,0.0,630,334,1712,0.6535269709543569,964,0.6229327382586662,210,213879,48,195594,420,111935,0,0,325814,471846,False,True,252.0,8,74,1,310,10,0,515,3079,0,0,3,"{""cut_target"": 48, ""harmful_exit"": 286, ""neutral_exit"": 1712, ""no_active_exit"": 403, ""no_exit_replay"": 515, ""saved_stop"": 210, ""timeout_improved"": 420}","{""candidate_after_baseline_exit"": 310, ""candidate_after_max_hold"": 10, ""lifecycle_without_exit_replay"": 515, ""no_candidate"": 74, ""none"": 2676, ""not_active_exit_eligible"": 1, ""stale_data_no_action"": 8}"
5000,-1000,60000,50,3079,515,2676,403,84,562,2433,-310047,-100.69730431958428,-152.0,-456079,-148.12569015914258,-152.0,-146032,-47.428385839558295,0.0,-54.57100149476831,0.0,630,334,1712,0.6535269709543569,964,0.6229327382586662,210,213879,48,195594,420,111935,0,0,325814,471846,False,True,252.0,8,74,1,310,10,0,515,3079,0,0,3,"{""cut_target"": 48, ""harmful_exit"": 286, ""neutral_exit"": 1712, ""no_active_exit"": 403, ""no_exit_replay"": 515, ""saved_stop"": 210, ""timeout_improved"": 420}","{""candidate_after_baseline_exit"": 310, ""candidate_after_max_hold"": 10, ""lifecycle_without_exit_replay"": 515, ""no_candidate"": 74, ""none"": 2676, ""not_active_exit_eligible"": 1, ""stale_data_no_action"": 8}"
5000,-1000,60000,100,3079,515,2676,403,84,562,2433,-463997,-150.69730431958428,-202.0,-610029,-198.12569015914258,-202.0,-146032,-47.428385839558295,0.0,-54.57100149476831,0.0,630,334,1712,0.6535269709543569,964,0.6229327382586662,210,213879,48,195594,420,111935,0,0,325814,471846,False,True,252.0,8,74,1,310,10,0,515,3079,0,0,3,"{""cut_target"": 48, ""harmful_exit"": 286, ""neutral_exit"": 1712, ""no_active_exit"": 403, ""no_exit_replay"": 515, ""saved_stop"": 210, ""timeout_improved"": 420}","{""candidate_after_baseline_exit"": 310, ""candidate_after_max_hold"": 10, ""lifecycle_without_exit_replay"": 515, ""no_candidate"": 74, ""none"": 2676, ""not_active_exit_eligible"": 1, ""stale_data_no_action"": 8}"
5000,-1000,60000,150,3079,515,2676,403,84,562,2433,-617947,-200.69730431958428,-252.0,-763979,-248.12569015914258,-252.0,-146032,-47.428385839558295,0.0,-54.57100149476831,0.0,630,334,1712,0.6535269709543569,964,0.6229327382586662,210,213879,48,195594,420,111935,0,0,325814,471846,False,True,252.0,8,74,1,310,10,0,515,3079,0,0,3,"{""cut_target"": 48, ""harmful_exit"": 286, ""neutral_exit"": 1712, ""no_active_exit"": 403, ""no_exit_replay"": 515, ""saved_stop"": 210, ""timeout_improved"": 420}","{""candidate_after_baseline_exit"": 310, ""candidate_after_max_hold"": 10, ""lifecycle_without_exit_replay"": 515, ""no_candidate"": 74, ""none"": 2676, ""not_active_exit_eligible"": 1, ""stale_data_no_action"": 8}"
5000,-1000,60000,200,3079,515,2676,403,84,562,2433,-771897,-250.69730431958428,-302.0,-917929,-298.1256901591426,-302.0,-146032,-47.428385839558295,0.0,-54.57100149476831,0.0,630,334,1712,0.6535269709543569,964,0.6229327382586662,210,213879,48,195594,420,111935,0,0,325814,471846,False,True,252.0,8,74,1,310,10,0,515,3079,0,0,3,"{""cut_target"": 48, ""harmful_exit"": 286, ""neutral_exit"": 1712, ""no_active_exit"": 403, ""no_exit_replay"": 515, ""saved_stop"": 210, ""timeout_improved"": 420}","{""candidate_after_baseline_exit"": 310, ""candidate_after_max_hold"": 10, ""lifecycle_without_exit_replay"": 515, ""no_candidate"": 74, ""none"": 2676, ""not_active_exit_eligible"": 1, ""stale_data_no_action"": 8}"
5000,-1000,120000,0,3079,515,2678,401,127,645,2307,-158575,-51.50211107502436,-103.0,-301074,-97.78304644365053,-102.0,-142499,-46.280935368626174,0.0,-53.2109783420463,0.0,892,310,1476,0.7420965058236273,1202,0.7166209012065076,291,304869,89,379076,601,153240,0,0,458109,600608,False,True,351.1,8,74,1,317,1,0,515,3079,0,0,4,"{""cut_target"": 89, ""harmful_exit"": 221, ""neutral_exit"": 1476, ""no_active_exit"": 401, ""no_exit_replay"": 515, ""saved_stop"": 291, ""timeout_improved"": 601}","{""candidate_after_baseline_exit"": 317, ""candidate_after_max_hold"": 1, ""lifecycle_without_exit_replay"": 515, ""no_candidate"": 74, ""none"": 2678, ""not_active_exit_eligible"": 1, ""stale_data_no_action"": 8}"
5000,-1000,120000,50,3079,515,2678,401,127,645,2307,-312525,-101.50211107502436,-153.0,-455024,-147.78304644365053,-152.0,-142499,-46.280935368626174,0.0,-53.2109783420463,0.0,892,310,1476,0.7420965058236273,1202,0.7166209012065076,291,304869,89,379076,601,153240,0,0,458109,600608,False,True,351.1,8,74,1,317,1,0,515,3079,0,0,4,"{""cut_target"": 89, ""harmful_exit"": 221, ""neutral_exit"": 1476, ""no_active_exit"": 401, ""no_exit_replay"": 515, ""saved_stop"": 291, ""timeout_improved"": 601}","{""candidate_after_baseline_exit"": 317, ""candidate_after_max_hold"": 1, ""lifecycle_without_exit_replay"": 515, ""no_candidate"": 74, ""none"": 2678, ""not_active_exit_eligible"": 1, ""stale_data_no_action"": 8}"
5000,-1000,120000,100,3079,515,2678,401,127,645,2307,-466475,-151.50211107502435,-203.0,-608974,-197.78304644365053,-202.0,-142499,-46.280935368626174,0.0,-53.2109783420463,0.0,892,310,1476,0.7420965058236273,1202,0.7166209012065076,291,304869,89,379076,601,153240,0,0,458109,600608,False,True,351.1,8,74,1,317,1,0,515,3079,0,0,4,"{""cut_target"": 89, ""harmful_exit"": 221, ""neutral_exit"": 1476, ""no_active_exit"": 401, ""no_exit_replay"": 515, ""saved_stop"": 291, ""timeout_improved"": 601}","{""candidate_after_baseline_exit"": 317, ""candidate_after_max_hold"": 1, ""lifecycle_without_exit_replay"": 515, ""no_candidate"": 74, ""none"": 2678, ""not_active_exit_eligible"": 1, ""stale_data_no_action"": 8}"
5000,-1000,120000,150,3079,515,2678,401,127,645,2307,-620425,-201.50211107502435,-253.0,-762924,-247.78304644365053,-252.0,-142499,-46.280935368626174,0.0,-53.2109783420463,0.0,892,310,1476,0.7420965058236273,1202,0.7166209012065076,291,304869,89,379076,601,153240,0,0,458109,600608,False,True,351.1,8,74,1,317,1,0,515,3079,0,0,4,"{""cut_target"": 89, ""harmful_exit"": 221, ""neutral_exit"": 1476, ""no_active_exit"": 401, ""no_exit_replay"": 515, ""saved_stop"": 291, ""timeout_improved"": 601}","{""candidate_after_baseline_exit"": 317, ""candidate_after_max_hold"": 1, ""lifecycle_without_exit_replay"": 515, ""no_candidate"": 74, ""none"": 2678, ""not_active_exit_eligible"": 1, ""stale_data_no_action"": 8}"
5000,-1000,120000,200,3079,515,2678,401,127,645,2307,-774375,-251.50211107502435,-303.0,-916874,-297.78304644365056,-302.0,-142499,-46.280935368626174,0.0,-53.2109783420463,0.0,892,310,1476,0.7420965058236273,1202,0.7166209012065076,291,304869,89,379076,601,153240,0,0,458109,600608,False,True,351.1,8,74,1,317,1,0,515,3079,0,0,4,"{""cut_target"": 89, ""harmful_exit"": 221, ""neutral_exit"": 1476, ""no_active_exit"": 401, ""no_exit_replay"": 515, ""saved_stop"": 291, ""timeout_improved"": 601}","{""candidate_after_baseline_exit"": 317, ""candidate_after_max_hold"": 1, ""lifecycle_without_exit_replay"": 515, ""no_candidate"": 74, ""none"": 2678, ""not_active_exit_eligible"": 1, ""stale_data_no_action"": 8}"
5000,-1500,30000,0,3079,515,2714,365,44,356,2679,-348826,-113.29197791490743,-102.0,-402109,-130.597271841507,-102.0,-53283,-17.305293926599546,0.0,-19.632645541635963,0.0,459,281,1974,0.6202702702702703,740,0.5847668980816711,98,118556,17,68063,361,126310,0,0,244866,298149,False,True,134.1,8,74,1,197,85,0,515,3079,0,0,4,"{""cut_target"": 17, ""harmful_exit"": 264, ""neutral_exit"": 1974, ""no_active_exit"": 365, ""no_exit_replay"": 515, ""saved_stop"": 98, ""timeout_improved"": 361}","{""candidate_after_baseline_exit"": 197, ""candidate_after_max_hold"": 85, ""lifecycle_without_exit_replay"": 515, ""no_candidate"": 74, ""none"": 2714, ""not_active_exit_eligible"": 1, ""stale_data_no_action"": 8}"
5000,-1500,30000,50,3079,515,2714,365,44,356,2679,-502776,-163.29197791490745,-152.0,-556059,-180.597271841507,-152.0,-53283,-17.305293926599546,0.0,-19.632645541635963,0.0,459,281,1974,0.6202702702702703,740,0.5847668980816711,98,118556,17,68063,361,126310,0,0,244866,298149,False,True,134.1,8,74,1,197,85,0,515,3079,0,0,4,"{""cut_target"": 17, ""harmful_exit"": 264, ""neutral_exit"": 1974, ""no_active_exit"": 365, ""no_exit_replay"": 515, ""saved_stop"": 98, ""timeout_improved"": 361}","{""candidate_after_baseline_exit"": 197, ""candidate_after_max_hold"": 85, ""lifecycle_without_exit_replay"": 515, ""no_candidate"": 74, ""none"": 2714, ""not_active_exit_eligible"": 1, ""stale_data_no_action"": 8}"
5000,-1500,30000,100,3079,515,2714,365,44,356,2679,-656726,-213.29197791490745,-202.0,-710009,-230.597271841507,-202.0,-53283,-17.305293926599546,0.0,-19.632645541635963,0.0,459,281,1974,0.6202702702702703,740,0.5847668980816711,98,118556,17,68063,361,126310,0,0,244866,298149,False,True,134.1,8,74,1,197,85,0,515,3079,0,0,4,"{""cut_target"": 17, ""harmful_exit"": 264, ""neutral_exit"": 1974, ""no_active_exit"": 365, ""no_exit_replay"": 515, ""saved_stop"": 98, ""timeout_improved"": 361}","{""candidate_after_baseline_exit"": 197, ""candidate_after_max_hold"": 85, ""lifecycle_without_exit_replay"": 515, ""no_candidate"": 74, ""none"": 2714, ""not_active_exit_eligible"": 1, ""stale_data_no_action"": 8}"
5000,-1500,30000,150,3079,515,2714,365,44,356,2679,-810676,-263.2919779149074,-252.0,-863959,-280.597271841507,-252.0,-53283,-17.305293926599546,0.0,-19.632645541635963,0.0,459,281,1974,0.6202702702702703,740,0.5847668980816711,98,118556,17,68063,361,126310,0,0,244866,298149,False,True,134.1,8,74,1,197,85,0,515,3079,0,0,4,"{""cut_target"": 17, ""harmful_exit"": 264, ""neutral_exit"": 1974, ""no_active_exit"": 365, ""no_exit_replay"": 515, ""saved_stop"": 98, ""timeout_improved"": 361}","{""candidate_after_baseline_exit"": 197, ""candidate_after_max_hold"": 85, ""lifecycle_without_exit_replay"": 515, ""no_candidate"": 74, ""none"": 2714, ""not_active_exit_eligible"": 1, ""stale_data_no_action"": 8}"
5000,-1500,30000,200,3079,515,2714,365,44,356,2679,-964626,-313.2919779149074,-302.0,-1017909,-330.597271841507,-302.0,-53283,-17.305293926599546,0.0,-19.632645541635963,0.0,459,281,1974,0.6202702702702703,740,0.5847668980816711,98,118556,17,68063,361,126310,0,0,244866,298149,False,True,134.1,8,74,1,197,85,0,515,3079,0,0,4,"{""cut_target"": 17, ""harmful_exit"": 264, ""neutral_exit"": 1974, ""no_active_exit"": 365, ""no_exit_replay"": 515, ""saved_stop"": 98, ""timeout_improved"": 361}","{""candidate_after_baseline_exit"": 197, ""candidate_after_max_hold"": 85, ""lifecycle_without_exit_replay"": 515, ""no_candidate"": 74, ""none"": 2714, ""not_active_exit_eligible"": 1, ""stale_data_no_action"": 8}"
5000,-1500,60000,0,3079,515,2759,320,95,455,2529,-266242,-86.47028255927249,-102.0,-407586,-132.3760961351088,-102.0,-141344,-45.90581357583631,0.0,-51.23015585357013,0.0,663,372,1724,0.6405797101449275,1035,0.6108768490390905,189,259991,56,235084,474,158751,0,0,418742,560086,False,True,236.4,8,74,1,227,10,0,515,3079,0,0,3,"{""cut_target"": 56, ""harmful_exit"": 316, ""neutral_exit"": 1724, ""no_active_exit"": 320, ""no_exit_replay"": 515, ""saved_stop"": 189, ""timeout_improved"": 474}","{""candidate_after_baseline_exit"": 227, ""candidate_after_max_hold"": 10, ""lifecycle_without_exit_replay"": 515, ""no_candidate"": 74, ""none"": 2759, ""not_active_exit_eligible"": 1, ""stale_data_no_action"": 8}"
5000,-1500,60000,50,3079,515,2759,320,95,455,2529,-420192,-136.4702825592725,-152.0,-561536,-182.3760961351088,-152.0,-141344,-45.90581357583631,0.0,-51.23015585357013,0.0,663,372,1724,0.6405797101449275,1035,0.6108768490390905,189,259991,56,235084,474,158751,0,0,418742,560086,False,True,236.4,8,74,1,227,10,0,515,3079,0,0,3,"{""cut_target"": 56, ""harmful_exit"": 316, ""neutral_exit"": 1724, ""no_active_exit"": 320, ""no_exit_replay"": 515, ""saved_stop"": 189, ""timeout_improved"": 474}","{""candidate_after_baseline_exit"": 227, ""candidate_after_max_hold"": 10, ""lifecycle_without_exit_replay"": 515, ""no_candidate"": 74, ""none"": 2759, ""not_active_exit_eligible"": 1, ""stale_data_no_action"": 8}"
5000,-1500,60000,100,3079,515,2759,320,95,455,2529,-574142,-186.4702825592725,-202.0,-715486,-232.3760961351088,-202.0,-141344,-45.90581357583631,0.0,-51.23015585357013,0.0,663,372,1724,0.6405797101449275,1035,0.6108768490390905,189,259991,56,235084,474,158751,0,0,418742,560086,False,True,236.4,8,74,1,227,10,0,515,3079,0,0,3,"{""cut_target"": 56, ""harmful_exit"": 316, ""neutral_exit"": 1724, ""no_active_exit"": 320, ""no_exit_replay"": 515, ""saved_stop"": 189, ""timeout_improved"": 474}","{""candidate_after_baseline_exit"": 227, ""candidate_after_max_hold"": 10, ""lifecycle_without_exit_replay"": 515, ""no_candidate"": 74, ""none"": 2759, ""not_active_exit_eligible"": 1, ""stale_data_no_action"": 8}"
5000,-1500,60000,150,3079,515,2759,320,95,455,2529,-728092,-236.4702825592725,-252.0,-869436,-282.3760961351088,-252.0,-141344,-45.90581357583631,0.0,-51.23015585357013,0.0,663,372,1724,0.6405797101449275,1035,0.6108768490390905,189,259991,56,235084,474,158751,0,0,418742,560086,False,True,236.4,8,74,1,227,10,0,515,3079,0,0,3,"{""cut_target"": 56, ""harmful_exit"": 316, ""neutral_exit"": 1724, ""no_active_exit"": 320, ""no_exit_replay"": 515, ""saved_stop"": 189, ""timeout_improved"": 474}","{""candidate_after_baseline_exit"": 227, ""candidate_after_max_hold"": 10, ""lifecycle_without_exit_replay"": 515, ""no_candidate"": 74, ""none"": 2759, ""not_active_exit_eligible"": 1, ""stale_data_no_action"": 8}"
5000,-1500,60000,200,3079,515,2759,320,95,455,2529,-882042,-286.4702825592725,-302.0,-1023386,-332.3760961351088,-302.0,-141344,-45.90581357583631,0.0,-51.23015585357013,0.0,663,372,1724,0.6405797101449275,1035,0.6108768490390905,189,259991,56,235084,474,158751,0,0,418742,560086,False,True,236.4,8,74,1,227,10,0,515,3079,0,0,3,"{""cut_target"": 56, ""harmful_exit"": 316, ""neutral_exit"": 1724, ""no_active_exit"": 320, ""no_exit_replay"": 515, ""saved_stop"": 189, ""timeout_improved"": 474}","{""candidate_after_baseline_exit"": 227, ""candidate_after_max_hold"": 10, ""lifecycle_without_exit_replay"": 515, ""no_candidate"": 74, ""none"": 2759, ""not_active_exit_eligible"": 1, ""stale_data_no_action"": 8}"
5000,-1500,120000,0,3079,515,2761,318,142,538,2399,-293565,-95.34426761935694,-102.0,-407531,-132.358233192595,-102.0,-113966,-37.01396557323807,0.0,-41.27707352408547,0.0,936,341,1484,0.7329678935003915,1277,0.7080307173169323,270,381100,101,440359,666,213371,0,0,594471,708437,False,True,336.6,8,74,1,234,1,0,515,3079,0,0,4,"{""cut_target"": 101, ""harmful_exit"": 240, ""neutral_exit"": 1484, ""no_active_exit"": 318, ""no_exit_replay"": 515, ""saved_stop"": 270, ""timeout_improved"": 666}","{""candidate_after_baseline_exit"": 234, ""candidate_after_max_hold"": 1, ""lifecycle_without_exit_replay"": 515, ""no_candidate"": 74, ""none"": 2761, ""not_active_exit_eligible"": 1, ""stale_data_no_action"": 8}"
5000,-1500,120000,50,3079,515,2761,318,142,538,2399,-447515,-145.34426761935694,-152.0,-561481,-182.358233192595,-152.0,-113966,-37.01396557323807,0.0,-41.27707352408547,0.0,936,341,1484,0.7329678935003915,1277,0.7080307173169323,270,381100,101,440359,666,213371,0,0,594471,708437,False,True,336.6,8,74,1,234,1,0,515,3079,0,0,4,"{""cut_target"": 101, ""harmful_exit"": 240, ""neutral_exit"": 1484, ""no_active_exit"": 318, ""no_exit_replay"": 515, ""saved_stop"": 270, ""timeout_improved"": 666}","{""candidate_after_baseline_exit"": 234, ""candidate_after_max_hold"": 1, ""lifecycle_without_exit_replay"": 515, ""no_candidate"": 74, ""none"": 2761, ""not_active_exit_eligible"": 1, ""stale_data_no_action"": 8}"
5000,-1500,120000,100,3079,515,2761,318,142,538,2399,-601465,-195.34426761935694,-202.0,-715431,-232.358233192595,-202.0,-113966,-37.01396557323807,0.0,-41.27707352408547,0.0,936,341,1484,0.7329678935003915,1277,0.7080307173169323,270,381100,101,440359,666,213371,0,0,594471,708437,False,True,336.6,8,74,1,234,1,0,515,3079,0,0,4,"{""cut_target"": 101, ""harmful_exit"": 240, ""neutral_exit"": 1484, ""no_active_exit"": 318, ""no_exit_replay"": 515, ""saved_stop"": 270, ""timeout_improved"": 666}","{""candidate_after_baseline_exit"": 234, ""candidate_after_max_hold"": 1, ""lifecycle_without_exit_replay"": 515, ""no_candidate"": 74, ""none"": 2761, ""not_active_exit_eligible"": 1, ""stale_data_no_action"": 8}"
5000,-1500,120000,150,3079,515,2761,318,142,538,2399,-755415,-245.34426761935694,-252.0,-869381,-282.358233192595,-252.0,-113966,-37.01396557323807,0.0,-41.27707352408547,0.0,936,341,1484,0.7329678935003915,1277,0.7080307173169323,270,381100,101,440359,666,213371,0,0,594471,708437,False,True,336.6,8,74,1,234,1,0,515,3079,0,0,4,"{""cut_target"": 101, ""harmful_exit"": 240, ""neutral_exit"": 1484, ""no_active_exit"": 318, ""no_exit_replay"": 515, ""saved_stop"": 270, ""timeout_improved"": 666}","{""candidate_after_baseline_exit"": 234, ""candidate_after_max_hold"": 1, ""lifecycle_without_exit_replay"": 515, ""no_candidate"": 74, ""none"": 2761, ""not_active_exit_eligible"": 1, ""stale_data_no_action"": 8}"
5000,-1500,120000,200,3079,515,2761,318,142,538,2399,-909365,-295.3442676193569,-302.0,-1023331,-332.358233192595,-302.0,-113966,-37.01396557323807,0.0,-41.27707352408547,0.0,936,341,1484,0.7329678935003915,1277,0.7080307173169323,270,381100,101,440359,666,213371,0,0,594471,708437,False,True,336.6,8,74,1,234,1,0,515,3079,0,0,4,"{""cut_target"": 101, ""harmful_exit"": 240, ""neutral_exit"": 1484, ""no_active_exit"": 318, ""no_exit_replay"": 515, ""saved_stop"": 270, ""timeout_improved"": 666}","{""candidate_after_baseline_exit"": 234, ""candidate_after_max_hold"": 1, ""lifecycle_without_exit_replay"": 515, ""no_candidate"": 74, ""none"": 2761, ""not_active_exit_eligible"": 1, ""stale_data_no_action"": 8}"
5000,-2000,30000,0,3079,515,2760,319,48,295,2736,-447691,-145.4014290354011,-102.0,-481135,-156.26339720688534,-102.0,-33444,-10.861968171484248,0.0,-12.117391304347827,0.0,477,295,1988,0.6178756476683938,772,0.5830958115791898,91,141797,18,74584,386,144369,0,0,286166,319610,False,True,129.6,8,74,1,151,85,0,515,3079,0,0,4,"{""cut_target"": 18, ""harmful_exit"": 277, ""neutral_exit"": 1988, ""no_active_exit"": 319, ""no_exit_replay"": 515, ""saved_stop"": 91, ""timeout_improved"": 386}","{""candidate_after_baseline_exit"": 151, ""candidate_after_max_hold"": 85, ""lifecycle_without_exit_replay"": 515, ""no_candidate"": 74, ""none"": 2760, ""not_active_exit_eligible"": 1, ""stale_data_no_action"": 8}"
5000,-2000,30000,50,3079,515,2760,319,48,295,2736,-601641,-195.4014290354011,-152.0,-635085,-206.26339720688534,-152.0,-33444,-10.861968171484248,0.0,-12.117391304347827,0.0,477,295,1988,0.6178756476683938,772,0.5830958115791898,91,141797,18,74584,386,144369,0,0,286166,319610,False,True,129.6,8,74,1,151,85,0,515,3079,0,0,4,"{""cut_target"": 18, ""harmful_exit"": 277, ""neutral_exit"": 1988, ""no_active_exit"": 319, ""no_exit_replay"": 515, ""saved_stop"": 91, ""timeout_improved"": 386}","{""candidate_after_baseline_exit"": 151, ""candidate_after_max_hold"": 85, ""lifecycle_without_exit_replay"": 515, ""no_candidate"": 74, ""none"": 2760, ""not_active_exit_eligible"": 1, ""stale_data_no_action"": 8}"
5000,-2000,30000,100,3079,515,2760,319,48,295,2736,-755591,-245.4014290354011,-202.0,-789035,-256.2633972068854,-202.0,-33444,-10.861968171484248,0.0,-12.117391304347827,0.0,477,295,1988,0.6178756476683938,772,0.5830958115791898,91,141797,18,74584,386,144369,0,0,286166,319610,False,True,129.6,8,74,1,151,85,0,515,3079,0,0,4,"{""cut_target"": 18, ""harmful_exit"": 277, ""neutral_exit"": 1988, ""no_active_exit"": 319, ""no_exit_replay"": 515, ""saved_stop"": 91, ""timeout_improved"": 386}","{""candidate_after_baseline_exit"": 151, ""candidate_after_max_hold"": 85, ""lifecycle_without_exit_replay"": 515, ""no_candidate"": 74, ""none"": 2760, ""not_active_exit_eligible"": 1, ""stale_data_no_action"": 8}"
5000,-2000,30000,150,3079,515,2760,319,48,295,2736,-909541,-295.4014290354011,-252.0,-942985,-306.2633972068854,-252.0,-33444,-10.861968171484248,0.0,-12.117391304347827,0.0,477,295,1988,0.6178756476683938,772,0.5830958115791898,91,141797,18,74584,386,144369,0,0,286166,319610,False,True,129.6,8,74,1,151,85,0,515,3079,0,0,4,"{""cut_target"": 18, ""harmful_exit"": 277, ""neutral_exit"": 1988, ""no_active_exit"": 319, ""no_exit_replay"": 515, ""saved_stop"": 91, ""timeout_improved"": 386}","{""candidate_after_baseline_exit"": 151, ""candidate_after_max_hold"": 85, ""lifecycle_without_exit_replay"": 515, ""no_candidate"": 74, ""none"": 2760, ""not_active_exit_eligible"": 1, ""stale_data_no_action"": 8}"
5000,-2000,30000,200,3079,515,2760,319,48,295,2736,-1063491,-345.4014290354011,-302.0,-1096935,-356.2633972068854,-302.0,-33444,-10.861968171484248,0.0,-12.117391304347827,0.0,477,295,1988,0.6178756476683938,772,0.5830958115791898,91,141797,18,74584,386,144369,0,0,286166,319610,False,True,129.6,8,74,1,151,85,0,515,3079,0,0,4,"{""cut_target"": 18, ""harmful_exit"": 277, ""neutral_exit"": 1988, ""no_active_exit"": 319, ""no_exit_replay"": 515, ""saved_stop"": 91, ""timeout_improved"": 386}","{""candidate_after_baseline_exit"": 151, ""candidate_after_max_hold"": 85, ""lifecycle_without_exit_replay"": 515, ""no_candidate"": 74, ""none"": 2760, ""not_active_exit_eligible"": 1, ""stale_data_no_action"": 8}"
5000,-2000,60000,0,3079,515,2806,273,103,389,2587,-368994,-119.84215654433258,-102.0,-478322,-155.34978889249757,-102.0,-109328,-35.50763234816499,0.0,-38.96222380612972,0.0,684,389,1733,0.6374650512581547,1073,0.6082576932875948,178,296250,59,254971,506,200215,0,0,496465,605793,False,True,228.6,8,74,1,180,10,0,515,3079,0,0,3,"{""cut_target"": 59, ""harmful_exit"": 330, ""neutral_exit"": 1733, ""no_active_exit"": 273, ""no_exit_replay"": 515, ""saved_stop"": 178, ""timeout_improved"": 506}","{""candidate_after_baseline_exit"": 180, ""candidate_after_max_hold"": 10, ""lifecycle_without_exit_replay"": 515, ""no_candidate"": 74, ""none"": 2806, ""not_active_exit_eligible"": 1, ""stale_data_no_action"": 8}"
5000,-2000,60000,50,3079,515,2806,273,103,389,2587,-522944,-169.84215654433257,-152.0,-632272,-205.34978889249757,-152.0,-109328,-35.50763234816499,0.0,-38.96222380612972,0.0,684,389,1733,0.6374650512581547,1073,0.6082576932875948,178,296250,59,254971,506,200215,0,0,496465,605793,False,True,228.6,8,74,1,180,10,0,515,3079,0,0,3,"{""cut_target"": 59, ""harmful_exit"": 330, ""neutral_exit"": 1733, ""no_active_exit"": 273, ""no_exit_replay"": 515, ""saved_stop"": 178, ""timeout_improved"": 506}","{""candidate_after_baseline_exit"": 180, ""candidate_after_max_hold"": 10, ""lifecycle_without_exit_replay"": 515, ""no_candidate"": 74, ""none"": 2806, ""not_active_exit_eligible"": 1, ""stale_data_no_action"": 8}"
5000,-2000,60000,100,3079,515,2806,273,103,389,2587,-676894,-219.84215654433257,-202.0,-786222,-255.34978889249757,-202.0,-109328,-35.50763234816499,0.0,-38.96222380612972,0.0,684,389,1733,0.6374650512581547,1073,0.6082576932875948,178,296250,59,254971,506,200215,0,0,496465,605793,False,True,228.6,8,74,1,180,10,0,515,3079,0,0,3,"{""cut_target"": 59, ""harmful_exit"": 330, ""neutral_exit"": 1733, ""no_active_exit"": 273, ""no_exit_replay"": 515, ""saved_stop"": 178, ""timeout_improved"": 506}","{""candidate_after_baseline_exit"": 180, ""candidate_after_max_hold"": 10, ""lifecycle_without_exit_replay"": 515, ""no_candidate"": 74, ""none"": 2806, ""not_active_exit_eligible"": 1, ""stale_data_no_action"": 8}"
5000,-2000,60000,150,3079,515,2806,273,103,389,2587,-830844,-269.84215654433257,-252.0,-940172,-305.34978889249754,-252.0,-109328,-35.50763234816499,0.0,-38.96222380612972,0.0,684,389,1733,0.6374650512581547,1073,0.6082576932875948,178,296250,59,254971,506,200215,0,0,496465,605793,False,True,228.6,8,74,1,180,10,0,515,3079,0,0,3,"{""cut_target"": 59, ""harmful_exit"": 330, ""neutral_exit"": 1733, ""no_active_exit"": 273, ""no_exit_replay"": 515, ""saved_stop"": 178, ""timeout_improved"": 506}","{""candidate_after_baseline_exit"": 180, ""candidate_after_max_hold"": 10, ""lifecycle_without_exit_replay"": 515, ""no_candidate"": 74, ""none"": 2806, ""not_active_exit_eligible"": 1, ""stale_data_no_action"": 8}"
5000,-2000,60000,200,3079,515,2806,273,103,389,2587,-984794,-319.84215654433257,-302.0,-1094122,-355.34978889249754,-302.0,-109328,-35.50763234816499,0.0,-38.96222380612972,0.0,684,389,1733,0.6374650512581547,1073,0.6082576932875948,178,296250,59,254971,506,200215,0,0,496465,605793,False,True,228.6,8,74,1,180,10,0,515,3079,0,0,3,"{""cut_target"": 59, ""harmful_exit"": 330, ""neutral_exit"": 1733, ""no_active_exit"": 273, ""no_exit_replay"": 515, ""saved_stop"": 178, ""timeout_improved"": 506}","{""candidate_after_baseline_exit"": 180, ""candidate_after_max_hold"": 10, ""lifecycle_without_exit_replay"": 515, ""no_candidate"": 74, ""none"": 2806, ""not_active_exit_eligible"": 1, ""stale_data_no_action"": 8}"
5000,-2000,120000,0,3079,515,2811,268,157,458,2464,-398828,-129.53166612536538,-102.0,-480890,-156.1838259175057,-102.0,-82062,-26.652159792140306,0.0,-29.193169690501602,0.0,957,363,1491,0.725,1320,0.7002854568167394,245,436015,111,496404,712,269413,0,0,705428,787490,False,True,316.2,8,74,1,184,1,0,515,3079,0,0,4,"{""cut_target"": 111, ""harmful_exit"": 252, ""neutral_exit"": 1491, ""no_active_exit"": 268, ""no_exit_replay"": 515, ""saved_stop"": 245, ""timeout_improved"": 712}","{""candidate_after_baseline_exit"": 184, ""candidate_after_max_hold"": 1, ""lifecycle_without_exit_replay"": 515, ""no_candidate"": 74, ""none"": 2811, ""not_active_exit_eligible"": 1, ""stale_data_no_action"": 8}"
5000,-2000,120000,50,3079,515,2811,268,157,458,2464,-552778,-179.53166612536538,-152.0,-634840,-206.1838259175057,-152.0,-82062,-26.652159792140306,0.0,-29.193169690501602,0.0,957,363,1491,0.725,1320,0.7002854568167394,245,436015,111,496404,712,269413,0,0,705428,787490,False,True,316.2,8,74,1,184,1,0,515,3079,0,0,4,"{""cut_target"": 111, ""harmful_exit"": 252, ""neutral_exit"": 1491, ""no_active_exit"": 268, ""no_exit_replay"": 515, ""saved_stop"": 245, ""timeout_improved"": 712}","{""candidate_after_baseline_exit"": 184, ""candidate_after_max_hold"": 1, ""lifecycle_without_exit_replay"": 515, ""no_candidate"": 74, ""none"": 2811, ""not_active_exit_eligible"": 1, ""stale_data_no_action"": 8}"
5000,-2000,120000,100,3079,515,2811,268,157,458,2464,-706728,-229.53166612536538,-202.0,-788790,-256.18382591750566,-202.0,-82062,-26.652159792140306,0.0,-29.193169690501602,0.0,957,363,1491,0.725,1320,0.7002854568167394,245,436015,111,496404,712,269413,0,0,705428,787490,False,True,316.2,8,74,1,184,1,0,515,3079,0,0,4,"{""cut_target"": 111, ""harmful_exit"": 252, ""neutral_exit"": 1491, ""no_active_exit"": 268, ""no_exit_replay"": 515, ""saved_stop"": 245, ""timeout_improved"": 712}","{""candidate_after_baseline_exit"": 184, ""candidate_after_max_hold"": 1, ""lifecycle_without_exit_replay"": 515, ""no_candidate"": 74, ""none"": 2811, ""not_active_exit_eligible"": 1, ""stale_data_no_action"": 8}"
5000,-2000,120000,150,3079,515,2811,268,157,458,2464,-860678,-279.5316661253654,-252.0,-942740,-306.18382591750566,-252.0,-82062,-26.652159792140306,0.0,-29.193169690501602,0.0,957,363,1491,0.725,1320,0.7002854568167394,245,436015,111,496404,712,269413,0,0,705428,787490,False,True,316.2,8,74,1,184,1,0,515,3079,0,0,4,"{""cut_target"": 111, ""harmful_exit"": 252, ""neutral_exit"": 1491, ""no_active_exit"": 268, ""no_exit_replay"": 515, ""saved_stop"": 245, ""timeout_improved"": 712}","{""candidate_after_baseline_exit"": 184, ""candidate_after_max_hold"": 1, ""lifecycle_without_exit_replay"": 515, ""no_candidate"": 74, ""none"": 2811, ""not_active_exit_eligible"": 1, ""stale_data_no_action"": 8}"
5000,-2000,120000,200,3079,515,2811,268,157,458,2464,-1014628,-329.5316661253654,-302.0,-1096690,-356.18382591750566,-302.0,-82062,-26.652159792140306,0.0,-29.193169690501602,0.0,957,363,1491,0.725,1320,0.7002854568167394,245,436015,111,496404,712,269413,0,0,705428,787490,False,True,316.2,8,74,1,184,1,0,515,3079,0,0,4,"{""cut_target"": 111, ""harmful_exit"": 252, ""neutral_exit"": 1491, ""no_active_exit"": 268, ""no_exit_replay"": 515, ""saved_stop"": 245, ""timeout_improved"": 712}","{""candidate_after_baseline_exit"": 184, ""candidate_after_max_hold"": 1, ""lifecycle_without_exit_replay"": 515, ""no_candidate"": 74, ""none"": 2811, ""not_active_exit_eligible"": 1, ""stale_data_no_action"": 8}"
5000,-3000,30000,0,3079,515,2835,244,52,192,2835,-589807,-191.55797336797662,-102.0,-560092,-181.90711269892822,-102.0,29715,9.650860669048392,0.0,10.481481481481481,0.0,517,315,2003,0.6213942307692307,832,0.587949191365765,81,149945,19,82114,436,216453,0,0,366398,336683,True,True,124.6,8,74,1,76,85,0,515,3079,0,0,3,"{""cut_target"": 19, ""harmful_exit"": 296, ""neutral_exit"": 2003, ""no_active_exit"": 244, ""no_exit_replay"": 515, ""saved_stop"": 81, ""timeout_improved"": 436}","{""candidate_after_baseline_exit"": 76, ""candidate_after_max_hold"": 85, ""lifecycle_without_exit_replay"": 515, ""no_candidate"": 74, ""none"": 2835, ""not_active_exit_eligible"": 1, ""stale_data_no_action"": 8}"
5000,-3000,30000,50,3079,515,2835,244,52,192,2835,-743757,-241.55797336797662,-152.0,-714042,-231.90711269892822,-152.0,29715,9.650860669048392,0.0,10.481481481481481,0.0,517,315,2003,0.6213942307692307,832,0.587949191365765,81,149945,19,82114,436,216453,0,0,366398,336683,True,True,124.6,8,74,1,76,85,0,515,3079,0,0,3,"{""cut_target"": 19, ""harmful_exit"": 296, ""neutral_exit"": 2003, ""no_active_exit"": 244, ""no_exit_replay"": 515, ""saved_stop"": 81, ""timeout_improved"": 436}","{""candidate_after_baseline_exit"": 76, ""candidate_after_max_hold"": 85, ""lifecycle_without_exit_replay"": 515, ""no_candidate"": 74, ""none"": 2835, ""not_active_exit_eligible"": 1, ""stale_data_no_action"": 8}"
5000,-3000,30000,100,3079,515,2835,244,52,192,2835,-897707,-291.5579733679766,-202.0,-867992,-281.90711269892824,-202.0,29715,9.650860669048392,0.0,10.481481481481481,0.0,517,315,2003,0.6213942307692307,832,0.587949191365765,81,149945,19,82114,436,216453,0,0,366398,336683,True,True,124.6,8,74,1,76,85,0,515,3079,0,0,3,"{""cut_target"": 19, ""harmful_exit"": 296, ""neutral_exit"": 2003, ""no_active_exit"": 244, ""no_exit_replay"": 515, ""saved_stop"": 81, ""timeout_improved"": 436}","{""candidate_after_baseline_exit"": 76, ""candidate_after_max_hold"": 85, ""lifecycle_without_exit_replay"": 515, ""no_candidate"": 74, ""none"": 2835, ""not_active_exit_eligible"": 1, ""stale_data_no_action"": 8}"
5000,-3000,30000,150,3079,515,2835,244,52,192,2835,-1051657,-341.5579733679766,-252.0,-1021942,-331.90711269892824,-252.0,29715,9.650860669048392,0.0,10.481481481481481,0.0,517,315,2003,0.6213942307692307,832,0.587949191365765,81,149945,19,82114,436,216453,0,0,366398,336683,True,True,124.6,8,74,1,76,85,0,515,3079,0,0,3,"{""cut_target"": 19, ""harmful_exit"": 296, ""neutral_exit"": 2003, ""no_active_exit"": 244, ""no_exit_replay"": 515, ""saved_stop"": 81, ""timeout_improved"": 436}","{""candidate_after_baseline_exit"": 76, ""candidate_after_max_hold"": 85, ""lifecycle_without_exit_replay"": 515, ""no_candidate"": 74, ""none"": 2835, ""not_active_exit_eligible"": 1, ""stale_data_no_action"": 8}"
5000,-3000,30000,200,3079,515,2835,244,52,192,2835,-1205607,-391.5579733679766,-302.0,-1175892,-381.90711269892824,-302.0,29715,9.650860669048392,0.0,10.481481481481481,0.0,517,315,2003,0.6213942307692307,832,0.587949191365765,81,149945,19,82114,436,216453,0,0,366398,336683,True,True,124.6,8,74,1,76,85,0,515,3079,0,0,3,"{""cut_target"": 19, ""harmful_exit"": 296, ""neutral_exit"": 2003, ""no_active_exit"": 244, ""no_exit_replay"": 515, ""saved_stop"": 81, ""timeout_improved"": 436}","{""candidate_after_baseline_exit"": 76, ""candidate_after_max_hold"": 85, ""lifecycle_without_exit_replay"": 515, ""no_candidate"": 74, ""none"": 2835, ""not_active_exit_eligible"": 1, ""stale_data_no_action"": 8}"
5000,-3000,60000,0,3079,515,2896,183,108,262,2709,-553143,-179.65021110750243,-102.0,-566125,-183.86651510230595,-102.0,-12982,-4.216303994803508,0.0,-4.482734806629834,0.0,733,420,1743,0.6357328707718994,1153,0.6075479368587084,145,315220,61,268035,588,320241,0,0,635461,648443,False,True,203.8,8,74,1,90,10,0,515,3079,0,0,3,"{""cut_target"": 61, ""harmful_exit"": 359, ""neutral_exit"": 1743, ""no_active_exit"": 183, ""no_exit_replay"": 515, ""saved_stop"": 145, ""timeout_improved"": 588}","{""candidate_after_baseline_exit"": 90, ""candidate_after_max_hold"": 10, ""lifecycle_without_exit_replay"": 515, ""no_candidate"": 74, ""none"": 2896, ""not_active_exit_eligible"": 1, ""stale_data_no_action"": 8}"
5000,-3000,60000,50,3079,515,2896,183,108,262,2709,-707093,-229.65021110750243,-152.0,-720075,-233.86651510230595,-152.0,-12982,-4.216303994803508,0.0,-4.482734806629834,0.0,733,420,1743,0.6357328707718994,1153,0.6075479368587084,145,315220,61,268035,588,320241,0,0,635461,648443,False,True,203.8,8,74,1,90,10,0,515,3079,0,0,3,"{""cut_target"": 61, ""harmful_exit"": 359, ""neutral_exit"": 1743, ""no_active_exit"": 183, ""no_exit_replay"": 515, ""saved_stop"": 145, ""timeout_improved"": 588}","{""candidate_after_baseline_exit"": 90, ""candidate_after_max_hold"": 10, ""lifecycle_without_exit_replay"": 515, ""no_candidate"": 74, ""none"": 2896, ""not_active_exit_eligible"": 1, ""stale_data_no_action"": 8}"
5000,-3000,60000,100,3079,515,2896,183,108,262,2709,-861043,-279.65021110750246,-202.0,-874025,-283.8665151023059,-202.0,-12982,-4.216303994803508,0.0,-4.482734806629834,0.0,733,420,1743,0.6357328707718994,1153,0.6075479368587084,145,315220,61,268035,588,320241,0,0,635461,648443,False,True,203.8,8,74,1,90,10,0,515,3079,0,0,3,"{""cut_target"": 61, ""harmful_exit"": 359, ""neutral_exit"": 1743, ""no_active_exit"": 183, ""no_exit_replay"": 515, ""saved_stop"": 145, ""timeout_improved"": 588}","{""candidate_after_baseline_exit"": 90, ""candidate_after_max_hold"": 10, ""lifecycle_without_exit_replay"": 515, ""no_candidate"": 74, ""none"": 2896, ""not_active_exit_eligible"": 1, ""stale_data_no_action"": 8}"
5000,-3000,60000,150,3079,515,2896,183,108,262,2709,-1014993,-329.65021110750246,-252.0,-1027975,-333.8665151023059,-252.0,-12982,-4.216303994803508,0.0,-4.482734806629834,0.0,733,420,1743,0.6357328707718994,1153,0.6075479368587084,145,315220,61,268035,588,320241,0,0,635461,648443,False,True,203.8,8,74,1,90,10,0,515,3079,0,0,3,"{""cut_target"": 61, ""harmful_exit"": 359, ""neutral_exit"": 1743, ""no_active_exit"": 183, ""no_exit_replay"": 515, ""saved_stop"": 145, ""timeout_improved"": 588}","{""candidate_after_baseline_exit"": 90, ""candidate_after_max_hold"": 10, ""lifecycle_without_exit_replay"": 515, ""no_candidate"": 74, ""none"": 2896, ""not_active_exit_eligible"": 1, ""stale_data_no_action"": 8}"
5000,-3000,60000,200,3079,515,2896,183,108,262,2709,-1168943,-379.65021110750246,-302.0,-1181925,-383.8665151023059,-302.0,-12982,-4.216303994803508,0.0,-4.482734806629834,0.0,733,420,1743,0.6357328707718994,1153,0.6075479368587084,145,315220,61,268035,588,320241,0,0,635461,648443,False,True,203.8,8,74,1,90,10,0,515,3079,0,0,3,"{""cut_target"": 61, ""harmful_exit"": 359, ""neutral_exit"": 1743, ""no_active_exit"": 183, ""no_exit_replay"": 515, ""saved_stop"": 145, ""timeout_improved"": 588}","{""candidate_after_baseline_exit"": 90, ""candidate_after_max_hold"": 10, ""lifecycle_without_exit_replay"": 515, ""no_candidate"": 74, ""none"": 2896, ""not_active_exit_eligible"": 1, ""stale_data_no_action"": 8}"
5000,-3000,120000,0,3079,515,2901,178,170,335,2574,-605268,-196.5794088989932,-102.0,-567268,-184.23773952582007,-102.0,38000,12.341669373173108,0.0,13.098931402964496,0.0,1008,393,1500,0.7194860813704497,1401,0.6953860899154963,216,503535,120,545491,792,406423,0,0,909958,871958,False,True,295.2,8,74,1,94,1,0,515,3079,0,0,4,"{""cut_target"": 120, ""harmful_exit"": 273, ""neutral_exit"": 1500, ""no_active_exit"": 178, ""no_exit_replay"": 515, ""saved_stop"": 216, ""timeout_improved"": 792}","{""candidate_after_baseline_exit"": 94, ""candidate_after_max_hold"": 1, ""lifecycle_without_exit_replay"": 515, ""no_candidate"": 74, ""none"": 2901, ""not_active_exit_eligible"": 1, ""stale_data_no_action"": 8}"
5000,-3000,120000,50,3079,515,2901,178,170,335,2574,-759218,-246.5794088989932,-152.0,-721218,-234.23773952582007,-152.0,38000,12.341669373173108,0.0,13.098931402964496,0.0,1008,393,1500,0.7194860813704497,1401,0.6953860899154963,216,503535,120,545491,792,406423,0,0,909958,871958,False,True,295.2,8,74,1,94,1,0,515,3079,0,0,4,"{""cut_target"": 120, ""harmful_exit"": 273, ""neutral_exit"": 1500, ""no_active_exit"": 178, ""no_exit_replay"": 515, ""saved_stop"": 216, ""timeout_improved"": 792}","{""candidate_after_baseline_exit"": 94, ""candidate_after_max_hold"": 1, ""lifecycle_without_exit_replay"": 515, ""no_candidate"": 74, ""none"": 2901, ""not_active_exit_eligible"": 1, ""stale_data_no_action"": 8}"
5000,-3000,120000,100,3079,515,2901,178,170,335,2574,-913168,-296.57940889899317,-202.0,-875168,-284.2377395258201,-202.0,38000,12.341669373173108,0.0,13.098931402964496,0.0,1008,393,1500,0.7194860813704497,1401,0.6953860899154963,216,503535,120,545491,792,406423,0,0,909958,871958,False,True,295.2,8,74,1,94,1,0,515,3079,0,0,4,"{""cut_target"": 120, ""harmful_exit"": 273, ""neutral_exit"": 1500, ""no_active_exit"": 178, ""no_exit_replay"": 515, ""saved_stop"": 216, ""timeout_improved"": 792}","{""candidate_after_baseline_exit"": 94, ""candidate_after_max_hold"": 1, ""lifecycle_without_exit_replay"": 515, ""no_candidate"": 74, ""none"": 2901, ""not_active_exit_eligible"": 1, ""stale_data_no_action"": 8}"
5000,-3000,120000,150,3079,515,2901,178,170,335,2574,-1067118,-346.57940889899317,-252.0,-1029118,-334.2377395258201,-252.0,38000,12.341669373173108,0.0,13.098931402964496,0.0,1008,393,1500,0.7194860813704497,1401,0.6953860899154963,216,503535,120,545491,792,406423,0,0,909958,871958,False,True,295.2,8,74,1,94,1,0,515,3079,0,0,4,"{""cut_target"": 120, ""harmful_exit"": 273, ""neutral_exit"": 1500, ""no_active_exit"": 178, ""no_exit_replay"": 515, ""saved_stop"": 216, ""timeout_improved"": 792}","{""candidate_after_baseline_exit"": 94, ""candidate_after_max_hold"": 1, ""lifecycle_without_exit_replay"": 515, ""no_candidate"": 74, ""none"": 2901, ""not_active_exit_eligible"": 1, ""stale_data_no_action"": 8}"
5000,-3000,120000,200,3079,515,2901,178,170,335,2574,-1221068,-396.57940889899317,-302.0,-1183068,-384.2377395258201,-302.0,38000,12.341669373173108,0.0,13.098931402964496,0.0,1008,393,1500,0.7194860813704497,1401,0.6953860899154963,216,503535,120,545491,792,406423,0,0,909958,871958,False,True,295.2,8,74,1,94,1,0,515,3079,0,0,4,"{""cut_target"": 120, ""harmful_exit"": 273, ""neutral_exit"": 1500, ""no_active_exit"": 178, ""no_exit_replay"": 515, ""saved_stop"": 216, ""timeout_improved"": 792}","{""candidate_after_baseline_exit"": 94, ""candidate_after_max_hold"": 1, ""lifecycle_without_exit_replay"": 515, ""no_candidate"": 74, ""none"": 2901, ""not_active_exit_eligible"": 1, ""stale_data_no_action"": 8}"
5000,-5000,30000,0,3079,515,2894,185,57,80,2942,-722323,-234.59662227996103,-102.0,-650746,-211.34978889249757,-102.0,71577,23.24683338746346,0.0,24.73289564616448,0.0,546,333,2015,0.621160409556314,879,0.5886298766610925,38,111586,21,99803,508,342461,0,0,454047,382470,True,True,88.80000000000001,8,74,1,17,85,0,515,3079,0,0,3,"{""cut_target"": 21, ""harmful_exit"": 312, ""neutral_exit"": 2015, ""no_active_exit"": 185, ""no_exit_replay"": 515, ""saved_stop"": 38, ""timeout_improved"": 508}","{""candidate_after_baseline_exit"": 17, ""candidate_after_max_hold"": 85, ""lifecycle_without_exit_replay"": 515, ""no_candidate"": 74, ""none"": 2894, ""not_active_exit_eligible"": 1, ""stale_data_no_action"": 8}"
5000,-5000,30000,50,3079,515,2894,185,57,80,2942,-876273,-284.596622279961,-152.0,-804696,-261.34978889249754,-152.0,71577,23.24683338746346,0.0,24.73289564616448,0.0,546,333,2015,0.621160409556314,879,0.5886298766610925,38,111586,21,99803,508,342461,0,0,454047,382470,True,True,88.80000000000001,8,74,1,17,85,0,515,3079,0,0,3,"{""cut_target"": 21, ""harmful_exit"": 312, ""neutral_exit"": 2015, ""no_active_exit"": 185, ""no_exit_replay"": 515, ""saved_stop"": 38, ""timeout_improved"": 508}","{""candidate_after_baseline_exit"": 17, ""candidate_after_max_hold"": 85, ""lifecycle_without_exit_replay"": 515, ""no_candidate"": 74, ""none"": 2894, ""not_active_exit_eligible"": 1, ""stale_data_no_action"": 8}"
5000,-5000,30000,100,3079,515,2894,185,57,80,2942,-1030223,-334.596622279961,-202.0,-958646,-311.34978889249754,-202.0,71577,23.24683338746346,0.0,24.73289564616448,0.0,546,333,2015,0.621160409556314,879,0.5886298766610925,38,111586,21,99803,508,342461,0,0,454047,382470,True,True,88.80000000000001,8,74,1,17,85,0,515,3079,0,0,3,"{""cut_target"": 21, ""harmful_exit"": 312, ""neutral_exit"": 2015, ""no_active_exit"": 185, ""no_exit_replay"": 515, ""saved_stop"": 38, ""timeout_improved"": 508}","{""candidate_after_baseline_exit"": 17, ""candidate_after_max_hold"": 85, ""lifecycle_without_exit_replay"": 515, ""no_candidate"": 74, ""none"": 2894, ""not_active_exit_eligible"": 1, ""stale_data_no_action"": 8}"
5000,-5000,30000,150,3079,515,2894,185,57,80,2942,-1184173,-384.596622279961,-252.0,-1112596,-361.34978889249754,-252.0,71577,23.24683338746346,0.0,24.73289564616448,0.0,546,333,2015,0.621160409556314,879,0.5886298766610925,38,111586,21,99803,508,342461,0,0,454047,382470,True,True,88.80000000000001,8,74,1,17,85,0,515,3079,0,0,3,"{""cut_target"": 21, ""harmful_exit"": 312, ""neutral_exit"": 2015, ""no_active_exit"": 185, ""no_exit_replay"": 515, ""saved_stop"": 38, ""timeout_improved"": 508}","{""candidate_after_baseline_exit"": 17, ""candidate_after_max_hold"": 85, ""lifecycle_without_exit_replay"": 515, ""no_candidate"": 74, ""none"": 2894, ""not_active_exit_eligible"": 1, ""stale_data_no_action"": 8}"
5000,-5000,30000,200,3079,515,2894,185,57,80,2942,-1338123,-434.596622279961,-302.0,-1266546,-411.34978889249754,-302.0,71577,23.24683338746346,0.0,24.73289564616448,0.0,546,333,2015,0.621160409556314,879,0.5886298766610925,38,111586,21,99803,508,342461,0,0,454047,382470,True,True,88.80000000000001,8,74,1,17,85,0,515,3079,0,0,3,"{""cut_target"": 21, ""harmful_exit"": 312, ""neutral_exit"": 2015, ""no_active_exit"": 185, ""no_exit_replay"": 515, ""saved_stop"": 38, ""timeout_improved"": 508}","{""candidate_after_baseline_exit"": 17, ""candidate_after_max_hold"": 85, ""lifecycle_without_exit_replay"": 515, ""no_candidate"": 74, ""none"": 2894, ""not_active_exit_eligible"": 1, ""stale_data_no_action"": 8}"
5000,-5000,60000,0,3079,515,2961,118,117,126,2836,-770100,-250.1136732705424,-102.0,-671681,-218.149074374797,-102.0,98419,31.96459889574537,0.0,33.23843296183722,0.0,770,441,1750,0.6358381502890174,1211,0.6083463896436886,80,264252,65,302958,690,538550,0,0,802802,704383,False,True,149.0,8,74,1,25,10,0,515,3079,0,0,3,"{""cut_target"": 65, ""harmful_exit"": 376, ""neutral_exit"": 1750, ""no_active_exit"": 118, ""no_exit_replay"": 515, ""saved_stop"": 80, ""timeout_improved"": 690}","{""candidate_after_baseline_exit"": 25, ""candidate_after_max_hold"": 10, ""lifecycle_without_exit_replay"": 515, ""no_candidate"": 74, ""none"": 2961, ""not_active_exit_eligible"": 1, ""stale_data_no_action"": 8}"
5000,-5000,60000,50,3079,515,2961,118,117,126,2836,-924050,-300.1136732705424,-152.0,-825631,-268.149074374797,-152.0,98419,31.96459889574537,0.0,33.23843296183722,0.0,770,441,1750,0.6358381502890174,1211,0.6083463896436886,80,264252,65,302958,690,538550,0,0,802802,704383,False,True,149.0,8,74,1,25,10,0,515,3079,0,0,3,"{""cut_target"": 65, ""harmful_exit"": 376, ""neutral_exit"": 1750, ""no_active_exit"": 118, ""no_exit_replay"": 515, ""saved_stop"": 80, ""timeout_improved"": 690}","{""candidate_after_baseline_exit"": 25, ""candidate_after_max_hold"": 10, ""lifecycle_without_exit_replay"": 515, ""no_candidate"": 74, ""none"": 2961, ""not_active_exit_eligible"": 1, ""stale_data_no_action"": 8}"
5000,-5000,60000,100,3079,515,2961,118,117,126,2836,-1078000,-350.1136732705424,-202.0,-979581,-318.149074374797,-202.0,98419,31.96459889574537,0.0,33.23843296183722,0.0,770,441,1750,0.6358381502890174,1211,0.6083463896436886,80,264252,65,302958,690,538550,0,0,802802,704383,False,True,149.0,8,74,1,25,10,0,515,3079,0,0,3,"{""cut_target"": 65, ""harmful_exit"": 376, ""neutral_exit"": 1750, ""no_active_exit"": 118, ""no_exit_replay"": 515, ""saved_stop"": 80, ""timeout_improved"": 690}","{""candidate_after_baseline_exit"": 25, ""candidate_after_max_hold"": 10, ""lifecycle_without_exit_replay"": 515, ""no_candidate"": 74, ""none"": 2961, ""not_active_exit_eligible"": 1, ""stale_data_no_action"": 8}"
5000,-5000,60000,150,3079,515,2961,118,117,126,2836,-1231950,-400.1136732705424,-252.0,-1133531,-368.149074374797,-252.0,98419,31.96459889574537,0.0,33.23843296183722,0.0,770,441,1750,0.6358381502890174,1211,0.6083463896436886,80,264252,65,302958,690,538550,0,0,802802,704383,False,True,149.0,8,74,1,25,10,0,515,3079,0,0,3,"{""cut_target"": 65, ""harmful_exit"": 376, ""neutral_exit"": 1750, ""no_active_exit"": 118, ""no_exit_replay"": 515, ""saved_stop"": 80, ""timeout_improved"": 690}","{""candidate_after_baseline_exit"": 25, ""candidate_after_max_hold"": 10, ""lifecycle_without_exit_replay"": 515, ""no_candidate"": 74, ""none"": 2961, ""not_active_exit_eligible"": 1, ""stale_data_no_action"": 8}"
5000,-5000,60000,200,3079,515,2961,118,117,126,2836,-1385900,-450.1136732705424,-302.0,-1287481,-418.149074374797,-302.0,98419,31.96459889574537,0.0,33.23843296183722,0.0,770,441,1750,0.6358381502890174,1211,0.6083463896436886,80,264252,65,302958,690,538550,0,0,802802,704383,False,True,149.0,8,74,1,25,10,0,515,3079,0,0,3,"{""cut_target"": 65, ""harmful_exit"": 376, ""neutral_exit"": 1750, ""no_active_exit"": 118, ""no_exit_replay"": 515, ""saved_stop"": 80, ""timeout_improved"": 690}","{""candidate_after_baseline_exit"": 25, ""candidate_after_max_hold"": 10, ""lifecycle_without_exit_replay"": 515, ""no_candidate"": 74, ""none"": 2961, ""not_active_exit_eligible"": 1, ""stale_data_no_action"": 8}"
5000,-5000,120000,0,3079,515,2967,112,181,168,2730,-909172,-295.28158493017213,-102.0,-674967,-219.2163039948035,-102.0,234205,76.06528093536862,0.0,78.93663633299629,0.0,1049,411,1507,0.7184931506849315,1460,0.6948739986014238,120,440134,126,588425,929,732077,0,0,1172211,938006,False,True,212.9,8,74,1,28,1,0,515,3079,0,0,4,"{""cut_target"": 126, ""harmful_exit"": 285, ""neutral_exit"": 1507, ""no_active_exit"": 112, ""no_exit_replay"": 515, ""saved_stop"": 120, ""timeout_improved"": 929}","{""candidate_after_baseline_exit"": 28, ""candidate_after_max_hold"": 1, ""lifecycle_without_exit_replay"": 515, ""no_candidate"": 74, ""none"": 2967, ""not_active_exit_eligible"": 1, ""stale_data_no_action"": 8}"
5000,-5000,120000,50,3079,515,2967,112,181,168,2730,-1063122,-345.28158493017213,-152.0,-828917,-269.2163039948035,-152.0,234205,76.06528093536862,0.0,78.93663633299629,0.0,1049,411,1507,0.7184931506849315,1460,0.6948739986014238,120,440134,126,588425,929,732077,0,0,1172211,938006,False,True,212.9,8,74,1,28,1,0,515,3079,0,0,4,"{""cut_target"": 126, ""harmful_exit"": 285, ""neutral_exit"": 1507, ""no_active_exit"": 112, ""no_exit_replay"": 515, ""saved_stop"": 120, ""timeout_improved"": 929}","{""candidate_after_baseline_exit"": 28, ""candidate_after_max_hold"": 1, ""lifecycle_without_exit_replay"": 515, ""no_candidate"": 74, ""none"": 2967, ""not_active_exit_eligible"": 1, ""stale_data_no_action"": 8}"
5000,-5000,120000,100,3079,515,2967,112,181,168,2730,-1217072,-395.28158493017213,-202.0,-982867,-319.2163039948035,-202.0,234205,76.06528093536862,0.0,78.93663633299629,0.0,1049,411,1507,0.7184931506849315,1460,0.6948739986014238,120,440134,126,588425,929,732077,0,0,1172211,938006,False,True,212.9,8,74,1,28,1,0,515,3079,0,0,4,"{""cut_target"": 126, ""harmful_exit"": 285, ""neutral_exit"": 1507, ""no_active_exit"": 112, ""no_exit_replay"": 515, ""saved_stop"": 120, ""timeout_improved"": 929}","{""candidate_after_baseline_exit"": 28, ""candidate_after_max_hold"": 1, ""lifecycle_without_exit_replay"": 515, ""no_candidate"": 74, ""none"": 2967, ""not_active_exit_eligible"": 1, ""stale_data_no_action"": 8}"
5000,-5000,120000,150,3079,515,2967,112,181,168,2730,-1371022,-445.28158493017213,-252.0,-1136817,-369.2163039948035,-252.0,234205,76.06528093536862,0.0,78.93663633299629,0.0,1049,411,1507,0.7184931506849315,1460,0.6948739986014238,120,440134,126,588425,929,732077,0,0,1172211,938006,False,True,212.9,8,74,1,28,1,0,515,3079,0,0,4,"{""cut_target"": 126, ""harmful_exit"": 285, ""neutral_exit"": 1507, ""no_active_exit"": 112, ""no_exit_replay"": 515, ""saved_stop"": 120, ""timeout_improved"": 929}","{""candidate_after_baseline_exit"": 28, ""candidate_after_max_hold"": 1, ""lifecycle_without_exit_replay"": 515, ""no_candidate"": 74, ""none"": 2967, ""not_active_exit_eligible"": 1, ""stale_data_no_action"": 8}"
5000,-5000,120000,200,3079,515,2967,112,181,168,2730,-1524972,-495.28158493017213,-302.0,-1290767,-419.2163039948035,-302.0,234205,76.06528093536862,0.0,78.93663633299629,0.0,1049,411,1507,0.7184931506849315,1460,0.6948739986014238,120,440134,126,588425,929,732077,0,0,1172211,938006,False,True,212.9,8,74,1,28,1,0,515,3079,0,0,4,"{""cut_target"": 126, ""harmful_exit"": 285, ""neutral_exit"": 1507, ""no_active_exit"": 112, ""no_exit_replay"": 515, ""saved_stop"": 120, ""timeout_improved"": 929}","{""candidate_after_baseline_exit"": 28, ""candidate_after_max_hold"": 1, ""lifecycle_without_exit_replay"": 515, ""no_candidate"": 74, ""none"": 2967, ""not_active_exit_eligible"": 1, ""stale_data_no_action"": 8}"
5000,-6000,30000,0,3079,515,2906,173,57,45,2977,-762268,-247.5699902565768,-102.0,-678422,-220.33842156544333,-102.0,83846,27.231568691133486,0.0,28.85271851342051,0.0,552,338,2016,0.6202247191011236,890,0.5878870912403444,17,58282,21,99803,535,415188,0,0,473470,389624,True,True,70.5,8,74,1,5,85,0,515,3079,0,0,3,"{""cut_target"": 21, ""harmful_exit"": 317, ""neutral_exit"": 2016, ""no_active_exit"": 173, ""no_exit_replay"": 515, ""saved_stop"": 17, ""timeout_improved"": 535}","{""candidate_after_baseline_exit"": 5, ""candidate_after_max_hold"": 85, ""lifecycle_without_exit_replay"": 515, ""no_candidate"": 74, ""none"": 2906, ""not_active_exit_eligible"": 1, ""stale_data_no_action"": 8}"
5000,-6000,30000,50,3079,515,2906,173,57,45,2977,-916218,-297.56999025657683,-152.0,-832372,-270.3384215654433,-152.0,83846,27.231568691133486,0.0,28.85271851342051,0.0,552,338,2016,0.6202247191011236,890,0.5878870912403444,17,58282,21,99803,535,415188,0,0,473470,389624,True,True,70.5,8,74,1,5,85,0,515,3079,0,0,3,"{""cut_target"": 21, ""harmful_exit"": 317, ""neutral_exit"": 2016, ""no_active_exit"": 173, ""no_exit_replay"": 515, ""saved_stop"": 17, ""timeout_improved"": 535}","{""candidate_after_baseline_exit"": 5, ""candidate_after_max_hold"": 85, ""lifecycle_without_exit_replay"": 515, ""no_candidate"": 74, ""none"": 2906, ""not_active_exit_eligible"": 1, ""stale_data_no_action"": 8}"
5000,-6000,30000,100,3079,515,2906,173,57,45,2977,-1070168,-347.56999025657683,-202.0,-986322,-320.3384215654433,-202.0,83846,27.231568691133486,0.0,28.85271851342051,0.0,552,338,2016,0.6202247191011236,890,0.5878870912403444,17,58282,21,99803,535,415188,0,0,473470,389624,True,True,70.5,8,74,1,5,85,0,515,3079,0,0,3,"{""cut_target"": 21, ""harmful_exit"": 317, ""neutral_exit"": 2016, ""no_active_exit"": 173, ""no_exit_replay"": 515, ""saved_stop"": 17, ""timeout_improved"": 535}","{""candidate_after_baseline_exit"": 5, ""candidate_after_max_hold"": 85, ""lifecycle_without_exit_replay"": 515, ""no_candidate"": 74, ""none"": 2906, ""not_active_exit_eligible"": 1, ""stale_data_no_action"": 8}"
5000,-6000,30000,150,3079,515,2906,173,57,45,2977,-1224118,-397.56999025657683,-252.0,-1140272,-370.3384215654433,-252.0,83846,27.231568691133486,0.0,28.85271851342051,0.0,552,338,2016,0.6202247191011236,890,0.5878870912403444,17,58282,21,99803,535,415188,0,0,473470,389624,True,True,70.5,8,74,1,5,85,0,515,3079,0,0,3,"{""cut_target"": 21, ""harmful_exit"": 317, ""neutral_exit"": 2016, ""no_active_exit"": 173, ""no_exit_replay"": 515, ""saved_stop"": 17, ""timeout_improved"": 535}","{""candidate_after_baseline_exit"": 5, ""candidate_after_max_hold"": 85, ""lifecycle_without_exit_replay"": 515, ""no_candidate"": 74, ""none"": 2906, ""not_active_exit_eligible"": 1, ""stale_data_no_action"": 8}"
5000,-6000,30000,200,3079,515,2906,173,57,45,2977,-1378068,-447.56999025657683,-302.0,-1294222,-420.3384215654433,-302.0,83846,27.231568691133486,0.0,28.85271851342051,0.0,552,338,2016,0.6202247191011236,890,0.5878870912403444,17,58282,21,99803,535,415188,0,0,473470,389624,True,True,70.5,8,74,1,5,85,0,515,3079,0,0,3,"{""cut_target"": 21, ""harmful_exit"": 317, ""neutral_exit"": 2016, ""no_active_exit"": 173, ""no_exit_replay"": 515, ""saved_stop"": 17, ""timeout_improved"": 535}","{""candidate_after_baseline_exit"": 5, ""candidate_after_max_hold"": 85, ""lifecycle_without_exit_replay"": 515, ""no_candidate"": 74, ""none"": 2906, ""not_active_exit_eligible"": 1, ""stale_data_no_action"": 8}"
5000,-6000,60000,0,3079,515,2976,103,117,76,2886,-839844,-272.76518350113673,-102.0,-697812,-226.6359207534914,-102.0,142032,46.12926274764534,0.0,47.725806451612904,0.0,778,446,1752,0.6356209150326797,1224,0.6082746461138069,45,187455,65,302958,733,666298,0,0,853753,711721,False,True,118.3,8,74,1,10,10,0,515,3079,0,0,3,"{""cut_target"": 65, ""harmful_exit"": 381, ""neutral_exit"": 1752, ""no_active_exit"": 103, ""no_exit_replay"": 515, ""saved_stop"": 45, ""timeout_improved"": 733}","{""candidate_after_baseline_exit"": 10, ""candidate_after_max_hold"": 10, ""lifecycle_without_exit_replay"": 515, ""no_candidate"": 74, ""none"": 2976, ""not_active_exit_eligible"": 1, ""stale_data_no_action"": 8}"
5000,-6000,60000,50,3079,515,2976,103,117,76,2886,-993794,-322.76518350113673,-152.0,-851762,-276.6359207534914,-152.0,142032,46.12926274764534,0.0,47.725806451612904,0.0,778,446,1752,0.6356209150326797,1224,0.6082746461138069,45,187455,65,302958,733,666298,0,0,853753,711721,False,True,118.3,8,74,1,10,10,0,515,3079,0,0,3,"{""cut_target"": 65, ""harmful_exit"": 381, ""neutral_exit"": 1752, ""no_active_exit"": 103, ""no_exit_replay"": 515, ""saved_stop"": 45, ""timeout_improved"": 733}","{""candidate_after_baseline_exit"": 10, ""candidate_after_max_hold"": 10, ""lifecycle_without_exit_replay"": 515, ""no_candidate"": 74, ""none"": 2976, ""not_active_exit_eligible"": 1, ""stale_data_no_action"": 8}"
5000,-6000,60000,100,3079,515,2976,103,117,76,2886,-1147744,-372.76518350113673,-202.0,-1005712,-326.6359207534914,-202.0,142032,46.12926274764534,0.0,47.725806451612904,0.0,778,446,1752,0.6356209150326797,1224,0.6082746461138069,45,187455,65,302958,733,666298,0,0,853753,711721,False,True,118.3,8,74,1,10,10,0,515,3079,0,0,3,"{""cut_target"": 65, ""harmful_exit"": 381, ""neutral_exit"": 1752, ""no_active_exit"": 103, ""no_exit_replay"": 515, ""saved_stop"": 45, ""timeout_improved"": 733}","{""candidate_after_baseline_exit"": 10, ""candidate_after_max_hold"": 10, ""lifecycle_without_exit_replay"": 515, ""no_candidate"": 74, ""none"": 2976, ""not_active_exit_eligible"": 1, ""stale_data_no_action"": 8}"
5000,-6000,60000,150,3079,515,2976,103,117,76,2886,-1301694,-422.76518350113673,-252.0,-1159662,-376.6359207534914,-252.0,142032,46.12926274764534,0.0,47.725806451612904,0.0,778,446,1752,0.6356209150326797,1224,0.6082746461138069,45,187455,65,302958,733,666298,0,0,853753,711721,False,True,118.3,8,74,1,10,10,0,515,3079,0,0,3,"{""cut_target"": 65, ""harmful_exit"": 381, ""neutral_exit"": 1752, ""no_active_exit"": 103, ""no_exit_replay"": 515, ""saved_stop"": 45, ""timeout_improved"": 733}","{""candidate_after_baseline_exit"": 10, ""candidate_after_max_hold"": 10, ""lifecycle_without_exit_replay"": 515, ""no_candidate"": 74, ""none"": 2976, ""not_active_exit_eligible"": 1, ""stale_data_no_action"": 8}"
5000,-6000,60000,200,3079,515,2976,103,117,76,2886,-1455644,-472.76518350113673,-302.0,-1313612,-426.6359207534914,-302.0,142032,46.12926274764534,0.0,47.725806451612904,0.0,778,446,1752,0.6356209150326797,1224,0.6082746461138069,45,187455,65,302958,733,666298,0,0,853753,711721,False,True,118.3,8,74,1,10,10,0,515,3079,0,0,3,"{""cut_target"": 65, ""harmful_exit"": 381, ""neutral_exit"": 1752, ""no_active_exit"": 103, ""no_exit_replay"": 515, ""saved_stop"": 45, ""timeout_improved"": 733}","{""candidate_after_baseline_exit"": 10, ""candidate_after_max_hold"": 10, ""lifecycle_without_exit_replay"": 515, ""no_candidate"": 74, ""none"": 2976, ""not_active_exit_eligible"": 1, ""stale_data_no_action"": 8}"
5000,-6000,120000,0,3079,515,2982,97,181,103,2795,-990380,-321.656381942189,-102.0,-703098,-228.35271191945438,-102.0,287282,93.30367002273465,0.0,96.33869885982563,0.0,1054,419,1509,0.7155465037338764,1473,0.6919695864183433,70,311861,126,588425,984,926974,0,0,1238835,951553,False,True,168.4,8,74,1,13,1,0,515,3079,0,0,4,"{""cut_target"": 126, ""harmful_exit"": 293, ""neutral_exit"": 1509, ""no_active_exit"": 97, ""no_exit_replay"": 515, ""saved_stop"": 70, ""timeout_improved"": 984}","{""candidate_after_baseline_exit"": 13, ""candidate_after_max_hold"": 1, ""lifecycle_without_exit_replay"": 515, ""no_candidate"": 74, ""none"": 2982, ""not_active_exit_eligible"": 1, ""stale_data_no_action"": 8}"
5000,-6000,120000,50,3079,515,2982,97,181,103,2795,-1144330,-371.656381942189,-152.0,-857048,-278.35271191945435,-152.0,287282,93.30367002273465,0.0,96.33869885982563,0.0,1054,419,1509,0.7155465037338764,1473,0.6919695864183433,70,311861,126,588425,984,926974,0,0,1238835,951553,False,True,168.4,8,74,1,13,1,0,515,3079,0,0,4,"{""cut_target"": 126, ""harmful_exit"": 293, ""neutral_exit"": 1509, ""no_active_exit"": 97, ""no_exit_replay"": 515, ""saved_stop"": 70, ""timeout_improved"": 984}","{""candidate_after_baseline_exit"": 13, ""candidate_after_max_hold"": 1, ""lifecycle_without_exit_replay"": 515, ""no_candidate"": 74, ""none"": 2982, ""not_active_exit_eligible"": 1, ""stale_data_no_action"": 8}"
5000,-6000,120000,100,3079,515,2982,97,181,103,2795,-1298280,-421.656381942189,-202.0,-1010998,-328.35271191945435,-202.0,287282,93.30367002273465,0.0,96.33869885982563,0.0,1054,419,1509,0.7155465037338764,1473,0.6919695864183433,70,311861,126,588425,984,926974,0,0,1238835,951553,False,True,168.4,8,74,1,13,1,0,515,3079,0,0,4,"{""cut_target"": 126, ""harmful_exit"": 293, ""neutral_exit"": 1509, ""no_active_exit"": 97, ""no_exit_replay"": 515, ""saved_stop"": 70, ""timeout_improved"": 984}","{""candidate_after_baseline_exit"": 13, ""candidate_after_max_hold"": 1, ""lifecycle_without_exit_replay"": 515, ""no_candidate"": 74, ""none"": 2982, ""not_active_exit_eligible"": 1, ""stale_data_no_action"": 8}"
5000,-6000,120000,150,3079,515,2982,97,181,103,2795,-1452230,-471.656381942189,-252.0,-1164948,-378.35271191945435,-252.0,287282,93.30367002273465,0.0,96.33869885982563,0.0,1054,419,1509,0.7155465037338764,1473,0.6919695864183433,70,311861,126,588425,984,926974,0,0,1238835,951553,False,True,168.4,8,74,1,13,1,0,515,3079,0,0,4,"{""cut_target"": 126, ""harmful_exit"": 293, ""neutral_exit"": 1509, ""no_active_exit"": 97, ""no_exit_replay"": 515, ""saved_stop"": 70, ""timeout_improved"": 984}","{""candidate_after_baseline_exit"": 13, ""candidate_after_max_hold"": 1, ""lifecycle_without_exit_replay"": 515, ""no_candidate"": 74, ""none"": 2982, ""not_active_exit_eligible"": 1, ""stale_data_no_action"": 8}"
5000,-6000,120000,200,3079,515,2982,97,181,103,2795,-1606180,-521.656381942189,-302.0,-1318898,-428.35271191945435,-302.0,287282,93.30367002273465,0.0,96.33869885982563,0.0,1054,419,1509,0.7155465037338764,1473,0.6919695864183433,70,311861,126,588425,984,926974,0,0,1238835,951553,False,True,168.4,8,74,1,13,1,0,515,3079,0,0,4,"{""cut_target"": 126, ""harmful_exit"": 293, ""neutral_exit"": 1509, ""no_active_exit"": 97, ""no_exit_replay"": 515, ""saved_stop"": 70, ""timeout_improved"": 984}","{""candidate_after_baseline_exit"": 13, ""candidate_after_max_hold"": 1, ""lifecycle_without_exit_replay"": 515, ""no_candidate"": 74, ""none"": 2982, ""not_active_exit_eligible"": 1, ""stale_data_no_action"": 8}"
6000,-200,30000,0,3079,515,2399,680,20,842,2217,75304,24.45729132835336,-102.0,-10396,-3.3764209158817797,-102.0,-85700,-27.83371224423514,0.0,-35.72321800750313,0.0,356,189,1854,0.653211009174312,545,0.612305794175877,230,63245,10,43207,126,19388,0,0,82633,168333,False,True,242.6,8,74,1,512,85,0,515,3079,0,0,2,"{""cut_target"": 10, ""harmful_exit"": 179, ""neutral_exit"": 1854, ""no_active_exit"": 680, ""no_exit_replay"": 515, ""saved_stop"": 230, ""timeout_improved"": 126}","{""candidate_after_baseline_exit"": 512, ""candidate_after_max_hold"": 85, ""lifecycle_without_exit_replay"": 515, ""no_candidate"": 74, ""none"": 2399, ""not_active_exit_eligible"": 1, ""stale_data_no_action"": 8}"
6000,-200,30000,50,3079,515,2399,680,20,842,2217,-78646,-25.54270867164664,-152.0,-164346,-53.37642091588178,-152.0,-85700,-27.83371224423514,0.0,-35.72321800750313,0.0,356,189,1854,0.653211009174312,545,0.612305794175877,230,63245,10,43207,126,19388,0,0,82633,168333,False,True,242.6,8,74,1,512,85,0,515,3079,0,0,2,"{""cut_target"": 10, ""harmful_exit"": 179, ""neutral_exit"": 1854, ""no_active_exit"": 680, ""no_exit_replay"": 515, ""saved_stop"": 230, ""timeout_improved"": 126}","{""candidate_after_baseline_exit"": 512, ""candidate_after_max_hold"": 85, ""lifecycle_without_exit_replay"": 515, ""no_candidate"": 74, ""none"": 2399, ""not_active_exit_eligible"": 1, ""stale_data_no_action"": 8}"
6000,-200,30000,100,3079,515,2399,680,20,842,2217,-232596,-75.54270867164664,-202.0,-318296,-103.37642091588178,-202.0,-85700,-27.83371224423514,0.0,-35.72321800750313,0.0,356,189,1854,0.653211009174312,545,0.612305794175877,230,63245,10,43207,126,19388,0,0,82633,168333,False,True,242.6,8,74,1,512,85,0,515,3079,0,0,2,"{""cut_target"": 10, ""harmful_exit"": 179, ""neutral_exit"": 1854, ""no_active_exit"": 680, ""no_exit_replay"": 515, ""saved_stop"": 230, ""timeout_improved"": 126}","{""candidate_after_baseline_exit"": 512, ""candidate_after_max_hold"": 85, ""lifecycle_without_exit_replay"": 515, ""no_candidate"": 74, ""none"": 2399, ""not_active_exit_eligible"": 1, ""stale_data_no_action"": 8}"
6000,-200,30000,150,3079,515,2399,680,20,842,2217,-386546,-125.54270867164664,-252.0,-472246,-153.37642091588177,-252.0,-85700,-27.83371224423514,0.0,-35.72321800750313,0.0,356,189,1854,0.653211009174312,545,0.612305794175877,230,63245,10,43207,126,19388,0,0,82633,168333,False,True,242.6,8,74,1,512,85,0,515,3079,0,0,2,"{""cut_target"": 10, ""harmful_exit"": 179, ""neutral_exit"": 1854, ""no_active_exit"": 680, ""no_exit_replay"": 515, ""saved_stop"": 230, ""timeout_improved"": 126}","{""candidate_after_baseline_exit"": 512, ""candidate_after_max_hold"": 85, ""lifecycle_without_exit_replay"": 515, ""no_candidate"": 74, ""none"": 2399, ""not_active_exit_eligible"": 1, ""stale_data_no_action"": 8}"
6000,-200,30000,200,3079,515,2399,680,20,842,2217,-540496,-175.54270867164664,-302.0,-626196,-203.37642091588177,-302.0,-85700,-27.83371224423514,0.0,-35.72321800750313,0.0,356,189,1854,0.653211009174312,545,0.612305794175877,230,63245,10,43207,126,19388,0,0,82633,168333,False,True,242.6,8,74,1,512,85,0,515,3079,0,0,2,"{""cut_target"": 10, ""harmful_exit"": 179, ""neutral_exit"": 1854, ""no_active_exit"": 680, ""no_exit_replay"": 515, ""saved_stop"": 230, ""timeout_improved"": 126}","{""candidate_after_baseline_exit"": 512, ""candidate_after_max_hold"": 85, ""lifecycle_without_exit_replay"": 515, ""no_candidate"": 74, ""none"": 2399, ""not_active_exit_eligible"": 1, ""stale_data_no_action"": 8}"
6000,-200,60000,0,3079,515,2425,654,41,987,2051,181836,59.05683663527119,-102.0,-7400,-2.4033777200389737,-102.0,-189236,-61.460214355310164,0.0,-78.03546391752577,0.0,547,252,1626,0.6846057571964956,799,0.6515677639413712,367,108419,24,111131,180,17990,0,0,126409,315645,False,True,385.0,8,74,1,561,10,0,515,3079,0,0,2,"{""cut_target"": 24, ""harmful_exit"": 228, ""neutral_exit"": 1626, ""no_active_exit"": 654, ""no_exit_replay"": 515, ""saved_stop"": 367, ""timeout_improved"": 180}","{""candidate_after_baseline_exit"": 561, ""candidate_after_max_hold"": 10, ""lifecycle_without_exit_replay"": 515, ""no_candidate"": 74, ""none"": 2425, ""not_active_exit_eligible"": 1, ""stale_data_no_action"": 8}"
6000,-200,60000,50,3079,515,2425,654,41,987,2051,27886,9.056836635271193,-152.0,-161350,-52.403377720038975,-152.0,-189236,-61.460214355310164,0.0,-78.03546391752577,0.0,547,252,1626,0.6846057571964956,799,0.6515677639413712,367,108419,24,111131,180,17990,0,0,126409,315645,False,True,385.0,8,74,1,561,10,0,515,3079,0,0,2,"{""cut_target"": 24, ""harmful_exit"": 228, ""neutral_exit"": 1626, ""no_active_exit"": 654, ""no_exit_replay"": 515, ""saved_stop"": 367, ""timeout_improved"": 180}","{""candidate_after_baseline_exit"": 561, ""candidate_after_max_hold"": 10, ""lifecycle_without_exit_replay"": 515, ""no_candidate"": 74, ""none"": 2425, ""not_active_exit_eligible"": 1, ""stale_data_no_action"": 8}"
6000,-200,60000,100,3079,515,2425,654,41,987,2051,-126064,-40.94316336472881,-202.0,-315300,-102.40337772003897,-202.0,-189236,-61.460214355310164,0.0,-78.03546391752577,0.0,547,252,1626,0.6846057571964956,799,0.6515677639413712,367,108419,24,111131,180,17990,0,0,126409,315645,False,True,385.0,8,74,1,561,10,0,515,3079,0,0,2,"{""cut_target"": 24, ""harmful_exit"": 228, ""neutral_exit"": 1626, ""no_active_exit"": 654, ""no_exit_replay"": 515, ""saved_stop"": 367, ""timeout_improved"": 180}","{""candidate_after_baseline_exit"": 561, ""candidate_after_max_hold"": 10, ""lifecycle_without_exit_replay"": 515, ""no_candidate"": 74, ""none"": 2425, ""not_active_exit_eligible"": 1, ""stale_data_no_action"": 8}"
6000,-200,60000,150,3079,515,2425,654,41,987,2051,-280014,-90.9431633647288,-252.0,-469250,-152.40337772003897,-252.0,-189236,-61.460214355310164,0.0,-78.03546391752577,0.0,547,252,1626,0.6846057571964956,799,0.6515677639413712,367,108419,24,111131,180,17990,0,0,126409,315645,False,True,385.0,8,74,1,561,10,0,515,3079,0,0,2,"{""cut_target"": 24, ""harmful_exit"": 228, ""neutral_exit"": 1626, ""no_active_exit"": 654, ""no_exit_replay"": 515, ""saved_stop"": 367, ""timeout_improved"": 180}","{""candidate_after_baseline_exit"": 561, ""candidate_after_max_hold"": 10, ""lifecycle_without_exit_replay"": 515, ""no_candidate"": 74, ""none"": 2425, ""not_active_exit_eligible"": 1, ""stale_data_no_action"": 8}"
6000,-200,60000,200,3079,515,2425,654,41,987,2051,-433964,-140.9431633647288,-302.0,-623200,-202.40337772003897,-302.0,-189236,-61.460214355310164,0.0,-78.03546391752577,0.0,547,252,1626,0.6846057571964956,799,0.6515677639413712,367,108419,24,111131,180,17990,0,0,126409,315645,False,True,385.0,8,74,1,561,10,0,515,3079,0,0,2,"{""cut_target"": 24, ""harmful_exit"": 228, ""neutral_exit"": 1626, ""no_active_exit"": 654, ""no_exit_replay"": 515, ""saved_stop"": 367, ""timeout_improved"": 180}","{""candidate_after_baseline_exit"": 561, ""candidate_after_max_hold"": 10, ""lifecycle_without_exit_replay"": 515, ""no_candidate"": 74, ""none"": 2425, ""not_active_exit_eligible"": 1, ""stale_data_no_action"": 8}"
6000,-200,120000,0,3079,515,2428,651,69,1209,1801,242526,78.76778174732056,-109.0,-11789,-3.8288405326404678,-102.0,-254315,-82.59662227996103,0.0,-104.74258649093905,0.0,790,229,1409,0.7752698724239451,1019,0.7486351369861493,587,156146,48,221917,203,14999,0,0,171145,425460,False,True,607.3,8,74,1,567,1,0,515,3079,0,0,3,"{""cut_target"": 48, ""harmful_exit"": 181, ""neutral_exit"": 1409, ""no_active_exit"": 651, ""no_exit_replay"": 515, ""saved_stop"": 587, ""timeout_improved"": 203}","{""candidate_after_baseline_exit"": 567, ""candidate_after_max_hold"": 1, ""lifecycle_without_exit_replay"": 515, ""no_candidate"": 74, ""none"": 2428, ""not_active_exit_eligible"": 1, ""stale_data_no_action"": 8}"
6000,-200,120000,50,3079,515,2428,651,69,1209,1801,88576,28.76778174732056,-159.0,-165739,-53.82884053264047,-152.0,-254315,-82.59662227996103,0.0,-104.74258649093905,0.0,790,229,1409,0.7752698724239451,1019,0.7486351369861493,587,156146,48,221917,203,14999,0,0,171145,425460,False,True,607.3,8,74,1,567,1,0,515,3079,0,0,3,"{""cut_target"": 48, ""harmful_exit"": 181, ""neutral_exit"": 1409, ""no_active_exit"": 651, ""no_exit_replay"": 515, ""saved_stop"": 587, ""timeout_improved"": 203}","{""candidate_after_baseline_exit"": 567, ""candidate_after_max_hold"": 1, ""lifecycle_without_exit_replay"": 515, ""no_candidate"": 74, ""none"": 2428, ""not_active_exit_eligible"": 1, ""stale_data_no_action"": 8}"
6000,-200,120000,100,3079,515,2428,651,69,1209,1801,-65374,-21.23221825267944,-209.0,-319689,-103.82884053264047,-202.0,-254315,-82.59662227996103,0.0,-104.74258649093905,0.0,790,229,1409,0.7752698724239451,1019,0.7486351369861493,587,156146,48,221917,203,14999,0,0,171145,425460,False,True,607.3,8,74,1,567,1,0,515,3079,0,0,3,"{""cut_target"": 48, ""harmful_exit"": 181, ""neutral_exit"": 1409, ""no_active_exit"": 651, ""no_exit_replay"": 515, ""saved_stop"": 587, ""timeout_improved"": 203}","{""candidate_after_baseline_exit"": 567, ""candidate_after_max_hold"": 1, ""lifecycle_without_exit_replay"": 515, ""no_candidate"": 74, ""none"": 2428, ""not_active_exit_eligible"": 1, ""stale_data_no_action"": 8}"
6000,-200,120000,150,3079,515,2428,651,69,1209,1801,-219324,-71.23221825267944,-259.0,-473639,-153.82884053264047,-252.0,-254315,-82.59662227996103,0.0,-104.74258649093905,0.0,790,229,1409,0.7752698724239451,1019,0.7486351369861493,587,156146,48,221917,203,14999,0,0,171145,425460,False,True,607.3,8,74,1,567,1,0,515,3079,0,0,3,"{""cut_target"": 48, ""harmful_exit"": 181, ""neutral_exit"": 1409, ""no_active_exit"": 651, ""no_exit_replay"": 515, ""saved_stop"": 587, ""timeout_improved"": 203}","{""candidate_after_baseline_exit"": 567, ""candidate_after_max_hold"": 1, ""lifecycle_without_exit_replay"": 515, ""no_candidate"": 74, ""none"": 2428, ""not_active_exit_eligible"": 1, ""stale_data_no_action"": 8}"
6000,-200,120000,200,3079,515,2428,651,69,1209,1801,-373274,-121.23221825267944,-309.0,-627589,-203.82884053264047,-302.0,-254315,-82.59662227996103,0.0,-104.74258649093905,0.0,790,229,1409,0.7752698724239451,1019,0.7486351369861493,587,156146,48,221917,203,14999,0,0,171145,425460,False,True,607.3,8,74,1,567,1,0,515,3079,0,0,3,"{""cut_target"": 48, ""harmful_exit"": 181, ""neutral_exit"": 1409, ""no_active_exit"": 651, ""no_exit_replay"": 515, ""saved_stop"": 587, ""timeout_improved"": 203}","{""candidate_after_baseline_exit"": 567, ""candidate_after_max_hold"": 1, ""lifecycle_without_exit_replay"": 515, ""no_candidate"": 74, ""none"": 2428, ""not_active_exit_eligible"": 1, ""stale_data_no_action"": 8}"
6000,-300,30000,0,3079,515,2458,621,21,747,2311,25331,8.22702176031179,-102.0,-64456,-20.934069503085418,-102.0,-89787,-29.161091263397207,0.0,-36.52847843775427,0.0,379,202,1877,0.6523235800344234,581,0.6127135735379482,195,74231,11,48909,184,29717,0,0,103948,193735,False,True,213.4,8,74,1,453,85,0,515,3079,0,0,2,"{""cut_target"": 11, ""harmful_exit"": 191, ""neutral_exit"": 1877, ""no_active_exit"": 621, ""no_exit_replay"": 515, ""saved_stop"": 195, ""timeout_improved"": 184}","{""candidate_after_baseline_exit"": 453, ""candidate_after_max_hold"": 85, ""lifecycle_without_exit_replay"": 515, ""no_candidate"": 74, ""none"": 2458, ""not_active_exit_eligible"": 1, ""stale_data_no_action"": 8}"
6000,-300,30000,50,3079,515,2458,621,21,747,2311,-128619,-41.77297823968821,-152.0,-218406,-70.93406950308541,-152.0,-89787,-29.161091263397207,0.0,-36.52847843775427,0.0,379,202,1877,0.6523235800344234,581,0.6127135735379482,195,74231,11,48909,184,29717,0,0,103948,193735,False,True,213.4,8,74,1,453,85,0,515,3079,0,0,2,"{""cut_target"": 11, ""harmful_exit"": 191, ""neutral_exit"": 1877, ""no_active_exit"": 621, ""no_exit_replay"": 515, ""saved_stop"": 195, ""timeout_improved"": 184}","{""candidate_after_baseline_exit"": 453, ""candidate_after_max_hold"": 85, ""lifecycle_without_exit_replay"": 515, ""no_candidate"": 74, ""none"": 2458, ""not_active_exit_eligible"": 1, ""stale_data_no_action"": 8}"
6000,-300,30000,100,3079,515,2458,621,21,747,2311,-282569,-91.77297823968821,-202.0,-372356,-120.93406950308541,-202.0,-89787,-29.161091263397207,0.0,-36.52847843775427,0.0,379,202,1877,0.6523235800344234,581,0.6127135735379482,195,74231,11,48909,184,29717,0,0,103948,193735,False,True,213.4,8,74,1,453,85,0,515,3079,0,0,2,"{""cut_target"": 11, ""harmful_exit"": 191, ""neutral_exit"": 1877, ""no_active_exit"": 621, ""no_exit_replay"": 515, ""saved_stop"": 195, ""timeout_improved"": 184}","{""candidate_after_baseline_exit"": 453, ""candidate_after_max_hold"": 85, ""lifecycle_without_exit_replay"": 515, ""no_candidate"": 74, ""none"": 2458, ""not_active_exit_eligible"": 1, ""stale_data_no_action"": 8}"
6000,-300,30000,150,3079,515,2458,621,21,747,2311,-436519,-141.7729782396882,-252.0,-526306,-170.93406950308542,-252.0,-89787,-29.161091263397207,0.0,-36.52847843775427,0.0,379,202,1877,0.6523235800344234,581,0.6127135735379482,195,74231,11,48909,184,29717,0,0,103948,193735,False,True,213.4,8,74,1,453,85,0,515,3079,0,0,2,"{""cut_target"": 11, ""harmful_exit"": 191, ""neutral_exit"": 1877, ""no_active_exit"": 621, ""no_exit_replay"": 515, ""saved_stop"": 195, ""timeout_improved"": 184}","{""candidate_after_baseline_exit"": 453, ""candidate_after_max_hold"": 85, ""lifecycle_without_exit_replay"": 515, ""no_candidate"": 74, ""none"": 2458, ""not_active_exit_eligible"": 1, ""stale_data_no_action"": 8}"
6000,-300,30000,200,3079,515,2458,621,21,747,2311,-590469,-191.7729782396882,-302.0,-680256,-220.93406950308542,-302.0,-89787,-29.161091263397207,0.0,-36.52847843775427,0.0,379,202,1877,0.6523235800344234,581,0.6127135735379482,195,74231,11,48909,184,29717,0,0,103948,193735,False,True,213.4,8,74,1,453,85,0,515,3079,0,0,2,"{""cut_target"": 11, ""harmful_exit"": 191, ""neutral_exit"": 1877, ""no_active_exit"": 621, ""no_exit_replay"": 515, ""saved_stop"": 195, ""timeout_improved"": 184}","{""candidate_after_baseline_exit"": 453, ""candidate_after_max_hold"": 85, ""lifecycle_without_exit_replay"": 515, ""no_candidate"": 74, ""none"": 2458, ""not_active_exit_eligible"": 1, ""stale_data_no_action"": 8}"
6000,-300,60000,0,3079,515,2485,594,42,885,2152,134642,43.729132835336145,-102.0,-62857,-20.414745047093213,-102.0,-197499,-64.14387788242936,0.0,-79.47645875251509,0.0,568,272,1645,0.6761904761904762,840,0.6438065799177458,325,132411,25,116833,243,27708,0,0,160119,357618,False,True,349.3,8,74,1,501,10,0,515,3079,0,0,3,"{""cut_target"": 25, ""harmful_exit"": 247, ""neutral_exit"": 1645, ""no_active_exit"": 594, ""no_exit_replay"": 515, ""saved_stop"": 325, ""timeout_improved"": 243}","{""candidate_after_baseline_exit"": 501, ""candidate_after_max_hold"": 10, ""lifecycle_without_exit_replay"": 515, ""no_candidate"": 74, ""none"": 2485, ""not_active_exit_eligible"": 1, ""stale_data_no_action"": 8}"
6000,-300,60000,50,3079,515,2485,594,42,885,2152,-19308,-6.270867164663852,-152.0,-216807,-70.4147450470932,-152.0,-197499,-64.14387788242936,0.0,-79.47645875251509,0.0,568,272,1645,0.6761904761904762,840,0.6438065799177458,325,132411,25,116833,243,27708,0,0,160119,357618,False,True,349.3,8,74,1,501,10,0,515,3079,0,0,3,"{""cut_target"": 25, ""harmful_exit"": 247, ""neutral_exit"": 1645, ""no_active_exit"": 594, ""no_exit_replay"": 515, ""saved_stop"": 325, ""timeout_improved"": 243}","{""candidate_after_baseline_exit"": 501, ""candidate_after_max_hold"": 10, ""lifecycle_without_exit_replay"": 515, ""no_candidate"": 74, ""none"": 2485, ""not_active_exit_eligible"": 1, ""stale_data_no_action"": 8}"
6000,-300,60000,100,3079,515,2485,594,42,885,2152,-173258,-56.270867164663855,-202.0,-370757,-120.4147450470932,-202.0,-197499,-64.14387788242936,0.0,-79.47645875251509,0.0,568,272,1645,0.6761904761904762,840,0.6438065799177458,325,132411,25,116833,243,27708,0,0,160119,357618,False,True,349.3,8,74,1,501,10,0,515,3079,0,0,3,"{""cut_target"": 25, ""harmful_exit"": 247, ""neutral_exit"": 1645, ""no_active_exit"": 594, ""no_exit_replay"": 515, ""saved_stop"": 325, ""timeout_improved"": 243}","{""candidate_after_baseline_exit"": 501, ""candidate_after_max_hold"": 10, ""lifecycle_without_exit_replay"": 515, ""no_candidate"": 74, ""none"": 2485, ""not_active_exit_eligible"": 1, ""stale_data_no_action"": 8}"
6000,-300,60000,150,3079,515,2485,594,42,885,2152,-327208,-106.27086716466385,-252.0,-524707,-170.41474504709322,-252.0,-197499,-64.14387788242936,0.0,-79.47645875251509,0.0,568,272,1645,0.6761904761904762,840,0.6438065799177458,325,132411,25,116833,243,27708,0,0,160119,357618,False,True,349.3,8,74,1,501,10,0,515,3079,0,0,3,"{""cut_target"": 25, ""harmful_exit"": 247, ""neutral_exit"": 1645, ""no_active_exit"": 594, ""no_exit_replay"": 515, ""saved_stop"": 325, ""timeout_improved"": 243}","{""candidate_after_baseline_exit"": 501, ""candidate_after_max_hold"": 10, ""lifecycle_without_exit_replay"": 515, ""no_candidate"": 74, ""none"": 2485, ""not_active_exit_eligible"": 1, ""stale_data_no_action"": 8}"
6000,-300,60000,200,3079,515,2485,594,42,885,2152,-481158,-156.27086716466385,-302.0,-678657,-220.41474504709322,-302.0,-197499,-64.14387788242936,0.0,-79.47645875251509,0.0,568,272,1645,0.6761904761904762,840,0.6438065799177458,325,132411,25,116833,243,27708,0,0,160119,357618,False,True,349.3,8,74,1,501,10,0,515,3079,0,0,3,"{""cut_target"": 25, ""harmful_exit"": 247, ""neutral_exit"": 1645, ""no_active_exit"": 594, ""no_exit_replay"": 515, ""saved_stop"": 325, ""timeout_improved"": 243}","{""candidate_after_baseline_exit"": 501, ""candidate_after_max_hold"": 10, ""lifecycle_without_exit_replay"": 515, ""no_candidate"": 74, ""none"": 2485, ""not_active_exit_eligible"": 1, ""stale_data_no_action"": 8}"
6000,-300,120000,0,3079,515,2488,591,72,1062,1945,167220,54.30984085742124,-109.0,-67446,-21.905164014290353,-102.0,-234666,-76.2150048717116,0.0,-94.31913183279742,0.0,820,244,1424,0.7706766917293233,1064,0.7444693989337062,500,194172,51,240068,320,32281,0,0,226453,461119,False,True,532.0,8,74,1,507,1,0,515,3079,0,0,3,"{""cut_target"": 51, ""harmful_exit"": 193, ""neutral_exit"": 1424, ""no_active_exit"": 591, ""no_exit_replay"": 515, ""saved_stop"": 500, ""timeout_improved"": 320}","{""candidate_after_baseline_exit"": 507, ""candidate_after_max_hold"": 1, ""lifecycle_without_exit_replay"": 515, ""no_candidate"": 74, ""none"": 2488, ""not_active_exit_eligible"": 1, ""stale_data_no_action"": 8}"
6000,-300,120000,50,3079,515,2488,591,72,1062,1945,13270,4.309840857421241,-159.0,-221396,-71.90516401429035,-152.0,-234666,-76.2150048717116,0.0,-94.31913183279742,0.0,820,244,1424,0.7706766917293233,1064,0.7444693989337062,500,194172,51,240068,320,32281,0,0,226453,461119,False,True,532.0,8,74,1,507,1,0,515,3079,0,0,3,"{""cut_target"": 51, ""harmful_exit"": 193, ""neutral_exit"": 1424, ""no_active_exit"": 591, ""no_exit_replay"": 515, ""saved_stop"": 500, ""timeout_improved"": 320}","{""candidate_after_baseline_exit"": 507, ""candidate_after_max_hold"": 1, ""lifecycle_without_exit_replay"": 515, ""no_candidate"": 74, ""none"": 2488, ""not_active_exit_eligible"": 1, ""stale_data_no_action"": 8}"
6000,-300,120000,100,3079,515,2488,591,72,1062,1945,-140680,-45.69015914257876,-209.0,-375346,-121.90516401429035,-202.0,-234666,-76.2150048717116,0.0,-94.31913183279742,0.0,820,244,1424,0.7706766917293233,1064,0.7444693989337062,500,194172,51,240068,320,32281,0,0,226453,461119,False,True,532.0,8,74,1,507,1,0,515,3079,0,0,3,"{""cut_target"": 51, ""harmful_exit"": 193, ""neutral_exit"": 1424, ""no_active_exit"": 591, ""no_exit_replay"": 515, ""saved_stop"": 500, ""timeout_improved"": 320}","{""candidate_after_baseline_exit"": 507, ""candidate_after_max_hold"": 1, ""lifecycle_without_exit_replay"": 515, ""no_candidate"": 74, ""none"": 2488, ""not_active_exit_eligible"": 1, ""stale_data_no_action"": 8}"
6000,-300,120000,150,3079,515,2488,591,72,1062,1945,-294630,-95.69015914257876,-259.0,-529296,-171.90516401429036,-252.0,-234666,-76.2150048717116,0.0,-94.31913183279742,0.0,820,244,1424,0.7706766917293233,1064,0.7444693989337062,500,194172,51,240068,320,32281,0,0,226453,461119,False,True,532.0,8,74,1,507,1,0,515,3079,0,0,3,"{""cut_target"": 51, ""harmful_exit"": 193, ""neutral_exit"": 1424, ""no_active_exit"": 591, ""no_exit_replay"": 515, ""saved_stop"": 500, ""timeout_improved"": 320}","{""candidate_after_baseline_exit"": 507, ""candidate_after_max_hold"": 1, ""lifecycle_without_exit_replay"": 515, ""no_candidate"": 74, ""none"": 2488, ""not_active_exit_eligible"": 1, ""stale_data_no_action"": 8}"
6000,-300,120000,200,3079,515,2488,591,72,1062,1945,-448580,-145.69015914257875,-309.0,-683246,-221.90516401429036,-302.0,-234666,-76.2150048717116,0.0,-94.31913183279742,0.0,820,244,1424,0.7706766917293233,1064,0.7444693989337062,500,194172,51,240068,320,32281,0,0,226453,461119,False,True,532.0,8,74,1,507,1,0,515,3079,0,0,3,"{""cut_target"": 51, ""harmful_exit"": 193, ""neutral_exit"": 1424, ""no_active_exit"": 591, ""no_exit_replay"": 515, ""saved_stop"": 500, ""timeout_improved"": 320}","{""candidate_after_baseline_exit"": 507, ""candidate_after_max_hold"": 1, ""lifecycle_without_exit_replay"": 515, ""no_candidate"": 74, ""none"": 2488, ""not_active_exit_eligible"": 1, ""stale_data_no_action"": 8}"
6000,-500,30000,0,3079,515,2534,545,23,647,2409,-73488,-23.86748944462488,-102.0,-138249,-44.90061708346866,-102.0,-64761,-21.03312763884378,0.0,-25.556827150749804,0.0,412,217,1905,0.6550079491255962,629,0.6170186994310777,179,94392,11,48909,233,45198,0,0,139590,204351,False,True,202.3,8,74,1,377,85,0,515,3079,0,0,3,"{""cut_target"": 11, ""harmful_exit"": 206, ""neutral_exit"": 1905, ""no_active_exit"": 545, ""no_exit_replay"": 515, ""saved_stop"": 179, ""timeout_improved"": 233}","{""candidate_after_baseline_exit"": 377, ""candidate_after_max_hold"": 85, ""lifecycle_without_exit_replay"": 515, ""no_candidate"": 74, ""none"": 2534, ""not_active_exit_eligible"": 1, ""stale_data_no_action"": 8}"
6000,-500,30000,50,3079,515,2534,545,23,647,2409,-227438,-73.86748944462488,-152.0,-292199,-94.90061708346866,-152.0,-64761,-21.03312763884378,0.0,-25.556827150749804,0.0,412,217,1905,0.6550079491255962,629,0.6170186994310777,179,94392,11,48909,233,45198,0,0,139590,204351,False,True,202.3,8,74,1,377,85,0,515,3079,0,0,3,"{""cut_target"": 11, ""harmful_exit"": 206, ""neutral_exit"": 1905, ""no_active_exit"": 545, ""no_exit_replay"": 515, ""saved_stop"": 179, ""timeout_improved"": 233}","{""candidate_after_baseline_exit"": 377, ""candidate_after_max_hold"": 85, ""lifecycle_without_exit_replay"": 515, ""no_candidate"": 74, ""none"": 2534, ""not_active_exit_eligible"": 1, ""stale_data_no_action"": 8}"
6000,-500,30000,100,3079,515,2534,545,23,647,2409,-381388,-123.86748944462488,-202.0,-446149,-144.90061708346866,-202.0,-64761,-21.03312763884378,0.0,-25.556827150749804,0.0,412,217,1905,0.6550079491255962,629,0.6170186994310777,179,94392,11,48909,233,45198,0,0,139590,204351,False,True,202.3,8,74,1,377,85,0,515,3079,0,0,3,"{""cut_target"": 11, ""harmful_exit"": 206, ""neutral_exit"": 1905, ""no_active_exit"": 545, ""no_exit_replay"": 515, ""saved_stop"": 179, ""timeout_improved"": 233}","{""candidate_after_baseline_exit"": 377, ""candidate_after_max_hold"": 85, ""lifecycle_without_exit_replay"": 515, ""no_candidate"": 74, ""none"": 2534, ""not_active_exit_eligible"": 1, ""stale_data_no_action"": 8}"
6000,-500,30000,150,3079,515,2534,545,23,647,2409,-535338,-173.86748944462488,-252.0,-600099,-194.90061708346866,-252.0,-64761,-21.03312763884378,0.0,-25.556827150749804,0.0,412,217,1905,0.6550079491255962,629,0.6170186994310777,179,94392,11,48909,233,45198,0,0,139590,204351,False,True,202.3,8,74,1,377,85,0,515,3079,0,0,3,"{""cut_target"": 11, ""harmful_exit"": 206, ""neutral_exit"": 1905, ""no_active_exit"": 545, ""no_exit_replay"": 515, ""saved_stop"": 179, ""timeout_improved"": 233}","{""candidate_after_baseline_exit"": 377, ""candidate_after_max_hold"": 85, ""lifecycle_without_exit_replay"": 515, ""no_candidate"": 74, ""none"": 2534, ""not_active_exit_eligible"": 1, ""stale_data_no_action"": 8}"
6000,-500,30000,200,3079,515,2534,545,23,647,2409,-689288,-223.86748944462488,-302.0,-754049,-244.90061708346866,-302.0,-64761,-21.03312763884378,0.0,-25.556827150749804,0.0,412,217,1905,0.6550079491255962,629,0.6170186994310777,179,94392,11,48909,233,45198,0,0,139590,204351,False,True,202.3,8,74,1,377,85,0,515,3079,0,0,3,"{""cut_target"": 11, ""harmful_exit"": 206, ""neutral_exit"": 1905, ""no_active_exit"": 545, ""no_exit_replay"": 515, ""saved_stop"": 179, ""timeout_improved"": 233}","{""candidate_after_baseline_exit"": 377, ""candidate_after_max_hold"": 85, ""lifecycle_without_exit_replay"": 515, ""no_candidate"": 74, ""none"": 2534, ""not_active_exit_eligible"": 1, ""stale_data_no_action"": 8}"
6000,-500,60000,0,3079,515,2564,515,45,770,2264,35411,11.500811951932446,-102.0,-138169,-44.8746346216304,-102.0,-173580,-56.37544657356285,0.0,-67.69890795631825,0.0,609,292,1663,0.6759156492785794,901,0.6446640684447213,294,169663,25,116833,315,49520,0,0,219183,392763,False,True,325.5,8,74,1,422,10,0,515,3079,0,0,3,"{""cut_target"": 25, ""harmful_exit"": 267, ""neutral_exit"": 1663, ""no_active_exit"": 515, ""no_exit_replay"": 515, ""saved_stop"": 294, ""timeout_improved"": 315}","{""candidate_after_baseline_exit"": 422, ""candidate_after_max_hold"": 10, ""lifecycle_without_exit_replay"": 515, ""no_candidate"": 74, ""none"": 2564, ""not_active_exit_eligible"": 1, ""stale_data_no_action"": 8}"
6000,-500,60000,50,3079,515,2564,515,45,770,2264,-118539,-38.49918804806755,-152.0,-292119,-94.8746346216304,-152.0,-173580,-56.37544657356285,0.0,-67.69890795631825,0.0,609,292,1663,0.6759156492785794,901,0.6446640684447213,294,169663,25,116833,315,49520,0,0,219183,392763,False,True,325.5,8,74,1,422,10,0,515,3079,0,0,3,"{""cut_target"": 25, ""harmful_exit"": 267, ""neutral_exit"": 1663, ""no_active_exit"": 515, ""no_exit_replay"": 515, ""saved_stop"": 294, ""timeout_improved"": 315}","{""candidate_after_baseline_exit"": 422, ""candidate_after_max_hold"": 10, ""lifecycle_without_exit_replay"": 515, ""no_candidate"": 74, ""none"": 2564, ""not_active_exit_eligible"": 1, ""stale_data_no_action"": 8}"
6000,-500,60000,100,3079,515,2564,515,45,770,2264,-272489,-88.49918804806755,-202.0,-446069,-144.8746346216304,-202.0,-173580,-56.37544657356285,0.0,-67.69890795631825,0.0,609,292,1663,0.6759156492785794,901,0.6446640684447213,294,169663,25,116833,315,49520,0,0,219183,392763,False,True,325.5,8,74,1,422,10,0,515,3079,0,0,3,"{""cut_target"": 25, ""harmful_exit"": 267, ""neutral_exit"": 1663, ""no_active_exit"": 515, ""no_exit_replay"": 515, ""saved_stop"": 294, ""timeout_improved"": 315}","{""candidate_after_baseline_exit"": 422, ""candidate_after_max_hold"": 10, ""lifecycle_without_exit_replay"": 515, ""no_candidate"": 74, ""none"": 2564, ""not_active_exit_eligible"": 1, ""stale_data_no_action"": 8}"
6000,-500,60000,150,3079,515,2564,515,45,770,2264,-426439,-138.49918804806757,-252.0,-600019,-194.8746346216304,-252.0,-173580,-56.37544657356285,0.0,-67.69890795631825,0.0,609,292,1663,0.6759156492785794,901,0.6446640684447213,294,169663,25,116833,315,49520,0,0,219183,392763,False,True,325.5,8,74,1,422,10,0,515,3079,0,0,3,"{""cut_target"": 25, ""harmful_exit"": 267, ""neutral_exit"": 1663, ""no_active_exit"": 515, ""no_exit_replay"": 515, ""saved_stop"": 294, ""timeout_improved"": 315}","{""candidate_after_baseline_exit"": 422, ""candidate_after_max_hold"": 10, ""lifecycle_without_exit_replay"": 515, ""no_candidate"": 74, ""none"": 2564, ""not_active_exit_eligible"": 1, ""stale_data_no_action"": 8}"
6000,-500,60000,200,3079,515,2564,515,45,770,2264,-580389,-188.49918804806757,-302.0,-753969,-244.8746346216304,-302.0,-173580,-56.37544657356285,0.0,-67.69890795631825,0.0,609,292,1663,0.6759156492785794,901,0.6446640684447213,294,169663,25,116833,315,49520,0,0,219183,392763,False,True,325.5,8,74,1,422,10,0,515,3079,0,0,3,"{""cut_target"": 25, ""harmful_exit"": 267, ""neutral_exit"": 1663, ""no_active_exit"": 515, ""no_exit_replay"": 515, ""saved_stop"": 294, ""timeout_improved"": 315}","{""candidate_after_baseline_exit"": 422, ""candidate_after_max_hold"": 10, ""lifecycle_without_exit_replay"": 515, ""no_candidate"": 74, ""none"": 2564, ""not_active_exit_eligible"": 1, ""stale_data_no_action"": 8}"
6000,-500,120000,0,3079,515,2567,512,77,933,2069,41182,13.375121792789868,-108.0,-143638,-46.65086066904839,-102.0,-184820,-60.02598246183826,0.0,-71.99844176081028,0.0,865,266,1436,0.7648099027409372,1131,0.7392216948874742,454,259907,53,250548,411,60097,0,0,320004,504824,False,True,495.1,8,74,1,428,1,0,515,3079,0,0,3,"{""cut_target"": 53, ""harmful_exit"": 213, ""neutral_exit"": 1436, ""no_active_exit"": 512, ""no_exit_replay"": 515, ""saved_stop"": 454, ""timeout_improved"": 411}","{""candidate_after_baseline_exit"": 428, ""candidate_after_max_hold"": 1, ""lifecycle_without_exit_replay"": 515, ""no_candidate"": 74, ""none"": 2567, ""not_active_exit_eligible"": 1, ""stale_data_no_action"": 8}"
6000,-500,120000,50,3079,515,2567,512,77,933,2069,-112768,-36.62487820721013,-158.0,-297588,-96.6508606690484,-152.0,-184820,-60.02598246183826,0.0,-71.99844176081028,0.0,865,266,1436,0.7648099027409372,1131,0.7392216948874742,454,259907,53,250548,411,60097,0,0,320004,504824,False,True,495.1,8,74,1,428,1,0,515,3079,0,0,3,"{""cut_target"": 53, ""harmful_exit"": 213, ""neutral_exit"": 1436, ""no_active_exit"": 512, ""no_exit_replay"": 515, ""saved_stop"": 454, ""timeout_improved"": 411}","{""candidate_after_baseline_exit"": 428, ""candidate_after_max_hold"": 1, ""lifecycle_without_exit_replay"": 515, ""no_candidate"": 74, ""none"": 2567, ""not_active_exit_eligible"": 1, ""stale_data_no_action"": 8}"
6000,-500,120000,100,3079,515,2567,512,77,933,2069,-266718,-86.62487820721013,-208.0,-451538,-146.6508606690484,-202.0,-184820,-60.02598246183826,0.0,-71.99844176081028,0.0,865,266,1436,0.7648099027409372,1131,0.7392216948874742,454,259907,53,250548,411,60097,0,0,320004,504824,False,True,495.1,8,74,1,428,1,0,515,3079,0,0,3,"{""cut_target"": 53, ""harmful_exit"": 213, ""neutral_exit"": 1436, ""no_active_exit"": 512, ""no_exit_replay"": 515, ""saved_stop"": 454, ""timeout_improved"": 411}","{""candidate_after_baseline_exit"": 428, ""candidate_after_max_hold"": 1, ""lifecycle_without_exit_replay"": 515, ""no_candidate"": 74, ""none"": 2567, ""not_active_exit_eligible"": 1, ""stale_data_no_action"": 8}"
6000,-500,120000,150,3079,515,2567,512,77,933,2069,-420668,-136.62487820721014,-258.0,-605488,-196.6508606690484,-252.0,-184820,-60.02598246183826,0.0,-71.99844176081028,0.0,865,266,1436,0.7648099027409372,1131,0.7392216948874742,454,259907,53,250548,411,60097,0,0,320004,504824,False,True,495.1,8,74,1,428,1,0,515,3079,0,0,3,"{""cut_target"": 53, ""harmful_exit"": 213, ""neutral_exit"": 1436, ""no_active_exit"": 512, ""no_exit_replay"": 515, ""saved_stop"": 454, ""timeout_improved"": 411}","{""candidate_after_baseline_exit"": 428, ""candidate_after_max_hold"": 1, ""lifecycle_without_exit_replay"": 515, ""no_candidate"": 74, ""none"": 2567, ""not_active_exit_eligible"": 1, ""stale_data_no_action"": 8}"
6000,-500,120000,200,3079,515,2567,512,77,933,2069,-574618,-186.62487820721014,-308.0,-759438,-246.6508606690484,-302.0,-184820,-60.02598246183826,0.0,-71.99844176081028,0.0,865,266,1436,0.7648099027409372,1131,0.7392216948874742,454,259907,53,250548,411,60097,0,0,320004,504824,False,True,495.1,8,74,1,428,1,0,515,3079,0,0,3,"{""cut_target"": 53, ""harmful_exit"": 213, ""neutral_exit"": 1436, ""no_active_exit"": 512, ""no_exit_replay"": 515, ""saved_stop"": 454, ""timeout_improved"": 411}","{""candidate_after_baseline_exit"": 428, ""candidate_after_max_hold"": 1, ""lifecycle_without_exit_replay"": 515, ""no_candidate"": 74, ""none"": 2567, ""not_active_exit_eligible"": 1, ""stale_data_no_action"": 8}"
6000,-700,30000,0,3079,515,2596,483,24,542,2513,-154973,-50.33225073075674,-102.0,-214848,-69.77849951282884,-102.0,-59875,-19.4462487820721,0.0,-23.06432973805855,0.0,419,233,1944,0.6426380368098159,652,0.6051167049896181,140,101501,11,48909,279,67876,0,0,169377,229252,False,True,167.9,8,74,1,315,85,0,515,3079,0,0,3,"{""cut_target"": 11, ""harmful_exit"": 222, ""neutral_exit"": 1944, ""no_active_exit"": 483, ""no_exit_replay"": 515, ""saved_stop"": 140, ""timeout_improved"": 279}","{""candidate_after_baseline_exit"": 315, ""candidate_after_max_hold"": 85, ""lifecycle_without_exit_replay"": 515, ""no_candidate"": 74, ""none"": 2596, ""not_active_exit_eligible"": 1, ""stale_data_no_action"": 8}"
6000,-700,30000,50,3079,515,2596,483,24,542,2513,-308923,-100.33225073075674,-152.0,-368798,-119.77849951282884,-152.0,-59875,-19.4462487820721,0.0,-23.06432973805855,0.0,419,233,1944,0.6426380368098159,652,0.6051167049896181,140,101501,11,48909,279,67876,0,0,169377,229252,False,True,167.9,8,74,1,315,85,0,515,3079,0,0,3,"{""cut_target"": 11, ""harmful_exit"": 222, ""neutral_exit"": 1944, ""no_active_exit"": 483, ""no_exit_replay"": 515, ""saved_stop"": 140, ""timeout_improved"": 279}","{""candidate_after_baseline_exit"": 315, ""candidate_after_max_hold"": 85, ""lifecycle_without_exit_replay"": 515, ""no_candidate"": 74, ""none"": 2596, ""not_active_exit_eligible"": 1, ""stale_data_no_action"": 8}"
6000,-700,30000,100,3079,515,2596,483,24,542,2513,-462873,-150.33225073075673,-202.0,-522748,-169.77849951282883,-202.0,-59875,-19.4462487820721,0.0,-23.06432973805855,0.0,419,233,1944,0.6426380368098159,652,0.6051167049896181,140,101501,11,48909,279,67876,0,0,169377,229252,False,True,167.9,8,74,1,315,85,0,515,3079,0,0,3,"{""cut_target"": 11, ""harmful_exit"": 222, ""neutral_exit"": 1944, ""no_active_exit"": 483, ""no_exit_replay"": 515, ""saved_stop"": 140, ""timeout_improved"": 279}","{""candidate_after_baseline_exit"": 315, ""candidate_after_max_hold"": 85, ""lifecycle_without_exit_replay"": 515, ""no_candidate"": 74, ""none"": 2596, ""not_active_exit_eligible"": 1, ""stale_data_no_action"": 8}"
6000,-700,30000,150,3079,515,2596,483,24,542,2513,-616823,-200.33225073075673,-252.0,-676698,-219.77849951282883,-252.0,-59875,-19.4462487820721,0.0,-23.06432973805855,0.0,419,233,1944,0.6426380368098159,652,0.6051167049896181,140,101501,11,48909,279,67876,0,0,169377,229252,False,True,167.9,8,74,1,315,85,0,515,3079,0,0,3,"{""cut_target"": 11, ""harmful_exit"": 222, ""neutral_exit"": 1944, ""no_active_exit"": 483, ""no_exit_replay"": 515, ""saved_stop"": 140, ""timeout_improved"": 279}","{""candidate_after_baseline_exit"": 315, ""candidate_after_max_hold"": 85, ""lifecycle_without_exit_replay"": 515, ""no_candidate"": 74, ""none"": 2596, ""not_active_exit_eligible"": 1, ""stale_data_no_action"": 8}"
6000,-700,30000,200,3079,515,2596,483,24,542,2513,-770773,-250.33225073075673,-302.0,-830648,-269.77849951282883,-302.0,-59875,-19.4462487820721,0.0,-23.06432973805855,0.0,419,233,1944,0.6426380368098159,652,0.6051167049896181,140,101501,11,48909,279,67876,0,0,169377,229252,False,True,167.9,8,74,1,315,85,0,515,3079,0,0,3,"{""cut_target"": 11, ""harmful_exit"": 222, ""neutral_exit"": 1944, ""no_active_exit"": 483, ""no_exit_replay"": 515, ""saved_stop"": 140, ""timeout_improved"": 279}","{""candidate_after_baseline_exit"": 315, ""candidate_after_max_hold"": 85, ""lifecycle_without_exit_replay"": 515, ""no_candidate"": 74, ""none"": 2596, ""not_active_exit_eligible"": 1, ""stale_data_no_action"": 8}"
6000,-700,60000,0,3079,515,2629,450,47,655,2377,-53579,-17.401429035401105,-102.0,-214875,-69.78726859369925,-102.0,-161296,-52.38583955829815,0.0,-61.35260555344237,0.0,618,311,1700,0.6652314316469322,929,0.6342600838766344,245,194468,26,123488,373,78121,0,0,272589,433885,False,True,282.3,8,74,1,357,10,0,515,3079,0,0,3,"{""cut_target"": 26, ""harmful_exit"": 285, ""neutral_exit"": 1700, ""no_active_exit"": 450, ""no_exit_replay"": 515, ""saved_stop"": 245, ""timeout_improved"": 373}","{""candidate_after_baseline_exit"": 357, ""candidate_after_max_hold"": 10, ""lifecycle_without_exit_replay"": 515, ""no_candidate"": 74, ""none"": 2629, ""not_active_exit_eligible"": 1, ""stale_data_no_action"": 8}"
6000,-700,60000,50,3079,515,2629,450,47,655,2377,-207529,-67.40142903540111,-152.0,-368825,-119.78726859369925,-152.0,-161296,-52.38583955829815,0.0,-61.35260555344237,0.0,618,311,1700,0.6652314316469322,929,0.6342600838766344,245,194468,26,123488,373,78121,0,0,272589,433885,False,True,282.3,8,74,1,357,10,0,515,3079,0,0,3,"{""cut_target"": 26, ""harmful_exit"": 285, ""neutral_exit"": 1700, ""no_active_exit"": 450, ""no_exit_replay"": 515, ""saved_stop"": 245, ""timeout_improved"": 373}","{""candidate_after_baseline_exit"": 357, ""candidate_after_max_hold"": 10, ""lifecycle_without_exit_replay"": 515, ""no_candidate"": 74, ""none"": 2629, ""not_active_exit_eligible"": 1, ""stale_data_no_action"": 8}"
6000,-700,60000,100,3079,515,2629,450,47,655,2377,-361479,-117.40142903540111,-202.0,-522775,-169.78726859369925,-202.0,-161296,-52.38583955829815,0.0,-61.35260555344237,0.0,618,311,1700,0.6652314316469322,929,0.6342600838766344,245,194468,26,123488,373,78121,0,0,272589,433885,False,True,282.3,8,74,1,357,10,0,515,3079,0,0,3,"{""cut_target"": 26, ""harmful_exit"": 285, ""neutral_exit"": 1700, ""no_active_exit"": 450, ""no_exit_replay"": 515, ""saved_stop"": 245, ""timeout_improved"": 373}","{""candidate_after_baseline_exit"": 357, ""candidate_after_max_hold"": 10, ""lifecycle_without_exit_replay"": 515, ""no_candidate"": 74, ""none"": 2629, ""not_active_exit_eligible"": 1, ""stale_data_no_action"": 8}"
6000,-700,60000,150,3079,515,2629,450,47,655,2377,-515429,-167.4014290354011,-252.0,-676725,-219.78726859369925,-252.0,-161296,-52.38583955829815,0.0,-61.35260555344237,0.0,618,311,1700,0.6652314316469322,929,0.6342600838766344,245,194468,26,123488,373,78121,0,0,272589,433885,False,True,282.3,8,74,1,357,10,0,515,3079,0,0,3,"{""cut_target"": 26, ""harmful_exit"": 285, ""neutral_exit"": 1700, ""no_active_exit"": 450, ""no_exit_replay"": 515, ""saved_stop"": 245, ""timeout_improved"": 373}","{""candidate_after_baseline_exit"": 357, ""candidate_after_max_hold"": 10, ""lifecycle_without_exit_replay"": 515, ""no_candidate"": 74, ""none"": 2629, ""not_active_exit_eligible"": 1, ""stale_data_no_action"": 8}"
6000,-700,60000,200,3079,515,2629,450,47,655,2377,-669379,-217.4014290354011,-302.0,-830675,-269.78726859369925,-302.0,-161296,-52.38583955829815,0.0,-61.35260555344237,0.0,618,311,1700,0.6652314316469322,929,0.6342600838766344,245,194468,26,123488,373,78121,0,0,272589,433885,False,True,282.3,8,74,1,357,10,0,515,3079,0,0,3,"{""cut_target"": 26, ""harmful_exit"": 285, ""neutral_exit"": 1700, ""no_active_exit"": 450, ""no_exit_replay"": 515, ""saved_stop"": 245, ""timeout_improved"": 373}","{""candidate_after_baseline_exit"": 357, ""candidate_after_max_hold"": 10, ""lifecycle_without_exit_replay"": 515, ""no_candidate"": 74, ""none"": 2629, ""not_active_exit_eligible"": 1, ""stale_data_no_action"": 8}"
6000,-700,120000,0,3079,515,2632,447,81,756,2242,-70587,-22.925300422215006,-107.0,-220944,-71.75836310490419,-102.0,-150357,-48.83306268268918,0.0,-57.1265197568389,0.0,884,282,1466,0.758147512864494,1166,0.732747322689232,343,277681,56,269984,541,117460,0,0,395141,545498,False,True,397.1,8,74,1,363,1,0,515,3079,0,0,3,"{""cut_target"": 56, ""harmful_exit"": 226, ""neutral_exit"": 1466, ""no_active_exit"": 447, ""no_exit_replay"": 515, ""saved_stop"": 343, ""timeout_improved"": 541}","{""candidate_after_baseline_exit"": 363, ""candidate_after_max_hold"": 1, ""lifecycle_without_exit_replay"": 515, ""no_candidate"": 74, ""none"": 2632, ""not_active_exit_eligible"": 1, ""stale_data_no_action"": 8}"
6000,-700,120000,50,3079,515,2632,447,81,756,2242,-224537,-72.925300422215,-157.0,-374894,-121.75836310490419,-152.0,-150357,-48.83306268268918,0.0,-57.1265197568389,0.0,884,282,1466,0.758147512864494,1166,0.732747322689232,343,277681,56,269984,541,117460,0,0,395141,545498,False,True,397.1,8,74,1,363,1,0,515,3079,0,0,3,"{""cut_target"": 56, ""harmful_exit"": 226, ""neutral_exit"": 1466, ""no_active_exit"": 447, ""no_exit_replay"": 515, ""saved_stop"": 343, ""timeout_improved"": 541}","{""candidate_after_baseline_exit"": 363, ""candidate_after_max_hold"": 1, ""lifecycle_without_exit_replay"": 515, ""no_candidate"": 74, ""none"": 2632, ""not_active_exit_eligible"": 1, ""stale_data_no_action"": 8}"
6000,-700,120000,100,3079,515,2632,447,81,756,2242,-378487,-122.925300422215,-207.0,-528844,-171.7583631049042,-202.0,-150357,-48.83306268268918,0.0,-57.1265197568389,0.0,884,282,1466,0.758147512864494,1166,0.732747322689232,343,277681,56,269984,541,117460,0,0,395141,545498,False,True,397.1,8,74,1,363,1,0,515,3079,0,0,3,"{""cut_target"": 56, ""harmful_exit"": 226, ""neutral_exit"": 1466, ""no_active_exit"": 447, ""no_exit_replay"": 515, ""saved_stop"": 343, ""timeout_improved"": 541}","{""candidate_after_baseline_exit"": 363, ""candidate_after_max_hold"": 1, ""lifecycle_without_exit_replay"": 515, ""no_candidate"": 74, ""none"": 2632, ""not_active_exit_eligible"": 1, ""stale_data_no_action"": 8}"
6000,-700,120000,150,3079,515,2632,447,81,756,2242,-532437,-172.925300422215,-257.0,-682794,-221.7583631049042,-252.0,-150357,-48.83306268268918,0.0,-57.1265197568389,0.0,884,282,1466,0.758147512864494,1166,0.732747322689232,343,277681,56,269984,541,117460,0,0,395141,545498,False,True,397.1,8,74,1,363,1,0,515,3079,0,0,3,"{""cut_target"": 56, ""harmful_exit"": 226, ""neutral_exit"": 1466, ""no_active_exit"": 447, ""no_exit_replay"": 515, ""saved_stop"": 343, ""timeout_improved"": 541}","{""candidate_after_baseline_exit"": 363, ""candidate_after_max_hold"": 1, ""lifecycle_without_exit_replay"": 515, ""no_candidate"": 74, ""none"": 2632, ""not_active_exit_eligible"": 1, ""stale_data_no_action"": 8}"
6000,-700,120000,200,3079,515,2632,447,81,756,2242,-686387,-222.925300422215,-307.0,-836744,-271.75836310490416,-302.0,-150357,-48.83306268268918,0.0,-57.1265197568389,0.0,884,282,1466,0.758147512864494,1166,0.732747322689232,343,277681,56,269984,541,117460,0,0,395141,545498,False,True,397.1,8,74,1,363,1,0,515,3079,0,0,3,"{""cut_target"": 56, ""harmful_exit"": 226, ""neutral_exit"": 1466, ""no_active_exit"": 447, ""no_exit_replay"": 515, ""saved_stop"": 343, ""timeout_improved"": 541}","{""candidate_after_baseline_exit"": 363, ""candidate_after_max_hold"": 1, ""lifecycle_without_exit_replay"": 515, ""no_candidate"": 74, ""none"": 2632, ""not_active_exit_eligible"": 1, ""stale_data_no_action"": 8}"
6000,-1000,30000,0,3079,515,2646,433,26,462,2591,-247313,-80.32250730756739,-102.0,-302926,-98.38454043520623,-102.0,-55613,-18.062033127638845,0.0,-21.017762660619802,0.0,433,252,1961,0.6321167883211679,685,0.5953609034702116,117,110695,12,54751,316,89308,0,0,200003,255616,False,True,148.6,8,74,1,265,85,0,515,3079,0,0,3,"{""cut_target"": 12, ""harmful_exit"": 240, ""neutral_exit"": 1961, ""no_active_exit"": 433, ""no_exit_replay"": 515, ""saved_stop"": 117, ""timeout_improved"": 316}","{""candidate_after_baseline_exit"": 265, ""candidate_after_max_hold"": 85, ""lifecycle_without_exit_replay"": 515, ""no_candidate"": 74, ""none"": 2646, ""not_active_exit_eligible"": 1, ""stale_data_no_action"": 8}"
6000,-1000,30000,50,3079,515,2646,433,26,462,2591,-401263,-130.3225073075674,-152.0,-456876,-148.38454043520625,-152.0,-55613,-18.062033127638845,0.0,-21.017762660619802,0.0,433,252,1961,0.6321167883211679,685,0.5953609034702116,117,110695,12,54751,316,89308,0,0,200003,255616,False,True,148.6,8,74,1,265,85,0,515,3079,0,0,3,"{""cut_target"": 12, ""harmful_exit"": 240, ""neutral_exit"": 1961, ""no_active_exit"": 433, ""no_exit_replay"": 515, ""saved_stop"": 117, ""timeout_improved"": 316}","{""candidate_after_baseline_exit"": 265, ""candidate_after_max_hold"": 85, ""lifecycle_without_exit_replay"": 515, ""no_candidate"": 74, ""none"": 2646, ""not_active_exit_eligible"": 1, ""stale_data_no_action"": 8}"
6000,-1000,30000,100,3079,515,2646,433,26,462,2591,-555213,-180.3225073075674,-202.0,-610826,-198.38454043520625,-202.0,-55613,-18.062033127638845,0.0,-21.017762660619802,0.0,433,252,1961,0.6321167883211679,685,0.5953609034702116,117,110695,12,54751,316,89308,0,0,200003,255616,False,True,148.6,8,74,1,265,85,0,515,3079,0,0,3,"{""cut_target"": 12, ""harmful_exit"": 240, ""neutral_exit"": 1961, ""no_active_exit"": 433, ""no_exit_replay"": 515, ""saved_stop"": 117, ""timeout_improved"": 316}","{""candidate_after_baseline_exit"": 265, ""candidate_after_max_hold"": 85, ""lifecycle_without_exit_replay"": 515, ""no_candidate"": 74, ""none"": 2646, ""not_active_exit_eligible"": 1, ""stale_data_no_action"": 8}"
6000,-1000,30000,150,3079,515,2646,433,26,462,2591,-709163,-230.3225073075674,-252.0,-764776,-248.38454043520625,-252.0,-55613,-18.062033127638845,0.0,-21.017762660619802,0.0,433,252,1961,0.6321167883211679,685,0.5953609034702116,117,110695,12,54751,316,89308,0,0,200003,255616,False,True,148.6,8,74,1,265,85,0,515,3079,0,0,3,"{""cut_target"": 12, ""harmful_exit"": 240, ""neutral_exit"": 1961, ""no_active_exit"": 433, ""no_exit_replay"": 515, ""saved_stop"": 117, ""timeout_improved"": 316}","{""candidate_after_baseline_exit"": 265, ""candidate_after_max_hold"": 85, ""lifecycle_without_exit_replay"": 515, ""no_candidate"": 74, ""none"": 2646, ""not_active_exit_eligible"": 1, ""stale_data_no_action"": 8}"
6000,-1000,30000,200,3079,515,2646,433,26,462,2591,-863113,-280.3225073075674,-302.0,-918726,-298.38454043520625,-302.0,-55613,-18.062033127638845,0.0,-21.017762660619802,0.0,433,252,1961,0.6321167883211679,685,0.5953609034702116,117,110695,12,54751,316,89308,0,0,200003,255616,False,True,148.6,8,74,1,265,85,0,515,3079,0,0,3,"{""cut_target"": 12, ""harmful_exit"": 240, ""neutral_exit"": 1961, ""no_active_exit"": 433, ""no_exit_replay"": 515, ""saved_stop"": 117, ""timeout_improved"": 316}","{""candidate_after_baseline_exit"": 265, ""candidate_after_max_hold"": 85, ""lifecycle_without_exit_replay"": 515, ""no_candidate"": 74, ""none"": 2646, ""not_active_exit_eligible"": 1, ""stale_data_no_action"": 8}"
6000,-1000,60000,0,3079,515,2683,396,52,563,2464,-144618,-46.969145826567065,-102.0,-297519,-96.6284507957129,-102.0,-152901,-49.65930496914583,0.0,-56.988818486768544,0.0,636,335,1712,0.654994850669413,971,0.6245368658172881,211,216624,29,140593,425,114030,0,0,330654,483555,False,True,253.5,8,74,1,303,10,0,515,3079,0,0,3,"{""cut_target"": 29, ""harmful_exit"": 306, ""neutral_exit"": 1712, ""no_active_exit"": 396, ""no_exit_replay"": 515, ""saved_stop"": 211, ""timeout_improved"": 425}","{""candidate_after_baseline_exit"": 303, ""candidate_after_max_hold"": 10, ""lifecycle_without_exit_replay"": 515, ""no_candidate"": 74, ""none"": 2683, ""not_active_exit_eligible"": 1, ""stale_data_no_action"": 8}"
6000,-1000,60000,50,3079,515,2683,396,52,563,2464,-298568,-96.96914582656707,-152.0,-451469,-146.6284507957129,-152.0,-152901,-49.65930496914583,0.0,-56.988818486768544,0.0,636,335,1712,0.654994850669413,971,0.6245368658172881,211,216624,29,140593,425,114030,0,0,330654,483555,False,True,253.5,8,74,1,303,10,0,515,3079,0,0,3,"{""cut_target"": 29, ""harmful_exit"": 306, ""neutral_exit"": 1712, ""no_active_exit"": 396, ""no_exit_replay"": 515, ""saved_stop"": 211, ""timeout_improved"": 425}","{""candidate_after_baseline_exit"": 303, ""candidate_after_max_hold"": 10, ""lifecycle_without_exit_replay"": 515, ""no_candidate"": 74, ""none"": 2683, ""not_active_exit_eligible"": 1, ""stale_data_no_action"": 8}"
6000,-1000,60000,100,3079,515,2683,396,52,563,2464,-452518,-146.96914582656706,-202.0,-605419,-196.6284507957129,-202.0,-152901,-49.65930496914583,0.0,-56.988818486768544,0.0,636,335,1712,0.654994850669413,971,0.6245368658172881,211,216624,29,140593,425,114030,0,0,330654,483555,False,True,253.5,8,74,1,303,10,0,515,3079,0,0,3,"{""cut_target"": 29, ""harmful_exit"": 306, ""neutral_exit"": 1712, ""no_active_exit"": 396, ""no_exit_replay"": 515, ""saved_stop"": 211, ""timeout_improved"": 425}","{""candidate_after_baseline_exit"": 303, ""candidate_after_max_hold"": 10, ""lifecycle_without_exit_replay"": 515, ""no_candidate"": 74, ""none"": 2683, ""not_active_exit_eligible"": 1, ""stale_data_no_action"": 8}"
6000,-1000,60000,150,3079,515,2683,396,52,563,2464,-606468,-196.96914582656706,-252.0,-759369,-246.6284507957129,-252.0,-152901,-49.65930496914583,0.0,-56.988818486768544,0.0,636,335,1712,0.654994850669413,971,0.6245368658172881,211,216624,29,140593,425,114030,0,0,330654,483555,False,True,253.5,8,74,1,303,10,0,515,3079,0,0,3,"{""cut_target"": 29, ""harmful_exit"": 306, ""neutral_exit"": 1712, ""no_active_exit"": 396, ""no_exit_replay"": 515, ""saved_stop"": 211, ""timeout_improved"": 425}","{""candidate_after_baseline_exit"": 303, ""candidate_after_max_hold"": 10, ""lifecycle_without_exit_replay"": 515, ""no_candidate"": 74, ""none"": 2683, ""not_active_exit_eligible"": 1, ""stale_data_no_action"": 8}"
6000,-1000,60000,200,3079,515,2683,396,52,563,2464,-760418,-246.96914582656706,-302.0,-913319,-296.6284507957129,-302.0,-152901,-49.65930496914583,0.0,-56.988818486768544,0.0,636,335,1712,0.654994850669413,971,0.6245368658172881,211,216624,29,140593,425,114030,0,0,330654,483555,False,True,253.5,8,74,1,303,10,0,515,3079,0,0,3,"{""cut_target"": 29, ""harmful_exit"": 306, ""neutral_exit"": 1712, ""no_active_exit"": 396, ""no_exit_replay"": 515, ""saved_stop"": 211, ""timeout_improved"": 425}","{""candidate_after_baseline_exit"": 303, ""candidate_after_max_hold"": 10, ""lifecycle_without_exit_replay"": 515, ""no_candidate"": 74, ""none"": 2683, ""not_active_exit_eligible"": 1, ""stale_data_no_action"": 8}"
6000,-1000,120000,0,3079,515,2687,392,88,656,2335,-189156,-61.4342318934719,-104.0,-305285,-99.1506982786619,-102.0,-116129,-37.716466385189996,0.0,-43.21883141049498,0.0,907,304,1476,0.7489677952105698,1211,0.7237849698909559,301,319153,61,298574,606,161750,0,0,480903,597032,False,True,361.6,8,74,1,308,1,0,515,3079,0,0,4,"{""cut_target"": 61, ""harmful_exit"": 243, ""neutral_exit"": 1476, ""no_active_exit"": 392, ""no_exit_replay"": 515, ""saved_stop"": 301, ""timeout_improved"": 606}","{""candidate_after_baseline_exit"": 308, ""candidate_after_max_hold"": 1, ""lifecycle_without_exit_replay"": 515, ""no_candidate"": 74, ""none"": 2687, ""not_active_exit_eligible"": 1, ""stale_data_no_action"": 8}"
6000,-1000,120000,50,3079,515,2687,392,88,656,2335,-343106,-111.4342318934719,-154.0,-459235,-149.1506982786619,-152.0,-116129,-37.716466385189996,0.0,-43.21883141049498,0.0,907,304,1476,0.7489677952105698,1211,0.7237849698909559,301,319153,61,298574,606,161750,0,0,480903,597032,False,True,361.6,8,74,1,308,1,0,515,3079,0,0,4,"{""cut_target"": 61, ""harmful_exit"": 243, ""neutral_exit"": 1476, ""no_active_exit"": 392, ""no_exit_replay"": 515, ""saved_stop"": 301, ""timeout_improved"": 606}","{""candidate_after_baseline_exit"": 308, ""candidate_after_max_hold"": 1, ""lifecycle_without_exit_replay"": 515, ""no_candidate"": 74, ""none"": 2687, ""not_active_exit_eligible"": 1, ""stale_data_no_action"": 8}"
6000,-1000,120000,100,3079,515,2687,392,88,656,2335,-497056,-161.43423189347192,-204.0,-613185,-199.1506982786619,-202.0,-116129,-37.716466385189996,0.0,-43.21883141049498,0.0,907,304,1476,0.7489677952105698,1211,0.7237849698909559,301,319153,61,298574,606,161750,0,0,480903,597032,False,True,361.6,8,74,1,308,1,0,515,3079,0,0,4,"{""cut_target"": 61, ""harmful_exit"": 243, ""neutral_exit"": 1476, ""no_active_exit"": 392, ""no_exit_replay"": 515, ""saved_stop"": 301, ""timeout_improved"": 606}","{""candidate_after_baseline_exit"": 308, ""candidate_after_max_hold"": 1, ""lifecycle_without_exit_replay"": 515, ""no_candidate"": 74, ""none"": 2687, ""not_active_exit_eligible"": 1, ""stale_data_no_action"": 8}"
6000,-1000,120000,150,3079,515,2687,392,88,656,2335,-651006,-211.43423189347192,-254.0,-767135,-249.1506982786619,-252.0,-116129,-37.716466385189996,0.0,-43.21883141049498,0.0,907,304,1476,0.7489677952105698,1211,0.7237849698909559,301,319153,61,298574,606,161750,0,0,480903,597032,False,True,361.6,8,74,1,308,1,0,515,3079,0,0,4,"{""cut_target"": 61, ""harmful_exit"": 243, ""neutral_exit"": 1476, ""no_active_exit"": 392, ""no_exit_replay"": 515, ""saved_stop"": 301, ""timeout_improved"": 606}","{""candidate_after_baseline_exit"": 308, ""candidate_after_max_hold"": 1, ""lifecycle_without_exit_replay"": 515, ""no_candidate"": 74, ""none"": 2687, ""not_active_exit_eligible"": 1, ""stale_data_no_action"": 8}"
6000,-1000,120000,200,3079,515,2687,392,88,656,2335,-804956,-261.4342318934719,-304.0,-921085,-299.1506982786619,-302.0,-116129,-37.716466385189996,0.0,-43.21883141049498,0.0,907,304,1476,0.7489677952105698,1211,0.7237849698909559,301,319153,61,298574,606,161750,0,0,480903,597032,False,True,361.6,8,74,1,308,1,0,515,3079,0,0,4,"{""cut_target"": 61, ""harmful_exit"": 243, ""neutral_exit"": 1476, ""no_active_exit"": 392, ""no_exit_replay"": 515, ""saved_stop"": 301, ""timeout_improved"": 606}","{""candidate_after_baseline_exit"": 308, ""candidate_after_max_hold"": 1, ""lifecycle_without_exit_replay"": 515, ""no_candidate"": 74, ""none"": 2687, ""not_active_exit_eligible"": 1, ""stale_data_no_action"": 8}"
6000,-1500,30000,0,3079,515,2718,361,29,356,2694,-338449,-109.92172783371224,-102.0,-402007,-130.56414420266321,-102.0,-63558,-20.642416368950958,0.0,-23.3841059602649,0.0,461,283,1974,0.6196236559139785,744,0.5842089784894409,98,118556,13,58709,363,127050,0,0,245606,309164,True,True,134.3,8,74,1,193,85,0,515,3079,0,0,4,"{""cut_target"": 13, ""harmful_exit"": 270, ""neutral_exit"": 1974, ""no_active_exit"": 361, ""no_exit_replay"": 515, ""saved_stop"": 98, ""timeout_improved"": 363}","{""candidate_after_baseline_exit"": 193, ""candidate_after_max_hold"": 85, ""lifecycle_without_exit_replay"": 515, ""no_candidate"": 74, ""none"": 2718, ""not_active_exit_eligible"": 1, ""stale_data_no_action"": 8}"
6000,-1500,30000,50,3079,515,2718,361,29,356,2694,-492399,-159.92172783371225,-152.0,-555957,-180.56414420266321,-152.0,-63558,-20.642416368950958,0.0,-23.3841059602649,0.0,461,283,1974,0.6196236559139785,744,0.5842089784894409,98,118556,13,58709,363,127050,0,0,245606,309164,True,True,134.3,8,74,1,193,85,0,515,3079,0,0,4,"{""cut_target"": 13, ""harmful_exit"": 270, ""neutral_exit"": 1974, ""no_active_exit"": 361, ""no_exit_replay"": 515, ""saved_stop"": 98, ""timeout_improved"": 363}","{""candidate_after_baseline_exit"": 193, ""candidate_after_max_hold"": 85, ""lifecycle_without_exit_replay"": 515, ""no_candidate"": 74, ""none"": 2718, ""not_active_exit_eligible"": 1, ""stale_data_no_action"": 8}"
6000,-1500,30000,100,3079,515,2718,361,29,356,2694,-646349,-209.92172783371225,-202.0,-709907,-230.56414420266321,-202.0,-63558,-20.642416368950958,0.0,-23.3841059602649,0.0,461,283,1974,0.6196236559139785,744,0.5842089784894409,98,118556,13,58709,363,127050,0,0,245606,309164,True,True,134.3,8,74,1,193,85,0,515,3079,0,0,4,"{""cut_target"": 13, ""harmful_exit"": 270, ""neutral_exit"": 1974, ""no_active_exit"": 361, ""no_exit_replay"": 515, ""saved_stop"": 98, ""timeout_improved"": 363}","{""candidate_after_baseline_exit"": 193, ""candidate_after_max_hold"": 85, ""lifecycle_without_exit_replay"": 515, ""no_candidate"": 74, ""none"": 2718, ""not_active_exit_eligible"": 1, ""stale_data_no_action"": 8}"
6000,-1500,30000,150,3079,515,2718,361,29,356,2694,-800299,-259.9217278337122,-252.0,-863857,-280.5641442026632,-252.0,-63558,-20.642416368950958,0.0,-23.3841059602649,0.0,461,283,1974,0.6196236559139785,744,0.5842089784894409,98,118556,13,58709,363,127050,0,0,245606,309164,True,True,134.3,8,74,1,193,85,0,515,3079,0,0,4,"{""cut_target"": 13, ""harmful_exit"": 270, ""neutral_exit"": 1974, ""no_active_exit"": 361, ""no_exit_replay"": 515, ""saved_stop"": 98, ""timeout_improved"": 363}","{""candidate_after_baseline_exit"": 193, ""candidate_after_max_hold"": 85, ""lifecycle_without_exit_replay"": 515, ""no_candidate"": 74, ""none"": 2718, ""not_active_exit_eligible"": 1, ""stale_data_no_action"": 8}"
6000,-1500,30000,200,3079,515,2718,361,29,356,2694,-954249,-309.9217278337122,-302.0,-1017807,-330.5641442026632,-302.0,-63558,-20.642416368950958,0.0,-23.3841059602649,0.0,461,283,1974,0.6196236559139785,744,0.5842089784894409,98,118556,13,58709,363,127050,0,0,245606,309164,True,True,134.3,8,74,1,193,85,0,515,3079,0,0,4,"{""cut_target"": 13, ""harmful_exit"": 270, ""neutral_exit"": 1974, ""no_active_exit"": 361, ""no_exit_replay"": 515, ""saved_stop"": 98, ""timeout_improved"": 363}","{""candidate_after_baseline_exit"": 193, ""candidate_after_max_hold"": 85, ""lifecycle_without_exit_replay"": 515, ""no_candidate"": 74, ""none"": 2718, ""not_active_exit_eligible"": 1, ""stale_data_no_action"": 8}"
6000,-1500,60000,0,3079,515,2767,312,60,456,2563,-248734,-80.78402078596947,-102.0,-403934,-131.18999675219226,-102.0,-155200,-50.4059759662228,0.0,-56.089627755692085,0.0,669,374,1724,0.6414189837008629,1043,0.6118436597020079,190,263236,35,175749,479,160846,0,0,424082,579282,False,True,237.9,8,74,1,219,10,0,515,3079,0,0,3,"{""cut_target"": 35, ""harmful_exit"": 339, ""neutral_exit"": 1724, ""no_active_exit"": 312, ""no_exit_replay"": 515, ""saved_stop"": 190, ""timeout_improved"": 479}","{""candidate_after_baseline_exit"": 219, ""candidate_after_max_hold"": 10, ""lifecycle_without_exit_replay"": 515, ""no_candidate"": 74, ""none"": 2767, ""not_active_exit_eligible"": 1, ""stale_data_no_action"": 8}"
6000,-1500,60000,50,3079,515,2767,312,60,456,2563,-402684,-130.78402078596946,-152.0,-557884,-181.18999675219226,-152.0,-155200,-50.4059759662228,0.0,-56.089627755692085,0.0,669,374,1724,0.6414189837008629,1043,0.6118436597020079,190,263236,35,175749,479,160846,0,0,424082,579282,False,True,237.9,8,74,1,219,10,0,515,3079,0,0,3,"{""cut_target"": 35, ""harmful_exit"": 339, ""neutral_exit"": 1724, ""no_active_exit"": 312, ""no_exit_replay"": 515, ""saved_stop"": 190, ""timeout_improved"": 479}","{""candidate_after_baseline_exit"": 219, ""candidate_after_max_hold"": 10, ""lifecycle_without_exit_replay"": 515, ""no_candidate"": 74, ""none"": 2767, ""not_active_exit_eligible"": 1, ""stale_data_no_action"": 8}"
6000,-1500,60000,100,3079,515,2767,312,60,456,2563,-556634,-180.78402078596946,-202.0,-711834,-231.18999675219226,-202.0,-155200,-50.4059759662228,0.0,-56.089627755692085,0.0,669,374,1724,0.6414189837008629,1043,0.6118436597020079,190,263236,35,175749,479,160846,0,0,424082,579282,False,True,237.9,8,74,1,219,10,0,515,3079,0,0,3,"{""cut_target"": 35, ""harmful_exit"": 339, ""neutral_exit"": 1724, ""no_active_exit"": 312, ""no_exit_replay"": 515, ""saved_stop"": 190, ""timeout_improved"": 479}","{""candidate_after_baseline_exit"": 219, ""candidate_after_max_hold"": 10, ""lifecycle_without_exit_replay"": 515, ""no_candidate"": 74, ""none"": 2767, ""not_active_exit_eligible"": 1, ""stale_data_no_action"": 8}"
6000,-1500,60000,150,3079,515,2767,312,60,456,2563,-710584,-230.78402078596946,-252.0,-865784,-281.18999675219226,-252.0,-155200,-50.4059759662228,0.0,-56.089627755692085,0.0,669,374,1724,0.6414189837008629,1043,0.6118436597020079,190,263236,35,175749,479,160846,0,0,424082,579282,False,True,237.9,8,74,1,219,10,0,515,3079,0,0,3,"{""cut_target"": 35, ""harmful_exit"": 339, ""neutral_exit"": 1724, ""no_active_exit"": 312, ""no_exit_replay"": 515, ""saved_stop"": 190, ""timeout_improved"": 479}","{""candidate_after_baseline_exit"": 219, ""candidate_after_max_hold"": 10, ""lifecycle_without_exit_replay"": 515, ""no_candidate"": 74, ""none"": 2767, ""not_active_exit_eligible"": 1, ""stale_data_no_action"": 8}"
6000,-1500,60000,200,3079,515,2767,312,60,456,2563,-864534,-280.78402078596946,-302.0,-1019734,-331.18999675219226,-302.0,-155200,-50.4059759662228,0.0,-56.089627755692085,0.0,669,374,1724,0.6414189837008629,1043,0.6118436597020079,190,263236,35,175749,479,160846,0,0,424082,579282,False,True,237.9,8,74,1,219,10,0,515,3079,0,0,3,"{""cut_target"": 35, ""harmful_exit"": 339, ""neutral_exit"": 1724, ""no_active_exit"": 312, ""no_exit_replay"": 515, ""saved_stop"": 190, ""timeout_improved"": 479}","{""candidate_after_baseline_exit"": 219, ""candidate_after_max_hold"": 10, ""lifecycle_without_exit_replay"": 515, ""no_candidate"": 74, ""none"": 2767, ""not_active_exit_eligible"": 1, ""stale_data_no_action"": 8}"
6000,-1500,120000,0,3079,515,2771,308,98,549,2432,-333011,-108.15556999025658,-103.0,-413200,-134.19941539460865,-102.0,-80189,-26.043845404352062,0.0,-28.938650306748468,0.0,952,335,1484,0.7397047397047397,1287,0.7150435333162913,280,399540,69,344161,672,222699,0,0,622239,702428,False,True,347.2,8,74,1,224,1,0,515,3079,0,0,4,"{""cut_target"": 69, ""harmful_exit"": 266, ""neutral_exit"": 1484, ""no_active_exit"": 308, ""no_exit_replay"": 515, ""saved_stop"": 280, ""timeout_improved"": 672}","{""candidate_after_baseline_exit"": 224, ""candidate_after_max_hold"": 1, ""lifecycle_without_exit_replay"": 515, ""no_candidate"": 74, ""none"": 2771, ""not_active_exit_eligible"": 1, ""stale_data_no_action"": 8}"
6000,-1500,120000,50,3079,515,2771,308,98,549,2432,-486961,-158.15556999025657,-153.0,-567150,-184.19941539460865,-152.0,-80189,-26.043845404352062,0.0,-28.938650306748468,0.0,952,335,1484,0.7397047397047397,1287,0.7150435333162913,280,399540,69,344161,672,222699,0,0,622239,702428,False,True,347.2,8,74,1,224,1,0,515,3079,0,0,4,"{""cut_target"": 69, ""harmful_exit"": 266, ""neutral_exit"": 1484, ""no_active_exit"": 308, ""no_exit_replay"": 515, ""saved_stop"": 280, ""timeout_improved"": 672}","{""candidate_after_baseline_exit"": 224, ""candidate_after_max_hold"": 1, ""lifecycle_without_exit_replay"": 515, ""no_candidate"": 74, ""none"": 2771, ""not_active_exit_eligible"": 1, ""stale_data_no_action"": 8}"
6000,-1500,120000,100,3079,515,2771,308,98,549,2432,-640911,-208.15556999025657,-203.0,-721100,-234.19941539460865,-202.0,-80189,-26.043845404352062,0.0,-28.938650306748468,0.0,952,335,1484,0.7397047397047397,1287,0.7150435333162913,280,399540,69,344161,672,222699,0,0,622239,702428,False,True,347.2,8,74,1,224,1,0,515,3079,0,0,4,"{""cut_target"": 69, ""harmful_exit"": 266, ""neutral_exit"": 1484, ""no_active_exit"": 308, ""no_exit_replay"": 515, ""saved_stop"": 280, ""timeout_improved"": 672}","{""candidate_after_baseline_exit"": 224, ""candidate_after_max_hold"": 1, ""lifecycle_without_exit_replay"": 515, ""no_candidate"": 74, ""none"": 2771, ""not_active_exit_eligible"": 1, ""stale_data_no_action"": 8}"
6000,-1500,120000,150,3079,515,2771,308,98,549,2432,-794861,-258.1555699902566,-253.0,-875050,-284.19941539460865,-252.0,-80189,-26.043845404352062,0.0,-28.938650306748468,0.0,952,335,1484,0.7397047397047397,1287,0.7150435333162913,280,399540,69,344161,672,222699,0,0,622239,702428,False,True,347.2,8,74,1,224,1,0,515,3079,0,0,4,"{""cut_target"": 69, ""harmful_exit"": 266, ""neutral_exit"": 1484, ""no_active_exit"": 308, ""no_exit_replay"": 515, ""saved_stop"": 280, ""timeout_improved"": 672}","{""candidate_after_baseline_exit"": 224, ""candidate_after_max_hold"": 1, ""lifecycle_without_exit_replay"": 515, ""no_candidate"": 74, ""none"": 2771, ""not_active_exit_eligible"": 1, ""stale_data_no_action"": 8}"
6000,-1500,120000,200,3079,515,2771,308,98,549,2432,-948811,-308.1555699902566,-303.0,-1029000,-334.19941539460865,-302.0,-80189,-26.043845404352062,0.0,-28.938650306748468,0.0,952,335,1484,0.7397047397047397,1287,0.7150435333162913,280,399540,69,344161,672,222699,0,0,622239,702428,False,True,347.2,8,74,1,224,1,0,515,3079,0,0,4,"{""cut_target"": 69, ""harmful_exit"": 266, ""neutral_exit"": 1484, ""no_active_exit"": 308, ""no_exit_replay"": 515, ""saved_stop"": 280, ""timeout_improved"": 672}","{""candidate_after_baseline_exit"": 224, ""candidate_after_max_hold"": 1, ""lifecycle_without_exit_replay"": 515, ""no_candidate"": 74, ""none"": 2771, ""not_active_exit_eligible"": 1, ""stale_data_no_action"": 8}"
6000,-2000,30000,0,3079,515,2764,315,32,295,2752,-433678,-140.85027606365702,-102.0,-478397,-155.37414745047093,-102.0,-44719,-14.5238713868139,0.0,-16.179088277858177,0.0,479,297,1988,0.6172680412371134,776,0.5825717657710666,91,141797,14,66230,388,145109,0,0,286906,331625,True,True,129.8,8,74,1,147,85,0,515,3079,0,0,4,"{""cut_target"": 14, ""harmful_exit"": 283, ""neutral_exit"": 1988, ""no_active_exit"": 315, ""no_exit_replay"": 515, ""saved_stop"": 91, ""timeout_improved"": 388}","{""candidate_after_baseline_exit"": 147, ""candidate_after_max_hold"": 85, ""lifecycle_without_exit_replay"": 515, ""no_candidate"": 74, ""none"": 2764, ""not_active_exit_eligible"": 1, ""stale_data_no_action"": 8}"
6000,-2000,30000,50,3079,515,2764,315,32,295,2752,-587628,-190.85027606365702,-152.0,-632347,-205.37414745047093,-152.0,-44719,-14.5238713868139,0.0,-16.179088277858177,0.0,479,297,1988,0.6172680412371134,776,0.5825717657710666,91,141797,14,66230,388,145109,0,0,286906,331625,True,True,129.8,8,74,1,147,85,0,515,3079,0,0,4,"{""cut_target"": 14, ""harmful_exit"": 283, ""neutral_exit"": 1988, ""no_active_exit"": 315, ""no_exit_replay"": 515, ""saved_stop"": 91, ""timeout_improved"": 388}","{""candidate_after_baseline_exit"": 147, ""candidate_after_max_hold"": 85, ""lifecycle_without_exit_replay"": 515, ""no_candidate"": 74, ""none"": 2764, ""not_active_exit_eligible"": 1, ""stale_data_no_action"": 8}"
6000,-2000,30000,100,3079,515,2764,315,32,295,2752,-741578,-240.85027606365702,-202.0,-786297,-255.37414745047093,-202.0,-44719,-14.5238713868139,0.0,-16.179088277858177,0.0,479,297,1988,0.6172680412371134,776,0.5825717657710666,91,141797,14,66230,388,145109,0,0,286906,331625,True,True,129.8,8,74,1,147,85,0,515,3079,0,0,4,"{""cut_target"": 14, ""harmful_exit"": 283, ""neutral_exit"": 1988, ""no_active_exit"": 315, ""no_exit_replay"": 515, ""saved_stop"": 91, ""timeout_improved"": 388}","{""candidate_after_baseline_exit"": 147, ""candidate_after_max_hold"": 85, ""lifecycle_without_exit_replay"": 515, ""no_candidate"": 74, ""none"": 2764, ""not_active_exit_eligible"": 1, ""stale_data_no_action"": 8}"
6000,-2000,30000,150,3079,515,2764,315,32,295,2752,-895528,-290.850276063657,-252.0,-940247,-305.37414745047096,-252.0,-44719,-14.5238713868139,0.0,-16.179088277858177,0.0,479,297,1988,0.6172680412371134,776,0.5825717657710666,91,141797,14,66230,388,145109,0,0,286906,331625,True,True,129.8,8,74,1,147,85,0,515,3079,0,0,4,"{""cut_target"": 14, ""harmful_exit"": 283, ""neutral_exit"": 1988, ""no_active_exit"": 315, ""no_exit_replay"": 515, ""saved_stop"": 91, ""timeout_improved"": 388}","{""candidate_after_baseline_exit"": 147, ""candidate_after_max_hold"": 85, ""lifecycle_without_exit_replay"": 515, ""no_candidate"": 74, ""none"": 2764, ""not_active_exit_eligible"": 1, ""stale_data_no_action"": 8}"
6000,-2000,30000,200,3079,515,2764,315,32,295,2752,-1049478,-340.850276063657,-302.0,-1094197,-355.37414745047096,-302.0,-44719,-14.5238713868139,0.0,-16.179088277858177,0.0,479,297,1988,0.6172680412371134,776,0.5825717657710666,91,141797,14,66230,388,145109,0,0,286906,331625,True,True,129.8,8,74,1,147,85,0,515,3079,0,0,4,"{""cut_target"": 14, ""harmful_exit"": 283, ""neutral_exit"": 1988, ""no_active_exit"": 315, ""no_exit_replay"": 515, ""saved_stop"": 91, ""timeout_improved"": 388}","{""candidate_after_baseline_exit"": 147, ""candidate_after_max_hold"": 85, ""lifecycle_without_exit_replay"": 515, ""no_candidate"": 74, ""none"": 2764, ""not_active_exit_eligible"": 1, ""stale_data_no_action"": 8}"
6000,-2000,60000,0,3079,515,2814,265,67,390,2622,-344745,-111.96654758038324,-102.0,-470429,-152.78629425138033,-102.0,-125684,-40.81974667099708,0.0,-44.6638237384506,0.0,690,391,1733,0.6382978723404256,1081,0.6092114580069331,179,299995,38,198636,511,202310,0,0,502305,627989,False,True,230.1,8,74,1,172,10,0,515,3079,0,0,3,"{""cut_target"": 38, ""harmful_exit"": 353, ""neutral_exit"": 1733, ""no_active_exit"": 265, ""no_exit_replay"": 515, ""saved_stop"": 179, ""timeout_improved"": 511}","{""candidate_after_baseline_exit"": 172, ""candidate_after_max_hold"": 10, ""lifecycle_without_exit_replay"": 515, ""no_candidate"": 74, ""none"": 2814, ""not_active_exit_eligible"": 1, ""stale_data_no_action"": 8}"
6000,-2000,60000,50,3079,515,2814,265,67,390,2622,-498695,-161.96654758038324,-152.0,-624379,-202.78629425138033,-152.0,-125684,-40.81974667099708,0.0,-44.6638237384506,0.0,690,391,1733,0.6382978723404256,1081,0.6092114580069331,179,299995,38,198636,511,202310,0,0,502305,627989,False,True,230.1,8,74,1,172,10,0,515,3079,0,0,3,"{""cut_target"": 38, ""harmful_exit"": 353, ""neutral_exit"": 1733, ""no_active_exit"": 265, ""no_exit_replay"": 515, ""saved_stop"": 179, ""timeout_improved"": 511}","{""candidate_after_baseline_exit"": 172, ""candidate_after_max_hold"": 10, ""lifecycle_without_exit_replay"": 515, ""no_candidate"": 74, ""none"": 2814, ""not_active_exit_eligible"": 1, ""stale_data_no_action"": 8}"
6000,-2000,60000,100,3079,515,2814,265,67,390,2622,-652645,-211.96654758038324,-202.0,-778329,-252.78629425138033,-202.0,-125684,-40.81974667099708,0.0,-44.6638237384506,0.0,690,391,1733,0.6382978723404256,1081,0.6092114580069331,179,299995,38,198636,511,202310,0,0,502305,627989,False,True,230.1,8,74,1,172,10,0,515,3079,0,0,3,"{""cut_target"": 38, ""harmful_exit"": 353, ""neutral_exit"": 1733, ""no_active_exit"": 265, ""no_exit_replay"": 515, ""saved_stop"": 179, ""timeout_improved"": 511}","{""candidate_after_baseline_exit"": 172, ""candidate_after_max_hold"": 10, ""lifecycle_without_exit_replay"": 515, ""no_candidate"": 74, ""none"": 2814, ""not_active_exit_eligible"": 1, ""stale_data_no_action"": 8}"
6000,-2000,60000,150,3079,515,2814,265,67,390,2622,-806595,-261.96654758038324,-252.0,-932279,-302.7862942513803,-252.0,-125684,-40.81974667099708,0.0,-44.6638237384506,0.0,690,391,1733,0.6382978723404256,1081,0.6092114580069331,179,299995,38,198636,511,202310,0,0,502305,627989,False,True,230.1,8,74,1,172,10,0,515,3079,0,0,3,"{""cut_target"": 38, ""harmful_exit"": 353, ""neutral_exit"": 1733, ""no_active_exit"": 265, ""no_exit_replay"": 515, ""saved_stop"": 179, ""timeout_improved"": 511}","{""candidate_after_baseline_exit"": 172, ""candidate_after_max_hold"": 10, ""lifecycle_without_exit_replay"": 515, ""no_candidate"": 74, ""none"": 2814, ""not_active_exit_eligible"": 1, ""stale_data_no_action"": 8}"
6000,-2000,60000,200,3079,515,2814,265,67,390,2622,-960545,-311.96654758038324,-302.0,-1086229,-352.7862942513803,-302.0,-125684,-40.81974667099708,0.0,-44.6638237384506,0.0,690,391,1733,0.6382978723404256,1081,0.6092114580069331,179,299995,38,198636,511,202310,0,0,502305,627989,False,True,230.1,8,74,1,172,10,0,515,3079,0,0,3,"{""cut_target"": 38, ""harmful_exit"": 353, ""neutral_exit"": 1733, ""no_active_exit"": 265, ""no_exit_replay"": 515, ""saved_stop"": 179, ""timeout_improved"": 511}","{""candidate_after_baseline_exit"": 172, ""candidate_after_max_hold"": 10, ""lifecycle_without_exit_replay"": 515, ""no_candidate"": 74, ""none"": 2814, ""not_active_exit_eligible"": 1, ""stale_data_no_action"": 8}"
6000,-2000,120000,0,3079,515,2822,257,109,469,2501,-447043,-145.1909710945112,-102.0,-484491,-157.35336148100032,-102.0,-37448,-12.16239038648912,0.0,-13.270021261516655,0.0,975,356,1491,0.7325319308790383,1331,0.7081077493290625,255,459466,76,391119,720,281456,0,0,740922,778370,False,True,327.0,8,74,1,173,1,0,515,3079,0,0,4,"{""cut_target"": 76, ""harmful_exit"": 280, ""neutral_exit"": 1491, ""no_active_exit"": 257, ""no_exit_replay"": 515, ""saved_stop"": 255, ""timeout_improved"": 720}","{""candidate_after_baseline_exit"": 173, ""candidate_after_max_hold"": 1, ""lifecycle_without_exit_replay"": 515, ""no_candidate"": 74, ""none"": 2822, ""not_active_exit_eligible"": 1, ""stale_data_no_action"": 8}"
6000,-2000,120000,50,3079,515,2822,257,109,469,2501,-600993,-195.1909710945112,-152.0,-638441,-207.35336148100032,-152.0,-37448,-12.16239038648912,0.0,-13.270021261516655,0.0,975,356,1491,0.7325319308790383,1331,0.7081077493290625,255,459466,76,391119,720,281456,0,0,740922,778370,False,True,327.0,8,74,1,173,1,0,515,3079,0,0,4,"{""cut_target"": 76, ""harmful_exit"": 280, ""neutral_exit"": 1491, ""no_active_exit"": 257, ""no_exit_replay"": 515, ""saved_stop"": 255, ""timeout_improved"": 720}","{""candidate_after_baseline_exit"": 173, ""candidate_after_max_hold"": 1, ""lifecycle_without_exit_replay"": 515, ""no_candidate"": 74, ""none"": 2822, ""not_active_exit_eligible"": 1, ""stale_data_no_action"": 8}"
6000,-2000,120000,100,3079,515,2822,257,109,469,2501,-754943,-245.1909710945112,-202.0,-792391,-257.3533614810003,-202.0,-37448,-12.16239038648912,0.0,-13.270021261516655,0.0,975,356,1491,0.7325319308790383,1331,0.7081077493290625,255,459466,76,391119,720,281456,0,0,740922,778370,False,True,327.0,8,74,1,173,1,0,515,3079,0,0,4,"{""cut_target"": 76, ""harmful_exit"": 280, ""neutral_exit"": 1491, ""no_active_exit"": 257, ""no_exit_replay"": 515, ""saved_stop"": 255, ""timeout_improved"": 720}","{""candidate_after_baseline_exit"": 173, ""candidate_after_max_hold"": 1, ""lifecycle_without_exit_replay"": 515, ""no_candidate"": 74, ""none"": 2822, ""not_active_exit_eligible"": 1, ""stale_data_no_action"": 8}"
6000,-2000,120000,150,3079,515,2822,257,109,469,2501,-908893,-295.1909710945112,-252.0,-946341,-307.3533614810003,-252.0,-37448,-12.16239038648912,0.0,-13.270021261516655,0.0,975,356,1491,0.7325319308790383,1331,0.7081077493290625,255,459466,76,391119,720,281456,0,0,740922,778370,False,True,327.0,8,74,1,173,1,0,515,3079,0,0,4,"{""cut_target"": 76, ""harmful_exit"": 280, ""neutral_exit"": 1491, ""no_active_exit"": 257, ""no_exit_replay"": 515, ""saved_stop"": 255, ""timeout_improved"": 720}","{""candidate_after_baseline_exit"": 173, ""candidate_after_max_hold"": 1, ""lifecycle_without_exit_replay"": 515, ""no_candidate"": 74, ""none"": 2822, ""not_active_exit_eligible"": 1, ""stale_data_no_action"": 8}"
6000,-2000,120000,200,3079,515,2822,257,109,469,2501,-1062843,-345.1909710945112,-302.0,-1100291,-357.3533614810003,-302.0,-37448,-12.16239038648912,0.0,-13.270021261516655,0.0,975,356,1491,0.7325319308790383,1331,0.7081077493290625,255,459466,76,391119,720,281456,0,0,740922,778370,False,True,327.0,8,74,1,173,1,0,515,3079,0,0,4,"{""cut_target"": 76, ""harmful_exit"": 280, ""neutral_exit"": 1491, ""no_active_exit"": 257, ""no_exit_replay"": 515, ""saved_stop"": 255, ""timeout_improved"": 720}","{""candidate_after_baseline_exit"": 173, ""candidate_after_max_hold"": 1, ""lifecycle_without_exit_replay"": 515, ""no_candidate"": 74, ""none"": 2822, ""not_active_exit_eligible"": 1, ""stale_data_no_action"": 8}"
6000,-3000,30000,0,3079,515,2839,240,36,192,2851,-571794,-185.7076973043196,-102.0,-554354,-180.04352062357907,-102.0,17440,5.6641766807405,0.0,6.14300810144417,0.0,519,317,2003,0.6208133971291866,836,0.5874423448241706,81,149945,15,74760,438,217193,0,0,367138,349698,True,True,124.80000000000001,8,74,1,72,85,0,515,3079,0,0,3,"{""cut_target"": 15, ""harmful_exit"": 302, ""neutral_exit"": 2003, ""no_active_exit"": 240, ""no_exit_replay"": 515, ""saved_stop"": 81, ""timeout_improved"": 438}","{""candidate_after_baseline_exit"": 72, ""candidate_after_max_hold"": 85, ""lifecycle_without_exit_replay"": 515, ""no_candidate"": 74, ""none"": 2839, ""not_active_exit_eligible"": 1, ""stale_data_no_action"": 8}"
6000,-3000,30000,50,3079,515,2839,240,36,192,2851,-725744,-235.7076973043196,-152.0,-708304,-230.04352062357907,-152.0,17440,5.6641766807405,0.0,6.14300810144417,0.0,519,317,2003,0.6208133971291866,836,0.5874423448241706,81,149945,15,74760,438,217193,0,0,367138,349698,True,True,124.80000000000001,8,74,1,72,85,0,515,3079,0,0,3,"{""cut_target"": 15, ""harmful_exit"": 302, ""neutral_exit"": 2003, ""no_active_exit"": 240, ""no_exit_replay"": 515, ""saved_stop"": 81, ""timeout_improved"": 438}","{""candidate_after_baseline_exit"": 72, ""candidate_after_max_hold"": 85, ""lifecycle_without_exit_replay"": 515, ""no_candidate"": 74, ""none"": 2839, ""not_active_exit_eligible"": 1, ""stale_data_no_action"": 8}"
6000,-3000,30000,100,3079,515,2839,240,36,192,2851,-879694,-285.7076973043196,-202.0,-862254,-280.04352062357907,-202.0,17440,5.6641766807405,0.0,6.14300810144417,0.0,519,317,2003,0.6208133971291866,836,0.5874423448241706,81,149945,15,74760,438,217193,0,0,367138,349698,True,True,124.80000000000001,8,74,1,72,85,0,515,3079,0,0,3,"{""cut_target"": 15, ""harmful_exit"": 302, ""neutral_exit"": 2003, ""no_active_exit"": 240, ""no_exit_replay"": 515, ""saved_stop"": 81, ""timeout_improved"": 438}","{""candidate_after_baseline_exit"": 72, ""candidate_after_max_hold"": 85, ""lifecycle_without_exit_replay"": 515, ""no_candidate"": 74, ""none"": 2839, ""not_active_exit_eligible"": 1, ""stale_data_no_action"": 8}"
6000,-3000,30000,150,3079,515,2839,240,36,192,2851,-1033644,-335.7076973043196,-252.0,-1016204,-330.04352062357907,-252.0,17440,5.6641766807405,0.0,6.14300810144417,0.0,519,317,2003,0.6208133971291866,836,0.5874423448241706,81,149945,15,74760,438,217193,0,0,367138,349698,True,True,124.80000000000001,8,74,1,72,85,0,515,3079,0,0,3,"{""cut_target"": 15, ""harmful_exit"": 302, ""neutral_exit"": 2003, ""no_active_exit"": 240, ""no_exit_replay"": 515, ""saved_stop"": 81, ""timeout_improved"": 438}","{""candidate_after_baseline_exit"": 72, ""candidate_after_max_hold"": 85, ""lifecycle_without_exit_replay"": 515, ""no_candidate"": 74, ""none"": 2839, ""not_active_exit_eligible"": 1, ""stale_data_no_action"": 8}"
6000,-3000,30000,200,3079,515,2839,240,36,192,2851,-1187594,-385.7076973043196,-302.0,-1170154,-380.04352062357907,-302.0,17440,5.6641766807405,0.0,6.14300810144417,0.0,519,317,2003,0.6208133971291866,836,0.5874423448241706,81,149945,15,74760,438,217193,0,0,367138,349698,True,True,124.80000000000001,8,74,1,72,85,0,515,3079,0,0,3,"{""cut_target"": 15, ""harmful_exit"": 302, ""neutral_exit"": 2003, ""no_active_exit"": 240, ""no_exit_replay"": 515, ""saved_stop"": 81, ""timeout_improved"": 438}","{""candidate_after_baseline_exit"": 72, ""candidate_after_max_hold"": 85, ""lifecycle_without_exit_replay"": 515, ""no_candidate"": 74, ""none"": 2839, ""not_active_exit_eligible"": 1, ""stale_data_no_action"": 8}"
6000,-3000,60000,0,3079,515,2904,175,72,263,2744,-524894,-170.47547905164015,-102.0,-555232,-180.32867814225398,-102.0,-30338,-9.853199090613836,0.0,-10.446969696969697,0.0,739,422,1743,0.6365202411714039,1161,0.6084439826542752,146,319965,40,213700,593,322336,0,0,642301,672639,False,True,205.3,8,74,1,82,10,0,515,3079,0,0,3,"{""cut_target"": 40, ""harmful_exit"": 382, ""neutral_exit"": 1743, ""no_active_exit"": 175, ""no_exit_replay"": 515, ""saved_stop"": 146, ""timeout_improved"": 593}","{""candidate_after_baseline_exit"": 82, ""candidate_after_max_hold"": 10, ""lifecycle_without_exit_replay"": 515, ""no_candidate"": 74, ""none"": 2904, ""not_active_exit_eligible"": 1, ""stale_data_no_action"": 8}"
6000,-3000,60000,50,3079,515,2904,175,72,263,2744,-678844,-220.47547905164015,-152.0,-709182,-230.32867814225398,-152.0,-30338,-9.853199090613836,0.0,-10.446969696969697,0.0,739,422,1743,0.6365202411714039,1161,0.6084439826542752,146,319965,40,213700,593,322336,0,0,642301,672639,False,True,205.3,8,74,1,82,10,0,515,3079,0,0,3,"{""cut_target"": 40, ""harmful_exit"": 382, ""neutral_exit"": 1743, ""no_active_exit"": 175, ""no_exit_replay"": 515, ""saved_stop"": 146, ""timeout_improved"": 593}","{""candidate_after_baseline_exit"": 82, ""candidate_after_max_hold"": 10, ""lifecycle_without_exit_replay"": 515, ""no_candidate"": 74, ""none"": 2904, ""not_active_exit_eligible"": 1, ""stale_data_no_action"": 8}"
6000,-3000,60000,100,3079,515,2904,175,72,263,2744,-832794,-270.47547905164015,-202.0,-863132,-280.328678142254,-202.0,-30338,-9.853199090613836,0.0,-10.446969696969697,0.0,739,422,1743,0.6365202411714039,1161,0.6084439826542752,146,319965,40,213700,593,322336,0,0,642301,672639,False,True,205.3,8,74,1,82,10,0,515,3079,0,0,3,"{""cut_target"": 40, ""harmful_exit"": 382, ""neutral_exit"": 1743, ""no_active_exit"": 175, ""no_exit_replay"": 515, ""saved_stop"": 146, ""timeout_improved"": 593}","{""candidate_after_baseline_exit"": 82, ""candidate_after_max_hold"": 10, ""lifecycle_without_exit_replay"": 515, ""no_candidate"": 74, ""none"": 2904, ""not_active_exit_eligible"": 1, ""stale_data_no_action"": 8}"
6000,-3000,60000,150,3079,515,2904,175,72,263,2744,-986744,-320.47547905164015,-252.0,-1017082,-330.328678142254,-252.0,-30338,-9.853199090613836,0.0,-10.446969696969697,0.0,739,422,1743,0.6365202411714039,1161,0.6084439826542752,146,319965,40,213700,593,322336,0,0,642301,672639,False,True,205.3,8,74,1,82,10,0,515,3079,0,0,3,"{""cut_target"": 40, ""harmful_exit"": 382, ""neutral_exit"": 1743, ""no_active_exit"": 175, ""no_exit_replay"": 515, ""saved_stop"": 146, ""timeout_improved"": 593}","{""candidate_after_baseline_exit"": 82, ""candidate_after_max_hold"": 10, ""lifecycle_without_exit_replay"": 515, ""no_candidate"": 74, ""none"": 2904, ""not_active_exit_eligible"": 1, ""stale_data_no_action"": 8}"
6000,-3000,60000,200,3079,515,2904,175,72,263,2744,-1140694,-370.47547905164015,-302.0,-1171032,-380.328678142254,-302.0,-30338,-9.853199090613836,0.0,-10.446969696969697,0.0,739,422,1743,0.6365202411714039,1161,0.6084439826542752,146,319965,40,213700,593,322336,0,0,642301,672639,False,True,205.3,8,74,1,82,10,0,515,3079,0,0,3,"{""cut_target"": 40, ""harmful_exit"": 382, ""neutral_exit"": 1743, ""no_active_exit"": 175, ""no_exit_replay"": 515, ""saved_stop"": 146, ""timeout_improved"": 593}","{""candidate_after_baseline_exit"": 82, ""candidate_after_max_hold"": 10, ""lifecycle_without_exit_replay"": 515, ""no_candidate"": 74, ""none"": 2904, ""not_active_exit_eligible"": 1, ""stale_data_no_action"": 8}"
6000,-3000,120000,0,3079,515,2912,167,120,344,2615,-654452,-212.5534264371549,-102.0,-567869,-184.43293277038,-102.0,86583,28.120493666774927,0.0,29.733173076923077,0.0,1026,386,1500,0.726628895184136,1412,0.7027906116910433,224,530407,83,438942,802,422375,0,0,952782,866199,False,True,304.2,8,74,1,83,1,0,515,3079,0,0,4,"{""cut_target"": 83, ""harmful_exit"": 303, ""neutral_exit"": 1500, ""no_active_exit"": 167, ""no_exit_replay"": 515, ""saved_stop"": 224, ""timeout_improved"": 802}","{""candidate_after_baseline_exit"": 83, ""candidate_after_max_hold"": 1, ""lifecycle_without_exit_replay"": 515, ""no_candidate"": 74, ""none"": 2912, ""not_active_exit_eligible"": 1, ""stale_data_no_action"": 8}"
6000,-3000,120000,50,3079,515,2912,167,120,344,2615,-808402,-262.55342643715494,-152.0,-721819,-234.43293277038,-152.0,86583,28.120493666774927,0.0,29.733173076923077,0.0,1026,386,1500,0.726628895184136,1412,0.7027906116910433,224,530407,83,438942,802,422375,0,0,952782,866199,False,True,304.2,8,74,1,83,1,0,515,3079,0,0,4,"{""cut_target"": 83, ""harmful_exit"": 303, ""neutral_exit"": 1500, ""no_active_exit"": 167, ""no_exit_replay"": 515, ""saved_stop"": 224, ""timeout_improved"": 802}","{""candidate_after_baseline_exit"": 83, ""candidate_after_max_hold"": 1, ""lifecycle_without_exit_replay"": 515, ""no_candidate"": 74, ""none"": 2912, ""not_active_exit_eligible"": 1, ""stale_data_no_action"": 8}"
6000,-3000,120000,100,3079,515,2912,167,120,344,2615,-962352,-312.55342643715494,-202.0,-875769,-284.43293277038,-202.0,86583,28.120493666774927,0.0,29.733173076923077,0.0,1026,386,1500,0.726628895184136,1412,0.7027906116910433,224,530407,83,438942,802,422375,0,0,952782,866199,False,True,304.2,8,74,1,83,1,0,515,3079,0,0,4,"{""cut_target"": 83, ""harmful_exit"": 303, ""neutral_exit"": 1500, ""no_active_exit"": 167, ""no_exit_replay"": 515, ""saved_stop"": 224, ""timeout_improved"": 802}","{""candidate_after_baseline_exit"": 83, ""candidate_after_max_hold"": 1, ""lifecycle_without_exit_replay"": 515, ""no_candidate"": 74, ""none"": 2912, ""not_active_exit_eligible"": 1, ""stale_data_no_action"": 8}"
6000,-3000,120000,150,3079,515,2912,167,120,344,2615,-1116302,-362.55342643715494,-252.0,-1029719,-334.43293277038,-252.0,86583,28.120493666774927,0.0,29.733173076923077,0.0,1026,386,1500,0.726628895184136,1412,0.7027906116910433,224,530407,83,438942,802,422375,0,0,952782,866199,False,True,304.2,8,74,1,83,1,0,515,3079,0,0,4,"{""cut_target"": 83, ""harmful_exit"": 303, ""neutral_exit"": 1500, ""no_active_exit"": 167, ""no_exit_replay"": 515, ""saved_stop"": 224, ""timeout_improved"": 802}","{""candidate_after_baseline_exit"": 83, ""candidate_after_max_hold"": 1, ""lifecycle_without_exit_replay"": 515, ""no_candidate"": 74, ""none"": 2912, ""not_active_exit_eligible"": 1, ""stale_data_no_action"": 8}"
6000,-3000,120000,200,3079,515,2912,167,120,344,2615,-1270252,-412.55342643715494,-302.0,-1183669,-384.43293277038,-302.0,86583,28.120493666774927,0.0,29.733173076923077,0.0,1026,386,1500,0.726628895184136,1412,0.7027906116910433,224,530407,83,438942,802,422375,0,0,952782,866199,False,True,304.2,8,74,1,83,1,0,515,3079,0,0,4,"{""cut_target"": 83, ""harmful_exit"": 303, ""neutral_exit"": 1500, ""no_active_exit"": 167, ""no_exit_replay"": 515, ""saved_stop"": 224, ""timeout_improved"": 802}","{""candidate_after_baseline_exit"": 83, ""candidate_after_max_hold"": 1, ""lifecycle_without_exit_replay"": 515, ""no_candidate"": 74, ""none"": 2912, ""not_active_exit_eligible"": 1, ""stale_data_no_action"": 8}"
6000,-5000,30000,0,3079,515,2898,181,41,80,2958,-699310,-227.1224423514128,-102.0,-642008,-208.5118544982137,-102.0,57302,18.61058785319909,0.0,19.77294685990338,0.0,548,335,2015,0.6206115515288788,883,0.5881490884167019,38,111586,17,94449,510,343201,0,0,454787,397485,True,True,89.0,8,74,1,13,85,0,515,3079,0,0,3,"{""cut_target"": 17, ""harmful_exit"": 318, ""neutral_exit"": 2015, ""no_active_exit"": 181, ""no_exit_replay"": 515, ""saved_stop"": 38, ""timeout_improved"": 510}","{""candidate_after_baseline_exit"": 13, ""candidate_after_max_hold"": 85, ""lifecycle_without_exit_replay"": 515, ""no_candidate"": 74, ""none"": 2898, ""not_active_exit_eligible"": 1, ""stale_data_no_action"": 8}"
6000,-5000,30000,50,3079,515,2898,181,41,80,2958,-853260,-277.1224423514128,-152.0,-795958,-258.5118544982137,-152.0,57302,18.61058785319909,0.0,19.77294685990338,0.0,548,335,2015,0.6206115515288788,883,0.5881490884167019,38,111586,17,94449,510,343201,0,0,454787,397485,True,True,89.0,8,74,1,13,85,0,515,3079,0,0,3,"{""cut_target"": 17, ""harmful_exit"": 318, ""neutral_exit"": 2015, ""no_active_exit"": 181, ""no_exit_replay"": 515, ""saved_stop"": 38, ""timeout_improved"": 510}","{""candidate_after_baseline_exit"": 13, ""candidate_after_max_hold"": 85, ""lifecycle_without_exit_replay"": 515, ""no_candidate"": 74, ""none"": 2898, ""not_active_exit_eligible"": 1, ""stale_data_no_action"": 8}"
6000,-5000,30000,100,3079,515,2898,181,41,80,2958,-1007210,-327.1224423514128,-202.0,-949908,-308.5118544982137,-202.0,57302,18.61058785319909,0.0,19.77294685990338,0.0,548,335,2015,0.6206115515288788,883,0.5881490884167019,38,111586,17,94449,510,343201,0,0,454787,397485,True,True,89.0,8,74,1,13,85,0,515,3079,0,0,3,"{""cut_target"": 17, ""harmful_exit"": 318, ""neutral_exit"": 2015, ""no_active_exit"": 181, ""no_exit_replay"": 515, ""saved_stop"": 38, ""timeout_improved"": 510}","{""candidate_after_baseline_exit"": 13, ""candidate_after_max_hold"": 85, ""lifecycle_without_exit_replay"": 515, ""no_candidate"": 74, ""none"": 2898, ""not_active_exit_eligible"": 1, ""stale_data_no_action"": 8}"
6000,-5000,30000,150,3079,515,2898,181,41,80,2958,-1161160,-377.1224423514128,-252.0,-1103858,-358.5118544982137,-252.0,57302,18.61058785319909,0.0,19.77294685990338,0.0,548,335,2015,0.6206115515288788,883,0.5881490884167019,38,111586,17,94449,510,343201,0,0,454787,397485,True,True,89.0,8,74,1,13,85,0,515,3079,0,0,3,"{""cut_target"": 17, ""harmful_exit"": 318, ""neutral_exit"": 2015, ""no_active_exit"": 181, ""no_exit_replay"": 515, ""saved_stop"": 38, ""timeout_improved"": 510}","{""candidate_after_baseline_exit"": 13, ""candidate_after_max_hold"": 85, ""lifecycle_without_exit_replay"": 515, ""no_candidate"": 74, ""none"": 2898, ""not_active_exit_eligible"": 1, ""stale_data_no_action"": 8}"
6000,-5000,30000,200,3079,515,2898,181,41,80,2958,-1315110,-427.1224423514128,-302.0,-1257808,-408.5118544982137,-302.0,57302,18.61058785319909,0.0,19.77294685990338,0.0,548,335,2015,0.6206115515288788,883,0.5881490884167019,38,111586,17,94449,510,343201,0,0,454787,397485,True,True,89.0,8,74,1,13,85,0,515,3079,0,0,3,"{""cut_target"": 17, ""harmful_exit"": 318, ""neutral_exit"": 2015, ""no_active_exit"": 181, ""no_exit_replay"": 515, ""saved_stop"": 38, ""timeout_improved"": 510}","{""candidate_after_baseline_exit"": 13, ""candidate_after_max_hold"": 85, ""lifecycle_without_exit_replay"": 515, ""no_candidate"": 74, ""none"": 2898, ""not_active_exit_eligible"": 1, ""stale_data_no_action"": 8}"
6000,-5000,60000,0,3079,515,2969,110,81,126,2872,-732810,-238.00259824618382,-102.0,-655788,-212.98733354985384,-102.0,77022,25.01526469632998,0.0,25.942068036375883,0.0,776,443,1750,0.6365873666940115,1219,0.6091966030918134,80,264252,44,252623,696,545349,0,0,809601,732579,False,True,149.60000000000002,8,74,1,17,10,0,515,3079,0,0,3,"{""cut_target"": 44, ""harmful_exit"": 399, ""neutral_exit"": 1750, ""no_active_exit"": 110, ""no_exit_replay"": 515, ""saved_stop"": 80, ""timeout_improved"": 696}","{""candidate_after_baseline_exit"": 17, ""candidate_after_max_hold"": 10, ""lifecycle_without_exit_replay"": 515, ""no_candidate"": 74, ""none"": 2969, ""not_active_exit_eligible"": 1, ""stale_data_no_action"": 8}"
6000,-5000,60000,50,3079,515,2969,110,81,126,2872,-886760,-288.0025982461838,-152.0,-809738,-262.9873335498539,-152.0,77022,25.01526469632998,0.0,25.942068036375883,0.0,776,443,1750,0.6365873666940115,1219,0.6091966030918134,80,264252,44,252623,696,545349,0,0,809601,732579,False,True,149.60000000000002,8,74,1,17,10,0,515,3079,0,0,3,"{""cut_target"": 44, ""harmful_exit"": 399, ""neutral_exit"": 1750, ""no_active_exit"": 110, ""no_exit_replay"": 515, ""saved_stop"": 80, ""timeout_improved"": 696}","{""candidate_after_baseline_exit"": 17, ""candidate_after_max_hold"": 10, ""lifecycle_without_exit_replay"": 515, ""no_candidate"": 74, ""none"": 2969, ""not_active_exit_eligible"": 1, ""stale_data_no_action"": 8}"
6000,-5000,60000,100,3079,515,2969,110,81,126,2872,-1040710,-338.0025982461838,-202.0,-963688,-312.9873335498539,-202.0,77022,25.01526469632998,0.0,25.942068036375883,0.0,776,443,1750,0.6365873666940115,1219,0.6091966030918134,80,264252,44,252623,696,545349,0,0,809601,732579,False,True,149.60000000000002,8,74,1,17,10,0,515,3079,0,0,3,"{""cut_target"": 44, ""harmful_exit"": 399, ""neutral_exit"": 1750, ""no_active_exit"": 110, ""no_exit_replay"": 515, ""saved_stop"": 80, ""timeout_improved"": 696}","{""candidate_after_baseline_exit"": 17, ""candidate_after_max_hold"": 10, ""lifecycle_without_exit_replay"": 515, ""no_candidate"": 74, ""none"": 2969, ""not_active_exit_eligible"": 1, ""stale_data_no_action"": 8}"
6000,-5000,60000,150,3079,515,2969,110,81,126,2872,-1194660,-388.0025982461838,-252.0,-1117638,-362.9873335498539,-252.0,77022,25.01526469632998,0.0,25.942068036375883,0.0,776,443,1750,0.6365873666940115,1219,0.6091966030918134,80,264252,44,252623,696,545349,0,0,809601,732579,False,True,149.60000000000002,8,74,1,17,10,0,515,3079,0,0,3,"{""cut_target"": 44, ""harmful_exit"": 399, ""neutral_exit"": 1750, ""no_active_exit"": 110, ""no_exit_replay"": 515, ""saved_stop"": 80, ""timeout_improved"": 696}","{""candidate_after_baseline_exit"": 17, ""candidate_after_max_hold"": 10, ""lifecycle_without_exit_replay"": 515, ""no_candidate"": 74, ""none"": 2969, ""not_active_exit_eligible"": 1, ""stale_data_no_action"": 8}"
6000,-5000,60000,200,3079,515,2969,110,81,126,2872,-1348610,-438.0025982461838,-302.0,-1271588,-412.9873335498539,-302.0,77022,25.01526469632998,0.0,25.942068036375883,0.0,776,443,1750,0.6365873666940115,1219,0.6091966030918134,80,264252,44,252623,696,545349,0,0,809601,732579,False,True,149.60000000000002,8,74,1,17,10,0,515,3079,0,0,3,"{""cut_target"": 44, ""harmful_exit"": 399, ""neutral_exit"": 1750, ""no_active_exit"": 110, ""no_exit_replay"": 515, ""saved_stop"": 80, ""timeout_improved"": 696}","{""candidate_after_baseline_exit"": 17, ""candidate_after_max_hold"": 10, ""lifecycle_without_exit_replay"": 515, ""no_candidate"": 74, ""none"": 2969, ""not_active_exit_eligible"": 1, ""stale_data_no_action"": 8}"
6000,-5000,120000,0,3079,515,2978,101,131,173,2775,-953248,-309.596622279961,-102.0,-672568,-218.4371549204287,-102.0,280680,91.15946735953231,0.0,94.25117528542646,0.0,1066,405,1507,0.7246770904146839,1471,0.7012878368927904,124,460852,89,487876,942,760486,0,0,1221338,940658,False,True,218.2,8,74,1,17,1,0,515,3079,0,0,4,"{""cut_target"": 89, ""harmful_exit"": 316, ""neutral_exit"": 1507, ""no_active_exit"": 101, ""no_exit_replay"": 515, ""saved_stop"": 124, ""timeout_improved"": 942}","{""candidate_after_baseline_exit"": 17, ""candidate_after_max_hold"": 1, ""lifecycle_without_exit_replay"": 515, ""no_candidate"": 74, ""none"": 2978, ""not_active_exit_eligible"": 1, ""stale_data_no_action"": 8}"
6000,-5000,120000,50,3079,515,2978,101,131,173,2775,-1107198,-359.596622279961,-152.0,-826518,-268.4371549204287,-152.0,280680,91.15946735953231,0.0,94.25117528542646,0.0,1066,405,1507,0.7246770904146839,1471,0.7012878368927904,124,460852,89,487876,942,760486,0,0,1221338,940658,False,True,218.2,8,74,1,17,1,0,515,3079,0,0,4,"{""cut_target"": 89, ""harmful_exit"": 316, ""neutral_exit"": 1507, ""no_active_exit"": 101, ""no_exit_replay"": 515, ""saved_stop"": 124, ""timeout_improved"": 942}","{""candidate_after_baseline_exit"": 17, ""candidate_after_max_hold"": 1, ""lifecycle_without_exit_replay"": 515, ""no_candidate"": 74, ""none"": 2978, ""not_active_exit_eligible"": 1, ""stale_data_no_action"": 8}"
6000,-5000,120000,100,3079,515,2978,101,131,173,2775,-1261148,-409.596622279961,-202.0,-980468,-318.4371549204287,-202.0,280680,91.15946735953231,0.0,94.25117528542646,0.0,1066,405,1507,0.7246770904146839,1471,0.7012878368927904,124,460852,89,487876,942,760486,0,0,1221338,940658,False,True,218.2,8,74,1,17,1,0,515,3079,0,0,4,"{""cut_target"": 89, ""harmful_exit"": 316, ""neutral_exit"": 1507, ""no_active_exit"": 101, ""no_exit_replay"": 515, ""saved_stop"": 124, ""timeout_improved"": 942}","{""candidate_after_baseline_exit"": 17, ""candidate_after_max_hold"": 1, ""lifecycle_without_exit_replay"": 515, ""no_candidate"": 74, ""none"": 2978, ""not_active_exit_eligible"": 1, ""stale_data_no_action"": 8}"
6000,-5000,120000,150,3079,515,2978,101,131,173,2775,-1415098,-459.596622279961,-252.0,-1134418,-368.4371549204287,-252.0,280680,91.15946735953231,0.0,94.25117528542646,0.0,1066,405,1507,0.7246770904146839,1471,0.7012878368927904,124,460852,89,487876,942,760486,0,0,1221338,940658,False,True,218.2,8,74,1,17,1,0,515,3079,0,0,4,"{""cut_target"": 89, ""harmful_exit"": 316, ""neutral_exit"": 1507, ""no_active_exit"": 101, ""no_exit_replay"": 515, ""saved_stop"": 124, ""timeout_improved"": 942}","{""candidate_after_baseline_exit"": 17, ""candidate_after_max_hold"": 1, ""lifecycle_without_exit_replay"": 515, ""no_candidate"": 74, ""none"": 2978, ""not_active_exit_eligible"": 1, ""stale_data_no_action"": 8}"
6000,-5000,120000,200,3079,515,2978,101,131,173,2775,-1569048,-509.596622279961,-302.0,-1288368,-418.4371549204287,-302.0,280680,91.15946735953231,0.0,94.25117528542646,0.0,1066,405,1507,0.7246770904146839,1471,0.7012878368927904,124,460852,89,487876,942,760486,0,0,1221338,940658,False,True,218.2,8,74,1,17,1,0,515,3079,0,0,4,"{""cut_target"": 89, ""harmful_exit"": 316, ""neutral_exit"": 1507, ""no_active_exit"": 101, ""no_exit_replay"": 515, ""saved_stop"": 124, ""timeout_improved"": 942}","{""candidate_after_baseline_exit"": 17, ""candidate_after_max_hold"": 1, ""lifecycle_without_exit_replay"": 515, ""no_candidate"": 74, ""none"": 2978, ""not_active_exit_eligible"": 1, ""stale_data_no_action"": 8}"
6000,-6000,30000,0,3079,515,2910,169,41,45,2993,-739255,-240.0958103280286,-102.0,-669684,-217.50048717115948,-102.0,69571,22.595323156869114,0.0,23.907560137457043,0.0,554,340,2016,0.6196868008948546,894,0.5874161003953695,17,58282,17,94449,537,415928,0,0,474210,404639,True,True,70.7,8,74,1,1,85,0,515,3079,0,0,3,"{""cut_target"": 17, ""harmful_exit"": 323, ""neutral_exit"": 2016, ""no_active_exit"": 169, ""no_exit_replay"": 515, ""saved_stop"": 17, ""timeout_improved"": 537}","{""candidate_after_baseline_exit"": 1, ""candidate_after_max_hold"": 85, ""lifecycle_without_exit_replay"": 515, ""no_candidate"": 74, ""none"": 2910, ""not_active_exit_eligible"": 1, ""stale_data_no_action"": 8}"
6000,-6000,30000,50,3079,515,2910,169,41,45,2993,-893205,-290.09581032802856,-152.0,-823634,-267.5004871711595,-152.0,69571,22.595323156869114,0.0,23.907560137457043,0.0,554,340,2016,0.6196868008948546,894,0.5874161003953695,17,58282,17,94449,537,415928,0,0,474210,404639,True,True,70.7,8,74,1,1,85,0,515,3079,0,0,3,"{""cut_target"": 17, ""harmful_exit"": 323, ""neutral_exit"": 2016, ""no_active_exit"": 169, ""no_exit_replay"": 515, ""saved_stop"": 17, ""timeout_improved"": 537}","{""candidate_after_baseline_exit"": 1, ""candidate_after_max_hold"": 85, ""lifecycle_without_exit_replay"": 515, ""no_candidate"": 74, ""none"": 2910, ""not_active_exit_eligible"": 1, ""stale_data_no_action"": 8}"
6000,-6000,30000,100,3079,515,2910,169,41,45,2993,-1047155,-340.09581032802856,-202.0,-977584,-317.5004871711595,-202.0,69571,22.595323156869114,0.0,23.907560137457043,0.0,554,340,2016,0.6196868008948546,894,0.5874161003953695,17,58282,17,94449,537,415928,0,0,474210,404639,True,True,70.7,8,74,1,1,85,0,515,3079,0,0,3,"{""cut_target"": 17, ""harmful_exit"": 323, ""neutral_exit"": 2016, ""no_active_exit"": 169, ""no_exit_replay"": 515, ""saved_stop"": 17, ""timeout_improved"": 537}","{""candidate_after_baseline_exit"": 1, ""candidate_after_max_hold"": 85, ""lifecycle_without_exit_replay"": 515, ""no_candidate"": 74, ""none"": 2910, ""not_active_exit_eligible"": 1, ""stale_data_no_action"": 8}"
6000,-6000,30000,150,3079,515,2910,169,41,45,2993,-1201105,-390.09581032802856,-252.0,-1131534,-367.5004871711595,-252.0,69571,22.595323156869114,0.0,23.907560137457043,0.0,554,340,2016,0.6196868008948546,894,0.5874161003953695,17,58282,17,94449,537,415928,0,0,474210,404639,True,True,70.7,8,74,1,1,85,0,515,3079,0,0,3,"{""cut_target"": 17, ""harmful_exit"": 323, ""neutral_exit"": 2016, ""no_active_exit"": 169, ""no_exit_replay"": 515, ""saved_stop"": 17, ""timeout_improved"": 537}","{""candidate_after_baseline_exit"": 1, ""candidate_after_max_hold"": 85, ""lifecycle_without_exit_replay"": 515, ""no_candidate"": 74, ""none"": 2910, ""not_active_exit_eligible"": 1, ""stale_data_no_action"": 8}"
6000,-6000,30000,200,3079,515,2910,169,41,45,2993,-1355055,-440.09581032802856,-302.0,-1285484,-417.5004871711595,-302.0,69571,22.595323156869114,0.0,23.907560137457043,0.0,554,340,2016,0.6196868008948546,894,0.5874161003953695,17,58282,17,94449,537,415928,0,0,474210,404639,True,True,70.7,8,74,1,1,85,0,515,3079,0,0,3,"{""cut_target"": 17, ""harmful_exit"": 323, ""neutral_exit"": 2016, ""no_active_exit"": 169, ""no_exit_replay"": 515, ""saved_stop"": 17, ""timeout_improved"": 537}","{""candidate_after_baseline_exit"": 1, ""candidate_after_max_hold"": 85, ""lifecycle_without_exit_replay"": 515, ""no_candidate"": 74, ""none"": 2910, ""not_active_exit_eligible"": 1, ""stale_data_no_action"": 8}"
6000,-6000,60000,0,3079,515,2984,95,81,76,2922,-802554,-260.65410847677816,-102.0,-681919,-221.47417992854824,-102.0,120635,39.179928548229945,0.0,40.427278820375335,0.0,784,448,1752,0.6363636363636364,1232,0.6091167717241877,45,187455,44,252623,739,673097,0,0,860552,739917,False,True,118.9,8,74,1,2,10,0,515,3079,0,0,3,"{""cut_target"": 44, ""harmful_exit"": 404, ""neutral_exit"": 1752, ""no_active_exit"": 95, ""no_exit_replay"": 515, ""saved_stop"": 45, ""timeout_improved"": 739}","{""candidate_after_baseline_exit"": 2, ""candidate_after_max_hold"": 10, ""lifecycle_without_exit_replay"": 515, ""no_candidate"": 74, ""none"": 2984, ""not_active_exit_eligible"": 1, ""stale_data_no_action"": 8}"
6000,-6000,60000,50,3079,515,2984,95,81,76,2922,-956504,-310.65410847677816,-152.0,-835869,-271.4741799285482,-152.0,120635,39.179928548229945,0.0,40.427278820375335,0.0,784,448,1752,0.6363636363636364,1232,0.6091167717241877,45,187455,44,252623,739,673097,0,0,860552,739917,False,True,118.9,8,74,1,2,10,0,515,3079,0,0,3,"{""cut_target"": 44, ""harmful_exit"": 404, ""neutral_exit"": 1752, ""no_active_exit"": 95, ""no_exit_replay"": 515, ""saved_stop"": 45, ""timeout_improved"": 739}","{""candidate_after_baseline_exit"": 2, ""candidate_after_max_hold"": 10, ""lifecycle_without_exit_replay"": 515, ""no_candidate"": 74, ""none"": 2984, ""not_active_exit_eligible"": 1, ""stale_data_no_action"": 8}"
6000,-6000,60000,100,3079,515,2984,95,81,76,2922,-1110454,-360.65410847677816,-202.0,-989819,-321.4741799285482,-202.0,120635,39.179928548229945,0.0,40.427278820375335,0.0,784,448,1752,0.6363636363636364,1232,0.6091167717241877,45,187455,44,252623,739,673097,0,0,860552,739917,False,True,118.9,8,74,1,2,10,0,515,3079,0,0,3,"{""cut_target"": 44, ""harmful_exit"": 404, ""neutral_exit"": 1752, ""no_active_exit"": 95, ""no_exit_replay"": 515, ""saved_stop"": 45, ""timeout_improved"": 739}","{""candidate_after_baseline_exit"": 2, ""candidate_after_max_hold"": 10, ""lifecycle_without_exit_replay"": 515, ""no_candidate"": 74, ""none"": 2984, ""not_active_exit_eligible"": 1, ""stale_data_no_action"": 8}"
6000,-6000,60000,150,3079,515,2984,95,81,76,2922,-1264404,-410.65410847677816,-252.0,-1143769,-371.4741799285482,-252.0,120635,39.179928548229945,0.0,40.427278820375335,0.0,784,448,1752,0.6363636363636364,1232,0.6091167717241877,45,187455,44,252623,739,673097,0,0,860552,739917,False,True,118.9,8,74,1,2,10,0,515,3079,0,0,3,"{""cut_target"": 44, ""harmful_exit"": 404, ""neutral_exit"": 1752, ""no_active_exit"": 95, ""no_exit_replay"": 515, ""saved_stop"": 45, ""timeout_improved"": 739}","{""candidate_after_baseline_exit"": 2, ""candidate_after_max_hold"": 10, ""lifecycle_without_exit_replay"": 515, ""no_candidate"": 74, ""none"": 2984, ""not_active_exit_eligible"": 1, ""stale_data_no_action"": 8}"
6000,-6000,60000,200,3079,515,2984,95,81,76,2922,-1418354,-460.65410847677816,-302.0,-1297719,-421.4741799285482,-302.0,120635,39.179928548229945,0.0,40.427278820375335,0.0,784,448,1752,0.6363636363636364,1232,0.6091167717241877,45,187455,44,252623,739,673097,0,0,860552,739917,False,True,118.9,8,74,1,2,10,0,515,3079,0,0,3,"{""cut_target"": 44, ""harmful_exit"": 404, ""neutral_exit"": 1752, ""no_active_exit"": 95, ""no_exit_replay"": 515, ""saved_stop"": 45, ""timeout_improved"": 739}","{""candidate_after_baseline_exit"": 2, ""candidate_after_max_hold"": 10, ""lifecycle_without_exit_replay"": 515, ""no_candidate"": 74, ""none"": 2984, ""not_active_exit_eligible"": 1, ""stale_data_no_action"": 8}"
6000,-6000,120000,0,3079,515,2993,86,131,105,2843,-1036039,-336.48554725560246,-102.0,-701699,-227.89834361805782,-102.0,334340,108.58720363754466,0.0,111.70731707317073,0.0,1071,413,1509,0.7216981132075472,1484,0.6983462846578241,71,316819,89,487876,1000,971726,0,0,1288545,954205,False,True,171.0,8,74,1,2,1,0,515,3079,0,0,4,"{""cut_target"": 89, ""harmful_exit"": 324, ""neutral_exit"": 1509, ""no_active_exit"": 86, ""no_exit_replay"": 515, ""saved_stop"": 71, ""timeout_improved"": 1000}","{""candidate_after_baseline_exit"": 2, ""candidate_after_max_hold"": 1, ""lifecycle_without_exit_replay"": 515, ""no_candidate"": 74, ""none"": 2993, ""not_active_exit_eligible"": 1, ""stale_data_no_action"": 8}"
6000,-6000,120000,50,3079,515,2993,86,131,105,2843,-1189989,-386.48554725560246,-152.0,-855649,-277.8983436180578,-152.0,334340,108.58720363754466,0.0,111.70731707317073,0.0,1071,413,1509,0.7216981132075472,1484,0.6983462846578241,71,316819,89,487876,1000,971726,0,0,1288545,954205,False,True,171.0,8,74,1,2,1,0,515,3079,0,0,4,"{""cut_target"": 89, ""harmful_exit"": 324, ""neutral_exit"": 1509, ""no_active_exit"": 86, ""no_exit_replay"": 515, ""saved_stop"": 71, ""timeout_improved"": 1000}","{""candidate_after_baseline_exit"": 2, ""candidate_after_max_hold"": 1, ""lifecycle_without_exit_replay"": 515, ""no_candidate"": 74, ""none"": 2993, ""not_active_exit_eligible"": 1, ""stale_data_no_action"": 8}"
6000,-6000,120000,100,3079,515,2993,86,131,105,2843,-1343939,-436.48554725560246,-202.0,-1009599,-327.8983436180578,-202.0,334340,108.58720363754466,0.0,111.70731707317073,0.0,1071,413,1509,0.7216981132075472,1484,0.6983462846578241,71,316819,89,487876,1000,971726,0,0,1288545,954205,False,True,171.0,8,74,1,2,1,0,515,3079,0,0,4,"{""cut_target"": 89, ""harmful_exit"": 324, ""neutral_exit"": 1509, ""no_active_exit"": 86, ""no_exit_replay"": 515, ""saved_stop"": 71, ""timeout_improved"": 1000}","{""candidate_after_baseline_exit"": 2, ""candidate_after_max_hold"": 1, ""lifecycle_without_exit_replay"": 515, ""no_candidate"": 74, ""none"": 2993, ""not_active_exit_eligible"": 1, ""stale_data_no_action"": 8}"
6000,-6000,120000,150,3079,515,2993,86,131,105,2843,-1497889,-486.48554725560246,-252.0,-1163549,-377.8983436180578,-252.0,334340,108.58720363754466,0.0,111.70731707317073,0.0,1071,413,1509,0.7216981132075472,1484,0.6983462846578241,71,316819,89,487876,1000,971726,0,0,1288545,954205,False,True,171.0,8,74,1,2,1,0,515,3079,0,0,4,"{""cut_target"": 89, ""harmful_exit"": 324, ""neutral_exit"": 1509, ""no_active_exit"": 86, ""no_exit_replay"": 515, ""saved_stop"": 71, ""timeout_improved"": 1000}","{""candidate_after_baseline_exit"": 2, ""candidate_after_max_hold"": 1, ""lifecycle_without_exit_replay"": 515, ""no_candidate"": 74, ""none"": 2993, ""not_active_exit_eligible"": 1, ""stale_data_no_action"": 8}"
6000,-6000,120000,200,3079,515,2993,86,131,105,2843,-1651839,-536.4855472556025,-302.0,-1317499,-427.8983436180578,-302.0,334340,108.58720363754466,0.0,111.70731707317073,0.0,1071,413,1509,0.7216981132075472,1484,0.6983462846578241,71,316819,89,487876,1000,971726,0,0,1288545,954205,False,True,171.0,8,74,1,2,1,0,515,3079,0,0,4,"{""cut_target"": 89, ""harmful_exit"": 324, ""neutral_exit"": 1509, ""no_active_exit"": 86, ""no_exit_replay"": 515, ""saved_stop"": 71, ""timeout_improved"": 1000}","{""candidate_after_baseline_exit"": 2, ""candidate_after_max_hold"": 1, ""lifecycle_without_exit_replay"": 515, ""no_candidate"": 74, ""none"": 2993, ""not_active_exit_eligible"": 1, ""stale_data_no_action"": 8}"
7500,-200,30000,0,3079,515,2399,680,15,842,2222,96163,31.231893471906464,-102.0,-2285,-0.7421240662552777,-102.0,-98448,-31.97401753816174,0.0,-41.03709879116298,0.0,356,189,1854,0.653211009174312,545,0.612305794175877,230,63245,8,47948,126,19388,0,0,82633,181081,False,True,242.6,8,74,1,512,85,0,515,3079,0,0,2,"{""cut_target"": 8, ""harmful_exit"": 181, ""neutral_exit"": 1854, ""no_active_exit"": 680, ""no_exit_replay"": 515, ""saved_stop"": 230, ""timeout_improved"": 126}","{""candidate_after_baseline_exit"": 512, ""candidate_after_max_hold"": 85, ""lifecycle_without_exit_replay"": 515, ""no_candidate"": 74, ""none"": 2399, ""not_active_exit_eligible"": 1, ""stale_data_no_action"": 8}"
7500,-200,30000,50,3079,515,2399,680,15,842,2222,-57787,-18.768106528093536,-152.0,-156235,-50.74212406625528,-152.0,-98448,-31.97401753816174,0.0,-41.03709879116298,0.0,356,189,1854,0.653211009174312,545,0.612305794175877,230,63245,8,47948,126,19388,0,0,82633,181081,False,True,242.6,8,74,1,512,85,0,515,3079,0,0,2,"{""cut_target"": 8, ""harmful_exit"": 181, ""neutral_exit"": 1854, ""no_active_exit"": 680, ""no_exit_replay"": 515, ""saved_stop"": 230, ""timeout_improved"": 126}","{""candidate_after_baseline_exit"": 512, ""candidate_after_max_hold"": 85, ""lifecycle_without_exit_replay"": 515, ""no_candidate"": 74, ""none"": 2399, ""not_active_exit_eligible"": 1, ""stale_data_no_action"": 8}"
7500,-200,30000,100,3079,515,2399,680,15,842,2222,-211737,-68.76810652809354,-202.0,-310185,-100.74212406625527,-202.0,-98448,-31.97401753816174,0.0,-41.03709879116298,0.0,356,189,1854,0.653211009174312,545,0.612305794175877,230,63245,8,47948,126,19388,0,0,82633,181081,False,True,242.6,8,74,1,512,85,0,515,3079,0,0,2,"{""cut_target"": 8, ""harmful_exit"": 181, ""neutral_exit"": 1854, ""no_active_exit"": 680, ""no_exit_replay"": 515, ""saved_stop"": 230, ""timeout_improved"": 126}","{""candidate_after_baseline_exit"": 512, ""candidate_after_max_hold"": 85, ""lifecycle_without_exit_replay"": 515, ""no_candidate"": 74, ""none"": 2399, ""not_active_exit_eligible"": 1, ""stale_data_no_action"": 8}"
7500,-200,30000,150,3079,515,2399,680,15,842,2222,-365687,-118.76810652809354,-252.0,-464135,-150.7421240662553,-252.0,-98448,-31.97401753816174,0.0,-41.03709879116298,0.0,356,189,1854,0.653211009174312,545,0.612305794175877,230,63245,8,47948,126,19388,0,0,82633,181081,False,True,242.6,8,74,1,512,85,0,515,3079,0,0,2,"{""cut_target"": 8, ""harmful_exit"": 181, ""neutral_exit"": 1854, ""no_active_exit"": 680, ""no_exit_replay"": 515, ""saved_stop"": 230, ""timeout_improved"": 126}","{""candidate_after_baseline_exit"": 512, ""candidate_after_max_hold"": 85, ""lifecycle_without_exit_replay"": 515, ""no_candidate"": 74, ""none"": 2399, ""not_active_exit_eligible"": 1, ""stale_data_no_action"": 8}"
7500,-200,30000,200,3079,515,2399,680,15,842,2222,-519637,-168.76810652809354,-302.0,-618085,-200.7421240662553,-302.0,-98448,-31.97401753816174,0.0,-41.03709879116298,0.0,356,189,1854,0.653211009174312,545,0.612305794175877,230,63245,8,47948,126,19388,0,0,82633,181081,False,True,242.6,8,74,1,512,85,0,515,3079,0,0,2,"{""cut_target"": 8, ""harmful_exit"": 181, ""neutral_exit"": 1854, ""no_active_exit"": 680, ""no_exit_replay"": 515, ""saved_stop"": 230, ""timeout_improved"": 126}","{""candidate_after_baseline_exit"": 512, ""candidate_after_max_hold"": 85, ""lifecycle_without_exit_replay"": 515, ""no_candidate"": 74, ""none"": 2399, ""not_active_exit_eligible"": 1, ""stale_data_no_action"": 8}"
7500,-200,60000,0,3079,515,2425,654,28,987,2064,212609,69.05131536213057,-102.0,-2558,-0.8307892172783371,-102.0,-215167,-69.8821045794089,0.0,-88.72865979381443,0.0,547,252,1626,0.6846057571964956,799,0.6515677639413712,367,108419,17,105377,180,17990,0,0,126409,341576,False,True,385.0,8,74,1,561,10,0,515,3079,0,0,2,"{""cut_target"": 17, ""harmful_exit"": 235, ""neutral_exit"": 1626, ""no_active_exit"": 654, ""no_exit_replay"": 515, ""saved_stop"": 367, ""timeout_improved"": 180}","{""candidate_after_baseline_exit"": 561, ""candidate_after_max_hold"": 10, ""lifecycle_without_exit_replay"": 515, ""no_candidate"": 74, ""none"": 2425, ""not_active_exit_eligible"": 1, ""stale_data_no_action"": 8}"
7500,-200,60000,50,3079,515,2425,654,28,987,2064,58659,19.051315362130563,-152.0,-156508,-50.83078921727834,-152.0,-215167,-69.8821045794089,0.0,-88.72865979381443,0.0,547,252,1626,0.6846057571964956,799,0.6515677639413712,367,108419,17,105377,180,17990,0,0,126409,341576,False,True,385.0,8,74,1,561,10,0,515,3079,0,0,2,"{""cut_target"": 17, ""harmful_exit"": 235, ""neutral_exit"": 1626, ""no_active_exit"": 654, ""no_exit_replay"": 515, ""saved_stop"": 367, ""timeout_improved"": 180}","{""candidate_after_baseline_exit"": 561, ""candidate_after_max_hold"": 10, ""lifecycle_without_exit_replay"": 515, ""no_candidate"": 74, ""none"": 2425, ""not_active_exit_eligible"": 1, ""stale_data_no_action"": 8}"
7500,-200,60000,100,3079,515,2425,654,28,987,2064,-95291,-30.948684637869437,-202.0,-310458,-100.83078921727834,-202.0,-215167,-69.8821045794089,0.0,-88.72865979381443,0.0,547,252,1626,0.6846057571964956,799,0.6515677639413712,367,108419,17,105377,180,17990,0,0,126409,341576,False,True,385.0,8,74,1,561,10,0,515,3079,0,0,2,"{""cut_target"": 17, ""harmful_exit"": 235, ""neutral_exit"": 1626, ""no_active_exit"": 654, ""no_exit_replay"": 515, ""saved_stop"": 367, ""timeout_improved"": 180}","{""candidate_after_baseline_exit"": 561, ""candidate_after_max_hold"": 10, ""lifecycle_without_exit_replay"": 515, ""no_candidate"": 74, ""none"": 2425, ""not_active_exit_eligible"": 1, ""stale_data_no_action"": 8}"
7500,-200,60000,150,3079,515,2425,654,28,987,2064,-249241,-80.94868463786943,-252.0,-464408,-150.83078921727835,-252.0,-215167,-69.8821045794089,0.0,-88.72865979381443,0.0,547,252,1626,0.6846057571964956,799,0.6515677639413712,367,108419,17,105377,180,17990,0,0,126409,341576,False,True,385.0,8,74,1,561,10,0,515,3079,0,0,2,"{""cut_target"": 17, ""harmful_exit"": 235, ""neutral_exit"": 1626, ""no_active_exit"": 654, ""no_exit_replay"": 515, ""saved_stop"": 367, ""timeout_improved"": 180}","{""candidate_after_baseline_exit"": 561, ""candidate_after_max_hold"": 10, ""lifecycle_without_exit_replay"": 515, ""no_candidate"": 74, ""none"": 2425, ""not_active_exit_eligible"": 1, ""stale_data_no_action"": 8}"
7500,-200,60000,200,3079,515,2425,654,28,987,2064,-403191,-130.94868463786943,-302.0,-618358,-200.83078921727835,-302.0,-215167,-69.8821045794089,0.0,-88.72865979381443,0.0,547,252,1626,0.6846057571964956,799,0.6515677639413712,367,108419,17,105377,180,17990,0,0,126409,341576,False,True,385.0,8,74,1,561,10,0,515,3079,0,0,2,"{""cut_target"": 17, ""harmful_exit"": 235, ""neutral_exit"": 1626, ""no_active_exit"": 654, ""no_exit_replay"": 515, ""saved_stop"": 367, ""timeout_improved"": 180}","{""candidate_after_baseline_exit"": 561, ""candidate_after_max_hold"": 10, ""lifecycle_without_exit_replay"": 515, ""no_candidate"": 74, ""none"": 2425, ""not_active_exit_eligible"": 1, ""stale_data_no_action"": 8}"
7500,-200,120000,0,3079,515,2428,651,52,1217,1810,262804,85.3536862617733,-109.0,-16910,-5.492042871062033,-102.0,-279714,-90.84572913283533,0.0,-115.20345963756178,0.0,794,225,1409,0.7791952894995093,1019,0.7527053566757906,591,166398,37,230395,203,14999,0,0,181397,461111,False,True,611.3,8,74,1,567,1,0,515,3079,0,0,3,"{""cut_target"": 37, ""harmful_exit"": 188, ""neutral_exit"": 1409, ""no_active_exit"": 651, ""no_exit_replay"": 515, ""saved_stop"": 591, ""timeout_improved"": 203}","{""candidate_after_baseline_exit"": 567, ""candidate_after_max_hold"": 1, ""lifecycle_without_exit_replay"": 515, ""no_candidate"": 74, ""none"": 2428, ""not_active_exit_eligible"": 1, ""stale_data_no_action"": 8}"
7500,-200,120000,50,3079,515,2428,651,52,1217,1810,108854,35.353686261773305,-159.0,-170860,-55.49204287106203,-152.0,-279714,-90.84572913283533,0.0,-115.20345963756178,0.0,794,225,1409,0.7791952894995093,1019,0.7527053566757906,591,166398,37,230395,203,14999,0,0,181397,461111,False,True,611.3,8,74,1,567,1,0,515,3079,0,0,3,"{""cut_target"": 37, ""harmful_exit"": 188, ""neutral_exit"": 1409, ""no_active_exit"": 651, ""no_exit_replay"": 515, ""saved_stop"": 591, ""timeout_improved"": 203}","{""candidate_after_baseline_exit"": 567, ""candidate_after_max_hold"": 1, ""lifecycle_without_exit_replay"": 515, ""no_candidate"": 74, ""none"": 2428, ""not_active_exit_eligible"": 1, ""stale_data_no_action"": 8}"
7500,-200,120000,100,3079,515,2428,651,52,1217,1810,-45096,-14.646313738226697,-209.0,-324810,-105.49204287106204,-202.0,-279714,-90.84572913283533,0.0,-115.20345963756178,0.0,794,225,1409,0.7791952894995093,1019,0.7527053566757906,591,166398,37,230395,203,14999,0,0,181397,461111,False,True,611.3,8,74,1,567,1,0,515,3079,0,0,3,"{""cut_target"": 37, ""harmful_exit"": 188, ""neutral_exit"": 1409, ""no_active_exit"": 651, ""no_exit_replay"": 515, ""saved_stop"": 591, ""timeout_improved"": 203}","{""candidate_after_baseline_exit"": 567, ""candidate_after_max_hold"": 1, ""lifecycle_without_exit_replay"": 515, ""no_candidate"": 74, ""none"": 2428, ""not_active_exit_eligible"": 1, ""stale_data_no_action"": 8}"
7500,-200,120000,150,3079,515,2428,651,52,1217,1810,-199046,-64.6463137382267,-259.0,-478760,-155.49204287106204,-252.0,-279714,-90.84572913283533,0.0,-115.20345963756178,0.0,794,225,1409,0.7791952894995093,1019,0.7527053566757906,591,166398,37,230395,203,14999,0,0,181397,461111,False,True,611.3,8,74,1,567,1,0,515,3079,0,0,3,"{""cut_target"": 37, ""harmful_exit"": 188, ""neutral_exit"": 1409, ""no_active_exit"": 651, ""no_exit_replay"": 515, ""saved_stop"": 591, ""timeout_improved"": 203}","{""candidate_after_baseline_exit"": 567, ""candidate_after_max_hold"": 1, ""lifecycle_without_exit_replay"": 515, ""no_candidate"": 74, ""none"": 2428, ""not_active_exit_eligible"": 1, ""stale_data_no_action"": 8}"
7500,-200,120000,200,3079,515,2428,651,52,1217,1810,-352996,-114.6463137382267,-309.0,-632710,-205.49204287106204,-302.0,-279714,-90.84572913283533,0.0,-115.20345963756178,0.0,794,225,1409,0.7791952894995093,1019,0.7527053566757906,591,166398,37,230395,203,14999,0,0,181397,461111,False,True,611.3,8,74,1,567,1,0,515,3079,0,0,3,"{""cut_target"": 37, ""harmful_exit"": 188, ""neutral_exit"": 1409, ""no_active_exit"": 651, ""no_exit_replay"": 515, ""saved_stop"": 591, ""timeout_improved"": 203}","{""candidate_after_baseline_exit"": 567, ""candidate_after_max_hold"": 1, ""lifecycle_without_exit_replay"": 515, ""no_candidate"": 74, ""none"": 2428, ""not_active_exit_eligible"": 1, ""stale_data_no_action"": 8}"
7500,-300,30000,0,3079,515,2458,621,16,747,2316,47690,15.488795063332251,-102.0,-56345,-18.299772653458916,-102.0,-104035,-33.788567716791164,0.0,-42.32506102522376,0.0,379,202,1877,0.6523235800344234,581,0.6127135735379482,195,74231,9,55150,184,29717,0,0,103948,207983,False,True,213.4,8,74,1,453,85,0,515,3079,0,0,2,"{""cut_target"": 9, ""harmful_exit"": 193, ""neutral_exit"": 1877, ""no_active_exit"": 621, ""no_exit_replay"": 515, ""saved_stop"": 195, ""timeout_improved"": 184}","{""candidate_after_baseline_exit"": 453, ""candidate_after_max_hold"": 85, ""lifecycle_without_exit_replay"": 515, ""no_candidate"": 74, ""none"": 2458, ""not_active_exit_eligible"": 1, ""stale_data_no_action"": 8}"
7500,-300,30000,50,3079,515,2458,621,16,747,2316,-106260,-34.51120493666775,-152.0,-210295,-68.29977265345892,-152.0,-104035,-33.788567716791164,0.0,-42.32506102522376,0.0,379,202,1877,0.6523235800344234,581,0.6127135735379482,195,74231,9,55150,184,29717,0,0,103948,207983,False,True,213.4,8,74,1,453,85,0,515,3079,0,0,2,"{""cut_target"": 9, ""harmful_exit"": 193, ""neutral_exit"": 1877, ""no_active_exit"": 621, ""no_exit_replay"": 515, ""saved_stop"": 195, ""timeout_improved"": 184}","{""candidate_after_baseline_exit"": 453, ""candidate_after_max_hold"": 85, ""lifecycle_without_exit_replay"": 515, ""no_candidate"": 74, ""none"": 2458, ""not_active_exit_eligible"": 1, ""stale_data_no_action"": 8}"
7500,-300,30000,100,3079,515,2458,621,16,747,2316,-260210,-84.51120493666775,-202.0,-364245,-118.29977265345892,-202.0,-104035,-33.788567716791164,0.0,-42.32506102522376,0.0,379,202,1877,0.6523235800344234,581,0.6127135735379482,195,74231,9,55150,184,29717,0,0,103948,207983,False,True,213.4,8,74,1,453,85,0,515,3079,0,0,2,"{""cut_target"": 9, ""harmful_exit"": 193, ""neutral_exit"": 1877, ""no_active_exit"": 621, ""no_exit_replay"": 515, ""saved_stop"": 195, ""timeout_improved"": 184}","{""candidate_after_baseline_exit"": 453, ""candidate_after_max_hold"": 85, ""lifecycle_without_exit_replay"": 515, ""no_candidate"": 74, ""none"": 2458, ""not_active_exit_eligible"": 1, ""stale_data_no_action"": 8}"
7500,-300,30000,150,3079,515,2458,621,16,747,2316,-414160,-134.51120493666775,-252.0,-518195,-168.29977265345892,-252.0,-104035,-33.788567716791164,0.0,-42.32506102522376,0.0,379,202,1877,0.6523235800344234,581,0.6127135735379482,195,74231,9,55150,184,29717,0,0,103948,207983,False,True,213.4,8,74,1,453,85,0,515,3079,0,0,2,"{""cut_target"": 9, ""harmful_exit"": 193, ""neutral_exit"": 1877, ""no_active_exit"": 621, ""no_exit_replay"": 515, ""saved_stop"": 195, ""timeout_improved"": 184}","{""candidate_after_baseline_exit"": 453, ""candidate_after_max_hold"": 85, ""lifecycle_without_exit_replay"": 515, ""no_candidate"": 74, ""none"": 2458, ""not_active_exit_eligible"": 1, ""stale_data_no_action"": 8}"
7500,-300,30000,200,3079,515,2458,621,16,747,2316,-568110,-184.51120493666775,-302.0,-672145,-218.29977265345892,-302.0,-104035,-33.788567716791164,0.0,-42.32506102522376,0.0,379,202,1877,0.6523235800344234,581,0.6127135735379482,195,74231,9,55150,184,29717,0,0,103948,207983,False,True,213.4,8,74,1,453,85,0,515,3079,0,0,2,"{""cut_target"": 9, ""harmful_exit"": 193, ""neutral_exit"": 1877, ""no_active_exit"": 621, ""no_exit_replay"": 515, ""saved_stop"": 195, ""timeout_improved"": 184}","{""candidate_after_baseline_exit"": 453, ""candidate_after_max_hold"": 85, ""lifecycle_without_exit_replay"": 515, ""no_candidate"": 74, ""none"": 2458, ""not_active_exit_eligible"": 1, ""stale_data_no_action"": 8}"
7500,-300,60000,0,3079,515,2485,594,29,885,2165,166915,54.21078272166288,-102.0,-58015,-18.842156544332575,-102.0,-224930,-73.05293926599545,0.0,-90.51509054325956,0.0,568,272,1645,0.6761904761904762,840,0.6438065799177458,325,132411,18,112579,243,27708,0,0,160119,385049,False,True,349.3,8,74,1,501,10,0,515,3079,0,0,3,"{""cut_target"": 18, ""harmful_exit"": 254, ""neutral_exit"": 1645, ""no_active_exit"": 594, ""no_exit_replay"": 515, ""saved_stop"": 325, ""timeout_improved"": 243}","{""candidate_after_baseline_exit"": 501, ""candidate_after_max_hold"": 10, ""lifecycle_without_exit_replay"": 515, ""no_candidate"": 74, ""none"": 2485, ""not_active_exit_eligible"": 1, ""stale_data_no_action"": 8}"
7500,-300,60000,50,3079,515,2485,594,29,885,2165,12965,4.210782721662878,-152.0,-211965,-68.84215654433258,-152.0,-224930,-73.05293926599545,0.0,-90.51509054325956,0.0,568,272,1645,0.6761904761904762,840,0.6438065799177458,325,132411,18,112579,243,27708,0,0,160119,385049,False,True,349.3,8,74,1,501,10,0,515,3079,0,0,3,"{""cut_target"": 18, ""harmful_exit"": 254, ""neutral_exit"": 1645, ""no_active_exit"": 594, ""no_exit_replay"": 515, ""saved_stop"": 325, ""timeout_improved"": 243}","{""candidate_after_baseline_exit"": 501, ""candidate_after_max_hold"": 10, ""lifecycle_without_exit_replay"": 515, ""no_candidate"": 74, ""none"": 2485, ""not_active_exit_eligible"": 1, ""stale_data_no_action"": 8}"
7500,-300,60000,100,3079,515,2485,594,29,885,2165,-140985,-45.78921727833712,-202.0,-365915,-118.84215654433258,-202.0,-224930,-73.05293926599545,0.0,-90.51509054325956,0.0,568,272,1645,0.6761904761904762,840,0.6438065799177458,325,132411,18,112579,243,27708,0,0,160119,385049,False,True,349.3,8,74,1,501,10,0,515,3079,0,0,3,"{""cut_target"": 18, ""harmful_exit"": 254, ""neutral_exit"": 1645, ""no_active_exit"": 594, ""no_exit_replay"": 515, ""saved_stop"": 325, ""timeout_improved"": 243}","{""candidate_after_baseline_exit"": 501, ""candidate_after_max_hold"": 10, ""lifecycle_without_exit_replay"": 515, ""no_candidate"": 74, ""none"": 2485, ""not_active_exit_eligible"": 1, ""stale_data_no_action"": 8}"
7500,-300,60000,150,3079,515,2485,594,29,885,2165,-294935,-95.78921727833712,-252.0,-519865,-168.84215654433257,-252.0,-224930,-73.05293926599545,0.0,-90.51509054325956,0.0,568,272,1645,0.6761904761904762,840,0.6438065799177458,325,132411,18,112579,243,27708,0,0,160119,385049,False,True,349.3,8,74,1,501,10,0,515,3079,0,0,3,"{""cut_target"": 18, ""harmful_exit"": 254, ""neutral_exit"": 1645, ""no_active_exit"": 594, ""no_exit_replay"": 515, ""saved_stop"": 325, ""timeout_improved"": 243}","{""candidate_after_baseline_exit"": 501, ""candidate_after_max_hold"": 10, ""lifecycle_without_exit_replay"": 515, ""no_candidate"": 74, ""none"": 2485, ""not_active_exit_eligible"": 1, ""stale_data_no_action"": 8}"
7500,-300,60000,200,3079,515,2485,594,29,885,2165,-448885,-145.78921727833713,-302.0,-673815,-218.84215654433257,-302.0,-224930,-73.05293926599545,0.0,-90.51509054325956,0.0,568,272,1645,0.6761904761904762,840,0.6438065799177458,325,132411,18,112579,243,27708,0,0,160119,385049,False,True,349.3,8,74,1,501,10,0,515,3079,0,0,3,"{""cut_target"": 18, ""harmful_exit"": 254, ""neutral_exit"": 1645, ""no_active_exit"": 594, ""no_exit_replay"": 515, ""saved_stop"": 325, ""timeout_improved"": 243}","{""candidate_after_baseline_exit"": 501, ""candidate_after_max_hold"": 10, ""lifecycle_without_exit_replay"": 515, ""no_candidate"": 74, ""none"": 2485, ""not_active_exit_eligible"": 1, ""stale_data_no_action"": 8}"
7500,-300,120000,0,3079,515,2488,591,54,1070,1955,187742,60.97499188048067,-109.0,-72967,-23.698278661903217,-102.0,-260709,-84.67327054238389,0.0,-104.78657556270096,0.0,824,240,1424,0.7744360902255639,1064,0.7483612483495339,504,204824,39,245305,320,32281,0,0,237105,497814,False,True,536.0,8,74,1,507,1,0,515,3079,0,0,3,"{""cut_target"": 39, ""harmful_exit"": 201, ""neutral_exit"": 1424, ""no_active_exit"": 591, ""no_exit_replay"": 515, ""saved_stop"": 504, ""timeout_improved"": 320}","{""candidate_after_baseline_exit"": 507, ""candidate_after_max_hold"": 1, ""lifecycle_without_exit_replay"": 515, ""no_candidate"": 74, ""none"": 2488, ""not_active_exit_eligible"": 1, ""stale_data_no_action"": 8}"
7500,-300,120000,50,3079,515,2488,591,54,1070,1955,33792,10.974991880480676,-159.0,-226917,-73.69827866190322,-152.0,-260709,-84.67327054238389,0.0,-104.78657556270096,0.0,824,240,1424,0.7744360902255639,1064,0.7483612483495339,504,204824,39,245305,320,32281,0,0,237105,497814,False,True,536.0,8,74,1,507,1,0,515,3079,0,0,3,"{""cut_target"": 39, ""harmful_exit"": 201, ""neutral_exit"": 1424, ""no_active_exit"": 591, ""no_exit_replay"": 515, ""saved_stop"": 504, ""timeout_improved"": 320}","{""candidate_after_baseline_exit"": 507, ""candidate_after_max_hold"": 1, ""lifecycle_without_exit_replay"": 515, ""no_candidate"": 74, ""none"": 2488, ""not_active_exit_eligible"": 1, ""stale_data_no_action"": 8}"
7500,-300,120000,100,3079,515,2488,591,54,1070,1955,-120158,-39.02500811951933,-209.0,-380867,-123.69827866190322,-202.0,-260709,-84.67327054238389,0.0,-104.78657556270096,0.0,824,240,1424,0.7744360902255639,1064,0.7483612483495339,504,204824,39,245305,320,32281,0,0,237105,497814,False,True,536.0,8,74,1,507,1,0,515,3079,0,0,3,"{""cut_target"": 39, ""harmful_exit"": 201, ""neutral_exit"": 1424, ""no_active_exit"": 591, ""no_exit_replay"": 515, ""saved_stop"": 504, ""timeout_improved"": 320}","{""candidate_after_baseline_exit"": 507, ""candidate_after_max_hold"": 1, ""lifecycle_without_exit_replay"": 515, ""no_candidate"": 74, ""none"": 2488, ""not_active_exit_eligible"": 1, ""stale_data_no_action"": 8}"
7500,-300,120000,150,3079,515,2488,591,54,1070,1955,-274108,-89.02500811951933,-259.0,-534817,-173.6982786619032,-252.0,-260709,-84.67327054238389,0.0,-104.78657556270096,0.0,824,240,1424,0.7744360902255639,1064,0.7483612483495339,504,204824,39,245305,320,32281,0,0,237105,497814,False,True,536.0,8,74,1,507,1,0,515,3079,0,0,3,"{""cut_target"": 39, ""harmful_exit"": 201, ""neutral_exit"": 1424, ""no_active_exit"": 591, ""no_exit_replay"": 515, ""saved_stop"": 504, ""timeout_improved"": 320}","{""candidate_after_baseline_exit"": 507, ""candidate_after_max_hold"": 1, ""lifecycle_without_exit_replay"": 515, ""no_candidate"": 74, ""none"": 2488, ""not_active_exit_eligible"": 1, ""stale_data_no_action"": 8}"
7500,-300,120000,200,3079,515,2488,591,54,1070,1955,-428058,-139.02500811951933,-309.0,-688767,-223.6982786619032,-302.0,-260709,-84.67327054238389,0.0,-104.78657556270096,0.0,824,240,1424,0.7744360902255639,1064,0.7483612483495339,504,204824,39,245305,320,32281,0,0,237105,497814,False,True,536.0,8,74,1,507,1,0,515,3079,0,0,3,"{""cut_target"": 39, ""harmful_exit"": 201, ""neutral_exit"": 1424, ""no_active_exit"": 591, ""no_exit_replay"": 515, ""saved_stop"": 504, ""timeout_improved"": 320}","{""candidate_after_baseline_exit"": 507, ""candidate_after_max_hold"": 1, ""lifecycle_without_exit_replay"": 515, ""no_candidate"": 74, ""none"": 2488, ""not_active_exit_eligible"": 1, ""stale_data_no_action"": 8}"
7500,-500,30000,0,3079,515,2534,545,17,648,2414,-56129,-18.229620006495615,-102.0,-135138,-43.890224098733356,-102.0,-79009,-25.66060409223774,0.0,-31.179558011049725,0.0,412,217,1905,0.6550079491255962,629,0.6170186994310777,179,94392,9,55150,233,45198,0,0,139590,218599,False,True,202.3,8,74,1,377,85,0,515,3079,0,0,3,"{""cut_target"": 9, ""harmful_exit"": 208, ""neutral_exit"": 1905, ""no_active_exit"": 545, ""no_exit_replay"": 515, ""saved_stop"": 179, ""timeout_improved"": 233}","{""candidate_after_baseline_exit"": 377, ""candidate_after_max_hold"": 85, ""lifecycle_without_exit_replay"": 515, ""no_candidate"": 74, ""none"": 2534, ""not_active_exit_eligible"": 1, ""stale_data_no_action"": 8}"
7500,-500,30000,50,3079,515,2534,545,17,648,2414,-210079,-68.22962000649562,-152.0,-289088,-93.89022409873336,-152.0,-79009,-25.66060409223774,0.0,-31.179558011049725,0.0,412,217,1905,0.6550079491255962,629,0.6170186994310777,179,94392,9,55150,233,45198,0,0,139590,218599,False,True,202.3,8,74,1,377,85,0,515,3079,0,0,3,"{""cut_target"": 9, ""harmful_exit"": 208, ""neutral_exit"": 1905, ""no_active_exit"": 545, ""no_exit_replay"": 515, ""saved_stop"": 179, ""timeout_improved"": 233}","{""candidate_after_baseline_exit"": 377, ""candidate_after_max_hold"": 85, ""lifecycle_without_exit_replay"": 515, ""no_candidate"": 74, ""none"": 2534, ""not_active_exit_eligible"": 1, ""stale_data_no_action"": 8}"
7500,-500,30000,100,3079,515,2534,545,17,648,2414,-364029,-118.22962000649562,-202.0,-443038,-143.89022409873334,-202.0,-79009,-25.66060409223774,0.0,-31.179558011049725,0.0,412,217,1905,0.6550079491255962,629,0.6170186994310777,179,94392,9,55150,233,45198,0,0,139590,218599,False,True,202.3,8,74,1,377,85,0,515,3079,0,0,3,"{""cut_target"": 9, ""harmful_exit"": 208, ""neutral_exit"": 1905, ""no_active_exit"": 545, ""no_exit_replay"": 515, ""saved_stop"": 179, ""timeout_improved"": 233}","{""candidate_after_baseline_exit"": 377, ""candidate_after_max_hold"": 85, ""lifecycle_without_exit_replay"": 515, ""no_candidate"": 74, ""none"": 2534, ""not_active_exit_eligible"": 1, ""stale_data_no_action"": 8}"
7500,-500,30000,150,3079,515,2534,545,17,648,2414,-517979,-168.22962000649562,-252.0,-596988,-193.89022409873334,-252.0,-79009,-25.66060409223774,0.0,-31.179558011049725,0.0,412,217,1905,0.6550079491255962,629,0.6170186994310777,179,94392,9,55150,233,45198,0,0,139590,218599,False,True,202.3,8,74,1,377,85,0,515,3079,0,0,3,"{""cut_target"": 9, ""harmful_exit"": 208, ""neutral_exit"": 1905, ""no_active_exit"": 545, ""no_exit_replay"": 515, ""saved_stop"": 179, ""timeout_improved"": 233}","{""candidate_after_baseline_exit"": 377, ""candidate_after_max_hold"": 85, ""lifecycle_without_exit_replay"": 515, ""no_candidate"": 74, ""none"": 2534, ""not_active_exit_eligible"": 1, ""stale_data_no_action"": 8}"
7500,-500,30000,200,3079,515,2534,545,17,648,2414,-671929,-218.22962000649562,-302.0,-750938,-243.89022409873334,-302.0,-79009,-25.66060409223774,0.0,-31.179558011049725,0.0,412,217,1905,0.6550079491255962,629,0.6170186994310777,179,94392,9,55150,233,45198,0,0,139590,218599,False,True,202.3,8,74,1,377,85,0,515,3079,0,0,3,"{""cut_target"": 9, ""harmful_exit"": 208, ""neutral_exit"": 1905, ""no_active_exit"": 545, ""no_exit_replay"": 515, ""saved_stop"": 179, ""timeout_improved"": 233}","{""candidate_after_baseline_exit"": 377, ""candidate_after_max_hold"": 85, ""lifecycle_without_exit_replay"": 515, ""no_candidate"": 74, ""none"": 2534, ""not_active_exit_eligible"": 1, ""stale_data_no_action"": 8}"
7500,-500,60000,0,3079,515,2564,515,30,771,2278,61399,19.941214680090937,-102.0,-139612,-45.343293277038,-102.0,-201011,-65.28450795712894,0.0,-78.39742589703589,0.0,609,292,1663,0.6759156492785794,901,0.6446640684447213,294,169663,18,112579,315,49520,0,0,219183,420194,False,True,325.5,8,74,1,422,10,0,515,3079,0,0,3,"{""cut_target"": 18, ""harmful_exit"": 274, ""neutral_exit"": 1663, ""no_active_exit"": 515, ""no_exit_replay"": 515, ""saved_stop"": 294, ""timeout_improved"": 315}","{""candidate_after_baseline_exit"": 422, ""candidate_after_max_hold"": 10, ""lifecycle_without_exit_replay"": 515, ""no_candidate"": 74, ""none"": 2564, ""not_active_exit_eligible"": 1, ""stale_data_no_action"": 8}"
7500,-500,60000,50,3079,515,2564,515,30,771,2278,-92551,-30.058785319909063,-152.0,-293562,-95.343293277038,-152.0,-201011,-65.28450795712894,0.0,-78.39742589703589,0.0,609,292,1663,0.6759156492785794,901,0.6446640684447213,294,169663,18,112579,315,49520,0,0,219183,420194,False,True,325.5,8,74,1,422,10,0,515,3079,0,0,3,"{""cut_target"": 18, ""harmful_exit"": 274, ""neutral_exit"": 1663, ""no_active_exit"": 515, ""no_exit_replay"": 515, ""saved_stop"": 294, ""timeout_improved"": 315}","{""candidate_after_baseline_exit"": 422, ""candidate_after_max_hold"": 10, ""lifecycle_without_exit_replay"": 515, ""no_candidate"": 74, ""none"": 2564, ""not_active_exit_eligible"": 1, ""stale_data_no_action"": 8}"
7500,-500,60000,100,3079,515,2564,515,30,771,2278,-246501,-80.05878531990906,-202.0,-447512,-145.343293277038,-202.0,-201011,-65.28450795712894,0.0,-78.39742589703589,0.0,609,292,1663,0.6759156492785794,901,0.6446640684447213,294,169663,18,112579,315,49520,0,0,219183,420194,False,True,325.5,8,74,1,422,10,0,515,3079,0,0,3,"{""cut_target"": 18, ""harmful_exit"": 274, ""neutral_exit"": 1663, ""no_active_exit"": 515, ""no_exit_replay"": 515, ""saved_stop"": 294, ""timeout_improved"": 315}","{""candidate_after_baseline_exit"": 422, ""candidate_after_max_hold"": 10, ""lifecycle_without_exit_replay"": 515, ""no_candidate"": 74, ""none"": 2564, ""not_active_exit_eligible"": 1, ""stale_data_no_action"": 8}"
7500,-500,60000,150,3079,515,2564,515,30,771,2278,-400451,-130.05878531990905,-252.0,-601462,-195.343293277038,-252.0,-201011,-65.28450795712894,0.0,-78.39742589703589,0.0,609,292,1663,0.6759156492785794,901,0.6446640684447213,294,169663,18,112579,315,49520,0,0,219183,420194,False,True,325.5,8,74,1,422,10,0,515,3079,0,0,3,"{""cut_target"": 18, ""harmful_exit"": 274, ""neutral_exit"": 1663, ""no_active_exit"": 515, ""no_exit_replay"": 515, ""saved_stop"": 294, ""timeout_improved"": 315}","{""candidate_after_baseline_exit"": 422, ""candidate_after_max_hold"": 10, ""lifecycle_without_exit_replay"": 515, ""no_candidate"": 74, ""none"": 2564, ""not_active_exit_eligible"": 1, ""stale_data_no_action"": 8}"
7500,-500,60000,200,3079,515,2564,515,30,771,2278,-554401,-180.05878531990905,-302.0,-755412,-245.343293277038,-302.0,-201011,-65.28450795712894,0.0,-78.39742589703589,0.0,609,292,1663,0.6759156492785794,901,0.6446640684447213,294,169663,18,112579,315,49520,0,0,219183,420194,False,True,325.5,8,74,1,422,10,0,515,3079,0,0,3,"{""cut_target"": 18, ""harmful_exit"": 274, ""neutral_exit"": 1663, ""no_active_exit"": 515, ""no_exit_replay"": 515, ""saved_stop"": 294, ""timeout_improved"": 315}","{""candidate_after_baseline_exit"": 422, ""candidate_after_max_hold"": 10, ""lifecycle_without_exit_replay"": 515, ""no_candidate"": 74, ""none"": 2564, ""not_active_exit_eligible"": 1, ""stale_data_no_action"": 8}"
7500,-500,120000,0,3079,515,2567,512,57,942,2080,55046,17.87788242936018,-108.0,-158017,-51.3208834037025,-102.0,-213063,-69.19876583306268,0.0,-83.00077911959485,0.0,869,262,1436,0.7683465959328029,1131,0.7428755663774447,458,271359,41,258785,411,60097,0,0,331456,544519,False,True,499.1,8,74,1,428,1,0,515,3079,0,0,3,"{""cut_target"": 41, ""harmful_exit"": 221, ""neutral_exit"": 1436, ""no_active_exit"": 512, ""no_exit_replay"": 515, ""saved_stop"": 458, ""timeout_improved"": 411}","{""candidate_after_baseline_exit"": 428, ""candidate_after_max_hold"": 1, ""lifecycle_without_exit_replay"": 515, ""no_candidate"": 74, ""none"": 2567, ""not_active_exit_eligible"": 1, ""stale_data_no_action"": 8}"
7500,-500,120000,50,3079,515,2567,512,57,942,2080,-98904,-32.122117570639816,-158.0,-311967,-101.3208834037025,-152.0,-213063,-69.19876583306268,0.0,-83.00077911959485,0.0,869,262,1436,0.7683465959328029,1131,0.7428755663774447,458,271359,41,258785,411,60097,0,0,331456,544519,False,True,499.1,8,74,1,428,1,0,515,3079,0,0,3,"{""cut_target"": 41, ""harmful_exit"": 221, ""neutral_exit"": 1436, ""no_active_exit"": 512, ""no_exit_replay"": 515, ""saved_stop"": 458, ""timeout_improved"": 411}","{""candidate_after_baseline_exit"": 428, ""candidate_after_max_hold"": 1, ""lifecycle_without_exit_replay"": 515, ""no_candidate"": 74, ""none"": 2567, ""not_active_exit_eligible"": 1, ""stale_data_no_action"": 8}"
7500,-500,120000,100,3079,515,2567,512,57,942,2080,-252854,-82.12211757063982,-208.0,-465917,-151.3208834037025,-202.0,-213063,-69.19876583306268,0.0,-83.00077911959485,0.0,869,262,1436,0.7683465959328029,1131,0.7428755663774447,458,271359,41,258785,411,60097,0,0,331456,544519,False,True,499.1,8,74,1,428,1,0,515,3079,0,0,3,"{""cut_target"": 41, ""harmful_exit"": 221, ""neutral_exit"": 1436, ""no_active_exit"": 512, ""no_exit_replay"": 515, ""saved_stop"": 458, ""timeout_improved"": 411}","{""candidate_after_baseline_exit"": 428, ""candidate_after_max_hold"": 1, ""lifecycle_without_exit_replay"": 515, ""no_candidate"": 74, ""none"": 2567, ""not_active_exit_eligible"": 1, ""stale_data_no_action"": 8}"
7500,-500,120000,150,3079,515,2567,512,57,942,2080,-406804,-132.12211757063983,-258.0,-619867,-201.3208834037025,-252.0,-213063,-69.19876583306268,0.0,-83.00077911959485,0.0,869,262,1436,0.7683465959328029,1131,0.7428755663774447,458,271359,41,258785,411,60097,0,0,331456,544519,False,True,499.1,8,74,1,428,1,0,515,3079,0,0,3,"{""cut_target"": 41, ""harmful_exit"": 221, ""neutral_exit"": 1436, ""no_active_exit"": 512, ""no_exit_replay"": 515, ""saved_stop"": 458, ""timeout_improved"": 411}","{""candidate_after_baseline_exit"": 428, ""candidate_after_max_hold"": 1, ""lifecycle_without_exit_replay"": 515, ""no_candidate"": 74, ""none"": 2567, ""not_active_exit_eligible"": 1, ""stale_data_no_action"": 8}"
7500,-500,120000,200,3079,515,2567,512,57,942,2080,-560754,-182.12211757063983,-308.0,-773817,-251.3208834037025,-302.0,-213063,-69.19876583306268,0.0,-83.00077911959485,0.0,869,262,1436,0.7683465959328029,1131,0.7428755663774447,458,271359,41,258785,411,60097,0,0,331456,544519,False,True,499.1,8,74,1,428,1,0,515,3079,0,0,3,"{""cut_target"": 41, ""harmful_exit"": 221, ""neutral_exit"": 1436, ""no_active_exit"": 512, ""no_exit_replay"": 515, ""saved_stop"": 458, ""timeout_improved"": 411}","{""candidate_after_baseline_exit"": 428, ""candidate_after_max_hold"": 1, ""lifecycle_without_exit_replay"": 515, ""no_candidate"": 74, ""none"": 2567, ""not_active_exit_eligible"": 1, ""stale_data_no_action"": 8}"
7500,-700,30000,0,3079,515,2596,483,17,543,2519,-137739,-44.73497888924976,-102.0,-211862,-68.80870412471582,-102.0,-74123,-24.07372523546606,0.0,-28.55277349768875,0.0,419,233,1944,0.6426380368098159,652,0.6051167049896181,140,101501,9,55150,279,67876,0,0,169377,243500,False,True,167.9,8,74,1,315,85,0,515,3079,0,0,3,"{""cut_target"": 9, ""harmful_exit"": 224, ""neutral_exit"": 1944, ""no_active_exit"": 483, ""no_exit_replay"": 515, ""saved_stop"": 140, ""timeout_improved"": 279}","{""candidate_after_baseline_exit"": 315, ""candidate_after_max_hold"": 85, ""lifecycle_without_exit_replay"": 515, ""no_candidate"": 74, ""none"": 2596, ""not_active_exit_eligible"": 1, ""stale_data_no_action"": 8}"
7500,-700,30000,50,3079,515,2596,483,17,543,2519,-291689,-94.73497888924976,-152.0,-365812,-118.80870412471582,-152.0,-74123,-24.07372523546606,0.0,-28.55277349768875,0.0,419,233,1944,0.6426380368098159,652,0.6051167049896181,140,101501,9,55150,279,67876,0,0,169377,243500,False,True,167.9,8,74,1,315,85,0,515,3079,0,0,3,"{""cut_target"": 9, ""harmful_exit"": 224, ""neutral_exit"": 1944, ""no_active_exit"": 483, ""no_exit_replay"": 515, ""saved_stop"": 140, ""timeout_improved"": 279}","{""candidate_after_baseline_exit"": 315, ""candidate_after_max_hold"": 85, ""lifecycle_without_exit_replay"": 515, ""no_candidate"": 74, ""none"": 2596, ""not_active_exit_eligible"": 1, ""stale_data_no_action"": 8}"
7500,-700,30000,100,3079,515,2596,483,17,543,2519,-445639,-144.73497888924976,-202.0,-519762,-168.8087041247158,-202.0,-74123,-24.07372523546606,0.0,-28.55277349768875,0.0,419,233,1944,0.6426380368098159,652,0.6051167049896181,140,101501,9,55150,279,67876,0,0,169377,243500,False,True,167.9,8,74,1,315,85,0,515,3079,0,0,3,"{""cut_target"": 9, ""harmful_exit"": 224, ""neutral_exit"": 1944, ""no_active_exit"": 483, ""no_exit_replay"": 515, ""saved_stop"": 140, ""timeout_improved"": 279}","{""candidate_after_baseline_exit"": 315, ""candidate_after_max_hold"": 85, ""lifecycle_without_exit_replay"": 515, ""no_candidate"": 74, ""none"": 2596, ""not_active_exit_eligible"": 1, ""stale_data_no_action"": 8}"
7500,-700,30000,150,3079,515,2596,483,17,543,2519,-599589,-194.73497888924976,-252.0,-673712,-218.8087041247158,-252.0,-74123,-24.07372523546606,0.0,-28.55277349768875,0.0,419,233,1944,0.6426380368098159,652,0.6051167049896181,140,101501,9,55150,279,67876,0,0,169377,243500,False,True,167.9,8,74,1,315,85,0,515,3079,0,0,3,"{""cut_target"": 9, ""harmful_exit"": 224, ""neutral_exit"": 1944, ""no_active_exit"": 483, ""no_exit_replay"": 515, ""saved_stop"": 140, ""timeout_improved"": 279}","{""candidate_after_baseline_exit"": 315, ""candidate_after_max_hold"": 85, ""lifecycle_without_exit_replay"": 515, ""no_candidate"": 74, ""none"": 2596, ""not_active_exit_eligible"": 1, ""stale_data_no_action"": 8}"
7500,-700,30000,200,3079,515,2596,483,17,543,2519,-753539,-244.73497888924976,-302.0,-827662,-268.8087041247158,-302.0,-74123,-24.07372523546606,0.0,-28.55277349768875,0.0,419,233,1944,0.6426380368098159,652,0.6051167049896181,140,101501,9,55150,279,67876,0,0,169377,243500,False,True,167.9,8,74,1,315,85,0,515,3079,0,0,3,"{""cut_target"": 9, ""harmful_exit"": 224, ""neutral_exit"": 1944, ""no_active_exit"": 483, ""no_exit_replay"": 515, ""saved_stop"": 140, ""timeout_improved"": 279}","{""candidate_after_baseline_exit"": 315, ""candidate_after_max_hold"": 85, ""lifecycle_without_exit_replay"": 515, ""no_candidate"": 74, ""none"": 2596, ""not_active_exit_eligible"": 1, ""stale_data_no_action"": 8}"
7500,-700,60000,0,3079,515,2629,450,30,656,2393,-30529,-9.91523221825268,-102.0,-218997,-71.12601493991556,-102.0,-188468,-61.21078272166288,0.0,-71.6880943324458,0.0,618,311,1700,0.6652314316469322,929,0.6342600838766344,245,194468,18,112579,373,78121,0,0,272589,461057,False,True,282.3,8,74,1,357,10,0,515,3079,0,0,3,"{""cut_target"": 18, ""harmful_exit"": 293, ""neutral_exit"": 1700, ""no_active_exit"": 450, ""no_exit_replay"": 515, ""saved_stop"": 245, ""timeout_improved"": 373}","{""candidate_after_baseline_exit"": 357, ""candidate_after_max_hold"": 10, ""lifecycle_without_exit_replay"": 515, ""no_candidate"": 74, ""none"": 2629, ""not_active_exit_eligible"": 1, ""stale_data_no_action"": 8}"
7500,-700,60000,50,3079,515,2629,450,30,656,2393,-184479,-59.915232218252676,-152.0,-372947,-121.12601493991556,-152.0,-188468,-61.21078272166288,0.0,-71.6880943324458,0.0,618,311,1700,0.6652314316469322,929,0.6342600838766344,245,194468,18,112579,373,78121,0,0,272589,461057,False,True,282.3,8,74,1,357,10,0,515,3079,0,0,3,"{""cut_target"": 18, ""harmful_exit"": 293, ""neutral_exit"": 1700, ""no_active_exit"": 450, ""no_exit_replay"": 515, ""saved_stop"": 245, ""timeout_improved"": 373}","{""candidate_after_baseline_exit"": 357, ""candidate_after_max_hold"": 10, ""lifecycle_without_exit_replay"": 515, ""no_candidate"": 74, ""none"": 2629, ""not_active_exit_eligible"": 1, ""stale_data_no_action"": 8}"
7500,-700,60000,100,3079,515,2629,450,30,656,2393,-338429,-109.91523221825268,-202.0,-526897,-171.12601493991556,-202.0,-188468,-61.21078272166288,0.0,-71.6880943324458,0.0,618,311,1700,0.6652314316469322,929,0.6342600838766344,245,194468,18,112579,373,78121,0,0,272589,461057,False,True,282.3,8,74,1,357,10,0,515,3079,0,0,3,"{""cut_target"": 18, ""harmful_exit"": 293, ""neutral_exit"": 1700, ""no_active_exit"": 450, ""no_exit_replay"": 515, ""saved_stop"": 245, ""timeout_improved"": 373}","{""candidate_after_baseline_exit"": 357, ""candidate_after_max_hold"": 10, ""lifecycle_without_exit_replay"": 515, ""no_candidate"": 74, ""none"": 2629, ""not_active_exit_eligible"": 1, ""stale_data_no_action"": 8}"
7500,-700,60000,150,3079,515,2629,450,30,656,2393,-492379,-159.91523221825267,-252.0,-680847,-221.12601493991556,-252.0,-188468,-61.21078272166288,0.0,-71.6880943324458,0.0,618,311,1700,0.6652314316469322,929,0.6342600838766344,245,194468,18,112579,373,78121,0,0,272589,461057,False,True,282.3,8,74,1,357,10,0,515,3079,0,0,3,"{""cut_target"": 18, ""harmful_exit"": 293, ""neutral_exit"": 1700, ""no_active_exit"": 450, ""no_exit_replay"": 515, ""saved_stop"": 245, ""timeout_improved"": 373}","{""candidate_after_baseline_exit"": 357, ""candidate_after_max_hold"": 10, ""lifecycle_without_exit_replay"": 515, ""no_candidate"": 74, ""none"": 2629, ""not_active_exit_eligible"": 1, ""stale_data_no_action"": 8}"
7500,-700,60000,200,3079,515,2629,450,30,656,2393,-646329,-209.91523221825267,-302.0,-834797,-271.12601493991554,-302.0,-188468,-61.21078272166288,0.0,-71.6880943324458,0.0,618,311,1700,0.6652314316469322,929,0.6342600838766344,245,194468,18,112579,373,78121,0,0,272589,461057,False,True,282.3,8,74,1,357,10,0,515,3079,0,0,3,"{""cut_target"": 18, ""harmful_exit"": 293, ""neutral_exit"": 1700, ""no_active_exit"": 450, ""no_exit_replay"": 515, ""saved_stop"": 245, ""timeout_improved"": 373}","{""candidate_after_baseline_exit"": 357, ""candidate_after_max_hold"": 10, ""lifecycle_without_exit_replay"": 515, ""no_candidate"": 74, ""none"": 2629, ""not_active_exit_eligible"": 1, ""stale_data_no_action"": 8}"
7500,-700,120000,0,3079,515,2632,447,58,767,2254,-69047,-22.425138031828517,-108.0,-243023,-78.92919779149075,-102.0,-173976,-56.504059759662226,0.0,-66.10030395136778,0.0,889,277,1466,0.7624356775300172,1166,0.7371706506981922,348,289978,42,266512,541,117460,0,0,407438,581414,False,True,402.1,8,74,1,363,1,0,515,3079,0,0,3,"{""cut_target"": 42, ""harmful_exit"": 235, ""neutral_exit"": 1466, ""no_active_exit"": 447, ""no_exit_replay"": 515, ""saved_stop"": 348, ""timeout_improved"": 541}","{""candidate_after_baseline_exit"": 363, ""candidate_after_max_hold"": 1, ""lifecycle_without_exit_replay"": 515, ""no_candidate"": 74, ""none"": 2632, ""not_active_exit_eligible"": 1, ""stale_data_no_action"": 8}"
7500,-700,120000,50,3079,515,2632,447,58,767,2254,-222997,-72.42513803182851,-158.0,-396973,-128.92919779149074,-152.0,-173976,-56.504059759662226,0.0,-66.10030395136778,0.0,889,277,1466,0.7624356775300172,1166,0.7371706506981922,348,289978,42,266512,541,117460,0,0,407438,581414,False,True,402.1,8,74,1,363,1,0,515,3079,0,0,3,"{""cut_target"": 42, ""harmful_exit"": 235, ""neutral_exit"": 1466, ""no_active_exit"": 447, ""no_exit_replay"": 515, ""saved_stop"": 348, ""timeout_improved"": 541}","{""candidate_after_baseline_exit"": 363, ""candidate_after_max_hold"": 1, ""lifecycle_without_exit_replay"": 515, ""no_candidate"": 74, ""none"": 2632, ""not_active_exit_eligible"": 1, ""stale_data_no_action"": 8}"
7500,-700,120000,100,3079,515,2632,447,58,767,2254,-376947,-122.42513803182851,-208.0,-550923,-178.92919779149074,-202.0,-173976,-56.504059759662226,0.0,-66.10030395136778,0.0,889,277,1466,0.7624356775300172,1166,0.7371706506981922,348,289978,42,266512,541,117460,0,0,407438,581414,False,True,402.1,8,74,1,363,1,0,515,3079,0,0,3,"{""cut_target"": 42, ""harmful_exit"": 235, ""neutral_exit"": 1466, ""no_active_exit"": 447, ""no_exit_replay"": 515, ""saved_stop"": 348, ""timeout_improved"": 541}","{""candidate_after_baseline_exit"": 363, ""candidate_after_max_hold"": 1, ""lifecycle_without_exit_replay"": 515, ""no_candidate"": 74, ""none"": 2632, ""not_active_exit_eligible"": 1, ""stale_data_no_action"": 8}"
7500,-700,120000,150,3079,515,2632,447,58,767,2254,-530897,-172.4251380318285,-258.0,-704873,-228.92919779149074,-252.0,-173976,-56.504059759662226,0.0,-66.10030395136778,0.0,889,277,1466,0.7624356775300172,1166,0.7371706506981922,348,289978,42,266512,541,117460,0,0,407438,581414,False,True,402.1,8,74,1,363,1,0,515,3079,0,0,3,"{""cut_target"": 42, ""harmful_exit"": 235, ""neutral_exit"": 1466, ""no_active_exit"": 447, ""no_exit_replay"": 515, ""saved_stop"": 348, ""timeout_improved"": 541}","{""candidate_after_baseline_exit"": 363, ""candidate_after_max_hold"": 1, ""lifecycle_without_exit_replay"": 515, ""no_candidate"": 74, ""none"": 2632, ""not_active_exit_eligible"": 1, ""stale_data_no_action"": 8}"
7500,-700,120000,200,3079,515,2632,447,58,767,2254,-684847,-222.4251380318285,-308.0,-858823,-278.92919779149076,-302.0,-173976,-56.504059759662226,0.0,-66.10030395136778,0.0,889,277,1466,0.7624356775300172,1166,0.7371706506981922,348,289978,42,266512,541,117460,0,0,407438,581414,False,True,402.1,8,74,1,363,1,0,515,3079,0,0,3,"{""cut_target"": 42, ""harmful_exit"": 235, ""neutral_exit"": 1466, ""no_active_exit"": 447, ""no_exit_replay"": 515, ""saved_stop"": 348, ""timeout_improved"": 541}","{""candidate_after_baseline_exit"": 363, ""candidate_after_max_hold"": 1, ""lifecycle_without_exit_replay"": 515, ""no_candidate"": 74, ""none"": 2632, ""not_active_exit_eligible"": 1, ""stale_data_no_action"": 8}"
7500,-1000,30000,0,3079,515,2646,433,18,463,2598,-229575,-74.56154595647938,-102.0,-300936,-97.73822669697954,-102.0,-71361,-23.176680740500164,0.0,-26.96938775510204,0.0,433,252,1961,0.6321167883211679,685,0.5953609034702116,117,110695,10,62492,316,89308,0,0,200003,271364,False,True,148.6,8,74,1,265,85,0,515,3079,0,0,3,"{""cut_target"": 10, ""harmful_exit"": 242, ""neutral_exit"": 1961, ""no_active_exit"": 433, ""no_exit_replay"": 515, ""saved_stop"": 117, ""timeout_improved"": 316}","{""candidate_after_baseline_exit"": 265, ""candidate_after_max_hold"": 85, ""lifecycle_without_exit_replay"": 515, ""no_candidate"": 74, ""none"": 2646, ""not_active_exit_eligible"": 1, ""stale_data_no_action"": 8}"
7500,-1000,30000,50,3079,515,2646,433,18,463,2598,-383525,-124.56154595647938,-152.0,-454886,-147.73822669697955,-152.0,-71361,-23.176680740500164,0.0,-26.96938775510204,0.0,433,252,1961,0.6321167883211679,685,0.5953609034702116,117,110695,10,62492,316,89308,0,0,200003,271364,False,True,148.6,8,74,1,265,85,0,515,3079,0,0,3,"{""cut_target"": 10, ""harmful_exit"": 242, ""neutral_exit"": 1961, ""no_active_exit"": 433, ""no_exit_replay"": 515, ""saved_stop"": 117, ""timeout_improved"": 316}","{""candidate_after_baseline_exit"": 265, ""candidate_after_max_hold"": 85, ""lifecycle_without_exit_replay"": 515, ""no_candidate"": 74, ""none"": 2646, ""not_active_exit_eligible"": 1, ""stale_data_no_action"": 8}"
7500,-1000,30000,100,3079,515,2646,433,18,463,2598,-537475,-174.56154595647936,-202.0,-608836,-197.73822669697955,-202.0,-71361,-23.176680740500164,0.0,-26.96938775510204,0.0,433,252,1961,0.6321167883211679,685,0.5953609034702116,117,110695,10,62492,316,89308,0,0,200003,271364,False,True,148.6,8,74,1,265,85,0,515,3079,0,0,3,"{""cut_target"": 10, ""harmful_exit"": 242, ""neutral_exit"": 1961, ""no_active_exit"": 433, ""no_exit_replay"": 515, ""saved_stop"": 117, ""timeout_improved"": 316}","{""candidate_after_baseline_exit"": 265, ""candidate_after_max_hold"": 85, ""lifecycle_without_exit_replay"": 515, ""no_candidate"": 74, ""none"": 2646, ""not_active_exit_eligible"": 1, ""stale_data_no_action"": 8}"
7500,-1000,30000,150,3079,515,2646,433,18,463,2598,-691425,-224.56154595647936,-252.0,-762786,-247.73822669697955,-252.0,-71361,-23.176680740500164,0.0,-26.96938775510204,0.0,433,252,1961,0.6321167883211679,685,0.5953609034702116,117,110695,10,62492,316,89308,0,0,200003,271364,False,True,148.6,8,74,1,265,85,0,515,3079,0,0,3,"{""cut_target"": 10, ""harmful_exit"": 242, ""neutral_exit"": 1961, ""no_active_exit"": 433, ""no_exit_replay"": 515, ""saved_stop"": 117, ""timeout_improved"": 316}","{""candidate_after_baseline_exit"": 265, ""candidate_after_max_hold"": 85, ""lifecycle_without_exit_replay"": 515, ""no_candidate"": 74, ""none"": 2646, ""not_active_exit_eligible"": 1, ""stale_data_no_action"": 8}"
7500,-1000,30000,200,3079,515,2646,433,18,463,2598,-845375,-274.5615459564794,-302.0,-916736,-297.73822669697955,-302.0,-71361,-23.176680740500164,0.0,-26.96938775510204,0.0,433,252,1961,0.6321167883211679,685,0.5953609034702116,117,110695,10,62492,316,89308,0,0,200003,271364,False,True,148.6,8,74,1,265,85,0,515,3079,0,0,3,"{""cut_target"": 10, ""harmful_exit"": 242, ""neutral_exit"": 1961, ""no_active_exit"": 433, ""no_exit_replay"": 515, ""saved_stop"": 117, ""timeout_improved"": 316}","{""candidate_after_baseline_exit"": 265, ""candidate_after_max_hold"": 85, ""lifecycle_without_exit_replay"": 515, ""no_candidate"": 74, ""none"": 2646, ""not_active_exit_eligible"": 1, ""stale_data_no_action"": 8}"
7500,-1000,60000,0,3079,515,2683,396,33,564,2482,-116650,-37.88567716791166,-102.0,-300376,-97.55634946411172,-102.0,-183726,-59.67067229620007,0.0,-68.47782333209095,0.0,636,335,1712,0.654994850669413,971,0.6245368658172881,211,216624,20,127695,425,114030,0,0,330654,514380,False,True,253.5,8,74,1,303,10,0,515,3079,0,0,3,"{""cut_target"": 20, ""harmful_exit"": 315, ""neutral_exit"": 1712, ""no_active_exit"": 396, ""no_exit_replay"": 515, ""saved_stop"": 211, ""timeout_improved"": 425}","{""candidate_after_baseline_exit"": 303, ""candidate_after_max_hold"": 10, ""lifecycle_without_exit_replay"": 515, ""no_candidate"": 74, ""none"": 2683, ""not_active_exit_eligible"": 1, ""stale_data_no_action"": 8}"
7500,-1000,60000,50,3079,515,2683,396,33,564,2482,-270600,-87.88567716791167,-152.0,-454326,-147.55634946411172,-152.0,-183726,-59.67067229620007,0.0,-68.47782333209095,0.0,636,335,1712,0.654994850669413,971,0.6245368658172881,211,216624,20,127695,425,114030,0,0,330654,514380,False,True,253.5,8,74,1,303,10,0,515,3079,0,0,3,"{""cut_target"": 20, ""harmful_exit"": 315, ""neutral_exit"": 1712, ""no_active_exit"": 396, ""no_exit_replay"": 515, ""saved_stop"": 211, ""timeout_improved"": 425}","{""candidate_after_baseline_exit"": 303, ""candidate_after_max_hold"": 10, ""lifecycle_without_exit_replay"": 515, ""no_candidate"": 74, ""none"": 2683, ""not_active_exit_eligible"": 1, ""stale_data_no_action"": 8}"
7500,-1000,60000,100,3079,515,2683,396,33,564,2482,-424550,-137.88567716791167,-202.0,-608276,-197.55634946411172,-202.0,-183726,-59.67067229620007,0.0,-68.47782333209095,0.0,636,335,1712,0.654994850669413,971,0.6245368658172881,211,216624,20,127695,425,114030,0,0,330654,514380,False,True,253.5,8,74,1,303,10,0,515,3079,0,0,3,"{""cut_target"": 20, ""harmful_exit"": 315, ""neutral_exit"": 1712, ""no_active_exit"": 396, ""no_exit_replay"": 515, ""saved_stop"": 211, ""timeout_improved"": 425}","{""candidate_after_baseline_exit"": 303, ""candidate_after_max_hold"": 10, ""lifecycle_without_exit_replay"": 515, ""no_candidate"": 74, ""none"": 2683, ""not_active_exit_eligible"": 1, ""stale_data_no_action"": 8}"
7500,-1000,60000,150,3079,515,2683,396,33,564,2482,-578500,-187.88567716791167,-252.0,-762226,-247.55634946411172,-252.0,-183726,-59.67067229620007,0.0,-68.47782333209095,0.0,636,335,1712,0.654994850669413,971,0.6245368658172881,211,216624,20,127695,425,114030,0,0,330654,514380,False,True,253.5,8,74,1,303,10,0,515,3079,0,0,3,"{""cut_target"": 20, ""harmful_exit"": 315, ""neutral_exit"": 1712, ""no_active_exit"": 396, ""no_exit_replay"": 515, ""saved_stop"": 211, ""timeout_improved"": 425}","{""candidate_after_baseline_exit"": 303, ""candidate_after_max_hold"": 10, ""lifecycle_without_exit_replay"": 515, ""no_candidate"": 74, ""none"": 2683, ""not_active_exit_eligible"": 1, ""stale_data_no_action"": 8}"
7500,-1000,60000,200,3079,515,2683,396,33,564,2482,-732450,-237.88567716791167,-302.0,-916176,-297.55634946411175,-302.0,-183726,-59.67067229620007,0.0,-68.47782333209095,0.0,636,335,1712,0.654994850669413,971,0.6245368658172881,211,216624,20,127695,425,114030,0,0,330654,514380,False,True,253.5,8,74,1,303,10,0,515,3079,0,0,3,"{""cut_target"": 20, ""harmful_exit"": 315, ""neutral_exit"": 1712, ""no_active_exit"": 396, ""no_exit_replay"": 515, ""saved_stop"": 211, ""timeout_improved"": 425}","{""candidate_after_baseline_exit"": 303, ""candidate_after_max_hold"": 10, ""lifecycle_without_exit_replay"": 515, ""no_candidate"": 74, ""none"": 2683, ""not_active_exit_eligible"": 1, ""stale_data_no_action"": 8}"
7500,-1000,120000,0,3079,515,2687,392,63,668,2348,-190375,-61.83013965573238,-105.0,-326164,-105.93179603767457,-102.0,-135789,-44.10165638194219,0.0,-50.53554149609229,0.0,913,298,1476,0.7539223781998349,1211,0.7288853889152506,307,333724,45,288117,606,161750,0,0,495474,631263,False,True,367.6,8,74,1,308,1,0,515,3079,0,0,4,"{""cut_target"": 45, ""harmful_exit"": 253, ""neutral_exit"": 1476, ""no_active_exit"": 392, ""no_exit_replay"": 515, ""saved_stop"": 307, ""timeout_improved"": 606}","{""candidate_after_baseline_exit"": 308, ""candidate_after_max_hold"": 1, ""lifecycle_without_exit_replay"": 515, ""no_candidate"": 74, ""none"": 2687, ""not_active_exit_eligible"": 1, ""stale_data_no_action"": 8}"
7500,-1000,120000,50,3079,515,2687,392,63,668,2348,-344325,-111.83013965573238,-155.0,-480114,-155.93179603767456,-152.0,-135789,-44.10165638194219,0.0,-50.53554149609229,0.0,913,298,1476,0.7539223781998349,1211,0.7288853889152506,307,333724,45,288117,606,161750,0,0,495474,631263,False,True,367.6,8,74,1,308,1,0,515,3079,0,0,4,"{""cut_target"": 45, ""harmful_exit"": 253, ""neutral_exit"": 1476, ""no_active_exit"": 392, ""no_exit_replay"": 515, ""saved_stop"": 307, ""timeout_improved"": 606}","{""candidate_after_baseline_exit"": 308, ""candidate_after_max_hold"": 1, ""lifecycle_without_exit_replay"": 515, ""no_candidate"": 74, ""none"": 2687, ""not_active_exit_eligible"": 1, ""stale_data_no_action"": 8}"
7500,-1000,120000,100,3079,515,2687,392,63,668,2348,-498275,-161.83013965573238,-205.0,-634064,-205.93179603767456,-202.0,-135789,-44.10165638194219,0.0,-50.53554149609229,0.0,913,298,1476,0.7539223781998349,1211,0.7288853889152506,307,333724,45,288117,606,161750,0,0,495474,631263,False,True,367.6,8,74,1,308,1,0,515,3079,0,0,4,"{""cut_target"": 45, ""harmful_exit"": 253, ""neutral_exit"": 1476, ""no_active_exit"": 392, ""no_exit_replay"": 515, ""saved_stop"": 307, ""timeout_improved"": 606}","{""candidate_after_baseline_exit"": 308, ""candidate_after_max_hold"": 1, ""lifecycle_without_exit_replay"": 515, ""no_candidate"": 74, ""none"": 2687, ""not_active_exit_eligible"": 1, ""stale_data_no_action"": 8}"
7500,-1000,120000,150,3079,515,2687,392,63,668,2348,-652225,-211.83013965573238,-255.0,-788014,-255.93179603767456,-252.0,-135789,-44.10165638194219,0.0,-50.53554149609229,0.0,913,298,1476,0.7539223781998349,1211,0.7288853889152506,307,333724,45,288117,606,161750,0,0,495474,631263,False,True,367.6,8,74,1,308,1,0,515,3079,0,0,4,"{""cut_target"": 45, ""harmful_exit"": 253, ""neutral_exit"": 1476, ""no_active_exit"": 392, ""no_exit_replay"": 515, ""saved_stop"": 307, ""timeout_improved"": 606}","{""candidate_after_baseline_exit"": 308, ""candidate_after_max_hold"": 1, ""lifecycle_without_exit_replay"": 515, ""no_candidate"": 74, ""none"": 2687, ""not_active_exit_eligible"": 1, ""stale_data_no_action"": 8}"
7500,-1000,120000,200,3079,515,2687,392,63,668,2348,-806175,-261.83013965573235,-305.0,-941964,-305.9317960376746,-302.0,-135789,-44.10165638194219,0.0,-50.53554149609229,0.0,913,298,1476,0.7539223781998349,1211,0.7288853889152506,307,333724,45,288117,606,161750,0,0,495474,631263,False,True,367.6,8,74,1,308,1,0,515,3079,0,0,4,"{""cut_target"": 45, ""harmful_exit"": 253, ""neutral_exit"": 1476, ""no_active_exit"": 392, ""no_exit_replay"": 515, ""saved_stop"": 307, ""timeout_improved"": 606}","{""candidate_after_baseline_exit"": 308, ""candidate_after_max_hold"": 1, ""lifecycle_without_exit_replay"": 515, ""no_candidate"": 74, ""none"": 2687, ""not_active_exit_eligible"": 1, ""stale_data_no_action"": 8}"
7500,-1500,30000,0,3079,515,2718,361,20,357,2702,-320144,-103.97661578434557,-102.0,-400950,-130.2208509256252,-102.0,-80806,-26.244235141279635,0.0,-29.729948491537897,0.0,461,283,1974,0.6196236559139785,744,0.5842089784894409,98,118556,11,67950,363,127050,0,0,245606,326412,False,True,134.3,8,74,1,193,85,0,515,3079,0,0,4,"{""cut_target"": 11, ""harmful_exit"": 272, ""neutral_exit"": 1974, ""no_active_exit"": 361, ""no_exit_replay"": 515, ""saved_stop"": 98, ""timeout_improved"": 363}","{""candidate_after_baseline_exit"": 193, ""candidate_after_max_hold"": 85, ""lifecycle_without_exit_replay"": 515, ""no_candidate"": 74, ""none"": 2718, ""not_active_exit_eligible"": 1, ""stale_data_no_action"": 8}"
7500,-1500,30000,50,3079,515,2718,361,20,357,2702,-474094,-153.97661578434557,-152.0,-554900,-180.2208509256252,-152.0,-80806,-26.244235141279635,0.0,-29.729948491537897,0.0,461,283,1974,0.6196236559139785,744,0.5842089784894409,98,118556,11,67950,363,127050,0,0,245606,326412,False,True,134.3,8,74,1,193,85,0,515,3079,0,0,4,"{""cut_target"": 11, ""harmful_exit"": 272, ""neutral_exit"": 1974, ""no_active_exit"": 361, ""no_exit_replay"": 515, ""saved_stop"": 98, ""timeout_improved"": 363}","{""candidate_after_baseline_exit"": 193, ""candidate_after_max_hold"": 85, ""lifecycle_without_exit_replay"": 515, ""no_candidate"": 74, ""none"": 2718, ""not_active_exit_eligible"": 1, ""stale_data_no_action"": 8}"
7500,-1500,30000,100,3079,515,2718,361,20,357,2702,-628044,-203.97661578434557,-202.0,-708850,-230.2208509256252,-202.0,-80806,-26.244235141279635,0.0,-29.729948491537897,0.0,461,283,1974,0.6196236559139785,744,0.5842089784894409,98,118556,11,67950,363,127050,0,0,245606,326412,False,True,134.3,8,74,1,193,85,0,515,3079,0,0,4,"{""cut_target"": 11, ""harmful_exit"": 272, ""neutral_exit"": 1974, ""no_active_exit"": 361, ""no_exit_replay"": 515, ""saved_stop"": 98, ""timeout_improved"": 363}","{""candidate_after_baseline_exit"": 193, ""candidate_after_max_hold"": 85, ""lifecycle_without_exit_replay"": 515, ""no_candidate"": 74, ""none"": 2718, ""not_active_exit_eligible"": 1, ""stale_data_no_action"": 8}"
7500,-1500,30000,150,3079,515,2718,361,20,357,2702,-781994,-253.97661578434557,-252.0,-862800,-280.2208509256252,-252.0,-80806,-26.244235141279635,0.0,-29.729948491537897,0.0,461,283,1974,0.6196236559139785,744,0.5842089784894409,98,118556,11,67950,363,127050,0,0,245606,326412,False,True,134.3,8,74,1,193,85,0,515,3079,0,0,4,"{""cut_target"": 11, ""harmful_exit"": 272, ""neutral_exit"": 1974, ""no_active_exit"": 361, ""no_exit_replay"": 515, ""saved_stop"": 98, ""timeout_improved"": 363}","{""candidate_after_baseline_exit"": 193, ""candidate_after_max_hold"": 85, ""lifecycle_without_exit_replay"": 515, ""no_candidate"": 74, ""none"": 2718, ""not_active_exit_eligible"": 1, ""stale_data_no_action"": 8}"
7500,-1500,30000,200,3079,515,2718,361,20,357,2702,-935944,-303.97661578434554,-302.0,-1016750,-330.2208509256252,-302.0,-80806,-26.244235141279635,0.0,-29.729948491537897,0.0,461,283,1974,0.6196236559139785,744,0.5842089784894409,98,118556,11,67950,363,127050,0,0,245606,326412,False,True,134.3,8,74,1,193,85,0,515,3079,0,0,4,"{""cut_target"": 11, ""harmful_exit"": 272, ""neutral_exit"": 1974, ""no_active_exit"": 361, ""no_exit_replay"": 515, ""saved_stop"": 98, ""timeout_improved"": 363}","{""candidate_after_baseline_exit"": 193, ""candidate_after_max_hold"": 85, ""lifecycle_without_exit_replay"": 515, ""no_candidate"": 74, ""none"": 2718, ""not_active_exit_eligible"": 1, ""stale_data_no_action"": 8}"
7500,-1500,60000,0,3079,515,2767,312,40,457,2582,-216858,-70.4313088665151,-102.0,-411883,-133.7716791165963,-102.0,-195025,-63.34037025008119,0.0,-70.48247199132635,0.0,669,374,1724,0.6414189837008629,1043,0.6118436597020079,190,263236,26,171851,479,160846,0,0,424082,619107,False,True,237.9,8,74,1,219,10,0,515,3079,0,0,3,"{""cut_target"": 26, ""harmful_exit"": 348, ""neutral_exit"": 1724, ""no_active_exit"": 312, ""no_exit_replay"": 515, ""saved_stop"": 190, ""timeout_improved"": 479}","{""candidate_after_baseline_exit"": 219, ""candidate_after_max_hold"": 10, ""lifecycle_without_exit_replay"": 515, ""no_candidate"": 74, ""none"": 2767, ""not_active_exit_eligible"": 1, ""stale_data_no_action"": 8}"
7500,-1500,60000,50,3079,515,2767,312,40,457,2582,-370808,-120.4313088665151,-152.0,-565833,-183.7716791165963,-152.0,-195025,-63.34037025008119,0.0,-70.48247199132635,0.0,669,374,1724,0.6414189837008629,1043,0.6118436597020079,190,263236,26,171851,479,160846,0,0,424082,619107,False,True,237.9,8,74,1,219,10,0,515,3079,0,0,3,"{""cut_target"": 26, ""harmful_exit"": 348, ""neutral_exit"": 1724, ""no_active_exit"": 312, ""no_exit_replay"": 515, ""saved_stop"": 190, ""timeout_improved"": 479}","{""candidate_after_baseline_exit"": 219, ""candidate_after_max_hold"": 10, ""lifecycle_without_exit_replay"": 515, ""no_candidate"": 74, ""none"": 2767, ""not_active_exit_eligible"": 1, ""stale_data_no_action"": 8}"
7500,-1500,60000,100,3079,515,2767,312,40,457,2582,-524758,-170.4313088665151,-202.0,-719783,-233.7716791165963,-202.0,-195025,-63.34037025008119,0.0,-70.48247199132635,0.0,669,374,1724,0.6414189837008629,1043,0.6118436597020079,190,263236,26,171851,479,160846,0,0,424082,619107,False,True,237.9,8,74,1,219,10,0,515,3079,0,0,3,"{""cut_target"": 26, ""harmful_exit"": 348, ""neutral_exit"": 1724, ""no_active_exit"": 312, ""no_exit_replay"": 515, ""saved_stop"": 190, ""timeout_improved"": 479}","{""candidate_after_baseline_exit"": 219, ""candidate_after_max_hold"": 10, ""lifecycle_without_exit_replay"": 515, ""no_candidate"": 74, ""none"": 2767, ""not_active_exit_eligible"": 1, ""stale_data_no_action"": 8}"
7500,-1500,60000,150,3079,515,2767,312,40,457,2582,-678708,-220.4313088665151,-252.0,-873733,-283.7716791165963,-252.0,-195025,-63.34037025008119,0.0,-70.48247199132635,0.0,669,374,1724,0.6414189837008629,1043,0.6118436597020079,190,263236,26,171851,479,160846,0,0,424082,619107,False,True,237.9,8,74,1,219,10,0,515,3079,0,0,3,"{""cut_target"": 26, ""harmful_exit"": 348, ""neutral_exit"": 1724, ""no_active_exit"": 312, ""no_exit_replay"": 515, ""saved_stop"": 190, ""timeout_improved"": 479}","{""candidate_after_baseline_exit"": 219, ""candidate_after_max_hold"": 10, ""lifecycle_without_exit_replay"": 515, ""no_candidate"": 74, ""none"": 2767, ""not_active_exit_eligible"": 1, ""stale_data_no_action"": 8}"
7500,-1500,60000,200,3079,515,2767,312,40,457,2582,-832658,-270.4313088665151,-302.0,-1027683,-333.7716791165963,-302.0,-195025,-63.34037025008119,0.0,-70.48247199132635,0.0,669,374,1724,0.6414189837008629,1043,0.6118436597020079,190,263236,26,171851,479,160846,0,0,424082,619107,False,True,237.9,8,74,1,219,10,0,515,3079,0,0,3,"{""cut_target"": 26, ""harmful_exit"": 348, ""neutral_exit"": 1724, ""no_active_exit"": 312, ""no_exit_replay"": 515, ""saved_stop"": 190, ""timeout_improved"": 479}","{""candidate_after_baseline_exit"": 219, ""candidate_after_max_hold"": 10, ""lifecycle_without_exit_replay"": 515, ""no_candidate"": 74, ""none"": 2767, ""not_active_exit_eligible"": 1, ""stale_data_no_action"": 8}"
7500,-1500,120000,0,3079,515,2771,308,71,560,2448,-333104,-108.18577460214355,-103.0,-439159,-142.63039948035077,-102.0,-106055,-34.44462487820721,0.0,-38.27318657524359,0.0,958,329,1484,0.7443667443667443,1287,0.7198318769542844,285,416266,52,337381,673,223386,0,0,639652,745707,False,True,352.3,8,74,1,224,1,0,515,3079,0,0,4,"{""cut_target"": 52, ""harmful_exit"": 277, ""neutral_exit"": 1484, ""no_active_exit"": 308, ""no_exit_replay"": 515, ""saved_stop"": 285, ""timeout_improved"": 673}","{""candidate_after_baseline_exit"": 224, ""candidate_after_max_hold"": 1, ""lifecycle_without_exit_replay"": 515, ""no_candidate"": 74, ""none"": 2771, ""not_active_exit_eligible"": 1, ""stale_data_no_action"": 8}"
7500,-1500,120000,50,3079,515,2771,308,71,560,2448,-487054,-158.18577460214354,-153.0,-593109,-192.63039948035077,-152.0,-106055,-34.44462487820721,0.0,-38.27318657524359,0.0,958,329,1484,0.7443667443667443,1287,0.7198318769542844,285,416266,52,337381,673,223386,0,0,639652,745707,False,True,352.3,8,74,1,224,1,0,515,3079,0,0,4,"{""cut_target"": 52, ""harmful_exit"": 277, ""neutral_exit"": 1484, ""no_active_exit"": 308, ""no_exit_replay"": 515, ""saved_stop"": 285, ""timeout_improved"": 673}","{""candidate_after_baseline_exit"": 224, ""candidate_after_max_hold"": 1, ""lifecycle_without_exit_replay"": 515, ""no_candidate"": 74, ""none"": 2771, ""not_active_exit_eligible"": 1, ""stale_data_no_action"": 8}"
7500,-1500,120000,100,3079,515,2771,308,71,560,2448,-641004,-208.18577460214354,-203.0,-747059,-242.63039948035077,-202.0,-106055,-34.44462487820721,0.0,-38.27318657524359,0.0,958,329,1484,0.7443667443667443,1287,0.7198318769542844,285,416266,52,337381,673,223386,0,0,639652,745707,False,True,352.3,8,74,1,224,1,0,515,3079,0,0,4,"{""cut_target"": 52, ""harmful_exit"": 277, ""neutral_exit"": 1484, ""no_active_exit"": 308, ""no_exit_replay"": 515, ""saved_stop"": 285, ""timeout_improved"": 673}","{""candidate_after_baseline_exit"": 224, ""candidate_after_max_hold"": 1, ""lifecycle_without_exit_replay"": 515, ""no_candidate"": 74, ""none"": 2771, ""not_active_exit_eligible"": 1, ""stale_data_no_action"": 8}"
7500,-1500,120000,150,3079,515,2771,308,71,560,2448,-794954,-258.18577460214357,-253.0,-901009,-292.6303994803508,-252.0,-106055,-34.44462487820721,0.0,-38.27318657524359,0.0,958,329,1484,0.7443667443667443,1287,0.7198318769542844,285,416266,52,337381,673,223386,0,0,639652,745707,False,True,352.3,8,74,1,224,1,0,515,3079,0,0,4,"{""cut_target"": 52, ""harmful_exit"": 277, ""neutral_exit"": 1484, ""no_active_exit"": 308, ""no_exit_replay"": 515, ""saved_stop"": 285, ""timeout_improved"": 673}","{""candidate_after_baseline_exit"": 224, ""candidate_after_max_hold"": 1, ""lifecycle_without_exit_replay"": 515, ""no_candidate"": 74, ""none"": 2771, ""not_active_exit_eligible"": 1, ""stale_data_no_action"": 8}"
7500,-1500,120000,200,3079,515,2771,308,71,560,2448,-948904,-308.18577460214357,-303.0,-1054959,-342.6303994803508,-302.0,-106055,-34.44462487820721,0.0,-38.27318657524359,0.0,958,329,1484,0.7443667443667443,1287,0.7198318769542844,285,416266,52,337381,673,223386,0,0,639652,745707,False,True,352.3,8,74,1,224,1,0,515,3079,0,0,4,"{""cut_target"": 52, ""harmful_exit"": 277, ""neutral_exit"": 1484, ""no_active_exit"": 308, ""no_exit_replay"": 515, ""saved_stop"": 285, ""timeout_improved"": 673}","{""candidate_after_baseline_exit"": 224, ""candidate_after_max_hold"": 1, ""lifecycle_without_exit_replay"": 515, ""no_candidate"": 74, ""none"": 2771, ""not_active_exit_eligible"": 1, ""stale_data_no_action"": 8}"
7500,-2000,30000,0,3079,515,2764,315,20,296,2763,-420356,-136.52354660604092,-102.0,-483343,-156.9805131536213,-102.0,-62987,-20.456966547580382,0.0,-22.7883502170767,0.0,479,297,1988,0.6172680412371134,776,0.5825717657710666,91,141797,11,67950,388,145109,0,0,286906,349893,True,True,129.8,8,74,1,147,85,0,515,3079,0,0,4,"{""cut_target"": 11, ""harmful_exit"": 286, ""neutral_exit"": 1988, ""no_active_exit"": 315, ""no_exit_replay"": 515, ""saved_stop"": 91, ""timeout_improved"": 388}","{""candidate_after_baseline_exit"": 147, ""candidate_after_max_hold"": 85, ""lifecycle_without_exit_replay"": 515, ""no_candidate"": 74, ""none"": 2764, ""not_active_exit_eligible"": 1, ""stale_data_no_action"": 8}"
7500,-2000,30000,50,3079,515,2764,315,20,296,2763,-574306,-186.52354660604092,-152.0,-637293,-206.9805131536213,-152.0,-62987,-20.456966547580382,0.0,-22.7883502170767,0.0,479,297,1988,0.6172680412371134,776,0.5825717657710666,91,141797,11,67950,388,145109,0,0,286906,349893,True,True,129.8,8,74,1,147,85,0,515,3079,0,0,4,"{""cut_target"": 11, ""harmful_exit"": 286, ""neutral_exit"": 1988, ""no_active_exit"": 315, ""no_exit_replay"": 515, ""saved_stop"": 91, ""timeout_improved"": 388}","{""candidate_after_baseline_exit"": 147, ""candidate_after_max_hold"": 85, ""lifecycle_without_exit_replay"": 515, ""no_candidate"": 74, ""none"": 2764, ""not_active_exit_eligible"": 1, ""stale_data_no_action"": 8}"
7500,-2000,30000,100,3079,515,2764,315,20,296,2763,-728256,-236.52354660604092,-202.0,-791243,-256.9805131536213,-202.0,-62987,-20.456966547580382,0.0,-22.7883502170767,0.0,479,297,1988,0.6172680412371134,776,0.5825717657710666,91,141797,11,67950,388,145109,0,0,286906,349893,True,True,129.8,8,74,1,147,85,0,515,3079,0,0,4,"{""cut_target"": 11, ""harmful_exit"": 286, ""neutral_exit"": 1988, ""no_active_exit"": 315, ""no_exit_replay"": 515, ""saved_stop"": 91, ""timeout_improved"": 388}","{""candidate_after_baseline_exit"": 147, ""candidate_after_max_hold"": 85, ""lifecycle_without_exit_replay"": 515, ""no_candidate"": 74, ""none"": 2764, ""not_active_exit_eligible"": 1, ""stale_data_no_action"": 8}"
7500,-2000,30000,150,3079,515,2764,315,20,296,2763,-882206,-286.5235466060409,-252.0,-945193,-306.9805131536213,-252.0,-62987,-20.456966547580382,0.0,-22.7883502170767,0.0,479,297,1988,0.6172680412371134,776,0.5825717657710666,91,141797,11,67950,388,145109,0,0,286906,349893,True,True,129.8,8,74,1,147,85,0,515,3079,0,0,4,"{""cut_target"": 11, ""harmful_exit"": 286, ""neutral_exit"": 1988, ""no_active_exit"": 315, ""no_exit_replay"": 515, ""saved_stop"": 91, ""timeout_improved"": 388}","{""candidate_after_baseline_exit"": 147, ""candidate_after_max_hold"": 85, ""lifecycle_without_exit_replay"": 515, ""no_candidate"": 74, ""none"": 2764, ""not_active_exit_eligible"": 1, ""stale_data_no_action"": 8}"
7500,-2000,30000,200,3079,515,2764,315,20,296,2763,-1036156,-336.5235466060409,-302.0,-1099143,-356.9805131536213,-302.0,-62987,-20.456966547580382,0.0,-22.7883502170767,0.0,479,297,1988,0.6172680412371134,776,0.5825717657710666,91,141797,11,67950,388,145109,0,0,286906,349893,True,True,129.8,8,74,1,147,85,0,515,3079,0,0,4,"{""cut_target"": 11, ""harmful_exit"": 286, ""neutral_exit"": 1988, ""no_active_exit"": 315, ""no_exit_replay"": 515, ""saved_stop"": 91, ""timeout_improved"": 388}","{""candidate_after_baseline_exit"": 147, ""candidate_after_max_hold"": 85, ""lifecycle_without_exit_replay"": 515, ""no_candidate"": 74, ""none"": 2764, ""not_active_exit_eligible"": 1, ""stale_data_no_action"": 8}"
7500,-2000,60000,0,3079,515,2814,265,46,391,2642,-307501,-99.87041247158169,-102.0,-477510,-155.08606690483924,-102.0,-170009,-55.21565443325755,0.0,-60.41542288557214,0.0,690,391,1733,0.6382978723404256,1081,0.6092114580069331,179,299995,29,199238,511,202310,0,0,502305,672314,False,True,230.1,8,74,1,172,10,0,515,3079,0,0,3,"{""cut_target"": 29, ""harmful_exit"": 362, ""neutral_exit"": 1733, ""no_active_exit"": 265, ""no_exit_replay"": 515, ""saved_stop"": 179, ""timeout_improved"": 511}","{""candidate_after_baseline_exit"": 172, ""candidate_after_max_hold"": 10, ""lifecycle_without_exit_replay"": 515, ""no_candidate"": 74, ""none"": 2814, ""not_active_exit_eligible"": 1, ""stale_data_no_action"": 8}"
7500,-2000,60000,50,3079,515,2814,265,46,391,2642,-461451,-149.8704124715817,-152.0,-631460,-205.08606690483924,-152.0,-170009,-55.21565443325755,0.0,-60.41542288557214,0.0,690,391,1733,0.6382978723404256,1081,0.6092114580069331,179,299995,29,199238,511,202310,0,0,502305,672314,False,True,230.1,8,74,1,172,10,0,515,3079,0,0,3,"{""cut_target"": 29, ""harmful_exit"": 362, ""neutral_exit"": 1733, ""no_active_exit"": 265, ""no_exit_replay"": 515, ""saved_stop"": 179, ""timeout_improved"": 511}","{""candidate_after_baseline_exit"": 172, ""candidate_after_max_hold"": 10, ""lifecycle_without_exit_replay"": 515, ""no_candidate"": 74, ""none"": 2814, ""not_active_exit_eligible"": 1, ""stale_data_no_action"": 8}"
7500,-2000,60000,100,3079,515,2814,265,46,391,2642,-615401,-199.8704124715817,-202.0,-785410,-255.08606690483924,-202.0,-170009,-55.21565443325755,0.0,-60.41542288557214,0.0,690,391,1733,0.6382978723404256,1081,0.6092114580069331,179,299995,29,199238,511,202310,0,0,502305,672314,False,True,230.1,8,74,1,172,10,0,515,3079,0,0,3,"{""cut_target"": 29, ""harmful_exit"": 362, ""neutral_exit"": 1733, ""no_active_exit"": 265, ""no_exit_replay"": 515, ""saved_stop"": 179, ""timeout_improved"": 511}","{""candidate_after_baseline_exit"": 172, ""candidate_after_max_hold"": 10, ""lifecycle_without_exit_replay"": 515, ""no_candidate"": 74, ""none"": 2814, ""not_active_exit_eligible"": 1, ""stale_data_no_action"": 8}"
7500,-2000,60000,150,3079,515,2814,265,46,391,2642,-769351,-249.8704124715817,-252.0,-939360,-305.08606690483924,-252.0,-170009,-55.21565443325755,0.0,-60.41542288557214,0.0,690,391,1733,0.6382978723404256,1081,0.6092114580069331,179,299995,29,199238,511,202310,0,0,502305,672314,False,True,230.1,8,74,1,172,10,0,515,3079,0,0,3,"{""cut_target"": 29, ""harmful_exit"": 362, ""neutral_exit"": 1733, ""no_active_exit"": 265, ""no_exit_replay"": 515, ""saved_stop"": 179, ""timeout_improved"": 511}","{""candidate_after_baseline_exit"": 172, ""candidate_after_max_hold"": 10, ""lifecycle_without_exit_replay"": 515, ""no_candidate"": 74, ""none"": 2814, ""not_active_exit_eligible"": 1, ""stale_data_no_action"": 8}"
7500,-2000,60000,200,3079,515,2814,265,46,391,2642,-923301,-299.8704124715817,-302.0,-1093310,-355.08606690483924,-302.0,-170009,-55.21565443325755,0.0,-60.41542288557214,0.0,690,391,1733,0.6382978723404256,1081,0.6092114580069331,179,299995,29,199238,511,202310,0,0,502305,672314,False,True,230.1,8,74,1,172,10,0,515,3079,0,0,3,"{""cut_target"": 29, ""harmful_exit"": 362, ""neutral_exit"": 1733, ""no_active_exit"": 265, ""no_exit_replay"": 515, ""saved_stop"": 179, ""timeout_improved"": 511}","{""candidate_after_baseline_exit"": 172, ""candidate_after_max_hold"": 10, ""lifecycle_without_exit_replay"": 515, ""no_candidate"": 74, ""none"": 2814, ""not_active_exit_eligible"": 1, ""stale_data_no_action"": 8}"
7500,-2000,120000,0,3079,515,2822,257,81,481,2517,-445636,-144.73400454693083,-102.0,-516950,-167.89542059110101,-102.0,-71314,-23.161416044170185,0.0,-25.270729978738483,0.0,981,350,1491,0.7370398196844478,1331,0.712730862369494,260,478692,59,394839,721,282143,0,0,760835,832149,False,True,332.1,8,74,1,173,1,0,515,3079,0,0,4,"{""cut_target"": 59, ""harmful_exit"": 291, ""neutral_exit"": 1491, ""no_active_exit"": 257, ""no_exit_replay"": 515, ""saved_stop"": 260, ""timeout_improved"": 721}","{""candidate_after_baseline_exit"": 173, ""candidate_after_max_hold"": 1, ""lifecycle_without_exit_replay"": 515, ""no_candidate"": 74, ""none"": 2822, ""not_active_exit_eligible"": 1, ""stale_data_no_action"": 8}"
7500,-2000,120000,50,3079,515,2822,257,81,481,2517,-599586,-194.73400454693083,-152.0,-670900,-217.89542059110101,-152.0,-71314,-23.161416044170185,0.0,-25.270729978738483,0.0,981,350,1491,0.7370398196844478,1331,0.712730862369494,260,478692,59,394839,721,282143,0,0,760835,832149,False,True,332.1,8,74,1,173,1,0,515,3079,0,0,4,"{""cut_target"": 59, ""harmful_exit"": 291, ""neutral_exit"": 1491, ""no_active_exit"": 257, ""no_exit_replay"": 515, ""saved_stop"": 260, ""timeout_improved"": 721}","{""candidate_after_baseline_exit"": 173, ""candidate_after_max_hold"": 1, ""lifecycle_without_exit_replay"": 515, ""no_candidate"": 74, ""none"": 2822, ""not_active_exit_eligible"": 1, ""stale_data_no_action"": 8}"
7500,-2000,120000,100,3079,515,2822,257,81,481,2517,-753536,-244.73400454693083,-202.0,-824850,-267.895420591101,-202.0,-71314,-23.161416044170185,0.0,-25.270729978738483,0.0,981,350,1491,0.7370398196844478,1331,0.712730862369494,260,478692,59,394839,721,282143,0,0,760835,832149,False,True,332.1,8,74,1,173,1,0,515,3079,0,0,4,"{""cut_target"": 59, ""harmful_exit"": 291, ""neutral_exit"": 1491, ""no_active_exit"": 257, ""no_exit_replay"": 515, ""saved_stop"": 260, ""timeout_improved"": 721}","{""candidate_after_baseline_exit"": 173, ""candidate_after_max_hold"": 1, ""lifecycle_without_exit_replay"": 515, ""no_candidate"": 74, ""none"": 2822, ""not_active_exit_eligible"": 1, ""stale_data_no_action"": 8}"
7500,-2000,120000,150,3079,515,2822,257,81,481,2517,-907486,-294.7340045469308,-252.0,-978800,-317.895420591101,-252.0,-71314,-23.161416044170185,0.0,-25.270729978738483,0.0,981,350,1491,0.7370398196844478,1331,0.712730862369494,260,478692,59,394839,721,282143,0,0,760835,832149,False,True,332.1,8,74,1,173,1,0,515,3079,0,0,4,"{""cut_target"": 59, ""harmful_exit"": 291, ""neutral_exit"": 1491, ""no_active_exit"": 257, ""no_exit_replay"": 515, ""saved_stop"": 260, ""timeout_improved"": 721}","{""candidate_after_baseline_exit"": 173, ""candidate_after_max_hold"": 1, ""lifecycle_without_exit_replay"": 515, ""no_candidate"": 74, ""none"": 2822, ""not_active_exit_eligible"": 1, ""stale_data_no_action"": 8}"
7500,-2000,120000,200,3079,515,2822,257,81,481,2517,-1061436,-344.7340045469308,-302.0,-1132750,-367.895420591101,-302.0,-71314,-23.161416044170185,0.0,-25.270729978738483,0.0,981,350,1491,0.7370398196844478,1331,0.712730862369494,260,478692,59,394839,721,282143,0,0,760835,832149,False,True,332.1,8,74,1,173,1,0,515,3079,0,0,4,"{""cut_target"": 59, ""harmful_exit"": 291, ""neutral_exit"": 1491, ""no_active_exit"": 257, ""no_exit_replay"": 515, ""saved_stop"": 260, ""timeout_improved"": 721}","{""candidate_after_baseline_exit"": 173, ""candidate_after_max_hold"": 1, ""lifecycle_without_exit_replay"": 515, ""no_candidate"": 74, ""none"": 2822, ""not_active_exit_eligible"": 1, ""stale_data_no_action"": 8}"
7500,-3000,30000,0,3079,515,2839,240,23,194,2862,-563972,-183.1672620980838,-102.0,-566300,-183.92335173757712,-102.0,-2328,-0.756089639493342,0.0,-0.8200070447340613,0.0,519,317,2003,0.6208133971291866,836,0.5874423448241706,81,149945,12,77980,438,217193,0,0,367138,369466,True,True,124.80000000000001,8,74,1,72,85,0,515,3079,0,0,3,"{""cut_target"": 12, ""harmful_exit"": 305, ""neutral_exit"": 2003, ""no_active_exit"": 240, ""no_exit_replay"": 515, ""saved_stop"": 81, ""timeout_improved"": 438}","{""candidate_after_baseline_exit"": 72, ""candidate_after_max_hold"": 85, ""lifecycle_without_exit_replay"": 515, ""no_candidate"": 74, ""none"": 2839, ""not_active_exit_eligible"": 1, ""stale_data_no_action"": 8}"
7500,-3000,30000,50,3079,515,2839,240,23,194,2862,-717922,-233.1672620980838,-152.0,-720250,-233.92335173757712,-152.0,-2328,-0.756089639493342,0.0,-0.8200070447340613,0.0,519,317,2003,0.6208133971291866,836,0.5874423448241706,81,149945,12,77980,438,217193,0,0,367138,369466,True,True,124.80000000000001,8,74,1,72,85,0,515,3079,0,0,3,"{""cut_target"": 12, ""harmful_exit"": 305, ""neutral_exit"": 2003, ""no_active_exit"": 240, ""no_exit_replay"": 515, ""saved_stop"": 81, ""timeout_improved"": 438}","{""candidate_after_baseline_exit"": 72, ""candidate_after_max_hold"": 85, ""lifecycle_without_exit_replay"": 515, ""no_candidate"": 74, ""none"": 2839, ""not_active_exit_eligible"": 1, ""stale_data_no_action"": 8}"
7500,-3000,30000,100,3079,515,2839,240,23,194,2862,-871872,-283.16726209808377,-202.0,-874200,-283.92335173757715,-202.0,-2328,-0.756089639493342,0.0,-0.8200070447340613,0.0,519,317,2003,0.6208133971291866,836,0.5874423448241706,81,149945,12,77980,438,217193,0,0,367138,369466,True,True,124.80000000000001,8,74,1,72,85,0,515,3079,0,0,3,"{""cut_target"": 12, ""harmful_exit"": 305, ""neutral_exit"": 2003, ""no_active_exit"": 240, ""no_exit_replay"": 515, ""saved_stop"": 81, ""timeout_improved"": 438}","{""candidate_after_baseline_exit"": 72, ""candidate_after_max_hold"": 85, ""lifecycle_without_exit_replay"": 515, ""no_candidate"": 74, ""none"": 2839, ""not_active_exit_eligible"": 1, ""stale_data_no_action"": 8}"
7500,-3000,30000,150,3079,515,2839,240,23,194,2862,-1025822,-333.16726209808377,-252.0,-1028150,-333.92335173757715,-252.0,-2328,-0.756089639493342,0.0,-0.8200070447340613,0.0,519,317,2003,0.6208133971291866,836,0.5874423448241706,81,149945,12,77980,438,217193,0,0,367138,369466,True,True,124.80000000000001,8,74,1,72,85,0,515,3079,0,0,3,"{""cut_target"": 12, ""harmful_exit"": 305, ""neutral_exit"": 2003, ""no_active_exit"": 240, ""no_exit_replay"": 515, ""saved_stop"": 81, ""timeout_improved"": 438}","{""candidate_after_baseline_exit"": 72, ""candidate_after_max_hold"": 85, ""lifecycle_without_exit_replay"": 515, ""no_candidate"": 74, ""none"": 2839, ""not_active_exit_eligible"": 1, ""stale_data_no_action"": 8}"
7500,-3000,30000,200,3079,515,2839,240,23,194,2862,-1179772,-383.16726209808377,-302.0,-1182100,-383.92335173757715,-302.0,-2328,-0.756089639493342,0.0,-0.8200070447340613,0.0,519,317,2003,0.6208133971291866,836,0.5874423448241706,81,149945,12,77980,438,217193,0,0,367138,369466,True,True,124.80000000000001,8,74,1,72,85,0,515,3079,0,0,3,"{""cut_target"": 12, ""harmful_exit"": 305, ""neutral_exit"": 2003, ""no_active_exit"": 240, ""no_exit_replay"": 515, ""saved_stop"": 81, ""timeout_improved"": 438}","{""candidate_after_baseline_exit"": 72, ""candidate_after_max_hold"": 85, ""lifecycle_without_exit_replay"": 515, ""no_candidate"": 74, ""none"": 2839, ""not_active_exit_eligible"": 1, ""stale_data_no_action"": 8}"
7500,-3000,60000,0,3079,515,2904,175,49,265,2765,-492091,-159.82169535563494,-102.0,-569313,-184.90191620656057,-102.0,-77222,-25.080220850925624,0.0,-26.59159779614325,0.0,739,422,1743,0.6365202411714039,1161,0.6084439826542752,146,319965,30,209268,593,322336,0,0,642301,719523,False,True,205.3,8,74,1,82,10,0,515,3079,0,0,3,"{""cut_target"": 30, ""harmful_exit"": 392, ""neutral_exit"": 1743, ""no_active_exit"": 175, ""no_exit_replay"": 515, ""saved_stop"": 146, ""timeout_improved"": 593}","{""candidate_after_baseline_exit"": 82, ""candidate_after_max_hold"": 10, ""lifecycle_without_exit_replay"": 515, ""no_candidate"": 74, ""none"": 2904, ""not_active_exit_eligible"": 1, ""stale_data_no_action"": 8}"
7500,-3000,60000,50,3079,515,2904,175,49,265,2765,-646041,-209.82169535563494,-152.0,-723263,-234.90191620656057,-152.0,-77222,-25.080220850925624,0.0,-26.59159779614325,0.0,739,422,1743,0.6365202411714039,1161,0.6084439826542752,146,319965,30,209268,593,322336,0,0,642301,719523,False,True,205.3,8,74,1,82,10,0,515,3079,0,0,3,"{""cut_target"": 30, ""harmful_exit"": 392, ""neutral_exit"": 1743, ""no_active_exit"": 175, ""no_exit_replay"": 515, ""saved_stop"": 146, ""timeout_improved"": 593}","{""candidate_after_baseline_exit"": 82, ""candidate_after_max_hold"": 10, ""lifecycle_without_exit_replay"": 515, ""no_candidate"": 74, ""none"": 2904, ""not_active_exit_eligible"": 1, ""stale_data_no_action"": 8}"
7500,-3000,60000,100,3079,515,2904,175,49,265,2765,-799991,-259.821695355635,-202.0,-877213,-284.9019162065606,-202.0,-77222,-25.080220850925624,0.0,-26.59159779614325,0.0,739,422,1743,0.6365202411714039,1161,0.6084439826542752,146,319965,30,209268,593,322336,0,0,642301,719523,False,True,205.3,8,74,1,82,10,0,515,3079,0,0,3,"{""cut_target"": 30, ""harmful_exit"": 392, ""neutral_exit"": 1743, ""no_active_exit"": 175, ""no_exit_replay"": 515, ""saved_stop"": 146, ""timeout_improved"": 593}","{""candidate_after_baseline_exit"": 82, ""candidate_after_max_hold"": 10, ""lifecycle_without_exit_replay"": 515, ""no_candidate"": 74, ""none"": 2904, ""not_active_exit_eligible"": 1, ""stale_data_no_action"": 8}"
7500,-3000,60000,150,3079,515,2904,175,49,265,2765,-953941,-309.821695355635,-252.0,-1031163,-334.9019162065606,-252.0,-77222,-25.080220850925624,0.0,-26.59159779614325,0.0,739,422,1743,0.6365202411714039,1161,0.6084439826542752,146,319965,30,209268,593,322336,0,0,642301,719523,False,True,205.3,8,74,1,82,10,0,515,3079,0,0,3,"{""cut_target"": 30, ""harmful_exit"": 392, ""neutral_exit"": 1743, ""no_active_exit"": 175, ""no_exit_replay"": 515, ""saved_stop"": 146, ""timeout_improved"": 593}","{""candidate_after_baseline_exit"": 82, ""candidate_after_max_hold"": 10, ""lifecycle_without_exit_replay"": 515, ""no_candidate"": 74, ""none"": 2904, ""not_active_exit_eligible"": 1, ""stale_data_no_action"": 8}"
7500,-3000,60000,200,3079,515,2904,175,49,265,2765,-1107891,-359.821695355635,-302.0,-1185113,-384.9019162065606,-302.0,-77222,-25.080220850925624,0.0,-26.59159779614325,0.0,739,422,1743,0.6365202411714039,1161,0.6084439826542752,146,319965,30,209268,593,322336,0,0,642301,719523,False,True,205.3,8,74,1,82,10,0,515,3079,0,0,3,"{""cut_target"": 30, ""harmful_exit"": 392, ""neutral_exit"": 1743, ""no_active_exit"": 175, ""no_exit_replay"": 515, ""saved_stop"": 146, ""timeout_improved"": 593}","{""candidate_after_baseline_exit"": 82, ""candidate_after_max_hold"": 10, ""lifecycle_without_exit_replay"": 515, ""no_candidate"": 74, ""none"": 2904, ""not_active_exit_eligible"": 1, ""stale_data_no_action"": 8}"
7500,-3000,120000,0,3079,515,2912,167,89,354,2636,-670660,-217.81747320558623,-102.0,-621118,-201.7271841506983,-102.0,49542,16.09028905488795,0.0,17.01304945054945,0.0,1032,380,1500,0.7308781869688386,1412,0.7071419075848623,227,545168,65,447871,805,431143,0,0,976311,926769,False,True,307.5,8,74,1,83,1,0,515,3079,0,0,4,"{""cut_target"": 65, ""harmful_exit"": 315, ""neutral_exit"": 1500, ""no_active_exit"": 167, ""no_exit_replay"": 515, ""saved_stop"": 227, ""timeout_improved"": 805}","{""candidate_after_baseline_exit"": 83, ""candidate_after_max_hold"": 1, ""lifecycle_without_exit_replay"": 515, ""no_candidate"": 74, ""none"": 2912, ""not_active_exit_eligible"": 1, ""stale_data_no_action"": 8}"
7500,-3000,120000,50,3079,515,2912,167,89,354,2636,-824610,-267.8174732055862,-152.0,-775068,-251.7271841506983,-152.0,49542,16.09028905488795,0.0,17.01304945054945,0.0,1032,380,1500,0.7308781869688386,1412,0.7071419075848623,227,545168,65,447871,805,431143,0,0,976311,926769,False,True,307.5,8,74,1,83,1,0,515,3079,0,0,4,"{""cut_target"": 65, ""harmful_exit"": 315, ""neutral_exit"": 1500, ""no_active_exit"": 167, ""no_exit_replay"": 515, ""saved_stop"": 227, ""timeout_improved"": 805}","{""candidate_after_baseline_exit"": 83, ""candidate_after_max_hold"": 1, ""lifecycle_without_exit_replay"": 515, ""no_candidate"": 74, ""none"": 2912, ""not_active_exit_eligible"": 1, ""stale_data_no_action"": 8}"
7500,-3000,120000,100,3079,515,2912,167,89,354,2636,-978560,-317.8174732055862,-202.0,-929018,-301.7271841506983,-202.0,49542,16.09028905488795,0.0,17.01304945054945,0.0,1032,380,1500,0.7308781869688386,1412,0.7071419075848623,227,545168,65,447871,805,431143,0,0,976311,926769,False,True,307.5,8,74,1,83,1,0,515,3079,0,0,4,"{""cut_target"": 65, ""harmful_exit"": 315, ""neutral_exit"": 1500, ""no_active_exit"": 167, ""no_exit_replay"": 515, ""saved_stop"": 227, ""timeout_improved"": 805}","{""candidate_after_baseline_exit"": 83, ""candidate_after_max_hold"": 1, ""lifecycle_without_exit_replay"": 515, ""no_candidate"": 74, ""none"": 2912, ""not_active_exit_eligible"": 1, ""stale_data_no_action"": 8}"
7500,-3000,120000,150,3079,515,2912,167,89,354,2636,-1132510,-367.8174732055862,-252.0,-1082968,-351.7271841506983,-252.0,49542,16.09028905488795,0.0,17.01304945054945,0.0,1032,380,1500,0.7308781869688386,1412,0.7071419075848623,227,545168,65,447871,805,431143,0,0,976311,926769,False,True,307.5,8,74,1,83,1,0,515,3079,0,0,4,"{""cut_target"": 65, ""harmful_exit"": 315, ""neutral_exit"": 1500, ""no_active_exit"": 167, ""no_exit_replay"": 515, ""saved_stop"": 227, ""timeout_improved"": 805}","{""candidate_after_baseline_exit"": 83, ""candidate_after_max_hold"": 1, ""lifecycle_without_exit_replay"": 515, ""no_candidate"": 74, ""none"": 2912, ""not_active_exit_eligible"": 1, ""stale_data_no_action"": 8}"
7500,-3000,120000,200,3079,515,2912,167,89,354,2636,-1286460,-417.8174732055862,-302.0,-1236918,-401.7271841506983,-302.0,49542,16.09028905488795,0.0,17.01304945054945,0.0,1032,380,1500,0.7308781869688386,1412,0.7071419075848623,227,545168,65,447871,805,431143,0,0,976311,926769,False,True,307.5,8,74,1,83,1,0,515,3079,0,0,4,"{""cut_target"": 65, ""harmful_exit"": 315, ""neutral_exit"": 1500, ""no_active_exit"": 167, ""no_exit_replay"": 515, ""saved_stop"": 227, ""timeout_improved"": 805}","{""candidate_after_baseline_exit"": 83, ""candidate_after_max_hold"": 1, ""lifecycle_without_exit_replay"": 515, ""no_candidate"": 74, ""none"": 2912, ""not_active_exit_eligible"": 1, ""stale_data_no_action"": 8}"
7500,-5000,30000,0,3079,515,2898,181,26,82,2971,-700194,-227.40954855472555,-102.0,-653786,-212.33712244235141,-102.0,46408,15.072426112374147,0.0,16.013802622498275,0.0,548,335,2015,0.6206115515288788,883,0.5881490884167019,38,111586,13,88681,510,343201,0,0,454787,408379,True,True,89.0,8,74,1,13,85,0,515,3079,0,0,3,"{""cut_target"": 13, ""harmful_exit"": 322, ""neutral_exit"": 2015, ""no_active_exit"": 181, ""no_exit_replay"": 515, ""saved_stop"": 38, ""timeout_improved"": 510}","{""candidate_after_baseline_exit"": 13, ""candidate_after_max_hold"": 85, ""lifecycle_without_exit_replay"": 515, ""no_candidate"": 74, ""none"": 2898, ""not_active_exit_eligible"": 1, ""stale_data_no_action"": 8}"
7500,-5000,30000,50,3079,515,2898,181,26,82,2971,-854144,-277.4095485547256,-152.0,-807736,-262.3371224423514,-152.0,46408,15.072426112374147,0.0,16.013802622498275,0.0,548,335,2015,0.6206115515288788,883,0.5881490884167019,38,111586,13,88681,510,343201,0,0,454787,408379,True,True,89.0,8,74,1,13,85,0,515,3079,0,0,3,"{""cut_target"": 13, ""harmful_exit"": 322, ""neutral_exit"": 2015, ""no_active_exit"": 181, ""no_exit_replay"": 515, ""saved_stop"": 38, ""timeout_improved"": 510}","{""candidate_after_baseline_exit"": 13, ""candidate_after_max_hold"": 85, ""lifecycle_without_exit_replay"": 515, ""no_candidate"": 74, ""none"": 2898, ""not_active_exit_eligible"": 1, ""stale_data_no_action"": 8}"
7500,-5000,30000,100,3079,515,2898,181,26,82,2971,-1008094,-327.4095485547256,-202.0,-961686,-312.3371224423514,-202.0,46408,15.072426112374147,0.0,16.013802622498275,0.0,548,335,2015,0.6206115515288788,883,0.5881490884167019,38,111586,13,88681,510,343201,0,0,454787,408379,True,True,89.0,8,74,1,13,85,0,515,3079,0,0,3,"{""cut_target"": 13, ""harmful_exit"": 322, ""neutral_exit"": 2015, ""no_active_exit"": 181, ""no_exit_replay"": 515, ""saved_stop"": 38, ""timeout_improved"": 510}","{""candidate_after_baseline_exit"": 13, ""candidate_after_max_hold"": 85, ""lifecycle_without_exit_replay"": 515, ""no_candidate"": 74, ""none"": 2898, ""not_active_exit_eligible"": 1, ""stale_data_no_action"": 8}"
7500,-5000,30000,150,3079,515,2898,181,26,82,2971,-1162044,-377.4095485547256,-252.0,-1115636,-362.3371224423514,-252.0,46408,15.072426112374147,0.0,16.013802622498275,0.0,548,335,2015,0.6206115515288788,883,0.5881490884167019,38,111586,13,88681,510,343201,0,0,454787,408379,True,True,89.0,8,74,1,13,85,0,515,3079,0,0,3,"{""cut_target"": 13, ""harmful_exit"": 322, ""neutral_exit"": 2015, ""no_active_exit"": 181, ""no_exit_replay"": 515, ""saved_stop"": 38, ""timeout_improved"": 510}","{""candidate_after_baseline_exit"": 13, ""candidate_after_max_hold"": 85, ""lifecycle_without_exit_replay"": 515, ""no_candidate"": 74, ""none"": 2898, ""not_active_exit_eligible"": 1, ""stale_data_no_action"": 8}"
7500,-5000,30000,200,3079,515,2898,181,26,82,2971,-1315994,-427.4095485547256,-302.0,-1269586,-412.3371224423514,-302.0,46408,15.072426112374147,0.0,16.013802622498275,0.0,548,335,2015,0.6206115515288788,883,0.5881490884167019,38,111586,13,88681,510,343201,0,0,454787,408379,True,True,89.0,8,74,1,13,85,0,515,3079,0,0,3,"{""cut_target"": 13, ""harmful_exit"": 322, ""neutral_exit"": 2015, ""no_active_exit"": 181, ""no_exit_replay"": 515, ""saved_stop"": 38, ""timeout_improved"": 510}","{""candidate_after_baseline_exit"": 13, ""candidate_after_max_hold"": 85, ""lifecycle_without_exit_replay"": 515, ""no_candidate"": 74, ""none"": 2898, ""not_active_exit_eligible"": 1, ""stale_data_no_action"": 8}"
7500,-5000,60000,0,3079,515,2969,110,54,129,2896,-705816,-229.23546606040924,-102.0,-667404,-216.7599870087691,-102.0,38412,12.475479051640143,0.0,12.937689457729876,0.0,777,442,1750,0.6374077112387203,1219,0.6100274270895981,81,264764,31,219969,696,545349,0,0,810113,771701,False,True,150.60000000000002,8,74,1,17,10,0,515,3079,0,0,3,"{""cut_target"": 31, ""harmful_exit"": 411, ""neutral_exit"": 1750, ""no_active_exit"": 110, ""no_exit_replay"": 515, ""saved_stop"": 81, ""timeout_improved"": 696}","{""candidate_after_baseline_exit"": 17, ""candidate_after_max_hold"": 10, ""lifecycle_without_exit_replay"": 515, ""no_candidate"": 74, ""none"": 2969, ""not_active_exit_eligible"": 1, ""stale_data_no_action"": 8}"
7500,-5000,60000,50,3079,515,2969,110,54,129,2896,-859766,-279.23546606040924,-152.0,-821354,-266.7599870087691,-152.0,38412,12.475479051640143,0.0,12.937689457729876,0.0,777,442,1750,0.6374077112387203,1219,0.6100274270895981,81,264764,31,219969,696,545349,0,0,810113,771701,False,True,150.60000000000002,8,74,1,17,10,0,515,3079,0,0,3,"{""cut_target"": 31, ""harmful_exit"": 411, ""neutral_exit"": 1750, ""no_active_exit"": 110, ""no_exit_replay"": 515, ""saved_stop"": 81, ""timeout_improved"": 696}","{""candidate_after_baseline_exit"": 17, ""candidate_after_max_hold"": 10, ""lifecycle_without_exit_replay"": 515, ""no_candidate"": 74, ""none"": 2969, ""not_active_exit_eligible"": 1, ""stale_data_no_action"": 8}"
7500,-5000,60000,100,3079,515,2969,110,54,129,2896,-1013716,-329.23546606040924,-202.0,-975304,-316.7599870087691,-202.0,38412,12.475479051640143,0.0,12.937689457729876,0.0,777,442,1750,0.6374077112387203,1219,0.6100274270895981,81,264764,31,219969,696,545349,0,0,810113,771701,False,True,150.60000000000002,8,74,1,17,10,0,515,3079,0,0,3,"{""cut_target"": 31, ""harmful_exit"": 411, ""neutral_exit"": 1750, ""no_active_exit"": 110, ""no_exit_replay"": 515, ""saved_stop"": 81, ""timeout_improved"": 696}","{""candidate_after_baseline_exit"": 17, ""candidate_after_max_hold"": 10, ""lifecycle_without_exit_replay"": 515, ""no_candidate"": 74, ""none"": 2969, ""not_active_exit_eligible"": 1, ""stale_data_no_action"": 8}"
7500,-5000,60000,150,3079,515,2969,110,54,129,2896,-1167666,-379.23546606040924,-252.0,-1129254,-366.7599870087691,-252.0,38412,12.475479051640143,0.0,12.937689457729876,0.0,777,442,1750,0.6374077112387203,1219,0.6100274270895981,81,264764,31,219969,696,545349,0,0,810113,771701,False,True,150.60000000000002,8,74,1,17,10,0,515,3079,0,0,3,"{""cut_target"": 31, ""harmful_exit"": 411, ""neutral_exit"": 1750, ""no_active_exit"": 110, ""no_exit_replay"": 515, ""saved_stop"": 81, ""timeout_improved"": 696}","{""candidate_after_baseline_exit"": 17, ""candidate_after_max_hold"": 10, ""lifecycle_without_exit_replay"": 515, ""no_candidate"": 74, ""none"": 2969, ""not_active_exit_eligible"": 1, ""stale_data_no_action"": 8}"
7500,-5000,60000,200,3079,515,2969,110,54,129,2896,-1321616,-429.23546606040924,-302.0,-1283204,-416.7599870087691,-302.0,38412,12.475479051640143,0.0,12.937689457729876,0.0,777,442,1750,0.6374077112387203,1219,0.6100274270895981,81,264764,31,219969,696,545349,0,0,810113,771701,False,True,150.60000000000002,8,74,1,17,10,0,515,3079,0,0,3,"{""cut_target"": 31, ""harmful_exit"": 411, ""neutral_exit"": 1750, ""no_active_exit"": 110, ""no_exit_replay"": 515, ""saved_stop"": 81, ""timeout_improved"": 696}","{""candidate_after_baseline_exit"": 17, ""candidate_after_max_hold"": 10, ""lifecycle_without_exit_replay"": 515, ""no_candidate"": 74, ""none"": 2969, ""not_active_exit_eligible"": 1, ""stale_data_no_action"": 8}"
7500,-5000,120000,0,3079,515,2978,101,97,179,2803,-982326,-319.04059759662226,-102.0,-731489,-237.57356284507958,-102.0,250837,81.46703475154271,0.0,84.23002014775017,0.0,1073,398,1507,0.7294357579877634,1471,0.7061575345252091,126,466760,69,483156,947,781827,0,0,1248587,997750,False,True,220.7,8,74,1,17,1,0,515,3079,0,0,4,"{""cut_target"": 69, ""harmful_exit"": 329, ""neutral_exit"": 1507, ""no_active_exit"": 101, ""no_exit_replay"": 515, ""saved_stop"": 126, ""timeout_improved"": 947}","{""candidate_after_baseline_exit"": 17, ""candidate_after_max_hold"": 1, ""lifecycle_without_exit_replay"": 515, ""no_candidate"": 74, ""none"": 2978, ""not_active_exit_eligible"": 1, ""stale_data_no_action"": 8}"
7500,-5000,120000,50,3079,515,2978,101,97,179,2803,-1136276,-369.04059759662226,-152.0,-885439,-287.57356284507955,-152.0,250837,81.46703475154271,0.0,84.23002014775017,0.0,1073,398,1507,0.7294357579877634,1471,0.7061575345252091,126,466760,69,483156,947,781827,0,0,1248587,997750,False,True,220.7,8,74,1,17,1,0,515,3079,0,0,4,"{""cut_target"": 69, ""harmful_exit"": 329, ""neutral_exit"": 1507, ""no_active_exit"": 101, ""no_exit_replay"": 515, ""saved_stop"": 126, ""timeout_improved"": 947}","{""candidate_after_baseline_exit"": 17, ""candidate_after_max_hold"": 1, ""lifecycle_without_exit_replay"": 515, ""no_candidate"": 74, ""none"": 2978, ""not_active_exit_eligible"": 1, ""stale_data_no_action"": 8}"
7500,-5000,120000,100,3079,515,2978,101,97,179,2803,-1290226,-419.04059759662226,-202.0,-1039389,-337.57356284507955,-202.0,250837,81.46703475154271,0.0,84.23002014775017,0.0,1073,398,1507,0.7294357579877634,1471,0.7061575345252091,126,466760,69,483156,947,781827,0,0,1248587,997750,False,True,220.7,8,74,1,17,1,0,515,3079,0,0,4,"{""cut_target"": 69, ""harmful_exit"": 329, ""neutral_exit"": 1507, ""no_active_exit"": 101, ""no_exit_replay"": 515, ""saved_stop"": 126, ""timeout_improved"": 947}","{""candidate_after_baseline_exit"": 17, ""candidate_after_max_hold"": 1, ""lifecycle_without_exit_replay"": 515, ""no_candidate"": 74, ""none"": 2978, ""not_active_exit_eligible"": 1, ""stale_data_no_action"": 8}"
7500,-5000,120000,150,3079,515,2978,101,97,179,2803,-1444176,-469.04059759662226,-252.0,-1193339,-387.57356284507955,-252.0,250837,81.46703475154271,0.0,84.23002014775017,0.0,1073,398,1507,0.7294357579877634,1471,0.7061575345252091,126,466760,69,483156,947,781827,0,0,1248587,997750,False,True,220.7,8,74,1,17,1,0,515,3079,0,0,4,"{""cut_target"": 69, ""harmful_exit"": 329, ""neutral_exit"": 1507, ""no_active_exit"": 101, ""no_exit_replay"": 515, ""saved_stop"": 126, ""timeout_improved"": 947}","{""candidate_after_baseline_exit"": 17, ""candidate_after_max_hold"": 1, ""lifecycle_without_exit_replay"": 515, ""no_candidate"": 74, ""none"": 2978, ""not_active_exit_eligible"": 1, ""stale_data_no_action"": 8}"
7500,-5000,120000,200,3079,515,2978,101,97,179,2803,-1598126,-519.0405975966223,-302.0,-1347289,-437.57356284507955,-302.0,250837,81.46703475154271,0.0,84.23002014775017,0.0,1073,398,1507,0.7294357579877634,1471,0.7061575345252091,126,466760,69,483156,947,781827,0,0,1248587,997750,False,True,220.7,8,74,1,17,1,0,515,3079,0,0,4,"{""cut_target"": 69, ""harmful_exit"": 329, ""neutral_exit"": 1507, ""no_active_exit"": 101, ""no_exit_replay"": 515, ""saved_stop"": 126, ""timeout_improved"": 947}","{""candidate_after_baseline_exit"": 17, ""candidate_after_max_hold"": 1, ""lifecycle_without_exit_replay"": 515, ""no_candidate"": 74, ""none"": 2978, ""not_active_exit_eligible"": 1, ""stale_data_no_action"": 8}"
7500,-6000,30000,0,3079,515,2910,169,26,47,3006,-742139,-241.0324780772978,-102.0,-683462,-221.97531666125366,-102.0,58677,19.05716141604417,0.0,20.163917525773197,0.0,554,340,2016,0.6196868008948546,894,0.5874161003953695,17,58282,13,88681,537,415928,0,0,474210,415533,True,True,70.7,8,74,1,1,85,0,515,3079,0,0,3,"{""cut_target"": 13, ""harmful_exit"": 327, ""neutral_exit"": 2016, ""no_active_exit"": 169, ""no_exit_replay"": 515, ""saved_stop"": 17, ""timeout_improved"": 537}","{""candidate_after_baseline_exit"": 1, ""candidate_after_max_hold"": 85, ""lifecycle_without_exit_replay"": 515, ""no_candidate"": 74, ""none"": 2910, ""not_active_exit_eligible"": 1, ""stale_data_no_action"": 8}"
7500,-6000,30000,50,3079,515,2910,169,26,47,3006,-896089,-291.0324780772978,-152.0,-837412,-271.97531666125366,-152.0,58677,19.05716141604417,0.0,20.163917525773197,0.0,554,340,2016,0.6196868008948546,894,0.5874161003953695,17,58282,13,88681,537,415928,0,0,474210,415533,True,True,70.7,8,74,1,1,85,0,515,3079,0,0,3,"{""cut_target"": 13, ""harmful_exit"": 327, ""neutral_exit"": 2016, ""no_active_exit"": 169, ""no_exit_replay"": 515, ""saved_stop"": 17, ""timeout_improved"": 537}","{""candidate_after_baseline_exit"": 1, ""candidate_after_max_hold"": 85, ""lifecycle_without_exit_replay"": 515, ""no_candidate"": 74, ""none"": 2910, ""not_active_exit_eligible"": 1, ""stale_data_no_action"": 8}"
7500,-6000,30000,100,3079,515,2910,169,26,47,3006,-1050039,-341.0324780772978,-202.0,-991362,-321.97531666125366,-202.0,58677,19.05716141604417,0.0,20.163917525773197,0.0,554,340,2016,0.6196868008948546,894,0.5874161003953695,17,58282,13,88681,537,415928,0,0,474210,415533,True,True,70.7,8,74,1,1,85,0,515,3079,0,0,3,"{""cut_target"": 13, ""harmful_exit"": 327, ""neutral_exit"": 2016, ""no_active_exit"": 169, ""no_exit_replay"": 515, ""saved_stop"": 17, ""timeout_improved"": 537}","{""candidate_after_baseline_exit"": 1, ""candidate_after_max_hold"": 85, ""lifecycle_without_exit_replay"": 515, ""no_candidate"": 74, ""none"": 2910, ""not_active_exit_eligible"": 1, ""stale_data_no_action"": 8}"
7500,-6000,30000,150,3079,515,2910,169,26,47,3006,-1203989,-391.0324780772978,-252.0,-1145312,-371.97531666125366,-252.0,58677,19.05716141604417,0.0,20.163917525773197,0.0,554,340,2016,0.6196868008948546,894,0.5874161003953695,17,58282,13,88681,537,415928,0,0,474210,415533,True,True,70.7,8,74,1,1,85,0,515,3079,0,0,3,"{""cut_target"": 13, ""harmful_exit"": 327, ""neutral_exit"": 2016, ""no_active_exit"": 169, ""no_exit_replay"": 515, ""saved_stop"": 17, ""timeout_improved"": 537}","{""candidate_after_baseline_exit"": 1, ""candidate_after_max_hold"": 85, ""lifecycle_without_exit_replay"": 515, ""no_candidate"": 74, ""none"": 2910, ""not_active_exit_eligible"": 1, ""stale_data_no_action"": 8}"
7500,-6000,30000,200,3079,515,2910,169,26,47,3006,-1357939,-441.0324780772978,-302.0,-1299262,-421.97531666125366,-302.0,58677,19.05716141604417,0.0,20.163917525773197,0.0,554,340,2016,0.6196868008948546,894,0.5874161003953695,17,58282,13,88681,537,415928,0,0,474210,415533,True,True,70.7,8,74,1,1,85,0,515,3079,0,0,3,"{""cut_target"": 13, ""harmful_exit"": 327, ""neutral_exit"": 2016, ""no_active_exit"": 169, ""no_exit_replay"": 515, ""saved_stop"": 17, ""timeout_improved"": 537}","{""candidate_after_baseline_exit"": 1, ""candidate_after_max_hold"": 85, ""lifecycle_without_exit_replay"": 515, ""no_candidate"": 74, ""none"": 2910, ""not_active_exit_eligible"": 1, ""stale_data_no_action"": 8}"
7500,-6000,60000,0,3079,515,2984,95,54,79,2946,-778560,-252.86131860993828,-102.0,-695535,-225.89639493341994,-102.0,83025,26.96492367651835,0.0,27.823391420911527,0.0,785,447,1752,0.6371753246753247,1232,0.6099387649301581,46,188967,31,219969,739,673097,0,0,862064,779039,False,True,119.9,8,74,1,2,10,0,515,3079,0,0,3,"{""cut_target"": 31, ""harmful_exit"": 416, ""neutral_exit"": 1752, ""no_active_exit"": 95, ""no_exit_replay"": 515, ""saved_stop"": 46, ""timeout_improved"": 739}","{""candidate_after_baseline_exit"": 2, ""candidate_after_max_hold"": 10, ""lifecycle_without_exit_replay"": 515, ""no_candidate"": 74, ""none"": 2984, ""not_active_exit_eligible"": 1, ""stale_data_no_action"": 8}"
7500,-6000,60000,50,3079,515,2984,95,54,79,2946,-932510,-302.8613186099383,-152.0,-849485,-275.89639493341997,-152.0,83025,26.96492367651835,0.0,27.823391420911527,0.0,785,447,1752,0.6371753246753247,1232,0.6099387649301581,46,188967,31,219969,739,673097,0,0,862064,779039,False,True,119.9,8,74,1,2,10,0,515,3079,0,0,3,"{""cut_target"": 31, ""harmful_exit"": 416, ""neutral_exit"": 1752, ""no_active_exit"": 95, ""no_exit_replay"": 515, ""saved_stop"": 46, ""timeout_improved"": 739}","{""candidate_after_baseline_exit"": 2, ""candidate_after_max_hold"": 10, ""lifecycle_without_exit_replay"": 515, ""no_candidate"": 74, ""none"": 2984, ""not_active_exit_eligible"": 1, ""stale_data_no_action"": 8}"
7500,-6000,60000,100,3079,515,2984,95,54,79,2946,-1086460,-352.8613186099383,-202.0,-1003435,-325.89639493341997,-202.0,83025,26.96492367651835,0.0,27.823391420911527,0.0,785,447,1752,0.6371753246753247,1232,0.6099387649301581,46,188967,31,219969,739,673097,0,0,862064,779039,False,True,119.9,8,74,1,2,10,0,515,3079,0,0,3,"{""cut_target"": 31, ""harmful_exit"": 416, ""neutral_exit"": 1752, ""no_active_exit"": 95, ""no_exit_replay"": 515, ""saved_stop"": 46, ""timeout_improved"": 739}","{""candidate_after_baseline_exit"": 2, ""candidate_after_max_hold"": 10, ""lifecycle_without_exit_replay"": 515, ""no_candidate"": 74, ""none"": 2984, ""not_active_exit_eligible"": 1, ""stale_data_no_action"": 8}"
7500,-6000,60000,150,3079,515,2984,95,54,79,2946,-1240410,-402.8613186099383,-252.0,-1157385,-375.89639493341997,-252.0,83025,26.96492367651835,0.0,27.823391420911527,0.0,785,447,1752,0.6371753246753247,1232,0.6099387649301581,46,188967,31,219969,739,673097,0,0,862064,779039,False,True,119.9,8,74,1,2,10,0,515,3079,0,0,3,"{""cut_target"": 31, ""harmful_exit"": 416, ""neutral_exit"": 1752, ""no_active_exit"": 95, ""no_exit_replay"": 515, ""saved_stop"": 46, ""timeout_improved"": 739}","{""candidate_after_baseline_exit"": 2, ""candidate_after_max_hold"": 10, ""lifecycle_without_exit_replay"": 515, ""no_candidate"": 74, ""none"": 2984, ""not_active_exit_eligible"": 1, ""stale_data_no_action"": 8}"
7500,-6000,60000,200,3079,515,2984,95,54,79,2946,-1394360,-452.8613186099383,-302.0,-1311335,-425.89639493341997,-302.0,83025,26.96492367651835,0.0,27.823391420911527,0.0,785,447,1752,0.6371753246753247,1232,0.6099387649301581,46,188967,31,219969,739,673097,0,0,862064,779039,False,True,119.9,8,74,1,2,10,0,515,3079,0,0,3,"{""cut_target"": 31, ""harmful_exit"": 416, ""neutral_exit"": 1752, ""no_active_exit"": 95, ""no_exit_replay"": 515, ""saved_stop"": 46, ""timeout_improved"": 739}","{""candidate_after_baseline_exit"": 2, ""candidate_after_max_hold"": 10, ""lifecycle_without_exit_replay"": 515, ""no_candidate"": 74, ""none"": 2984, ""not_active_exit_eligible"": 1, ""stale_data_no_action"": 8}"
7500,-6000,120000,0,3079,515,2993,86,97,110,2872,-1070830,-347.7849951282884,-102.0,-764620,-248.33387463462162,-102.0,306210,99.45112049366678,0.0,102.30872034747745,0.0,1078,406,1509,0.7264150943396226,1484,0.7031708821934307,72,318331,69,483156,1006,999176,0,0,1317507,1011297,False,True,172.60000000000002,8,74,1,2,1,0,515,3079,0,0,4,"{""cut_target"": 69, ""harmful_exit"": 337, ""neutral_exit"": 1509, ""no_active_exit"": 86, ""no_exit_replay"": 515, ""saved_stop"": 72, ""timeout_improved"": 1006}","{""candidate_after_baseline_exit"": 2, ""candidate_after_max_hold"": 1, ""lifecycle_without_exit_replay"": 515, ""no_candidate"": 74, ""none"": 2993, ""not_active_exit_eligible"": 1, ""stale_data_no_action"": 8}"
7500,-6000,120000,50,3079,515,2993,86,97,110,2872,-1224780,-397.7849951282884,-152.0,-918570,-298.3338746346216,-152.0,306210,99.45112049366678,0.0,102.30872034747745,0.0,1078,406,1509,0.7264150943396226,1484,0.7031708821934307,72,318331,69,483156,1006,999176,0,0,1317507,1011297,False,True,172.60000000000002,8,74,1,2,1,0,515,3079,0,0,4,"{""cut_target"": 69, ""harmful_exit"": 337, ""neutral_exit"": 1509, ""no_active_exit"": 86, ""no_exit_replay"": 515, ""saved_stop"": 72, ""timeout_improved"": 1006}","{""candidate_after_baseline_exit"": 2, ""candidate_after_max_hold"": 1, ""lifecycle_without_exit_replay"": 515, ""no_candidate"": 74, ""none"": 2993, ""not_active_exit_eligible"": 1, ""stale_data_no_action"": 8}"
7500,-6000,120000,100,3079,515,2993,86,97,110,2872,-1378730,-447.7849951282884,-202.0,-1072520,-348.3338746346216,-202.0,306210,99.45112049366678,0.0,102.30872034747745,0.0,1078,406,1509,0.7264150943396226,1484,0.7031708821934307,72,318331,69,483156,1006,999176,0,0,1317507,1011297,False,True,172.60000000000002,8,74,1,2,1,0,515,3079,0,0,4,"{""cut_target"": 69, ""harmful_exit"": 337, ""neutral_exit"": 1509, ""no_active_exit"": 86, ""no_exit_replay"": 515, ""saved_stop"": 72, ""timeout_improved"": 1006}","{""candidate_after_baseline_exit"": 2, ""candidate_after_max_hold"": 1, ""lifecycle_without_exit_replay"": 515, ""no_candidate"": 74, ""none"": 2993, ""not_active_exit_eligible"": 1, ""stale_data_no_action"": 8}"
7500,-6000,120000,150,3079,515,2993,86,97,110,2872,-1532680,-497.7849951282884,-252.0,-1226470,-398.3338746346216,-252.0,306210,99.45112049366678,0.0,102.30872034747745,0.0,1078,406,1509,0.7264150943396226,1484,0.7031708821934307,72,318331,69,483156,1006,999176,0,0,1317507,1011297,False,True,172.60000000000002,8,74,1,2,1,0,515,3079,0,0,4,"{""cut_target"": 69, ""harmful_exit"": 337, ""neutral_exit"": 1509, ""no_active_exit"": 86, ""no_exit_replay"": 515, ""saved_stop"": 72, ""timeout_improved"": 1006}","{""candidate_after_baseline_exit"": 2, ""candidate_after_max_hold"": 1, ""lifecycle_without_exit_replay"": 515, ""no_candidate"": 74, ""none"": 2993, ""not_active_exit_eligible"": 1, ""stale_data_no_action"": 8}"
7500,-6000,120000,200,3079,515,2993,86,97,110,2872,-1686630,-547.7849951282884,-302.0,-1380420,-448.3338746346216,-302.0,306210,99.45112049366678,0.0,102.30872034747745,0.0,1078,406,1509,0.7264150943396226,1484,0.7031708821934307,72,318331,69,483156,1006,999176,0,0,1317507,1011297,False,True,172.60000000000002,8,74,1,2,1,0,515,3079,0,0,4,"{""cut_target"": 69, ""harmful_exit"": 337, ""neutral_exit"": 1509, ""no_active_exit"": 86, ""no_exit_replay"": 515, ""saved_stop"": 72, ""timeout_improved"": 1006}","{""candidate_after_baseline_exit"": 2, ""candidate_after_max_hold"": 1, ""lifecycle_without_exit_replay"": 515, ""no_candidate"": 74, ""none"": 2993, ""not_active_exit_eligible"": 1, ""stale_data_no_action"": 8}"
10000,-200,30000,0,3079,515,2399,680,7,843,2229,113616,36.90029230269568,-102.0,2145,0.6966547580383241,-102.0,-111471,-36.203637544657354,0.0,-46.46561067111296,0.0,356,189,1854,0.653211009174312,545,0.612305794175877,230,63245,4,38263,126,19388,0,0,82633,194104,False,True,242.6,8,74,1,512,85,0,515,3079,0,0,2,"{""cut_target"": 4, ""harmful_exit"": 185, ""neutral_exit"": 1854, ""no_active_exit"": 680, ""no_exit_replay"": 515, ""saved_stop"": 230, ""timeout_improved"": 126}","{""candidate_after_baseline_exit"": 512, ""candidate_after_max_hold"": 85, ""lifecycle_without_exit_replay"": 515, ""no_candidate"": 74, ""none"": 2399, ""not_active_exit_eligible"": 1, ""stale_data_no_action"": 8}"
10000,-200,30000,50,3079,515,2399,680,7,843,2229,-40334,-13.09970769730432,-152.0,-151805,-49.30334524196168,-152.0,-111471,-36.203637544657354,0.0,-46.46561067111296,0.0,356,189,1854,0.653211009174312,545,0.612305794175877,230,63245,4,38263,126,19388,0,0,82633,194104,False,True,242.6,8,74,1,512,85,0,515,3079,0,0,2,"{""cut_target"": 4, ""harmful_exit"": 185, ""neutral_exit"": 1854, ""no_active_exit"": 680, ""no_exit_replay"": 515, ""saved_stop"": 230, ""timeout_improved"": 126}","{""candidate_after_baseline_exit"": 512, ""candidate_after_max_hold"": 85, ""lifecycle_without_exit_replay"": 515, ""no_candidate"": 74, ""none"": 2399, ""not_active_exit_eligible"": 1, ""stale_data_no_action"": 8}"
10000,-200,30000,100,3079,515,2399,680,7,843,2229,-194284,-63.09970769730432,-202.0,-305755,-99.30334524196168,-202.0,-111471,-36.203637544657354,0.0,-46.46561067111296,0.0,356,189,1854,0.653211009174312,545,0.612305794175877,230,63245,4,38263,126,19388,0,0,82633,194104,False,True,242.6,8,74,1,512,85,0,515,3079,0,0,2,"{""cut_target"": 4, ""harmful_exit"": 185, ""neutral_exit"": 1854, ""no_active_exit"": 680, ""no_exit_replay"": 515, ""saved_stop"": 230, ""timeout_improved"": 126}","{""candidate_after_baseline_exit"": 512, ""candidate_after_max_hold"": 85, ""lifecycle_without_exit_replay"": 515, ""no_candidate"": 74, ""none"": 2399, ""not_active_exit_eligible"": 1, ""stale_data_no_action"": 8}"
10000,-200,30000,150,3079,515,2399,680,7,843,2229,-348234,-113.09970769730432,-252.0,-459705,-149.30334524196167,-252.0,-111471,-36.203637544657354,0.0,-46.46561067111296,0.0,356,189,1854,0.653211009174312,545,0.612305794175877,230,63245,4,38263,126,19388,0,0,82633,194104,False,True,242.6,8,74,1,512,85,0,515,3079,0,0,2,"{""cut_target"": 4, ""harmful_exit"": 185, ""neutral_exit"": 1854, ""no_active_exit"": 680, ""no_exit_replay"": 515, ""saved_stop"": 230, ""timeout_improved"": 126}","{""candidate_after_baseline_exit"": 512, ""candidate_after_max_hold"": 85, ""lifecycle_without_exit_replay"": 515, ""no_candidate"": 74, ""none"": 2399, ""not_active_exit_eligible"": 1, ""stale_data_no_action"": 8}"
10000,-200,30000,200,3079,515,2399,680,7,843,2229,-502184,-163.09970769730432,-302.0,-613655,-199.30334524196167,-302.0,-111471,-36.203637544657354,0.0,-46.46561067111296,0.0,356,189,1854,0.653211009174312,545,0.612305794175877,230,63245,4,38263,126,19388,0,0,82633,194104,False,True,242.6,8,74,1,512,85,0,515,3079,0,0,2,"{""cut_target"": 4, ""harmful_exit"": 185, ""neutral_exit"": 1854, ""no_active_exit"": 680, ""no_exit_replay"": 515, ""saved_stop"": 230, ""timeout_improved"": 126}","{""candidate_after_baseline_exit"": 512, ""candidate_after_max_hold"": 85, ""lifecycle_without_exit_replay"": 515, ""no_candidate"": 74, ""none"": 2399, ""not_active_exit_eligible"": 1, ""stale_data_no_action"": 8}"
10000,-200,60000,0,3079,515,2425,654,18,989,2072,246711,80.12698928223449,-102.0,6779,2.201688860019487,-102.0,-239932,-77.925300422215,0.0,-98.94103092783506,0.0,548,251,1626,0.685857321652065,799,0.6528476908687202,368,112885,13,118614,180,17990,0,0,130875,370807,False,True,386.0,8,74,1,561,10,0,515,3079,0,0,2,"{""cut_target"": 13, ""harmful_exit"": 238, ""neutral_exit"": 1626, ""no_active_exit"": 654, ""no_exit_replay"": 515, ""saved_stop"": 368, ""timeout_improved"": 180}","{""candidate_after_baseline_exit"": 561, ""candidate_after_max_hold"": 10, ""lifecycle_without_exit_replay"": 515, ""no_candidate"": 74, ""none"": 2425, ""not_active_exit_eligible"": 1, ""stale_data_no_action"": 8}"
10000,-200,60000,50,3079,515,2425,654,18,989,2072,92761,30.12698928223449,-152.0,-147171,-47.79831113998051,-152.0,-239932,-77.925300422215,0.0,-98.94103092783506,0.0,548,251,1626,0.685857321652065,799,0.6528476908687202,368,112885,13,118614,180,17990,0,0,130875,370807,False,True,386.0,8,74,1,561,10,0,515,3079,0,0,2,"{""cut_target"": 13, ""harmful_exit"": 238, ""neutral_exit"": 1626, ""no_active_exit"": 654, ""no_exit_replay"": 515, ""saved_stop"": 368, ""timeout_improved"": 180}","{""candidate_after_baseline_exit"": 561, ""candidate_after_max_hold"": 10, ""lifecycle_without_exit_replay"": 515, ""no_candidate"": 74, ""none"": 2425, ""not_active_exit_eligible"": 1, ""stale_data_no_action"": 8}"
10000,-200,60000,100,3079,515,2425,654,18,989,2072,-61189,-19.87301071776551,-202.0,-301121,-97.79831113998051,-202.0,-239932,-77.925300422215,0.0,-98.94103092783506,0.0,548,251,1626,0.685857321652065,799,0.6528476908687202,368,112885,13,118614,180,17990,0,0,130875,370807,False,True,386.0,8,74,1,561,10,0,515,3079,0,0,2,"{""cut_target"": 13, ""harmful_exit"": 238, ""neutral_exit"": 1626, ""no_active_exit"": 654, ""no_exit_replay"": 515, ""saved_stop"": 368, ""timeout_improved"": 180}","{""candidate_after_baseline_exit"": 561, ""candidate_after_max_hold"": 10, ""lifecycle_without_exit_replay"": 515, ""no_candidate"": 74, ""none"": 2425, ""not_active_exit_eligible"": 1, ""stale_data_no_action"": 8}"
10000,-200,60000,150,3079,515,2425,654,18,989,2072,-215139,-69.87301071776551,-252.0,-455071,-147.7983111399805,-252.0,-239932,-77.925300422215,0.0,-98.94103092783506,0.0,548,251,1626,0.685857321652065,799,0.6528476908687202,368,112885,13,118614,180,17990,0,0,130875,370807,False,True,386.0,8,74,1,561,10,0,515,3079,0,0,2,"{""cut_target"": 13, ""harmful_exit"": 238, ""neutral_exit"": 1626, ""no_active_exit"": 654, ""no_exit_replay"": 515, ""saved_stop"": 368, ""timeout_improved"": 180}","{""candidate_after_baseline_exit"": 561, ""candidate_after_max_hold"": 10, ""lifecycle_without_exit_replay"": 515, ""no_candidate"": 74, ""none"": 2425, ""not_active_exit_eligible"": 1, ""stale_data_no_action"": 8}"
10000,-200,60000,200,3079,515,2425,654,18,989,2072,-369089,-119.87301071776551,-302.0,-609021,-197.7983111399805,-302.0,-239932,-77.925300422215,0.0,-98.94103092783506,0.0,548,251,1626,0.685857321652065,799,0.6528476908687202,368,112885,13,118614,180,17990,0,0,130875,370807,False,True,386.0,8,74,1,561,10,0,515,3079,0,0,2,"{""cut_target"": 13, ""harmful_exit"": 238, ""neutral_exit"": 1626, ""no_active_exit"": 654, ""no_exit_replay"": 515, ""saved_stop"": 368, ""timeout_improved"": 180}","{""candidate_after_baseline_exit"": 561, ""candidate_after_max_hold"": 10, ""lifecycle_without_exit_replay"": 515, ""no_candidate"": 74, ""none"": 2425, ""not_active_exit_eligible"": 1, ""stale_data_no_action"": 8}"
10000,-200,120000,0,3079,515,2428,651,27,1222,1830,275063,89.33517375771355,-109.0,-6368,-2.0682039623254305,-102.0,-281431,-91.40337772003897,0.0,-115.91062602965404,0.0,797,222,1409,0.7821393523061825,1019,0.755760175406258,594,174340,16,143720,203,14999,0,0,189339,470770,False,True,614.3,8,74,1,567,1,0,515,3079,0,0,3,"{""cut_target"": 16, ""harmful_exit"": 206, ""neutral_exit"": 1409, ""no_active_exit"": 651, ""no_exit_replay"": 515, ""saved_stop"": 594, ""timeout_improved"": 203}","{""candidate_after_baseline_exit"": 567, ""candidate_after_max_hold"": 1, ""lifecycle_without_exit_replay"": 515, ""no_candidate"": 74, ""none"": 2428, ""not_active_exit_eligible"": 1, ""stale_data_no_action"": 8}"
10000,-200,120000,50,3079,515,2428,651,27,1222,1830,121113,39.33517375771354,-159.0,-160318,-52.06820396232543,-152.0,-281431,-91.40337772003897,0.0,-115.91062602965404,0.0,797,222,1409,0.7821393523061825,1019,0.755760175406258,594,174340,16,143720,203,14999,0,0,189339,470770,False,True,614.3,8,74,1,567,1,0,515,3079,0,0,3,"{""cut_target"": 16, ""harmful_exit"": 206, ""neutral_exit"": 1409, ""no_active_exit"": 651, ""no_exit_replay"": 515, ""saved_stop"": 594, ""timeout_improved"": 203}","{""candidate_after_baseline_exit"": 567, ""candidate_after_max_hold"": 1, ""lifecycle_without_exit_replay"": 515, ""no_candidate"": 74, ""none"": 2428, ""not_active_exit_eligible"": 1, ""stale_data_no_action"": 8}"
10000,-200,120000,100,3079,515,2428,651,27,1222,1830,-32837,-10.664826242286457,-209.0,-314268,-102.06820396232543,-202.0,-281431,-91.40337772003897,0.0,-115.91062602965404,0.0,797,222,1409,0.7821393523061825,1019,0.755760175406258,594,174340,16,143720,203,14999,0,0,189339,470770,False,True,614.3,8,74,1,567,1,0,515,3079,0,0,3,"{""cut_target"": 16, ""harmful_exit"": 206, ""neutral_exit"": 1409, ""no_active_exit"": 651, ""no_exit_replay"": 515, ""saved_stop"": 594, ""timeout_improved"": 203}","{""candidate_after_baseline_exit"": 567, ""candidate_after_max_hold"": 1, ""lifecycle_without_exit_replay"": 515, ""no_candidate"": 74, ""none"": 2428, ""not_active_exit_eligible"": 1, ""stale_data_no_action"": 8}"
10000,-200,120000,150,3079,515,2428,651,27,1222,1830,-186787,-60.66482624228646,-259.0,-468218,-152.06820396232544,-252.0,-281431,-91.40337772003897,0.0,-115.91062602965404,0.0,797,222,1409,0.7821393523061825,1019,0.755760175406258,594,174340,16,143720,203,14999,0,0,189339,470770,False,True,614.3,8,74,1,567,1,0,515,3079,0,0,3,"{""cut_target"": 16, ""harmful_exit"": 206, ""neutral_exit"": 1409, ""no_active_exit"": 651, ""no_exit_replay"": 515, ""saved_stop"": 594, ""timeout_improved"": 203}","{""candidate_after_baseline_exit"": 567, ""candidate_after_max_hold"": 1, ""lifecycle_without_exit_replay"": 515, ""no_candidate"": 74, ""none"": 2428, ""not_active_exit_eligible"": 1, ""stale_data_no_action"": 8}"
10000,-200,120000,200,3079,515,2428,651,27,1222,1830,-340737,-110.66482624228645,-309.0,-622168,-202.06820396232544,-302.0,-281431,-91.40337772003897,0.0,-115.91062602965404,0.0,797,222,1409,0.7821393523061825,1019,0.755760175406258,594,174340,16,143720,203,14999,0,0,189339,470770,False,True,614.3,8,74,1,567,1,0,515,3079,0,0,3,"{""cut_target"": 16, ""harmful_exit"": 206, ""neutral_exit"": 1409, ""no_active_exit"": 651, ""no_exit_replay"": 515, ""saved_stop"": 594, ""timeout_improved"": 203}","{""candidate_after_baseline_exit"": 567, ""candidate_after_max_hold"": 1, ""lifecycle_without_exit_replay"": 515, ""no_candidate"": 74, ""none"": 2428, ""not_active_exit_eligible"": 1, ""stale_data_no_action"": 8}"
10000,-300,30000,0,3079,515,2458,621,7,748,2324,66003,21.436505358882755,-102.0,-52015,-16.893471906463137,-102.0,-118018,-38.32997726534589,0.0,-48.01383238405207,0.0,379,202,1877,0.6523235800344234,581,0.6127135735379482,195,74231,4,38263,184,29717,0,0,103948,221966,False,True,213.4,8,74,1,453,85,0,515,3079,0,0,2,"{""cut_target"": 4, ""harmful_exit"": 198, ""neutral_exit"": 1877, ""no_active_exit"": 621, ""no_exit_replay"": 515, ""saved_stop"": 195, ""timeout_improved"": 184}","{""candidate_after_baseline_exit"": 453, ""candidate_after_max_hold"": 85, ""lifecycle_without_exit_replay"": 515, ""no_candidate"": 74, ""none"": 2458, ""not_active_exit_eligible"": 1, ""stale_data_no_action"": 8}"
10000,-300,30000,50,3079,515,2458,621,7,748,2324,-87947,-28.563494641117245,-152.0,-205965,-66.89347190646313,-152.0,-118018,-38.32997726534589,0.0,-48.01383238405207,0.0,379,202,1877,0.6523235800344234,581,0.6127135735379482,195,74231,4,38263,184,29717,0,0,103948,221966,False,True,213.4,8,74,1,453,85,0,515,3079,0,0,2,"{""cut_target"": 4, ""harmful_exit"": 198, ""neutral_exit"": 1877, ""no_active_exit"": 621, ""no_exit_replay"": 515, ""saved_stop"": 195, ""timeout_improved"": 184}","{""candidate_after_baseline_exit"": 453, ""candidate_after_max_hold"": 85, ""lifecycle_without_exit_replay"": 515, ""no_candidate"": 74, ""none"": 2458, ""not_active_exit_eligible"": 1, ""stale_data_no_action"": 8}"
10000,-300,30000,100,3079,515,2458,621,7,748,2324,-241897,-78.56349464111725,-202.0,-359915,-116.89347190646313,-202.0,-118018,-38.32997726534589,0.0,-48.01383238405207,0.0,379,202,1877,0.6523235800344234,581,0.6127135735379482,195,74231,4,38263,184,29717,0,0,103948,221966,False,True,213.4,8,74,1,453,85,0,515,3079,0,0,2,"{""cut_target"": 4, ""harmful_exit"": 198, ""neutral_exit"": 1877, ""no_active_exit"": 621, ""no_exit_replay"": 515, ""saved_stop"": 195, ""timeout_improved"": 184}","{""candidate_after_baseline_exit"": 453, ""candidate_after_max_hold"": 85, ""lifecycle_without_exit_replay"": 515, ""no_candidate"": 74, ""none"": 2458, ""not_active_exit_eligible"": 1, ""stale_data_no_action"": 8}"
10000,-300,30000,150,3079,515,2458,621,7,748,2324,-395847,-128.56349464111725,-252.0,-513865,-166.89347190646313,-252.0,-118018,-38.32997726534589,0.0,-48.01383238405207,0.0,379,202,1877,0.6523235800344234,581,0.6127135735379482,195,74231,4,38263,184,29717,0,0,103948,221966,False,True,213.4,8,74,1,453,85,0,515,3079,0,0,2,"{""cut_target"": 4, ""harmful_exit"": 198, ""neutral_exit"": 1877, ""no_active_exit"": 621, ""no_exit_replay"": 515, ""saved_stop"": 195, ""timeout_improved"": 184}","{""candidate_after_baseline_exit"": 453, ""candidate_after_max_hold"": 85, ""lifecycle_without_exit_replay"": 515, ""no_candidate"": 74, ""none"": 2458, ""not_active_exit_eligible"": 1, ""stale_data_no_action"": 8}"
10000,-300,30000,200,3079,515,2458,621,7,748,2324,-549797,-178.56349464111725,-302.0,-667815,-216.89347190646313,-302.0,-118018,-38.32997726534589,0.0,-48.01383238405207,0.0,379,202,1877,0.6523235800344234,581,0.6127135735379482,195,74231,4,38263,184,29717,0,0,103948,221966,False,True,213.4,8,74,1,453,85,0,515,3079,0,0,2,"{""cut_target"": 4, ""harmful_exit"": 198, ""neutral_exit"": 1877, ""no_active_exit"": 621, ""no_exit_replay"": 515, ""saved_stop"": 195, ""timeout_improved"": 184}","{""candidate_after_baseline_exit"": 453, ""candidate_after_max_hold"": 85, ""lifecycle_without_exit_replay"": 515, ""no_candidate"": 74, ""none"": 2458, ""not_active_exit_eligible"": 1, ""stale_data_no_action"": 8}"
10000,-300,60000,0,3079,515,2485,594,18,888,2173,193017,62.68821045794089,-102.0,-48778,-15.842156544332575,-102.0,-241795,-78.53036700227347,0.0,-97.30181086519114,0.0,570,270,1645,0.6785714285714286,840,0.6462373518704477,327,137575,13,118614,243,27708,0,0,165283,407078,False,True,351.3,8,74,1,501,10,0,515,3079,0,0,3,"{""cut_target"": 13, ""harmful_exit"": 257, ""neutral_exit"": 1645, ""no_active_exit"": 594, ""no_exit_replay"": 515, ""saved_stop"": 327, ""timeout_improved"": 243}","{""candidate_after_baseline_exit"": 501, ""candidate_after_max_hold"": 10, ""lifecycle_without_exit_replay"": 515, ""no_candidate"": 74, ""none"": 2485, ""not_active_exit_eligible"": 1, ""stale_data_no_action"": 8}"
10000,-300,60000,50,3079,515,2485,594,18,888,2173,39067,12.68821045794089,-152.0,-202728,-65.84215654433258,-152.0,-241795,-78.53036700227347,0.0,-97.30181086519114,0.0,570,270,1645,0.6785714285714286,840,0.6462373518704477,327,137575,13,118614,243,27708,0,0,165283,407078,False,True,351.3,8,74,1,501,10,0,515,3079,0,0,3,"{""cut_target"": 13, ""harmful_exit"": 257, ""neutral_exit"": 1645, ""no_active_exit"": 594, ""no_exit_replay"": 515, ""saved_stop"": 327, ""timeout_improved"": 243}","{""candidate_after_baseline_exit"": 501, ""candidate_after_max_hold"": 10, ""lifecycle_without_exit_replay"": 515, ""no_candidate"": 74, ""none"": 2485, ""not_active_exit_eligible"": 1, ""stale_data_no_action"": 8}"
10000,-300,60000,100,3079,515,2485,594,18,888,2173,-114883,-37.31178954205911,-202.0,-356678,-115.84215654433258,-202.0,-241795,-78.53036700227347,0.0,-97.30181086519114,0.0,570,270,1645,0.6785714285714286,840,0.6462373518704477,327,137575,13,118614,243,27708,0,0,165283,407078,False,True,351.3,8,74,1,501,10,0,515,3079,0,0,3,"{""cut_target"": 13, ""harmful_exit"": 257, ""neutral_exit"": 1645, ""no_active_exit"": 594, ""no_exit_replay"": 515, ""saved_stop"": 327, ""timeout_improved"": 243}","{""candidate_after_baseline_exit"": 501, ""candidate_after_max_hold"": 10, ""lifecycle_without_exit_replay"": 515, ""no_candidate"": 74, ""none"": 2485, ""not_active_exit_eligible"": 1, ""stale_data_no_action"": 8}"
10000,-300,60000,150,3079,515,2485,594,18,888,2173,-268833,-87.31178954205912,-252.0,-510628,-165.84215654433257,-252.0,-241795,-78.53036700227347,0.0,-97.30181086519114,0.0,570,270,1645,0.6785714285714286,840,0.6462373518704477,327,137575,13,118614,243,27708,0,0,165283,407078,False,True,351.3,8,74,1,501,10,0,515,3079,0,0,3,"{""cut_target"": 13, ""harmful_exit"": 257, ""neutral_exit"": 1645, ""no_active_exit"": 594, ""no_exit_replay"": 515, ""saved_stop"": 327, ""timeout_improved"": 243}","{""candidate_after_baseline_exit"": 501, ""candidate_after_max_hold"": 10, ""lifecycle_without_exit_replay"": 515, ""no_candidate"": 74, ""none"": 2485, ""not_active_exit_eligible"": 1, ""stale_data_no_action"": 8}"
10000,-300,60000,200,3079,515,2485,594,18,888,2173,-422783,-137.3117895420591,-302.0,-664578,-215.84215654433257,-302.0,-241795,-78.53036700227347,0.0,-97.30181086519114,0.0,570,270,1645,0.6785714285714286,840,0.6462373518704477,327,137575,13,118614,243,27708,0,0,165283,407078,False,True,351.3,8,74,1,501,10,0,515,3079,0,0,3,"{""cut_target"": 13, ""harmful_exit"": 257, ""neutral_exit"": 1645, ""no_active_exit"": 594, ""no_exit_replay"": 515, ""saved_stop"": 327, ""timeout_improved"": 243}","{""candidate_after_baseline_exit"": 501, ""candidate_after_max_hold"": 10, ""lifecycle_without_exit_replay"": 515, ""no_candidate"": 74, ""none"": 2485, ""not_active_exit_eligible"": 1, ""stale_data_no_action"": 8}"
10000,-300,120000,0,3079,515,2488,591,28,1076,1975,194201,63.07275089314712,-109.0,-62625,-20.33939590776226,-102.0,-256826,-83.41214680090938,0.0,-103.22588424437299,0.0,828,236,1424,0.7781954887218046,1064,0.7522559834001203,508,213664,17,153928,320,32281,0,0,245945,502771,False,True,540.0,8,74,1,507,1,0,515,3079,0,0,3,"{""cut_target"": 17, ""harmful_exit"": 219, ""neutral_exit"": 1424, ""no_active_exit"": 591, ""no_exit_replay"": 515, ""saved_stop"": 508, ""timeout_improved"": 320}","{""candidate_after_baseline_exit"": 507, ""candidate_after_max_hold"": 1, ""lifecycle_without_exit_replay"": 515, ""no_candidate"": 74, ""none"": 2488, ""not_active_exit_eligible"": 1, ""stale_data_no_action"": 8}"
10000,-300,120000,50,3079,515,2488,591,28,1076,1975,40251,13.072750893147125,-159.0,-216575,-70.33939590776227,-152.0,-256826,-83.41214680090938,0.0,-103.22588424437299,0.0,828,236,1424,0.7781954887218046,1064,0.7522559834001203,508,213664,17,153928,320,32281,0,0,245945,502771,False,True,540.0,8,74,1,507,1,0,515,3079,0,0,3,"{""cut_target"": 17, ""harmful_exit"": 219, ""neutral_exit"": 1424, ""no_active_exit"": 591, ""no_exit_replay"": 515, ""saved_stop"": 508, ""timeout_improved"": 320}","{""candidate_after_baseline_exit"": 507, ""candidate_after_max_hold"": 1, ""lifecycle_without_exit_replay"": 515, ""no_candidate"": 74, ""none"": 2488, ""not_active_exit_eligible"": 1, ""stale_data_no_action"": 8}"
10000,-300,120000,100,3079,515,2488,591,28,1076,1975,-113699,-36.92724910685288,-209.0,-370525,-120.33939590776227,-202.0,-256826,-83.41214680090938,0.0,-103.22588424437299,0.0,828,236,1424,0.7781954887218046,1064,0.7522559834001203,508,213664,17,153928,320,32281,0,0,245945,502771,False,True,540.0,8,74,1,507,1,0,515,3079,0,0,3,"{""cut_target"": 17, ""harmful_exit"": 219, ""neutral_exit"": 1424, ""no_active_exit"": 591, ""no_exit_replay"": 515, ""saved_stop"": 508, ""timeout_improved"": 320}","{""candidate_after_baseline_exit"": 507, ""candidate_after_max_hold"": 1, ""lifecycle_without_exit_replay"": 515, ""no_candidate"": 74, ""none"": 2488, ""not_active_exit_eligible"": 1, ""stale_data_no_action"": 8}"
10000,-300,120000,150,3079,515,2488,591,28,1076,1975,-267649,-86.92724910685287,-259.0,-524475,-170.33939590776225,-252.0,-256826,-83.41214680090938,0.0,-103.22588424437299,0.0,828,236,1424,0.7781954887218046,1064,0.7522559834001203,508,213664,17,153928,320,32281,0,0,245945,502771,False,True,540.0,8,74,1,507,1,0,515,3079,0,0,3,"{""cut_target"": 17, ""harmful_exit"": 219, ""neutral_exit"": 1424, ""no_active_exit"": 591, ""no_exit_replay"": 515, ""saved_stop"": 508, ""timeout_improved"": 320}","{""candidate_after_baseline_exit"": 507, ""candidate_after_max_hold"": 1, ""lifecycle_without_exit_replay"": 515, ""no_candidate"": 74, ""none"": 2488, ""not_active_exit_eligible"": 1, ""stale_data_no_action"": 8}"
10000,-300,120000,200,3079,515,2488,591,28,1076,1975,-421599,-136.92724910685288,-309.0,-678425,-220.33939590776225,-302.0,-256826,-83.41214680090938,0.0,-103.22588424437299,0.0,828,236,1424,0.7781954887218046,1064,0.7522559834001203,508,213664,17,153928,320,32281,0,0,245945,502771,False,True,540.0,8,74,1,507,1,0,515,3079,0,0,3,"{""cut_target"": 17, ""harmful_exit"": 219, ""neutral_exit"": 1424, ""no_active_exit"": 591, ""no_exit_replay"": 515, ""saved_stop"": 508, ""timeout_improved"": 320}","{""candidate_after_baseline_exit"": 507, ""candidate_after_max_hold"": 1, ""lifecycle_without_exit_replay"": 515, ""no_candidate"": 74, ""none"": 2488, ""not_active_exit_eligible"": 1, ""stale_data_no_action"": 8}"
10000,-500,30000,0,3079,515,2534,545,7,649,2423,-38714,-12.573562845079572,-102.0,-131706,-42.77557648587204,-102.0,-92992,-30.202013640792465,0.0,-36.697711128650354,0.0,412,217,1905,0.6550079491255962,629,0.6170186994310777,179,94392,4,38263,233,45198,0,0,139590,232582,False,True,202.3,8,74,1,377,85,0,515,3079,0,0,3,"{""cut_target"": 4, ""harmful_exit"": 213, ""neutral_exit"": 1905, ""no_active_exit"": 545, ""no_exit_replay"": 515, ""saved_stop"": 179, ""timeout_improved"": 233}","{""candidate_after_baseline_exit"": 377, ""candidate_after_max_hold"": 85, ""lifecycle_without_exit_replay"": 515, ""no_candidate"": 74, ""none"": 2534, ""not_active_exit_eligible"": 1, ""stale_data_no_action"": 8}"
10000,-500,30000,50,3079,515,2534,545,7,649,2423,-192664,-62.57356284507957,-152.0,-285656,-92.77557648587204,-152.0,-92992,-30.202013640792465,0.0,-36.697711128650354,0.0,412,217,1905,0.6550079491255962,629,0.6170186994310777,179,94392,4,38263,233,45198,0,0,139590,232582,False,True,202.3,8,74,1,377,85,0,515,3079,0,0,3,"{""cut_target"": 4, ""harmful_exit"": 213, ""neutral_exit"": 1905, ""no_active_exit"": 545, ""no_exit_replay"": 515, ""saved_stop"": 179, ""timeout_improved"": 233}","{""candidate_after_baseline_exit"": 377, ""candidate_after_max_hold"": 85, ""lifecycle_without_exit_replay"": 515, ""no_candidate"": 74, ""none"": 2534, ""not_active_exit_eligible"": 1, ""stale_data_no_action"": 8}"
10000,-500,30000,100,3079,515,2534,545,7,649,2423,-346614,-112.57356284507956,-202.0,-439606,-142.77557648587202,-202.0,-92992,-30.202013640792465,0.0,-36.697711128650354,0.0,412,217,1905,0.6550079491255962,629,0.6170186994310777,179,94392,4,38263,233,45198,0,0,139590,232582,False,True,202.3,8,74,1,377,85,0,515,3079,0,0,3,"{""cut_target"": 4, ""harmful_exit"": 213, ""neutral_exit"": 1905, ""no_active_exit"": 545, ""no_exit_replay"": 515, ""saved_stop"": 179, ""timeout_improved"": 233}","{""candidate_after_baseline_exit"": 377, ""candidate_after_max_hold"": 85, ""lifecycle_without_exit_replay"": 515, ""no_candidate"": 74, ""none"": 2534, ""not_active_exit_eligible"": 1, ""stale_data_no_action"": 8}"
10000,-500,30000,150,3079,515,2534,545,7,649,2423,-500564,-162.57356284507958,-252.0,-593556,-192.77557648587202,-252.0,-92992,-30.202013640792465,0.0,-36.697711128650354,0.0,412,217,1905,0.6550079491255962,629,0.6170186994310777,179,94392,4,38263,233,45198,0,0,139590,232582,False,True,202.3,8,74,1,377,85,0,515,3079,0,0,3,"{""cut_target"": 4, ""harmful_exit"": 213, ""neutral_exit"": 1905, ""no_active_exit"": 545, ""no_exit_replay"": 515, ""saved_stop"": 179, ""timeout_improved"": 233}","{""candidate_after_baseline_exit"": 377, ""candidate_after_max_hold"": 85, ""lifecycle_without_exit_replay"": 515, ""no_candidate"": 74, ""none"": 2534, ""not_active_exit_eligible"": 1, ""stale_data_no_action"": 8}"
10000,-500,30000,200,3079,515,2534,545,7,649,2423,-654514,-212.57356284507958,-302.0,-747506,-242.77557648587202,-302.0,-92992,-30.202013640792465,0.0,-36.697711128650354,0.0,412,217,1905,0.6550079491255962,629,0.6170186994310777,179,94392,4,38263,233,45198,0,0,139590,232582,False,True,202.3,8,74,1,377,85,0,515,3079,0,0,3,"{""cut_target"": 4, ""harmful_exit"": 213, ""neutral_exit"": 1905, ""no_active_exit"": 545, ""no_exit_replay"": 515, ""saved_stop"": 179, ""timeout_improved"": 233}","{""candidate_after_baseline_exit"": 377, ""candidate_after_max_hold"": 85, ""lifecycle_without_exit_replay"": 515, ""no_candidate"": 74, ""none"": 2534, ""not_active_exit_eligible"": 1, ""stale_data_no_action"": 8}"
10000,-500,60000,0,3079,515,2564,515,19,774,2286,89401,29.035725885027606,-102.0,-128075,-41.59629749918805,-102.0,-217476,-70.63202338421566,0.0,-84.81903276131045,0.0,611,290,1663,0.6781354051054383,901,0.646928905609608,296,175227,13,118614,315,49520,0,0,224747,442223,False,True,327.5,8,74,1,422,10,0,515,3079,0,0,3,"{""cut_target"": 13, ""harmful_exit"": 277, ""neutral_exit"": 1663, ""no_active_exit"": 515, ""no_exit_replay"": 515, ""saved_stop"": 296, ""timeout_improved"": 315}","{""candidate_after_baseline_exit"": 422, ""candidate_after_max_hold"": 10, ""lifecycle_without_exit_replay"": 515, ""no_candidate"": 74, ""none"": 2564, ""not_active_exit_eligible"": 1, ""stale_data_no_action"": 8}"
10000,-500,60000,50,3079,515,2564,515,19,774,2286,-64549,-20.964274114972394,-152.0,-282025,-91.59629749918805,-152.0,-217476,-70.63202338421566,0.0,-84.81903276131045,0.0,611,290,1663,0.6781354051054383,901,0.646928905609608,296,175227,13,118614,315,49520,0,0,224747,442223,False,True,327.5,8,74,1,422,10,0,515,3079,0,0,3,"{""cut_target"": 13, ""harmful_exit"": 277, ""neutral_exit"": 1663, ""no_active_exit"": 515, ""no_exit_replay"": 515, ""saved_stop"": 296, ""timeout_improved"": 315}","{""candidate_after_baseline_exit"": 422, ""candidate_after_max_hold"": 10, ""lifecycle_without_exit_replay"": 515, ""no_candidate"": 74, ""none"": 2564, ""not_active_exit_eligible"": 1, ""stale_data_no_action"": 8}"
10000,-500,60000,100,3079,515,2564,515,19,774,2286,-218499,-70.9642741149724,-202.0,-435975,-141.59629749918804,-202.0,-217476,-70.63202338421566,0.0,-84.81903276131045,0.0,611,290,1663,0.6781354051054383,901,0.646928905609608,296,175227,13,118614,315,49520,0,0,224747,442223,False,True,327.5,8,74,1,422,10,0,515,3079,0,0,3,"{""cut_target"": 13, ""harmful_exit"": 277, ""neutral_exit"": 1663, ""no_active_exit"": 515, ""no_exit_replay"": 515, ""saved_stop"": 296, ""timeout_improved"": 315}","{""candidate_after_baseline_exit"": 422, ""candidate_after_max_hold"": 10, ""lifecycle_without_exit_replay"": 515, ""no_candidate"": 74, ""none"": 2564, ""not_active_exit_eligible"": 1, ""stale_data_no_action"": 8}"
10000,-500,60000,150,3079,515,2564,515,19,774,2286,-372449,-120.9642741149724,-252.0,-589925,-191.59629749918804,-252.0,-217476,-70.63202338421566,0.0,-84.81903276131045,0.0,611,290,1663,0.6781354051054383,901,0.646928905609608,296,175227,13,118614,315,49520,0,0,224747,442223,False,True,327.5,8,74,1,422,10,0,515,3079,0,0,3,"{""cut_target"": 13, ""harmful_exit"": 277, ""neutral_exit"": 1663, ""no_active_exit"": 515, ""no_exit_replay"": 515, ""saved_stop"": 296, ""timeout_improved"": 315}","{""candidate_after_baseline_exit"": 422, ""candidate_after_max_hold"": 10, ""lifecycle_without_exit_replay"": 515, ""no_candidate"": 74, ""none"": 2564, ""not_active_exit_eligible"": 1, ""stale_data_no_action"": 8}"
10000,-500,60000,200,3079,515,2564,515,19,774,2286,-526399,-170.9642741149724,-302.0,-743875,-241.59629749918804,-302.0,-217476,-70.63202338421566,0.0,-84.81903276131045,0.0,611,290,1663,0.6781354051054383,901,0.646928905609608,296,175227,13,118614,315,49520,0,0,224747,442223,False,True,327.5,8,74,1,422,10,0,515,3079,0,0,3,"{""cut_target"": 13, ""harmful_exit"": 277, ""neutral_exit"": 1663, ""no_active_exit"": 515, ""no_exit_replay"": 515, ""saved_stop"": 296, ""timeout_improved"": 315}","{""candidate_after_baseline_exit"": 422, ""candidate_after_max_hold"": 10, ""lifecycle_without_exit_replay"": 515, ""no_candidate"": 74, ""none"": 2564, ""not_active_exit_eligible"": 1, ""stale_data_no_action"": 8}"
10000,-500,120000,0,3079,515,2567,512,30,949,2100,57305,18.611562195518026,-108.0,-145575,-47.27996102630724,-102.0,-202880,-65.89152322182527,0.0,-79.03389170237631,0.0,874,257,1436,0.7727674624226348,1131,0.747446299067957,463,281482,18,162391,411,60097,0,0,341579,544459,False,True,504.1,8,74,1,428,1,0,515,3079,0,0,3,"{""cut_target"": 18, ""harmful_exit"": 239, ""neutral_exit"": 1436, ""no_active_exit"": 512, ""no_exit_replay"": 515, ""saved_stop"": 463, ""timeout_improved"": 411}","{""candidate_after_baseline_exit"": 428, ""candidate_after_max_hold"": 1, ""lifecycle_without_exit_replay"": 515, ""no_candidate"": 74, ""none"": 2567, ""not_active_exit_eligible"": 1, ""stale_data_no_action"": 8}"
10000,-500,120000,50,3079,515,2567,512,30,949,2100,-96645,-31.388437804481974,-158.0,-299525,-97.27996102630725,-152.0,-202880,-65.89152322182527,0.0,-79.03389170237631,0.0,874,257,1436,0.7727674624226348,1131,0.747446299067957,463,281482,18,162391,411,60097,0,0,341579,544459,False,True,504.1,8,74,1,428,1,0,515,3079,0,0,3,"{""cut_target"": 18, ""harmful_exit"": 239, ""neutral_exit"": 1436, ""no_active_exit"": 512, ""no_exit_replay"": 515, ""saved_stop"": 463, ""timeout_improved"": 411}","{""candidate_after_baseline_exit"": 428, ""candidate_after_max_hold"": 1, ""lifecycle_without_exit_replay"": 515, ""no_candidate"": 74, ""none"": 2567, ""not_active_exit_eligible"": 1, ""stale_data_no_action"": 8}"
10000,-500,120000,100,3079,515,2567,512,30,949,2100,-250595,-81.38843780448198,-208.0,-453475,-147.27996102630723,-202.0,-202880,-65.89152322182527,0.0,-79.03389170237631,0.0,874,257,1436,0.7727674624226348,1131,0.747446299067957,463,281482,18,162391,411,60097,0,0,341579,544459,False,True,504.1,8,74,1,428,1,0,515,3079,0,0,3,"{""cut_target"": 18, ""harmful_exit"": 239, ""neutral_exit"": 1436, ""no_active_exit"": 512, ""no_exit_replay"": 515, ""saved_stop"": 463, ""timeout_improved"": 411}","{""candidate_after_baseline_exit"": 428, ""candidate_after_max_hold"": 1, ""lifecycle_without_exit_replay"": 515, ""no_candidate"": 74, ""none"": 2567, ""not_active_exit_eligible"": 1, ""stale_data_no_action"": 8}"
10000,-500,120000,150,3079,515,2567,512,30,949,2100,-404545,-131.38843780448198,-258.0,-607425,-197.27996102630723,-252.0,-202880,-65.89152322182527,0.0,-79.03389170237631,0.0,874,257,1436,0.7727674624226348,1131,0.747446299067957,463,281482,18,162391,411,60097,0,0,341579,544459,False,True,504.1,8,74,1,428,1,0,515,3079,0,0,3,"{""cut_target"": 18, ""harmful_exit"": 239, ""neutral_exit"": 1436, ""no_active_exit"": 512, ""no_exit_replay"": 515, ""saved_stop"": 463, ""timeout_improved"": 411}","{""candidate_after_baseline_exit"": 428, ""candidate_after_max_hold"": 1, ""lifecycle_without_exit_replay"": 515, ""no_candidate"": 74, ""none"": 2567, ""not_active_exit_eligible"": 1, ""stale_data_no_action"": 8}"
10000,-500,120000,200,3079,515,2567,512,30,949,2100,-558495,-181.38843780448198,-308.0,-761375,-247.27996102630723,-302.0,-202880,-65.89152322182527,0.0,-79.03389170237631,0.0,874,257,1436,0.7727674624226348,1131,0.747446299067957,463,281482,18,162391,411,60097,0,0,341579,544459,False,True,504.1,8,74,1,428,1,0,515,3079,0,0,3,"{""cut_target"": 18, ""harmful_exit"": 239, ""neutral_exit"": 1436, ""no_active_exit"": 512, ""no_exit_replay"": 515, ""saved_stop"": 463, ""timeout_improved"": 411}","{""candidate_after_baseline_exit"": 428, ""candidate_after_max_hold"": 1, ""lifecycle_without_exit_replay"": 515, ""no_candidate"": 74, ""none"": 2567, ""not_active_exit_eligible"": 1, ""stale_data_no_action"": 8}"
10000,-700,30000,0,3079,515,2596,483,7,544,2528,-120524,-39.14387788242936,-102.0,-208630,-67.75901266645015,-102.0,-88106,-28.615134784020785,0.0,-33.93913713405239,0.0,419,233,1944,0.6426380368098159,652,0.6051167049896181,140,101501,4,38263,279,67876,0,0,169377,257483,True,True,167.9,8,74,1,315,85,0,515,3079,0,0,3,"{""cut_target"": 4, ""harmful_exit"": 229, ""neutral_exit"": 1944, ""no_active_exit"": 483, ""no_exit_replay"": 515, ""saved_stop"": 140, ""timeout_improved"": 279}","{""candidate_after_baseline_exit"": 315, ""candidate_after_max_hold"": 85, ""lifecycle_without_exit_replay"": 515, ""no_candidate"": 74, ""none"": 2596, ""not_active_exit_eligible"": 1, ""stale_data_no_action"": 8}"
10000,-700,30000,50,3079,515,2596,483,7,544,2528,-274474,-89.14387788242936,-152.0,-362580,-117.75901266645015,-152.0,-88106,-28.615134784020785,0.0,-33.93913713405239,0.0,419,233,1944,0.6426380368098159,652,0.6051167049896181,140,101501,4,38263,279,67876,0,0,169377,257483,True,True,167.9,8,74,1,315,85,0,515,3079,0,0,3,"{""cut_target"": 4, ""harmful_exit"": 229, ""neutral_exit"": 1944, ""no_active_exit"": 483, ""no_exit_replay"": 515, ""saved_stop"": 140, ""timeout_improved"": 279}","{""candidate_after_baseline_exit"": 315, ""candidate_after_max_hold"": 85, ""lifecycle_without_exit_replay"": 515, ""no_candidate"": 74, ""none"": 2596, ""not_active_exit_eligible"": 1, ""stale_data_no_action"": 8}"
10000,-700,30000,100,3079,515,2596,483,7,544,2528,-428424,-139.14387788242936,-202.0,-516530,-167.75901266645013,-202.0,-88106,-28.615134784020785,0.0,-33.93913713405239,0.0,419,233,1944,0.6426380368098159,652,0.6051167049896181,140,101501,4,38263,279,67876,0,0,169377,257483,True,True,167.9,8,74,1,315,85,0,515,3079,0,0,3,"{""cut_target"": 4, ""harmful_exit"": 229, ""neutral_exit"": 1944, ""no_active_exit"": 483, ""no_exit_replay"": 515, ""saved_stop"": 140, ""timeout_improved"": 279}","{""candidate_after_baseline_exit"": 315, ""candidate_after_max_hold"": 85, ""lifecycle_without_exit_replay"": 515, ""no_candidate"": 74, ""none"": 2596, ""not_active_exit_eligible"": 1, ""stale_data_no_action"": 8}"
10000,-700,30000,150,3079,515,2596,483,7,544,2528,-582374,-189.14387788242936,-252.0,-670480,-217.75901266645013,-252.0,-88106,-28.615134784020785,0.0,-33.93913713405239,0.0,419,233,1944,0.6426380368098159,652,0.6051167049896181,140,101501,4,38263,279,67876,0,0,169377,257483,True,True,167.9,8,74,1,315,85,0,515,3079,0,0,3,"{""cut_target"": 4, ""harmful_exit"": 229, ""neutral_exit"": 1944, ""no_active_exit"": 483, ""no_exit_replay"": 515, ""saved_stop"": 140, ""timeout_improved"": 279}","{""candidate_after_baseline_exit"": 315, ""candidate_after_max_hold"": 85, ""lifecycle_without_exit_replay"": 515, ""no_candidate"": 74, ""none"": 2596, ""not_active_exit_eligible"": 1, ""stale_data_no_action"": 8}"
10000,-700,30000,200,3079,515,2596,483,7,544,2528,-736324,-239.14387788242936,-302.0,-824430,-267.75901266645013,-302.0,-88106,-28.615134784020785,0.0,-33.93913713405239,0.0,419,233,1944,0.6426380368098159,652,0.6051167049896181,140,101501,4,38263,279,67876,0,0,169377,257483,True,True,167.9,8,74,1,315,85,0,515,3079,0,0,3,"{""cut_target"": 4, ""harmful_exit"": 229, ""neutral_exit"": 1944, ""no_active_exit"": 483, ""no_exit_replay"": 515, ""saved_stop"": 140, ""timeout_improved"": 279}","{""candidate_after_baseline_exit"": 315, ""candidate_after_max_hold"": 85, ""lifecycle_without_exit_replay"": 515, ""no_candidate"": 74, ""none"": 2596, ""not_active_exit_eligible"": 1, ""stale_data_no_action"": 8}"
10000,-700,60000,0,3079,515,2629,450,19,659,2401,-3127,-1.0155894771029554,-102.0,-207660,-67.44397531666125,-102.0,-204533,-66.4283858395583,0.0,-77.79878280715101,0.0,620,309,1700,0.667384284176534,929,0.6364525839818955,247,200432,13,118614,373,78121,0,0,278553,483086,False,True,284.3,8,74,1,357,10,0,515,3079,0,0,3,"{""cut_target"": 13, ""harmful_exit"": 296, ""neutral_exit"": 1700, ""no_active_exit"": 450, ""no_exit_replay"": 515, ""saved_stop"": 247, ""timeout_improved"": 373}","{""candidate_after_baseline_exit"": 357, ""candidate_after_max_hold"": 10, ""lifecycle_without_exit_replay"": 515, ""no_candidate"": 74, ""none"": 2629, ""not_active_exit_eligible"": 1, ""stale_data_no_action"": 8}"
10000,-700,60000,50,3079,515,2629,450,19,659,2401,-157077,-51.01558947710296,-152.0,-361610,-117.44397531666125,-152.0,-204533,-66.4283858395583,0.0,-77.79878280715101,0.0,620,309,1700,0.667384284176534,929,0.6364525839818955,247,200432,13,118614,373,78121,0,0,278553,483086,False,True,284.3,8,74,1,357,10,0,515,3079,0,0,3,"{""cut_target"": 13, ""harmful_exit"": 296, ""neutral_exit"": 1700, ""no_active_exit"": 450, ""no_exit_replay"": 515, ""saved_stop"": 247, ""timeout_improved"": 373}","{""candidate_after_baseline_exit"": 357, ""candidate_after_max_hold"": 10, ""lifecycle_without_exit_replay"": 515, ""no_candidate"": 74, ""none"": 2629, ""not_active_exit_eligible"": 1, ""stale_data_no_action"": 8}"
10000,-700,60000,100,3079,515,2629,450,19,659,2401,-311027,-101.01558947710295,-202.0,-515560,-167.44397531666127,-202.0,-204533,-66.4283858395583,0.0,-77.79878280715101,0.0,620,309,1700,0.667384284176534,929,0.6364525839818955,247,200432,13,118614,373,78121,0,0,278553,483086,False,True,284.3,8,74,1,357,10,0,515,3079,0,0,3,"{""cut_target"": 13, ""harmful_exit"": 296, ""neutral_exit"": 1700, ""no_active_exit"": 450, ""no_exit_replay"": 515, ""saved_stop"": 247, ""timeout_improved"": 373}","{""candidate_after_baseline_exit"": 357, ""candidate_after_max_hold"": 10, ""lifecycle_without_exit_replay"": 515, ""no_candidate"": 74, ""none"": 2629, ""not_active_exit_eligible"": 1, ""stale_data_no_action"": 8}"
10000,-700,60000,150,3079,515,2629,450,19,659,2401,-464977,-151.01558947710296,-252.0,-669510,-217.44397531666127,-252.0,-204533,-66.4283858395583,0.0,-77.79878280715101,0.0,620,309,1700,0.667384284176534,929,0.6364525839818955,247,200432,13,118614,373,78121,0,0,278553,483086,False,True,284.3,8,74,1,357,10,0,515,3079,0,0,3,"{""cut_target"": 13, ""harmful_exit"": 296, ""neutral_exit"": 1700, ""no_active_exit"": 450, ""no_exit_replay"": 515, ""saved_stop"": 247, ""timeout_improved"": 373}","{""candidate_after_baseline_exit"": 357, ""candidate_after_max_hold"": 10, ""lifecycle_without_exit_replay"": 515, ""no_candidate"": 74, ""none"": 2629, ""not_active_exit_eligible"": 1, ""stale_data_no_action"": 8}"
10000,-700,60000,200,3079,515,2629,450,19,659,2401,-618927,-201.01558947710296,-302.0,-823460,-267.44397531666124,-302.0,-204533,-66.4283858395583,0.0,-77.79878280715101,0.0,620,309,1700,0.667384284176534,929,0.6364525839818955,247,200432,13,118614,373,78121,0,0,278553,483086,False,True,284.3,8,74,1,357,10,0,515,3079,0,0,3,"{""cut_target"": 13, ""harmful_exit"": 296, ""neutral_exit"": 1700, ""no_active_exit"": 450, ""no_exit_replay"": 515, ""saved_stop"": 247, ""timeout_improved"": 373}","{""candidate_after_baseline_exit"": 357, ""candidate_after_max_hold"": 10, ""lifecycle_without_exit_replay"": 515, ""no_candidate"": 74, ""none"": 2629, ""not_active_exit_eligible"": 1, ""stale_data_no_action"": 8}"
10000,-700,120000,0,3079,515,2632,447,30,774,2275,-66854,-21.712893796687236,-108.0,-230981,-75.01818772328679,-102.0,-164127,-53.305293926599546,0.0,-62.358282674772035,0.0,894,272,1466,0.7667238421955404,1166,0.7415973787254073,353,301101,18,162391,541,117460,0,0,418561,582688,False,True,407.1,8,74,1,363,1,0,515,3079,0,0,3,"{""cut_target"": 18, ""harmful_exit"": 254, ""neutral_exit"": 1466, ""no_active_exit"": 447, ""no_exit_replay"": 515, ""saved_stop"": 353, ""timeout_improved"": 541}","{""candidate_after_baseline_exit"": 363, ""candidate_after_max_hold"": 1, ""lifecycle_without_exit_replay"": 515, ""no_candidate"": 74, ""none"": 2632, ""not_active_exit_eligible"": 1, ""stale_data_no_action"": 8}"
10000,-700,120000,50,3079,515,2632,447,30,774,2275,-220804,-71.71289379668724,-158.0,-384931,-125.01818772328679,-152.0,-164127,-53.305293926599546,0.0,-62.358282674772035,0.0,894,272,1466,0.7667238421955404,1166,0.7415973787254073,353,301101,18,162391,541,117460,0,0,418561,582688,False,True,407.1,8,74,1,363,1,0,515,3079,0,0,3,"{""cut_target"": 18, ""harmful_exit"": 254, ""neutral_exit"": 1466, ""no_active_exit"": 447, ""no_exit_replay"": 515, ""saved_stop"": 353, ""timeout_improved"": 541}","{""candidate_after_baseline_exit"": 363, ""candidate_after_max_hold"": 1, ""lifecycle_without_exit_replay"": 515, ""no_candidate"": 74, ""none"": 2632, ""not_active_exit_eligible"": 1, ""stale_data_no_action"": 8}"
10000,-700,120000,100,3079,515,2632,447,30,774,2275,-374754,-121.71289379668724,-208.0,-538881,-175.0181877232868,-202.0,-164127,-53.305293926599546,0.0,-62.358282674772035,0.0,894,272,1466,0.7667238421955404,1166,0.7415973787254073,353,301101,18,162391,541,117460,0,0,418561,582688,False,True,407.1,8,74,1,363,1,0,515,3079,0,0,3,"{""cut_target"": 18, ""harmful_exit"": 254, ""neutral_exit"": 1466, ""no_active_exit"": 447, ""no_exit_replay"": 515, ""saved_stop"": 353, ""timeout_improved"": 541}","{""candidate_after_baseline_exit"": 363, ""candidate_after_max_hold"": 1, ""lifecycle_without_exit_replay"": 515, ""no_candidate"": 74, ""none"": 2632, ""not_active_exit_eligible"": 1, ""stale_data_no_action"": 8}"
10000,-700,120000,150,3079,515,2632,447,30,774,2275,-528704,-171.71289379668724,-258.0,-692831,-225.0181877232868,-252.0,-164127,-53.305293926599546,0.0,-62.358282674772035,0.0,894,272,1466,0.7667238421955404,1166,0.7415973787254073,353,301101,18,162391,541,117460,0,0,418561,582688,False,True,407.1,8,74,1,363,1,0,515,3079,0,0,3,"{""cut_target"": 18, ""harmful_exit"": 254, ""neutral_exit"": 1466, ""no_active_exit"": 447, ""no_exit_replay"": 515, ""saved_stop"": 353, ""timeout_improved"": 541}","{""candidate_after_baseline_exit"": 363, ""candidate_after_max_hold"": 1, ""lifecycle_without_exit_replay"": 515, ""no_candidate"": 74, ""none"": 2632, ""not_active_exit_eligible"": 1, ""stale_data_no_action"": 8}"
10000,-700,120000,200,3079,515,2632,447,30,774,2275,-682654,-221.71289379668724,-308.0,-846781,-275.01818772328676,-302.0,-164127,-53.305293926599546,0.0,-62.358282674772035,0.0,894,272,1466,0.7667238421955404,1166,0.7415973787254073,353,301101,18,162391,541,117460,0,0,418561,582688,False,True,407.1,8,74,1,363,1,0,515,3079,0,0,3,"{""cut_target"": 18, ""harmful_exit"": 254, ""neutral_exit"": 1466, ""no_active_exit"": 447, ""no_exit_replay"": 515, ""saved_stop"": 353, ""timeout_improved"": 541}","{""candidate_after_baseline_exit"": 363, ""candidate_after_max_hold"": 1, ""lifecycle_without_exit_replay"": 515, ""no_candidate"": 74, ""none"": 2632, ""not_active_exit_eligible"": 1, ""stale_data_no_action"": 8}"
10000,-1000,30000,0,3079,515,2646,433,8,464,2607,-210160,-68.25592724910685,-102.0,-298004,-96.78596947060734,-102.0,-87844,-28.530042221500487,0.0,-33.19879062736206,0.0,433,252,1961,0.6321167883211679,685,0.5953609034702116,117,110695,5,48105,316,89308,0,0,200003,287847,True,True,148.6,8,74,1,265,85,0,515,3079,0,0,3,"{""cut_target"": 5, ""harmful_exit"": 247, ""neutral_exit"": 1961, ""no_active_exit"": 433, ""no_exit_replay"": 515, ""saved_stop"": 117, ""timeout_improved"": 316}","{""candidate_after_baseline_exit"": 265, ""candidate_after_max_hold"": 85, ""lifecycle_without_exit_replay"": 515, ""no_candidate"": 74, ""none"": 2646, ""not_active_exit_eligible"": 1, ""stale_data_no_action"": 8}"
10000,-1000,30000,50,3079,515,2646,433,8,464,2607,-364110,-118.25592724910685,-152.0,-451954,-146.78596947060734,-152.0,-87844,-28.530042221500487,0.0,-33.19879062736206,0.0,433,252,1961,0.6321167883211679,685,0.5953609034702116,117,110695,5,48105,316,89308,0,0,200003,287847,True,True,148.6,8,74,1,265,85,0,515,3079,0,0,3,"{""cut_target"": 5, ""harmful_exit"": 247, ""neutral_exit"": 1961, ""no_active_exit"": 433, ""no_exit_replay"": 515, ""saved_stop"": 117, ""timeout_improved"": 316}","{""candidate_after_baseline_exit"": 265, ""candidate_after_max_hold"": 85, ""lifecycle_without_exit_replay"": 515, ""no_candidate"": 74, ""none"": 2646, ""not_active_exit_eligible"": 1, ""stale_data_no_action"": 8}"
10000,-1000,30000,100,3079,515,2646,433,8,464,2607,-518060,-168.25592724910686,-202.0,-605904,-196.78596947060734,-202.0,-87844,-28.530042221500487,0.0,-33.19879062736206,0.0,433,252,1961,0.6321167883211679,685,0.5953609034702116,117,110695,5,48105,316,89308,0,0,200003,287847,True,True,148.6,8,74,1,265,85,0,515,3079,0,0,3,"{""cut_target"": 5, ""harmful_exit"": 247, ""neutral_exit"": 1961, ""no_active_exit"": 433, ""no_exit_replay"": 515, ""saved_stop"": 117, ""timeout_improved"": 316}","{""candidate_after_baseline_exit"": 265, ""candidate_after_max_hold"": 85, ""lifecycle_without_exit_replay"": 515, ""no_candidate"": 74, ""none"": 2646, ""not_active_exit_eligible"": 1, ""stale_data_no_action"": 8}"
10000,-1000,30000,150,3079,515,2646,433,8,464,2607,-672010,-218.25592724910686,-252.0,-759854,-246.78596947060734,-252.0,-87844,-28.530042221500487,0.0,-33.19879062736206,0.0,433,252,1961,0.6321167883211679,685,0.5953609034702116,117,110695,5,48105,316,89308,0,0,200003,287847,True,True,148.6,8,74,1,265,85,0,515,3079,0,0,3,"{""cut_target"": 5, ""harmful_exit"": 247, ""neutral_exit"": 1961, ""no_active_exit"": 433, ""no_exit_replay"": 515, ""saved_stop"": 117, ""timeout_improved"": 316}","{""candidate_after_baseline_exit"": 265, ""candidate_after_max_hold"": 85, ""lifecycle_without_exit_replay"": 515, ""no_candidate"": 74, ""none"": 2646, ""not_active_exit_eligible"": 1, ""stale_data_no_action"": 8}"
10000,-1000,30000,200,3079,515,2646,433,8,464,2607,-825960,-268.25592724910683,-302.0,-913804,-296.7859694706073,-302.0,-87844,-28.530042221500487,0.0,-33.19879062736206,0.0,433,252,1961,0.6321167883211679,685,0.5953609034702116,117,110695,5,48105,316,89308,0,0,200003,287847,True,True,148.6,8,74,1,265,85,0,515,3079,0,0,3,"{""cut_target"": 5, ""harmful_exit"": 247, ""neutral_exit"": 1961, ""no_active_exit"": 433, ""no_exit_replay"": 515, ""saved_stop"": 117, ""timeout_improved"": 316}","{""candidate_after_baseline_exit"": 265, ""candidate_after_max_hold"": 85, ""lifecycle_without_exit_replay"": 515, ""no_candidate"": 74, ""none"": 2646, ""not_active_exit_eligible"": 1, ""stale_data_no_action"": 8}"
10000,-1000,60000,0,3079,515,2683,396,20,567,2492,-88955,-28.89087366027931,-102.0,-290586,-94.37674569665475,-102.0,-201631,-65.48587203637544,0.0,-75.15132314573239,0.0,638,333,1712,0.6570545829042225,971,0.6266307732204521,213,223188,14,128456,425,114030,0,0,337218,538849,False,True,255.5,8,74,1,303,10,0,515,3079,0,0,3,"{""cut_target"": 14, ""harmful_exit"": 319, ""neutral_exit"": 1712, ""no_active_exit"": 396, ""no_exit_replay"": 515, ""saved_stop"": 213, ""timeout_improved"": 425}","{""candidate_after_baseline_exit"": 303, ""candidate_after_max_hold"": 10, ""lifecycle_without_exit_replay"": 515, ""no_candidate"": 74, ""none"": 2683, ""not_active_exit_eligible"": 1, ""stale_data_no_action"": 8}"
10000,-1000,60000,50,3079,515,2683,396,20,567,2492,-242905,-78.89087366027931,-152.0,-444536,-144.37674569665475,-152.0,-201631,-65.48587203637544,0.0,-75.15132314573239,0.0,638,333,1712,0.6570545829042225,971,0.6266307732204521,213,223188,14,128456,425,114030,0,0,337218,538849,False,True,255.5,8,74,1,303,10,0,515,3079,0,0,3,"{""cut_target"": 14, ""harmful_exit"": 319, ""neutral_exit"": 1712, ""no_active_exit"": 396, ""no_exit_replay"": 515, ""saved_stop"": 213, ""timeout_improved"": 425}","{""candidate_after_baseline_exit"": 303, ""candidate_after_max_hold"": 10, ""lifecycle_without_exit_replay"": 515, ""no_candidate"": 74, ""none"": 2683, ""not_active_exit_eligible"": 1, ""stale_data_no_action"": 8}"
10000,-1000,60000,100,3079,515,2683,396,20,567,2492,-396855,-128.8908736602793,-202.0,-598486,-194.37674569665475,-202.0,-201631,-65.48587203637544,0.0,-75.15132314573239,0.0,638,333,1712,0.6570545829042225,971,0.6266307732204521,213,223188,14,128456,425,114030,0,0,337218,538849,False,True,255.5,8,74,1,303,10,0,515,3079,0,0,3,"{""cut_target"": 14, ""harmful_exit"": 319, ""neutral_exit"": 1712, ""no_active_exit"": 396, ""no_exit_replay"": 515, ""saved_stop"": 213, ""timeout_improved"": 425}","{""candidate_after_baseline_exit"": 303, ""candidate_after_max_hold"": 10, ""lifecycle_without_exit_replay"": 515, ""no_candidate"": 74, ""none"": 2683, ""not_active_exit_eligible"": 1, ""stale_data_no_action"": 8}"
10000,-1000,60000,150,3079,515,2683,396,20,567,2492,-550805,-178.8908736602793,-252.0,-752436,-244.37674569665475,-252.0,-201631,-65.48587203637544,0.0,-75.15132314573239,0.0,638,333,1712,0.6570545829042225,971,0.6266307732204521,213,223188,14,128456,425,114030,0,0,337218,538849,False,True,255.5,8,74,1,303,10,0,515,3079,0,0,3,"{""cut_target"": 14, ""harmful_exit"": 319, ""neutral_exit"": 1712, ""no_active_exit"": 396, ""no_exit_replay"": 515, ""saved_stop"": 213, ""timeout_improved"": 425}","{""candidate_after_baseline_exit"": 303, ""candidate_after_max_hold"": 10, ""lifecycle_without_exit_replay"": 515, ""no_candidate"": 74, ""none"": 2683, ""not_active_exit_eligible"": 1, ""stale_data_no_action"": 8}"
10000,-1000,60000,200,3079,515,2683,396,20,567,2492,-704755,-228.8908736602793,-302.0,-906386,-294.3767456966548,-302.0,-201631,-65.48587203637544,0.0,-75.15132314573239,0.0,638,333,1712,0.6570545829042225,971,0.6266307732204521,213,223188,14,128456,425,114030,0,0,337218,538849,False,True,255.5,8,74,1,303,10,0,515,3079,0,0,3,"{""cut_target"": 14, ""harmful_exit"": 319, ""neutral_exit"": 1712, ""no_active_exit"": 396, ""no_exit_replay"": 515, ""saved_stop"": 213, ""timeout_improved"": 425}","{""candidate_after_baseline_exit"": 303, ""candidate_after_max_hold"": 10, ""lifecycle_without_exit_replay"": 515, ""no_candidate"": 74, ""none"": 2683, ""not_active_exit_eligible"": 1, ""stale_data_no_action"": 8}"
10000,-1000,120000,0,3079,515,2687,392,32,675,2372,-186596,-60.60279311464761,-105.0,-311613,-101.2059110100682,-102.0,-125017,-40.60311789542059,0.0,-46.526609601786376,0.0,918,293,1476,0.7580511973575558,1211,0.7331390177566772,312,346347,19,172233,606,161750,0,0,508097,633114,False,True,372.6,8,74,1,308,1,0,515,3079,0,0,4,"{""cut_target"": 19, ""harmful_exit"": 274, ""neutral_exit"": 1476, ""no_active_exit"": 392, ""no_exit_replay"": 515, ""saved_stop"": 312, ""timeout_improved"": 606}","{""candidate_after_baseline_exit"": 308, ""candidate_after_max_hold"": 1, ""lifecycle_without_exit_replay"": 515, ""no_candidate"": 74, ""none"": 2687, ""not_active_exit_eligible"": 1, ""stale_data_no_action"": 8}"
10000,-1000,120000,50,3079,515,2687,392,32,675,2372,-340546,-110.60279311464761,-155.0,-465563,-151.2059110100682,-152.0,-125017,-40.60311789542059,0.0,-46.526609601786376,0.0,918,293,1476,0.7580511973575558,1211,0.7331390177566772,312,346347,19,172233,606,161750,0,0,508097,633114,False,True,372.6,8,74,1,308,1,0,515,3079,0,0,4,"{""cut_target"": 19, ""harmful_exit"": 274, ""neutral_exit"": 1476, ""no_active_exit"": 392, ""no_exit_replay"": 515, ""saved_stop"": 312, ""timeout_improved"": 606}","{""candidate_after_baseline_exit"": 308, ""candidate_after_max_hold"": 1, ""lifecycle_without_exit_replay"": 515, ""no_candidate"": 74, ""none"": 2687, ""not_active_exit_eligible"": 1, ""stale_data_no_action"": 8}"
10000,-1000,120000,100,3079,515,2687,392,32,675,2372,-494496,-160.60279311464762,-205.0,-619513,-201.2059110100682,-202.0,-125017,-40.60311789542059,0.0,-46.526609601786376,0.0,918,293,1476,0.7580511973575558,1211,0.7331390177566772,312,346347,19,172233,606,161750,0,0,508097,633114,False,True,372.6,8,74,1,308,1,0,515,3079,0,0,4,"{""cut_target"": 19, ""harmful_exit"": 274, ""neutral_exit"": 1476, ""no_active_exit"": 392, ""no_exit_replay"": 515, ""saved_stop"": 312, ""timeout_improved"": 606}","{""candidate_after_baseline_exit"": 308, ""candidate_after_max_hold"": 1, ""lifecycle_without_exit_replay"": 515, ""no_candidate"": 74, ""none"": 2687, ""not_active_exit_eligible"": 1, ""stale_data_no_action"": 8}"
10000,-1000,120000,150,3079,515,2687,392,32,675,2372,-648446,-210.60279311464762,-255.0,-773463,-251.2059110100682,-252.0,-125017,-40.60311789542059,0.0,-46.526609601786376,0.0,918,293,1476,0.7580511973575558,1211,0.7331390177566772,312,346347,19,172233,606,161750,0,0,508097,633114,False,True,372.6,8,74,1,308,1,0,515,3079,0,0,4,"{""cut_target"": 19, ""harmful_exit"": 274, ""neutral_exit"": 1476, ""no_active_exit"": 392, ""no_exit_replay"": 515, ""saved_stop"": 312, ""timeout_improved"": 606}","{""candidate_after_baseline_exit"": 308, ""candidate_after_max_hold"": 1, ""lifecycle_without_exit_replay"": 515, ""no_candidate"": 74, ""none"": 2687, ""not_active_exit_eligible"": 1, ""stale_data_no_action"": 8}"
10000,-1000,120000,200,3079,515,2687,392,32,675,2372,-802396,-260.6027931146476,-305.0,-927413,-301.2059110100682,-302.0,-125017,-40.60311789542059,0.0,-46.526609601786376,0.0,918,293,1476,0.7580511973575558,1211,0.7331390177566772,312,346347,19,172233,606,161750,0,0,508097,633114,False,True,372.6,8,74,1,308,1,0,515,3079,0,0,4,"{""cut_target"": 19, ""harmful_exit"": 274, ""neutral_exit"": 1476, ""no_active_exit"": 392, ""no_exit_replay"": 515, ""saved_stop"": 312, ""timeout_improved"": 606}","{""candidate_after_baseline_exit"": 308, ""candidate_after_max_hold"": 1, ""lifecycle_without_exit_replay"": 515, ""no_candidate"": 74, ""none"": 2687, ""not_active_exit_eligible"": 1, ""stale_data_no_action"": 8}"
10000,-1500,30000,0,3079,515,2718,361,8,358,2713,-305454,-99.20558622929522,-102.0,-396669,-128.83046443650537,-102.0,-91215,-29.624878207210134,0.0,-33.55960264900662,0.0,462,282,1974,0.6209677419354839,744,0.5855699119485402,98,118556,5,48105,364,127666,0,0,246222,337437,True,True,134.4,8,74,1,193,85,0,515,3079,0,0,4,"{""cut_target"": 5, ""harmful_exit"": 277, ""neutral_exit"": 1974, ""no_active_exit"": 361, ""no_exit_replay"": 515, ""saved_stop"": 98, ""timeout_improved"": 364}","{""candidate_after_baseline_exit"": 193, ""candidate_after_max_hold"": 85, ""lifecycle_without_exit_replay"": 515, ""no_candidate"": 74, ""none"": 2718, ""not_active_exit_eligible"": 1, ""stale_data_no_action"": 8}"
10000,-1500,30000,50,3079,515,2718,361,8,358,2713,-459404,-149.20558622929522,-152.0,-550619,-178.83046443650537,-152.0,-91215,-29.624878207210134,0.0,-33.55960264900662,0.0,462,282,1974,0.6209677419354839,744,0.5855699119485402,98,118556,5,48105,364,127666,0,0,246222,337437,True,True,134.4,8,74,1,193,85,0,515,3079,0,0,4,"{""cut_target"": 5, ""harmful_exit"": 277, ""neutral_exit"": 1974, ""no_active_exit"": 361, ""no_exit_replay"": 515, ""saved_stop"": 98, ""timeout_improved"": 364}","{""candidate_after_baseline_exit"": 193, ""candidate_after_max_hold"": 85, ""lifecycle_without_exit_replay"": 515, ""no_candidate"": 74, ""none"": 2718, ""not_active_exit_eligible"": 1, ""stale_data_no_action"": 8}"
10000,-1500,30000,100,3079,515,2718,361,8,358,2713,-613354,-199.20558622929522,-202.0,-704569,-228.83046443650537,-202.0,-91215,-29.624878207210134,0.0,-33.55960264900662,0.0,462,282,1974,0.6209677419354839,744,0.5855699119485402,98,118556,5,48105,364,127666,0,0,246222,337437,True,True,134.4,8,74,1,193,85,0,515,3079,0,0,4,"{""cut_target"": 5, ""harmful_exit"": 277, ""neutral_exit"": 1974, ""no_active_exit"": 361, ""no_exit_replay"": 515, ""saved_stop"": 98, ""timeout_improved"": 364}","{""candidate_after_baseline_exit"": 193, ""candidate_after_max_hold"": 85, ""lifecycle_without_exit_replay"": 515, ""no_candidate"": 74, ""none"": 2718, ""not_active_exit_eligible"": 1, ""stale_data_no_action"": 8}"
10000,-1500,30000,150,3079,515,2718,361,8,358,2713,-767304,-249.20558622929522,-252.0,-858519,-278.83046443650534,-252.0,-91215,-29.624878207210134,0.0,-33.55960264900662,0.0,462,282,1974,0.6209677419354839,744,0.5855699119485402,98,118556,5,48105,364,127666,0,0,246222,337437,True,True,134.4,8,74,1,193,85,0,515,3079,0,0,4,"{""cut_target"": 5, ""harmful_exit"": 277, ""neutral_exit"": 1974, ""no_active_exit"": 361, ""no_exit_replay"": 515, ""saved_stop"": 98, ""timeout_improved"": 364}","{""candidate_after_baseline_exit"": 193, ""candidate_after_max_hold"": 85, ""lifecycle_without_exit_replay"": 515, ""no_candidate"": 74, ""none"": 2718, ""not_active_exit_eligible"": 1, ""stale_data_no_action"": 8}"
10000,-1500,30000,200,3079,515,2718,361,8,358,2713,-921254,-299.20558622929525,-302.0,-1012469,-328.83046443650534,-302.0,-91215,-29.624878207210134,0.0,-33.55960264900662,0.0,462,282,1974,0.6209677419354839,744,0.5855699119485402,98,118556,5,48105,364,127666,0,0,246222,337437,True,True,134.4,8,74,1,193,85,0,515,3079,0,0,4,"{""cut_target"": 5, ""harmful_exit"": 277, ""neutral_exit"": 1974, ""no_active_exit"": 361, ""no_exit_replay"": 515, ""saved_stop"": 98, ""timeout_improved"": 364}","{""candidate_after_baseline_exit"": 193, ""candidate_after_max_hold"": 85, ""lifecycle_without_exit_replay"": 515, ""no_candidate"": 74, ""none"": 2718, ""not_active_exit_eligible"": 1, ""stale_data_no_action"": 8}"
10000,-1500,60000,0,3079,515,2767,312,21,461,2597,-194438,-63.149723936342966,-102.0,-400104,-129.9460863916856,-102.0,-205666,-66.79636245534265,0.0,-74.32815323455006,0.0,672,371,1724,0.6442953020134228,1043,0.6147611722865609,193,274342,15,135782,479,160846,0,0,435188,640854,False,True,240.9,8,74,1,219,10,0,515,3079,0,0,3,"{""cut_target"": 15, ""harmful_exit"": 356, ""neutral_exit"": 1724, ""no_active_exit"": 312, ""no_exit_replay"": 515, ""saved_stop"": 193, ""timeout_improved"": 479}","{""candidate_after_baseline_exit"": 219, ""candidate_after_max_hold"": 10, ""lifecycle_without_exit_replay"": 515, ""no_candidate"": 74, ""none"": 2767, ""not_active_exit_eligible"": 1, ""stale_data_no_action"": 8}"
10000,-1500,60000,50,3079,515,2767,312,21,461,2597,-348388,-113.14972393634297,-152.0,-554054,-179.9460863916856,-152.0,-205666,-66.79636245534265,0.0,-74.32815323455006,0.0,672,371,1724,0.6442953020134228,1043,0.6147611722865609,193,274342,15,135782,479,160846,0,0,435188,640854,False,True,240.9,8,74,1,219,10,0,515,3079,0,0,3,"{""cut_target"": 15, ""harmful_exit"": 356, ""neutral_exit"": 1724, ""no_active_exit"": 312, ""no_exit_replay"": 515, ""saved_stop"": 193, ""timeout_improved"": 479}","{""candidate_after_baseline_exit"": 219, ""candidate_after_max_hold"": 10, ""lifecycle_without_exit_replay"": 515, ""no_candidate"": 74, ""none"": 2767, ""not_active_exit_eligible"": 1, ""stale_data_no_action"": 8}"
10000,-1500,60000,100,3079,515,2767,312,21,461,2597,-502338,-163.14972393634298,-202.0,-708004,-229.9460863916856,-202.0,-205666,-66.79636245534265,0.0,-74.32815323455006,0.0,672,371,1724,0.6442953020134228,1043,0.6147611722865609,193,274342,15,135782,479,160846,0,0,435188,640854,False,True,240.9,8,74,1,219,10,0,515,3079,0,0,3,"{""cut_target"": 15, ""harmful_exit"": 356, ""neutral_exit"": 1724, ""no_active_exit"": 312, ""no_exit_replay"": 515, ""saved_stop"": 193, ""timeout_improved"": 479}","{""candidate_after_baseline_exit"": 219, ""candidate_after_max_hold"": 10, ""lifecycle_without_exit_replay"": 515, ""no_candidate"": 74, ""none"": 2767, ""not_active_exit_eligible"": 1, ""stale_data_no_action"": 8}"
10000,-1500,60000,150,3079,515,2767,312,21,461,2597,-656288,-213.14972393634298,-252.0,-861954,-279.94608639168564,-252.0,-205666,-66.79636245534265,0.0,-74.32815323455006,0.0,672,371,1724,0.6442953020134228,1043,0.6147611722865609,193,274342,15,135782,479,160846,0,0,435188,640854,False,True,240.9,8,74,1,219,10,0,515,3079,0,0,3,"{""cut_target"": 15, ""harmful_exit"": 356, ""neutral_exit"": 1724, ""no_active_exit"": 312, ""no_exit_replay"": 515, ""saved_stop"": 193, ""timeout_improved"": 479}","{""candidate_after_baseline_exit"": 219, ""candidate_after_max_hold"": 10, ""lifecycle_without_exit_replay"": 515, ""no_candidate"": 74, ""none"": 2767, ""not_active_exit_eligible"": 1, ""stale_data_no_action"": 8}"
10000,-1500,60000,200,3079,515,2767,312,21,461,2597,-810238,-263.149723936343,-302.0,-1015904,-329.94608639168564,-302.0,-205666,-66.79636245534265,0.0,-74.32815323455006,0.0,672,371,1724,0.6442953020134228,1043,0.6147611722865609,193,274342,15,135782,479,160846,0,0,435188,640854,False,True,240.9,8,74,1,219,10,0,515,3079,0,0,3,"{""cut_target"": 15, ""harmful_exit"": 356, ""neutral_exit"": 1724, ""no_active_exit"": 312, ""no_exit_replay"": 515, ""saved_stop"": 193, ""timeout_improved"": 479}","{""candidate_after_baseline_exit"": 219, ""candidate_after_max_hold"": 10, ""lifecycle_without_exit_replay"": 515, ""no_candidate"": 74, ""none"": 2767, ""not_active_exit_eligible"": 1, ""stale_data_no_action"": 8}"
10000,-1500,120000,0,3079,515,2771,308,35,568,2476,-341572,-110.93601818772329,-103.0,-423108,-137.41734329327704,-102.0,-81536,-26.48132510555375,0.0,-29.424756405629736,0.0,964,323,1484,0.749028749028749,1287,0.7246237762486909,291,434832,21,190794,673,223386,0,0,658218,739754,False,True,358.3,8,74,1,224,1,0,515,3079,0,0,4,"{""cut_target"": 21, ""harmful_exit"": 302, ""neutral_exit"": 1484, ""no_active_exit"": 308, ""no_exit_replay"": 515, ""saved_stop"": 291, ""timeout_improved"": 673}","{""candidate_after_baseline_exit"": 224, ""candidate_after_max_hold"": 1, ""lifecycle_without_exit_replay"": 515, ""no_candidate"": 74, ""none"": 2771, ""not_active_exit_eligible"": 1, ""stale_data_no_action"": 8}"
10000,-1500,120000,50,3079,515,2771,308,35,568,2476,-495522,-160.93601818772328,-153.0,-577058,-187.41734329327704,-152.0,-81536,-26.48132510555375,0.0,-29.424756405629736,0.0,964,323,1484,0.749028749028749,1287,0.7246237762486909,291,434832,21,190794,673,223386,0,0,658218,739754,False,True,358.3,8,74,1,224,1,0,515,3079,0,0,4,"{""cut_target"": 21, ""harmful_exit"": 302, ""neutral_exit"": 1484, ""no_active_exit"": 308, ""no_exit_replay"": 515, ""saved_stop"": 291, ""timeout_improved"": 673}","{""candidate_after_baseline_exit"": 224, ""candidate_after_max_hold"": 1, ""lifecycle_without_exit_replay"": 515, ""no_candidate"": 74, ""none"": 2771, ""not_active_exit_eligible"": 1, ""stale_data_no_action"": 8}"
10000,-1500,120000,100,3079,515,2771,308,35,568,2476,-649472,-210.93601818772328,-203.0,-731008,-237.41734329327704,-202.0,-81536,-26.48132510555375,0.0,-29.424756405629736,0.0,964,323,1484,0.749028749028749,1287,0.7246237762486909,291,434832,21,190794,673,223386,0,0,658218,739754,False,True,358.3,8,74,1,224,1,0,515,3079,0,0,4,"{""cut_target"": 21, ""harmful_exit"": 302, ""neutral_exit"": 1484, ""no_active_exit"": 308, ""no_exit_replay"": 515, ""saved_stop"": 291, ""timeout_improved"": 673}","{""candidate_after_baseline_exit"": 224, ""candidate_after_max_hold"": 1, ""lifecycle_without_exit_replay"": 515, ""no_candidate"": 74, ""none"": 2771, ""not_active_exit_eligible"": 1, ""stale_data_no_action"": 8}"
10000,-1500,120000,150,3079,515,2771,308,35,568,2476,-803422,-260.9360181877233,-253.0,-884958,-287.41734329327704,-252.0,-81536,-26.48132510555375,0.0,-29.424756405629736,0.0,964,323,1484,0.749028749028749,1287,0.7246237762486909,291,434832,21,190794,673,223386,0,0,658218,739754,False,True,358.3,8,74,1,224,1,0,515,3079,0,0,4,"{""cut_target"": 21, ""harmful_exit"": 302, ""neutral_exit"": 1484, ""no_active_exit"": 308, ""no_exit_replay"": 515, ""saved_stop"": 291, ""timeout_improved"": 673}","{""candidate_after_baseline_exit"": 224, ""candidate_after_max_hold"": 1, ""lifecycle_without_exit_replay"": 515, ""no_candidate"": 74, ""none"": 2771, ""not_active_exit_eligible"": 1, ""stale_data_no_action"": 8}"
10000,-1500,120000,200,3079,515,2771,308,35,568,2476,-957372,-310.9360181877233,-303.0,-1038908,-337.41734329327704,-302.0,-81536,-26.48132510555375,0.0,-29.424756405629736,0.0,964,323,1484,0.749028749028749,1287,0.7246237762486909,291,434832,21,190794,673,223386,0,0,658218,739754,False,True,358.3,8,74,1,224,1,0,515,3079,0,0,4,"{""cut_target"": 21, ""harmful_exit"": 302, ""neutral_exit"": 1484, ""no_active_exit"": 308, ""no_exit_replay"": 515, ""saved_stop"": 291, ""timeout_improved"": 673}","{""candidate_after_baseline_exit"": 224, ""candidate_after_max_hold"": 1, ""lifecycle_without_exit_replay"": 515, ""no_candidate"": 74, ""none"": 2771, ""not_active_exit_eligible"": 1, ""stale_data_no_action"": 8}"
10000,-2000,30000,0,3079,515,2764,315,8,297,2774,-406166,-131.9149074374797,-102.0,-479562,-155.75251705099058,-102.0,-73396,-23.83760961351088,0.0,-26.554269175108537,0.0,480,296,1988,0.6185567010309279,776,0.5838759145673467,91,141797,5,48105,389,145725,0,0,287522,360918,True,True,129.9,8,74,1,147,85,0,515,3079,0,0,4,"{""cut_target"": 5, ""harmful_exit"": 291, ""neutral_exit"": 1988, ""no_active_exit"": 315, ""no_exit_replay"": 515, ""saved_stop"": 91, ""timeout_improved"": 389}","{""candidate_after_baseline_exit"": 147, ""candidate_after_max_hold"": 85, ""lifecycle_without_exit_replay"": 515, ""no_candidate"": 74, ""none"": 2764, ""not_active_exit_eligible"": 1, ""stale_data_no_action"": 8}"
10000,-2000,30000,50,3079,515,2764,315,8,297,2774,-560116,-181.9149074374797,-152.0,-633512,-205.75251705099058,-152.0,-73396,-23.83760961351088,0.0,-26.554269175108537,0.0,480,296,1988,0.6185567010309279,776,0.5838759145673467,91,141797,5,48105,389,145725,0,0,287522,360918,True,True,129.9,8,74,1,147,85,0,515,3079,0,0,4,"{""cut_target"": 5, ""harmful_exit"": 291, ""neutral_exit"": 1988, ""no_active_exit"": 315, ""no_exit_replay"": 515, ""saved_stop"": 91, ""timeout_improved"": 389}","{""candidate_after_baseline_exit"": 147, ""candidate_after_max_hold"": 85, ""lifecycle_without_exit_replay"": 515, ""no_candidate"": 74, ""none"": 2764, ""not_active_exit_eligible"": 1, ""stale_data_no_action"": 8}"
10000,-2000,30000,100,3079,515,2764,315,8,297,2774,-714066,-231.9149074374797,-202.0,-787462,-255.75251705099058,-202.0,-73396,-23.83760961351088,0.0,-26.554269175108537,0.0,480,296,1988,0.6185567010309279,776,0.5838759145673467,91,141797,5,48105,389,145725,0,0,287522,360918,True,True,129.9,8,74,1,147,85,0,515,3079,0,0,4,"{""cut_target"": 5, ""harmful_exit"": 291, ""neutral_exit"": 1988, ""no_active_exit"": 315, ""no_exit_replay"": 515, ""saved_stop"": 91, ""timeout_improved"": 389}","{""candidate_after_baseline_exit"": 147, ""candidate_after_max_hold"": 85, ""lifecycle_without_exit_replay"": 515, ""no_candidate"": 74, ""none"": 2764, ""not_active_exit_eligible"": 1, ""stale_data_no_action"": 8}"
10000,-2000,30000,150,3079,515,2764,315,8,297,2774,-868016,-281.9149074374797,-252.0,-941412,-305.7525170509906,-252.0,-73396,-23.83760961351088,0.0,-26.554269175108537,0.0,480,296,1988,0.6185567010309279,776,0.5838759145673467,91,141797,5,48105,389,145725,0,0,287522,360918,True,True,129.9,8,74,1,147,85,0,515,3079,0,0,4,"{""cut_target"": 5, ""harmful_exit"": 291, ""neutral_exit"": 1988, ""no_active_exit"": 315, ""no_exit_replay"": 515, ""saved_stop"": 91, ""timeout_improved"": 389}","{""candidate_after_baseline_exit"": 147, ""candidate_after_max_hold"": 85, ""lifecycle_without_exit_replay"": 515, ""no_candidate"": 74, ""none"": 2764, ""not_active_exit_eligible"": 1, ""stale_data_no_action"": 8}"
10000,-2000,30000,200,3079,515,2764,315,8,297,2774,-1021966,-331.9149074374797,-302.0,-1095362,-355.7525170509906,-302.0,-73396,-23.83760961351088,0.0,-26.554269175108537,0.0,480,296,1988,0.6185567010309279,776,0.5838759145673467,91,141797,5,48105,389,145725,0,0,287522,360918,True,True,129.9,8,74,1,147,85,0,515,3079,0,0,4,"{""cut_target"": 5, ""harmful_exit"": 291, ""neutral_exit"": 1988, ""no_active_exit"": 315, ""no_exit_replay"": 515, ""saved_stop"": 91, ""timeout_improved"": 389}","{""candidate_after_baseline_exit"": 147, ""candidate_after_max_hold"": 85, ""lifecycle_without_exit_replay"": 515, ""no_candidate"": 74, ""none"": 2764, ""not_active_exit_eligible"": 1, ""stale_data_no_action"": 8}"
10000,-2000,60000,0,3079,515,2814,265,23,395,2661,-285264,-92.64826242286456,-102.0,-468352,-152.1117245859045,-102.0,-183088,-59.46346216303995,0.0,-65.06325515280739,0.0,693,388,1733,0.6410730804810361,1081,0.6120247113058436,182,312601,17,158778,511,202310,0,0,514911,697999,False,True,233.1,8,74,1,172,10,0,515,3079,0,0,3,"{""cut_target"": 17, ""harmful_exit"": 371, ""neutral_exit"": 1733, ""no_active_exit"": 265, ""no_exit_replay"": 515, ""saved_stop"": 182, ""timeout_improved"": 511}","{""candidate_after_baseline_exit"": 172, ""candidate_after_max_hold"": 10, ""lifecycle_without_exit_replay"": 515, ""no_candidate"": 74, ""none"": 2814, ""not_active_exit_eligible"": 1, ""stale_data_no_action"": 8}"
10000,-2000,60000,50,3079,515,2814,265,23,395,2661,-439214,-142.64826242286458,-152.0,-622302,-202.1117245859045,-152.0,-183088,-59.46346216303995,0.0,-65.06325515280739,0.0,693,388,1733,0.6410730804810361,1081,0.6120247113058436,182,312601,17,158778,511,202310,0,0,514911,697999,False,True,233.1,8,74,1,172,10,0,515,3079,0,0,3,"{""cut_target"": 17, ""harmful_exit"": 371, ""neutral_exit"": 1733, ""no_active_exit"": 265, ""no_exit_replay"": 515, ""saved_stop"": 182, ""timeout_improved"": 511}","{""candidate_after_baseline_exit"": 172, ""candidate_after_max_hold"": 10, ""lifecycle_without_exit_replay"": 515, ""no_candidate"": 74, ""none"": 2814, ""not_active_exit_eligible"": 1, ""stale_data_no_action"": 8}"
10000,-2000,60000,100,3079,515,2814,265,23,395,2661,-593164,-192.64826242286458,-202.0,-776252,-252.1117245859045,-202.0,-183088,-59.46346216303995,0.0,-65.06325515280739,0.0,693,388,1733,0.6410730804810361,1081,0.6120247113058436,182,312601,17,158778,511,202310,0,0,514911,697999,False,True,233.1,8,74,1,172,10,0,515,3079,0,0,3,"{""cut_target"": 17, ""harmful_exit"": 371, ""neutral_exit"": 1733, ""no_active_exit"": 265, ""no_exit_replay"": 515, ""saved_stop"": 182, ""timeout_improved"": 511}","{""candidate_after_baseline_exit"": 172, ""candidate_after_max_hold"": 10, ""lifecycle_without_exit_replay"": 515, ""no_candidate"": 74, ""none"": 2814, ""not_active_exit_eligible"": 1, ""stale_data_no_action"": 8}"
10000,-2000,60000,150,3079,515,2814,265,23,395,2661,-747114,-242.64826242286458,-252.0,-930202,-302.11172458590454,-252.0,-183088,-59.46346216303995,0.0,-65.06325515280739,0.0,693,388,1733,0.6410730804810361,1081,0.6120247113058436,182,312601,17,158778,511,202310,0,0,514911,697999,False,True,233.1,8,74,1,172,10,0,515,3079,0,0,3,"{""cut_target"": 17, ""harmful_exit"": 371, ""neutral_exit"": 1733, ""no_active_exit"": 265, ""no_exit_replay"": 515, ""saved_stop"": 182, ""timeout_improved"": 511}","{""candidate_after_baseline_exit"": 172, ""candidate_after_max_hold"": 10, ""lifecycle_without_exit_replay"": 515, ""no_candidate"": 74, ""none"": 2814, ""not_active_exit_eligible"": 1, ""stale_data_no_action"": 8}"
10000,-2000,60000,200,3079,515,2814,265,23,395,2661,-901064,-292.64826242286455,-302.0,-1084152,-352.11172458590454,-302.0,-183088,-59.46346216303995,0.0,-65.06325515280739,0.0,693,388,1733,0.6410730804810361,1081,0.6120247113058436,182,312601,17,158778,511,202310,0,0,514911,697999,False,True,233.1,8,74,1,172,10,0,515,3079,0,0,3,"{""cut_target"": 17, ""harmful_exit"": 371, ""neutral_exit"": 1733, ""no_active_exit"": 265, ""no_exit_replay"": 515, ""saved_stop"": 182, ""timeout_improved"": 511}","{""candidate_after_baseline_exit"": 172, ""candidate_after_max_hold"": 10, ""lifecycle_without_exit_replay"": 515, ""no_candidate"": 74, ""none"": 2814, ""not_active_exit_eligible"": 1, ""stale_data_no_action"": 8}"
10000,-2000,120000,0,3079,515,2822,257,39,491,2549,-477471,-155.0734004546931,-103.0,-518399,-168.36602793114648,-102.0,-40928,-13.292627476453394,0.0,-14.503189227498229,0.0,987,344,1491,0.7415477084898573,1331,0.7173571565372262,266,500258,24,220828,721,282143,0,0,782401,823329,False,True,338.1,8,74,1,173,1,0,515,3079,0,0,4,"{""cut_target"": 24, ""harmful_exit"": 320, ""neutral_exit"": 1491, ""no_active_exit"": 257, ""no_exit_replay"": 515, ""saved_stop"": 266, ""timeout_improved"": 721}","{""candidate_after_baseline_exit"": 173, ""candidate_after_max_hold"": 1, ""lifecycle_without_exit_replay"": 515, ""no_candidate"": 74, ""none"": 2822, ""not_active_exit_eligible"": 1, ""stale_data_no_action"": 8}"
10000,-2000,120000,50,3079,515,2822,257,39,491,2549,-631421,-205.0734004546931,-153.0,-672349,-218.36602793114648,-152.0,-40928,-13.292627476453394,0.0,-14.503189227498229,0.0,987,344,1491,0.7415477084898573,1331,0.7173571565372262,266,500258,24,220828,721,282143,0,0,782401,823329,False,True,338.1,8,74,1,173,1,0,515,3079,0,0,4,"{""cut_target"": 24, ""harmful_exit"": 320, ""neutral_exit"": 1491, ""no_active_exit"": 257, ""no_exit_replay"": 515, ""saved_stop"": 266, ""timeout_improved"": 721}","{""candidate_after_baseline_exit"": 173, ""candidate_after_max_hold"": 1, ""lifecycle_without_exit_replay"": 515, ""no_candidate"": 74, ""none"": 2822, ""not_active_exit_eligible"": 1, ""stale_data_no_action"": 8}"
10000,-2000,120000,100,3079,515,2822,257,39,491,2549,-785371,-255.0734004546931,-203.0,-826299,-268.36602793114645,-202.0,-40928,-13.292627476453394,0.0,-14.503189227498229,0.0,987,344,1491,0.7415477084898573,1331,0.7173571565372262,266,500258,24,220828,721,282143,0,0,782401,823329,False,True,338.1,8,74,1,173,1,0,515,3079,0,0,4,"{""cut_target"": 24, ""harmful_exit"": 320, ""neutral_exit"": 1491, ""no_active_exit"": 257, ""no_exit_replay"": 515, ""saved_stop"": 266, ""timeout_improved"": 721}","{""candidate_after_baseline_exit"": 173, ""candidate_after_max_hold"": 1, ""lifecycle_without_exit_replay"": 515, ""no_candidate"": 74, ""none"": 2822, ""not_active_exit_eligible"": 1, ""stale_data_no_action"": 8}"
10000,-2000,120000,150,3079,515,2822,257,39,491,2549,-939321,-305.07340045469306,-253.0,-980249,-318.36602793114645,-252.0,-40928,-13.292627476453394,0.0,-14.503189227498229,0.0,987,344,1491,0.7415477084898573,1331,0.7173571565372262,266,500258,24,220828,721,282143,0,0,782401,823329,False,True,338.1,8,74,1,173,1,0,515,3079,0,0,4,"{""cut_target"": 24, ""harmful_exit"": 320, ""neutral_exit"": 1491, ""no_active_exit"": 257, ""no_exit_replay"": 515, ""saved_stop"": 266, ""timeout_improved"": 721}","{""candidate_after_baseline_exit"": 173, ""candidate_after_max_hold"": 1, ""lifecycle_without_exit_replay"": 515, ""no_candidate"": 74, ""none"": 2822, ""not_active_exit_eligible"": 1, ""stale_data_no_action"": 8}"
10000,-2000,120000,200,3079,515,2822,257,39,491,2549,-1093271,-355.07340045469306,-303.0,-1134199,-368.36602793114645,-302.0,-40928,-13.292627476453394,0.0,-14.503189227498229,0.0,987,344,1491,0.7415477084898573,1331,0.7173571565372262,266,500258,24,220828,721,282143,0,0,782401,823329,False,True,338.1,8,74,1,173,1,0,515,3079,0,0,4,"{""cut_target"": 24, ""harmful_exit"": 320, ""neutral_exit"": 1491, ""no_active_exit"": 257, ""no_exit_replay"": 515, ""saved_stop"": 266, ""timeout_improved"": 721}","{""candidate_after_baseline_exit"": 173, ""candidate_after_max_hold"": 1, ""lifecycle_without_exit_replay"": 515, ""no_candidate"": 74, ""none"": 2822, ""not_active_exit_eligible"": 1, ""stale_data_no_action"": 8}"
10000,-3000,30000,0,3079,515,2839,240,10,195,2874,-544805,-176.94218902240988,-102.0,-560042,-181.8908736602793,-102.0,-15237,-4.948684637869438,0.0,-5.367030644593167,0.0,520,316,2003,0.6220095693779905,836,0.5886532004618643,81,149945,6,60635,439,217809,0,0,367754,382991,True,True,124.9,8,74,1,72,85,0,515,3079,0,0,3,"{""cut_target"": 6, ""harmful_exit"": 310, ""neutral_exit"": 2003, ""no_active_exit"": 240, ""no_exit_replay"": 515, ""saved_stop"": 81, ""timeout_improved"": 439}","{""candidate_after_baseline_exit"": 72, ""candidate_after_max_hold"": 85, ""lifecycle_without_exit_replay"": 515, ""no_candidate"": 74, ""none"": 2839, ""not_active_exit_eligible"": 1, ""stale_data_no_action"": 8}"
10000,-3000,30000,50,3079,515,2839,240,10,195,2874,-698755,-226.94218902240988,-152.0,-713992,-231.8908736602793,-152.0,-15237,-4.948684637869438,0.0,-5.367030644593167,0.0,520,316,2003,0.6220095693779905,836,0.5886532004618643,81,149945,6,60635,439,217809,0,0,367754,382991,True,True,124.9,8,74,1,72,85,0,515,3079,0,0,3,"{""cut_target"": 6, ""harmful_exit"": 310, ""neutral_exit"": 2003, ""no_active_exit"": 240, ""no_exit_replay"": 515, ""saved_stop"": 81, ""timeout_improved"": 439}","{""candidate_after_baseline_exit"": 72, ""candidate_after_max_hold"": 85, ""lifecycle_without_exit_replay"": 515, ""no_candidate"": 74, ""none"": 2839, ""not_active_exit_eligible"": 1, ""stale_data_no_action"": 8}"
10000,-3000,30000,100,3079,515,2839,240,10,195,2874,-852705,-276.9421890224099,-202.0,-867942,-281.89087366027934,-202.0,-15237,-4.948684637869438,0.0,-5.367030644593167,0.0,520,316,2003,0.6220095693779905,836,0.5886532004618643,81,149945,6,60635,439,217809,0,0,367754,382991,True,True,124.9,8,74,1,72,85,0,515,3079,0,0,3,"{""cut_target"": 6, ""harmful_exit"": 310, ""neutral_exit"": 2003, ""no_active_exit"": 240, ""no_exit_replay"": 515, ""saved_stop"": 81, ""timeout_improved"": 439}","{""candidate_after_baseline_exit"": 72, ""candidate_after_max_hold"": 85, ""lifecycle_without_exit_replay"": 515, ""no_candidate"": 74, ""none"": 2839, ""not_active_exit_eligible"": 1, ""stale_data_no_action"": 8}"
10000,-3000,30000,150,3079,515,2839,240,10,195,2874,-1006655,-326.9421890224099,-252.0,-1021892,-331.89087366027934,-252.0,-15237,-4.948684637869438,0.0,-5.367030644593167,0.0,520,316,2003,0.6220095693779905,836,0.5886532004618643,81,149945,6,60635,439,217809,0,0,367754,382991,True,True,124.9,8,74,1,72,85,0,515,3079,0,0,3,"{""cut_target"": 6, ""harmful_exit"": 310, ""neutral_exit"": 2003, ""no_active_exit"": 240, ""no_exit_replay"": 515, ""saved_stop"": 81, ""timeout_improved"": 439}","{""candidate_after_baseline_exit"": 72, ""candidate_after_max_hold"": 85, ""lifecycle_without_exit_replay"": 515, ""no_candidate"": 74, ""none"": 2839, ""not_active_exit_eligible"": 1, ""stale_data_no_action"": 8}"
10000,-3000,30000,200,3079,515,2839,240,10,195,2874,-1160605,-376.9421890224099,-302.0,-1175842,-381.89087366027934,-302.0,-15237,-4.948684637869438,0.0,-5.367030644593167,0.0,520,316,2003,0.6220095693779905,836,0.5886532004618643,81,149945,6,60635,439,217809,0,0,367754,382991,True,True,124.9,8,74,1,72,85,0,515,3079,0,0,3,"{""cut_target"": 6, ""harmful_exit"": 310, ""neutral_exit"": 2003, ""no_active_exit"": 240, ""no_exit_replay"": 515, ""saved_stop"": 81, ""timeout_improved"": 439}","{""candidate_after_baseline_exit"": 72, ""candidate_after_max_hold"": 85, ""lifecycle_without_exit_replay"": 515, ""no_candidate"": 74, ""none"": 2839, ""not_active_exit_eligible"": 1, ""stale_data_no_action"": 8}"
10000,-3000,60000,0,3079,515,2904,175,26,268,2785,-465675,-151.24228645664178,-102.0,-556155,-180.6284507957129,-102.0,-90480,-29.386164339071126,0.0,-31.15702479338843,0.0,742,419,1743,0.6391042204995694,1161,0.611061842441246,148,328305,18,171308,594,328923,0,0,657228,747708,False,True,207.4,8,74,1,82,10,0,515,3079,0,0,3,"{""cut_target"": 18, ""harmful_exit"": 401, ""neutral_exit"": 1743, ""no_active_exit"": 175, ""no_exit_replay"": 515, ""saved_stop"": 148, ""timeout_improved"": 594}","{""candidate_after_baseline_exit"": 82, ""candidate_after_max_hold"": 10, ""lifecycle_without_exit_replay"": 515, ""no_candidate"": 74, ""none"": 2904, ""not_active_exit_eligible"": 1, ""stale_data_no_action"": 8}"
10000,-3000,60000,50,3079,515,2904,175,26,268,2785,-619625,-201.24228645664178,-152.0,-710105,-230.6284507957129,-152.0,-90480,-29.386164339071126,0.0,-31.15702479338843,0.0,742,419,1743,0.6391042204995694,1161,0.611061842441246,148,328305,18,171308,594,328923,0,0,657228,747708,False,True,207.4,8,74,1,82,10,0,515,3079,0,0,3,"{""cut_target"": 18, ""harmful_exit"": 401, ""neutral_exit"": 1743, ""no_active_exit"": 175, ""no_exit_replay"": 515, ""saved_stop"": 148, ""timeout_improved"": 594}","{""candidate_after_baseline_exit"": 82, ""candidate_after_max_hold"": 10, ""lifecycle_without_exit_replay"": 515, ""no_candidate"": 74, ""none"": 2904, ""not_active_exit_eligible"": 1, ""stale_data_no_action"": 8}"
10000,-3000,60000,100,3079,515,2904,175,26,268,2785,-773575,-251.24228645664178,-202.0,-864055,-280.6284507957129,-202.0,-90480,-29.386164339071126,0.0,-31.15702479338843,0.0,742,419,1743,0.6391042204995694,1161,0.611061842441246,148,328305,18,171308,594,328923,0,0,657228,747708,False,True,207.4,8,74,1,82,10,0,515,3079,0,0,3,"{""cut_target"": 18, ""harmful_exit"": 401, ""neutral_exit"": 1743, ""no_active_exit"": 175, ""no_exit_replay"": 515, ""saved_stop"": 148, ""timeout_improved"": 594}","{""candidate_after_baseline_exit"": 82, ""candidate_after_max_hold"": 10, ""lifecycle_without_exit_replay"": 515, ""no_candidate"": 74, ""none"": 2904, ""not_active_exit_eligible"": 1, ""stale_data_no_action"": 8}"
10000,-3000,60000,150,3079,515,2904,175,26,268,2785,-927525,-301.24228645664175,-252.0,-1018005,-330.6284507957129,-252.0,-90480,-29.386164339071126,0.0,-31.15702479338843,0.0,742,419,1743,0.6391042204995694,1161,0.611061842441246,148,328305,18,171308,594,328923,0,0,657228,747708,False,True,207.4,8,74,1,82,10,0,515,3079,0,0,3,"{""cut_target"": 18, ""harmful_exit"": 401, ""neutral_exit"": 1743, ""no_active_exit"": 175, ""no_exit_replay"": 515, ""saved_stop"": 148, ""timeout_improved"": 594}","{""candidate_after_baseline_exit"": 82, ""candidate_after_max_hold"": 10, ""lifecycle_without_exit_replay"": 515, ""no_candidate"": 74, ""none"": 2904, ""not_active_exit_eligible"": 1, ""stale_data_no_action"": 8}"
10000,-3000,60000,200,3079,515,2904,175,26,268,2785,-1081475,-351.24228645664175,-302.0,-1171955,-380.6284507957129,-302.0,-90480,-29.386164339071126,0.0,-31.15702479338843,0.0,742,419,1743,0.6391042204995694,1161,0.611061842441246,148,328305,18,171308,594,328923,0,0,657228,747708,False,True,207.4,8,74,1,82,10,0,515,3079,0,0,3,"{""cut_target"": 18, ""harmful_exit"": 401, ""neutral_exit"": 1743, ""no_active_exit"": 175, ""no_exit_replay"": 515, ""saved_stop"": 148, ""timeout_improved"": 594}","{""candidate_after_baseline_exit"": 82, ""candidate_after_max_hold"": 10, ""lifecycle_without_exit_replay"": 515, ""no_candidate"": 74, ""none"": 2904, ""not_active_exit_eligible"": 1, ""stale_data_no_action"": 8}"
10000,-3000,120000,0,3079,515,2912,167,45,361,2673,-692329,-224.8551477752517,-102.0,-614227,-199.48911984410523,-102.0,78102,25.366027931146476,0.0,26.82074175824176,0.0,1038,374,1500,0.7351274787535411,1412,0.7114958887467381,231,562677,28,267200,807,437627,0,0,1000304,922202,False,True,311.7,8,74,1,83,1,0,515,3079,0,0,4,"{""cut_target"": 28, ""harmful_exit"": 346, ""neutral_exit"": 1500, ""no_active_exit"": 167, ""no_exit_replay"": 515, ""saved_stop"": 231, ""timeout_improved"": 807}","{""candidate_after_baseline_exit"": 83, ""candidate_after_max_hold"": 1, ""lifecycle_without_exit_replay"": 515, ""no_candidate"": 74, ""none"": 2912, ""not_active_exit_eligible"": 1, ""stale_data_no_action"": 8}"
10000,-3000,120000,50,3079,515,2912,167,45,361,2673,-846279,-274.8551477752517,-152.0,-768177,-249.48911984410523,-152.0,78102,25.366027931146476,0.0,26.82074175824176,0.0,1038,374,1500,0.7351274787535411,1412,0.7114958887467381,231,562677,28,267200,807,437627,0,0,1000304,922202,False,True,311.7,8,74,1,83,1,0,515,3079,0,0,4,"{""cut_target"": 28, ""harmful_exit"": 346, ""neutral_exit"": 1500, ""no_active_exit"": 167, ""no_exit_replay"": 515, ""saved_stop"": 231, ""timeout_improved"": 807}","{""candidate_after_baseline_exit"": 83, ""candidate_after_max_hold"": 1, ""lifecycle_without_exit_replay"": 515, ""no_candidate"": 74, ""none"": 2912, ""not_active_exit_eligible"": 1, ""stale_data_no_action"": 8}"
10000,-3000,120000,100,3079,515,2912,167,45,361,2673,-1000229,-324.8551477752517,-202.0,-922127,-299.48911984410523,-202.0,78102,25.366027931146476,0.0,26.82074175824176,0.0,1038,374,1500,0.7351274787535411,1412,0.7114958887467381,231,562677,28,267200,807,437627,0,0,1000304,922202,False,True,311.7,8,74,1,83,1,0,515,3079,0,0,4,"{""cut_target"": 28, ""harmful_exit"": 346, ""neutral_exit"": 1500, ""no_active_exit"": 167, ""no_exit_replay"": 515, ""saved_stop"": 231, ""timeout_improved"": 807}","{""candidate_after_baseline_exit"": 83, ""candidate_after_max_hold"": 1, ""lifecycle_without_exit_replay"": 515, ""no_candidate"": 74, ""none"": 2912, ""not_active_exit_eligible"": 1, ""stale_data_no_action"": 8}"
10000,-3000,120000,150,3079,515,2912,167,45,361,2673,-1154179,-374.8551477752517,-252.0,-1076077,-349.48911984410523,-252.0,78102,25.366027931146476,0.0,26.82074175824176,0.0,1038,374,1500,0.7351274787535411,1412,0.7114958887467381,231,562677,28,267200,807,437627,0,0,1000304,922202,False,True,311.7,8,74,1,83,1,0,515,3079,0,0,4,"{""cut_target"": 28, ""harmful_exit"": 346, ""neutral_exit"": 1500, ""no_active_exit"": 167, ""no_exit_replay"": 515, ""saved_stop"": 231, ""timeout_improved"": 807}","{""candidate_after_baseline_exit"": 83, ""candidate_after_max_hold"": 1, ""lifecycle_without_exit_replay"": 515, ""no_candidate"": 74, ""none"": 2912, ""not_active_exit_eligible"": 1, ""stale_data_no_action"": 8}"
10000,-3000,120000,200,3079,515,2912,167,45,361,2673,-1308129,-424.8551477752517,-302.0,-1230027,-399.48911984410523,-302.0,78102,25.366027931146476,0.0,26.82074175824176,0.0,1038,374,1500,0.7351274787535411,1412,0.7114958887467381,231,562677,28,267200,807,437627,0,0,1000304,922202,False,True,311.7,8,74,1,83,1,0,515,3079,0,0,4,"{""cut_target"": 28, ""harmful_exit"": 346, ""neutral_exit"": 1500, ""no_active_exit"": 167, ""no_exit_replay"": 515, ""saved_stop"": 231, ""timeout_improved"": 807}","{""candidate_after_baseline_exit"": 83, ""candidate_after_max_hold"": 1, ""lifecycle_without_exit_replay"": 515, ""no_candidate"": 74, ""none"": 2912, ""not_active_exit_eligible"": 1, ""stale_data_no_action"": 8}"
10000,-5000,30000,0,3079,515,2898,181,12,83,2984,-689075,-223.7983111399805,-102.0,-644528,-209.33030204611887,-102.0,44547,14.468009093861644,0.0,15.371635610766045,0.0,550,333,2015,0.622876557191393,883,0.5904415392752267,38,111586,6,60635,512,344164,0,0,455750,411203,True,True,89.2,8,74,1,13,85,0,515,3079,0,0,3,"{""cut_target"": 6, ""harmful_exit"": 327, ""neutral_exit"": 2015, ""no_active_exit"": 181, ""no_exit_replay"": 515, ""saved_stop"": 38, ""timeout_improved"": 512}","{""candidate_after_baseline_exit"": 13, ""candidate_after_max_hold"": 85, ""lifecycle_without_exit_replay"": 515, ""no_candidate"": 74, ""none"": 2898, ""not_active_exit_eligible"": 1, ""stale_data_no_action"": 8}"
10000,-5000,30000,50,3079,515,2898,181,12,83,2984,-843025,-273.7983111399805,-152.0,-798478,-259.33030204611885,-152.0,44547,14.468009093861644,0.0,15.371635610766045,0.0,550,333,2015,0.622876557191393,883,0.5904415392752267,38,111586,6,60635,512,344164,0,0,455750,411203,True,True,89.2,8,74,1,13,85,0,515,3079,0,0,3,"{""cut_target"": 6, ""harmful_exit"": 327, ""neutral_exit"": 2015, ""no_active_exit"": 181, ""no_exit_replay"": 515, ""saved_stop"": 38, ""timeout_improved"": 512}","{""candidate_after_baseline_exit"": 13, ""candidate_after_max_hold"": 85, ""lifecycle_without_exit_replay"": 515, ""no_candidate"": 74, ""none"": 2898, ""not_active_exit_eligible"": 1, ""stale_data_no_action"": 8}"
10000,-5000,30000,100,3079,515,2898,181,12,83,2984,-996975,-323.7983111399805,-202.0,-952428,-309.33030204611885,-202.0,44547,14.468009093861644,0.0,15.371635610766045,0.0,550,333,2015,0.622876557191393,883,0.5904415392752267,38,111586,6,60635,512,344164,0,0,455750,411203,True,True,89.2,8,74,1,13,85,0,515,3079,0,0,3,"{""cut_target"": 6, ""harmful_exit"": 327, ""neutral_exit"": 2015, ""no_active_exit"": 181, ""no_exit_replay"": 515, ""saved_stop"": 38, ""timeout_improved"": 512}","{""candidate_after_baseline_exit"": 13, ""candidate_after_max_hold"": 85, ""lifecycle_without_exit_replay"": 515, ""no_candidate"": 74, ""none"": 2898, ""not_active_exit_eligible"": 1, ""stale_data_no_action"": 8}"
10000,-5000,30000,150,3079,515,2898,181,12,83,2984,-1150925,-373.7983111399805,-252.0,-1106378,-359.33030204611885,-252.0,44547,14.468009093861644,0.0,15.371635610766045,0.0,550,333,2015,0.622876557191393,883,0.5904415392752267,38,111586,6,60635,512,344164,0,0,455750,411203,True,True,89.2,8,74,1,13,85,0,515,3079,0,0,3,"{""cut_target"": 6, ""harmful_exit"": 327, ""neutral_exit"": 2015, ""no_active_exit"": 181, ""no_exit_replay"": 515, ""saved_stop"": 38, ""timeout_improved"": 512}","{""candidate_after_baseline_exit"": 13, ""candidate_after_max_hold"": 85, ""lifecycle_without_exit_replay"": 515, ""no_candidate"": 74, ""none"": 2898, ""not_active_exit_eligible"": 1, ""stale_data_no_action"": 8}"
10000,-5000,30000,200,3079,515,2898,181,12,83,2984,-1304875,-423.7983111399805,-302.0,-1260328,-409.33030204611885,-302.0,44547,14.468009093861644,0.0,15.371635610766045,0.0,550,333,2015,0.622876557191393,883,0.5904415392752267,38,111586,6,60635,512,344164,0,0,455750,411203,True,True,89.2,8,74,1,13,85,0,515,3079,0,0,3,"{""cut_target"": 6, ""harmful_exit"": 327, ""neutral_exit"": 2015, ""no_active_exit"": 181, ""no_exit_replay"": 515, ""saved_stop"": 38, ""timeout_improved"": 512}","{""candidate_after_baseline_exit"": 13, ""candidate_after_max_hold"": 85, ""lifecycle_without_exit_replay"": 515, ""no_candidate"": 74, ""none"": 2898, ""not_active_exit_eligible"": 1, ""stale_data_no_action"": 8}"
10000,-5000,60000,0,3079,515,2969,110,30,133,2916,-687900,-223.41669373173107,-102.0,-646246,-209.8882754140955,-102.0,41654,13.528418317635596,0.0,14.029639609296058,0.0,781,438,1750,0.6406890894175554,1219,0.613351570009326,84,278903,18,171308,697,551936,0,0,830839,789185,True,True,153.7,8,74,1,17,10,0,515,3079,0,0,3,"{""cut_target"": 18, ""harmful_exit"": 420, ""neutral_exit"": 1750, ""no_active_exit"": 110, ""no_exit_replay"": 515, ""saved_stop"": 84, ""timeout_improved"": 697}","{""candidate_after_baseline_exit"": 17, ""candidate_after_max_hold"": 10, ""lifecycle_without_exit_replay"": 515, ""no_candidate"": 74, ""none"": 2969, ""not_active_exit_eligible"": 1, ""stale_data_no_action"": 8}"
10000,-5000,60000,50,3079,515,2969,110,30,133,2916,-841850,-273.4166937317311,-152.0,-800196,-259.88827541409546,-152.0,41654,13.528418317635596,0.0,14.029639609296058,0.0,781,438,1750,0.6406890894175554,1219,0.613351570009326,84,278903,18,171308,697,551936,0,0,830839,789185,True,True,153.7,8,74,1,17,10,0,515,3079,0,0,3,"{""cut_target"": 18, ""harmful_exit"": 420, ""neutral_exit"": 1750, ""no_active_exit"": 110, ""no_exit_replay"": 515, ""saved_stop"": 84, ""timeout_improved"": 697}","{""candidate_after_baseline_exit"": 17, ""candidate_after_max_hold"": 10, ""lifecycle_without_exit_replay"": 515, ""no_candidate"": 74, ""none"": 2969, ""not_active_exit_eligible"": 1, ""stale_data_no_action"": 8}"
10000,-5000,60000,100,3079,515,2969,110,30,133,2916,-995800,-323.4166937317311,-202.0,-954146,-309.88827541409546,-202.0,41654,13.528418317635596,0.0,14.029639609296058,0.0,781,438,1750,0.6406890894175554,1219,0.613351570009326,84,278903,18,171308,697,551936,0,0,830839,789185,True,True,153.7,8,74,1,17,10,0,515,3079,0,0,3,"{""cut_target"": 18, ""harmful_exit"": 420, ""neutral_exit"": 1750, ""no_active_exit"": 110, ""no_exit_replay"": 515, ""saved_stop"": 84, ""timeout_improved"": 697}","{""candidate_after_baseline_exit"": 17, ""candidate_after_max_hold"": 10, ""lifecycle_without_exit_replay"": 515, ""no_candidate"": 74, ""none"": 2969, ""not_active_exit_eligible"": 1, ""stale_data_no_action"": 8}"
10000,-5000,60000,150,3079,515,2969,110,30,133,2916,-1149750,-373.4166937317311,-252.0,-1108096,-359.88827541409546,-252.0,41654,13.528418317635596,0.0,14.029639609296058,0.0,781,438,1750,0.6406890894175554,1219,0.613351570009326,84,278903,18,171308,697,551936,0,0,830839,789185,True,True,153.7,8,74,1,17,10,0,515,3079,0,0,3,"{""cut_target"": 18, ""harmful_exit"": 420, ""neutral_exit"": 1750, ""no_active_exit"": 110, ""no_exit_replay"": 515, ""saved_stop"": 84, ""timeout_improved"": 697}","{""candidate_after_baseline_exit"": 17, ""candidate_after_max_hold"": 10, ""lifecycle_without_exit_replay"": 515, ""no_candidate"": 74, ""none"": 2969, ""not_active_exit_eligible"": 1, ""stale_data_no_action"": 8}"
10000,-5000,60000,200,3079,515,2969,110,30,133,2916,-1303700,-423.4166937317311,-302.0,-1262046,-409.88827541409546,-302.0,41654,13.528418317635596,0.0,14.029639609296058,0.0,781,438,1750,0.6406890894175554,1219,0.613351570009326,84,278903,18,171308,697,551936,0,0,830839,789185,True,True,153.7,8,74,1,17,10,0,515,3079,0,0,3,"{""cut_target"": 18, ""harmful_exit"": 420, ""neutral_exit"": 1750, ""no_active_exit"": 110, ""no_exit_replay"": 515, ""saved_stop"": 84, ""timeout_improved"": 697}","{""candidate_after_baseline_exit"": 17, ""candidate_after_max_hold"": 10, ""lifecycle_without_exit_replay"": 515, ""no_candidate"": 74, ""none"": 2969, ""not_active_exit_eligible"": 1, ""stale_data_no_action"": 8}"
10000,-5000,120000,0,3079,515,2978,101,50,185,2844,-1026164,-333.27833712244234,-102.0,-717737,-233.1071776550828,-102.0,308427,100.17115946735953,0.0,103.56850235057085,0.0,1081,390,1507,0.7348742352141401,1471,0.7117269271348834,131,493975,29,281273,950,791668,0,0,1285643,977216,True,True,226.0,8,74,1,17,1,0,515,3079,0,0,4,"{""cut_target"": 29, ""harmful_exit"": 361, ""neutral_exit"": 1507, ""no_active_exit"": 101, ""no_exit_replay"": 515, ""saved_stop"": 131, ""timeout_improved"": 950}","{""candidate_after_baseline_exit"": 17, ""candidate_after_max_hold"": 1, ""lifecycle_without_exit_replay"": 515, ""no_candidate"": 74, ""none"": 2978, ""not_active_exit_eligible"": 1, ""stale_data_no_action"": 8}"
10000,-5000,120000,50,3079,515,2978,101,50,185,2844,-1180114,-383.27833712244234,-152.0,-871687,-283.1071776550828,-152.0,308427,100.17115946735953,0.0,103.56850235057085,0.0,1081,390,1507,0.7348742352141401,1471,0.7117269271348834,131,493975,29,281273,950,791668,0,0,1285643,977216,True,True,226.0,8,74,1,17,1,0,515,3079,0,0,4,"{""cut_target"": 29, ""harmful_exit"": 361, ""neutral_exit"": 1507, ""no_active_exit"": 101, ""no_exit_replay"": 515, ""saved_stop"": 131, ""timeout_improved"": 950}","{""candidate_after_baseline_exit"": 17, ""candidate_after_max_hold"": 1, ""lifecycle_without_exit_replay"": 515, ""no_candidate"": 74, ""none"": 2978, ""not_active_exit_eligible"": 1, ""stale_data_no_action"": 8}"
10000,-5000,120000,100,3079,515,2978,101,50,185,2844,-1334064,-433.27833712244234,-202.0,-1025637,-333.1071776550828,-202.0,308427,100.17115946735953,0.0,103.56850235057085,0.0,1081,390,1507,0.7348742352141401,1471,0.7117269271348834,131,493975,29,281273,950,791668,0,0,1285643,977216,True,True,226.0,8,74,1,17,1,0,515,3079,0,0,4,"{""cut_target"": 29, ""harmful_exit"": 361, ""neutral_exit"": 1507, ""no_active_exit"": 101, ""no_exit_replay"": 515, ""saved_stop"": 131, ""timeout_improved"": 950}","{""candidate_after_baseline_exit"": 17, ""candidate_after_max_hold"": 1, ""lifecycle_without_exit_replay"": 515, ""no_candidate"": 74, ""none"": 2978, ""not_active_exit_eligible"": 1, ""stale_data_no_action"": 8}"
10000,-5000,120000,150,3079,515,2978,101,50,185,2844,-1488014,-483.27833712244234,-252.0,-1179587,-383.1071776550828,-252.0,308427,100.17115946735953,0.0,103.56850235057085,0.0,1081,390,1507,0.7348742352141401,1471,0.7117269271348834,131,493975,29,281273,950,791668,0,0,1285643,977216,True,True,226.0,8,74,1,17,1,0,515,3079,0,0,4,"{""cut_target"": 29, ""harmful_exit"": 361, ""neutral_exit"": 1507, ""no_active_exit"": 101, ""no_exit_replay"": 515, ""saved_stop"": 131, ""timeout_improved"": 950}","{""candidate_after_baseline_exit"": 17, ""candidate_after_max_hold"": 1, ""lifecycle_without_exit_replay"": 515, ""no_candidate"": 74, ""none"": 2978, ""not_active_exit_eligible"": 1, ""stale_data_no_action"": 8}"
10000,-5000,120000,200,3079,515,2978,101,50,185,2844,-1641964,-533.2783371224424,-302.0,-1333537,-433.1071776550828,-302.0,308427,100.17115946735953,0.0,103.56850235057085,0.0,1081,390,1507,0.7348742352141401,1471,0.7117269271348834,131,493975,29,281273,950,791668,0,0,1285643,977216,True,True,226.0,8,74,1,17,1,0,515,3079,0,0,4,"{""cut_target"": 29, ""harmful_exit"": 361, ""neutral_exit"": 1507, ""no_active_exit"": 101, ""no_exit_replay"": 515, ""saved_stop"": 131, ""timeout_improved"": 950}","{""candidate_after_baseline_exit"": 17, ""candidate_after_max_hold"": 1, ""lifecycle_without_exit_replay"": 515, ""no_candidate"": 74, ""none"": 2978, ""not_active_exit_eligible"": 1, ""stale_data_no_action"": 8}"
10000,-6000,30000,0,3079,515,2910,169,12,48,3019,-732020,-237.74602143553102,-102.0,-675204,-219.29327703799936,-102.0,56816,18.452744397531667,0.0,19.524398625429555,0.0,556,338,2016,0.6219239373601789,894,0.5896799395130808,17,58282,6,60635,539,416891,0,0,475173,418357,True,True,70.9,8,74,1,1,85,0,515,3079,0,0,3,"{""cut_target"": 6, ""harmful_exit"": 332, ""neutral_exit"": 2016, ""no_active_exit"": 169, ""no_exit_replay"": 515, ""saved_stop"": 17, ""timeout_improved"": 539}","{""candidate_after_baseline_exit"": 1, ""candidate_after_max_hold"": 85, ""lifecycle_without_exit_replay"": 515, ""no_candidate"": 74, ""none"": 2910, ""not_active_exit_eligible"": 1, ""stale_data_no_action"": 8}"
10000,-6000,30000,50,3079,515,2910,169,12,48,3019,-885970,-287.746021435531,-152.0,-829154,-269.29327703799936,-152.0,56816,18.452744397531667,0.0,19.524398625429555,0.0,556,338,2016,0.6219239373601789,894,0.5896799395130808,17,58282,6,60635,539,416891,0,0,475173,418357,True,True,70.9,8,74,1,1,85,0,515,3079,0,0,3,"{""cut_target"": 6, ""harmful_exit"": 332, ""neutral_exit"": 2016, ""no_active_exit"": 169, ""no_exit_replay"": 515, ""saved_stop"": 17, ""timeout_improved"": 539}","{""candidate_after_baseline_exit"": 1, ""candidate_after_max_hold"": 85, ""lifecycle_without_exit_replay"": 515, ""no_candidate"": 74, ""none"": 2910, ""not_active_exit_eligible"": 1, ""stale_data_no_action"": 8}"
10000,-6000,30000,100,3079,515,2910,169,12,48,3019,-1039920,-337.746021435531,-202.0,-983104,-319.29327703799936,-202.0,56816,18.452744397531667,0.0,19.524398625429555,0.0,556,338,2016,0.6219239373601789,894,0.5896799395130808,17,58282,6,60635,539,416891,0,0,475173,418357,True,True,70.9,8,74,1,1,85,0,515,3079,0,0,3,"{""cut_target"": 6, ""harmful_exit"": 332, ""neutral_exit"": 2016, ""no_active_exit"": 169, ""no_exit_replay"": 515, ""saved_stop"": 17, ""timeout_improved"": 539}","{""candidate_after_baseline_exit"": 1, ""candidate_after_max_hold"": 85, ""lifecycle_without_exit_replay"": 515, ""no_candidate"": 74, ""none"": 2910, ""not_active_exit_eligible"": 1, ""stale_data_no_action"": 8}"
10000,-6000,30000,150,3079,515,2910,169,12,48,3019,-1193870,-387.746021435531,-252.0,-1137054,-369.29327703799936,-252.0,56816,18.452744397531667,0.0,19.524398625429555,0.0,556,338,2016,0.6219239373601789,894,0.5896799395130808,17,58282,6,60635,539,416891,0,0,475173,418357,True,True,70.9,8,74,1,1,85,0,515,3079,0,0,3,"{""cut_target"": 6, ""harmful_exit"": 332, ""neutral_exit"": 2016, ""no_active_exit"": 169, ""no_exit_replay"": 515, ""saved_stop"": 17, ""timeout_improved"": 539}","{""candidate_after_baseline_exit"": 1, ""candidate_after_max_hold"": 85, ""lifecycle_without_exit_replay"": 515, ""no_candidate"": 74, ""none"": 2910, ""not_active_exit_eligible"": 1, ""stale_data_no_action"": 8}"
10000,-6000,30000,200,3079,515,2910,169,12,48,3019,-1347820,-437.746021435531,-302.0,-1291004,-419.29327703799936,-302.0,56816,18.452744397531667,0.0,19.524398625429555,0.0,556,338,2016,0.6219239373601789,894,0.5896799395130808,17,58282,6,60635,539,416891,0,0,475173,418357,True,True,70.9,8,74,1,1,85,0,515,3079,0,0,3,"{""cut_target"": 6, ""harmful_exit"": 332, ""neutral_exit"": 2016, ""no_active_exit"": 169, ""no_exit_replay"": 515, ""saved_stop"": 17, ""timeout_improved"": 539}","{""candidate_after_baseline_exit"": 1, ""candidate_after_max_hold"": 85, ""lifecycle_without_exit_replay"": 515, ""no_candidate"": 74, ""none"": 2910, ""not_active_exit_eligible"": 1, ""stale_data_no_action"": 8}"
10000,-6000,60000,0,3079,515,2984,95,30,82,2967,-758075,-246.20818447547904,-102.0,-675377,-219.3494641117246,-102.0,82698,26.858720363754465,0.0,27.713806970509385,0.0,788,444,1752,0.6396103896103896,1232,0.6124052389792238,48,199808,18,171308,740,679684,0,0,879492,796794,True,True,122.0,8,74,1,2,10,0,515,3079,0,0,3,"{""cut_target"": 18, ""harmful_exit"": 426, ""neutral_exit"": 1752, ""no_active_exit"": 95, ""no_exit_replay"": 515, ""saved_stop"": 48, ""timeout_improved"": 740}","{""candidate_after_baseline_exit"": 2, ""candidate_after_max_hold"": 10, ""lifecycle_without_exit_replay"": 515, ""no_candidate"": 74, ""none"": 2984, ""not_active_exit_eligible"": 1, ""stale_data_no_action"": 8}"
10000,-6000,60000,50,3079,515,2984,95,30,82,2967,-912025,-296.2081844754791,-152.0,-829327,-269.34946411172456,-152.0,82698,26.858720363754465,0.0,27.713806970509385,0.0,788,444,1752,0.6396103896103896,1232,0.6124052389792238,48,199808,18,171308,740,679684,0,0,879492,796794,True,True,122.0,8,74,1,2,10,0,515,3079,0,0,3,"{""cut_target"": 18, ""harmful_exit"": 426, ""neutral_exit"": 1752, ""no_active_exit"": 95, ""no_exit_replay"": 515, ""saved_stop"": 48, ""timeout_improved"": 740}","{""candidate_after_baseline_exit"": 2, ""candidate_after_max_hold"": 10, ""lifecycle_without_exit_replay"": 515, ""no_candidate"": 74, ""none"": 2984, ""not_active_exit_eligible"": 1, ""stale_data_no_action"": 8}"
10000,-6000,60000,100,3079,515,2984,95,30,82,2967,-1065975,-346.2081844754791,-202.0,-983277,-319.34946411172456,-202.0,82698,26.858720363754465,0.0,27.713806970509385,0.0,788,444,1752,0.6396103896103896,1232,0.6124052389792238,48,199808,18,171308,740,679684,0,0,879492,796794,True,True,122.0,8,74,1,2,10,0,515,3079,0,0,3,"{""cut_target"": 18, ""harmful_exit"": 426, ""neutral_exit"": 1752, ""no_active_exit"": 95, ""no_exit_replay"": 515, ""saved_stop"": 48, ""timeout_improved"": 740}","{""candidate_after_baseline_exit"": 2, ""candidate_after_max_hold"": 10, ""lifecycle_without_exit_replay"": 515, ""no_candidate"": 74, ""none"": 2984, ""not_active_exit_eligible"": 1, ""stale_data_no_action"": 8}"
10000,-6000,60000,150,3079,515,2984,95,30,82,2967,-1219925,-396.2081844754791,-252.0,-1137227,-369.34946411172456,-252.0,82698,26.858720363754465,0.0,27.713806970509385,0.0,788,444,1752,0.6396103896103896,1232,0.6124052389792238,48,199808,18,171308,740,679684,0,0,879492,796794,True,True,122.0,8,74,1,2,10,0,515,3079,0,0,3,"{""cut_target"": 18, ""harmful_exit"": 426, ""neutral_exit"": 1752, ""no_active_exit"": 95, ""no_exit_replay"": 515, ""saved_stop"": 48, ""timeout_improved"": 740}","{""candidate_after_baseline_exit"": 2, ""candidate_after_max_hold"": 10, ""lifecycle_without_exit_replay"": 515, ""no_candidate"": 74, ""none"": 2984, ""not_active_exit_eligible"": 1, ""stale_data_no_action"": 8}"
10000,-6000,60000,200,3079,515,2984,95,30,82,2967,-1373875,-446.2081844754791,-302.0,-1291177,-419.34946411172456,-302.0,82698,26.858720363754465,0.0,27.713806970509385,0.0,788,444,1752,0.6396103896103896,1232,0.6124052389792238,48,199808,18,171308,740,679684,0,0,879492,796794,True,True,122.0,8,74,1,2,10,0,515,3079,0,0,3,"{""cut_target"": 18, ""harmful_exit"": 426, ""neutral_exit"": 1752, ""no_active_exit"": 95, ""no_exit_replay"": 515, ""saved_stop"": 48, ""timeout_improved"": 740}","{""candidate_after_baseline_exit"": 2, ""candidate_after_max_hold"": 10, ""lifecycle_without_exit_replay"": 515, ""no_candidate"": 74, ""none"": 2984, ""not_active_exit_eligible"": 1, ""stale_data_no_action"": 8}"
10000,-6000,120000,0,3079,515,2993,86,51,115,2913,-1104668,-358.77492692432605,-102.0,-751868,-244.19227021760312,-102.0,352800,114.58265670672296,0.0,117.87504176411628,0.0,1085,399,1509,0.7311320754716981,1484,0.7079986587528873,76,344248,30,290975,1009,1009017,0,0,1353265,1000465,True,True,176.9,8,74,1,2,1,0,515,3079,0,0,4,"{""cut_target"": 30, ""harmful_exit"": 369, ""neutral_exit"": 1509, ""no_active_exit"": 86, ""no_exit_replay"": 515, ""saved_stop"": 76, ""timeout_improved"": 1009}","{""candidate_after_baseline_exit"": 2, ""candidate_after_max_hold"": 1, ""lifecycle_without_exit_replay"": 515, ""no_candidate"": 74, ""none"": 2993, ""not_active_exit_eligible"": 1, ""stale_data_no_action"": 8}"
10000,-6000,120000,50,3079,515,2993,86,51,115,2913,-1258618,-408.77492692432605,-152.0,-905818,-294.1922702176031,-152.0,352800,114.58265670672296,0.0,117.87504176411628,0.0,1085,399,1509,0.7311320754716981,1484,0.7079986587528873,76,344248,30,290975,1009,1009017,0,0,1353265,1000465,True,True,176.9,8,74,1,2,1,0,515,3079,0,0,4,"{""cut_target"": 30, ""harmful_exit"": 369, ""neutral_exit"": 1509, ""no_active_exit"": 86, ""no_exit_replay"": 515, ""saved_stop"": 76, ""timeout_improved"": 1009}","{""candidate_after_baseline_exit"": 2, ""candidate_after_max_hold"": 1, ""lifecycle_without_exit_replay"": 515, ""no_candidate"": 74, ""none"": 2993, ""not_active_exit_eligible"": 1, ""stale_data_no_action"": 8}"
10000,-6000,120000,100,3079,515,2993,86,51,115,2913,-1412568,-458.77492692432605,-202.0,-1059768,-344.1922702176031,-202.0,352800,114.58265670672296,0.0,117.87504176411628,0.0,1085,399,1509,0.7311320754716981,1484,0.7079986587528873,76,344248,30,290975,1009,1009017,0,0,1353265,1000465,True,True,176.9,8,74,1,2,1,0,515,3079,0,0,4,"{""cut_target"": 30, ""harmful_exit"": 369, ""neutral_exit"": 1509, ""no_active_exit"": 86, ""no_exit_replay"": 515, ""saved_stop"": 76, ""timeout_improved"": 1009}","{""candidate_after_baseline_exit"": 2, ""candidate_after_max_hold"": 1, ""lifecycle_without_exit_replay"": 515, ""no_candidate"": 74, ""none"": 2993, ""not_active_exit_eligible"": 1, ""stale_data_no_action"": 8}"
10000,-6000,120000,150,3079,515,2993,86,51,115,2913,-1566518,-508.77492692432605,-252.0,-1213718,-394.1922702176031,-252.0,352800,114.58265670672296,0.0,117.87504176411628,0.0,1085,399,1509,0.7311320754716981,1484,0.7079986587528873,76,344248,30,290975,1009,1009017,0,0,1353265,1000465,True,True,176.9,8,74,1,2,1,0,515,3079,0,0,4,"{""cut_target"": 30, ""harmful_exit"": 369, ""neutral_exit"": 1509, ""no_active_exit"": 86, ""no_exit_replay"": 515, ""saved_stop"": 76, ""timeout_improved"": 1009}","{""candidate_after_baseline_exit"": 2, ""candidate_after_max_hold"": 1, ""lifecycle_without_exit_replay"": 515, ""no_candidate"": 74, ""none"": 2993, ""not_active_exit_eligible"": 1, ""stale_data_no_action"": 8}"
10000,-6000,120000,200,3079,515,2993,86,51,115,2913,-1720468,-558.7749269243261,-302.0,-1367668,-444.1922702176031,-302.0,352800,114.58265670672296,0.0,117.87504176411628,0.0,1085,399,1509,0.7311320754716981,1484,0.7079986587528873,76,344248,30,290975,1009,1009017,0,0,1353265,1000465,True,True,176.9,8,74,1,2,1,0,515,3079,0,0,4,"{""cut_target"": 30, ""harmful_exit"": 369, ""neutral_exit"": 1509, ""no_active_exit"": 86, ""no_exit_replay"": 515, ""saved_stop"": 76, ""timeout_improved"": 1009}","{""candidate_after_baseline_exit"": 2, ""candidate_after_max_hold"": 1, ""lifecycle_without_exit_replay"": 515, ""no_candidate"": 74, ""none"": 2993, ""not_active_exit_eligible"": 1, ""stale_data_no_action"": 8}"
