scope,anchor,mask_name,target_bps,stop_bps,max_hold_ms,guard_name,early_horizon_ms,segment,supported_rows,unsupported_rows,action_taken_count,no_action_count,baseline_target_count,baseline_stop_count,baseline_timeout_count,baseline_sum_after_cost_bps,baseline_avg_after_cost_bps,baseline_median_after_cost_bps,tsv2_sum_after_cost_bps,tsv2_avg_after_cost_bps,tsv2_median_after_cost_bps,delta_sum_bps,delta_avg_bps,delta_median_bps,action_delta_avg_bps,action_delta_median_bps,beneficial_exit_count,harmful_exit_count,neutral_exit_count,exit_action_precision,exit_action_precision_denominator,exit_action_precision_wilson95_lower,saved_stop_count,saved_stop_damage_bps,target_cut_count,target_cut_damage_bps,timeout_improved_count,timeout_improved_bps,generic_beneficial_count,generic_beneficial_bps,gross_saved_damage_bps,harmful_damage_bps,target_cut_damage_ratio,target_cut_damage_guard_pass,target_cut_count_guard_pass,target_cut_count_guard_limit,stale_no_action_exclusions,no_candidate_exclusions,not_active_exit_eligible_exclusions,candidate_after_baseline_exclusions,candidate_after_max_hold_exclusions,ambiguous_unjoined_exclusions,lifecycle_without_exit_replay_exclusions,exact_rows,path_approx_rows,baseline_unavailable_rows,max_consecutive_harmful_actions,classification_counts,exclusion_counts,segment_target_cut_damage_guard_pass
shadow-burnin-v3-r49-r48-target60-stop60-exit-replay-timestop-v2-maxwait66000-r1,M0_ALL / 6000 / -6000 / 120000,M0_ALL,6000,-6000,120000,G0_NONE,10000,train,1583,0,1550,33,54,45,1484,-756172,-477.68288060644346,-202.0,-522914,-330.3310170562224,-202.0,233258,147.3518635502211,0.0,150.48903225806453,0.0,553,216,781,0.7191157347204161,769,0.686321997493627,35,166147,38,220836,518,534045,0,0,700192,466934,0.3153934920707463,False,True,86.80000000000001,7,26,0,0,0,0,0,1583,0,0,4,"{""cut_target"": 38, ""harmful_exit"": 178, ""neutral_exit"": 781, ""no_active_exit"": 33, ""saved_stop"": 35, ""timeout_improved"": 518}","{""no_candidate"": 26, ""none"": 1550, ""stale_data_no_action"": 7}",False
shadow-burnin-v3-r49-r48-target60-stop60-exit-replay-timestop-v2-maxwait66000-r1,M0_ALL / 6000 / -6000 / 120000,M0_ALL,6000,-6000,120000,G0_NONE,10000,validation,1583,0,1528,55,82,62,1439,-595310,-376.0644346178143,-202.0,-501144,-316.5786481364498,-202.0,94166,59.4857864813645,0.0,61.62696335078534,0.0,536,209,783,0.7194630872483222,745,0.686140072784427,37,157291,54,282940,499,456600,0,0,613891,519725,0.46089615257431693,False,True,86.9,1,51,0,2,1,0,0,1583,0,0,3,"{""cut_target"": 54, ""harmful_exit"": 155, ""neutral_exit"": 783, ""no_active_exit"": 55, ""saved_stop"": 37, ""timeout_improved"": 499}","{""candidate_after_baseline_exit"": 2, ""candidate_after_max_hold"": 1, ""no_candidate"": 51, ""none"": 1528, ""stale_data_no_action"": 1}",False
shadow-burnin-v3-r49-r48-target60-stop60-exit-replay-timestop-v2-maxwait66000-r1,M0_ALL / 6000 / -6000 / 120000,M0_ALL,6000,-6000,120000,G0_NONE,10000,holdout,1582,0,1540,42,56,38,1488,-582382,-368.1302149178255,-202.0,-483747,-305.7819216182048,-202.0,98635,62.348293299620735,0.0,64.0487012987013,0.0,478,156,906,0.7539432176656151,634,0.7189532893322834,26,102562,37,223603,452,373468,0,0,476030,377395,0.4697245971892528,False,True,71.2,7,33,0,0,2,0,0,1582,0,0,2,"{""cut_target"": 37, ""harmful_exit"": 119, ""neutral_exit"": 906, ""no_active_exit"": 42, ""saved_stop"": 26, ""timeout_improved"": 452}","{""candidate_after_max_hold"": 2, ""no_candidate"": 33, ""none"": 1540, ""stale_data_no_action"": 7}",False
shadow-burnin-v3-r49-r48-target60-stop60-exit-replay-timestop-v2-maxwait66000-r1,M0_ALL / 6000 / -6000 / 120000,M0_ALL,6000,-6000,120000,G0_NONE,20000,train,1583,0,1550,33,54,45,1484,-756172,-477.68288060644346,-202.0,-522914,-330.3310170562224,-202.0,233258,147.3518635502211,0.0,150.48903225806453,0.0,553,216,781,0.7191157347204161,769,0.686321997493627,35,166147,38,220836,518,534045,0,0,700192,466934,0.3153934920707463,False,True,86.80000000000001,7,26,0,0,0,0,0,1583,0,0,4,"{""cut_target"": 38, ""harmful_exit"": 178, ""neutral_exit"": 781, ""no_active_exit"": 33, ""saved_stop"": 35, ""timeout_improved"": 518}","{""no_candidate"": 26, ""none"": 1550, ""stale_data_no_action"": 7}",False
shadow-burnin-v3-r49-r48-target60-stop60-exit-replay-timestop-v2-maxwait66000-r1,M0_ALL / 6000 / -6000 / 120000,M0_ALL,6000,-6000,120000,G0_NONE,20000,validation,1583,0,1528,55,82,62,1439,-595310,-376.0644346178143,-202.0,-501144,-316.5786481364498,-202.0,94166,59.4857864813645,0.0,61.62696335078534,0.0,536,209,783,0.7194630872483222,745,0.686140072784427,37,157291,54,282940,499,456600,0,0,613891,519725,0.46089615257431693,False,True,86.9,1,51,0,2,1,0,0,1583,0,0,3,"{""cut_target"": 54, ""harmful_exit"": 155, ""neutral_exit"": 783, ""no_active_exit"": 55, ""saved_stop"": 37, ""timeout_improved"": 499}","{""candidate_after_baseline_exit"": 2, ""candidate_after_max_hold"": 1, ""no_candidate"": 51, ""none"": 1528, ""stale_data_no_action"": 1}",False
shadow-burnin-v3-r49-r48-target60-stop60-exit-replay-timestop-v2-maxwait66000-r1,M0_ALL / 6000 / -6000 / 120000,M0_ALL,6000,-6000,120000,G0_NONE,20000,holdout,1582,0,1540,42,56,38,1488,-582382,-368.1302149178255,-202.0,-483747,-305.7819216182048,-202.0,98635,62.348293299620735,0.0,64.0487012987013,0.0,478,156,906,0.7539432176656151,634,0.7189532893322834,26,102562,37,223603,452,373468,0,0,476030,377395,0.4697245971892528,False,True,71.2,7,33,0,0,2,0,0,1582,0,0,2,"{""cut_target"": 37, ""harmful_exit"": 119, ""neutral_exit"": 906, ""no_active_exit"": 42, ""saved_stop"": 26, ""timeout_improved"": 452}","{""candidate_after_max_hold"": 2, ""no_candidate"": 33, ""none"": 1540, ""stale_data_no_action"": 7}",False
shadow-burnin-v3-r49-r48-target60-stop60-exit-replay-timestop-v2-maxwait66000-r1,M0_ALL / 6000 / -6000 / 120000,M0_ALL,6000,-6000,120000,G0_NONE,30000,train,1583,0,1550,33,54,45,1484,-756172,-477.68288060644346,-202.0,-522914,-330.3310170562224,-202.0,233258,147.3518635502211,0.0,150.48903225806453,0.0,553,216,781,0.7191157347204161,769,0.686321997493627,35,166147,38,220836,518,534045,0,0,700192,466934,0.3153934920707463,False,True,86.80000000000001,7,26,0,0,0,0,0,1583,0,0,4,"{""cut_target"": 38, ""harmful_exit"": 178, ""neutral_exit"": 781, ""no_active_exit"": 33, ""saved_stop"": 35, ""timeout_improved"": 518}","{""no_candidate"": 26, ""none"": 1550, ""stale_data_no_action"": 7}",False
shadow-burnin-v3-r49-r48-target60-stop60-exit-replay-timestop-v2-maxwait66000-r1,M0_ALL / 6000 / -6000 / 120000,M0_ALL,6000,-6000,120000,G0_NONE,30000,validation,1583,0,1528,55,82,62,1439,-595310,-376.0644346178143,-202.0,-501144,-316.5786481364498,-202.0,94166,59.4857864813645,0.0,61.62696335078534,0.0,536,209,783,0.7194630872483222,745,0.686140072784427,37,157291,54,282940,499,456600,0,0,613891,519725,0.46089615257431693,False,True,86.9,1,51,0,2,1,0,0,1583,0,0,3,"{""cut_target"": 54, ""harmful_exit"": 155, ""neutral_exit"": 783, ""no_active_exit"": 55, ""saved_stop"": 37, ""timeout_improved"": 499}","{""candidate_after_baseline_exit"": 2, ""candidate_after_max_hold"": 1, ""no_candidate"": 51, ""none"": 1528, ""stale_data_no_action"": 1}",False
shadow-burnin-v3-r49-r48-target60-stop60-exit-replay-timestop-v2-maxwait66000-r1,M0_ALL / 6000 / -6000 / 120000,M0_ALL,6000,-6000,120000,G0_NONE,30000,holdout,1582,0,1540,42,56,38,1488,-582382,-368.1302149178255,-202.0,-483747,-305.7819216182048,-202.0,98635,62.348293299620735,0.0,64.0487012987013,0.0,478,156,906,0.7539432176656151,634,0.7189532893322834,26,102562,37,223603,452,373468,0,0,476030,377395,0.4697245971892528,False,True,71.2,7,33,0,0,2,0,0,1582,0,0,2,"{""cut_target"": 37, ""harmful_exit"": 119, ""neutral_exit"": 906, ""no_active_exit"": 42, ""saved_stop"": 26, ""timeout_improved"": 452}","{""candidate_after_max_hold"": 2, ""no_candidate"": 33, ""none"": 1540, ""stale_data_no_action"": 7}",False
shadow-burnin-v3-r49-r48-target60-stop60-exit-replay-timestop-v2-maxwait66000-r1,M0_ALL / 6000 / -6000 / 120000,M0_ALL,6000,-6000,120000,G0_NONE,45000,train,1583,0,1550,33,54,45,1484,-756172,-477.68288060644346,-202.0,-522914,-330.3310170562224,-202.0,233258,147.3518635502211,0.0,150.48903225806453,0.0,553,216,781,0.7191157347204161,769,0.686321997493627,35,166147,38,220836,518,534045,0,0,700192,466934,0.3153934920707463,False,True,86.80000000000001,7,26,0,0,0,0,0,1583,0,0,4,"{""cut_target"": 38, ""harmful_exit"": 178, ""neutral_exit"": 781, ""no_active_exit"": 33, ""saved_stop"": 35, ""timeout_improved"": 518}","{""no_candidate"": 26, ""none"": 1550, ""stale_data_no_action"": 7}",False
shadow-burnin-v3-r49-r48-target60-stop60-exit-replay-timestop-v2-maxwait66000-r1,M0_ALL / 6000 / -6000 / 120000,M0_ALL,6000,-6000,120000,G0_NONE,45000,validation,1583,0,1528,55,82,62,1439,-595310,-376.0644346178143,-202.0,-501144,-316.5786481364498,-202.0,94166,59.4857864813645,0.0,61.62696335078534,0.0,536,209,783,0.7194630872483222,745,0.686140072784427,37,157291,54,282940,499,456600,0,0,613891,519725,0.46089615257431693,False,True,86.9,1,51,0,2,1,0,0,1583,0,0,3,"{""cut_target"": 54, ""harmful_exit"": 155, ""neutral_exit"": 783, ""no_active_exit"": 55, ""saved_stop"": 37, ""timeout_improved"": 499}","{""candidate_after_baseline_exit"": 2, ""candidate_after_max_hold"": 1, ""no_candidate"": 51, ""none"": 1528, ""stale_data_no_action"": 1}",False
shadow-burnin-v3-r49-r48-target60-stop60-exit-replay-timestop-v2-maxwait66000-r1,M0_ALL / 6000 / -6000 / 120000,M0_ALL,6000,-6000,120000,G0_NONE,45000,holdout,1582,0,1540,42,56,38,1488,-582382,-368.1302149178255,-202.0,-483747,-305.7819216182048,-202.0,98635,62.348293299620735,0.0,64.0487012987013,0.0,478,156,906,0.7539432176656151,634,0.7189532893322834,26,102562,37,223603,452,373468,0,0,476030,377395,0.4697245971892528,False,True,71.2,7,33,0,0,2,0,0,1582,0,0,2,"{""cut_target"": 37, ""harmful_exit"": 119, ""neutral_exit"": 906, ""no_active_exit"": 42, ""saved_stop"": 26, ""timeout_improved"": 452}","{""candidate_after_max_hold"": 2, ""no_candidate"": 33, ""none"": 1540, ""stale_data_no_action"": 7}",False
shadow-burnin-v3-r49-r48-target60-stop60-exit-replay-timestop-v2-maxwait66000-r1,M0_ALL / 6000 / -6000 / 120000,M0_ALL,6000,-6000,120000,G1_STEADY_EARLY_STRENGTH,10000,train,1583,0,1472,111,54,45,1484,-756172,-477.68288060644346,-202.0,-574440,-362.8806064434618,-202.0,181732,114.80227416298167,0.0,123.45923913043478,0.0,510,183,779,0.7359307359307359,693,0.7018733549181593,29,125290,23,154630,481,431240,0,0,556530,374798,0.2778466569636857,False,True,77.1,7,26,0,0,0,0,0,1583,0,0,4,"{""cut_target"": 23, ""harmful_exit"": 160, ""neutral_exit"": 779, ""no_active_exit"": 111, ""saved_stop"": 29, ""timeout_improved"": 481}","{""no_candidate"": 26, ""none"": 1472, ""rtp_guard_protected"": 78, ""stale_data_no_action"": 7}",False
shadow-burnin-v3-r49-r48-target60-stop60-exit-replay-timestop-v2-maxwait66000-r1,M0_ALL / 6000 / -6000 / 120000,M0_ALL,6000,-6000,120000,G1_STEADY_EARLY_STRENGTH,10000,validation,1583,0,1444,139,82,62,1439,-595310,-376.0644346178143,-202.0,-500412,-316.11623499684146,-202.0,94898,59.94819962097284,0.0,65.71883656509695,0.0,495,169,780,0.7454819277108434,664,0.7110036021113375,29,113108,29,171912,466,360094,0,0,473202,378304,0.36329516781416815,False,True,75.6,1,51,0,2,1,0,0,1583,0,0,3,"{""cut_target"": 29, ""harmful_exit"": 140, ""neutral_exit"": 780, ""no_active_exit"": 139, ""saved_stop"": 29, ""timeout_improved"": 466}","{""candidate_after_baseline_exit"": 2, ""candidate_after_max_hold"": 1, ""no_candidate"": 51, ""none"": 1444, ""rtp_guard_protected"": 84, ""stale_data_no_action"": 1}",False
shadow-burnin-v3-r49-r48-target60-stop60-exit-replay-timestop-v2-maxwait66000-r1,M0_ALL / 6000 / -6000 / 120000,M0_ALL,6000,-6000,120000,G1_STEADY_EARLY_STRENGTH,10000,holdout,1582,0,1485,97,56,38,1488,-582382,-368.1302149178255,-202.0,-519686,-328.4993678887484,-202.0,62696,39.63084702907712,0.0,42.21952861952862,0.0,443,136,906,0.7651122625215889,579,0.7289041875039911,20,75544,28,185063,423,308887,0,0,384431,321735,0.48139458056192136,False,True,62.300000000000004,7,33,0,0,2,0,0,1582,0,0,2,"{""cut_target"": 28, ""harmful_exit"": 108, ""neutral_exit"": 906, ""no_active_exit"": 97, ""saved_stop"": 20, ""timeout_improved"": 423}","{""candidate_after_max_hold"": 2, ""no_candidate"": 33, ""none"": 1485, ""rtp_guard_protected"": 55, ""stale_data_no_action"": 7}",False
shadow-burnin-v3-r49-r48-target60-stop60-exit-replay-timestop-v2-maxwait66000-r1,M0_ALL / 6000 / -6000 / 120000,M0_ALL,6000,-6000,120000,G1_STEADY_EARLY_STRENGTH,20000,train,1583,0,1473,110,54,45,1484,-756172,-477.68288060644346,-202.0,-546628,-345.3114339861023,-202.0,209544,132.37144662034112,0.0,142.25661914460287,0.0,516,178,779,0.7435158501440923,694,0.7097476261236151,30,130718,22,148890,486,438218,0,0,568936,359392,0.2616990311739809,False,True,78.6,7,26,0,0,0,0,0,1583,0,0,4,"{""cut_target"": 22, ""harmful_exit"": 156, ""neutral_exit"": 779, ""no_active_exit"": 110, ""saved_stop"": 30, ""timeout_improved"": 486}","{""no_candidate"": 26, ""none"": 1473, ""rtp_guard_protected"": 77, ""stale_data_no_action"": 7}",False
shadow-burnin-v3-r49-r48-target60-stop60-exit-replay-timestop-v2-maxwait66000-r1,M0_ALL / 6000 / -6000 / 120000,M0_ALL,6000,-6000,120000,G1_STEADY_EARLY_STRENGTH,20000,validation,1583,0,1444,139,82,62,1439,-595310,-376.0644346178143,-202.0,-528441,-333.8224889450411,-202.0,66869,42.24194567277321,0.0,46.30817174515236,0.0,493,170,781,0.7435897435897436,663,0.7090153818557637,30,116681,32,197244,463,348335,0,0,465016,398147,0.4241660502004232,False,True,76.30000000000001,1,51,0,2,1,0,0,1583,0,0,3,"{""cut_target"": 32, ""harmful_exit"": 138, ""neutral_exit"": 781, ""no_active_exit"": 139, ""saved_stop"": 30, ""timeout_improved"": 463}","{""candidate_after_baseline_exit"": 2, ""candidate_after_max_hold"": 1, ""no_candidate"": 51, ""none"": 1444, ""rtp_guard_protected"": 84, ""stale_data_no_action"": 1}",False
shadow-burnin-v3-r49-r48-target60-stop60-exit-replay-timestop-v2-maxwait66000-r1,M0_ALL / 6000 / -6000 / 120000,M0_ALL,6000,-6000,120000,G1_STEADY_EARLY_STRENGTH,20000,holdout,1582,0,1489,93,56,38,1488,-582382,-368.1302149178255,-202.0,-511750,-323.48293299620735,-202.0,70632,44.6472819216182,0.0,47.435862995298855,0.0,448,135,906,0.7684391080617495,583,0.7325075861998313,22,82513,29,193034,426,312594,0,0,395107,324475,0.48856132642549993,False,True,64.6,7,33,0,0,2,0,0,1582,0,0,2,"{""cut_target"": 29, ""harmful_exit"": 106, ""neutral_exit"": 906, ""no_active_exit"": 93, ""saved_stop"": 22, ""timeout_improved"": 426}","{""candidate_after_max_hold"": 2, ""no_candidate"": 33, ""none"": 1489, ""rtp_guard_protected"": 51, ""stale_data_no_action"": 7}",False
shadow-burnin-v3-r49-r48-target60-stop60-exit-replay-timestop-v2-maxwait66000-r1,M0_ALL / 6000 / -6000 / 120000,M0_ALL,6000,-6000,120000,G1_STEADY_EARLY_STRENGTH,30000,train,1583,0,1476,107,54,45,1484,-756172,-477.68288060644346,-202.0,-541182,-341.87113076437146,-202.0,214990,135.811749842072,0.0,145.65718157181573,0.0,520,177,779,0.7460545193687231,697,0.7124525737854148,30,130718,22,148890,490,442491,0,0,573209,358219,0.25974818957832135,False,True,79.0,7,26,0,0,0,0,0,1583,0,0,4,"{""cut_target"": 22, ""harmful_exit"": 155, ""neutral_exit"": 779, ""no_active_exit"": 107, ""saved_stop"": 30, ""timeout_improved"": 490}","{""no_candidate"": 26, ""none"": 1476, ""rtp_guard_protected"": 74, ""stale_data_no_action"": 7}",False
shadow-burnin-v3-r49-r48-target60-stop60-exit-replay-timestop-v2-maxwait66000-r1,M0_ALL / 6000 / -6000 / 120000,M0_ALL,6000,-6000,120000,G1_STEADY_EARLY_STRENGTH,30000,validation,1583,0,1448,135,82,62,1439,-595310,-376.0644346178143,-202.0,-524471,-331.31459254579914,-202.0,70839,44.74984207201516,0.0,48.92196132596685,0.0,497,170,781,0.7451274362818591,667,0.7107166055091765,31,116846,32,201104,466,357291,0,0,474137,403298,0.42414745105317664,False,True,77.6,1,51,0,2,1,0,0,1583,0,0,3,"{""cut_target"": 32, ""harmful_exit"": 138, ""neutral_exit"": 781, ""no_active_exit"": 135, ""saved_stop"": 31, ""timeout_improved"": 466}","{""candidate_after_baseline_exit"": 2, ""candidate_after_max_hold"": 1, ""no_candidate"": 51, ""none"": 1448, ""rtp_guard_protected"": 80, ""stale_data_no_action"": 1}",False
shadow-burnin-v3-r49-r48-target60-stop60-exit-replay-timestop-v2-maxwait66000-r1,M0_ALL / 6000 / -6000 / 120000,M0_ALL,6000,-6000,120000,G1_STEADY_EARLY_STRENGTH,30000,holdout,1582,0,1491,91,56,38,1488,-582382,-368.1302149178255,-202.0,-502934,-317.9102402022756,-202.0,79448,50.21997471554994,0.0,53.28504359490275,0.0,450,135,906,0.7692307692307693,585,0.7333987457906032,23,88815,29,193034,427,315108,0,0,403923,324475,0.4778980152157713,False,True,65.7,7,33,0,0,2,0,0,1582,0,0,2,"{""cut_target"": 29, ""harmful_exit"": 106, ""neutral_exit"": 906, ""no_active_exit"": 91, ""saved_stop"": 23, ""timeout_improved"": 427}","{""candidate_after_max_hold"": 2, ""no_candidate"": 33, ""none"": 1491, ""rtp_guard_protected"": 49, ""stale_data_no_action"": 7}",False
shadow-burnin-v3-r49-r48-target60-stop60-exit-replay-timestop-v2-maxwait66000-r1,M0_ALL / 6000 / -6000 / 120000,M0_ALL,6000,-6000,120000,G1_STEADY_EARLY_STRENGTH,45000,train,1583,0,1478,105,54,45,1484,-756172,-477.68288060644346,-202.0,-543941,-343.6140240050537,-202.0,212231,134.06885660138977,0.0,143.59336941813262,0.0,520,179,779,0.7439198855507868,699,0.710291306530065,30,130718,22,148890,490,442491,0,0,573209,360978,0.25974818957832135,False,True,79.0,7,26,0,0,0,0,0,1583,0,0,4,"{""cut_target"": 22, ""harmful_exit"": 157, ""neutral_exit"": 779, ""no_active_exit"": 105, ""saved_stop"": 30, ""timeout_improved"": 490}","{""no_candidate"": 26, ""none"": 1478, ""rtp_guard_protected"": 72, ""stale_data_no_action"": 7}",False
shadow-burnin-v3-r49-r48-target60-stop60-exit-replay-timestop-v2-maxwait66000-r1,M0_ALL / 6000 / -6000 / 120000,M0_ALL,6000,-6000,120000,G1_STEADY_EARLY_STRENGTH,45000,validation,1583,0,1449,134,82,62,1439,-595310,-376.0644346178143,-202.0,-526549,-332.62728995578016,-202.0,68761,43.437144662034115,0.0,47.45410628019324,0.0,498,170,781,0.7455089820359282,668,0.7111388147431537,31,116846,32,201104,467,358315,0,0,475161,406400,0.4232333882620838,False,True,77.7,1,51,0,2,1,0,0,1583,0,0,3,"{""cut_target"": 32, ""harmful_exit"": 138, ""neutral_exit"": 781, ""no_active_exit"": 134, ""saved_stop"": 31, ""timeout_improved"": 467}","{""candidate_after_baseline_exit"": 2, ""candidate_after_max_hold"": 1, ""no_candidate"": 51, ""none"": 1449, ""rtp_guard_protected"": 79, ""stale_data_no_action"": 1}",False
shadow-burnin-v3-r49-r48-target60-stop60-exit-replay-timestop-v2-maxwait66000-r1,M0_ALL / 6000 / -6000 / 120000,M0_ALL,6000,-6000,120000,G1_STEADY_EARLY_STRENGTH,45000,holdout,1582,0,1492,90,56,38,1488,-582382,-368.1302149178255,-202.0,-509064,-321.78508217446273,-202.0,73318,46.34513274336283,0.0,49.14075067024129,0.0,451,135,906,0.7696245733788396,586,0.7338421070200326,23,82529,29,193034,428,315264,0,0,397793,324475,0.48526243548780396,False,True,65.80000000000001,7,33,0,0,2,0,0,1582,0,0,2,"{""cut_target"": 29, ""harmful_exit"": 106, ""neutral_exit"": 906, ""no_active_exit"": 90, ""saved_stop"": 23, ""timeout_improved"": 428}","{""candidate_after_max_hold"": 2, ""no_candidate"": 33, ""none"": 1492, ""rtp_guard_protected"": 48, ""stale_data_no_action"": 7}",False
shadow-burnin-v3-r49-r48-target60-stop60-exit-replay-timestop-v2-maxwait66000-r1,M0_ALL / 6000 / -6000 / 120000,M0_ALL,6000,-6000,120000,G2_RECOVERY_AFTER_EARLY_DRAWDOWN,10000,train,1583,0,1534,49,54,45,1484,-756172,-477.68288060644346,-202.0,-515438,-325.60833859759947,-202.0,240734,152.07454200884396,0.0,156.9322033898305,0.0,545,208,781,0.7237715803452855,753,0.6907603359897438,34,161092,36,208977,511,524279,0,0,685371,444637,0.3049107709547092,False,True,85.1,7,26,0,0,0,0,0,1583,0,0,3,"{""cut_target"": 36, ""harmful_exit"": 172, ""neutral_exit"": 781, ""no_active_exit"": 49, ""saved_stop"": 34, ""timeout_improved"": 511}","{""no_candidate"": 26, ""none"": 1534, ""rtp_guard_protected"": 16, ""stale_data_no_action"": 7}",False
shadow-burnin-v3-r49-r48-target60-stop60-exit-replay-timestop-v2-maxwait66000-r1,M0_ALL / 6000 / -6000 / 120000,M0_ALL,6000,-6000,120000,G2_RECOVERY_AFTER_EARLY_DRAWDOWN,10000,validation,1583,0,1518,65,82,62,1439,-595310,-376.0644346178143,-202.0,-478065,-301.9993682880606,-202.0,117245,74.06506632975363,0.0,77.2364953886693,0.0,533,202,783,0.7251700680272108,735,0.6917878044532143,34,145000,47,247570,499,456600,0,0,601600,484355,0.4115192819148936,False,True,83.9,1,51,0,2,1,0,0,1583,0,0,3,"{""cut_target"": 47, ""harmful_exit"": 155, ""neutral_exit"": 783, ""no_active_exit"": 65, ""saved_stop"": 34, ""timeout_improved"": 499}","{""candidate_after_baseline_exit"": 2, ""candidate_after_max_hold"": 1, ""no_candidate"": 51, ""none"": 1518, ""rtp_guard_protected"": 10, ""stale_data_no_action"": 1}",False
shadow-burnin-v3-r49-r48-target60-stop60-exit-replay-timestop-v2-maxwait66000-r1,M0_ALL / 6000 / -6000 / 120000,M0_ALL,6000,-6000,120000,G2_RECOVERY_AFTER_EARLY_DRAWDOWN,10000,holdout,1582,0,1532,50,56,38,1488,-582382,-368.1302149178255,-202.0,-477888,-302.078381795196,-202.0,104494,66.05183312262959,0.0,68.20757180156657,0.0,476,150,906,0.7603833865814696,626,0.7254219576144365,25,97113,36,217620,451,369869,0,0,466982,362488,0.46601367932811116,False,True,70.1,7,33,0,0,2,0,0,1582,0,0,2,"{""cut_target"": 36, ""harmful_exit"": 114, ""neutral_exit"": 906, ""no_active_exit"": 50, ""saved_stop"": 25, ""timeout_improved"": 451}","{""candidate_after_max_hold"": 2, ""no_candidate"": 33, ""none"": 1532, ""rtp_guard_protected"": 8, ""stale_data_no_action"": 7}",False
shadow-burnin-v3-r49-r48-target60-stop60-exit-replay-timestop-v2-maxwait66000-r1,M0_ALL / 6000 / -6000 / 120000,M0_ALL,6000,-6000,120000,G2_RECOVERY_AFTER_EARLY_DRAWDOWN,20000,train,1583,0,1532,51,54,45,1484,-756172,-477.68288060644346,-202.0,-502485,-317.4257738471257,-202.0,253687,160.25710675931776,0.0,165.5920365535248,0.0,544,207,781,0.7243675099866844,751,0.691329159000606,35,166147,35,202443,509,521852,0,0,687999,434312,0.2942489741990904,False,True,85.9,7,26,0,0,0,0,0,1583,0,0,3,"{""cut_target"": 35, ""harmful_exit"": 172, ""neutral_exit"": 781, ""no_active_exit"": 51, ""saved_stop"": 35, ""timeout_improved"": 509}","{""no_candidate"": 26, ""none"": 1532, ""rtp_guard_protected"": 18, ""stale_data_no_action"": 7}",False
shadow-burnin-v3-r49-r48-target60-stop60-exit-replay-timestop-v2-maxwait66000-r1,M0_ALL / 6000 / -6000 / 120000,M0_ALL,6000,-6000,120000,G2_RECOVERY_AFTER_EARLY_DRAWDOWN,20000,validation,1583,0,1511,72,82,62,1439,-595310,-376.0644346178143,-202.0,-486411,-307.2716361339229,-202.0,108899,68.79279848389135,0.0,72.07081403044342,0.0,531,197,783,0.7293956043956044,728,0.6959813864608481,34,137563,48,254101,497,452102,0,0,589665,480766,0.4309243383955297,False,True,83.7,1,51,0,2,1,0,0,1583,0,0,3,"{""cut_target"": 48, ""harmful_exit"": 149, ""neutral_exit"": 783, ""no_active_exit"": 72, ""saved_stop"": 34, ""timeout_improved"": 497}","{""candidate_after_baseline_exit"": 2, ""candidate_after_max_hold"": 1, ""no_candidate"": 51, ""none"": 1511, ""rtp_guard_protected"": 17, ""stale_data_no_action"": 1}",False
shadow-burnin-v3-r49-r48-target60-stop60-exit-replay-timestop-v2-maxwait66000-r1,M0_ALL / 6000 / -6000 / 120000,M0_ALL,6000,-6000,120000,G2_RECOVERY_AFTER_EARLY_DRAWDOWN,20000,holdout,1582,0,1529,53,56,38,1488,-582382,-368.1302149178255,-202.0,-486572,-307.5676359039191,-202.0,95810,60.56257901390645,0.0,62.66187050359712,0.0,473,150,906,0.7592295345104334,623,0.7241330944036392,24,88794,36,217620,449,366852,0,0,455646,359836,0.47760761643907773,False,True,68.9,7,33,0,0,2,0,0,1582,0,0,2,"{""cut_target"": 36, ""harmful_exit"": 114, ""neutral_exit"": 906, ""no_active_exit"": 53, ""saved_stop"": 24, ""timeout_improved"": 449}","{""candidate_after_max_hold"": 2, ""no_candidate"": 33, ""none"": 1529, ""rtp_guard_protected"": 11, ""stale_data_no_action"": 7}",False
shadow-burnin-v3-r49-r48-target60-stop60-exit-replay-timestop-v2-maxwait66000-r1,M0_ALL / 6000 / -6000 / 120000,M0_ALL,6000,-6000,120000,G2_RECOVERY_AFTER_EARLY_DRAWDOWN,30000,train,1583,0,1531,52,54,45,1484,-756172,-477.68288060644346,-202.0,-525444,-331.92924826279216,-202.0,230728,145.7536323436513,0.0,150.70411495754408,0.0,542,208,781,0.7226666666666667,750,0.6895539625051816,34,161092,36,208977,508,514844,0,0,675936,445208,0.3091668441982673,False,True,84.80000000000001,7,26,0,0,0,0,0,1583,0,0,3,"{""cut_target"": 36, ""harmful_exit"": 172, ""neutral_exit"": 781, ""no_active_exit"": 52, ""saved_stop"": 34, ""timeout_improved"": 508}","{""no_candidate"": 26, ""none"": 1531, ""rtp_guard_protected"": 19, ""stale_data_no_action"": 7}",False
shadow-burnin-v3-r49-r48-target60-stop60-exit-replay-timestop-v2-maxwait66000-r1,M0_ALL / 6000 / -6000 / 120000,M0_ALL,6000,-6000,120000,G2_RECOVERY_AFTER_EARLY_DRAWDOWN,30000,validation,1583,0,1511,72,82,62,1439,-595310,-376.0644346178143,-202.0,-493572,-311.79532533164877,-202.0,101738,64.2691092861655,0.0,67.33156849768365,0.0,531,197,783,0.7293956043956044,728,0.6959813864608481,35,141308,48,259288,496,448294,0,0,589602,487864,0.4397678433926615,False,True,84.6,1,51,0,2,1,0,0,1583,0,0,3,"{""cut_target"": 48, ""harmful_exit"": 149, ""neutral_exit"": 783, ""no_active_exit"": 72, ""saved_stop"": 35, ""timeout_improved"": 496}","{""candidate_after_baseline_exit"": 2, ""candidate_after_max_hold"": 1, ""no_candidate"": 51, ""none"": 1511, ""rtp_guard_protected"": 17, ""stale_data_no_action"": 1}",False
shadow-burnin-v3-r49-r48-target60-stop60-exit-replay-timestop-v2-maxwait66000-r1,M0_ALL / 6000 / -6000 / 120000,M0_ALL,6000,-6000,120000,G2_RECOVERY_AFTER_EARLY_DRAWDOWN,30000,holdout,1582,0,1532,50,56,38,1488,-582382,-368.1302149178255,-202.0,-492673,-311.4241466498104,-202.0,89709,56.70606826801517,0.0,58.556788511749346,0.0,473,153,906,0.755591054313099,626,0.7204350337606881,24,88794,36,217620,449,366852,0,0,455646,365937,0.47760761643907773,False,True,68.9,7,33,0,0,2,0,0,1582,0,0,2,"{""cut_target"": 36, ""harmful_exit"": 117, ""neutral_exit"": 906, ""no_active_exit"": 50, ""saved_stop"": 24, ""timeout_improved"": 449}","{""candidate_after_max_hold"": 2, ""no_candidate"": 33, ""none"": 1532, ""rtp_guard_protected"": 8, ""stale_data_no_action"": 7}",False
shadow-burnin-v3-r49-r48-target60-stop60-exit-replay-timestop-v2-maxwait66000-r1,M0_ALL / 6000 / -6000 / 120000,M0_ALL,6000,-6000,120000,G2_RECOVERY_AFTER_EARLY_DRAWDOWN,45000,train,1583,0,1534,49,54,45,1484,-756172,-477.68288060644346,-202.0,-525263,-331.8149084017688,-202.0,230909,145.86797220467466,0.0,150.52737940026077,0.0,544,209,781,0.7224435590969456,753,0.6893921496961799,34,161092,36,208977,510,518132,0,0,679224,448315,0.30767022366700825,False,True,85.0,7,26,0,0,0,0,0,1583,0,0,3,"{""cut_target"": 36, ""harmful_exit"": 173, ""neutral_exit"": 781, ""no_active_exit"": 49, ""saved_stop"": 34, ""timeout_improved"": 510}","{""no_candidate"": 26, ""none"": 1534, ""rtp_guard_protected"": 16, ""stale_data_no_action"": 7}",False
shadow-burnin-v3-r49-r48-target60-stop60-exit-replay-timestop-v2-maxwait66000-r1,M0_ALL / 6000 / -6000 / 120000,M0_ALL,6000,-6000,120000,G2_RECOVERY_AFTER_EARLY_DRAWDOWN,45000,validation,1583,0,1509,74,82,62,1439,-595310,-376.0644346178143,-202.0,-488560,-308.62918509159823,-202.0,106750,67.43524952621604,0.0,70.74221338634858,0.0,530,197,782,0.7290233837689133,727,0.6955735783793877,35,141308,48,259288,495,447762,0,0,589070,482320,0.4401650058566894,False,True,84.5,1,51,0,2,1,0,0,1583,0,0,3,"{""cut_target"": 48, ""harmful_exit"": 149, ""neutral_exit"": 782, ""no_active_exit"": 74, ""saved_stop"": 35, ""timeout_improved"": 495}","{""candidate_after_baseline_exit"": 2, ""candidate_after_max_hold"": 1, ""no_candidate"": 51, ""none"": 1509, ""rtp_guard_protected"": 19, ""stale_data_no_action"": 1}",False
shadow-burnin-v3-r49-r48-target60-stop60-exit-replay-timestop-v2-maxwait66000-r1,M0_ALL / 6000 / -6000 / 120000,M0_ALL,6000,-6000,120000,G2_RECOVERY_AFTER_EARLY_DRAWDOWN,45000,holdout,1582,0,1532,50,56,38,1488,-582382,-368.1302149178255,-202.0,-491464,-310.6599241466498,-202.0,90918,57.470290771175726,0.0,59.34595300261097,0.0,473,153,906,0.755591054313099,626,0.7204350337606881,24,90003,36,217620,449,366852,0,0,456855,365937,0.4763436976721279,False,True,68.9,7,33,0,0,2,0,0,1582,0,0,2,"{""cut_target"": 36, ""harmful_exit"": 117, ""neutral_exit"": 906, ""no_active_exit"": 50, ""saved_stop"": 24, ""timeout_improved"": 449}","{""candidate_after_max_hold"": 2, ""no_candidate"": 33, ""none"": 1532, ""rtp_guard_protected"": 8, ""stale_data_no_action"": 7}",False
shadow-burnin-v3-r49-r48-target60-stop60-exit-replay-timestop-v2-maxwait66000-r1,M0_ALL / 6000 / -6000 / 120000,M0_ALL,6000,-6000,120000,G3_LOW_VOL_CONTINUATION,10000,train,1583,0,1530,53,54,45,1484,-756172,-477.68288060644346,-202.0,-544462,-343.943145925458,-202.0,211710,133.73973468098546,0.0,138.37254901960785,0.0,540,211,779,0.7190412782956058,751,0.6858431348037527,34,159995,38,220836,506,510583,0,0,670578,458868,0.32932186859694174,False,True,84.6,7,26,0,0,0,0,0,1583,0,0,4,"{""cut_target"": 38, ""harmful_exit"": 173, ""neutral_exit"": 779, ""no_active_exit"": 53, ""saved_stop"": 34, ""timeout_improved"": 506}","{""no_candidate"": 26, ""none"": 1530, ""rtp_guard_protected"": 20, ""stale_data_no_action"": 7}",False
shadow-burnin-v3-r49-r48-target60-stop60-exit-replay-timestop-v2-maxwait66000-r1,M0_ALL / 6000 / -6000 / 120000,M0_ALL,6000,-6000,120000,G3_LOW_VOL_CONTINUATION,10000,validation,1583,0,1506,77,82,62,1439,-595310,-376.0644346178143,-202.0,-500457,-316.14466203411246,-202.0,94853,59.919772583701835,0.0,62.98339973439575,0.0,525,199,782,0.7251381215469613,724,0.6914943490671609,37,157291,52,271634,488,434477,0,0,591768,496915,0.45902110286463615,False,True,85.80000000000001,1,51,0,2,1,0,0,1583,0,0,3,"{""cut_target"": 52, ""harmful_exit"": 147, ""neutral_exit"": 782, ""no_active_exit"": 77, ""saved_stop"": 37, ""timeout_improved"": 488}","{""candidate_after_baseline_exit"": 2, ""candidate_after_max_hold"": 1, ""no_candidate"": 51, ""none"": 1506, ""rtp_guard_protected"": 22, ""stale_data_no_action"": 1}",False
shadow-burnin-v3-r49-r48-target60-stop60-exit-replay-timestop-v2-maxwait66000-r1,M0_ALL / 6000 / -6000 / 120000,M0_ALL,6000,-6000,120000,G3_LOW_VOL_CONTINUATION,10000,holdout,1582,0,1528,54,56,38,1488,-582382,-368.1302149178255,-202.0,-489000,-309.102402022756,-202.0,93382,59.02781289506953,0.0,61.11387434554974,0.0,472,151,905,0.7576243980738363,623,0.7224624791241024,26,102562,37,223603,446,361379,0,0,463941,370559,0.4819643014952332,False,True,70.6,7,33,0,0,2,0,0,1582,0,0,2,"{""cut_target"": 37, ""harmful_exit"": 114, ""neutral_exit"": 905, ""no_active_exit"": 54, ""saved_stop"": 26, ""timeout_improved"": 446}","{""candidate_after_max_hold"": 2, ""no_candidate"": 33, ""none"": 1528, ""rtp_guard_protected"": 12, ""stale_data_no_action"": 7}",False
shadow-burnin-v3-r49-r48-target60-stop60-exit-replay-timestop-v2-maxwait66000-r1,M0_ALL / 6000 / -6000 / 120000,M0_ALL,6000,-6000,120000,G3_LOW_VOL_CONTINUATION,20000,train,1583,0,1519,64,54,45,1484,-756172,-477.68288060644346,-202.0,-559446,-353.4087176247631,-202.0,196726,124.27416298168035,0.0,129.51020408163265,0.0,535,205,779,0.722972972972973,740,0.6896398201410022,34,159995,38,220836,501,485293,0,0,645288,448562,0.34222858630564956,False,True,84.1,7,26,0,0,0,0,0,1583,0,0,3,"{""cut_target"": 38, ""harmful_exit"": 167, ""neutral_exit"": 779, ""no_active_exit"": 64, ""saved_stop"": 34, ""timeout_improved"": 501}","{""no_candidate"": 26, ""none"": 1519, ""rtp_guard_protected"": 31, ""stale_data_no_action"": 7}",False
shadow-burnin-v3-r49-r48-target60-stop60-exit-replay-timestop-v2-maxwait66000-r1,M0_ALL / 6000 / -6000 / 120000,M0_ALL,6000,-6000,120000,G3_LOW_VOL_CONTINUATION,20000,validation,1583,0,1509,74,82,62,1439,-595310,-376.0644346178143,-202.0,-512675,-323.86291850915984,-202.0,82635,52.20151610865445,0.0,54.761431411530815,0.0,525,202,782,0.7221458046767538,727,0.688481556246162,37,157291,53,277238,488,431319,0,0,588610,505975,0.4710045700888534,False,True,85.80000000000001,1,51,0,2,1,0,0,1583,0,0,3,"{""cut_target"": 53, ""harmful_exit"": 149, ""neutral_exit"": 782, ""no_active_exit"": 74, ""saved_stop"": 37, ""timeout_improved"": 488}","{""candidate_after_baseline_exit"": 2, ""candidate_after_max_hold"": 1, ""no_candidate"": 51, ""none"": 1509, ""rtp_guard_protected"": 19, ""stale_data_no_action"": 1}",False
shadow-burnin-v3-r49-r48-target60-stop60-exit-replay-timestop-v2-maxwait66000-r1,M0_ALL / 6000 / -6000 / 120000,M0_ALL,6000,-6000,120000,G3_LOW_VOL_CONTINUATION,20000,holdout,1582,0,1531,51,56,38,1488,-582382,-368.1302149178255,-202.0,-481796,-304.5486725663717,-202.0,100586,63.581542351453855,0.0,65.6995427824951,0.0,474,152,905,0.7571884984025559,626,0.7220967142273679,26,102562,36,217660,448,365321,0,0,467883,367297,0.46520177052810213,False,True,70.80000000000001,7,33,0,0,2,0,0,1582,0,0,2,"{""cut_target"": 36, ""harmful_exit"": 116, ""neutral_exit"": 905, ""no_active_exit"": 51, ""saved_stop"": 26, ""timeout_improved"": 448}","{""candidate_after_max_hold"": 2, ""no_candidate"": 33, ""none"": 1531, ""rtp_guard_protected"": 9, ""stale_data_no_action"": 7}",False
shadow-burnin-v3-r49-r48-target60-stop60-exit-replay-timestop-v2-maxwait66000-r1,M0_ALL / 6000 / -6000 / 120000,M0_ALL,6000,-6000,120000,G3_LOW_VOL_CONTINUATION,30000,train,1583,0,1520,63,54,45,1484,-756172,-477.68288060644346,-202.0,-560619,-354.1497157296273,-202.0,195553,123.53316487681617,0.0,128.6532894736842,0.0,535,206,779,0.7219973009446694,741,0.6886577507477322,34,159995,38,220836,501,485293,0,0,645288,449735,0.34222858630564956,False,True,84.1,7,26,0,0,0,0,0,1583,0,0,3,"{""cut_target"": 38, ""harmful_exit"": 168, ""neutral_exit"": 779, ""no_active_exit"": 63, ""saved_stop"": 34, ""timeout_improved"": 501}","{""no_candidate"": 26, ""none"": 1520, ""rtp_guard_protected"": 30, ""stale_data_no_action"": 7}",False
shadow-burnin-v3-r49-r48-target60-stop60-exit-replay-timestop-v2-maxwait66000-r1,M0_ALL / 6000 / -6000 / 120000,M0_ALL,6000,-6000,120000,G3_LOW_VOL_CONTINUATION,30000,validation,1583,0,1509,74,82,62,1439,-595310,-376.0644346178143,-202.0,-512675,-323.86291850915984,-202.0,82635,52.20151610865445,0.0,54.761431411530815,0.0,525,202,782,0.7221458046767538,727,0.688481556246162,37,157291,53,277238,488,431319,0,0,588610,505975,0.4710045700888534,False,True,85.80000000000001,1,51,0,2,1,0,0,1583,0,0,3,"{""cut_target"": 53, ""harmful_exit"": 149, ""neutral_exit"": 782, ""no_active_exit"": 74, ""saved_stop"": 37, ""timeout_improved"": 488}","{""candidate_after_baseline_exit"": 2, ""candidate_after_max_hold"": 1, ""no_candidate"": 51, ""none"": 1509, ""rtp_guard_protected"": 19, ""stale_data_no_action"": 1}",False
shadow-burnin-v3-r49-r48-target60-stop60-exit-replay-timestop-v2-maxwait66000-r1,M0_ALL / 6000 / -6000 / 120000,M0_ALL,6000,-6000,120000,G3_LOW_VOL_CONTINUATION,30000,holdout,1582,0,1531,51,56,38,1488,-582382,-368.1302149178255,-202.0,-481796,-304.5486725663717,-202.0,100586,63.581542351453855,0.0,65.6995427824951,0.0,474,152,905,0.7571884984025559,626,0.7220967142273679,26,102562,36,217660,448,365321,0,0,467883,367297,0.46520177052810213,False,True,70.80000000000001,7,33,0,0,2,0,0,1582,0,0,2,"{""cut_target"": 36, ""harmful_exit"": 116, ""neutral_exit"": 905, ""no_active_exit"": 51, ""saved_stop"": 26, ""timeout_improved"": 448}","{""candidate_after_max_hold"": 2, ""no_candidate"": 33, ""none"": 1531, ""rtp_guard_protected"": 9, ""stale_data_no_action"": 7}",False
shadow-burnin-v3-r49-r48-target60-stop60-exit-replay-timestop-v2-maxwait66000-r1,M0_ALL / 6000 / -6000 / 120000,M0_ALL,6000,-6000,120000,G3_LOW_VOL_CONTINUATION,45000,train,1583,0,1520,63,54,45,1484,-756172,-477.68288060644346,-202.0,-560619,-354.1497157296273,-202.0,195553,123.53316487681617,0.0,128.6532894736842,0.0,535,206,779,0.7219973009446694,741,0.6886577507477322,34,159995,38,220836,501,485293,0,0,645288,449735,0.34222858630564956,False,True,84.1,7,26,0,0,0,0,0,1583,0,0,3,"{""cut_target"": 38, ""harmful_exit"": 168, ""neutral_exit"": 779, ""no_active_exit"": 63, ""saved_stop"": 34, ""timeout_improved"": 501}","{""no_candidate"": 26, ""none"": 1520, ""rtp_guard_protected"": 30, ""stale_data_no_action"": 7}",False
shadow-burnin-v3-r49-r48-target60-stop60-exit-replay-timestop-v2-maxwait66000-r1,M0_ALL / 6000 / -6000 / 120000,M0_ALL,6000,-6000,120000,G3_LOW_VOL_CONTINUATION,45000,validation,1583,0,1509,74,82,62,1439,-595310,-376.0644346178143,-202.0,-512675,-323.86291850915984,-202.0,82635,52.20151610865445,0.0,54.761431411530815,0.0,525,202,782,0.7221458046767538,727,0.688481556246162,37,157291,53,277238,488,431319,0,0,588610,505975,0.4710045700888534,False,True,85.80000000000001,1,51,0,2,1,0,0,1583,0,0,3,"{""cut_target"": 53, ""harmful_exit"": 149, ""neutral_exit"": 782, ""no_active_exit"": 74, ""saved_stop"": 37, ""timeout_improved"": 488}","{""candidate_after_baseline_exit"": 2, ""candidate_after_max_hold"": 1, ""no_candidate"": 51, ""none"": 1509, ""rtp_guard_protected"": 19, ""stale_data_no_action"": 1}",False
shadow-burnin-v3-r49-r48-target60-stop60-exit-replay-timestop-v2-maxwait66000-r1,M0_ALL / 6000 / -6000 / 120000,M0_ALL,6000,-6000,120000,G3_LOW_VOL_CONTINUATION,45000,holdout,1582,0,1531,51,56,38,1488,-582382,-368.1302149178255,-202.0,-481796,-304.5486725663717,-202.0,100586,63.581542351453855,0.0,65.6995427824951,0.0,474,152,905,0.7571884984025559,626,0.7220967142273679,26,102562,36,217660,448,365321,0,0,467883,367297,0.46520177052810213,False,True,70.80000000000001,7,33,0,0,2,0,0,1582,0,0,2,"{""cut_target"": 36, ""harmful_exit"": 116, ""neutral_exit"": 905, ""no_active_exit"": 51, ""saved_stop"": 26, ""timeout_improved"": 448}","{""candidate_after_max_hold"": 2, ""no_candidate"": 33, ""none"": 1531, ""rtp_guard_protected"": 9, ""stale_data_no_action"": 7}",False
shadow-burnin-v3-r49-r48-target60-stop60-exit-replay-timestop-v2-maxwait66000-r1,M0_ALL / 6000 / -6000 / 120000,M0_ALL,6000,-6000,120000,G4_DELAYED_DECISION_4000,10000,train,1583,0,1548,35,54,45,1484,-756172,-477.68288060644346,-202.0,-507372,-320.5129500947568,-202.0,248800,157.16993051168666,0.0,160.7235142118863,0.0,531,207,810,0.7195121951219512,738,0.686028283710512,34,170375,37,195387,497,524214,0,0,694589,445789,0.2812987248574337,False,True,83.7,7,26,0,0,0,0,0,1583,0,0,4,"{""cut_target"": 37, ""harmful_exit"": 170, ""neutral_exit"": 810, ""no_active_exit"": 35, ""saved_stop"": 34, ""timeout_improved"": 497}","{""no_candidate"": 26, ""none"": 1548, ""rtp_delay_after_baseline_or_hold"": 2, ""stale_data_no_action"": 7}",False
shadow-burnin-v3-r49-r48-target60-stop60-exit-replay-timestop-v2-maxwait66000-r1,M0_ALL / 6000 / -6000 / 120000,M0_ALL,6000,-6000,120000,G4_DELAYED_DECISION_4000,10000,validation,1583,0,1520,63,82,62,1439,-595310,-376.0644346178143,-202.0,-510524,-322.50410612760584,-202.0,84786,53.56032849020846,0.0,55.78026315789474,0.0,516,204,800,0.7166666666666667,720,0.6826694777145872,33,133551,51,257717,483,432628,0,0,566179,481393,0.45518643397229497,False,True,81.30000000000001,1,51,0,2,1,0,0,1583,0,0,3,"{""cut_target"": 51, ""harmful_exit"": 153, ""neutral_exit"": 800, ""no_active_exit"": 63, ""saved_stop"": 33, ""timeout_improved"": 483}","{""candidate_after_baseline_exit"": 2, ""candidate_after_max_hold"": 1, ""no_candidate"": 51, ""none"": 1520, ""rtp_delay_after_baseline_or_hold"": 8, ""stale_data_no_action"": 1}",False
shadow-burnin-v3-r49-r48-target60-stop60-exit-replay-timestop-v2-maxwait66000-r1,M0_ALL / 6000 / -6000 / 120000,M0_ALL,6000,-6000,120000,G4_DELAYED_DECISION_4000,10000,holdout,1582,0,1539,43,56,38,1488,-582382,-368.1302149178255,-202.0,-502356,-317.5448798988622,-202.0,80026,50.585335018963335,0.0,51.99870045484081,0.0,456,154,929,0.7475409836065574,610,0.7115906471584271,25,87313,37,203640,431,353506,0,0,440819,360793,0.4619583094195123,False,True,68.1,7,33,0,0,2,0,0,1582,0,0,2,"{""cut_target"": 37, ""harmful_exit"": 117, ""neutral_exit"": 929, ""no_active_exit"": 43, ""saved_stop"": 25, ""timeout_improved"": 431}","{""candidate_after_max_hold"": 2, ""no_candidate"": 33, ""none"": 1539, ""rtp_delay_after_baseline_or_hold"": 1, ""stale_data_no_action"": 7}",False
shadow-burnin-v3-r49-r48-target60-stop60-exit-replay-timestop-v2-maxwait66000-r1,M0_ALL / 6000 / -6000 / 120000,M0_ALL,6000,-6000,120000,G4_DELAYED_DECISION_4000,20000,train,1583,0,1548,35,54,45,1484,-756172,-477.68288060644346,-202.0,-507372,-320.5129500947568,-202.0,248800,157.16993051168666,0.0,160.7235142118863,0.0,531,207,810,0.7195121951219512,738,0.686028283710512,34,170375,37,195387,497,524214,0,0,694589,445789,0.2812987248574337,False,True,83.7,7,26,0,0,0,0,0,1583,0,0,4,"{""cut_target"": 37, ""harmful_exit"": 170, ""neutral_exit"": 810, ""no_active_exit"": 35, ""saved_stop"": 34, ""timeout_improved"": 497}","{""no_candidate"": 26, ""none"": 1548, ""rtp_delay_after_baseline_or_hold"": 2, ""stale_data_no_action"": 7}",False
shadow-burnin-v3-r49-r48-target60-stop60-exit-replay-timestop-v2-maxwait66000-r1,M0_ALL / 6000 / -6000 / 120000,M0_ALL,6000,-6000,120000,G4_DELAYED_DECISION_4000,20000,validation,1583,0,1520,63,82,62,1439,-595310,-376.0644346178143,-202.0,-510524,-322.50410612760584,-202.0,84786,53.56032849020846,0.0,55.78026315789474,0.0,516,204,800,0.7166666666666667,720,0.6826694777145872,33,133551,51,257717,483,432628,0,0,566179,481393,0.45518643397229497,False,True,81.30000000000001,1,51,0,2,1,0,0,1583,0,0,3,"{""cut_target"": 51, ""harmful_exit"": 153, ""neutral_exit"": 800, ""no_active_exit"": 63, ""saved_stop"": 33, ""timeout_improved"": 483}","{""candidate_after_baseline_exit"": 2, ""candidate_after_max_hold"": 1, ""no_candidate"": 51, ""none"": 1520, ""rtp_delay_after_baseline_or_hold"": 8, ""stale_data_no_action"": 1}",False
shadow-burnin-v3-r49-r48-target60-stop60-exit-replay-timestop-v2-maxwait66000-r1,M0_ALL / 6000 / -6000 / 120000,M0_ALL,6000,-6000,120000,G4_DELAYED_DECISION_4000,20000,holdout,1582,0,1539,43,56,38,1488,-582382,-368.1302149178255,-202.0,-502356,-317.5448798988622,-202.0,80026,50.585335018963335,0.0,51.99870045484081,0.0,456,154,929,0.7475409836065574,610,0.7115906471584271,25,87313,37,203640,431,353506,0,0,440819,360793,0.4619583094195123,False,True,68.1,7,33,0,0,2,0,0,1582,0,0,2,"{""cut_target"": 37, ""harmful_exit"": 117, ""neutral_exit"": 929, ""no_active_exit"": 43, ""saved_stop"": 25, ""timeout_improved"": 431}","{""candidate_after_max_hold"": 2, ""no_candidate"": 33, ""none"": 1539, ""rtp_delay_after_baseline_or_hold"": 1, ""stale_data_no_action"": 7}",False
shadow-burnin-v3-r49-r48-target60-stop60-exit-replay-timestop-v2-maxwait66000-r1,M0_ALL / 6000 / -6000 / 120000,M0_ALL,6000,-6000,120000,G4_DELAYED_DECISION_4000,30000,train,1583,0,1548,35,54,45,1484,-756172,-477.68288060644346,-202.0,-507372,-320.5129500947568,-202.0,248800,157.16993051168666,0.0,160.7235142118863,0.0,531,207,810,0.7195121951219512,738,0.686028283710512,34,170375,37,195387,497,524214,0,0,694589,445789,0.2812987248574337,False,True,83.7,7,26,0,0,0,0,0,1583,0,0,4,"{""cut_target"": 37, ""harmful_exit"": 170, ""neutral_exit"": 810, ""no_active_exit"": 35, ""saved_stop"": 34, ""timeout_improved"": 497}","{""no_candidate"": 26, ""none"": 1548, ""rtp_delay_after_baseline_or_hold"": 2, ""stale_data_no_action"": 7}",False
shadow-burnin-v3-r49-r48-target60-stop60-exit-replay-timestop-v2-maxwait66000-r1,M0_ALL / 6000 / -6000 / 120000,M0_ALL,6000,-6000,120000,G4_DELAYED_DECISION_4000,30000,validation,1583,0,1520,63,82,62,1439,-595310,-376.0644346178143,-202.0,-510524,-322.50410612760584,-202.0,84786,53.56032849020846,0.0,55.78026315789474,0.0,516,204,800,0.7166666666666667,720,0.6826694777145872,33,133551,51,257717,483,432628,0,0,566179,481393,0.45518643397229497,False,True,81.30000000000001,1,51,0,2,1,0,0,1583,0,0,3,"{""cut_target"": 51, ""harmful_exit"": 153, ""neutral_exit"": 800, ""no_active_exit"": 63, ""saved_stop"": 33, ""timeout_improved"": 483}","{""candidate_after_baseline_exit"": 2, ""candidate_after_max_hold"": 1, ""no_candidate"": 51, ""none"": 1520, ""rtp_delay_after_baseline_or_hold"": 8, ""stale_data_no_action"": 1}",False
shadow-burnin-v3-r49-r48-target60-stop60-exit-replay-timestop-v2-maxwait66000-r1,M0_ALL / 6000 / -6000 / 120000,M0_ALL,6000,-6000,120000,G4_DELAYED_DECISION_4000,30000,holdout,1582,0,1539,43,56,38,1488,-582382,-368.1302149178255,-202.0,-502356,-317.5448798988622,-202.0,80026,50.585335018963335,0.0,51.99870045484081,0.0,456,154,929,0.7475409836065574,610,0.7115906471584271,25,87313,37,203640,431,353506,0,0,440819,360793,0.4619583094195123,False,True,68.1,7,33,0,0,2,0,0,1582,0,0,2,"{""cut_target"": 37, ""harmful_exit"": 117, ""neutral_exit"": 929, ""no_active_exit"": 43, ""saved_stop"": 25, ""timeout_improved"": 431}","{""candidate_after_max_hold"": 2, ""no_candidate"": 33, ""none"": 1539, ""rtp_delay_after_baseline_or_hold"": 1, ""stale_data_no_action"": 7}",False
shadow-burnin-v3-r49-r48-target60-stop60-exit-replay-timestop-v2-maxwait66000-r1,M0_ALL / 6000 / -6000 / 120000,M0_ALL,6000,-6000,120000,G4_DELAYED_DECISION_4000,45000,train,1583,0,1548,35,54,45,1484,-756172,-477.68288060644346,-202.0,-507372,-320.5129500947568,-202.0,248800,157.16993051168666,0.0,160.7235142118863,0.0,531,207,810,0.7195121951219512,738,0.686028283710512,34,170375,37,195387,497,524214,0,0,694589,445789,0.2812987248574337,False,True,83.7,7,26,0,0,0,0,0,1583,0,0,4,"{""cut_target"": 37, ""harmful_exit"": 170, ""neutral_exit"": 810, ""no_active_exit"": 35, ""saved_stop"": 34, ""timeout_improved"": 497}","{""no_candidate"": 26, ""none"": 1548, ""rtp_delay_after_baseline_or_hold"": 2, ""stale_data_no_action"": 7}",False
shadow-burnin-v3-r49-r48-target60-stop60-exit-replay-timestop-v2-maxwait66000-r1,M0_ALL / 6000 / -6000 / 120000,M0_ALL,6000,-6000,120000,G4_DELAYED_DECISION_4000,45000,validation,1583,0,1520,63,82,62,1439,-595310,-376.0644346178143,-202.0,-510524,-322.50410612760584,-202.0,84786,53.56032849020846,0.0,55.78026315789474,0.0,516,204,800,0.7166666666666667,720,0.6826694777145872,33,133551,51,257717,483,432628,0,0,566179,481393,0.45518643397229497,False,True,81.30000000000001,1,51,0,2,1,0,0,1583,0,0,3,"{""cut_target"": 51, ""harmful_exit"": 153, ""neutral_exit"": 800, ""no_active_exit"": 63, ""saved_stop"": 33, ""timeout_improved"": 483}","{""candidate_after_baseline_exit"": 2, ""candidate_after_max_hold"": 1, ""no_candidate"": 51, ""none"": 1520, ""rtp_delay_after_baseline_or_hold"": 8, ""stale_data_no_action"": 1}",False
shadow-burnin-v3-r49-r48-target60-stop60-exit-replay-timestop-v2-maxwait66000-r1,M0_ALL / 6000 / -6000 / 120000,M0_ALL,6000,-6000,120000,G4_DELAYED_DECISION_4000,45000,holdout,1582,0,1539,43,56,38,1488,-582382,-368.1302149178255,-202.0,-502356,-317.5448798988622,-202.0,80026,50.585335018963335,0.0,51.99870045484081,0.0,456,154,929,0.7475409836065574,610,0.7115906471584271,25,87313,37,203640,431,353506,0,0,440819,360793,0.4619583094195123,False,True,68.1,7,33,0,0,2,0,0,1582,0,0,2,"{""cut_target"": 37, ""harmful_exit"": 117, ""neutral_exit"": 929, ""no_active_exit"": 43, ""saved_stop"": 25, ""timeout_improved"": 431}","{""candidate_after_max_hold"": 2, ""no_candidate"": 33, ""none"": 1539, ""rtp_delay_after_baseline_or_hold"": 1, ""stale_data_no_action"": 7}",False
shadow-burnin-v3-r49-r48-target60-stop60-exit-replay-timestop-v2-maxwait66000-r1,M0_ALL / 6000 / -6000 / 120000,M0_ALL,6000,-6000,120000,G5_DELAYED_DECISION_8000,10000,train,1583,0,1544,39,54,45,1484,-756172,-477.68288060644346,-202.0,-515292,-325.51610865445355,-202.0,240880,152.1667719519899,0.0,156.0103626943005,0.0,510,206,828,0.7122905027932961,716,0.6780681207273481,33,156578,34,161348,477,488279,0,0,644857,403977,0.2502074103250798,False,True,80.7,7,26,0,0,0,0,0,1583,0,0,4,"{""cut_target"": 34, ""harmful_exit"": 172, ""neutral_exit"": 828, ""no_active_exit"": 39, ""saved_stop"": 33, ""timeout_improved"": 477}","{""no_candidate"": 26, ""none"": 1544, ""rtp_delay_after_baseline_or_hold"": 6, ""stale_data_no_action"": 7}",False
shadow-burnin-v3-r49-r48-target60-stop60-exit-replay-timestop-v2-maxwait66000-r1,M0_ALL / 6000 / -6000 / 120000,M0_ALL,6000,-6000,120000,G5_DELAYED_DECISION_8000,10000,validation,1583,0,1516,67,82,62,1439,-595310,-376.0644346178143,-202.0,-502429,-317.3903979785218,-202.0,92881,58.67403663929248,0.0,61.267150395778366,0.0,491,205,820,0.7054597701149425,696,0.6705411744189416,30,112904,50,236035,461,427698,0,0,540602,447721,0.4366151068623498,False,True,76.1,1,51,0,2,1,0,0,1583,0,0,3,"{""cut_target"": 50, ""harmful_exit"": 155, ""neutral_exit"": 820, ""no_active_exit"": 67, ""saved_stop"": 30, ""timeout_improved"": 461}","{""candidate_after_baseline_exit"": 2, ""candidate_after_max_hold"": 1, ""no_candidate"": 51, ""none"": 1516, ""rtp_delay_after_baseline_or_hold"": 12, ""stale_data_no_action"": 1}",False
shadow-burnin-v3-r49-r48-target60-stop60-exit-replay-timestop-v2-maxwait66000-r1,M0_ALL / 6000 / -6000 / 120000,M0_ALL,6000,-6000,120000,G5_DELAYED_DECISION_8000,10000,holdout,1582,0,1536,46,56,38,1488,-582382,-368.1302149178255,-202.0,-504194,-318.70670037926675,-202.0,78188,49.423514538558784,0.0,50.903645833333336,0.0,438,147,951,0.7487179487179487,585,0.712023897062798,23,74191,36,187491,415,343629,0,0,417820,339632,0.44873629792733716,False,True,64.5,7,33,0,0,2,0,0,1582,0,0,2,"{""cut_target"": 36, ""harmful_exit"": 111, ""neutral_exit"": 951, ""no_active_exit"": 46, ""saved_stop"": 23, ""timeout_improved"": 415}","{""candidate_after_max_hold"": 2, ""no_candidate"": 33, ""none"": 1536, ""rtp_delay_after_baseline_or_hold"": 4, ""stale_data_no_action"": 7}",False
shadow-burnin-v3-r49-r48-target60-stop60-exit-replay-timestop-v2-maxwait66000-r1,M0_ALL / 6000 / -6000 / 120000,M0_ALL,6000,-6000,120000,G5_DELAYED_DECISION_8000,20000,train,1583,0,1544,39,54,45,1484,-756172,-477.68288060644346,-202.0,-515292,-325.51610865445355,-202.0,240880,152.1667719519899,0.0,156.0103626943005,0.0,510,206,828,0.7122905027932961,716,0.6780681207273481,33,156578,34,161348,477,488279,0,0,644857,403977,0.2502074103250798,False,True,80.7,7,26,0,0,0,0,0,1583,0,0,4,"{""cut_target"": 34, ""harmful_exit"": 172, ""neutral_exit"": 828, ""no_active_exit"": 39, ""saved_stop"": 33, ""timeout_improved"": 477}","{""no_candidate"": 26, ""none"": 1544, ""rtp_delay_after_baseline_or_hold"": 6, ""stale_data_no_action"": 7}",False
shadow-burnin-v3-r49-r48-target60-stop60-exit-replay-timestop-v2-maxwait66000-r1,M0_ALL / 6000 / -6000 / 120000,M0_ALL,6000,-6000,120000,G5_DELAYED_DECISION_8000,20000,validation,1583,0,1516,67,82,62,1439,-595310,-376.0644346178143,-202.0,-502429,-317.3903979785218,-202.0,92881,58.67403663929248,0.0,61.267150395778366,0.0,491,205,820,0.7054597701149425,696,0.6705411744189416,30,112904,50,236035,461,427698,0,0,540602,447721,0.4366151068623498,False,True,76.1,1,51,0,2,1,0,0,1583,0,0,3,"{""cut_target"": 50, ""harmful_exit"": 155, ""neutral_exit"": 820, ""no_active_exit"": 67, ""saved_stop"": 30, ""timeout_improved"": 461}","{""candidate_after_baseline_exit"": 2, ""candidate_after_max_hold"": 1, ""no_candidate"": 51, ""none"": 1516, ""rtp_delay_after_baseline_or_hold"": 12, ""stale_data_no_action"": 1}",False
shadow-burnin-v3-r49-r48-target60-stop60-exit-replay-timestop-v2-maxwait66000-r1,M0_ALL / 6000 / -6000 / 120000,M0_ALL,6000,-6000,120000,G5_DELAYED_DECISION_8000,20000,holdout,1582,0,1536,46,56,38,1488,-582382,-368.1302149178255,-202.0,-504194,-318.70670037926675,-202.0,78188,49.423514538558784,0.0,50.903645833333336,0.0,438,147,951,0.7487179487179487,585,0.712023897062798,23,74191,36,187491,415,343629,0,0,417820,339632,0.44873629792733716,False,True,64.5,7,33,0,0,2,0,0,1582,0,0,2,"{""cut_target"": 36, ""harmful_exit"": 111, ""neutral_exit"": 951, ""no_active_exit"": 46, ""saved_stop"": 23, ""timeout_improved"": 415}","{""candidate_after_max_hold"": 2, ""no_candidate"": 33, ""none"": 1536, ""rtp_delay_after_baseline_or_hold"": 4, ""stale_data_no_action"": 7}",False
shadow-burnin-v3-r49-r48-target60-stop60-exit-replay-timestop-v2-maxwait66000-r1,M0_ALL / 6000 / -6000 / 120000,M0_ALL,6000,-6000,120000,G5_DELAYED_DECISION_8000,30000,train,1583,0,1544,39,54,45,1484,-756172,-477.68288060644346,-202.0,-515292,-325.51610865445355,-202.0,240880,152.1667719519899,0.0,156.0103626943005,0.0,510,206,828,0.7122905027932961,716,0.6780681207273481,33,156578,34,161348,477,488279,0,0,644857,403977,0.2502074103250798,False,True,80.7,7,26,0,0,0,0,0,1583,0,0,4,"{""cut_target"": 34, ""harmful_exit"": 172, ""neutral_exit"": 828, ""no_active_exit"": 39, ""saved_stop"": 33, ""timeout_improved"": 477}","{""no_candidate"": 26, ""none"": 1544, ""rtp_delay_after_baseline_or_hold"": 6, ""stale_data_no_action"": 7}",False
shadow-burnin-v3-r49-r48-target60-stop60-exit-replay-timestop-v2-maxwait66000-r1,M0_ALL / 6000 / -6000 / 120000,M0_ALL,6000,-6000,120000,G5_DELAYED_DECISION_8000,30000,validation,1583,0,1516,67,82,62,1439,-595310,-376.0644346178143,-202.0,-502429,-317.3903979785218,-202.0,92881,58.67403663929248,0.0,61.267150395778366,0.0,491,205,820,0.7054597701149425,696,0.6705411744189416,30,112904,50,236035,461,427698,0,0,540602,447721,0.4366151068623498,False,True,76.1,1,51,0,2,1,0,0,1583,0,0,3,"{""cut_target"": 50, ""harmful_exit"": 155, ""neutral_exit"": 820, ""no_active_exit"": 67, ""saved_stop"": 30, ""timeout_improved"": 461}","{""candidate_after_baseline_exit"": 2, ""candidate_after_max_hold"": 1, ""no_candidate"": 51, ""none"": 1516, ""rtp_delay_after_baseline_or_hold"": 12, ""stale_data_no_action"": 1}",False
shadow-burnin-v3-r49-r48-target60-stop60-exit-replay-timestop-v2-maxwait66000-r1,M0_ALL / 6000 / -6000 / 120000,M0_ALL,6000,-6000,120000,G5_DELAYED_DECISION_8000,30000,holdout,1582,0,1536,46,56,38,1488,-582382,-368.1302149178255,-202.0,-504194,-318.70670037926675,-202.0,78188,49.423514538558784,0.0,50.903645833333336,0.0,438,147,951,0.7487179487179487,585,0.712023897062798,23,74191,36,187491,415,343629,0,0,417820,339632,0.44873629792733716,False,True,64.5,7,33,0,0,2,0,0,1582,0,0,2,"{""cut_target"": 36, ""harmful_exit"": 111, ""neutral_exit"": 951, ""no_active_exit"": 46, ""saved_stop"": 23, ""timeout_improved"": 415}","{""candidate_after_max_hold"": 2, ""no_candidate"": 33, ""none"": 1536, ""rtp_delay_after_baseline_or_hold"": 4, ""stale_data_no_action"": 7}",False
shadow-burnin-v3-r49-r48-target60-stop60-exit-replay-timestop-v2-maxwait66000-r1,M0_ALL / 6000 / -6000 / 120000,M0_ALL,6000,-6000,120000,G5_DELAYED_DECISION_8000,45000,train,1583,0,1544,39,54,45,1484,-756172,-477.68288060644346,-202.0,-515292,-325.51610865445355,-202.0,240880,152.1667719519899,0.0,156.0103626943005,0.0,510,206,828,0.7122905027932961,716,0.6780681207273481,33,156578,34,161348,477,488279,0,0,644857,403977,0.2502074103250798,False,True,80.7,7,26,0,0,0,0,0,1583,0,0,4,"{""cut_target"": 34, ""harmful_exit"": 172, ""neutral_exit"": 828, ""no_active_exit"": 39, ""saved_stop"": 33, ""timeout_improved"": 477}","{""no_candidate"": 26, ""none"": 1544, ""rtp_delay_after_baseline_or_hold"": 6, ""stale_data_no_action"": 7}",False
shadow-burnin-v3-r49-r48-target60-stop60-exit-replay-timestop-v2-maxwait66000-r1,M0_ALL / 6000 / -6000 / 120000,M0_ALL,6000,-6000,120000,G5_DELAYED_DECISION_8000,45000,validation,1583,0,1516,67,82,62,1439,-595310,-376.0644346178143,-202.0,-502429,-317.3903979785218,-202.0,92881,58.67403663929248,0.0,61.267150395778366,0.0,491,205,820,0.7054597701149425,696,0.6705411744189416,30,112904,50,236035,461,427698,0,0,540602,447721,0.4366151068623498,False,True,76.1,1,51,0,2,1,0,0,1583,0,0,3,"{""cut_target"": 50, ""harmful_exit"": 155, ""neutral_exit"": 820, ""no_active_exit"": 67, ""saved_stop"": 30, ""timeout_improved"": 461}","{""candidate_after_baseline_exit"": 2, ""candidate_after_max_hold"": 1, ""no_candidate"": 51, ""none"": 1516, ""rtp_delay_after_baseline_or_hold"": 12, ""stale_data_no_action"": 1}",False
shadow-burnin-v3-r49-r48-target60-stop60-exit-replay-timestop-v2-maxwait66000-r1,M0_ALL / 6000 / -6000 / 120000,M0_ALL,6000,-6000,120000,G5_DELAYED_DECISION_8000,45000,holdout,1582,0,1536,46,56,38,1488,-582382,-368.1302149178255,-202.0,-504194,-318.70670037926675,-202.0,78188,49.423514538558784,0.0,50.903645833333336,0.0,438,147,951,0.7487179487179487,585,0.712023897062798,23,74191,36,187491,415,343629,0,0,417820,339632,0.44873629792733716,False,True,64.5,7,33,0,0,2,0,0,1582,0,0,2,"{""cut_target"": 36, ""harmful_exit"": 111, ""neutral_exit"": 951, ""no_active_exit"": 46, ""saved_stop"": 23, ""timeout_improved"": 415}","{""candidate_after_max_hold"": 2, ""no_candidate"": 33, ""none"": 1536, ""rtp_delay_after_baseline_or_hold"": 4, ""stale_data_no_action"": 7}",False
shadow-burnin-v3-r49-r48-target60-stop60-exit-replay-timestop-v2-maxwait66000-r1,M4_CONFIRM_2_WINDOWS / 10000 / -6000 / 120000,M4_CONFIRM_2_WINDOWS,10000,-6000,120000,G0_NONE,10000,train,1583,0,1548,35,21,48,1514,-799915,-505.31585596967784,-202.0,-545307,-344.47694251421353,-202.0,254608,160.8389134554643,0.0,164.47545219638243,0.0,536,202,810,0.7262872628726287,738,0.6930096699118776,35,177585,13,115021,501,540129,0,0,717714,463106,0.16026021507174168,True,True,85.1,7,26,0,0,0,0,0,1583,0,0,4,"{""cut_target"": 13, ""harmful_exit"": 189, ""neutral_exit"": 810, ""no_active_exit"": 35, ""saved_stop"": 35, ""timeout_improved"": 501}","{""mask_requires_second_consecutive_candidate"": 2, ""no_candidate"": 26, ""none"": 1548, ""stale_data_no_action"": 7}",True
shadow-burnin-v3-r49-r48-target60-stop60-exit-replay-timestop-v2-maxwait66000-r1,M4_CONFIRM_2_WINDOWS / 10000 / -6000 / 120000,M4_CONFIRM_2_WINDOWS,10000,-6000,120000,G0_NONE,10000,validation,1583,0,1521,62,32,69,1482,-610928,-385.93051168667085,-202.0,-523086,-330.43967150979154,-202.0,87842,55.490840176879345,0.0,57.752794214332674,0.0,522,198,801,0.725,720,0.6912556794647783,36,156341,17,159273,486,463229,0,0,619570,531728,0.25707022612457026,False,True,84.6,1,51,0,2,2,0,0,1583,0,0,3,"{""cut_target"": 17, ""harmful_exit"": 181, ""neutral_exit"": 801, ""no_active_exit"": 62, ""saved_stop"": 36, ""timeout_improved"": 486}","{""candidate_after_baseline_exit"": 2, ""candidate_after_max_hold"": 2, ""mask_requires_second_consecutive_candidate"": 6, ""no_candidate"": 51, ""none"": 1521, ""stale_data_no_action"": 1}",False
shadow-burnin-v3-r49-r48-target60-stop60-exit-replay-timestop-v2-maxwait66000-r1,M4_CONFIRM_2_WINDOWS / 10000 / -6000 / 120000,M4_CONFIRM_2_WINDOWS,10000,-6000,120000,G0_NONE,10000,holdout,1582,0,1540,42,25,43,1514,-620638,-392.31226295828066,-202.0,-520273,-328.870417193426,-202.0,100365,63.44184576485461,0.0,65.17207792207792,0.0,463,148,929,0.7577741407528642,611,0.7222606663716465,28,101687,14,128849,435,361482,0,0,463169,362804,0.27819003430713196,False,True,71.5,7,33,0,0,2,0,0,1582,0,0,2,"{""cut_target"": 14, ""harmful_exit"": 134, ""neutral_exit"": 929, ""no_active_exit"": 42, ""saved_stop"": 28, ""timeout_improved"": 435}","{""candidate_after_max_hold"": 2, ""no_candidate"": 33, ""none"": 1540, ""stale_data_no_action"": 7}",False
shadow-burnin-v3-r49-r48-target60-stop60-exit-replay-timestop-v2-maxwait66000-r1,M4_CONFIRM_2_WINDOWS / 10000 / -6000 / 120000,M4_CONFIRM_2_WINDOWS,10000,-6000,120000,G0_NONE,20000,train,1583,0,1548,35,21,48,1514,-799915,-505.31585596967784,-202.0,-545307,-344.47694251421353,-202.0,254608,160.8389134554643,0.0,164.47545219638243,0.0,536,202,810,0.7262872628726287,738,0.6930096699118776,35,177585,13,115021,501,540129,0,0,717714,463106,0.16026021507174168,True,True,85.1,7,26,0,0,0,0,0,1583,0,0,4,"{""cut_target"": 13, ""harmful_exit"": 189, ""neutral_exit"": 810, ""no_active_exit"": 35, ""saved_stop"": 35, ""timeout_improved"": 501}","{""mask_requires_second_consecutive_candidate"": 2, ""no_candidate"": 26, ""none"": 1548, ""stale_data_no_action"": 7}",True
shadow-burnin-v3-r49-r48-target60-stop60-exit-replay-timestop-v2-maxwait66000-r1,M4_CONFIRM_2_WINDOWS / 10000 / -6000 / 120000,M4_CONFIRM_2_WINDOWS,10000,-6000,120000,G0_NONE,20000,validation,1583,0,1521,62,32,69,1482,-610928,-385.93051168667085,-202.0,-523086,-330.43967150979154,-202.0,87842,55.490840176879345,0.0,57.752794214332674,0.0,522,198,801,0.725,720,0.6912556794647783,36,156341,17,159273,486,463229,0,0,619570,531728,0.25707022612457026,False,True,84.6,1,51,0,2,2,0,0,1583,0,0,3,"{""cut_target"": 17, ""harmful_exit"": 181, ""neutral_exit"": 801, ""no_active_exit"": 62, ""saved_stop"": 36, ""timeout_improved"": 486}","{""candidate_after_baseline_exit"": 2, ""candidate_after_max_hold"": 2, ""mask_requires_second_consecutive_candidate"": 6, ""no_candidate"": 51, ""none"": 1521, ""stale_data_no_action"": 1}",False
shadow-burnin-v3-r49-r48-target60-stop60-exit-replay-timestop-v2-maxwait66000-r1,M4_CONFIRM_2_WINDOWS / 10000 / -6000 / 120000,M4_CONFIRM_2_WINDOWS,10000,-6000,120000,G0_NONE,20000,holdout,1582,0,1540,42,25,43,1514,-620638,-392.31226295828066,-202.0,-520273,-328.870417193426,-202.0,100365,63.44184576485461,0.0,65.17207792207792,0.0,463,148,929,0.7577741407528642,611,0.7222606663716465,28,101687,14,128849,435,361482,0,0,463169,362804,0.27819003430713196,False,True,71.5,7,33,0,0,2,0,0,1582,0,0,2,"{""cut_target"": 14, ""harmful_exit"": 134, ""neutral_exit"": 929, ""no_active_exit"": 42, ""saved_stop"": 28, ""timeout_improved"": 435}","{""candidate_after_max_hold"": 2, ""no_candidate"": 33, ""none"": 1540, ""stale_data_no_action"": 7}",False
shadow-burnin-v3-r49-r48-target60-stop60-exit-replay-timestop-v2-maxwait66000-r1,M4_CONFIRM_2_WINDOWS / 10000 / -6000 / 120000,M4_CONFIRM_2_WINDOWS,10000,-6000,120000,G0_NONE,30000,train,1583,0,1548,35,21,48,1514,-799915,-505.31585596967784,-202.0,-545307,-344.47694251421353,-202.0,254608,160.8389134554643,0.0,164.47545219638243,0.0,536,202,810,0.7262872628726287,738,0.6930096699118776,35,177585,13,115021,501,540129,0,0,717714,463106,0.16026021507174168,True,True,85.1,7,26,0,0,0,0,0,1583,0,0,4,"{""cut_target"": 13, ""harmful_exit"": 189, ""neutral_exit"": 810, ""no_active_exit"": 35, ""saved_stop"": 35, ""timeout_improved"": 501}","{""mask_requires_second_consecutive_candidate"": 2, ""no_candidate"": 26, ""none"": 1548, ""stale_data_no_action"": 7}",True
shadow-burnin-v3-r49-r48-target60-stop60-exit-replay-timestop-v2-maxwait66000-r1,M4_CONFIRM_2_WINDOWS / 10000 / -6000 / 120000,M4_CONFIRM_2_WINDOWS,10000,-6000,120000,G0_NONE,30000,validation,1583,0,1521,62,32,69,1482,-610928,-385.93051168667085,-202.0,-523086,-330.43967150979154,-202.0,87842,55.490840176879345,0.0,57.752794214332674,0.0,522,198,801,0.725,720,0.6912556794647783,36,156341,17,159273,486,463229,0,0,619570,531728,0.25707022612457026,False,True,84.6,1,51,0,2,2,0,0,1583,0,0,3,"{""cut_target"": 17, ""harmful_exit"": 181, ""neutral_exit"": 801, ""no_active_exit"": 62, ""saved_stop"": 36, ""timeout_improved"": 486}","{""candidate_after_baseline_exit"": 2, ""candidate_after_max_hold"": 2, ""mask_requires_second_consecutive_candidate"": 6, ""no_candidate"": 51, ""none"": 1521, ""stale_data_no_action"": 1}",False
shadow-burnin-v3-r49-r48-target60-stop60-exit-replay-timestop-v2-maxwait66000-r1,M4_CONFIRM_2_WINDOWS / 10000 / -6000 / 120000,M4_CONFIRM_2_WINDOWS,10000,-6000,120000,G0_NONE,30000,holdout,1582,0,1540,42,25,43,1514,-620638,-392.31226295828066,-202.0,-520273,-328.870417193426,-202.0,100365,63.44184576485461,0.0,65.17207792207792,0.0,463,148,929,0.7577741407528642,611,0.7222606663716465,28,101687,14,128849,435,361482,0,0,463169,362804,0.27819003430713196,False,True,71.5,7,33,0,0,2,0,0,1582,0,0,2,"{""cut_target"": 14, ""harmful_exit"": 134, ""neutral_exit"": 929, ""no_active_exit"": 42, ""saved_stop"": 28, ""timeout_improved"": 435}","{""candidate_after_max_hold"": 2, ""no_candidate"": 33, ""none"": 1540, ""stale_data_no_action"": 7}",False
shadow-burnin-v3-r49-r48-target60-stop60-exit-replay-timestop-v2-maxwait66000-r1,M4_CONFIRM_2_WINDOWS / 10000 / -6000 / 120000,M4_CONFIRM_2_WINDOWS,10000,-6000,120000,G0_NONE,45000,train,1583,0,1548,35,21,48,1514,-799915,-505.31585596967784,-202.0,-545307,-344.47694251421353,-202.0,254608,160.8389134554643,0.0,164.47545219638243,0.0,536,202,810,0.7262872628726287,738,0.6930096699118776,35,177585,13,115021,501,540129,0,0,717714,463106,0.16026021507174168,True,True,85.1,7,26,0,0,0,0,0,1583,0,0,4,"{""cut_target"": 13, ""harmful_exit"": 189, ""neutral_exit"": 810, ""no_active_exit"": 35, ""saved_stop"": 35, ""timeout_improved"": 501}","{""mask_requires_second_consecutive_candidate"": 2, ""no_candidate"": 26, ""none"": 1548, ""stale_data_no_action"": 7}",True
shadow-burnin-v3-r49-r48-target60-stop60-exit-replay-timestop-v2-maxwait66000-r1,M4_CONFIRM_2_WINDOWS / 10000 / -6000 / 120000,M4_CONFIRM_2_WINDOWS,10000,-6000,120000,G0_NONE,45000,validation,1583,0,1521,62,32,69,1482,-610928,-385.93051168667085,-202.0,-523086,-330.43967150979154,-202.0,87842,55.490840176879345,0.0,57.752794214332674,0.0,522,198,801,0.725,720,0.6912556794647783,36,156341,17,159273,486,463229,0,0,619570,531728,0.25707022612457026,False,True,84.6,1,51,0,2,2,0,0,1583,0,0,3,"{""cut_target"": 17, ""harmful_exit"": 181, ""neutral_exit"": 801, ""no_active_exit"": 62, ""saved_stop"": 36, ""timeout_improved"": 486}","{""candidate_after_baseline_exit"": 2, ""candidate_after_max_hold"": 2, ""mask_requires_second_consecutive_candidate"": 6, ""no_candidate"": 51, ""none"": 1521, ""stale_data_no_action"": 1}",False
shadow-burnin-v3-r49-r48-target60-stop60-exit-replay-timestop-v2-maxwait66000-r1,M4_CONFIRM_2_WINDOWS / 10000 / -6000 / 120000,M4_CONFIRM_2_WINDOWS,10000,-6000,120000,G0_NONE,45000,holdout,1582,0,1540,42,25,43,1514,-620638,-392.31226295828066,-202.0,-520273,-328.870417193426,-202.0,100365,63.44184576485461,0.0,65.17207792207792,0.0,463,148,929,0.7577741407528642,611,0.7222606663716465,28,101687,14,128849,435,361482,0,0,463169,362804,0.27819003430713196,False,True,71.5,7,33,0,0,2,0,0,1582,0,0,2,"{""cut_target"": 14, ""harmful_exit"": 134, ""neutral_exit"": 929, ""no_active_exit"": 42, ""saved_stop"": 28, ""timeout_improved"": 435}","{""candidate_after_max_hold"": 2, ""no_candidate"": 33, ""none"": 1540, ""stale_data_no_action"": 7}",False
shadow-burnin-v3-r49-r48-target60-stop60-exit-replay-timestop-v2-maxwait66000-r1,M4_CONFIRM_2_WINDOWS / 10000 / -6000 / 120000,M4_CONFIRM_2_WINDOWS,10000,-6000,120000,G1_STEADY_EARLY_STRENGTH,10000,train,1583,0,1471,112,21,48,1514,-799915,-505.31585596967784,-202.0,-583973,-368.90271636133923,-202.0,215942,136.4131396083386,0.0,146.79945615227737,0.0,492,174,805,0.7387387387387387,666,0.7040720367582701,29,138447,8,73028,463,438879,0,0,577326,361384,0.12649352358979155,True,True,75.30000000000001,7,26,0,0,0,0,0,1583,0,0,4,"{""cut_target"": 8, ""harmful_exit"": 166, ""neutral_exit"": 805, ""no_active_exit"": 112, ""saved_stop"": 29, ""timeout_improved"": 463}","{""mask_requires_second_consecutive_candidate"": 2, ""no_candidate"": 26, ""none"": 1471, ""rtp_guard_protected"": 77, ""stale_data_no_action"": 7}",True
shadow-burnin-v3-r49-r48-target60-stop60-exit-replay-timestop-v2-maxwait66000-r1,M4_CONFIRM_2_WINDOWS / 10000 / -6000 / 120000,M4_CONFIRM_2_WINDOWS,10000,-6000,120000,G1_STEADY_EARLY_STRENGTH,10000,validation,1583,0,1439,144,32,69,1482,-610928,-385.93051168667085,-202.0,-529036,-334.1983575489577,-202.0,81892,51.7321541377132,0.0,56.90896455872134,0.0,481,161,797,0.7492211838006231,642,0.7142760302740478,28,102517,10,97481,453,355590,0,0,458107,376215,0.21279089819627292,True,True,73.30000000000001,1,51,0,2,2,0,0,1583,0,0,3,"{""cut_target"": 10, ""harmful_exit"": 151, ""neutral_exit"": 797, ""no_active_exit"": 144, ""saved_stop"": 28, ""timeout_improved"": 453}","{""candidate_after_baseline_exit"": 2, ""candidate_after_max_hold"": 2, ""mask_requires_second_consecutive_candidate"": 6, ""no_candidate"": 51, ""none"": 1439, ""rtp_guard_protected"": 82, ""stale_data_no_action"": 1}",False
shadow-burnin-v3-r49-r48-target60-stop60-exit-replay-timestop-v2-maxwait66000-r1,M4_CONFIRM_2_WINDOWS / 10000 / -6000 / 120000,M4_CONFIRM_2_WINDOWS,10000,-6000,120000,G1_STEADY_EARLY_STRENGTH,10000,holdout,1582,0,1485,97,25,43,1514,-620638,-392.31226295828066,-202.0,-546325,-345.3381795195954,-202.0,74313,46.974083438685206,0.0,50.04242424242424,0.0,430,127,928,0.7719928186714542,557,0.7353575372296579,22,77605,10,98259,408,299807,0,0,377412,303099,0.26034943245047854,False,True,62.800000000000004,7,33,0,0,2,0,0,1582,0,0,2,"{""cut_target"": 10, ""harmful_exit"": 117, ""neutral_exit"": 928, ""no_active_exit"": 97, ""saved_stop"": 22, ""timeout_improved"": 408}","{""candidate_after_max_hold"": 2, ""no_candidate"": 33, ""none"": 1485, ""rtp_guard_protected"": 55, ""stale_data_no_action"": 7}",False
shadow-burnin-v3-r49-r48-target60-stop60-exit-replay-timestop-v2-maxwait66000-r1,M4_CONFIRM_2_WINDOWS / 10000 / -6000 / 120000,M4_CONFIRM_2_WINDOWS,10000,-6000,120000,G1_STEADY_EARLY_STRENGTH,20000,train,1583,0,1463,120,21,48,1514,-799915,-505.31585596967784,-202.0,-532595,-336.44662034112446,-202.0,267320,168.86923562855338,0.0,182.72043745727956,0.0,497,160,806,0.756468797564688,657,0.7222195639176955,32,155286,5,48403,465,424740,0,0,580026,312706,0.08344970742690845,True,True,78.5,7,26,0,0,0,0,0,1583,0,0,4,"{""cut_target"": 5, ""harmful_exit"": 155, ""neutral_exit"": 806, ""no_active_exit"": 120, ""saved_stop"": 32, ""timeout_improved"": 465}","{""mask_requires_second_consecutive_candidate"": 2, ""no_candidate"": 26, ""none"": 1463, ""rtp_guard_protected"": 85, ""stale_data_no_action"": 7}",True
shadow-burnin-v3-r49-r48-target60-stop60-exit-replay-timestop-v2-maxwait66000-r1,M4_CONFIRM_2_WINDOWS / 10000 / -6000 / 120000,M4_CONFIRM_2_WINDOWS,10000,-6000,120000,G1_STEADY_EARLY_STRENGTH,20000,validation,1583,0,1433,150,32,69,1482,-610928,-385.93051168667085,-202.0,-593966,-375.2154137713203,-202.0,16962,10.7150979153506,0.0,11.836706210746685,0.0,474,161,798,0.7464566929133858,635,0.7112072330422503,29,106090,13,127999,445,312575,0,0,418665,401703,0.30573131262465214,False,True,73.5,1,51,0,2,2,0,0,1583,0,0,3,"{""cut_target"": 13, ""harmful_exit"": 148, ""neutral_exit"": 798, ""no_active_exit"": 150, ""saved_stop"": 29, ""timeout_improved"": 445}","{""candidate_after_baseline_exit"": 2, ""candidate_after_max_hold"": 2, ""mask_requires_second_consecutive_candidate"": 6, ""no_candidate"": 51, ""none"": 1433, ""rtp_guard_protected"": 88, ""stale_data_no_action"": 1}",False
shadow-burnin-v3-r49-r48-target60-stop60-exit-replay-timestop-v2-maxwait66000-r1,M4_CONFIRM_2_WINDOWS / 10000 / -6000 / 120000,M4_CONFIRM_2_WINDOWS,10000,-6000,120000,G1_STEADY_EARLY_STRENGTH,20000,holdout,1582,0,1482,100,25,43,1514,-620638,-392.31226295828066,-202.0,-522648,-330.37168141592923,-202.0,97990,61.94058154235145,0.0,66.12010796221323,0.0,430,123,929,0.7775768535262206,553,0.7410671873612836,25,88991,9,88863,405,285594,0,0,374585,276595,0.23723053512553893,True,True,65.5,7,33,0,0,2,0,0,1582,0,0,2,"{""cut_target"": 9, ""harmful_exit"": 114, ""neutral_exit"": 929, ""no_active_exit"": 100, ""saved_stop"": 25, ""timeout_improved"": 405}","{""candidate_after_max_hold"": 2, ""no_candidate"": 33, ""none"": 1482, ""rtp_guard_protected"": 58, ""stale_data_no_action"": 7}",False
shadow-burnin-v3-r49-r48-target60-stop60-exit-replay-timestop-v2-maxwait66000-r1,M4_CONFIRM_2_WINDOWS / 10000 / -6000 / 120000,M4_CONFIRM_2_WINDOWS,10000,-6000,120000,G1_STEADY_EARLY_STRENGTH,30000,train,1583,0,1465,118,21,48,1514,-799915,-505.31585596967784,-202.0,-528628,-333.94061907770055,-202.0,271287,171.37523689197727,0.0,185.1788395904437,0.0,500,159,806,0.7587253414264037,659,0.7246196457095189,32,155286,5,48403,468,427852,0,0,583138,311851,0.08300436603342605,True,True,78.80000000000001,7,26,0,0,0,0,0,1583,0,0,4,"{""cut_target"": 5, ""harmful_exit"": 154, ""neutral_exit"": 806, ""no_active_exit"": 118, ""saved_stop"": 32, ""timeout_improved"": 468}","{""mask_requires_second_consecutive_candidate"": 2, ""no_candidate"": 26, ""none"": 1465, ""rtp_guard_protected"": 83, ""stale_data_no_action"": 7}",True
shadow-burnin-v3-r49-r48-target60-stop60-exit-replay-timestop-v2-maxwait66000-r1,M4_CONFIRM_2_WINDOWS / 10000 / -6000 / 120000,M4_CONFIRM_2_WINDOWS,10000,-6000,120000,G1_STEADY_EARLY_STRENGTH,30000,validation,1583,0,1438,145,32,69,1482,-610928,-385.93051168667085,-202.0,-582900,-368.2248894504106,-202.0,28028,17.705622236260265,0.0,19.49095966620306,0.0,478,162,798,0.746875,640,0.7117843761445524,29,106090,13,127999,449,325306,0,0,431396,403368,0.2967088243748203,False,True,73.9,1,51,0,2,2,0,0,1583,0,0,3,"{""cut_target"": 13, ""harmful_exit"": 149, ""neutral_exit"": 798, ""no_active_exit"": 145, ""saved_stop"": 29, ""timeout_improved"": 449}","{""candidate_after_baseline_exit"": 2, ""candidate_after_max_hold"": 2, ""mask_requires_second_consecutive_candidate"": 6, ""no_candidate"": 51, ""none"": 1438, ""rtp_guard_protected"": 83, ""stale_data_no_action"": 1}",False
shadow-burnin-v3-r49-r48-target60-stop60-exit-replay-timestop-v2-maxwait66000-r1,M4_CONFIRM_2_WINDOWS / 10000 / -6000 / 120000,M4_CONFIRM_2_WINDOWS,10000,-6000,120000,G1_STEADY_EARLY_STRENGTH,30000,holdout,1582,0,1483,99,25,43,1514,-620638,-392.31226295828066,-202.0,-513739,-324.7402022756005,-202.0,106899,67.57206068268015,0.0,72.08293998651382,0.0,431,123,929,0.7779783393501805,554,0.7415225311624227,26,95653,9,88863,405,287841,0,0,383494,276595,0.23171940108580577,True,True,66.5,7,33,0,0,2,0,0,1582,0,0,2,"{""cut_target"": 9, ""harmful_exit"": 114, ""neutral_exit"": 929, ""no_active_exit"": 99, ""saved_stop"": 26, ""timeout_improved"": 405}","{""candidate_after_max_hold"": 2, ""no_candidate"": 33, ""none"": 1483, ""rtp_guard_protected"": 57, ""stale_data_no_action"": 7}",False
shadow-burnin-v3-r49-r48-target60-stop60-exit-replay-timestop-v2-maxwait66000-r1,M4_CONFIRM_2_WINDOWS / 10000 / -6000 / 120000,M4_CONFIRM_2_WINDOWS,10000,-6000,120000,G1_STEADY_EARLY_STRENGTH,45000,train,1583,0,1467,116,21,48,1514,-799915,-505.31585596967784,-202.0,-528651,-333.95514845230576,-202.0,271264,171.36070751737208,0.0,184.9107021131561,0.0,501,160,806,0.7579425113464447,661,0.7238593698723149,32,155286,5,48403,469,428649,0,0,583935,312671,0.08289107520528825,True,True,78.9,7,26,0,0,0,0,0,1583,0,0,4,"{""cut_target"": 5, ""harmful_exit"": 155, ""neutral_exit"": 806, ""no_active_exit"": 116, ""saved_stop"": 32, ""timeout_improved"": 469}","{""mask_requires_second_consecutive_candidate"": 2, ""no_candidate"": 26, ""none"": 1467, ""rtp_guard_protected"": 81, ""stale_data_no_action"": 7}",True
shadow-burnin-v3-r49-r48-target60-stop60-exit-replay-timestop-v2-maxwait66000-r1,M4_CONFIRM_2_WINDOWS / 10000 / -6000 / 120000,M4_CONFIRM_2_WINDOWS,10000,-6000,120000,G1_STEADY_EARLY_STRENGTH,45000,validation,1583,0,1437,146,32,69,1482,-610928,-385.93051168667085,-202.0,-588046,-371.4756790903348,-202.0,22882,14.45483259633607,0.0,15.923451635351427,0.0,478,161,798,0.7480438184663537,639,0.7129688360815724,29,106090,13,127999,449,320309,0,0,426399,403517,0.3001859760459101,False,True,73.9,1,51,0,2,2,0,0,1583,0,0,3,"{""cut_target"": 13, ""harmful_exit"": 148, ""neutral_exit"": 798, ""no_active_exit"": 146, ""saved_stop"": 29, ""timeout_improved"": 449}","{""candidate_after_baseline_exit"": 2, ""candidate_after_max_hold"": 2, ""mask_requires_second_consecutive_candidate"": 6, ""no_candidate"": 51, ""none"": 1437, ""rtp_guard_protected"": 84, ""stale_data_no_action"": 1}",False
shadow-burnin-v3-r49-r48-target60-stop60-exit-replay-timestop-v2-maxwait66000-r1,M4_CONFIRM_2_WINDOWS / 10000 / -6000 / 120000,M4_CONFIRM_2_WINDOWS,10000,-6000,120000,G1_STEADY_EARLY_STRENGTH,45000,holdout,1582,0,1486,96,25,43,1514,-620638,-392.31226295828066,-202.0,-514323,-325.10935524652336,-202.0,106315,67.20290771175726,0.0,71.54441453566622,0.0,433,124,929,0.77737881508079,557,0.7409972849935127,27,95025,9,88863,406,287997,0,0,383022,276707,0.23200495010730454,True,True,67.6,7,33,0,0,2,0,0,1582,0,0,2,"{""cut_target"": 9, ""harmful_exit"": 115, ""neutral_exit"": 929, ""no_active_exit"": 96, ""saved_stop"": 27, ""timeout_improved"": 406}","{""candidate_after_max_hold"": 2, ""no_candidate"": 33, ""none"": 1486, ""rtp_guard_protected"": 54, ""stale_data_no_action"": 7}",False
shadow-burnin-v3-r49-r48-target60-stop60-exit-replay-timestop-v2-maxwait66000-r1,M4_CONFIRM_2_WINDOWS / 10000 / -6000 / 120000,M4_CONFIRM_2_WINDOWS,10000,-6000,120000,G2_RECOVERY_AFTER_EARLY_DRAWDOWN,10000,train,1583,0,1532,51,21,48,1514,-799915,-505.31585596967784,-202.0,-537206,-339.3594440934934,-202.0,262709,165.95641187618446,0.0,171.48107049608356,0.0,528,195,809,0.7302904564315352,723,0.6967859443501007,34,172631,12,105179,494,527183,0,0,699814,437105,0.15029564998699654,True,True,83.4,7,26,0,0,0,0,0,1583,0,0,3,"{""cut_target"": 12, ""harmful_exit"": 183, ""neutral_exit"": 809, ""no_active_exit"": 51, ""saved_stop"": 34, ""timeout_improved"": 494}","{""mask_requires_second_consecutive_candidate"": 2, ""no_candidate"": 26, ""none"": 1532, ""rtp_guard_protected"": 16, ""stale_data_no_action"": 7}",True
shadow-burnin-v3-r49-r48-target60-stop60-exit-replay-timestop-v2-maxwait66000-r1,M4_CONFIRM_2_WINDOWS / 10000 / -6000 / 120000,M4_CONFIRM_2_WINDOWS,10000,-6000,120000,G2_RECOVERY_AFTER_EARLY_DRAWDOWN,10000,validation,1583,0,1512,71,32,69,1482,-610928,-385.93051168667085,-202.0,-504498,-318.6974099810486,-202.0,106430,67.23310170562223,0.0,70.39021164021165,0.0,518,193,801,0.7285513361462729,711,0.6947000380633577,33,147249,14,134109,485,459786,0,0,607035,500605,0.22092465838048878,True,True,81.5,1,51,0,2,2,0,0,1583,0,0,3,"{""cut_target"": 14, ""harmful_exit"": 179, ""neutral_exit"": 801, ""no_active_exit"": 71, ""saved_stop"": 33, ""timeout_improved"": 485}","{""candidate_after_baseline_exit"": 2, ""candidate_after_max_hold"": 2, ""mask_requires_second_consecutive_candidate"": 6, ""no_candidate"": 51, ""none"": 1512, ""rtp_guard_protected"": 9, ""stale_data_no_action"": 1}",False
shadow-burnin-v3-r49-r48-target60-stop60-exit-replay-timestop-v2-maxwait66000-r1,M4_CONFIRM_2_WINDOWS / 10000 / -6000 / 120000,M4_CONFIRM_2_WINDOWS,10000,-6000,120000,G2_RECOVERY_AFTER_EARLY_DRAWDOWN,10000,holdout,1582,0,1532,50,25,43,1514,-620638,-392.31226295828066,-202.0,-512556,-323.992414664981,-202.0,108082,68.31984829329961,0.0,70.54960835509138,0.0,461,142,929,0.7645107794361525,603,0.7290359986677786,27,99293,14,128849,434,357940,0,0,457233,349151,0.2818016197431069,False,True,70.4,7,33,0,0,2,0,0,1582,0,0,2,"{""cut_target"": 14, ""harmful_exit"": 128, ""neutral_exit"": 929, ""no_active_exit"": 50, ""saved_stop"": 27, ""timeout_improved"": 434}","{""candidate_after_max_hold"": 2, ""no_candidate"": 33, ""none"": 1532, ""rtp_guard_protected"": 8, ""stale_data_no_action"": 7}",False
shadow-burnin-v3-r49-r48-target60-stop60-exit-replay-timestop-v2-maxwait66000-r1,M4_CONFIRM_2_WINDOWS / 10000 / -6000 / 120000,M4_CONFIRM_2_WINDOWS,10000,-6000,120000,G2_RECOVERY_AFTER_EARLY_DRAWDOWN,20000,train,1583,0,1519,64,21,48,1514,-799915,-505.31585596967784,-202.0,-566221,-357.6885660138977,-202.0,233694,147.62728995578016,0.0,153.84726793943383,0.0,517,193,809,0.7281690140845071,710,0.6942808668816429,31,150388,11,96908,486,510011,0,0,660399,426705,0.14674159106842985,True,True,79.6,7,26,0,0,0,0,0,1583,0,0,3,"{""cut_target"": 11, ""harmful_exit"": 182, ""neutral_exit"": 809, ""no_active_exit"": 64, ""saved_stop"": 31, ""timeout_improved"": 486}","{""mask_requires_second_consecutive_candidate"": 2, ""no_candidate"": 26, ""none"": 1519, ""rtp_guard_protected"": 29, ""stale_data_no_action"": 7}",True
shadow-burnin-v3-r49-r48-target60-stop60-exit-replay-timestop-v2-maxwait66000-r1,M4_CONFIRM_2_WINDOWS / 10000 / -6000 / 120000,M4_CONFIRM_2_WINDOWS,10000,-6000,120000,G2_RECOVERY_AFTER_EARLY_DRAWDOWN,20000,validation,1583,0,1493,90,32,69,1482,-610928,-385.93051168667085,-202.0,-494648,-312.47504737839546,-202.0,116280,73.45546430827542,0.0,77.88345612860013,0.0,511,181,801,0.7384393063583815,692,0.7044424441814866,30,123504,12,113548,481,448181,0,0,571685,455405,0.19861986933363654,True,True,78.1,1,51,0,2,2,0,0,1583,0,0,3,"{""cut_target"": 12, ""harmful_exit"": 169, ""neutral_exit"": 801, ""no_active_exit"": 90, ""saved_stop"": 30, ""timeout_improved"": 481}","{""candidate_after_baseline_exit"": 2, ""candidate_after_max_hold"": 2, ""mask_requires_second_consecutive_candidate"": 6, ""no_candidate"": 51, ""none"": 1493, ""rtp_guard_protected"": 28, ""stale_data_no_action"": 1}",True
shadow-burnin-v3-r49-r48-target60-stop60-exit-replay-timestop-v2-maxwait66000-r1,M4_CONFIRM_2_WINDOWS / 10000 / -6000 / 120000,M4_CONFIRM_2_WINDOWS,10000,-6000,120000,G2_RECOVERY_AFTER_EARLY_DRAWDOWN,20000,holdout,1582,0,1521,61,25,43,1514,-620638,-392.31226295828066,-202.0,-511923,-323.5922882427307,-202.0,108715,68.71997471554994,0.0,71.47600262984878,0.0,454,138,929,0.7668918918918919,592,0.731178513338194,24,77835,11,101998,430,349123,0,0,426958,318243,0.2388946922179699,True,True,67.0,7,33,0,0,2,0,0,1582,0,0,2,"{""cut_target"": 11, ""harmful_exit"": 127, ""neutral_exit"": 929, ""no_active_exit"": 61, ""saved_stop"": 24, ""timeout_improved"": 430}","{""candidate_after_max_hold"": 2, ""no_candidate"": 33, ""none"": 1521, ""rtp_guard_protected"": 19, ""stale_data_no_action"": 7}",False
shadow-burnin-v3-r49-r48-target60-stop60-exit-replay-timestop-v2-maxwait66000-r1,M4_CONFIRM_2_WINDOWS / 10000 / -6000 / 120000,M4_CONFIRM_2_WINDOWS,10000,-6000,120000,G2_RECOVERY_AFTER_EARLY_DRAWDOWN,30000,train,1583,0,1515,68,21,48,1514,-799915,-505.31585596967784,-202.0,-583426,-368.5571699305117,-202.0,216489,136.75868603916615,0.0,142.8970297029703,0.0,515,191,809,0.7294617563739377,706,0.6955163186320263,30,145434,12,105179,485,503754,0,0,649188,432699,0.16201624182825314,True,True,78.5,7,26,0,0,0,0,0,1583,0,0,3,"{""cut_target"": 12, ""harmful_exit"": 179, ""neutral_exit"": 809, ""no_active_exit"": 68, ""saved_stop"": 30, ""timeout_improved"": 485}","{""mask_requires_second_consecutive_candidate"": 2, ""no_candidate"": 26, ""none"": 1515, ""rtp_guard_protected"": 33, ""stale_data_no_action"": 7}",True
shadow-burnin-v3-r49-r48-target60-stop60-exit-replay-timestop-v2-maxwait66000-r1,M4_CONFIRM_2_WINDOWS / 10000 / -6000 / 120000,M4_CONFIRM_2_WINDOWS,10000,-6000,120000,G2_RECOVERY_AFTER_EARLY_DRAWDOWN,30000,validation,1583,0,1494,89,32,69,1482,-610928,-385.93051168667085,-202.0,-501207,-316.61844598862916,-202.0,109721,69.31206569804169,0.0,73.44109772423026,0.0,512,181,801,0.7388167388167388,693,0.7048583037260289,31,126091,12,118633,481,445295,0,0,571386,461665,0.20762321792973576,True,True,79.1,1,51,0,2,2,0,0,1583,0,0,3,"{""cut_target"": 12, ""harmful_exit"": 169, ""neutral_exit"": 801, ""no_active_exit"": 89, ""saved_stop"": 31, ""timeout_improved"": 481}","{""candidate_after_baseline_exit"": 2, ""candidate_after_max_hold"": 2, ""mask_requires_second_consecutive_candidate"": 6, ""no_candidate"": 51, ""none"": 1494, ""rtp_guard_protected"": 27, ""stale_data_no_action"": 1}",False
shadow-burnin-v3-r49-r48-target60-stop60-exit-replay-timestop-v2-maxwait66000-r1,M4_CONFIRM_2_WINDOWS / 10000 / -6000 / 120000,M4_CONFIRM_2_WINDOWS,10000,-6000,120000,G2_RECOVERY_AFTER_EARLY_DRAWDOWN,30000,holdout,1582,0,1524,58,25,43,1514,-620638,-392.31226295828066,-202.0,-518416,-327.69658659924147,-202.0,102222,64.61567635903918,0.0,67.0748031496063,0.0,454,141,929,0.7630252100840336,595,0.7272386890861273,24,77835,11,101998,430,349123,0,0,426958,324736,0.2388946922179699,True,True,67.0,7,33,0,0,2,0,0,1582,0,0,2,"{""cut_target"": 11, ""harmful_exit"": 130, ""neutral_exit"": 929, ""no_active_exit"": 58, ""saved_stop"": 24, ""timeout_improved"": 430}","{""candidate_after_max_hold"": 2, ""no_candidate"": 33, ""none"": 1524, ""rtp_guard_protected"": 16, ""stale_data_no_action"": 7}",False
shadow-burnin-v3-r49-r48-target60-stop60-exit-replay-timestop-v2-maxwait66000-r1,M4_CONFIRM_2_WINDOWS / 10000 / -6000 / 120000,M4_CONFIRM_2_WINDOWS,10000,-6000,120000,G2_RECOVERY_AFTER_EARLY_DRAWDOWN,45000,train,1583,0,1518,65,21,48,1514,-799915,-505.31585596967784,-202.0,-580881,-366.94946304485154,-202.0,219034,138.36639292482627,0.0,144.2911725955204,0.0,517,192,809,0.7291960507757405,709,0.6953162531185156,30,145434,11,96908,487,505213,0,0,650647,431613,0.14894097721191368,True,True,78.7,7,26,0,0,0,0,0,1583,0,0,3,"{""cut_target"": 11, ""harmful_exit"": 181, ""neutral_exit"": 809, ""no_active_exit"": 65, ""saved_stop"": 30, ""timeout_improved"": 487}","{""mask_requires_second_consecutive_candidate"": 2, ""no_candidate"": 26, ""none"": 1518, ""rtp_guard_protected"": 30, ""stale_data_no_action"": 7}",True
shadow-burnin-v3-r49-r48-target60-stop60-exit-replay-timestop-v2-maxwait66000-r1,M4_CONFIRM_2_WINDOWS / 10000 / -6000 / 120000,M4_CONFIRM_2_WINDOWS,10000,-6000,120000,G2_RECOVERY_AFTER_EARLY_DRAWDOWN,45000,validation,1583,0,1493,90,32,69,1482,-610928,-385.93051168667085,-202.0,-493988,-312.0581174984207,-202.0,116940,73.87239418825015,0.0,78.32551908908239,0.0,513,180,800,0.7402597402597403,693,0.7063514554584303,32,128063,12,118633,481,445927,0,0,573990,457050,0.20668130106796287,True,True,80.1,1,51,0,2,2,0,0,1583,0,0,3,"{""cut_target"": 12, ""harmful_exit"": 168, ""neutral_exit"": 800, ""no_active_exit"": 90, ""saved_stop"": 32, ""timeout_improved"": 481}","{""candidate_after_baseline_exit"": 2, ""candidate_after_max_hold"": 2, ""mask_requires_second_consecutive_candidate"": 6, ""no_candidate"": 51, ""none"": 1493, ""rtp_guard_protected"": 28, ""stale_data_no_action"": 1}",False
shadow-burnin-v3-r49-r48-target60-stop60-exit-replay-timestop-v2-maxwait66000-r1,M4_CONFIRM_2_WINDOWS / 10000 / -6000 / 120000,M4_CONFIRM_2_WINDOWS,10000,-6000,120000,G2_RECOVERY_AFTER_EARLY_DRAWDOWN,45000,holdout,1582,0,1524,58,25,43,1514,-620638,-392.31226295828066,-202.0,-514409,-325.1637168141593,-202.0,106229,67.14854614412137,0.0,69.70406824146981,0.0,455,140,929,0.7647058823529411,595,0.728991572676569,24,78186,11,101998,431,349148,0,0,427334,321105,0.23868449503198902,True,True,67.1,7,33,0,0,2,0,0,1582,0,0,2,"{""cut_target"": 11, ""harmful_exit"": 129, ""neutral_exit"": 929, ""no_active_exit"": 58, ""saved_stop"": 24, ""timeout_improved"": 431}","{""candidate_after_max_hold"": 2, ""no_candidate"": 33, ""none"": 1524, ""rtp_guard_protected"": 16, ""stale_data_no_action"": 7}",False
shadow-burnin-v3-r49-r48-target60-stop60-exit-replay-timestop-v2-maxwait66000-r1,M4_CONFIRM_2_WINDOWS / 10000 / -6000 / 120000,M4_CONFIRM_2_WINDOWS,10000,-6000,120000,G3_LOW_VOL_CONTINUATION,10000,train,1583,0,1528,55,21,48,1514,-799915,-505.31585596967784,-202.0,-566386,-357.7927984838913,-202.0,233529,147.5230574857865,0.0,152.83311518324606,0.0,523,197,808,0.7263888888888889,720,0.6926880737612893,34,171701,13,115021,489,517477,0,0,689178,455649,0.16689592529070865,True,True,82.9,7,26,0,0,0,0,0,1583,0,0,4,"{""cut_target"": 13, ""harmful_exit"": 184, ""neutral_exit"": 808, ""no_active_exit"": 55, ""saved_stop"": 34, ""timeout_improved"": 489}","{""mask_requires_second_consecutive_candidate"": 2, ""no_candidate"": 26, ""none"": 1528, ""rtp_guard_protected"": 20, ""stale_data_no_action"": 7}",True
shadow-burnin-v3-r49-r48-target60-stop60-exit-replay-timestop-v2-maxwait66000-r1,M4_CONFIRM_2_WINDOWS / 10000 / -6000 / 120000,M4_CONFIRM_2_WINDOWS,10000,-6000,120000,G3_LOW_VOL_CONTINUATION,10000,validation,1583,0,1499,84,32,69,1482,-610928,-385.93051168667085,-202.0,-524323,-331.22109917877447,-202.0,86605,54.7094125078964,0.0,57.77518345563709,0.0,511,188,800,0.7310443490701002,699,0.6969755268524694,36,156341,16,149571,475,440969,0,0,597310,510705,0.25040766101354406,False,True,83.5,1,51,0,2,2,0,0,1583,0,0,3,"{""cut_target"": 16, ""harmful_exit"": 172, ""neutral_exit"": 800, ""no_active_exit"": 84, ""saved_stop"": 36, ""timeout_improved"": 475}","{""candidate_after_baseline_exit"": 2, ""candidate_after_max_hold"": 2, ""mask_requires_second_consecutive_candidate"": 6, ""no_candidate"": 51, ""none"": 1499, ""rtp_guard_protected"": 22, ""stale_data_no_action"": 1}",False
shadow-burnin-v3-r49-r48-target60-stop60-exit-replay-timestop-v2-maxwait66000-r1,M4_CONFIRM_2_WINDOWS / 10000 / -6000 / 120000,M4_CONFIRM_2_WINDOWS,10000,-6000,120000,G3_LOW_VOL_CONTINUATION,10000,holdout,1582,0,1528,54,25,43,1514,-620638,-392.31226295828066,-202.0,-526018,-332.50189633375476,-202.0,94620,59.81036662452592,0.0,61.924083769633505,0.0,456,144,928,0.76,600,0.7242415574234481,28,101687,14,128849,428,348552,0,0,450239,355619,0.28617911820166625,False,True,70.80000000000001,7,33,0,0,2,0,0,1582,0,0,2,"{""cut_target"": 14, ""harmful_exit"": 130, ""neutral_exit"": 928, ""no_active_exit"": 54, ""saved_stop"": 28, ""timeout_improved"": 428}","{""candidate_after_max_hold"": 2, ""no_candidate"": 33, ""none"": 1528, ""rtp_guard_protected"": 12, ""stale_data_no_action"": 7}",False
shadow-burnin-v3-r49-r48-target60-stop60-exit-replay-timestop-v2-maxwait66000-r1,M4_CONFIRM_2_WINDOWS / 10000 / -6000 / 120000,M4_CONFIRM_2_WINDOWS,10000,-6000,120000,G3_LOW_VOL_CONTINUATION,20000,train,1583,0,1517,66,21,48,1514,-799915,-505.31585596967784,-202.0,-570921,-360.65761212886923,-202.0,228994,144.65824384080858,0.0,150.95187870797628,0.0,521,188,808,0.7348377997179125,709,0.7011432315772153,35,177585,13,115021,486,496064,0,0,673649,444655,0.1707432208761536,True,True,83.6,7,26,0,0,0,0,0,1583,0,0,3,"{""cut_target"": 13, ""harmful_exit"": 175, ""neutral_exit"": 808, ""no_active_exit"": 66, ""saved_stop"": 35, ""timeout_improved"": 486}","{""mask_requires_second_consecutive_candidate"": 2, ""no_candidate"": 26, ""none"": 1517, ""rtp_guard_protected"": 31, ""stale_data_no_action"": 7}",True
shadow-burnin-v3-r49-r48-target60-stop60-exit-replay-timestop-v2-maxwait66000-r1,M4_CONFIRM_2_WINDOWS / 10000 / -6000 / 120000,M4_CONFIRM_2_WINDOWS,10000,-6000,120000,G3_LOW_VOL_CONTINUATION,20000,validation,1583,0,1500,83,32,69,1482,-610928,-385.93051168667085,-202.0,-511764,-323.28742893240684,-202.0,99164,62.64308275426406,0.0,66.10933333333334,0.0,513,187,800,0.7328571428571429,700,0.6988732643488078,36,156341,16,149571,477,443859,0,0,600200,501036,0.24920193268910362,True,True,83.7,1,51,0,2,2,0,0,1583,0,0,3,"{""cut_target"": 16, ""harmful_exit"": 171, ""neutral_exit"": 800, ""no_active_exit"": 83, ""saved_stop"": 36, ""timeout_improved"": 477}","{""candidate_after_baseline_exit"": 2, ""candidate_after_max_hold"": 2, ""mask_requires_second_consecutive_candidate"": 6, ""no_candidate"": 51, ""none"": 1500, ""rtp_guard_protected"": 21, ""stale_data_no_action"": 1}",False
shadow-burnin-v3-r49-r48-target60-stop60-exit-replay-timestop-v2-maxwait66000-r1,M4_CONFIRM_2_WINDOWS / 10000 / -6000 / 120000,M4_CONFIRM_2_WINDOWS,10000,-6000,120000,G3_LOW_VOL_CONTINUATION,20000,holdout,1582,0,1531,51,25,43,1514,-620638,-392.31226295828066,-202.0,-523929,-331.1814159292035,-202.0,96709,61.13084702907712,0.0,63.167210973220115,0.0,458,145,928,0.7595356550580431,603,0.7238506355082022,28,101687,14,128849,430,348313,0,0,450000,353291,0.2863311111111111,False,True,71.0,7,33,0,0,2,0,0,1582,0,0,2,"{""cut_target"": 14, ""harmful_exit"": 131, ""neutral_exit"": 928, ""no_active_exit"": 51, ""saved_stop"": 28, ""timeout_improved"": 430}","{""candidate_after_max_hold"": 2, ""no_candidate"": 33, ""none"": 1531, ""rtp_guard_protected"": 9, ""stale_data_no_action"": 7}",False
shadow-burnin-v3-r49-r48-target60-stop60-exit-replay-timestop-v2-maxwait66000-r1,M4_CONFIRM_2_WINDOWS / 10000 / -6000 / 120000,M4_CONFIRM_2_WINDOWS,10000,-6000,120000,G3_LOW_VOL_CONTINUATION,30000,train,1583,0,1518,65,21,48,1514,-799915,-505.31585596967784,-202.0,-571776,-361.1977258370183,-202.0,228139,144.1181301326595,0.0,150.28919631093544,0.0,521,189,808,0.7338028169014085,710,0.7000983172100097,35,177585,13,115021,486,496064,0,0,673649,445510,0.1707432208761536,True,True,83.6,7,26,0,0,0,0,0,1583,0,0,3,"{""cut_target"": 13, ""harmful_exit"": 176, ""neutral_exit"": 808, ""no_active_exit"": 65, ""saved_stop"": 35, ""timeout_improved"": 486}","{""mask_requires_second_consecutive_candidate"": 2, ""no_candidate"": 26, ""none"": 1518, ""rtp_guard_protected"": 30, ""stale_data_no_action"": 7}",True
shadow-burnin-v3-r49-r48-target60-stop60-exit-replay-timestop-v2-maxwait66000-r1,M4_CONFIRM_2_WINDOWS / 10000 / -6000 / 120000,M4_CONFIRM_2_WINDOWS,10000,-6000,120000,G3_LOW_VOL_CONTINUATION,30000,validation,1583,0,1500,83,32,69,1482,-610928,-385.93051168667085,-202.0,-511764,-323.28742893240684,-202.0,99164,62.64308275426406,0.0,66.10933333333334,0.0,513,187,800,0.7328571428571429,700,0.6988732643488078,36,156341,16,149571,477,443859,0,0,600200,501036,0.24920193268910362,True,True,83.7,1,51,0,2,2,0,0,1583,0,0,3,"{""cut_target"": 16, ""harmful_exit"": 171, ""neutral_exit"": 800, ""no_active_exit"": 83, ""saved_stop"": 36, ""timeout_improved"": 477}","{""candidate_after_baseline_exit"": 2, ""candidate_after_max_hold"": 2, ""mask_requires_second_consecutive_candidate"": 6, ""no_candidate"": 51, ""none"": 1500, ""rtp_guard_protected"": 21, ""stale_data_no_action"": 1}",False
shadow-burnin-v3-r49-r48-target60-stop60-exit-replay-timestop-v2-maxwait66000-r1,M4_CONFIRM_2_WINDOWS / 10000 / -6000 / 120000,M4_CONFIRM_2_WINDOWS,10000,-6000,120000,G3_LOW_VOL_CONTINUATION,30000,holdout,1582,0,1531,51,25,43,1514,-620638,-392.31226295828066,-202.0,-523929,-331.1814159292035,-202.0,96709,61.13084702907712,0.0,63.167210973220115,0.0,458,145,928,0.7595356550580431,603,0.7238506355082022,28,101687,14,128849,430,348313,0,0,450000,353291,0.2863311111111111,False,True,71.0,7,33,0,0,2,0,0,1582,0,0,2,"{""cut_target"": 14, ""harmful_exit"": 131, ""neutral_exit"": 928, ""no_active_exit"": 51, ""saved_stop"": 28, ""timeout_improved"": 430}","{""candidate_after_max_hold"": 2, ""no_candidate"": 33, ""none"": 1531, ""rtp_guard_protected"": 9, ""stale_data_no_action"": 7}",False
shadow-burnin-v3-r49-r48-target60-stop60-exit-replay-timestop-v2-maxwait66000-r1,M4_CONFIRM_2_WINDOWS / 10000 / -6000 / 120000,M4_CONFIRM_2_WINDOWS,10000,-6000,120000,G3_LOW_VOL_CONTINUATION,45000,train,1583,0,1518,65,21,48,1514,-799915,-505.31585596967784,-202.0,-571776,-361.1977258370183,-202.0,228139,144.1181301326595,0.0,150.28919631093544,0.0,521,189,808,0.7338028169014085,710,0.7000983172100097,35,177585,13,115021,486,496064,0,0,673649,445510,0.1707432208761536,True,True,83.6,7,26,0,0,0,0,0,1583,0,0,3,"{""cut_target"": 13, ""harmful_exit"": 176, ""neutral_exit"": 808, ""no_active_exit"": 65, ""saved_stop"": 35, ""timeout_improved"": 486}","{""mask_requires_second_consecutive_candidate"": 2, ""no_candidate"": 26, ""none"": 1518, ""rtp_guard_protected"": 30, ""stale_data_no_action"": 7}",True
shadow-burnin-v3-r49-r48-target60-stop60-exit-replay-timestop-v2-maxwait66000-r1,M4_CONFIRM_2_WINDOWS / 10000 / -6000 / 120000,M4_CONFIRM_2_WINDOWS,10000,-6000,120000,G3_LOW_VOL_CONTINUATION,45000,validation,1583,0,1500,83,32,69,1482,-610928,-385.93051168667085,-202.0,-511764,-323.28742893240684,-202.0,99164,62.64308275426406,0.0,66.10933333333334,0.0,513,187,800,0.7328571428571429,700,0.6988732643488078,36,156341,16,149571,477,443859,0,0,600200,501036,0.24920193268910362,True,True,83.7,1,51,0,2,2,0,0,1583,0,0,3,"{""cut_target"": 16, ""harmful_exit"": 171, ""neutral_exit"": 800, ""no_active_exit"": 83, ""saved_stop"": 36, ""timeout_improved"": 477}","{""candidate_after_baseline_exit"": 2, ""candidate_after_max_hold"": 2, ""mask_requires_second_consecutive_candidate"": 6, ""no_candidate"": 51, ""none"": 1500, ""rtp_guard_protected"": 21, ""stale_data_no_action"": 1}",False
shadow-burnin-v3-r49-r48-target60-stop60-exit-replay-timestop-v2-maxwait66000-r1,M4_CONFIRM_2_WINDOWS / 10000 / -6000 / 120000,M4_CONFIRM_2_WINDOWS,10000,-6000,120000,G3_LOW_VOL_CONTINUATION,45000,holdout,1582,0,1531,51,25,43,1514,-620638,-392.31226295828066,-202.0,-523929,-331.1814159292035,-202.0,96709,61.13084702907712,0.0,63.167210973220115,0.0,458,145,928,0.7595356550580431,603,0.7238506355082022,28,101687,14,128849,430,348313,0,0,450000,353291,0.2863311111111111,False,True,71.0,7,33,0,0,2,0,0,1582,0,0,2,"{""cut_target"": 14, ""harmful_exit"": 131, ""neutral_exit"": 928, ""no_active_exit"": 51, ""saved_stop"": 28, ""timeout_improved"": 430}","{""candidate_after_max_hold"": 2, ""no_candidate"": 33, ""none"": 1531, ""rtp_guard_protected"": 9, ""stale_data_no_action"": 7}",False
shadow-burnin-v3-r49-r48-target60-stop60-exit-replay-timestop-v2-maxwait66000-r1,M4_CONFIRM_2_WINDOWS / 10000 / -6000 / 120000,M4_CONFIRM_2_WINDOWS,10000,-6000,120000,G4_DELAYED_DECISION_4000,10000,train,1583,0,1546,37,21,48,1514,-799915,-505.31585596967784,-202.0,-549142,-346.89955780164246,-202.0,250773,158.41629816803538,0.0,162.20763260025873,0.0,516,202,828,0.7186629526462396,718,0.6846764265041329,34,167882,12,90868,482,509796,0,0,677678,426905,0.13408728038980164,True,True,82.2,7,26,0,0,0,0,0,1583,0,0,4,"{""cut_target"": 12, ""harmful_exit"": 190, ""neutral_exit"": 828, ""no_active_exit"": 37, ""saved_stop"": 34, ""timeout_improved"": 482}","{""mask_requires_second_consecutive_candidate"": 2, ""no_candidate"": 26, ""none"": 1546, ""rtp_delay_after_baseline_or_hold"": 2, ""stale_data_no_action"": 7}",True
shadow-burnin-v3-r49-r48-target60-stop60-exit-replay-timestop-v2-maxwait66000-r1,M4_CONFIRM_2_WINDOWS / 10000 / -6000 / 120000,M4_CONFIRM_2_WINDOWS,10000,-6000,120000,G4_DELAYED_DECISION_4000,10000,validation,1583,0,1518,65,32,69,1482,-610928,-385.93051168667085,-202.0,-515414,-325.59317751105493,-202.0,95514,60.33733417561592,0.0,62.92094861660079,0.0,500,199,819,0.7153075822603719,699,0.6807479164943796,33,136126,17,138980,467,460610,0,0,596736,501222,0.23290031102531103,True,True,79.7,1,51,0,2,2,0,0,1583,0,0,3,"{""cut_target"": 17, ""harmful_exit"": 182, ""neutral_exit"": 819, ""no_active_exit"": 65, ""saved_stop"": 33, ""timeout_improved"": 467}","{""candidate_after_baseline_exit"": 2, ""candidate_after_max_hold"": 2, ""mask_requires_second_consecutive_candidate"": 6, ""no_candidate"": 51, ""none"": 1518, ""rtp_delay_after_baseline_or_hold"": 3, ""stale_data_no_action"": 1}",False
shadow-burnin-v3-r49-r48-target60-stop60-exit-replay-timestop-v2-maxwait66000-r1,M4_CONFIRM_2_WINDOWS / 10000 / -6000 / 120000,M4_CONFIRM_2_WINDOWS,10000,-6000,120000,G4_DELAYED_DECISION_4000,10000,holdout,1582,0,1537,45,25,43,1514,-620638,-392.31226295828066,-202.0,-522937,-330.5543615676359,-202.0,97701,61.757901390644754,0.0,63.56603773584906,0.0,445,141,951,0.7593856655290102,586,0.7231587371327727,25,89076,14,118743,420,353985,0,0,443061,345360,0.2680059856317753,False,True,67.0,7,33,0,0,2,0,0,1582,0,0,2,"{""cut_target"": 14, ""harmful_exit"": 127, ""neutral_exit"": 951, ""no_active_exit"": 45, ""saved_stop"": 25, ""timeout_improved"": 420}","{""candidate_after_max_hold"": 2, ""no_candidate"": 33, ""none"": 1537, ""rtp_delay_after_baseline_or_hold"": 3, ""stale_data_no_action"": 7}",False
shadow-burnin-v3-r49-r48-target60-stop60-exit-replay-timestop-v2-maxwait66000-r1,M4_CONFIRM_2_WINDOWS / 10000 / -6000 / 120000,M4_CONFIRM_2_WINDOWS,10000,-6000,120000,G4_DELAYED_DECISION_4000,20000,train,1583,0,1546,37,21,48,1514,-799915,-505.31585596967784,-202.0,-549142,-346.89955780164246,-202.0,250773,158.41629816803538,0.0,162.20763260025873,0.0,516,202,828,0.7186629526462396,718,0.6846764265041329,34,167882,12,90868,482,509796,0,0,677678,426905,0.13408728038980164,True,True,82.2,7,26,0,0,0,0,0,1583,0,0,4,"{""cut_target"": 12, ""harmful_exit"": 190, ""neutral_exit"": 828, ""no_active_exit"": 37, ""saved_stop"": 34, ""timeout_improved"": 482}","{""mask_requires_second_consecutive_candidate"": 2, ""no_candidate"": 26, ""none"": 1546, ""rtp_delay_after_baseline_or_hold"": 2, ""stale_data_no_action"": 7}",True
shadow-burnin-v3-r49-r48-target60-stop60-exit-replay-timestop-v2-maxwait66000-r1,M4_CONFIRM_2_WINDOWS / 10000 / -6000 / 120000,M4_CONFIRM_2_WINDOWS,10000,-6000,120000,G4_DELAYED_DECISION_4000,20000,validation,1583,0,1518,65,32,69,1482,-610928,-385.93051168667085,-202.0,-515414,-325.59317751105493,-202.0,95514,60.33733417561592,0.0,62.92094861660079,0.0,500,199,819,0.7153075822603719,699,0.6807479164943796,33,136126,17,138980,467,460610,0,0,596736,501222,0.23290031102531103,True,True,79.7,1,51,0,2,2,0,0,1583,0,0,3,"{""cut_target"": 17, ""harmful_exit"": 182, ""neutral_exit"": 819, ""no_active_exit"": 65, ""saved_stop"": 33, ""timeout_improved"": 467}","{""candidate_after_baseline_exit"": 2, ""candidate_after_max_hold"": 2, ""mask_requires_second_consecutive_candidate"": 6, ""no_candidate"": 51, ""none"": 1518, ""rtp_delay_after_baseline_or_hold"": 3, ""stale_data_no_action"": 1}",False
shadow-burnin-v3-r49-r48-target60-stop60-exit-replay-timestop-v2-maxwait66000-r1,M4_CONFIRM_2_WINDOWS / 10000 / -6000 / 120000,M4_CONFIRM_2_WINDOWS,10000,-6000,120000,G4_DELAYED_DECISION_4000,20000,holdout,1582,0,1537,45,25,43,1514,-620638,-392.31226295828066,-202.0,-522937,-330.5543615676359,-202.0,97701,61.757901390644754,0.0,63.56603773584906,0.0,445,141,951,0.7593856655290102,586,0.7231587371327727,25,89076,14,118743,420,353985,0,0,443061,345360,0.2680059856317753,False,True,67.0,7,33,0,0,2,0,0,1582,0,0,2,"{""cut_target"": 14, ""harmful_exit"": 127, ""neutral_exit"": 951, ""no_active_exit"": 45, ""saved_stop"": 25, ""timeout_improved"": 420}","{""candidate_after_max_hold"": 2, ""no_candidate"": 33, ""none"": 1537, ""rtp_delay_after_baseline_or_hold"": 3, ""stale_data_no_action"": 7}",False
shadow-burnin-v3-r49-r48-target60-stop60-exit-replay-timestop-v2-maxwait66000-r1,M4_CONFIRM_2_WINDOWS / 10000 / -6000 / 120000,M4_CONFIRM_2_WINDOWS,10000,-6000,120000,G4_DELAYED_DECISION_4000,30000,train,1583,0,1546,37,21,48,1514,-799915,-505.31585596967784,-202.0,-549142,-346.89955780164246,-202.0,250773,158.41629816803538,0.0,162.20763260025873,0.0,516,202,828,0.7186629526462396,718,0.6846764265041329,34,167882,12,90868,482,509796,0,0,677678,426905,0.13408728038980164,True,True,82.2,7,26,0,0,0,0,0,1583,0,0,4,"{""cut_target"": 12, ""harmful_exit"": 190, ""neutral_exit"": 828, ""no_active_exit"": 37, ""saved_stop"": 34, ""timeout_improved"": 482}","{""mask_requires_second_consecutive_candidate"": 2, ""no_candidate"": 26, ""none"": 1546, ""rtp_delay_after_baseline_or_hold"": 2, ""stale_data_no_action"": 7}",True
shadow-burnin-v3-r49-r48-target60-stop60-exit-replay-timestop-v2-maxwait66000-r1,M4_CONFIRM_2_WINDOWS / 10000 / -6000 / 120000,M4_CONFIRM_2_WINDOWS,10000,-6000,120000,G4_DELAYED_DECISION_4000,30000,validation,1583,0,1518,65,32,69,1482,-610928,-385.93051168667085,-202.0,-515414,-325.59317751105493,-202.0,95514,60.33733417561592,0.0,62.92094861660079,0.0,500,199,819,0.7153075822603719,699,0.6807479164943796,33,136126,17,138980,467,460610,0,0,596736,501222,0.23290031102531103,True,True,79.7,1,51,0,2,2,0,0,1583,0,0,3,"{""cut_target"": 17, ""harmful_exit"": 182, ""neutral_exit"": 819, ""no_active_exit"": 65, ""saved_stop"": 33, ""timeout_improved"": 467}","{""candidate_after_baseline_exit"": 2, ""candidate_after_max_hold"": 2, ""mask_requires_second_consecutive_candidate"": 6, ""no_candidate"": 51, ""none"": 1518, ""rtp_delay_after_baseline_or_hold"": 3, ""stale_data_no_action"": 1}",False
shadow-burnin-v3-r49-r48-target60-stop60-exit-replay-timestop-v2-maxwait66000-r1,M4_CONFIRM_2_WINDOWS / 10000 / -6000 / 120000,M4_CONFIRM_2_WINDOWS,10000,-6000,120000,G4_DELAYED_DECISION_4000,30000,holdout,1582,0,1537,45,25,43,1514,-620638,-392.31226295828066,-202.0,-522937,-330.5543615676359,-202.0,97701,61.757901390644754,0.0,63.56603773584906,0.0,445,141,951,0.7593856655290102,586,0.7231587371327727,25,89076,14,118743,420,353985,0,0,443061,345360,0.2680059856317753,False,True,67.0,7,33,0,0,2,0,0,1582,0,0,2,"{""cut_target"": 14, ""harmful_exit"": 127, ""neutral_exit"": 951, ""no_active_exit"": 45, ""saved_stop"": 25, ""timeout_improved"": 420}","{""candidate_after_max_hold"": 2, ""no_candidate"": 33, ""none"": 1537, ""rtp_delay_after_baseline_or_hold"": 3, ""stale_data_no_action"": 7}",False
shadow-burnin-v3-r49-r48-target60-stop60-exit-replay-timestop-v2-maxwait66000-r1,M4_CONFIRM_2_WINDOWS / 10000 / -6000 / 120000,M4_CONFIRM_2_WINDOWS,10000,-6000,120000,G4_DELAYED_DECISION_4000,45000,train,1583,0,1546,37,21,48,1514,-799915,-505.31585596967784,-202.0,-549142,-346.89955780164246,-202.0,250773,158.41629816803538,0.0,162.20763260025873,0.0,516,202,828,0.7186629526462396,718,0.6846764265041329,34,167882,12,90868,482,509796,0,0,677678,426905,0.13408728038980164,True,True,82.2,7,26,0,0,0,0,0,1583,0,0,4,"{""cut_target"": 12, ""harmful_exit"": 190, ""neutral_exit"": 828, ""no_active_exit"": 37, ""saved_stop"": 34, ""timeout_improved"": 482}","{""mask_requires_second_consecutive_candidate"": 2, ""no_candidate"": 26, ""none"": 1546, ""rtp_delay_after_baseline_or_hold"": 2, ""stale_data_no_action"": 7}",True
shadow-burnin-v3-r49-r48-target60-stop60-exit-replay-timestop-v2-maxwait66000-r1,M4_CONFIRM_2_WINDOWS / 10000 / -6000 / 120000,M4_CONFIRM_2_WINDOWS,10000,-6000,120000,G4_DELAYED_DECISION_4000,45000,validation,1583,0,1518,65,32,69,1482,-610928,-385.93051168667085,-202.0,-515414,-325.59317751105493,-202.0,95514,60.33733417561592,0.0,62.92094861660079,0.0,500,199,819,0.7153075822603719,699,0.6807479164943796,33,136126,17,138980,467,460610,0,0,596736,501222,0.23290031102531103,True,True,79.7,1,51,0,2,2,0,0,1583,0,0,3,"{""cut_target"": 17, ""harmful_exit"": 182, ""neutral_exit"": 819, ""no_active_exit"": 65, ""saved_stop"": 33, ""timeout_improved"": 467}","{""candidate_after_baseline_exit"": 2, ""candidate_after_max_hold"": 2, ""mask_requires_second_consecutive_candidate"": 6, ""no_candidate"": 51, ""none"": 1518, ""rtp_delay_after_baseline_or_hold"": 3, ""stale_data_no_action"": 1}",False
shadow-burnin-v3-r49-r48-target60-stop60-exit-replay-timestop-v2-maxwait66000-r1,M4_CONFIRM_2_WINDOWS / 10000 / -6000 / 120000,M4_CONFIRM_2_WINDOWS,10000,-6000,120000,G4_DELAYED_DECISION_4000,45000,holdout,1582,0,1537,45,25,43,1514,-620638,-392.31226295828066,-202.0,-522937,-330.5543615676359,-202.0,97701,61.757901390644754,0.0,63.56603773584906,0.0,445,141,951,0.7593856655290102,586,0.7231587371327727,25,89076,14,118743,420,353985,0,0,443061,345360,0.2680059856317753,False,True,67.0,7,33,0,0,2,0,0,1582,0,0,2,"{""cut_target"": 14, ""harmful_exit"": 127, ""neutral_exit"": 951, ""no_active_exit"": 45, ""saved_stop"": 25, ""timeout_improved"": 420}","{""candidate_after_max_hold"": 2, ""no_candidate"": 33, ""none"": 1537, ""rtp_delay_after_baseline_or_hold"": 3, ""stale_data_no_action"": 7}",False
shadow-burnin-v3-r49-r48-target60-stop60-exit-replay-timestop-v2-maxwait66000-r1,M4_CONFIRM_2_WINDOWS / 10000 / -6000 / 120000,M4_CONFIRM_2_WINDOWS,10000,-6000,120000,G5_DELAYED_DECISION_8000,10000,train,1583,0,1542,41,21,48,1514,-799915,-505.31585596967784,-202.0,-589924,-372.6620341124447,-202.0,209991,132.6538218572331,0.0,136.18093385214007,0.0,493,200,849,0.7113997113997114,693,0.6765718057194312,30,135151,12,76908,463,476287,0,0,611438,401447,0.12578217251790041,True,True,76.30000000000001,7,26,0,0,0,0,0,1583,0,0,4,"{""cut_target"": 12, ""harmful_exit"": 188, ""neutral_exit"": 849, ""no_active_exit"": 41, ""saved_stop"": 30, ""timeout_improved"": 463}","{""mask_requires_second_consecutive_candidate"": 2, ""no_candidate"": 26, ""none"": 1542, ""rtp_delay_after_baseline_or_hold"": 6, ""stale_data_no_action"": 7}",True
shadow-burnin-v3-r49-r48-target60-stop60-exit-replay-timestop-v2-maxwait66000-r1,M4_CONFIRM_2_WINDOWS / 10000 / -6000 / 120000,M4_CONFIRM_2_WINDOWS,10000,-6000,120000,G5_DELAYED_DECISION_8000,10000,validation,1583,0,1516,67,32,69,1482,-610928,-385.93051168667085,-202.0,-532508,-336.39166140240053,-202.0,78420,49.538850284270374,0.0,51.72823218997362,0.0,483,189,844,0.71875,672,0.6835868672586429,32,124768,16,135518,451,424941,0,0,549709,471289,0.24652679872441602,True,True,77.1,1,51,0,2,2,0,0,1583,0,0,3,"{""cut_target"": 16, ""harmful_exit"": 173, ""neutral_exit"": 844, ""no_active_exit"": 67, ""saved_stop"": 32, ""timeout_improved"": 451}","{""candidate_after_baseline_exit"": 2, ""candidate_after_max_hold"": 2, ""mask_requires_second_consecutive_candidate"": 6, ""no_candidate"": 51, ""none"": 1516, ""rtp_delay_after_baseline_or_hold"": 5, ""stale_data_no_action"": 1}",False
shadow-burnin-v3-r49-r48-target60-stop60-exit-replay-timestop-v2-maxwait66000-r1,M4_CONFIRM_2_WINDOWS / 10000 / -6000 / 120000,M4_CONFIRM_2_WINDOWS,10000,-6000,120000,G5_DELAYED_DECISION_8000,10000,holdout,1582,0,1531,51,25,43,1514,-620638,-392.31226295828066,-202.0,-537926,-340.0290771175727,-202.0,82712,52.283185840707965,0.0,54.02482037883736,0.0,416,148,967,0.7375886524822695,564,0.6997603162184601,20,87584,13,101536,396,318850,0,0,406434,323722,0.24982161925429466,True,True,59.6,7,33,0,0,2,0,0,1582,0,0,2,"{""cut_target"": 13, ""harmful_exit"": 135, ""neutral_exit"": 967, ""no_active_exit"": 51, ""saved_stop"": 20, ""timeout_improved"": 396}","{""candidate_after_max_hold"": 2, ""no_candidate"": 33, ""none"": 1531, ""rtp_delay_after_baseline_or_hold"": 9, ""stale_data_no_action"": 7}",False
shadow-burnin-v3-r49-r48-target60-stop60-exit-replay-timestop-v2-maxwait66000-r1,M4_CONFIRM_2_WINDOWS / 10000 / -6000 / 120000,M4_CONFIRM_2_WINDOWS,10000,-6000,120000,G5_DELAYED_DECISION_8000,20000,train,1583,0,1542,41,21,48,1514,-799915,-505.31585596967784,-202.0,-589924,-372.6620341124447,-202.0,209991,132.6538218572331,0.0,136.18093385214007,0.0,493,200,849,0.7113997113997114,693,0.6765718057194312,30,135151,12,76908,463,476287,0,0,611438,401447,0.12578217251790041,True,True,76.30000000000001,7,26,0,0,0,0,0,1583,0,0,4,"{""cut_target"": 12, ""harmful_exit"": 188, ""neutral_exit"": 849, ""no_active_exit"": 41, ""saved_stop"": 30, ""timeout_improved"": 463}","{""mask_requires_second_consecutive_candidate"": 2, ""no_candidate"": 26, ""none"": 1542, ""rtp_delay_after_baseline_or_hold"": 6, ""stale_data_no_action"": 7}",True
shadow-burnin-v3-r49-r48-target60-stop60-exit-replay-timestop-v2-maxwait66000-r1,M4_CONFIRM_2_WINDOWS / 10000 / -6000 / 120000,M4_CONFIRM_2_WINDOWS,10000,-6000,120000,G5_DELAYED_DECISION_8000,20000,validation,1583,0,1516,67,32,69,1482,-610928,-385.93051168667085,-202.0,-532508,-336.39166140240053,-202.0,78420,49.538850284270374,0.0,51.72823218997362,0.0,483,189,844,0.71875,672,0.6835868672586429,32,124768,16,135518,451,424941,0,0,549709,471289,0.24652679872441602,True,True,77.1,1,51,0,2,2,0,0,1583,0,0,3,"{""cut_target"": 16, ""harmful_exit"": 173, ""neutral_exit"": 844, ""no_active_exit"": 67, ""saved_stop"": 32, ""timeout_improved"": 451}","{""candidate_after_baseline_exit"": 2, ""candidate_after_max_hold"": 2, ""mask_requires_second_consecutive_candidate"": 6, ""no_candidate"": 51, ""none"": 1516, ""rtp_delay_after_baseline_or_hold"": 5, ""stale_data_no_action"": 1}",False
shadow-burnin-v3-r49-r48-target60-stop60-exit-replay-timestop-v2-maxwait66000-r1,M4_CONFIRM_2_WINDOWS / 10000 / -6000 / 120000,M4_CONFIRM_2_WINDOWS,10000,-6000,120000,G5_DELAYED_DECISION_8000,20000,holdout,1582,0,1531,51,25,43,1514,-620638,-392.31226295828066,-202.0,-537926,-340.0290771175727,-202.0,82712,52.283185840707965,0.0,54.02482037883736,0.0,416,148,967,0.7375886524822695,564,0.6997603162184601,20,87584,13,101536,396,318850,0,0,406434,323722,0.24982161925429466,True,True,59.6,7,33,0,0,2,0,0,1582,0,0,2,"{""cut_target"": 13, ""harmful_exit"": 135, ""neutral_exit"": 967, ""no_active_exit"": 51, ""saved_stop"": 20, ""timeout_improved"": 396}","{""candidate_after_max_hold"": 2, ""no_candidate"": 33, ""none"": 1531, ""rtp_delay_after_baseline_or_hold"": 9, ""stale_data_no_action"": 7}",False
shadow-burnin-v3-r49-r48-target60-stop60-exit-replay-timestop-v2-maxwait66000-r1,M4_CONFIRM_2_WINDOWS / 10000 / -6000 / 120000,M4_CONFIRM_2_WINDOWS,10000,-6000,120000,G5_DELAYED_DECISION_8000,30000,train,1583,0,1542,41,21,48,1514,-799915,-505.31585596967784,-202.0,-589924,-372.6620341124447,-202.0,209991,132.6538218572331,0.0,136.18093385214007,0.0,493,200,849,0.7113997113997114,693,0.6765718057194312,30,135151,12,76908,463,476287,0,0,611438,401447,0.12578217251790041,True,True,76.30000000000001,7,26,0,0,0,0,0,1583,0,0,4,"{""cut_target"": 12, ""harmful_exit"": 188, ""neutral_exit"": 849, ""no_active_exit"": 41, ""saved_stop"": 30, ""timeout_improved"": 463}","{""mask_requires_second_consecutive_candidate"": 2, ""no_candidate"": 26, ""none"": 1542, ""rtp_delay_after_baseline_or_hold"": 6, ""stale_data_no_action"": 7}",True
shadow-burnin-v3-r49-r48-target60-stop60-exit-replay-timestop-v2-maxwait66000-r1,M4_CONFIRM_2_WINDOWS / 10000 / -6000 / 120000,M4_CONFIRM_2_WINDOWS,10000,-6000,120000,G5_DELAYED_DECISION_8000,30000,validation,1583,0,1516,67,32,69,1482,-610928,-385.93051168667085,-202.0,-532508,-336.39166140240053,-202.0,78420,49.538850284270374,0.0,51.72823218997362,0.0,483,189,844,0.71875,672,0.6835868672586429,32,124768,16,135518,451,424941,0,0,549709,471289,0.24652679872441602,True,True,77.1,1,51,0,2,2,0,0,1583,0,0,3,"{""cut_target"": 16, ""harmful_exit"": 173, ""neutral_exit"": 844, ""no_active_exit"": 67, ""saved_stop"": 32, ""timeout_improved"": 451}","{""candidate_after_baseline_exit"": 2, ""candidate_after_max_hold"": 2, ""mask_requires_second_consecutive_candidate"": 6, ""no_candidate"": 51, ""none"": 1516, ""rtp_delay_after_baseline_or_hold"": 5, ""stale_data_no_action"": 1}",False
shadow-burnin-v3-r49-r48-target60-stop60-exit-replay-timestop-v2-maxwait66000-r1,M4_CONFIRM_2_WINDOWS / 10000 / -6000 / 120000,M4_CONFIRM_2_WINDOWS,10000,-6000,120000,G5_DELAYED_DECISION_8000,30000,holdout,1582,0,1531,51,25,43,1514,-620638,-392.31226295828066,-202.0,-537926,-340.0290771175727,-202.0,82712,52.283185840707965,0.0,54.02482037883736,0.0,416,148,967,0.7375886524822695,564,0.6997603162184601,20,87584,13,101536,396,318850,0,0,406434,323722,0.24982161925429466,True,True,59.6,7,33,0,0,2,0,0,1582,0,0,2,"{""cut_target"": 13, ""harmful_exit"": 135, ""neutral_exit"": 967, ""no_active_exit"": 51, ""saved_stop"": 20, ""timeout_improved"": 396}","{""candidate_after_max_hold"": 2, ""no_candidate"": 33, ""none"": 1531, ""rtp_delay_after_baseline_or_hold"": 9, ""stale_data_no_action"": 7}",False
shadow-burnin-v3-r49-r48-target60-stop60-exit-replay-timestop-v2-maxwait66000-r1,M4_CONFIRM_2_WINDOWS / 10000 / -6000 / 120000,M4_CONFIRM_2_WINDOWS,10000,-6000,120000,G5_DELAYED_DECISION_8000,45000,train,1583,0,1542,41,21,48,1514,-799915,-505.31585596967784,-202.0,-589924,-372.6620341124447,-202.0,209991,132.6538218572331,0.0,136.18093385214007,0.0,493,200,849,0.7113997113997114,693,0.6765718057194312,30,135151,12,76908,463,476287,0,0,611438,401447,0.12578217251790041,True,True,76.30000000000001,7,26,0,0,0,0,0,1583,0,0,4,"{""cut_target"": 12, ""harmful_exit"": 188, ""neutral_exit"": 849, ""no_active_exit"": 41, ""saved_stop"": 30, ""timeout_improved"": 463}","{""mask_requires_second_consecutive_candidate"": 2, ""no_candidate"": 26, ""none"": 1542, ""rtp_delay_after_baseline_or_hold"": 6, ""stale_data_no_action"": 7}",True
shadow-burnin-v3-r49-r48-target60-stop60-exit-replay-timestop-v2-maxwait66000-r1,M4_CONFIRM_2_WINDOWS / 10000 / -6000 / 120000,M4_CONFIRM_2_WINDOWS,10000,-6000,120000,G5_DELAYED_DECISION_8000,45000,validation,1583,0,1516,67,32,69,1482,-610928,-385.93051168667085,-202.0,-532508,-336.39166140240053,-202.0,78420,49.538850284270374,0.0,51.72823218997362,0.0,483,189,844,0.71875,672,0.6835868672586429,32,124768,16,135518,451,424941,0,0,549709,471289,0.24652679872441602,True,True,77.1,1,51,0,2,2,0,0,1583,0,0,3,"{""cut_target"": 16, ""harmful_exit"": 173, ""neutral_exit"": 844, ""no_active_exit"": 67, ""saved_stop"": 32, ""timeout_improved"": 451}","{""candidate_after_baseline_exit"": 2, ""candidate_after_max_hold"": 2, ""mask_requires_second_consecutive_candidate"": 6, ""no_candidate"": 51, ""none"": 1516, ""rtp_delay_after_baseline_or_hold"": 5, ""stale_data_no_action"": 1}",False
shadow-burnin-v3-r49-r48-target60-stop60-exit-replay-timestop-v2-maxwait66000-r1,M4_CONFIRM_2_WINDOWS / 10000 / -6000 / 120000,M4_CONFIRM_2_WINDOWS,10000,-6000,120000,G5_DELAYED_DECISION_8000,45000,holdout,1582,0,1531,51,25,43,1514,-620638,-392.31226295828066,-202.0,-537926,-340.0290771175727,-202.0,82712,52.283185840707965,0.0,54.02482037883736,0.0,416,148,967,0.7375886524822695,564,0.6997603162184601,20,87584,13,101536,396,318850,0,0,406434,323722,0.24982161925429466,True,True,59.6,7,33,0,0,2,0,0,1582,0,0,2,"{""cut_target"": 13, ""harmful_exit"": 135, ""neutral_exit"": 967, ""no_active_exit"": 51, ""saved_stop"": 20, ""timeout_improved"": 396}","{""candidate_after_max_hold"": 2, ""no_candidate"": 33, ""none"": 1531, ""rtp_delay_after_baseline_or_hold"": 9, ""stale_data_no_action"": 7}",False
shadow-burnin-v3-r49-r48-target60-stop60-exit-replay-timestop-v2-maxwait66000-r1,M7_CLASS_RESTRICTED / 10000 / -6000 / 60000,M7_CLASS_RESTRICTED,10000,-6000,60000,G0_NONE,10000,train,1583,0,1543,40,13,36,1534,-591572,-373.70309538850285,-202.0,-539000,-340.4927353126974,-202.0,52572,33.21036007580543,0.0,34.071289695398576,0.0,407,237,899,0.6319875776397516,644,0.5940603430078906,24,111193,9,86324,383,352322,0,0,463515,410943,0.18623777008295309,True,True,62.300000000000004,7,26,0,0,3,0,0,1583,0,0,3,"{""cut_target"": 9, ""harmful_exit"": 228, ""neutral_exit"": 899, ""no_active_exit"": 40, ""saved_stop"": 24, ""timeout_improved"": 383}","{""candidate_after_max_hold"": 3, ""mask_excluded_candidate_class"": 4, ""no_candidate"": 26, ""none"": 1543, ""stale_data_no_action"": 7}",True
shadow-burnin-v3-r49-r48-target60-stop60-exit-replay-timestop-v2-maxwait66000-r1,M7_CLASS_RESTRICTED / 10000 / -6000 / 60000,M7_CLASS_RESTRICTED,10000,-6000,60000,G0_NONE,10000,validation,1583,0,1520,63,18,47,1518,-482451,-304.77005685407454,-202.0,-461897,-291.78584965255845,-202.0,20554,12.984207201516108,0.0,13.522368421052631,0.0,394,216,910,0.6459016393442623,610,0.607145053056266,24,88615,10,96202,370,338958,0,0,427573,407019,0.22499549784481246,True,True,61.0,1,51,0,2,7,0,0,1583,0,0,3,"{""cut_target"": 10, ""harmful_exit"": 206, ""neutral_exit"": 910, ""no_active_exit"": 63, ""saved_stop"": 24, ""timeout_improved"": 370}","{""candidate_after_baseline_exit"": 2, ""candidate_after_max_hold"": 7, ""mask_excluded_candidate_class"": 2, ""no_candidate"": 51, ""none"": 1520, ""stale_data_no_action"": 1}",False
shadow-burnin-v3-r49-r48-target60-stop60-exit-replay-timestop-v2-maxwait66000-r1,M7_CLASS_RESTRICTED / 10000 / -6000 / 60000,M7_CLASS_RESTRICTED,10000,-6000,60000,G0_NONE,10000,holdout,1582,0,1535,47,15,29,1538,-493145,-311.72250316055624,-202.0,-498758,-315.27054361567633,-202.0,-5613,-3.548040455120101,0.0,-3.6566775244299676,0.0,346,158,1031,0.6865079365079365,504,0.6447246597391624,16,55047,7,70887,330,252894,0,0,307941,313554,0.23019669352246047,True,True,49.0,7,33,0,0,6,0,0,1582,0,0,2,"{""cut_target"": 7, ""harmful_exit"": 151, ""neutral_exit"": 1031, ""no_active_exit"": 47, ""saved_stop"": 16, ""timeout_improved"": 330}","{""candidate_after_max_hold"": 6, ""mask_excluded_candidate_class"": 1, ""no_candidate"": 33, ""none"": 1535, ""stale_data_no_action"": 7}",False
shadow-burnin-v3-r49-r48-target60-stop60-exit-replay-timestop-v2-maxwait66000-r1,M7_CLASS_RESTRICTED / 10000 / -6000 / 60000,M7_CLASS_RESTRICTED,10000,-6000,60000,G0_NONE,20000,train,1583,0,1543,40,13,36,1534,-591572,-373.70309538850285,-202.0,-539000,-340.4927353126974,-202.0,52572,33.21036007580543,0.0,34.071289695398576,0.0,407,237,899,0.6319875776397516,644,0.5940603430078906,24,111193,9,86324,383,352322,0,0,463515,410943,0.18623777008295309,True,True,62.300000000000004,7,26,0,0,3,0,0,1583,0,0,3,"{""cut_target"": 9, ""harmful_exit"": 228, ""neutral_exit"": 899, ""no_active_exit"": 40, ""saved_stop"": 24, ""timeout_improved"": 383}","{""candidate_after_max_hold"": 3, ""mask_excluded_candidate_class"": 4, ""no_candidate"": 26, ""none"": 1543, ""stale_data_no_action"": 7}",True
shadow-burnin-v3-r49-r48-target60-stop60-exit-replay-timestop-v2-maxwait66000-r1,M7_CLASS_RESTRICTED / 10000 / -6000 / 60000,M7_CLASS_RESTRICTED,10000,-6000,60000,G0_NONE,20000,validation,1583,0,1520,63,18,47,1518,-482451,-304.77005685407454,-202.0,-461897,-291.78584965255845,-202.0,20554,12.984207201516108,0.0,13.522368421052631,0.0,394,216,910,0.6459016393442623,610,0.607145053056266,24,88615,10,96202,370,338958,0,0,427573,407019,0.22499549784481246,True,True,61.0,1,51,0,2,7,0,0,1583,0,0,3,"{""cut_target"": 10, ""harmful_exit"": 206, ""neutral_exit"": 910, ""no_active_exit"": 63, ""saved_stop"": 24, ""timeout_improved"": 370}","{""candidate_after_baseline_exit"": 2, ""candidate_after_max_hold"": 7, ""mask_excluded_candidate_class"": 2, ""no_candidate"": 51, ""none"": 1520, ""stale_data_no_action"": 1}",False
shadow-burnin-v3-r49-r48-target60-stop60-exit-replay-timestop-v2-maxwait66000-r1,M7_CLASS_RESTRICTED / 10000 / -6000 / 60000,M7_CLASS_RESTRICTED,10000,-6000,60000,G0_NONE,20000,holdout,1582,0,1535,47,15,29,1538,-493145,-311.72250316055624,-202.0,-498758,-315.27054361567633,-202.0,-5613,-3.548040455120101,0.0,-3.6566775244299676,0.0,346,158,1031,0.6865079365079365,504,0.6447246597391624,16,55047,7,70887,330,252894,0,0,307941,313554,0.23019669352246047,True,True,49.0,7,33,0,0,6,0,0,1582,0,0,2,"{""cut_target"": 7, ""harmful_exit"": 151, ""neutral_exit"": 1031, ""no_active_exit"": 47, ""saved_stop"": 16, ""timeout_improved"": 330}","{""candidate_after_max_hold"": 6, ""mask_excluded_candidate_class"": 1, ""no_candidate"": 33, ""none"": 1535, ""stale_data_no_action"": 7}",False
shadow-burnin-v3-r49-r48-target60-stop60-exit-replay-timestop-v2-maxwait66000-r1,M7_CLASS_RESTRICTED / 10000 / -6000 / 60000,M7_CLASS_RESTRICTED,10000,-6000,60000,G0_NONE,30000,train,1583,0,1543,40,13,36,1534,-591572,-373.70309538850285,-202.0,-539000,-340.4927353126974,-202.0,52572,33.21036007580543,0.0,34.071289695398576,0.0,407,237,899,0.6319875776397516,644,0.5940603430078906,24,111193,9,86324,383,352322,0,0,463515,410943,0.18623777008295309,True,True,62.300000000000004,7,26,0,0,3,0,0,1583,0,0,3,"{""cut_target"": 9, ""harmful_exit"": 228, ""neutral_exit"": 899, ""no_active_exit"": 40, ""saved_stop"": 24, ""timeout_improved"": 383}","{""candidate_after_max_hold"": 3, ""mask_excluded_candidate_class"": 4, ""no_candidate"": 26, ""none"": 1543, ""stale_data_no_action"": 7}",True
shadow-burnin-v3-r49-r48-target60-stop60-exit-replay-timestop-v2-maxwait66000-r1,M7_CLASS_RESTRICTED / 10000 / -6000 / 60000,M7_CLASS_RESTRICTED,10000,-6000,60000,G0_NONE,30000,validation,1583,0,1520,63,18,47,1518,-482451,-304.77005685407454,-202.0,-461897,-291.78584965255845,-202.0,20554,12.984207201516108,0.0,13.522368421052631,0.0,394,216,910,0.6459016393442623,610,0.607145053056266,24,88615,10,96202,370,338958,0,0,427573,407019,0.22499549784481246,True,True,61.0,1,51,0,2,7,0,0,1583,0,0,3,"{""cut_target"": 10, ""harmful_exit"": 206, ""neutral_exit"": 910, ""no_active_exit"": 63, ""saved_stop"": 24, ""timeout_improved"": 370}","{""candidate_after_baseline_exit"": 2, ""candidate_after_max_hold"": 7, ""mask_excluded_candidate_class"": 2, ""no_candidate"": 51, ""none"": 1520, ""stale_data_no_action"": 1}",False
shadow-burnin-v3-r49-r48-target60-stop60-exit-replay-timestop-v2-maxwait66000-r1,M7_CLASS_RESTRICTED / 10000 / -6000 / 60000,M7_CLASS_RESTRICTED,10000,-6000,60000,G0_NONE,30000,holdout,1582,0,1535,47,15,29,1538,-493145,-311.72250316055624,-202.0,-498758,-315.27054361567633,-202.0,-5613,-3.548040455120101,0.0,-3.6566775244299676,0.0,346,158,1031,0.6865079365079365,504,0.6447246597391624,16,55047,7,70887,330,252894,0,0,307941,313554,0.23019669352246047,True,True,49.0,7,33,0,0,6,0,0,1582,0,0,2,"{""cut_target"": 7, ""harmful_exit"": 151, ""neutral_exit"": 1031, ""no_active_exit"": 47, ""saved_stop"": 16, ""timeout_improved"": 330}","{""candidate_after_max_hold"": 6, ""mask_excluded_candidate_class"": 1, ""no_candidate"": 33, ""none"": 1535, ""stale_data_no_action"": 7}",False
shadow-burnin-v3-r49-r48-target60-stop60-exit-replay-timestop-v2-maxwait66000-r1,M7_CLASS_RESTRICTED / 10000 / -6000 / 60000,M7_CLASS_RESTRICTED,10000,-6000,60000,G0_NONE,45000,train,1583,0,1543,40,13,36,1534,-591572,-373.70309538850285,-202.0,-539000,-340.4927353126974,-202.0,52572,33.21036007580543,0.0,34.071289695398576,0.0,407,237,899,0.6319875776397516,644,0.5940603430078906,24,111193,9,86324,383,352322,0,0,463515,410943,0.18623777008295309,True,True,62.300000000000004,7,26,0,0,3,0,0,1583,0,0,3,"{""cut_target"": 9, ""harmful_exit"": 228, ""neutral_exit"": 899, ""no_active_exit"": 40, ""saved_stop"": 24, ""timeout_improved"": 383}","{""candidate_after_max_hold"": 3, ""mask_excluded_candidate_class"": 4, ""no_candidate"": 26, ""none"": 1543, ""stale_data_no_action"": 7}",True
shadow-burnin-v3-r49-r48-target60-stop60-exit-replay-timestop-v2-maxwait66000-r1,M7_CLASS_RESTRICTED / 10000 / -6000 / 60000,M7_CLASS_RESTRICTED,10000,-6000,60000,G0_NONE,45000,validation,1583,0,1520,63,18,47,1518,-482451,-304.77005685407454,-202.0,-461897,-291.78584965255845,-202.0,20554,12.984207201516108,0.0,13.522368421052631,0.0,394,216,910,0.6459016393442623,610,0.607145053056266,24,88615,10,96202,370,338958,0,0,427573,407019,0.22499549784481246,True,True,61.0,1,51,0,2,7,0,0,1583,0,0,3,"{""cut_target"": 10, ""harmful_exit"": 206, ""neutral_exit"": 910, ""no_active_exit"": 63, ""saved_stop"": 24, ""timeout_improved"": 370}","{""candidate_after_baseline_exit"": 2, ""candidate_after_max_hold"": 7, ""mask_excluded_candidate_class"": 2, ""no_candidate"": 51, ""none"": 1520, ""stale_data_no_action"": 1}",False
shadow-burnin-v3-r49-r48-target60-stop60-exit-replay-timestop-v2-maxwait66000-r1,M7_CLASS_RESTRICTED / 10000 / -6000 / 60000,M7_CLASS_RESTRICTED,10000,-6000,60000,G0_NONE,45000,holdout,1582,0,1535,47,15,29,1538,-493145,-311.72250316055624,-202.0,-498758,-315.27054361567633,-202.0,-5613,-3.548040455120101,0.0,-3.6566775244299676,0.0,346,158,1031,0.6865079365079365,504,0.6447246597391624,16,55047,7,70887,330,252894,0,0,307941,313554,0.23019669352246047,True,True,49.0,7,33,0,0,6,0,0,1582,0,0,2,"{""cut_target"": 7, ""harmful_exit"": 151, ""neutral_exit"": 1031, ""no_active_exit"": 47, ""saved_stop"": 16, ""timeout_improved"": 330}","{""candidate_after_max_hold"": 6, ""mask_excluded_candidate_class"": 1, ""no_candidate"": 33, ""none"": 1535, ""stale_data_no_action"": 7}",False
shadow-burnin-v3-r49-r48-target60-stop60-exit-replay-timestop-v2-maxwait66000-r1,M7_CLASS_RESTRICTED / 10000 / -6000 / 60000,M7_CLASS_RESTRICTED,10000,-6000,60000,G1_STEADY_EARLY_STRENGTH,10000,train,1583,0,1467,116,13,36,1534,-591572,-373.70309538850285,-202.0,-553693,-349.77447883765,-202.0,37879,23.928616550852812,0.0,25.820722563053852,0.0,366,204,897,0.6421052631578947,570,0.6019201494215416,19,77278,5,50243,347,276103,0,0,353381,315502,0.14217798919579716,True,True,53.7,7,26,0,0,3,0,0,1583,0,0,3,"{""cut_target"": 5, ""harmful_exit"": 199, ""neutral_exit"": 897, ""no_active_exit"": 116, ""saved_stop"": 19, ""timeout_improved"": 347}","{""candidate_after_max_hold"": 3, ""mask_excluded_candidate_class"": 4, ""no_candidate"": 26, ""none"": 1467, ""rtp_guard_protected"": 76, ""stale_data_no_action"": 7}",True
shadow-burnin-v3-r49-r48-target60-stop60-exit-replay-timestop-v2-maxwait66000-r1,M7_CLASS_RESTRICTED / 10000 / -6000 / 60000,M7_CLASS_RESTRICTED,10000,-6000,60000,G1_STEADY_EARLY_STRENGTH,10000,validation,1583,0,1437,146,18,47,1518,-482451,-304.77005685407454,-202.0,-423407,-267.4712571067593,-202.0,59044,37.29879974731522,0.0,41.0883785664579,0.0,359,171,907,0.6773584905660377,530,0.6364054855439043,21,74686,5,51056,338,265225,0,0,339911,280867,0.1502040239945162,True,True,54.800000000000004,1,51,0,2,7,0,0,1583,0,0,3,"{""cut_target"": 5, ""harmful_exit"": 166, ""neutral_exit"": 907, ""no_active_exit"": 146, ""saved_stop"": 21, ""timeout_improved"": 338}","{""candidate_after_baseline_exit"": 2, ""candidate_after_max_hold"": 7, ""mask_excluded_candidate_class"": 2, ""no_candidate"": 51, ""none"": 1437, ""rtp_guard_protected"": 83, ""stale_data_no_action"": 1}",True
shadow-burnin-v3-r49-r48-target60-stop60-exit-replay-timestop-v2-maxwait66000-r1,M7_CLASS_RESTRICTED / 10000 / -6000 / 60000,M7_CLASS_RESTRICTED,10000,-6000,60000,G1_STEADY_EARLY_STRENGTH,10000,holdout,1582,0,1481,101,15,29,1538,-493145,-311.72250316055624,-202.0,-515030,-325.55625790139067,-202.0,-21885,-13.833754740834387,0.0,-14.777177582714382,0.0,316,137,1028,0.6975717439293598,453,0.653759351048881,13,41923,5,50764,303,200452,0,0,242375,264260,0.20944404332129965,True,True,43.3,7,33,0,0,6,0,0,1582,0,0,2,"{""cut_target"": 5, ""harmful_exit"": 132, ""neutral_exit"": 1028, ""no_active_exit"": 101, ""saved_stop"": 13, ""timeout_improved"": 303}","{""candidate_after_max_hold"": 6, ""mask_excluded_candidate_class"": 1, ""no_candidate"": 33, ""none"": 1481, ""rtp_guard_protected"": 54, ""stale_data_no_action"": 7}",False
shadow-burnin-v3-r49-r48-target60-stop60-exit-replay-timestop-v2-maxwait66000-r1,M7_CLASS_RESTRICTED / 10000 / -6000 / 60000,M7_CLASS_RESTRICTED,10000,-6000,60000,G1_STEADY_EARLY_STRENGTH,20000,train,1583,0,1469,114,13,36,1534,-591572,-373.70309538850285,-202.0,-541802,-342.26279216677193,-202.0,49770,31.44030322173089,0.0,33.880190605854324,0.0,369,204,896,0.643979057591623,573,0.6039339644716404,20,82706,5,50243,349,280361,0,0,363067,313297,0.1383849261981948,True,True,54.9,7,26,0,0,3,0,0,1583,0,0,3,"{""cut_target"": 5, ""harmful_exit"": 199, ""neutral_exit"": 896, ""no_active_exit"": 114, ""saved_stop"": 20, ""timeout_improved"": 349}","{""candidate_after_max_hold"": 3, ""mask_excluded_candidate_class"": 4, ""no_candidate"": 26, ""none"": 1469, ""rtp_guard_protected"": 74, ""stale_data_no_action"": 7}",True
shadow-burnin-v3-r49-r48-target60-stop60-exit-replay-timestop-v2-maxwait66000-r1,M7_CLASS_RESTRICTED / 10000 / -6000 / 60000,M7_CLASS_RESTRICTED,10000,-6000,60000,G1_STEADY_EARLY_STRENGTH,20000,validation,1583,0,1438,145,18,47,1518,-482451,-304.77005685407454,-202.0,-452454,-285.820593809223,-202.0,29997,18.949463044851548,0.0,20.860222531293463,0.0,357,173,908,0.6735849056603773,530,0.6325400070750004,21,74686,6,63586,336,260167,0,0,334853,304856,0.18989228109050837,True,True,54.6,1,51,0,2,7,0,0,1583,0,0,3,"{""cut_target"": 6, ""harmful_exit"": 167, ""neutral_exit"": 908, ""no_active_exit"": 145, ""saved_stop"": 21, ""timeout_improved"": 336}","{""candidate_after_baseline_exit"": 2, ""candidate_after_max_hold"": 7, ""mask_excluded_candidate_class"": 2, ""no_candidate"": 51, ""none"": 1438, ""rtp_guard_protected"": 82, ""stale_data_no_action"": 1}",True
shadow-burnin-v3-r49-r48-target60-stop60-exit-replay-timestop-v2-maxwait66000-r1,M7_CLASS_RESTRICTED / 10000 / -6000 / 60000,M7_CLASS_RESTRICTED,10000,-6000,60000,G1_STEADY_EARLY_STRENGTH,20000,holdout,1582,0,1485,97,15,29,1538,-493145,-311.72250316055624,-202.0,-520576,-329.0619469026549,-202.0,-27431,-17.33944374209861,0.0,-18.472053872053873,0.0,319,138,1028,0.6980306345733042,457,0.654430331403285,13,41923,6,62735,306,204145,0,0,246068,273499,0.25494985126062714,False,True,43.6,7,33,0,0,6,0,0,1582,0,0,2,"{""cut_target"": 6, ""harmful_exit"": 132, ""neutral_exit"": 1028, ""no_active_exit"": 97, ""saved_stop"": 13, ""timeout_improved"": 306}","{""candidate_after_max_hold"": 6, ""mask_excluded_candidate_class"": 1, ""no_candidate"": 33, ""none"": 1485, ""rtp_guard_protected"": 50, ""stale_data_no_action"": 7}",False
shadow-burnin-v3-r49-r48-target60-stop60-exit-replay-timestop-v2-maxwait66000-r1,M7_CLASS_RESTRICTED / 10000 / -6000 / 60000,M7_CLASS_RESTRICTED,10000,-6000,60000,G1_STEADY_EARLY_STRENGTH,30000,train,1583,0,1472,111,13,36,1534,-591572,-373.70309538850285,-202.0,-542348,-342.60770688566015,-202.0,49224,31.095388502842702,0.0,33.44021739130435,0.0,372,204,896,0.6458333333333334,576,0.6059276065314059,20,82706,5,50243,352,282783,0,0,365489,316265,0.1374678854903978,True,True,55.2,7,26,0,0,3,0,0,1583,0,0,3,"{""cut_target"": 5, ""harmful_exit"": 199, ""neutral_exit"": 896, ""no_active_exit"": 111, ""saved_stop"": 20, ""timeout_improved"": 352}","{""candidate_after_max_hold"": 3, ""mask_excluded_candidate_class"": 4, ""no_candidate"": 26, ""none"": 1472, ""rtp_guard_protected"": 71, ""stale_data_no_action"": 7}",True
shadow-burnin-v3-r49-r48-target60-stop60-exit-replay-timestop-v2-maxwait66000-r1,M7_CLASS_RESTRICTED / 10000 / -6000 / 60000,M7_CLASS_RESTRICTED,10000,-6000,60000,G1_STEADY_EARLY_STRENGTH,30000,validation,1583,0,1442,141,18,47,1518,-482451,-304.77005685407454,-202.0,-452737,-285.9993682880606,-202.0,29714,18.7706885660139,0.0,20.606102635228847,0.0,361,174,907,0.6747663551401869,535,0.6339466610502564,22,74851,6,63586,339,270105,0,0,344956,315242,0.18433075522675355,True,True,55.9,1,51,0,2,7,0,0,1583,0,0,3,"{""cut_target"": 6, ""harmful_exit"": 168, ""neutral_exit"": 907, ""no_active_exit"": 141, ""saved_stop"": 22, ""timeout_improved"": 339}","{""candidate_after_baseline_exit"": 2, ""candidate_after_max_hold"": 7, ""mask_excluded_candidate_class"": 2, ""no_candidate"": 51, ""none"": 1442, ""rtp_guard_protected"": 78, ""stale_data_no_action"": 1}",True
shadow-burnin-v3-r49-r48-target60-stop60-exit-replay-timestop-v2-maxwait66000-r1,M7_CLASS_RESTRICTED / 10000 / -6000 / 60000,M7_CLASS_RESTRICTED,10000,-6000,60000,G1_STEADY_EARLY_STRENGTH,30000,holdout,1582,0,1487,95,15,29,1538,-493145,-311.72250316055624,-202.0,-511783,-323.50379266750946,-202.0,-18638,-11.781289506953224,0.0,-12.533960995292535,0.0,321,138,1028,0.6993464052287581,459,0.655884624927353,14,48225,6,62735,307,206636,0,0,254861,273499,0.24615378578911642,True,True,44.7,7,33,0,0,6,0,0,1582,0,0,2,"{""cut_target"": 6, ""harmful_exit"": 132, ""neutral_exit"": 1028, ""no_active_exit"": 95, ""saved_stop"": 14, ""timeout_improved"": 307}","{""candidate_after_max_hold"": 6, ""mask_excluded_candidate_class"": 1, ""no_candidate"": 33, ""none"": 1487, ""rtp_guard_protected"": 48, ""stale_data_no_action"": 7}",False
shadow-burnin-v3-r49-r48-target60-stop60-exit-replay-timestop-v2-maxwait66000-r1,M7_CLASS_RESTRICTED / 10000 / -6000 / 60000,M7_CLASS_RESTRICTED,10000,-6000,60000,G1_STEADY_EARLY_STRENGTH,45000,train,1583,0,1473,110,13,36,1534,-591572,-373.70309538850285,-202.0,-543269,-343.1895135818067,-202.0,48303,30.513581806696145,0.0,32.79226069246436,0.0,372,205,896,0.6447140381282496,577,0.6048234838128175,20,82706,5,50243,352,282783,0,0,365489,317186,0.1374678854903978,True,True,55.2,7,26,0,0,3,0,0,1583,0,0,3,"{""cut_target"": 5, ""harmful_exit"": 200, ""neutral_exit"": 896, ""no_active_exit"": 110, ""saved_stop"": 20, ""timeout_improved"": 352}","{""candidate_after_max_hold"": 3, ""mask_excluded_candidate_class"": 4, ""no_candidate"": 26, ""none"": 1473, ""rtp_guard_protected"": 70, ""stale_data_no_action"": 7}",True
shadow-burnin-v3-r49-r48-target60-stop60-exit-replay-timestop-v2-maxwait66000-r1,M7_CLASS_RESTRICTED / 10000 / -6000 / 60000,M7_CLASS_RESTRICTED,10000,-6000,60000,G1_STEADY_EARLY_STRENGTH,45000,validation,1583,0,1442,141,18,47,1518,-482451,-304.77005685407454,-202.0,-452530,-285.868603916614,-202.0,29921,18.90145293746052,0.0,20.749653259362,0.0,362,174,906,0.6753731343283582,536,0.6346071244397435,22,74851,6,63586,340,270312,0,0,345163,315242,0.18422020900270308,True,True,56.0,1,51,0,2,7,0,0,1583,0,0,3,"{""cut_target"": 6, ""harmful_exit"": 168, ""neutral_exit"": 906, ""no_active_exit"": 141, ""saved_stop"": 22, ""timeout_improved"": 340}","{""candidate_after_baseline_exit"": 2, ""candidate_after_max_hold"": 7, ""mask_excluded_candidate_class"": 2, ""no_candidate"": 51, ""none"": 1442, ""rtp_guard_protected"": 78, ""stale_data_no_action"": 1}",True
shadow-burnin-v3-r49-r48-target60-stop60-exit-replay-timestop-v2-maxwait66000-r1,M7_CLASS_RESTRICTED / 10000 / -6000 / 60000,M7_CLASS_RESTRICTED,10000,-6000,60000,G1_STEADY_EARLY_STRENGTH,45000,holdout,1582,0,1488,94,15,29,1538,-493145,-311.72250316055624,-202.0,-518062,-327.4728192161821,-202.0,-24917,-15.75031605562579,0.0,-16.745295698924732,0.0,322,138,1028,0.7,460,0.6566072089310035,14,41939,6,62735,308,206643,0,0,248582,273499,0.2523714508693308,False,True,44.8,7,33,0,0,6,0,0,1582,0,0,2,"{""cut_target"": 6, ""harmful_exit"": 132, ""neutral_exit"": 1028, ""no_active_exit"": 94, ""saved_stop"": 14, ""timeout_improved"": 308}","{""candidate_after_max_hold"": 6, ""mask_excluded_candidate_class"": 1, ""no_candidate"": 33, ""none"": 1488, ""rtp_guard_protected"": 47, ""stale_data_no_action"": 7}",False
shadow-burnin-v3-r49-r48-target60-stop60-exit-replay-timestop-v2-maxwait66000-r1,M7_CLASS_RESTRICTED / 10000 / -6000 / 60000,M7_CLASS_RESTRICTED,10000,-6000,60000,G2_RECOVERY_AFTER_EARLY_DRAWDOWN,10000,train,1583,0,1527,56,13,36,1534,-591572,-373.70309538850285,-202.0,-520804,-328.9981048641819,-202.0,70768,44.70499052432091,0.0,46.34446627373936,0.0,400,228,899,0.6369426751592356,628,0.5986051215118917,24,111193,8,76482,376,341671,0,0,452864,382096,0.16888513990955342,True,True,61.6,7,26,0,0,3,0,0,1583,0,0,3,"{""cut_target"": 8, ""harmful_exit"": 220, ""neutral_exit"": 899, ""no_active_exit"": 56, ""saved_stop"": 24, ""timeout_improved"": 376}","{""candidate_after_max_hold"": 3, ""mask_excluded_candidate_class"": 4, ""no_candidate"": 26, ""none"": 1527, ""rtp_guard_protected"": 16, ""stale_data_no_action"": 7}",True
shadow-burnin-v3-r49-r48-target60-stop60-exit-replay-timestop-v2-maxwait66000-r1,M7_CLASS_RESTRICTED / 10000 / -6000 / 60000,M7_CLASS_RESTRICTED,10000,-6000,60000,G2_RECOVERY_AFTER_EARLY_DRAWDOWN,10000,validation,1583,0,1510,73,18,47,1518,-482451,-304.77005685407454,-202.0,-450627,-284.6664560960202,-202.0,31824,20.103600758054327,0.0,21.075496688741723,0.0,390,210,910,0.65,600,0.6109905535659118,20,68282,8,76346,370,338958,0,0,407240,375416,0.18747176112366173,True,True,57.0,1,51,0,2,7,0,0,1583,0,0,3,"{""cut_target"": 8, ""harmful_exit"": 202, ""neutral_exit"": 910, ""no_active_exit"": 73, ""saved_stop"": 20, ""timeout_improved"": 370}","{""candidate_after_baseline_exit"": 2, ""candidate_after_max_hold"": 7, ""mask_excluded_candidate_class"": 2, ""no_candidate"": 51, ""none"": 1510, ""rtp_guard_protected"": 10, ""stale_data_no_action"": 1}",True
shadow-burnin-v3-r49-r48-target60-stop60-exit-replay-timestop-v2-maxwait66000-r1,M7_CLASS_RESTRICTED / 10000 / -6000 / 60000,M7_CLASS_RESTRICTED,10000,-6000,60000,G2_RECOVERY_AFTER_EARLY_DRAWDOWN,10000,holdout,1582,0,1527,55,15,29,1538,-493145,-311.72250316055624,-202.0,-499402,-315.67762326169407,-202.0,-6257,-3.9551201011378003,0.0,-4.097576948264571,0.0,342,155,1030,0.6881287726358148,497,0.6460887272241661,15,49598,7,70887,327,250512,0,0,300110,306367,0.23620339208956717,True,True,47.7,7,33,0,0,6,0,0,1582,0,0,2,"{""cut_target"": 7, ""harmful_exit"": 148, ""neutral_exit"": 1030, ""no_active_exit"": 55, ""saved_stop"": 15, ""timeout_improved"": 327}","{""candidate_after_max_hold"": 6, ""mask_excluded_candidate_class"": 1, ""no_candidate"": 33, ""none"": 1527, ""rtp_guard_protected"": 8, ""stale_data_no_action"": 7}",False
shadow-burnin-v3-r49-r48-target60-stop60-exit-replay-timestop-v2-maxwait66000-r1,M7_CLASS_RESTRICTED / 10000 / -6000 / 60000,M7_CLASS_RESTRICTED,10000,-6000,60000,G2_RECOVERY_AFTER_EARLY_DRAWDOWN,20000,train,1583,0,1525,58,13,36,1534,-591572,-373.70309538850285,-202.0,-512982,-324.056854074542,-202.0,78590,49.646241313960836,0.0,51.5344262295082,0.0,400,226,899,0.6389776357827476,626,0.6006108297886035,24,111193,8,76482,376,345518,0,0,456711,378121,0.16746257480113244,True,True,61.6,7,26,0,0,3,0,0,1583,0,0,3,"{""cut_target"": 8, ""harmful_exit"": 218, ""neutral_exit"": 899, ""no_active_exit"": 58, ""saved_stop"": 24, ""timeout_improved"": 376}","{""candidate_after_max_hold"": 3, ""mask_excluded_candidate_class"": 4, ""no_candidate"": 26, ""none"": 1525, ""rtp_guard_protected"": 18, ""stale_data_no_action"": 7}",True
shadow-burnin-v3-r49-r48-target60-stop60-exit-replay-timestop-v2-maxwait66000-r1,M7_CLASS_RESTRICTED / 10000 / -6000 / 60000,M7_CLASS_RESTRICTED,10000,-6000,60000,G2_RECOVERY_AFTER_EARLY_DRAWDOWN,20000,validation,1583,0,1504,79,18,47,1518,-482451,-304.77005685407454,-202.0,-456527,-288.39355653821855,-202.0,25924,16.37650031585597,0.0,17.236702127659573,0.0,387,207,910,0.6515151515151515,594,0.6123339341133573,22,76828,9,88876,365,330755,0,0,407583,381659,0.21805619959615588,True,True,58.5,1,51,0,2,7,0,0,1583,0,0,3,"{""cut_target"": 9, ""harmful_exit"": 198, ""neutral_exit"": 910, ""no_active_exit"": 79, ""saved_stop"": 22, ""timeout_improved"": 365}","{""candidate_after_baseline_exit"": 2, ""candidate_after_max_hold"": 7, ""mask_excluded_candidate_class"": 2, ""no_candidate"": 51, ""none"": 1504, ""rtp_guard_protected"": 16, ""stale_data_no_action"": 1}",False
shadow-burnin-v3-r49-r48-target60-stop60-exit-replay-timestop-v2-maxwait66000-r1,M7_CLASS_RESTRICTED / 10000 / -6000 / 60000,M7_CLASS_RESTRICTED,10000,-6000,60000,G2_RECOVERY_AFTER_EARLY_DRAWDOWN,20000,holdout,1582,0,1524,58,15,29,1538,-493145,-311.72250316055624,-202.0,-505778,-319.7079646017699,-202.0,-12633,-7.985461441213654,0.0,-8.289370078740157,0.0,339,155,1030,0.6862348178137652,494,0.6440117940293367,16,55047,7,70887,323,240615,0,0,295662,308295,0.2397568845506017,True,True,48.300000000000004,7,33,0,0,6,0,0,1582,0,0,2,"{""cut_target"": 7, ""harmful_exit"": 148, ""neutral_exit"": 1030, ""no_active_exit"": 58, ""saved_stop"": 16, ""timeout_improved"": 323}","{""candidate_after_max_hold"": 6, ""mask_excluded_candidate_class"": 1, ""no_candidate"": 33, ""none"": 1524, ""rtp_guard_protected"": 11, ""stale_data_no_action"": 7}",False
shadow-burnin-v3-r49-r48-target60-stop60-exit-replay-timestop-v2-maxwait66000-r1,M7_CLASS_RESTRICTED / 10000 / -6000 / 60000,M7_CLASS_RESTRICTED,10000,-6000,60000,G2_RECOVERY_AFTER_EARLY_DRAWDOWN,30000,train,1583,0,1524,59,13,36,1534,-591572,-373.70309538850285,-202.0,-516363,-326.19267214150346,-202.0,75209,47.510423246999366,0.0,49.3497375328084,0.0,401,224,899,0.6416,625,0.6032455239869964,24,111193,8,76482,377,345746,0,0,456939,381730,0.1673790155797601,True,True,61.7,7,26,0,0,3,0,0,1583,0,0,3,"{""cut_target"": 8, ""harmful_exit"": 216, ""neutral_exit"": 899, ""no_active_exit"": 59, ""saved_stop"": 24, ""timeout_improved"": 377}","{""candidate_after_max_hold"": 3, ""mask_excluded_candidate_class"": 4, ""no_candidate"": 26, ""none"": 1524, ""rtp_guard_protected"": 19, ""stale_data_no_action"": 7}",True
shadow-burnin-v3-r49-r48-target60-stop60-exit-replay-timestop-v2-maxwait66000-r1,M7_CLASS_RESTRICTED / 10000 / -6000 / 60000,M7_CLASS_RESTRICTED,10000,-6000,60000,G2_RECOVERY_AFTER_EARLY_DRAWDOWN,30000,validation,1583,0,1506,77,18,47,1518,-482451,-304.77005685407454,-202.0,-455695,-287.8679722046747,-202.0,26756,16.902084649399875,0.0,17.766268260292165,0.0,387,209,910,0.6493288590604027,596,0.6101738580458149,23,80573,9,88876,364,330430,0,0,411003,384247,0.21624173059564042,True,True,59.4,1,51,0,2,7,0,0,1583,0,0,3,"{""cut_target"": 9, ""harmful_exit"": 200, ""neutral_exit"": 910, ""no_active_exit"": 77, ""saved_stop"": 23, ""timeout_improved"": 364}","{""candidate_after_baseline_exit"": 2, ""candidate_after_max_hold"": 7, ""mask_excluded_candidate_class"": 2, ""no_candidate"": 51, ""none"": 1506, ""rtp_guard_protected"": 14, ""stale_data_no_action"": 1}",False
shadow-burnin-v3-r49-r48-target60-stop60-exit-replay-timestop-v2-maxwait66000-r1,M7_CLASS_RESTRICTED / 10000 / -6000 / 60000,M7_CLASS_RESTRICTED,10000,-6000,60000,G2_RECOVERY_AFTER_EARLY_DRAWDOWN,30000,holdout,1582,0,1527,55,15,29,1538,-493145,-311.72250316055624,-202.0,-505341,-319.43173198482936,-202.0,-12196,-7.709228824273072,0.0,-7.986902423051736,0.0,340,156,1031,0.6854838709677419,496,0.6433280078049022,16,55047,7,70887,324,242443,0,0,297490,309686,0.2382836397862113,True,True,48.4,7,33,0,0,6,0,0,1582,0,0,2,"{""cut_target"": 7, ""harmful_exit"": 149, ""neutral_exit"": 1031, ""no_active_exit"": 55, ""saved_stop"": 16, ""timeout_improved"": 324}","{""candidate_after_max_hold"": 6, ""mask_excluded_candidate_class"": 1, ""no_candidate"": 33, ""none"": 1527, ""rtp_guard_protected"": 8, ""stale_data_no_action"": 7}",False
shadow-burnin-v3-r49-r48-target60-stop60-exit-replay-timestop-v2-maxwait66000-r1,M7_CLASS_RESTRICTED / 10000 / -6000 / 60000,M7_CLASS_RESTRICTED,10000,-6000,60000,G2_RECOVERY_AFTER_EARLY_DRAWDOWN,45000,train,1583,0,1527,56,13,36,1534,-591572,-373.70309538850285,-202.0,-517480,-326.89829437776376,-202.0,74092,46.804801010739105,0.0,48.52128356254093,0.0,402,226,899,0.6401273885350318,628,0.6018416254642205,24,111193,8,76482,378,346426,0,0,457619,383527,0.16713029834862625,True,True,61.800000000000004,7,26,0,0,3,0,0,1583,0,0,3,"{""cut_target"": 8, ""harmful_exit"": 218, ""neutral_exit"": 899, ""no_active_exit"": 56, ""saved_stop"": 24, ""timeout_improved"": 378}","{""candidate_after_max_hold"": 3, ""mask_excluded_candidate_class"": 4, ""no_candidate"": 26, ""none"": 1527, ""rtp_guard_protected"": 16, ""stale_data_no_action"": 7}",True
shadow-burnin-v3-r49-r48-target60-stop60-exit-replay-timestop-v2-maxwait66000-r1,M7_CLASS_RESTRICTED / 10000 / -6000 / 60000,M7_CLASS_RESTRICTED,10000,-6000,60000,G2_RECOVERY_AFTER_EARLY_DRAWDOWN,45000,validation,1583,0,1505,78,18,47,1518,-482451,-304.77005685407454,-202.0,-454535,-287.1351863550221,-202.0,27916,17.634870499052433,0.0,18.548837209302327,0.0,387,209,909,0.6493288590604027,596,0.6101738580458149,23,80573,9,88876,364,331590,0,0,412163,384247,0.21563313543428206,True,True,59.4,1,51,0,2,7,0,0,1583,0,0,3,"{""cut_target"": 9, ""harmful_exit"": 200, ""neutral_exit"": 909, ""no_active_exit"": 78, ""saved_stop"": 23, ""timeout_improved"": 364}","{""candidate_after_baseline_exit"": 2, ""candidate_after_max_hold"": 7, ""mask_excluded_candidate_class"": 2, ""no_candidate"": 51, ""none"": 1505, ""rtp_guard_protected"": 15, ""stale_data_no_action"": 1}",False
shadow-burnin-v3-r49-r48-target60-stop60-exit-replay-timestop-v2-maxwait66000-r1,M7_CLASS_RESTRICTED / 10000 / -6000 / 60000,M7_CLASS_RESTRICTED,10000,-6000,60000,G2_RECOVERY_AFTER_EARLY_DRAWDOWN,45000,holdout,1582,0,1528,54,15,29,1538,-493145,-311.72250316055624,-202.0,-502588,-317.6915297092288,-202.0,-9443,-5.969026548672566,0.0,-6.179973821989528,0.0,341,156,1031,0.6861167002012073,497,0.6440215612570047,16,55047,7,70887,325,245196,0,0,300243,309686,0.23609876000439645,True,True,48.5,7,33,0,0,6,0,0,1582,0,0,2,"{""cut_target"": 7, ""harmful_exit"": 149, ""neutral_exit"": 1031, ""no_active_exit"": 54, ""saved_stop"": 16, ""timeout_improved"": 325}","{""candidate_after_max_hold"": 6, ""mask_excluded_candidate_class"": 1, ""no_candidate"": 33, ""none"": 1528, ""rtp_guard_protected"": 7, ""stale_data_no_action"": 7}",False
shadow-burnin-v3-r49-r48-target60-stop60-exit-replay-timestop-v2-maxwait66000-r1,M7_CLASS_RESTRICTED / 10000 / -6000 / 60000,M7_CLASS_RESTRICTED,10000,-6000,60000,G3_LOW_VOL_CONTINUATION,10000,train,1583,0,1523,60,13,36,1534,-591572,-373.70309538850285,-202.0,-551099,-348.13581806696146,-202.0,40473,25.567277321541376,0.0,26.574523965856862,0.0,395,232,896,0.6299840510366826,627,0.5915083670195541,23,105041,9,86324,372,341182,0,0,446223,405750,0.19345484208568361,True,True,60.2,7,26,0,0,3,0,0,1583,0,0,3,"{""cut_target"": 9, ""harmful_exit"": 223, ""neutral_exit"": 896, ""no_active_exit"": 60, ""saved_stop"": 23, ""timeout_improved"": 372}","{""candidate_after_max_hold"": 3, ""mask_excluded_candidate_class"": 4, ""no_candidate"": 26, ""none"": 1523, ""rtp_guard_protected"": 20, ""stale_data_no_action"": 7}",True
shadow-burnin-v3-r49-r48-target60-stop60-exit-replay-timestop-v2-maxwait66000-r1,M7_CLASS_RESTRICTED / 10000 / -6000 / 60000,M7_CLASS_RESTRICTED,10000,-6000,60000,G3_LOW_VOL_CONTINUATION,10000,validation,1583,0,1498,85,18,47,1518,-482451,-304.77005685407454,-202.0,-461541,-291.56096020214784,-202.0,20910,13.209096651926721,0.0,13.958611481975968,0.0,385,206,907,0.6514382402707276,591,0.6121543690137898,24,88615,10,96202,361,322764,0,0,411379,390469,0.233852481531629,True,True,60.1,1,51,0,2,7,0,0,1583,0,0,3,"{""cut_target"": 10, ""harmful_exit"": 196, ""neutral_exit"": 907, ""no_active_exit"": 85, ""saved_stop"": 24, ""timeout_improved"": 361}","{""candidate_after_baseline_exit"": 2, ""candidate_after_max_hold"": 7, ""mask_excluded_candidate_class"": 2, ""no_candidate"": 51, ""none"": 1498, ""rtp_guard_protected"": 22, ""stale_data_no_action"": 1}",False
shadow-burnin-v3-r49-r48-target60-stop60-exit-replay-timestop-v2-maxwait66000-r1,M7_CLASS_RESTRICTED / 10000 / -6000 / 60000,M7_CLASS_RESTRICTED,10000,-6000,60000,G3_LOW_VOL_CONTINUATION,10000,holdout,1582,0,1523,59,15,29,1538,-493145,-311.72250316055624,-202.0,-503159,-318.05246523388115,-202.0,-10014,-6.329962073324905,0.0,-6.575180564674984,0.0,339,154,1030,0.6876267748478702,493,0.645397945282316,16,55047,7,70887,323,246031,0,0,301078,311092,0.23544397132968864,True,True,48.300000000000004,7,33,0,0,6,0,0,1582,0,0,2,"{""cut_target"": 7, ""harmful_exit"": 147, ""neutral_exit"": 1030, ""no_active_exit"": 59, ""saved_stop"": 16, ""timeout_improved"": 323}","{""candidate_after_max_hold"": 6, ""mask_excluded_candidate_class"": 1, ""no_candidate"": 33, ""none"": 1523, ""rtp_guard_protected"": 12, ""stale_data_no_action"": 7}",False
shadow-burnin-v3-r49-r48-target60-stop60-exit-replay-timestop-v2-maxwait66000-r1,M7_CLASS_RESTRICTED / 10000 / -6000 / 60000,M7_CLASS_RESTRICTED,10000,-6000,60000,G3_LOW_VOL_CONTINUATION,20000,train,1583,0,1513,70,13,36,1534,-591572,-373.70309538850285,-202.0,-539566,-340.8502842703727,-202.0,52006,32.852811118130134,0.0,34.37276933245208,0.0,396,221,896,0.6418152350081038,617,0.6032123562086253,23,105041,9,86324,373,342011,0,0,447052,395046,0.1930961051510786,True,True,60.300000000000004,7,26,0,0,3,0,0,1583,0,0,3,"{""cut_target"": 9, ""harmful_exit"": 212, ""neutral_exit"": 896, ""no_active_exit"": 70, ""saved_stop"": 23, ""timeout_improved"": 373}","{""candidate_after_max_hold"": 3, ""mask_excluded_candidate_class"": 4, ""no_candidate"": 26, ""none"": 1513, ""rtp_guard_protected"": 30, ""stale_data_no_action"": 7}",True
shadow-burnin-v3-r49-r48-target60-stop60-exit-replay-timestop-v2-maxwait66000-r1,M7_CLASS_RESTRICTED / 10000 / -6000 / 60000,M7_CLASS_RESTRICTED,10000,-6000,60000,G3_LOW_VOL_CONTINUATION,20000,validation,1583,0,1502,81,18,47,1518,-482451,-304.77005685407454,-202.0,-468063,-295.6809854706254,-202.0,14388,9.089071383449147,0.0,9.579227696404793,0.0,386,208,908,0.6498316498316499,594,0.6106188885087311,24,88615,10,96202,362,322444,0,0,411059,396671,0.2340345303228977,True,True,60.2,1,51,0,2,7,0,0,1583,0,0,3,"{""cut_target"": 10, ""harmful_exit"": 198, ""neutral_exit"": 908, ""no_active_exit"": 81, ""saved_stop"": 24, ""timeout_improved"": 362}","{""candidate_after_baseline_exit"": 2, ""candidate_after_max_hold"": 7, ""mask_excluded_candidate_class"": 2, ""no_candidate"": 51, ""none"": 1502, ""rtp_guard_protected"": 18, ""stale_data_no_action"": 1}",False
shadow-burnin-v3-r49-r48-target60-stop60-exit-replay-timestop-v2-maxwait66000-r1,M7_CLASS_RESTRICTED / 10000 / -6000 / 60000,M7_CLASS_RESTRICTED,10000,-6000,60000,G3_LOW_VOL_CONTINUATION,20000,holdout,1582,0,1526,56,15,29,1538,-493145,-311.72250316055624,-202.0,-500437,-316.33185840707966,-202.0,-7292,-4.609355246523388,0.0,-4.778505897771953,0.0,341,155,1030,0.6875,496,0.645399103254519,16,55047,7,70887,325,248569,0,0,303616,310908,0.2334758379005059,True,True,48.5,7,33,0,0,6,0,0,1582,0,0,2,"{""cut_target"": 7, ""harmful_exit"": 148, ""neutral_exit"": 1030, ""no_active_exit"": 56, ""saved_stop"": 16, ""timeout_improved"": 325}","{""candidate_after_max_hold"": 6, ""mask_excluded_candidate_class"": 1, ""no_candidate"": 33, ""none"": 1526, ""rtp_guard_protected"": 9, ""stale_data_no_action"": 7}",False
shadow-burnin-v3-r49-r48-target60-stop60-exit-replay-timestop-v2-maxwait66000-r1,M7_CLASS_RESTRICTED / 10000 / -6000 / 60000,M7_CLASS_RESTRICTED,10000,-6000,60000,G3_LOW_VOL_CONTINUATION,30000,train,1583,0,1514,69,13,36,1534,-591572,-373.70309538850285,-202.0,-540487,-341.43209096651924,-202.0,51085,32.27100442198358,0.0,33.741743725231174,0.0,396,222,896,0.6407766990291263,618,0.6021881170298584,23,105041,9,86324,373,342011,0,0,447052,395967,0.1930961051510786,True,True,60.300000000000004,7,26,0,0,3,0,0,1583,0,0,3,"{""cut_target"": 9, ""harmful_exit"": 213, ""neutral_exit"": 896, ""no_active_exit"": 69, ""saved_stop"": 23, ""timeout_improved"": 373}","{""candidate_after_max_hold"": 3, ""mask_excluded_candidate_class"": 4, ""no_candidate"": 26, ""none"": 1514, ""rtp_guard_protected"": 29, ""stale_data_no_action"": 7}",True
shadow-burnin-v3-r49-r48-target60-stop60-exit-replay-timestop-v2-maxwait66000-r1,M7_CLASS_RESTRICTED / 10000 / -6000 / 60000,M7_CLASS_RESTRICTED,10000,-6000,60000,G3_LOW_VOL_CONTINUATION,30000,validation,1583,0,1502,81,18,47,1518,-482451,-304.77005685407454,-202.0,-468063,-295.6809854706254,-202.0,14388,9.089071383449147,0.0,9.579227696404793,0.0,386,208,908,0.6498316498316499,594,0.6106188885087311,24,88615,10,96202,362,322444,0,0,411059,396671,0.2340345303228977,True,True,60.2,1,51,0,2,7,0,0,1583,0,0,3,"{""cut_target"": 10, ""harmful_exit"": 198, ""neutral_exit"": 908, ""no_active_exit"": 81, ""saved_stop"": 24, ""timeout_improved"": 362}","{""candidate_after_baseline_exit"": 2, ""candidate_after_max_hold"": 7, ""mask_excluded_candidate_class"": 2, ""no_candidate"": 51, ""none"": 1502, ""rtp_guard_protected"": 18, ""stale_data_no_action"": 1}",False
shadow-burnin-v3-r49-r48-target60-stop60-exit-replay-timestop-v2-maxwait66000-r1,M7_CLASS_RESTRICTED / 10000 / -6000 / 60000,M7_CLASS_RESTRICTED,10000,-6000,60000,G3_LOW_VOL_CONTINUATION,30000,holdout,1582,0,1526,56,15,29,1538,-493145,-311.72250316055624,-202.0,-500437,-316.33185840707966,-202.0,-7292,-4.609355246523388,0.0,-4.778505897771953,0.0,341,155,1030,0.6875,496,0.645399103254519,16,55047,7,70887,325,248569,0,0,303616,310908,0.2334758379005059,True,True,48.5,7,33,0,0,6,0,0,1582,0,0,2,"{""cut_target"": 7, ""harmful_exit"": 148, ""neutral_exit"": 1030, ""no_active_exit"": 56, ""saved_stop"": 16, ""timeout_improved"": 325}","{""candidate_after_max_hold"": 6, ""mask_excluded_candidate_class"": 1, ""no_candidate"": 33, ""none"": 1526, ""rtp_guard_protected"": 9, ""stale_data_no_action"": 7}",False
shadow-burnin-v3-r49-r48-target60-stop60-exit-replay-timestop-v2-maxwait66000-r1,M7_CLASS_RESTRICTED / 10000 / -6000 / 60000,M7_CLASS_RESTRICTED,10000,-6000,60000,G3_LOW_VOL_CONTINUATION,45000,train,1583,0,1514,69,13,36,1534,-591572,-373.70309538850285,-202.0,-540487,-341.43209096651924,-202.0,51085,32.27100442198358,0.0,33.741743725231174,0.0,396,222,896,0.6407766990291263,618,0.6021881170298584,23,105041,9,86324,373,342011,0,0,447052,395967,0.1930961051510786,True,True,60.300000000000004,7,26,0,0,3,0,0,1583,0,0,3,"{""cut_target"": 9, ""harmful_exit"": 213, ""neutral_exit"": 896, ""no_active_exit"": 69, ""saved_stop"": 23, ""timeout_improved"": 373}","{""candidate_after_max_hold"": 3, ""mask_excluded_candidate_class"": 4, ""no_candidate"": 26, ""none"": 1514, ""rtp_guard_protected"": 29, ""stale_data_no_action"": 7}",True
shadow-burnin-v3-r49-r48-target60-stop60-exit-replay-timestop-v2-maxwait66000-r1,M7_CLASS_RESTRICTED / 10000 / -6000 / 60000,M7_CLASS_RESTRICTED,10000,-6000,60000,G3_LOW_VOL_CONTINUATION,45000,validation,1583,0,1502,81,18,47,1518,-482451,-304.77005685407454,-202.0,-468063,-295.6809854706254,-202.0,14388,9.089071383449147,0.0,9.579227696404793,0.0,386,208,908,0.6498316498316499,594,0.6106188885087311,24,88615,10,96202,362,322444,0,0,411059,396671,0.2340345303228977,True,True,60.2,1,51,0,2,7,0,0,1583,0,0,3,"{""cut_target"": 10, ""harmful_exit"": 198, ""neutral_exit"": 908, ""no_active_exit"": 81, ""saved_stop"": 24, ""timeout_improved"": 362}","{""candidate_after_baseline_exit"": 2, ""candidate_after_max_hold"": 7, ""mask_excluded_candidate_class"": 2, ""no_candidate"": 51, ""none"": 1502, ""rtp_guard_protected"": 18, ""stale_data_no_action"": 1}",False
shadow-burnin-v3-r49-r48-target60-stop60-exit-replay-timestop-v2-maxwait66000-r1,M7_CLASS_RESTRICTED / 10000 / -6000 / 60000,M7_CLASS_RESTRICTED,10000,-6000,60000,G3_LOW_VOL_CONTINUATION,45000,holdout,1582,0,1526,56,15,29,1538,-493145,-311.72250316055624,-202.0,-500437,-316.33185840707966,-202.0,-7292,-4.609355246523388,0.0,-4.778505897771953,0.0,341,155,1030,0.6875,496,0.645399103254519,16,55047,7,70887,325,248569,0,0,303616,310908,0.2334758379005059,True,True,48.5,7,33,0,0,6,0,0,1582,0,0,2,"{""cut_target"": 7, ""harmful_exit"": 148, ""neutral_exit"": 1030, ""no_active_exit"": 56, ""saved_stop"": 16, ""timeout_improved"": 325}","{""candidate_after_max_hold"": 6, ""mask_excluded_candidate_class"": 1, ""no_candidate"": 33, ""none"": 1526, ""rtp_guard_protected"": 9, ""stale_data_no_action"": 7}",False
shadow-burnin-v3-r49-r48-target60-stop60-exit-replay-timestop-v2-maxwait66000-r1,M7_CLASS_RESTRICTED / 10000 / -6000 / 60000,M7_CLASS_RESTRICTED,10000,-6000,60000,G4_DELAYED_DECISION_4000,10000,train,1583,0,1541,42,13,36,1534,-591572,-373.70309538850285,-202.0,-522717,-330.2065698041693,-202.0,68855,43.49652558433355,0.0,44.682024659312134,0.0,374,226,941,0.6233333333333333,600,0.5838929047691053,23,118936,8,71140,351,339012,0,0,457948,389093,0.15534514835745544,True,True,58.1,7,26,0,0,3,0,0,1583,0,0,3,"{""cut_target"": 8, ""harmful_exit"": 218, ""neutral_exit"": 941, ""no_active_exit"": 42, ""saved_stop"": 23, ""timeout_improved"": 351}","{""candidate_after_max_hold"": 3, ""mask_excluded_candidate_class"": 4, ""no_candidate"": 26, ""none"": 1541, ""rtp_delay_after_baseline_or_hold"": 2, ""stale_data_no_action"": 7}",True
shadow-burnin-v3-r49-r48-target60-stop60-exit-replay-timestop-v2-maxwait66000-r1,M7_CLASS_RESTRICTED / 10000 / -6000 / 60000,M7_CLASS_RESTRICTED,10000,-6000,60000,G4_DELAYED_DECISION_4000,10000,validation,1583,0,1515,68,18,47,1518,-482451,-304.77005685407454,-202.0,-464437,-293.3903979785218,-202.0,18014,11.379658875552748,0.0,11.890429042904291,0.0,364,213,938,0.6308492201039861,577,0.5907293273647495,20,85235,10,90466,344,313701,0,0,398936,380922,0.22676820342110013,True,True,54.4,1,51,0,2,7,0,0,1583,0,0,4,"{""cut_target"": 10, ""harmful_exit"": 203, ""neutral_exit"": 938, ""no_active_exit"": 68, ""saved_stop"": 20, ""timeout_improved"": 344}","{""candidate_after_baseline_exit"": 2, ""candidate_after_max_hold"": 7, ""mask_excluded_candidate_class"": 2, ""no_candidate"": 51, ""none"": 1515, ""rtp_delay_after_baseline_or_hold"": 5, ""stale_data_no_action"": 1}",False
shadow-burnin-v3-r49-r48-target60-stop60-exit-replay-timestop-v2-maxwait66000-r1,M7_CLASS_RESTRICTED / 10000 / -6000 / 60000,M7_CLASS_RESTRICTED,10000,-6000,60000,G4_DELAYED_DECISION_4000,10000,holdout,1582,0,1533,49,15,29,1538,-493145,-311.72250316055624,-202.0,-515725,-325.99557522123894,-202.0,-22580,-14.27307206068268,0.0,-14.729288975864318,0.0,315,160,1058,0.6631578947368421,475,0.619496249367172,15,45278,7,63197,300,224815,0,0,270093,292673,0.23398236903585062,True,True,45.0,7,33,0,0,6,0,0,1582,0,0,2,"{""cut_target"": 7, ""harmful_exit"": 153, ""neutral_exit"": 1058, ""no_active_exit"": 49, ""saved_stop"": 15, ""timeout_improved"": 300}","{""candidate_after_max_hold"": 6, ""mask_excluded_candidate_class"": 1, ""no_candidate"": 33, ""none"": 1533, ""rtp_delay_after_baseline_or_hold"": 2, ""stale_data_no_action"": 7}",False
shadow-burnin-v3-r49-r48-target60-stop60-exit-replay-timestop-v2-maxwait66000-r1,M7_CLASS_RESTRICTED / 10000 / -6000 / 60000,M7_CLASS_RESTRICTED,10000,-6000,60000,G4_DELAYED_DECISION_4000,20000,train,1583,0,1541,42,13,36,1534,-591572,-373.70309538850285,-202.0,-522717,-330.2065698041693,-202.0,68855,43.49652558433355,0.0,44.682024659312134,0.0,374,226,941,0.6233333333333333,600,0.5838929047691053,23,118936,8,71140,351,339012,0,0,457948,389093,0.15534514835745544,True,True,58.1,7,26,0,0,3,0,0,1583,0,0,3,"{""cut_target"": 8, ""harmful_exit"": 218, ""neutral_exit"": 941, ""no_active_exit"": 42, ""saved_stop"": 23, ""timeout_improved"": 351}","{""candidate_after_max_hold"": 3, ""mask_excluded_candidate_class"": 4, ""no_candidate"": 26, ""none"": 1541, ""rtp_delay_after_baseline_or_hold"": 2, ""stale_data_no_action"": 7}",True
shadow-burnin-v3-r49-r48-target60-stop60-exit-replay-timestop-v2-maxwait66000-r1,M7_CLASS_RESTRICTED / 10000 / -6000 / 60000,M7_CLASS_RESTRICTED,10000,-6000,60000,G4_DELAYED_DECISION_4000,20000,validation,1583,0,1515,68,18,47,1518,-482451,-304.77005685407454,-202.0,-464437,-293.3903979785218,-202.0,18014,11.379658875552748,0.0,11.890429042904291,0.0,364,213,938,0.6308492201039861,577,0.5907293273647495,20,85235,10,90466,344,313701,0,0,398936,380922,0.22676820342110013,True,True,54.4,1,51,0,2,7,0,0,1583,0,0,4,"{""cut_target"": 10, ""harmful_exit"": 203, ""neutral_exit"": 938, ""no_active_exit"": 68, ""saved_stop"": 20, ""timeout_improved"": 344}","{""candidate_after_baseline_exit"": 2, ""candidate_after_max_hold"": 7, ""mask_excluded_candidate_class"": 2, ""no_candidate"": 51, ""none"": 1515, ""rtp_delay_after_baseline_or_hold"": 5, ""stale_data_no_action"": 1}",False
shadow-burnin-v3-r49-r48-target60-stop60-exit-replay-timestop-v2-maxwait66000-r1,M7_CLASS_RESTRICTED / 10000 / -6000 / 60000,M7_CLASS_RESTRICTED,10000,-6000,60000,G4_DELAYED_DECISION_4000,20000,holdout,1582,0,1533,49,15,29,1538,-493145,-311.72250316055624,-202.0,-515725,-325.99557522123894,-202.0,-22580,-14.27307206068268,0.0,-14.729288975864318,0.0,315,160,1058,0.6631578947368421,475,0.619496249367172,15,45278,7,63197,300,224815,0,0,270093,292673,0.23398236903585062,True,True,45.0,7,33,0,0,6,0,0,1582,0,0,2,"{""cut_target"": 7, ""harmful_exit"": 153, ""neutral_exit"": 1058, ""no_active_exit"": 49, ""saved_stop"": 15, ""timeout_improved"": 300}","{""candidate_after_max_hold"": 6, ""mask_excluded_candidate_class"": 1, ""no_candidate"": 33, ""none"": 1533, ""rtp_delay_after_baseline_or_hold"": 2, ""stale_data_no_action"": 7}",False
shadow-burnin-v3-r49-r48-target60-stop60-exit-replay-timestop-v2-maxwait66000-r1,M7_CLASS_RESTRICTED / 10000 / -6000 / 60000,M7_CLASS_RESTRICTED,10000,-6000,60000,G4_DELAYED_DECISION_4000,30000,train,1583,0,1541,42,13,36,1534,-591572,-373.70309538850285,-202.0,-522717,-330.2065698041693,-202.0,68855,43.49652558433355,0.0,44.682024659312134,0.0,374,226,941,0.6233333333333333,600,0.5838929047691053,23,118936,8,71140,351,339012,0,0,457948,389093,0.15534514835745544,True,True,58.1,7,26,0,0,3,0,0,1583,0,0,3,"{""cut_target"": 8, ""harmful_exit"": 218, ""neutral_exit"": 941, ""no_active_exit"": 42, ""saved_stop"": 23, ""timeout_improved"": 351}","{""candidate_after_max_hold"": 3, ""mask_excluded_candidate_class"": 4, ""no_candidate"": 26, ""none"": 1541, ""rtp_delay_after_baseline_or_hold"": 2, ""stale_data_no_action"": 7}",True
shadow-burnin-v3-r49-r48-target60-stop60-exit-replay-timestop-v2-maxwait66000-r1,M7_CLASS_RESTRICTED / 10000 / -6000 / 60000,M7_CLASS_RESTRICTED,10000,-6000,60000,G4_DELAYED_DECISION_4000,30000,validation,1583,0,1515,68,18,47,1518,-482451,-304.77005685407454,-202.0,-464437,-293.3903979785218,-202.0,18014,11.379658875552748,0.0,11.890429042904291,0.0,364,213,938,0.6308492201039861,577,0.5907293273647495,20,85235,10,90466,344,313701,0,0,398936,380922,0.22676820342110013,True,True,54.4,1,51,0,2,7,0,0,1583,0,0,4,"{""cut_target"": 10, ""harmful_exit"": 203, ""neutral_exit"": 938, ""no_active_exit"": 68, ""saved_stop"": 20, ""timeout_improved"": 344}","{""candidate_after_baseline_exit"": 2, ""candidate_after_max_hold"": 7, ""mask_excluded_candidate_class"": 2, ""no_candidate"": 51, ""none"": 1515, ""rtp_delay_after_baseline_or_hold"": 5, ""stale_data_no_action"": 1}",False
shadow-burnin-v3-r49-r48-target60-stop60-exit-replay-timestop-v2-maxwait66000-r1,M7_CLASS_RESTRICTED / 10000 / -6000 / 60000,M7_CLASS_RESTRICTED,10000,-6000,60000,G4_DELAYED_DECISION_4000,30000,holdout,1582,0,1533,49,15,29,1538,-493145,-311.72250316055624,-202.0,-515725,-325.99557522123894,-202.0,-22580,-14.27307206068268,0.0,-14.729288975864318,0.0,315,160,1058,0.6631578947368421,475,0.619496249367172,15,45278,7,63197,300,224815,0,0,270093,292673,0.23398236903585062,True,True,45.0,7,33,0,0,6,0,0,1582,0,0,2,"{""cut_target"": 7, ""harmful_exit"": 153, ""neutral_exit"": 1058, ""no_active_exit"": 49, ""saved_stop"": 15, ""timeout_improved"": 300}","{""candidate_after_max_hold"": 6, ""mask_excluded_candidate_class"": 1, ""no_candidate"": 33, ""none"": 1533, ""rtp_delay_after_baseline_or_hold"": 2, ""stale_data_no_action"": 7}",False
shadow-burnin-v3-r49-r48-target60-stop60-exit-replay-timestop-v2-maxwait66000-r1,M7_CLASS_RESTRICTED / 10000 / -6000 / 60000,M7_CLASS_RESTRICTED,10000,-6000,60000,G4_DELAYED_DECISION_4000,45000,train,1583,0,1541,42,13,36,1534,-591572,-373.70309538850285,-202.0,-522717,-330.2065698041693,-202.0,68855,43.49652558433355,0.0,44.682024659312134,0.0,374,226,941,0.6233333333333333,600,0.5838929047691053,23,118936,8,71140,351,339012,0,0,457948,389093,0.15534514835745544,True,True,58.1,7,26,0,0,3,0,0,1583,0,0,3,"{""cut_target"": 8, ""harmful_exit"": 218, ""neutral_exit"": 941, ""no_active_exit"": 42, ""saved_stop"": 23, ""timeout_improved"": 351}","{""candidate_after_max_hold"": 3, ""mask_excluded_candidate_class"": 4, ""no_candidate"": 26, ""none"": 1541, ""rtp_delay_after_baseline_or_hold"": 2, ""stale_data_no_action"": 7}",True
shadow-burnin-v3-r49-r48-target60-stop60-exit-replay-timestop-v2-maxwait66000-r1,M7_CLASS_RESTRICTED / 10000 / -6000 / 60000,M7_CLASS_RESTRICTED,10000,-6000,60000,G4_DELAYED_DECISION_4000,45000,validation,1583,0,1515,68,18,47,1518,-482451,-304.77005685407454,-202.0,-464437,-293.3903979785218,-202.0,18014,11.379658875552748,0.0,11.890429042904291,0.0,364,213,938,0.6308492201039861,577,0.5907293273647495,20,85235,10,90466,344,313701,0,0,398936,380922,0.22676820342110013,True,True,54.4,1,51,0,2,7,0,0,1583,0,0,4,"{""cut_target"": 10, ""harmful_exit"": 203, ""neutral_exit"": 938, ""no_active_exit"": 68, ""saved_stop"": 20, ""timeout_improved"": 344}","{""candidate_after_baseline_exit"": 2, ""candidate_after_max_hold"": 7, ""mask_excluded_candidate_class"": 2, ""no_candidate"": 51, ""none"": 1515, ""rtp_delay_after_baseline_or_hold"": 5, ""stale_data_no_action"": 1}",False
shadow-burnin-v3-r49-r48-target60-stop60-exit-replay-timestop-v2-maxwait66000-r1,M7_CLASS_RESTRICTED / 10000 / -6000 / 60000,M7_CLASS_RESTRICTED,10000,-6000,60000,G4_DELAYED_DECISION_4000,45000,holdout,1582,0,1533,49,15,29,1538,-493145,-311.72250316055624,-202.0,-515725,-325.99557522123894,-202.0,-22580,-14.27307206068268,0.0,-14.729288975864318,0.0,315,160,1058,0.6631578947368421,475,0.619496249367172,15,45278,7,63197,300,224815,0,0,270093,292673,0.23398236903585062,True,True,45.0,7,33,0,0,6,0,0,1582,0,0,2,"{""cut_target"": 7, ""harmful_exit"": 153, ""neutral_exit"": 1058, ""no_active_exit"": 49, ""saved_stop"": 15, ""timeout_improved"": 300}","{""candidate_after_max_hold"": 6, ""mask_excluded_candidate_class"": 1, ""no_candidate"": 33, ""none"": 1533, ""rtp_delay_after_baseline_or_hold"": 2, ""stale_data_no_action"": 7}",False
shadow-burnin-v3-r49-r48-target60-stop60-exit-replay-timestop-v2-maxwait66000-r1,M7_CLASS_RESTRICTED / 10000 / -6000 / 60000,M7_CLASS_RESTRICTED,10000,-6000,60000,G5_DELAYED_DECISION_8000,10000,train,1583,0,1536,47,13,36,1534,-591572,-373.70309538850285,-202.0,-517640,-326.9993682880606,-202.0,73932,46.7037271004422,0.0,48.1328125,0.0,345,222,969,0.6084656084656085,567,0.567689109864413,22,109098,7,52278,323,301405,0,0,410503,336571,0.12735107904205328,True,True,54.300000000000004,7,26,0,0,3,0,0,1583,0,0,3,"{""cut_target"": 7, ""harmful_exit"": 215, ""neutral_exit"": 969, ""no_active_exit"": 47, ""saved_stop"": 22, ""timeout_improved"": 323}","{""candidate_after_max_hold"": 3, ""mask_excluded_candidate_class"": 4, ""no_candidate"": 26, ""none"": 1536, ""rtp_delay_after_baseline_or_hold"": 7, ""stale_data_no_action"": 7}",True
shadow-burnin-v3-r49-r48-target60-stop60-exit-replay-timestop-v2-maxwait66000-r1,M7_CLASS_RESTRICTED / 10000 / -6000 / 60000,M7_CLASS_RESTRICTED,10000,-6000,60000,G5_DELAYED_DECISION_8000,10000,validation,1583,0,1512,71,18,47,1518,-482451,-304.77005685407454,-202.0,-472491,-298.47820593809223,-202.0,9960,6.291850915982312,0.0,6.587301587301587,0.0,339,204,969,0.6243093922651933,543,0.5828354950566277,17,56384,10,73197,322,296154,0,0,352538,342578,0.20762868116344904,True,True,49.2,1,51,0,2,7,0,0,1583,0,0,3,"{""cut_target"": 10, ""harmful_exit"": 194, ""neutral_exit"": 969, ""no_active_exit"": 71, ""saved_stop"": 17, ""timeout_improved"": 322}","{""candidate_after_baseline_exit"": 2, ""candidate_after_max_hold"": 7, ""mask_excluded_candidate_class"": 2, ""no_candidate"": 51, ""none"": 1512, ""rtp_delay_after_baseline_or_hold"": 8, ""stale_data_no_action"": 1}",False
shadow-burnin-v3-r49-r48-target60-stop60-exit-replay-timestop-v2-maxwait66000-r1,M7_CLASS_RESTRICTED / 10000 / -6000 / 60000,M7_CLASS_RESTRICTED,10000,-6000,60000,G5_DELAYED_DECISION_8000,10000,holdout,1582,0,1530,52,15,29,1538,-493145,-311.72250316055624,-202.0,-517628,-327.1984829329962,-202.0,-24483,-15.475979772439949,0.0,-16.001960784313727,0.0,296,152,1082,0.6607142857142857,448,0.6156704752779859,13,32030,7,52939,283,215441,0,0,247471,271954,0.21392001487042928,True,True,41.3,7,33,0,0,6,0,0,1582,0,0,2,"{""cut_target"": 7, ""harmful_exit"": 145, ""neutral_exit"": 1082, ""no_active_exit"": 52, ""saved_stop"": 13, ""timeout_improved"": 283}","{""candidate_after_max_hold"": 6, ""mask_excluded_candidate_class"": 1, ""no_candidate"": 33, ""none"": 1530, ""rtp_delay_after_baseline_or_hold"": 5, ""stale_data_no_action"": 7}",False
shadow-burnin-v3-r49-r48-target60-stop60-exit-replay-timestop-v2-maxwait66000-r1,M7_CLASS_RESTRICTED / 10000 / -6000 / 60000,M7_CLASS_RESTRICTED,10000,-6000,60000,G5_DELAYED_DECISION_8000,20000,train,1583,0,1536,47,13,36,1534,-591572,-373.70309538850285,-202.0,-517640,-326.9993682880606,-202.0,73932,46.7037271004422,0.0,48.1328125,0.0,345,222,969,0.6084656084656085,567,0.567689109864413,22,109098,7,52278,323,301405,0,0,410503,336571,0.12735107904205328,True,True,54.300000000000004,7,26,0,0,3,0,0,1583,0,0,3,"{""cut_target"": 7, ""harmful_exit"": 215, ""neutral_exit"": 969, ""no_active_exit"": 47, ""saved_stop"": 22, ""timeout_improved"": 323}","{""candidate_after_max_hold"": 3, ""mask_excluded_candidate_class"": 4, ""no_candidate"": 26, ""none"": 1536, ""rtp_delay_after_baseline_or_hold"": 7, ""stale_data_no_action"": 7}",True
shadow-burnin-v3-r49-r48-target60-stop60-exit-replay-timestop-v2-maxwait66000-r1,M7_CLASS_RESTRICTED / 10000 / -6000 / 60000,M7_CLASS_RESTRICTED,10000,-6000,60000,G5_DELAYED_DECISION_8000,20000,validation,1583,0,1512,71,18,47,1518,-482451,-304.77005685407454,-202.0,-472491,-298.47820593809223,-202.0,9960,6.291850915982312,0.0,6.587301587301587,0.0,339,204,969,0.6243093922651933,543,0.5828354950566277,17,56384,10,73197,322,296154,0,0,352538,342578,0.20762868116344904,True,True,49.2,1,51,0,2,7,0,0,1583,0,0,3,"{""cut_target"": 10, ""harmful_exit"": 194, ""neutral_exit"": 969, ""no_active_exit"": 71, ""saved_stop"": 17, ""timeout_improved"": 322}","{""candidate_after_baseline_exit"": 2, ""candidate_after_max_hold"": 7, ""mask_excluded_candidate_class"": 2, ""no_candidate"": 51, ""none"": 1512, ""rtp_delay_after_baseline_or_hold"": 8, ""stale_data_no_action"": 1}",False
shadow-burnin-v3-r49-r48-target60-stop60-exit-replay-timestop-v2-maxwait66000-r1,M7_CLASS_RESTRICTED / 10000 / -6000 / 60000,M7_CLASS_RESTRICTED,10000,-6000,60000,G5_DELAYED_DECISION_8000,20000,holdout,1582,0,1530,52,15,29,1538,-493145,-311.72250316055624,-202.0,-517628,-327.1984829329962,-202.0,-24483,-15.475979772439949,0.0,-16.001960784313727,0.0,296,152,1082,0.6607142857142857,448,0.6156704752779859,13,32030,7,52939,283,215441,0,0,247471,271954,0.21392001487042928,True,True,41.3,7,33,0,0,6,0,0,1582,0,0,2,"{""cut_target"": 7, ""harmful_exit"": 145, ""neutral_exit"": 1082, ""no_active_exit"": 52, ""saved_stop"": 13, ""timeout_improved"": 283}","{""candidate_after_max_hold"": 6, ""mask_excluded_candidate_class"": 1, ""no_candidate"": 33, ""none"": 1530, ""rtp_delay_after_baseline_or_hold"": 5, ""stale_data_no_action"": 7}",False
shadow-burnin-v3-r49-r48-target60-stop60-exit-replay-timestop-v2-maxwait66000-r1,M7_CLASS_RESTRICTED / 10000 / -6000 / 60000,M7_CLASS_RESTRICTED,10000,-6000,60000,G5_DELAYED_DECISION_8000,30000,train,1583,0,1536,47,13,36,1534,-591572,-373.70309538850285,-202.0,-517640,-326.9993682880606,-202.0,73932,46.7037271004422,0.0,48.1328125,0.0,345,222,969,0.6084656084656085,567,0.567689109864413,22,109098,7,52278,323,301405,0,0,410503,336571,0.12735107904205328,True,True,54.300000000000004,7,26,0,0,3,0,0,1583,0,0,3,"{""cut_target"": 7, ""harmful_exit"": 215, ""neutral_exit"": 969, ""no_active_exit"": 47, ""saved_stop"": 22, ""timeout_improved"": 323}","{""candidate_after_max_hold"": 3, ""mask_excluded_candidate_class"": 4, ""no_candidate"": 26, ""none"": 1536, ""rtp_delay_after_baseline_or_hold"": 7, ""stale_data_no_action"": 7}",True
shadow-burnin-v3-r49-r48-target60-stop60-exit-replay-timestop-v2-maxwait66000-r1,M7_CLASS_RESTRICTED / 10000 / -6000 / 60000,M7_CLASS_RESTRICTED,10000,-6000,60000,G5_DELAYED_DECISION_8000,30000,validation,1583,0,1512,71,18,47,1518,-482451,-304.77005685407454,-202.0,-472491,-298.47820593809223,-202.0,9960,6.291850915982312,0.0,6.587301587301587,0.0,339,204,969,0.6243093922651933,543,0.5828354950566277,17,56384,10,73197,322,296154,0,0,352538,342578,0.20762868116344904,True,True,49.2,1,51,0,2,7,0,0,1583,0,0,3,"{""cut_target"": 10, ""harmful_exit"": 194, ""neutral_exit"": 969, ""no_active_exit"": 71, ""saved_stop"": 17, ""timeout_improved"": 322}","{""candidate_after_baseline_exit"": 2, ""candidate_after_max_hold"": 7, ""mask_excluded_candidate_class"": 2, ""no_candidate"": 51, ""none"": 1512, ""rtp_delay_after_baseline_or_hold"": 8, ""stale_data_no_action"": 1}",False
shadow-burnin-v3-r49-r48-target60-stop60-exit-replay-timestop-v2-maxwait66000-r1,M7_CLASS_RESTRICTED / 10000 / -6000 / 60000,M7_CLASS_RESTRICTED,10000,-6000,60000,G5_DELAYED_DECISION_8000,30000,holdout,1582,0,1530,52,15,29,1538,-493145,-311.72250316055624,-202.0,-517628,-327.1984829329962,-202.0,-24483,-15.475979772439949,0.0,-16.001960784313727,0.0,296,152,1082,0.6607142857142857,448,0.6156704752779859,13,32030,7,52939,283,215441,0,0,247471,271954,0.21392001487042928,True,True,41.3,7,33,0,0,6,0,0,1582,0,0,2,"{""cut_target"": 7, ""harmful_exit"": 145, ""neutral_exit"": 1082, ""no_active_exit"": 52, ""saved_stop"": 13, ""timeout_improved"": 283}","{""candidate_after_max_hold"": 6, ""mask_excluded_candidate_class"": 1, ""no_candidate"": 33, ""none"": 1530, ""rtp_delay_after_baseline_or_hold"": 5, ""stale_data_no_action"": 7}",False
shadow-burnin-v3-r49-r48-target60-stop60-exit-replay-timestop-v2-maxwait66000-r1,M7_CLASS_RESTRICTED / 10000 / -6000 / 60000,M7_CLASS_RESTRICTED,10000,-6000,60000,G5_DELAYED_DECISION_8000,45000,train,1583,0,1536,47,13,36,1534,-591572,-373.70309538850285,-202.0,-517640,-326.9993682880606,-202.0,73932,46.7037271004422,0.0,48.1328125,0.0,345,222,969,0.6084656084656085,567,0.567689109864413,22,109098,7,52278,323,301405,0,0,410503,336571,0.12735107904205328,True,True,54.300000000000004,7,26,0,0,3,0,0,1583,0,0,3,"{""cut_target"": 7, ""harmful_exit"": 215, ""neutral_exit"": 969, ""no_active_exit"": 47, ""saved_stop"": 22, ""timeout_improved"": 323}","{""candidate_after_max_hold"": 3, ""mask_excluded_candidate_class"": 4, ""no_candidate"": 26, ""none"": 1536, ""rtp_delay_after_baseline_or_hold"": 7, ""stale_data_no_action"": 7}",True
shadow-burnin-v3-r49-r48-target60-stop60-exit-replay-timestop-v2-maxwait66000-r1,M7_CLASS_RESTRICTED / 10000 / -6000 / 60000,M7_CLASS_RESTRICTED,10000,-6000,60000,G5_DELAYED_DECISION_8000,45000,validation,1583,0,1512,71,18,47,1518,-482451,-304.77005685407454,-202.0,-472491,-298.47820593809223,-202.0,9960,6.291850915982312,0.0,6.587301587301587,0.0,339,204,969,0.6243093922651933,543,0.5828354950566277,17,56384,10,73197,322,296154,0,0,352538,342578,0.20762868116344904,True,True,49.2,1,51,0,2,7,0,0,1583,0,0,3,"{""cut_target"": 10, ""harmful_exit"": 194, ""neutral_exit"": 969, ""no_active_exit"": 71, ""saved_stop"": 17, ""timeout_improved"": 322}","{""candidate_after_baseline_exit"": 2, ""candidate_after_max_hold"": 7, ""mask_excluded_candidate_class"": 2, ""no_candidate"": 51, ""none"": 1512, ""rtp_delay_after_baseline_or_hold"": 8, ""stale_data_no_action"": 1}",False
shadow-burnin-v3-r49-r48-target60-stop60-exit-replay-timestop-v2-maxwait66000-r1,M7_CLASS_RESTRICTED / 10000 / -6000 / 60000,M7_CLASS_RESTRICTED,10000,-6000,60000,G5_DELAYED_DECISION_8000,45000,holdout,1582,0,1530,52,15,29,1538,-493145,-311.72250316055624,-202.0,-517628,-327.1984829329962,-202.0,-24483,-15.475979772439949,0.0,-16.001960784313727,0.0,296,152,1082,0.6607142857142857,448,0.6156704752779859,13,32030,7,52939,283,215441,0,0,247471,271954,0.21392001487042928,True,True,41.3,7,33,0,0,6,0,0,1582,0,0,2,"{""cut_target"": 7, ""harmful_exit"": 145, ""neutral_exit"": 1082, ""no_active_exit"": 52, ""saved_stop"": 13, ""timeout_improved"": 283}","{""candidate_after_max_hold"": 6, ""mask_excluded_candidate_class"": 1, ""no_candidate"": 33, ""none"": 1530, ""rtp_delay_after_baseline_or_hold"": 5, ""stale_data_no_action"": 7}",False
shadow-burnin-v3-r50-tsv2-logging-only-target60-stop60-exit-replay-maxwait66000-r1,M0_ALL / 6000 / -6000 / 120000,M0_ALL,6000,-6000,120000,G0_NONE,10000,train,1219,0,1172,47,49,56,1114,-645194,-529.2813781788351,-208.0,-483935,-396.99343724364235,-202.0,161259,132.28794093519278,0.0,137.5930034129693,0.0,405,133,634,0.7527881040892194,538,0.7146286319912575,30,155482,32,196750,375,330695,0,0,486177,324918,0.4046880045744657,False,True,67.5,3,42,1,1,0,0,0,1219,0,0,4,"{""cut_target"": 32, ""harmful_exit"": 101, ""neutral_exit"": 634, ""no_active_exit"": 47, ""saved_stop"": 30, ""timeout_improved"": 375}","{""candidate_after_baseline_exit"": 1, ""no_candidate"": 42, ""none"": 1172, ""not_active_exit_eligible"": 1, ""stale_data_no_action"": 3}",False
shadow-burnin-v3-r50-tsv2-logging-only-target60-stop60-exit-replay-maxwait66000-r1,M0_ALL / 6000 / -6000 / 120000,M0_ALL,6000,-6000,120000,G0_NONE,10000,validation,1219,0,1191,28,47,47,1125,-654115,-536.5996718621822,-208.0,-487578,-399.9819524200164,-202.0,166537,136.6177194421657,0.0,139.82955499580186,0.0,423,159,609,0.7268041237113402,582,0.6892032003050363,33,144260,38,224055,390,389552,0,0,533812,367275,0.41972642053756753,False,True,72.0,5,21,0,2,0,0,0,1219,0,0,4,"{""cut_target"": 38, ""harmful_exit"": 121, ""neutral_exit"": 609, ""no_active_exit"": 28, ""saved_stop"": 33, ""timeout_improved"": 390}","{""candidate_after_baseline_exit"": 2, ""no_candidate"": 21, ""none"": 1191, ""stale_data_no_action"": 5}",False
shadow-burnin-v3-r50-tsv2-logging-only-target60-stop60-exit-replay-maxwait66000-r1,M0_ALL / 6000 / -6000 / 120000,M0_ALL,6000,-6000,120000,G0_NONE,10000,holdout,1218,0,1194,24,36,32,1150,-693061,-569.0155993431855,-208.0,-449269,-368.85796387520526,-202.0,243792,200.1576354679803,0.0,204.18090452261308,0.0,494,126,574,0.7967741935483871,620,0.7633171022361747,24,108979,27,157014,470,404969,0,0,513948,270156,0.3055056153540825,False,True,71.0,5,17,2,0,0,0,0,1218,0,0,3,"{""cut_target"": 27, ""harmful_exit"": 99, ""neutral_exit"": 574, ""no_active_exit"": 24, ""saved_stop"": 24, ""timeout_improved"": 470}","{""no_candidate"": 17, ""none"": 1194, ""not_active_exit_eligible"": 2, ""stale_data_no_action"": 5}",False
shadow-burnin-v3-r50-tsv2-logging-only-target60-stop60-exit-replay-maxwait66000-r1,M0_ALL / 6000 / -6000 / 120000,M0_ALL,6000,-6000,120000,G0_NONE,20000,train,1219,0,1172,47,49,56,1114,-645194,-529.2813781788351,-208.0,-483935,-396.99343724364235,-202.0,161259,132.28794093519278,0.0,137.5930034129693,0.0,405,133,634,0.7527881040892194,538,0.7146286319912575,30,155482,32,196750,375,330695,0,0,486177,324918,0.4046880045744657,False,True,67.5,3,42,1,1,0,0,0,1219,0,0,4,"{""cut_target"": 32, ""harmful_exit"": 101, ""neutral_exit"": 634, ""no_active_exit"": 47, ""saved_stop"": 30, ""timeout_improved"": 375}","{""candidate_after_baseline_exit"": 1, ""no_candidate"": 42, ""none"": 1172, ""not_active_exit_eligible"": 1, ""stale_data_no_action"": 3}",False
shadow-burnin-v3-r50-tsv2-logging-only-target60-stop60-exit-replay-maxwait66000-r1,M0_ALL / 6000 / -6000 / 120000,M0_ALL,6000,-6000,120000,G0_NONE,20000,validation,1219,0,1191,28,47,47,1125,-654115,-536.5996718621822,-208.0,-487578,-399.9819524200164,-202.0,166537,136.6177194421657,0.0,139.82955499580186,0.0,423,159,609,0.7268041237113402,582,0.6892032003050363,33,144260,38,224055,390,389552,0,0,533812,367275,0.41972642053756753,False,True,72.0,5,21,0,2,0,0,0,1219,0,0,4,"{""cut_target"": 38, ""harmful_exit"": 121, ""neutral_exit"": 609, ""no_active_exit"": 28, ""saved_stop"": 33, ""timeout_improved"": 390}","{""candidate_after_baseline_exit"": 2, ""no_candidate"": 21, ""none"": 1191, ""stale_data_no_action"": 5}",False
shadow-burnin-v3-r50-tsv2-logging-only-target60-stop60-exit-replay-maxwait66000-r1,M0_ALL / 6000 / -6000 / 120000,M0_ALL,6000,-6000,120000,G0_NONE,20000,holdout,1218,0,1194,24,36,32,1150,-693061,-569.0155993431855,-208.0,-449269,-368.85796387520526,-202.0,243792,200.1576354679803,0.0,204.18090452261308,0.0,494,126,574,0.7967741935483871,620,0.7633171022361747,24,108979,27,157014,470,404969,0,0,513948,270156,0.3055056153540825,False,True,71.0,5,17,2,0,0,0,0,1218,0,0,3,"{""cut_target"": 27, ""harmful_exit"": 99, ""neutral_exit"": 574, ""no_active_exit"": 24, ""saved_stop"": 24, ""timeout_improved"": 470}","{""no_candidate"": 17, ""none"": 1194, ""not_active_exit_eligible"": 2, ""stale_data_no_action"": 5}",False
shadow-burnin-v3-r50-tsv2-logging-only-target60-stop60-exit-replay-maxwait66000-r1,M0_ALL / 6000 / -6000 / 120000,M0_ALL,6000,-6000,120000,G0_NONE,30000,train,1219,0,1172,47,49,56,1114,-645194,-529.2813781788351,-208.0,-483935,-396.99343724364235,-202.0,161259,132.28794093519278,0.0,137.5930034129693,0.0,405,133,634,0.7527881040892194,538,0.7146286319912575,30,155482,32,196750,375,330695,0,0,486177,324918,0.4046880045744657,False,True,67.5,3,42,1,1,0,0,0,1219,0,0,4,"{""cut_target"": 32, ""harmful_exit"": 101, ""neutral_exit"": 634, ""no_active_exit"": 47, ""saved_stop"": 30, ""timeout_improved"": 375}","{""candidate_after_baseline_exit"": 1, ""no_candidate"": 42, ""none"": 1172, ""not_active_exit_eligible"": 1, ""stale_data_no_action"": 3}",False
shadow-burnin-v3-r50-tsv2-logging-only-target60-stop60-exit-replay-maxwait66000-r1,M0_ALL / 6000 / -6000 / 120000,M0_ALL,6000,-6000,120000,G0_NONE,30000,validation,1219,0,1191,28,47,47,1125,-654115,-536.5996718621822,-208.0,-487578,-399.9819524200164,-202.0,166537,136.6177194421657,0.0,139.82955499580186,0.0,423,159,609,0.7268041237113402,582,0.6892032003050363,33,144260,38,224055,390,389552,0,0,533812,367275,0.41972642053756753,False,True,72.0,5,21,0,2,0,0,0,1219,0,0,4,"{""cut_target"": 38, ""harmful_exit"": 121, ""neutral_exit"": 609, ""no_active_exit"": 28, ""saved_stop"": 33, ""timeout_improved"": 390}","{""candidate_after_baseline_exit"": 2, ""no_candidate"": 21, ""none"": 1191, ""stale_data_no_action"": 5}",False
shadow-burnin-v3-r50-tsv2-logging-only-target60-stop60-exit-replay-maxwait66000-r1,M0_ALL / 6000 / -6000 / 120000,M0_ALL,6000,-6000,120000,G0_NONE,30000,holdout,1218,0,1194,24,36,32,1150,-693061,-569.0155993431855,-208.0,-449269,-368.85796387520526,-202.0,243792,200.1576354679803,0.0,204.18090452261308,0.0,494,126,574,0.7967741935483871,620,0.7633171022361747,24,108979,27,157014,470,404969,0,0,513948,270156,0.3055056153540825,False,True,71.0,5,17,2,0,0,0,0,1218,0,0,3,"{""cut_target"": 27, ""harmful_exit"": 99, ""neutral_exit"": 574, ""no_active_exit"": 24, ""saved_stop"": 24, ""timeout_improved"": 470}","{""no_candidate"": 17, ""none"": 1194, ""not_active_exit_eligible"": 2, ""stale_data_no_action"": 5}",False
shadow-burnin-v3-r50-tsv2-logging-only-target60-stop60-exit-replay-maxwait66000-r1,M0_ALL / 6000 / -6000 / 120000,M0_ALL,6000,-6000,120000,G0_NONE,45000,train,1219,0,1172,47,49,56,1114,-645194,-529.2813781788351,-208.0,-483935,-396.99343724364235,-202.0,161259,132.28794093519278,0.0,137.5930034129693,0.0,405,133,634,0.7527881040892194,538,0.7146286319912575,30,155482,32,196750,375,330695,0,0,486177,324918,0.4046880045744657,False,True,67.5,3,42,1,1,0,0,0,1219,0,0,4,"{""cut_target"": 32, ""harmful_exit"": 101, ""neutral_exit"": 634, ""no_active_exit"": 47, ""saved_stop"": 30, ""timeout_improved"": 375}","{""candidate_after_baseline_exit"": 1, ""no_candidate"": 42, ""none"": 1172, ""not_active_exit_eligible"": 1, ""stale_data_no_action"": 3}",False
shadow-burnin-v3-r50-tsv2-logging-only-target60-stop60-exit-replay-maxwait66000-r1,M0_ALL / 6000 / -6000 / 120000,M0_ALL,6000,-6000,120000,G0_NONE,45000,validation,1219,0,1191,28,47,47,1125,-654115,-536.5996718621822,-208.0,-487578,-399.9819524200164,-202.0,166537,136.6177194421657,0.0,139.82955499580186,0.0,423,159,609,0.7268041237113402,582,0.6892032003050363,33,144260,38,224055,390,389552,0,0,533812,367275,0.41972642053756753,False,True,72.0,5,21,0,2,0,0,0,1219,0,0,4,"{""cut_target"": 38, ""harmful_exit"": 121, ""neutral_exit"": 609, ""no_active_exit"": 28, ""saved_stop"": 33, ""timeout_improved"": 390}","{""candidate_after_baseline_exit"": 2, ""no_candidate"": 21, ""none"": 1191, ""stale_data_no_action"": 5}",False
shadow-burnin-v3-r50-tsv2-logging-only-target60-stop60-exit-replay-maxwait66000-r1,M0_ALL / 6000 / -6000 / 120000,M0_ALL,6000,-6000,120000,G0_NONE,45000,holdout,1218,0,1194,24,36,32,1150,-693061,-569.0155993431855,-208.0,-449269,-368.85796387520526,-202.0,243792,200.1576354679803,0.0,204.18090452261308,0.0,494,126,574,0.7967741935483871,620,0.7633171022361747,24,108979,27,157014,470,404969,0,0,513948,270156,0.3055056153540825,False,True,71.0,5,17,2,0,0,0,0,1218,0,0,3,"{""cut_target"": 27, ""harmful_exit"": 99, ""neutral_exit"": 574, ""no_active_exit"": 24, ""saved_stop"": 24, ""timeout_improved"": 470}","{""no_candidate"": 17, ""none"": 1194, ""not_active_exit_eligible"": 2, ""stale_data_no_action"": 5}",False
shadow-burnin-v3-r50-tsv2-logging-only-target60-stop60-exit-replay-maxwait66000-r1,M0_ALL / 6000 / -6000 / 120000,M0_ALL,6000,-6000,120000,G1_STEADY_EARLY_STRENGTH,10000,train,1219,0,1130,89,49,56,1114,-645194,-529.2813781788351,-208.0,-502674,-412.3658736669401,-202.0,142520,116.915504511895,0.0,126.12389380530973,0.0,384,113,633,0.772635814889336,497,0.73377839075257,22,98094,22,156135,362,302477,0,0,400571,258051,0.38978108749759716,False,True,58.2,3,42,1,1,0,0,0,1219,0,0,3,"{""cut_target"": 22, ""harmful_exit"": 91, ""neutral_exit"": 633, ""no_active_exit"": 89, ""saved_stop"": 22, ""timeout_improved"": 362}","{""candidate_after_baseline_exit"": 1, ""no_candidate"": 42, ""none"": 1130, ""not_active_exit_eligible"": 1, ""rtp_guard_protected"": 42, ""stale_data_no_action"": 3}",False
shadow-burnin-v3-r50-tsv2-logging-only-target60-stop60-exit-replay-maxwait66000-r1,M0_ALL / 6000 / -6000 / 120000,M0_ALL,6000,-6000,120000,G1_STEADY_EARLY_STRENGTH,10000,validation,1219,0,1132,87,47,47,1125,-654115,-536.5996718621822,-208.0,-489050,-401.18949958982773,-202.0,165065,135.4101722723544,0.0,145.81713780918727,0.0,392,132,608,0.7480916030534351,524,0.7092085604881831,26,99847,21,140083,366,334605,0,0,434452,269387,0.3224360803955328,False,True,62.6,5,21,0,2,0,0,0,1219,0,0,3,"{""cut_target"": 21, ""harmful_exit"": 111, ""neutral_exit"": 608, ""no_active_exit"": 87, ""saved_stop"": 26, ""timeout_improved"": 366}","{""candidate_after_baseline_exit"": 2, ""no_candidate"": 21, ""none"": 1132, ""rtp_guard_protected"": 59, ""stale_data_no_action"": 5}",False
shadow-burnin-v3-r50-tsv2-logging-only-target60-stop60-exit-replay-maxwait66000-r1,M0_ALL / 6000 / -6000 / 120000,M0_ALL,6000,-6000,120000,G1_STEADY_EARLY_STRENGTH,10000,holdout,1218,0,1141,77,36,32,1150,-693061,-569.0155993431855,-208.0,-493073,-404.82183908045977,-202.0,199988,164.1937602627258,0.0,175.2743207712533,0.0,459,109,573,0.8080985915492958,568,0.7736864502911932,19,78967,17,110651,440,334520,0,0,413487,213499,0.2676045437946054,False,True,63.0,5,17,2,0,0,0,0,1218,0,0,3,"{""cut_target"": 17, ""harmful_exit"": 92, ""neutral_exit"": 573, ""no_active_exit"": 77, ""saved_stop"": 19, ""timeout_improved"": 440}","{""no_candidate"": 17, ""none"": 1141, ""not_active_exit_eligible"": 2, ""rtp_guard_protected"": 53, ""stale_data_no_action"": 5}",False
shadow-burnin-v3-r50-tsv2-logging-only-target60-stop60-exit-replay-maxwait66000-r1,M0_ALL / 6000 / -6000 / 120000,M0_ALL,6000,-6000,120000,G1_STEADY_EARLY_STRENGTH,20000,train,1219,0,1129,90,49,56,1114,-645194,-529.2813781788351,-208.0,-519851,-426.45693191140276,-202.0,125343,102.82444626743232,0.0,111.02125775022144,0.0,383,113,633,0.7721774193548387,496,0.7332565896606077,20,82524,22,156135,363,301951,0,0,384475,259132,0.4060992262175694,False,True,56.300000000000004,3,42,1,1,0,0,0,1219,0,0,3,"{""cut_target"": 22, ""harmful_exit"": 91, ""neutral_exit"": 633, ""no_active_exit"": 90, ""saved_stop"": 20, ""timeout_improved"": 363}","{""candidate_after_baseline_exit"": 1, ""no_candidate"": 42, ""none"": 1129, ""not_active_exit_eligible"": 1, ""rtp_guard_protected"": 43, ""stale_data_no_action"": 3}",False
shadow-burnin-v3-r50-tsv2-logging-only-target60-stop60-exit-replay-maxwait66000-r1,M0_ALL / 6000 / -6000 / 120000,M0_ALL,6000,-6000,120000,G1_STEADY_EARLY_STRENGTH,20000,validation,1219,0,1134,85,47,47,1125,-654115,-536.5996718621822,-208.0,-526556,-431.95734208367514,-202.0,127559,104.64232977850698,0.0,112.48589065255732,0.0,390,136,608,0.7414448669201521,526,0.7023719599024993,24,86805,25,167042,366,339068,0,0,425873,298314,0.39223430459315334,False,True,60.6,5,21,0,2,0,0,0,1219,0,0,4,"{""cut_target"": 25, ""harmful_exit"": 111, ""neutral_exit"": 608, ""no_active_exit"": 85, ""saved_stop"": 24, ""timeout_improved"": 366}","{""candidate_after_baseline_exit"": 2, ""no_candidate"": 21, ""none"": 1134, ""rtp_guard_protected"": 57, ""stale_data_no_action"": 5}",False
shadow-burnin-v3-r50-tsv2-logging-only-target60-stop60-exit-replay-maxwait66000-r1,M0_ALL / 6000 / -6000 / 120000,M0_ALL,6000,-6000,120000,G1_STEADY_EARLY_STRENGTH,20000,holdout,1218,0,1140,78,36,32,1150,-693061,-569.0155993431855,-208.0,-504434,-414.14942528735634,-202.0,188627,154.86617405582922,0.0,165.4622807017544,0.0,457,110,573,0.8059964726631393,567,0.7714334151038333,20,84754,17,110651,437,320225,0,0,404979,216352,0.27322651297968537,False,True,63.7,5,17,2,0,0,0,0,1218,0,0,3,"{""cut_target"": 17, ""harmful_exit"": 93, ""neutral_exit"": 573, ""no_active_exit"": 78, ""saved_stop"": 20, ""timeout_improved"": 437}","{""no_candidate"": 17, ""none"": 1140, ""not_active_exit_eligible"": 2, ""rtp_guard_protected"": 54, ""stale_data_no_action"": 5}",False
shadow-burnin-v3-r50-tsv2-logging-only-target60-stop60-exit-replay-maxwait66000-r1,M0_ALL / 6000 / -6000 / 120000,M0_ALL,6000,-6000,120000,G1_STEADY_EARLY_STRENGTH,30000,train,1219,0,1134,85,49,56,1114,-645194,-529.2813781788351,-208.0,-510026,-418.39704675963907,-202.0,135168,110.88433141919606,0.0,119.19576719576719,0.0,387,113,634,0.774,500,0.7353316422926234,21,87177,22,156135,366,307801,0,0,394978,259810,0.39530049774924175,False,True,57.6,3,42,1,1,0,0,0,1219,0,0,2,"{""cut_target"": 22, ""harmful_exit"": 91, ""neutral_exit"": 634, ""no_active_exit"": 85, ""saved_stop"": 21, ""timeout_improved"": 366}","{""candidate_after_baseline_exit"": 1, ""no_candidate"": 42, ""none"": 1134, ""not_active_exit_eligible"": 1, ""rtp_guard_protected"": 38, ""stale_data_no_action"": 3}",False
shadow-burnin-v3-r50-tsv2-logging-only-target60-stop60-exit-replay-maxwait66000-r1,M0_ALL / 6000 / -6000 / 120000,M0_ALL,6000,-6000,120000,G1_STEADY_EARLY_STRENGTH,30000,validation,1219,0,1139,80,47,47,1125,-654115,-536.5996718621822,-208.0,-511244,-419.39622641509436,-202.0,142871,117.20344544708777,0.0,125.43546971027217,0.0,394,137,608,0.7419962335216572,531,0.7031365710936073,27,102541,25,167042,367,339177,0,0,441718,298847,0.37816434920016845,False,True,63.7,5,21,0,2,0,0,0,1219,0,0,4,"{""cut_target"": 25, ""harmful_exit"": 112, ""neutral_exit"": 608, ""no_active_exit"": 80, ""saved_stop"": 27, ""timeout_improved"": 367}","{""candidate_after_baseline_exit"": 2, ""no_candidate"": 21, ""none"": 1139, ""rtp_guard_protected"": 52, ""stale_data_no_action"": 5}",False
shadow-burnin-v3-r50-tsv2-logging-only-target60-stop60-exit-replay-maxwait66000-r1,M0_ALL / 6000 / -6000 / 120000,M0_ALL,6000,-6000,120000,G1_STEADY_EARLY_STRENGTH,30000,holdout,1218,0,1140,78,36,32,1150,-693061,-569.0155993431855,-208.0,-506486,-415.83415435139574,-202.0,186575,153.18144499178982,0.0,163.66228070175438,0.0,457,110,573,0.8059964726631393,567,0.7714334151038333,21,88294,17,110651,436,314633,0,0,402927,216352,0.2746179829100557,False,True,64.6,5,17,2,0,0,0,0,1218,0,0,3,"{""cut_target"": 17, ""harmful_exit"": 93, ""neutral_exit"": 573, ""no_active_exit"": 78, ""saved_stop"": 21, ""timeout_improved"": 436}","{""no_candidate"": 17, ""none"": 1140, ""not_active_exit_eligible"": 2, ""rtp_guard_protected"": 54, ""stale_data_no_action"": 5}",False
shadow-burnin-v3-r50-tsv2-logging-only-target60-stop60-exit-replay-maxwait66000-r1,M0_ALL / 6000 / -6000 / 120000,M0_ALL,6000,-6000,120000,G1_STEADY_EARLY_STRENGTH,45000,train,1219,0,1137,82,49,56,1114,-645194,-529.2813781788351,-208.0,-503257,-412.84413453650535,-202.0,141937,116.43724364232978,0.0,124.83465259454705,0.0,388,115,634,0.7713717693836978,503,0.7326969543609757,22,95095,22,156135,366,307801,0,0,402896,260959,0.38753176998530636,False,True,58.6,3,42,1,1,0,0,0,1219,0,0,2,"{""cut_target"": 22, ""harmful_exit"": 93, ""neutral_exit"": 634, ""no_active_exit"": 82, ""saved_stop"": 22, ""timeout_improved"": 366}","{""candidate_after_baseline_exit"": 1, ""no_candidate"": 42, ""none"": 1137, ""not_active_exit_eligible"": 1, ""rtp_guard_protected"": 35, ""stale_data_no_action"": 3}",False
shadow-burnin-v3-r50-tsv2-logging-only-target60-stop60-exit-replay-maxwait66000-r1,M0_ALL / 6000 / -6000 / 120000,M0_ALL,6000,-6000,120000,G1_STEADY_EARLY_STRENGTH,45000,validation,1219,0,1141,78,47,47,1125,-654115,-536.5996718621822,-208.0,-512319,-420.2780968006563,-202.0,141796,116.32157506152583,0.0,124.27344434706399,0.0,396,137,608,0.7429643527204502,533,0.70421864080625,26,96626,25,167042,370,344017,0,0,440643,298847,0.3790869252433376,False,True,63.0,5,21,0,2,0,0,0,1219,0,0,4,"{""cut_target"": 25, ""harmful_exit"": 112, ""neutral_exit"": 608, ""no_active_exit"": 78, ""saved_stop"": 26, ""timeout_improved"": 370}","{""candidate_after_baseline_exit"": 2, ""no_candidate"": 21, ""none"": 1141, ""rtp_guard_protected"": 50, ""stale_data_no_action"": 5}",False
shadow-burnin-v3-r50-tsv2-logging-only-target60-stop60-exit-replay-maxwait66000-r1,M0_ALL / 6000 / -6000 / 120000,M0_ALL,6000,-6000,120000,G1_STEADY_EARLY_STRENGTH,45000,holdout,1218,0,1141,77,36,32,1150,-693061,-569.0155993431855,-208.0,-506486,-415.83415435139574,-202.0,186575,153.18144499178982,0.0,163.5188431200701,0.0,457,110,574,0.8059964726631393,567,0.7714334151038333,21,88294,17,110651,436,314633,0,0,402927,216352,0.2746179829100557,False,True,64.6,5,17,2,0,0,0,0,1218,0,0,3,"{""cut_target"": 17, ""harmful_exit"": 93, ""neutral_exit"": 574, ""no_active_exit"": 77, ""saved_stop"": 21, ""timeout_improved"": 436}","{""no_candidate"": 17, ""none"": 1141, ""not_active_exit_eligible"": 2, ""rtp_guard_protected"": 53, ""stale_data_no_action"": 5}",False
shadow-burnin-v3-r50-tsv2-logging-only-target60-stop60-exit-replay-maxwait66000-r1,M0_ALL / 6000 / -6000 / 120000,M0_ALL,6000,-6000,120000,G2_RECOVERY_AFTER_EARLY_DRAWDOWN,10000,train,1219,0,1168,51,49,56,1114,-645194,-529.2813781788351,-208.0,-470753,-386.1796554552912,-202.0,174441,143.1017227235439,0.0,149.3501712328767,0.0,404,130,634,0.7565543071161048,534,0.718406103880847,30,155482,30,182255,374,328215,0,0,483697,309256,0.37679580398472595,False,True,67.4,3,42,1,1,0,0,0,1219,0,0,3,"{""cut_target"": 30, ""harmful_exit"": 100, ""neutral_exit"": 634, ""no_active_exit"": 51, ""saved_stop"": 30, ""timeout_improved"": 374}","{""candidate_after_baseline_exit"": 1, ""no_candidate"": 42, ""none"": 1168, ""not_active_exit_eligible"": 1, ""rtp_guard_protected"": 4, ""stale_data_no_action"": 3}",False
shadow-burnin-v3-r50-tsv2-logging-only-target60-stop60-exit-replay-maxwait66000-r1,M0_ALL / 6000 / -6000 / 120000,M0_ALL,6000,-6000,120000,G2_RECOVERY_AFTER_EARLY_DRAWDOWN,10000,validation,1219,0,1182,37,47,47,1125,-654115,-536.5996718621822,-208.0,-490868,-402.6808859721083,-202.0,163247,133.91878589007382,0.0,138.11082910321488,0.0,418,155,609,0.7294938917975567,573,0.6916824460748514,31,133066,37,216999,387,388246,0,0,521312,358065,0.4162555245227426,False,True,69.7,5,21,0,2,0,0,0,1219,0,0,4,"{""cut_target"": 37, ""harmful_exit"": 118, ""neutral_exit"": 609, ""no_active_exit"": 37, ""saved_stop"": 31, ""timeout_improved"": 387}","{""candidate_after_baseline_exit"": 2, ""no_candidate"": 21, ""none"": 1182, ""rtp_guard_protected"": 9, ""stale_data_no_action"": 5}",False
shadow-burnin-v3-r50-tsv2-logging-only-target60-stop60-exit-replay-maxwait66000-r1,M0_ALL / 6000 / -6000 / 120000,M0_ALL,6000,-6000,120000,G2_RECOVERY_AFTER_EARLY_DRAWDOWN,10000,holdout,1218,0,1185,33,36,32,1150,-693061,-569.0155993431855,-208.0,-441148,-362.1904761904762,-202.0,251913,206.82512315270935,0.0,212.58481012658228,0.0,490,121,574,0.8019639934533551,611,0.7685205125557075,24,108979,25,144307,466,394965,0,0,503944,252031,0.2863552299461845,False,True,70.6,5,17,2,0,0,0,0,1218,0,0,3,"{""cut_target"": 25, ""harmful_exit"": 96, ""neutral_exit"": 574, ""no_active_exit"": 33, ""saved_stop"": 24, ""timeout_improved"": 466}","{""no_candidate"": 17, ""none"": 1185, ""not_active_exit_eligible"": 2, ""rtp_guard_protected"": 9, ""stale_data_no_action"": 5}",False
shadow-burnin-v3-r50-tsv2-logging-only-target60-stop60-exit-replay-maxwait66000-r1,M0_ALL / 6000 / -6000 / 120000,M0_ALL,6000,-6000,120000,G2_RECOVERY_AFTER_EARLY_DRAWDOWN,20000,train,1219,0,1166,53,49,56,1114,-645194,-529.2813781788351,-208.0,-473064,-388.07547169811323,-202.0,172130,141.2059064807219,0.0,147.62435677530019,0.0,403,129,634,0.7575187969924813,532,0.7193374868678435,30,155482,31,191650,373,327141,0,0,482623,310493,0.3971008426867348,False,True,67.30000000000001,3,42,1,1,0,0,0,1219,0,0,4,"{""cut_target"": 31, ""harmful_exit"": 98, ""neutral_exit"": 634, ""no_active_exit"": 53, ""saved_stop"": 30, ""timeout_improved"": 373}","{""candidate_after_baseline_exit"": 1, ""no_candidate"": 42, ""none"": 1166, ""not_active_exit_eligible"": 1, ""rtp_guard_protected"": 6, ""stale_data_no_action"": 3}",False
shadow-burnin-v3-r50-tsv2-logging-only-target60-stop60-exit-replay-maxwait66000-r1,M0_ALL / 6000 / -6000 / 120000,M0_ALL,6000,-6000,120000,G2_RECOVERY_AFTER_EARLY_DRAWDOWN,20000,validation,1219,0,1175,44,47,47,1125,-654115,-536.5996718621822,-208.0,-465622,-381.9704675963905,-202.0,188493,154.62920426579163,0.0,160.4195744680851,0.0,418,148,609,0.7385159010600707,566,0.7007915992798374,32,138432,34,201574,386,386308,0,0,524740,336247,0.384140717307619,False,True,70.6,5,21,0,2,0,0,0,1219,0,0,4,"{""cut_target"": 34, ""harmful_exit"": 114, ""neutral_exit"": 609, ""no_active_exit"": 44, ""saved_stop"": 32, ""timeout_improved"": 386}","{""candidate_after_baseline_exit"": 2, ""no_candidate"": 21, ""none"": 1175, ""rtp_guard_protected"": 16, ""stale_data_no_action"": 5}",False
shadow-burnin-v3-r50-tsv2-logging-only-target60-stop60-exit-replay-maxwait66000-r1,M0_ALL / 6000 / -6000 / 120000,M0_ALL,6000,-6000,120000,G2_RECOVERY_AFTER_EARLY_DRAWDOWN,20000,holdout,1218,0,1181,37,36,32,1150,-693061,-569.0155993431855,-208.0,-447608,-367.4942528735632,-202.0,245453,201.52134646962233,0.0,207.83488569009313,0.0,487,120,574,0.8023064250411862,607,0.7687653399292967,24,108979,26,150968,463,390913,0,0,499892,254439,0.3020012322661695,False,True,70.30000000000001,5,17,2,0,0,0,0,1218,0,0,3,"{""cut_target"": 26, ""harmful_exit"": 94, ""neutral_exit"": 574, ""no_active_exit"": 37, ""saved_stop"": 24, ""timeout_improved"": 463}","{""no_candidate"": 17, ""none"": 1181, ""not_active_exit_eligible"": 2, ""rtp_guard_protected"": 13, ""stale_data_no_action"": 5}",False
shadow-burnin-v3-r50-tsv2-logging-only-target60-stop60-exit-replay-maxwait66000-r1,M0_ALL / 6000 / -6000 / 120000,M0_ALL,6000,-6000,120000,G2_RECOVERY_AFTER_EARLY_DRAWDOWN,30000,train,1219,0,1163,56,49,56,1114,-645194,-529.2813781788351,-208.0,-470310,-385.8162428219852,-202.0,174884,143.46513535684988,0.0,150.3731728288908,0.0,403,126,634,0.7618147448015122,529,0.723709443918177,30,155482,31,191650,373,327141,0,0,482623,307739,0.3971008426867348,False,True,67.30000000000001,3,42,1,1,0,0,0,1219,0,0,4,"{""cut_target"": 31, ""harmful_exit"": 95, ""neutral_exit"": 634, ""no_active_exit"": 56, ""saved_stop"": 30, ""timeout_improved"": 373}","{""candidate_after_baseline_exit"": 1, ""no_candidate"": 42, ""none"": 1163, ""not_active_exit_eligible"": 1, ""rtp_guard_protected"": 9, ""stale_data_no_action"": 3}",False
shadow-burnin-v3-r50-tsv2-logging-only-target60-stop60-exit-replay-maxwait66000-r1,M0_ALL / 6000 / -6000 / 120000,M0_ALL,6000,-6000,120000,G2_RECOVERY_AFTER_EARLY_DRAWDOWN,30000,validation,1219,0,1175,44,47,47,1125,-654115,-536.5996718621822,-208.0,-457538,-375.33880229696473,-202.0,196577,161.2608695652174,0.0,167.2995744680851,0.0,419,147,609,0.7402826855123675,566,0.7026249749925546,33,144260,34,201574,386,386308,0,0,530568,333991,0.37992114111669006,False,True,71.6,5,21,0,2,0,0,0,1219,0,0,3,"{""cut_target"": 34, ""harmful_exit"": 113, ""neutral_exit"": 609, ""no_active_exit"": 44, ""saved_stop"": 33, ""timeout_improved"": 386}","{""candidate_after_baseline_exit"": 2, ""no_candidate"": 21, ""none"": 1175, ""rtp_guard_protected"": 16, ""stale_data_no_action"": 5}",False
shadow-burnin-v3-r50-tsv2-logging-only-target60-stop60-exit-replay-maxwait66000-r1,M0_ALL / 6000 / -6000 / 120000,M0_ALL,6000,-6000,120000,G2_RECOVERY_AFTER_EARLY_DRAWDOWN,30000,holdout,1218,0,1182,36,36,32,1150,-693061,-569.0155993431855,-208.0,-446008,-366.18062397372745,-202.0,247053,202.83497536945814,0.0,209.01269035532994,0.0,488,120,574,0.8026315789473685,608,0.7691369351575864,24,108979,26,150968,464,392146,0,0,501125,254072,0.30125816911948117,False,True,70.4,5,17,2,0,0,0,0,1218,0,0,3,"{""cut_target"": 26, ""harmful_exit"": 94, ""neutral_exit"": 574, ""no_active_exit"": 36, ""saved_stop"": 24, ""timeout_improved"": 464}","{""no_candidate"": 17, ""none"": 1182, ""not_active_exit_eligible"": 2, ""rtp_guard_protected"": 12, ""stale_data_no_action"": 5}",False
shadow-burnin-v3-r50-tsv2-logging-only-target60-stop60-exit-replay-maxwait66000-r1,M0_ALL / 6000 / -6000 / 120000,M0_ALL,6000,-6000,120000,G2_RECOVERY_AFTER_EARLY_DRAWDOWN,45000,train,1219,0,1160,59,49,56,1114,-645194,-529.2813781788351,-208.0,-470373,-385.8679245283019,-202.0,174821,143.41345365053323,0.0,150.70775862068965,0.0,402,124,634,0.7642585551330798,526,0.7261497909251781,29,149077,31,191650,373,327141,0,0,476218,301397,0.40244173886749346,False,True,66.30000000000001,3,42,1,1,0,0,0,1219,0,0,4,"{""cut_target"": 31, ""harmful_exit"": 93, ""neutral_exit"": 634, ""no_active_exit"": 59, ""saved_stop"": 29, ""timeout_improved"": 373}","{""candidate_after_baseline_exit"": 1, ""no_candidate"": 42, ""none"": 1160, ""not_active_exit_eligible"": 1, ""rtp_guard_protected"": 12, ""stale_data_no_action"": 3}",False
shadow-burnin-v3-r50-tsv2-logging-only-target60-stop60-exit-replay-maxwait66000-r1,M0_ALL / 6000 / -6000 / 120000,M0_ALL,6000,-6000,120000,G2_RECOVERY_AFTER_EARLY_DRAWDOWN,45000,validation,1219,0,1175,44,47,47,1125,-654115,-536.5996718621822,-208.0,-462476,-379.38966365873665,-202.0,191639,157.21000820344545,0.0,163.09702127659574,0.0,418,148,609,0.7385159010600707,566,0.7007915992798374,33,144260,34,201574,385,383806,0,0,528066,336427,0.38172122424090926,False,True,71.5,5,21,0,2,0,0,0,1219,0,0,3,"{""cut_target"": 34, ""harmful_exit"": 114, ""neutral_exit"": 609, ""no_active_exit"": 44, ""saved_stop"": 33, ""timeout_improved"": 385}","{""candidate_after_baseline_exit"": 2, ""no_candidate"": 21, ""none"": 1175, ""rtp_guard_protected"": 16, ""stale_data_no_action"": 5}",False
shadow-burnin-v3-r50-tsv2-logging-only-target60-stop60-exit-replay-maxwait66000-r1,M0_ALL / 6000 / -6000 / 120000,M0_ALL,6000,-6000,120000,G2_RECOVERY_AFTER_EARLY_DRAWDOWN,45000,holdout,1218,0,1181,37,36,32,1150,-693061,-569.0155993431855,-208.0,-444523,-364.96141215106735,-202.0,248538,204.05418719211823,0.0,210.44707874682473,0.0,488,119,574,0.8039538714991763,607,0.7705012155152592,24,108979,26,150968,464,393319,0,0,502298,253760,0.3005546508248092,False,True,70.4,5,17,2,0,0,0,0,1218,0,0,3,"{""cut_target"": 26, ""harmful_exit"": 93, ""neutral_exit"": 574, ""no_active_exit"": 37, ""saved_stop"": 24, ""timeout_improved"": 464}","{""no_candidate"": 17, ""none"": 1181, ""not_active_exit_eligible"": 2, ""rtp_guard_protected"": 13, ""stale_data_no_action"": 5}",False
shadow-burnin-v3-r50-tsv2-logging-only-target60-stop60-exit-replay-maxwait66000-r1,M0_ALL / 6000 / -6000 / 120000,M0_ALL,6000,-6000,120000,G3_LOW_VOL_CONTINUATION,10000,train,1219,0,1153,66,49,56,1114,-645194,-529.2813781788351,-208.0,-509693,-418.12387202625104,-202.0,135501,111.15750615258409,0.0,117.520381613183,0.0,394,126,633,0.7576923076923077,520,0.7190613812973531,27,136763,28,173530,367,293891,0,0,430654,295153,0.40294528786450373,False,True,63.7,3,42,1,1,0,0,0,1219,0,0,4,"{""cut_target"": 28, ""harmful_exit"": 98, ""neutral_exit"": 633, ""no_active_exit"": 66, ""saved_stop"": 27, ""timeout_improved"": 367}","{""candidate_after_baseline_exit"": 1, ""no_candidate"": 42, ""none"": 1153, ""not_active_exit_eligible"": 1, ""rtp_guard_protected"": 19, ""stale_data_no_action"": 3}",False
shadow-burnin-v3-r50-tsv2-logging-only-target60-stop60-exit-replay-maxwait66000-r1,M0_ALL / 6000 / -6000 / 120000,M0_ALL,6000,-6000,120000,G3_LOW_VOL_CONTINUATION,10000,validation,1219,0,1168,51,47,47,1125,-654115,-536.5996718621822,-208.0,-483912,-396.97456931911404,-202.0,170203,139.6251025430681,0.0,145.72174657534248,0.0,413,148,607,0.7361853832442068,561,0.6982000283108775,32,138345,35,206488,381,372348,0,0,510693,340490,0.40432901958711004,False,True,70.1,5,21,0,2,0,0,0,1219,0,0,3,"{""cut_target"": 35, ""harmful_exit"": 113, ""neutral_exit"": 607, ""no_active_exit"": 51, ""saved_stop"": 32, ""timeout_improved"": 381}","{""candidate_after_baseline_exit"": 2, ""no_candidate"": 21, ""none"": 1168, ""rtp_guard_protected"": 23, ""stale_data_no_action"": 5}",False
shadow-burnin-v3-r50-tsv2-logging-only-target60-stop60-exit-replay-maxwait66000-r1,M0_ALL / 6000 / -6000 / 120000,M0_ALL,6000,-6000,120000,G3_LOW_VOL_CONTINUATION,10000,holdout,1218,0,1184,34,36,32,1150,-693061,-569.0155993431855,-208.0,-468433,-384.5919540229885,-202.0,224628,184.42364532019704,0.0,189.71959459459458,0.0,486,125,573,0.795417348608838,611,0.7616323557982586,24,108979,27,157014,462,381696,0,0,490675,266047,0.31999592398226934,False,True,70.2,5,17,2,0,0,0,0,1218,0,0,3,"{""cut_target"": 27, ""harmful_exit"": 98, ""neutral_exit"": 573, ""no_active_exit"": 34, ""saved_stop"": 24, ""timeout_improved"": 462}","{""no_candidate"": 17, ""none"": 1184, ""not_active_exit_eligible"": 2, ""rtp_guard_protected"": 10, ""stale_data_no_action"": 5}",False
shadow-burnin-v3-r50-tsv2-logging-only-target60-stop60-exit-replay-maxwait66000-r1,M0_ALL / 6000 / -6000 / 120000,M0_ALL,6000,-6000,120000,G3_LOW_VOL_CONTINUATION,20000,train,1219,0,1157,62,49,56,1114,-645194,-529.2813781788351,-208.0,-534106,-438.1509433962264,-202.0,111088,91.1304347826087,0.0,96.01382886776145,0.0,393,130,634,0.751434034416826,523,0.7126511158045443,28,143127,30,185208,365,279190,0,0,422317,311229,0.43855208291401954,False,True,64.5,3,42,1,1,0,0,0,1219,0,0,4,"{""cut_target"": 30, ""harmful_exit"": 100, ""neutral_exit"": 634, ""no_active_exit"": 62, ""saved_stop"": 28, ""timeout_improved"": 365}","{""candidate_after_baseline_exit"": 1, ""no_candidate"": 42, ""none"": 1157, ""not_active_exit_eligible"": 1, ""rtp_guard_protected"": 15, ""stale_data_no_action"": 3}",False
shadow-burnin-v3-r50-tsv2-logging-only-target60-stop60-exit-replay-maxwait66000-r1,M0_ALL / 6000 / -6000 / 120000,M0_ALL,6000,-6000,120000,G3_LOW_VOL_CONTINUATION,20000,validation,1219,0,1169,50,47,47,1125,-654115,-536.5996718621822,-208.0,-480914,-394.5151763740771,-202.0,173201,142.084495488105,0.0,148.16167664670658,0.0,413,149,607,0.7348754448398577,562,0.6968768529263707,33,144260,35,206488,380,370176,0,0,514436,341235,0.4013871501994417,False,True,71.0,5,21,0,2,0,0,0,1219,0,0,3,"{""cut_target"": 35, ""harmful_exit"": 114, ""neutral_exit"": 607, ""no_active_exit"": 50, ""saved_stop"": 33, ""timeout_improved"": 380}","{""candidate_after_baseline_exit"": 2, ""no_candidate"": 21, ""none"": 1169, ""rtp_guard_protected"": 22, ""stale_data_no_action"": 5}",False
shadow-burnin-v3-r50-tsv2-logging-only-target60-stop60-exit-replay-maxwait66000-r1,M0_ALL / 6000 / -6000 / 120000,M0_ALL,6000,-6000,120000,G3_LOW_VOL_CONTINUATION,20000,holdout,1218,0,1185,33,36,32,1150,-693061,-569.0155993431855,-208.0,-463310,-380.3858784893268,-202.0,229751,188.62972085385877,0.0,193.88270042194094,0.0,488,125,572,0.7960848287112561,613,0.7623919939403281,24,108979,27,157014,464,388957,0,0,497936,268185,0.3153296809228495,False,True,70.4,5,17,2,0,0,0,0,1218,0,0,3,"{""cut_target"": 27, ""harmful_exit"": 98, ""neutral_exit"": 572, ""no_active_exit"": 33, ""saved_stop"": 24, ""timeout_improved"": 464}","{""no_candidate"": 17, ""none"": 1185, ""not_active_exit_eligible"": 2, ""rtp_guard_protected"": 9, ""stale_data_no_action"": 5}",False
shadow-burnin-v3-r50-tsv2-logging-only-target60-stop60-exit-replay-maxwait66000-r1,M0_ALL / 6000 / -6000 / 120000,M0_ALL,6000,-6000,120000,G3_LOW_VOL_CONTINUATION,30000,train,1219,0,1157,62,49,56,1114,-645194,-529.2813781788351,-208.0,-534106,-438.1509433962264,-202.0,111088,91.1304347826087,0.0,96.01382886776145,0.0,393,130,634,0.751434034416826,523,0.7126511158045443,28,143127,30,185208,365,279190,0,0,422317,311229,0.43855208291401954,False,True,64.5,3,42,1,1,0,0,0,1219,0,0,4,"{""cut_target"": 30, ""harmful_exit"": 100, ""neutral_exit"": 634, ""no_active_exit"": 62, ""saved_stop"": 28, ""timeout_improved"": 365}","{""candidate_after_baseline_exit"": 1, ""no_candidate"": 42, ""none"": 1157, ""not_active_exit_eligible"": 1, ""rtp_guard_protected"": 15, ""stale_data_no_action"": 3}",False
shadow-burnin-v3-r50-tsv2-logging-only-target60-stop60-exit-replay-maxwait66000-r1,M0_ALL / 6000 / -6000 / 120000,M0_ALL,6000,-6000,120000,G3_LOW_VOL_CONTINUATION,30000,validation,1219,0,1169,50,47,47,1125,-654115,-536.5996718621822,-208.0,-480914,-394.5151763740771,-202.0,173201,142.084495488105,0.0,148.16167664670658,0.0,413,149,607,0.7348754448398577,562,0.6968768529263707,33,144260,35,206488,380,370176,0,0,514436,341235,0.4013871501994417,False,True,71.0,5,21,0,2,0,0,0,1219,0,0,3,"{""cut_target"": 35, ""harmful_exit"": 114, ""neutral_exit"": 607, ""no_active_exit"": 50, ""saved_stop"": 33, ""timeout_improved"": 380}","{""candidate_after_baseline_exit"": 2, ""no_candidate"": 21, ""none"": 1169, ""rtp_guard_protected"": 22, ""stale_data_no_action"": 5}",False
shadow-burnin-v3-r50-tsv2-logging-only-target60-stop60-exit-replay-maxwait66000-r1,M0_ALL / 6000 / -6000 / 120000,M0_ALL,6000,-6000,120000,G3_LOW_VOL_CONTINUATION,30000,holdout,1218,0,1185,33,36,32,1150,-693061,-569.0155993431855,-208.0,-463310,-380.3858784893268,-202.0,229751,188.62972085385877,0.0,193.88270042194094,0.0,488,125,572,0.7960848287112561,613,0.7623919939403281,24,108979,27,157014,464,388957,0,0,497936,268185,0.3153296809228495,False,True,70.4,5,17,2,0,0,0,0,1218,0,0,3,"{""cut_target"": 27, ""harmful_exit"": 98, ""neutral_exit"": 572, ""no_active_exit"": 33, ""saved_stop"": 24, ""timeout_improved"": 464}","{""no_candidate"": 17, ""none"": 1185, ""not_active_exit_eligible"": 2, ""rtp_guard_protected"": 9, ""stale_data_no_action"": 5}",False
shadow-burnin-v3-r50-tsv2-logging-only-target60-stop60-exit-replay-maxwait66000-r1,M0_ALL / 6000 / -6000 / 120000,M0_ALL,6000,-6000,120000,G3_LOW_VOL_CONTINUATION,45000,train,1219,0,1157,62,49,56,1114,-645194,-529.2813781788351,-208.0,-534106,-438.1509433962264,-202.0,111088,91.1304347826087,0.0,96.01382886776145,0.0,393,130,634,0.751434034416826,523,0.7126511158045443,28,143127,30,185208,365,279190,0,0,422317,311229,0.43855208291401954,False,True,64.5,3,42,1,1,0,0,0,1219,0,0,4,"{""cut_target"": 30, ""harmful_exit"": 100, ""neutral_exit"": 634, ""no_active_exit"": 62, ""saved_stop"": 28, ""timeout_improved"": 365}","{""candidate_after_baseline_exit"": 1, ""no_candidate"": 42, ""none"": 1157, ""not_active_exit_eligible"": 1, ""rtp_guard_protected"": 15, ""stale_data_no_action"": 3}",False
shadow-burnin-v3-r50-tsv2-logging-only-target60-stop60-exit-replay-maxwait66000-r1,M0_ALL / 6000 / -6000 / 120000,M0_ALL,6000,-6000,120000,G3_LOW_VOL_CONTINUATION,45000,validation,1219,0,1169,50,47,47,1125,-654115,-536.5996718621822,-208.0,-480914,-394.5151763740771,-202.0,173201,142.084495488105,0.0,148.16167664670658,0.0,413,149,607,0.7348754448398577,562,0.6968768529263707,33,144260,35,206488,380,370176,0,0,514436,341235,0.4013871501994417,False,True,71.0,5,21,0,2,0,0,0,1219,0,0,3,"{""cut_target"": 35, ""harmful_exit"": 114, ""neutral_exit"": 607, ""no_active_exit"": 50, ""saved_stop"": 33, ""timeout_improved"": 380}","{""candidate_after_baseline_exit"": 2, ""no_candidate"": 21, ""none"": 1169, ""rtp_guard_protected"": 22, ""stale_data_no_action"": 5}",False
shadow-burnin-v3-r50-tsv2-logging-only-target60-stop60-exit-replay-maxwait66000-r1,M0_ALL / 6000 / -6000 / 120000,M0_ALL,6000,-6000,120000,G3_LOW_VOL_CONTINUATION,45000,holdout,1218,0,1185,33,36,32,1150,-693061,-569.0155993431855,-208.0,-463310,-380.3858784893268,-202.0,229751,188.62972085385877,0.0,193.88270042194094,0.0,488,125,572,0.7960848287112561,613,0.7623919939403281,24,108979,27,157014,464,388957,0,0,497936,268185,0.3153296809228495,False,True,70.4,5,17,2,0,0,0,0,1218,0,0,3,"{""cut_target"": 27, ""harmful_exit"": 98, ""neutral_exit"": 572, ""no_active_exit"": 33, ""saved_stop"": 24, ""timeout_improved"": 464}","{""no_candidate"": 17, ""none"": 1185, ""not_active_exit_eligible"": 2, ""rtp_guard_protected"": 9, ""stale_data_no_action"": 5}",False
shadow-burnin-v3-r50-tsv2-logging-only-target60-stop60-exit-replay-maxwait66000-r1,M0_ALL / 6000 / -6000 / 120000,M0_ALL,6000,-6000,120000,G4_DELAYED_DECISION_4000,10000,train,1219,0,1168,51,49,56,1114,-645194,-529.2813781788351,-208.0,-524496,-430.2674323215751,-202.0,120698,99.01394585726005,0.0,103.33732876712328,0.0,388,132,648,0.7461538461538462,520,0.7070360584143556,26,140078,32,178206,362,283930,0,0,424008,303310,0.4202892398256637,False,True,62.2,3,42,1,1,0,0,0,1219,0,0,4,"{""cut_target"": 32, ""harmful_exit"": 100, ""neutral_exit"": 648, ""no_active_exit"": 51, ""saved_stop"": 26, ""timeout_improved"": 362}","{""candidate_after_baseline_exit"": 1, ""no_candidate"": 42, ""none"": 1168, ""not_active_exit_eligible"": 1, ""rtp_delay_after_baseline_or_hold"": 4, ""stale_data_no_action"": 3}",False
shadow-burnin-v3-r50-tsv2-logging-only-target60-stop60-exit-replay-maxwait66000-r1,M0_ALL / 6000 / -6000 / 120000,M0_ALL,6000,-6000,120000,G4_DELAYED_DECISION_4000,10000,validation,1219,0,1185,34,47,47,1125,-654115,-536.5996718621822,-208.0,-510133,-418.4848236259229,-202.0,143982,118.11484823625923,0.0,121.50379746835443,0.0,401,152,632,0.7251356238698011,553,0.6864690018150076,29,130917,36,202837,372,357996,0,0,488913,344931,0.4148734028344511,False,True,66.2,5,21,0,2,0,0,0,1219,0,0,4,"{""cut_target"": 36, ""harmful_exit"": 116, ""neutral_exit"": 632, ""no_active_exit"": 34, ""saved_stop"": 29, ""timeout_improved"": 372}","{""candidate_after_baseline_exit"": 2, ""no_candidate"": 21, ""none"": 1185, ""rtp_delay_after_baseline_or_hold"": 6, ""stale_data_no_action"": 5}",False
shadow-burnin-v3-r50-tsv2-logging-only-target60-stop60-exit-replay-maxwait66000-r1,M0_ALL / 6000 / -6000 / 120000,M0_ALL,6000,-6000,120000,G4_DELAYED_DECISION_4000,10000,holdout,1218,0,1191,27,36,32,1150,-693061,-569.0155993431855,-208.0,-485098,-398.27422003284073,-202.0,207963,170.74137931034483,0.0,174.61209068010075,0.0,473,118,600,0.8003384094754653,591,0.7662161935807951,23,100703,25,145888,450,371341,0,0,472044,264081,0.30905593546364324,False,True,68.0,5,17,2,0,0,0,0,1218,0,0,3,"{""cut_target"": 25, ""harmful_exit"": 93, ""neutral_exit"": 600, ""no_active_exit"": 27, ""saved_stop"": 23, ""timeout_improved"": 450}","{""no_candidate"": 17, ""none"": 1191, ""not_active_exit_eligible"": 2, ""rtp_delay_after_baseline_or_hold"": 3, ""stale_data_no_action"": 5}",False
shadow-burnin-v3-r50-tsv2-logging-only-target60-stop60-exit-replay-maxwait66000-r1,M0_ALL / 6000 / -6000 / 120000,M0_ALL,6000,-6000,120000,G4_DELAYED_DECISION_4000,20000,train,1219,0,1168,51,49,56,1114,-645194,-529.2813781788351,-208.0,-524496,-430.2674323215751,-202.0,120698,99.01394585726005,0.0,103.33732876712328,0.0,388,132,648,0.7461538461538462,520,0.7070360584143556,26,140078,32,178206,362,283930,0,0,424008,303310,0.4202892398256637,False,True,62.2,3,42,1,1,0,0,0,1219,0,0,4,"{""cut_target"": 32, ""harmful_exit"": 100, ""neutral_exit"": 648, ""no_active_exit"": 51, ""saved_stop"": 26, ""timeout_improved"": 362}","{""candidate_after_baseline_exit"": 1, ""no_candidate"": 42, ""none"": 1168, ""not_active_exit_eligible"": 1, ""rtp_delay_after_baseline_or_hold"": 4, ""stale_data_no_action"": 3}",False
shadow-burnin-v3-r50-tsv2-logging-only-target60-stop60-exit-replay-maxwait66000-r1,M0_ALL / 6000 / -6000 / 120000,M0_ALL,6000,-6000,120000,G4_DELAYED_DECISION_4000,20000,validation,1219,0,1185,34,47,47,1125,-654115,-536.5996718621822,-208.0,-510133,-418.4848236259229,-202.0,143982,118.11484823625923,0.0,121.50379746835443,0.0,401,152,632,0.7251356238698011,553,0.6864690018150076,29,130917,36,202837,372,357996,0,0,488913,344931,0.4148734028344511,False,True,66.2,5,21,0,2,0,0,0,1219,0,0,4,"{""cut_target"": 36, ""harmful_exit"": 116, ""neutral_exit"": 632, ""no_active_exit"": 34, ""saved_stop"": 29, ""timeout_improved"": 372}","{""candidate_after_baseline_exit"": 2, ""no_candidate"": 21, ""none"": 1185, ""rtp_delay_after_baseline_or_hold"": 6, ""stale_data_no_action"": 5}",False
shadow-burnin-v3-r50-tsv2-logging-only-target60-stop60-exit-replay-maxwait66000-r1,M0_ALL / 6000 / -6000 / 120000,M0_ALL,6000,-6000,120000,G4_DELAYED_DECISION_4000,20000,holdout,1218,0,1191,27,36,32,1150,-693061,-569.0155993431855,-208.0,-485098,-398.27422003284073,-202.0,207963,170.74137931034483,0.0,174.61209068010075,0.0,473,118,600,0.8003384094754653,591,0.7662161935807951,23,100703,25,145888,450,371341,0,0,472044,264081,0.30905593546364324,False,True,68.0,5,17,2,0,0,0,0,1218,0,0,3,"{""cut_target"": 25, ""harmful_exit"": 93, ""neutral_exit"": 600, ""no_active_exit"": 27, ""saved_stop"": 23, ""timeout_improved"": 450}","{""no_candidate"": 17, ""none"": 1191, ""not_active_exit_eligible"": 2, ""rtp_delay_after_baseline_or_hold"": 3, ""stale_data_no_action"": 5}",False
shadow-burnin-v3-r50-tsv2-logging-only-target60-stop60-exit-replay-maxwait66000-r1,M0_ALL / 6000 / -6000 / 120000,M0_ALL,6000,-6000,120000,G4_DELAYED_DECISION_4000,30000,train,1219,0,1168,51,49,56,1114,-645194,-529.2813781788351,-208.0,-524496,-430.2674323215751,-202.0,120698,99.01394585726005,0.0,103.33732876712328,0.0,388,132,648,0.7461538461538462,520,0.7070360584143556,26,140078,32,178206,362,283930,0,0,424008,303310,0.4202892398256637,False,True,62.2,3,42,1,1,0,0,0,1219,0,0,4,"{""cut_target"": 32, ""harmful_exit"": 100, ""neutral_exit"": 648, ""no_active_exit"": 51, ""saved_stop"": 26, ""timeout_improved"": 362}","{""candidate_after_baseline_exit"": 1, ""no_candidate"": 42, ""none"": 1168, ""not_active_exit_eligible"": 1, ""rtp_delay_after_baseline_or_hold"": 4, ""stale_data_no_action"": 3}",False
shadow-burnin-v3-r50-tsv2-logging-only-target60-stop60-exit-replay-maxwait66000-r1,M0_ALL / 6000 / -6000 / 120000,M0_ALL,6000,-6000,120000,G4_DELAYED_DECISION_4000,30000,validation,1219,0,1185,34,47,47,1125,-654115,-536.5996718621822,-208.0,-510133,-418.4848236259229,-202.0,143982,118.11484823625923,0.0,121.50379746835443,0.0,401,152,632,0.7251356238698011,553,0.6864690018150076,29,130917,36,202837,372,357996,0,0,488913,344931,0.4148734028344511,False,True,66.2,5,21,0,2,0,0,0,1219,0,0,4,"{""cut_target"": 36, ""harmful_exit"": 116, ""neutral_exit"": 632, ""no_active_exit"": 34, ""saved_stop"": 29, ""timeout_improved"": 372}","{""candidate_after_baseline_exit"": 2, ""no_candidate"": 21, ""none"": 1185, ""rtp_delay_after_baseline_or_hold"": 6, ""stale_data_no_action"": 5}",False
shadow-burnin-v3-r50-tsv2-logging-only-target60-stop60-exit-replay-maxwait66000-r1,M0_ALL / 6000 / -6000 / 120000,M0_ALL,6000,-6000,120000,G4_DELAYED_DECISION_4000,30000,holdout,1218,0,1191,27,36,32,1150,-693061,-569.0155993431855,-208.0,-485098,-398.27422003284073,-202.0,207963,170.74137931034483,0.0,174.61209068010075,0.0,473,118,600,0.8003384094754653,591,0.7662161935807951,23,100703,25,145888,450,371341,0,0,472044,264081,0.30905593546364324,False,True,68.0,5,17,2,0,0,0,0,1218,0,0,3,"{""cut_target"": 25, ""harmful_exit"": 93, ""neutral_exit"": 600, ""no_active_exit"": 27, ""saved_stop"": 23, ""timeout_improved"": 450}","{""no_candidate"": 17, ""none"": 1191, ""not_active_exit_eligible"": 2, ""rtp_delay_after_baseline_or_hold"": 3, ""stale_data_no_action"": 5}",False
shadow-burnin-v3-r50-tsv2-logging-only-target60-stop60-exit-replay-maxwait66000-r1,M0_ALL / 6000 / -6000 / 120000,M0_ALL,6000,-6000,120000,G4_DELAYED_DECISION_4000,45000,train,1219,0,1168,51,49,56,1114,-645194,-529.2813781788351,-208.0,-524496,-430.2674323215751,-202.0,120698,99.01394585726005,0.0,103.33732876712328,0.0,388,132,648,0.7461538461538462,520,0.7070360584143556,26,140078,32,178206,362,283930,0,0,424008,303310,0.4202892398256637,False,True,62.2,3,42,1,1,0,0,0,1219,0,0,4,"{""cut_target"": 32, ""harmful_exit"": 100, ""neutral_exit"": 648, ""no_active_exit"": 51, ""saved_stop"": 26, ""timeout_improved"": 362}","{""candidate_after_baseline_exit"": 1, ""no_candidate"": 42, ""none"": 1168, ""not_active_exit_eligible"": 1, ""rtp_delay_after_baseline_or_hold"": 4, ""stale_data_no_action"": 3}",False
shadow-burnin-v3-r50-tsv2-logging-only-target60-stop60-exit-replay-maxwait66000-r1,M0_ALL / 6000 / -6000 / 120000,M0_ALL,6000,-6000,120000,G4_DELAYED_DECISION_4000,45000,validation,1219,0,1185,34,47,47,1125,-654115,-536.5996718621822,-208.0,-510133,-418.4848236259229,-202.0,143982,118.11484823625923,0.0,121.50379746835443,0.0,401,152,632,0.7251356238698011,553,0.6864690018150076,29,130917,36,202837,372,357996,0,0,488913,344931,0.4148734028344511,False,True,66.2,5,21,0,2,0,0,0,1219,0,0,4,"{""cut_target"": 36, ""harmful_exit"": 116, ""neutral_exit"": 632, ""no_active_exit"": 34, ""saved_stop"": 29, ""timeout_improved"": 372}","{""candidate_after_baseline_exit"": 2, ""no_candidate"": 21, ""none"": 1185, ""rtp_delay_after_baseline_or_hold"": 6, ""stale_data_no_action"": 5}",False
shadow-burnin-v3-r50-tsv2-logging-only-target60-stop60-exit-replay-maxwait66000-r1,M0_ALL / 6000 / -6000 / 120000,M0_ALL,6000,-6000,120000,G4_DELAYED_DECISION_4000,45000,holdout,1218,0,1191,27,36,32,1150,-693061,-569.0155993431855,-208.0,-485098,-398.27422003284073,-202.0,207963,170.74137931034483,0.0,174.61209068010075,0.0,473,118,600,0.8003384094754653,591,0.7662161935807951,23,100703,25,145888,450,371341,0,0,472044,264081,0.30905593546364324,False,True,68.0,5,17,2,0,0,0,0,1218,0,0,3,"{""cut_target"": 25, ""harmful_exit"": 93, ""neutral_exit"": 600, ""no_active_exit"": 27, ""saved_stop"": 23, ""timeout_improved"": 450}","{""no_candidate"": 17, ""none"": 1191, ""not_active_exit_eligible"": 2, ""rtp_delay_after_baseline_or_hold"": 3, ""stale_data_no_action"": 5}",False
shadow-burnin-v3-r50-tsv2-logging-only-target60-stop60-exit-replay-maxwait66000-r1,M0_ALL / 6000 / -6000 / 120000,M0_ALL,6000,-6000,120000,G5_DELAYED_DECISION_8000,10000,train,1219,0,1164,55,49,56,1114,-645194,-529.2813781788351,-208.0,-528450,-433.51107465135357,-202.0,116744,95.77030352748154,0.0,100.29553264604812,0.0,362,129,673,0.7372708757637475,491,0.6966074602481186,24,124868,31,163295,338,275753,0,0,400621,283877,0.40760469371301056,False,True,57.800000000000004,3,42,1,1,0,0,0,1219,0,0,3,"{""cut_target"": 31, ""harmful_exit"": 98, ""neutral_exit"": 673, ""no_active_exit"": 55, ""saved_stop"": 24, ""timeout_improved"": 338}","{""candidate_after_baseline_exit"": 1, ""no_candidate"": 42, ""none"": 1164, ""not_active_exit_eligible"": 1, ""rtp_delay_after_baseline_or_hold"": 8, ""stale_data_no_action"": 3}",False
shadow-burnin-v3-r50-tsv2-logging-only-target60-stop60-exit-replay-maxwait66000-r1,M0_ALL / 6000 / -6000 / 120000,M0_ALL,6000,-6000,120000,G5_DELAYED_DECISION_8000,10000,validation,1219,0,1182,37,47,47,1125,-654115,-536.5996718621822,-208.0,-526513,-431.92206726825265,-202.0,127602,104.67760459392944,0.0,107.95431472081218,0.0,383,148,651,0.7212806026365348,531,0.6816591257856112,27,120294,35,184532,356,331580,0,0,451874,324272,0.4083704749554079,False,True,62.6,5,21,0,2,0,0,0,1219,0,0,4,"{""cut_target"": 35, ""harmful_exit"": 113, ""neutral_exit"": 651, ""no_active_exit"": 37, ""saved_stop"": 27, ""timeout_improved"": 356}","{""candidate_after_baseline_exit"": 2, ""no_candidate"": 21, ""none"": 1182, ""rtp_delay_after_baseline_or_hold"": 9, ""stale_data_no_action"": 5}",False
shadow-burnin-v3-r50-tsv2-logging-only-target60-stop60-exit-replay-maxwait66000-r1,M0_ALL / 6000 / -6000 / 120000,M0_ALL,6000,-6000,120000,G5_DELAYED_DECISION_8000,10000,holdout,1218,0,1188,30,36,32,1150,-693061,-569.0155993431855,-208.0,-527131,-432.7840722495895,-202.0,165930,136.23152709359607,0.0,139.67171717171718,0.0,449,115,624,0.7960992907801419,564,0.7608975923017877,21,79045,24,135180,428,337372,0,0,416417,250487,0.32462651620851213,False,True,63.800000000000004,5,17,2,0,0,0,0,1218,0,0,3,"{""cut_target"": 24, ""harmful_exit"": 91, ""neutral_exit"": 624, ""no_active_exit"": 30, ""saved_stop"": 21, ""timeout_improved"": 428}","{""no_candidate"": 17, ""none"": 1188, ""not_active_exit_eligible"": 2, ""rtp_delay_after_baseline_or_hold"": 6, ""stale_data_no_action"": 5}",False
shadow-burnin-v3-r50-tsv2-logging-only-target60-stop60-exit-replay-maxwait66000-r1,M0_ALL / 6000 / -6000 / 120000,M0_ALL,6000,-6000,120000,G5_DELAYED_DECISION_8000,20000,train,1219,0,1164,55,49,56,1114,-645194,-529.2813781788351,-208.0,-528450,-433.51107465135357,-202.0,116744,95.77030352748154,0.0,100.29553264604812,0.0,362,129,673,0.7372708757637475,491,0.6966074602481186,24,124868,31,163295,338,275753,0,0,400621,283877,0.40760469371301056,False,True,57.800000000000004,3,42,1,1,0,0,0,1219,0,0,3,"{""cut_target"": 31, ""harmful_exit"": 98, ""neutral_exit"": 673, ""no_active_exit"": 55, ""saved_stop"": 24, ""timeout_improved"": 338}","{""candidate_after_baseline_exit"": 1, ""no_candidate"": 42, ""none"": 1164, ""not_active_exit_eligible"": 1, ""rtp_delay_after_baseline_or_hold"": 8, ""stale_data_no_action"": 3}",False
shadow-burnin-v3-r50-tsv2-logging-only-target60-stop60-exit-replay-maxwait66000-r1,M0_ALL / 6000 / -6000 / 120000,M0_ALL,6000,-6000,120000,G5_DELAYED_DECISION_8000,20000,validation,1219,0,1182,37,47,47,1125,-654115,-536.5996718621822,-208.0,-526513,-431.92206726825265,-202.0,127602,104.67760459392944,0.0,107.95431472081218,0.0,383,148,651,0.7212806026365348,531,0.6816591257856112,27,120294,35,184532,356,331580,0,0,451874,324272,0.4083704749554079,False,True,62.6,5,21,0,2,0,0,0,1219,0,0,4,"{""cut_target"": 35, ""harmful_exit"": 113, ""neutral_exit"": 651, ""no_active_exit"": 37, ""saved_stop"": 27, ""timeout_improved"": 356}","{""candidate_after_baseline_exit"": 2, ""no_candidate"": 21, ""none"": 1182, ""rtp_delay_after_baseline_or_hold"": 9, ""stale_data_no_action"": 5}",False
shadow-burnin-v3-r50-tsv2-logging-only-target60-stop60-exit-replay-maxwait66000-r1,M0_ALL / 6000 / -6000 / 120000,M0_ALL,6000,-6000,120000,G5_DELAYED_DECISION_8000,20000,holdout,1218,0,1188,30,36,32,1150,-693061,-569.0155993431855,-208.0,-527131,-432.7840722495895,-202.0,165930,136.23152709359607,0.0,139.67171717171718,0.0,449,115,624,0.7960992907801419,564,0.7608975923017877,21,79045,24,135180,428,337372,0,0,416417,250487,0.32462651620851213,False,True,63.800000000000004,5,17,2,0,0,0,0,1218,0,0,3,"{""cut_target"": 24, ""harmful_exit"": 91, ""neutral_exit"": 624, ""no_active_exit"": 30, ""saved_stop"": 21, ""timeout_improved"": 428}","{""no_candidate"": 17, ""none"": 1188, ""not_active_exit_eligible"": 2, ""rtp_delay_after_baseline_or_hold"": 6, ""stale_data_no_action"": 5}",False
shadow-burnin-v3-r50-tsv2-logging-only-target60-stop60-exit-replay-maxwait66000-r1,M0_ALL / 6000 / -6000 / 120000,M0_ALL,6000,-6000,120000,G5_DELAYED_DECISION_8000,30000,train,1219,0,1164,55,49,56,1114,-645194,-529.2813781788351,-208.0,-528450,-433.51107465135357,-202.0,116744,95.77030352748154,0.0,100.29553264604812,0.0,362,129,673,0.7372708757637475,491,0.6966074602481186,24,124868,31,163295,338,275753,0,0,400621,283877,0.40760469371301056,False,True,57.800000000000004,3,42,1,1,0,0,0,1219,0,0,3,"{""cut_target"": 31, ""harmful_exit"": 98, ""neutral_exit"": 673, ""no_active_exit"": 55, ""saved_stop"": 24, ""timeout_improved"": 338}","{""candidate_after_baseline_exit"": 1, ""no_candidate"": 42, ""none"": 1164, ""not_active_exit_eligible"": 1, ""rtp_delay_after_baseline_or_hold"": 8, ""stale_data_no_action"": 3}",False
shadow-burnin-v3-r50-tsv2-logging-only-target60-stop60-exit-replay-maxwait66000-r1,M0_ALL / 6000 / -6000 / 120000,M0_ALL,6000,-6000,120000,G5_DELAYED_DECISION_8000,30000,validation,1219,0,1182,37,47,47,1125,-654115,-536.5996718621822,-208.0,-526513,-431.92206726825265,-202.0,127602,104.67760459392944,0.0,107.95431472081218,0.0,383,148,651,0.7212806026365348,531,0.6816591257856112,27,120294,35,184532,356,331580,0,0,451874,324272,0.4083704749554079,False,True,62.6,5,21,0,2,0,0,0,1219,0,0,4,"{""cut_target"": 35, ""harmful_exit"": 113, ""neutral_exit"": 651, ""no_active_exit"": 37, ""saved_stop"": 27, ""timeout_improved"": 356}","{""candidate_after_baseline_exit"": 2, ""no_candidate"": 21, ""none"": 1182, ""rtp_delay_after_baseline_or_hold"": 9, ""stale_data_no_action"": 5}",False
shadow-burnin-v3-r50-tsv2-logging-only-target60-stop60-exit-replay-maxwait66000-r1,M0_ALL / 6000 / -6000 / 120000,M0_ALL,6000,-6000,120000,G5_DELAYED_DECISION_8000,30000,holdout,1218,0,1188,30,36,32,1150,-693061,-569.0155993431855,-208.0,-527131,-432.7840722495895,-202.0,165930,136.23152709359607,0.0,139.67171717171718,0.0,449,115,624,0.7960992907801419,564,0.7608975923017877,21,79045,24,135180,428,337372,0,0,416417,250487,0.32462651620851213,False,True,63.800000000000004,5,17,2,0,0,0,0,1218,0,0,3,"{""cut_target"": 24, ""harmful_exit"": 91, ""neutral_exit"": 624, ""no_active_exit"": 30, ""saved_stop"": 21, ""timeout_improved"": 428}","{""no_candidate"": 17, ""none"": 1188, ""not_active_exit_eligible"": 2, ""rtp_delay_after_baseline_or_hold"": 6, ""stale_data_no_action"": 5}",False
shadow-burnin-v3-r50-tsv2-logging-only-target60-stop60-exit-replay-maxwait66000-r1,M0_ALL / 6000 / -6000 / 120000,M0_ALL,6000,-6000,120000,G5_DELAYED_DECISION_8000,45000,train,1219,0,1164,55,49,56,1114,-645194,-529.2813781788351,-208.0,-528450,-433.51107465135357,-202.0,116744,95.77030352748154,0.0,100.29553264604812,0.0,362,129,673,0.7372708757637475,491,0.6966074602481186,24,124868,31,163295,338,275753,0,0,400621,283877,0.40760469371301056,False,True,57.800000000000004,3,42,1,1,0,0,0,1219,0,0,3,"{""cut_target"": 31, ""harmful_exit"": 98, ""neutral_exit"": 673, ""no_active_exit"": 55, ""saved_stop"": 24, ""timeout_improved"": 338}","{""candidate_after_baseline_exit"": 1, ""no_candidate"": 42, ""none"": 1164, ""not_active_exit_eligible"": 1, ""rtp_delay_after_baseline_or_hold"": 8, ""stale_data_no_action"": 3}",False
shadow-burnin-v3-r50-tsv2-logging-only-target60-stop60-exit-replay-maxwait66000-r1,M0_ALL / 6000 / -6000 / 120000,M0_ALL,6000,-6000,120000,G5_DELAYED_DECISION_8000,45000,validation,1219,0,1182,37,47,47,1125,-654115,-536.5996718621822,-208.0,-526513,-431.92206726825265,-202.0,127602,104.67760459392944,0.0,107.95431472081218,0.0,383,148,651,0.7212806026365348,531,0.6816591257856112,27,120294,35,184532,356,331580,0,0,451874,324272,0.4083704749554079,False,True,62.6,5,21,0,2,0,0,0,1219,0,0,4,"{""cut_target"": 35, ""harmful_exit"": 113, ""neutral_exit"": 651, ""no_active_exit"": 37, ""saved_stop"": 27, ""timeout_improved"": 356}","{""candidate_after_baseline_exit"": 2, ""no_candidate"": 21, ""none"": 1182, ""rtp_delay_after_baseline_or_hold"": 9, ""stale_data_no_action"": 5}",False
shadow-burnin-v3-r50-tsv2-logging-only-target60-stop60-exit-replay-maxwait66000-r1,M0_ALL / 6000 / -6000 / 120000,M0_ALL,6000,-6000,120000,G5_DELAYED_DECISION_8000,45000,holdout,1218,0,1188,30,36,32,1150,-693061,-569.0155993431855,-208.0,-527131,-432.7840722495895,-202.0,165930,136.23152709359607,0.0,139.67171717171718,0.0,449,115,624,0.7960992907801419,564,0.7608975923017877,21,79045,24,135180,428,337372,0,0,416417,250487,0.32462651620851213,False,True,63.800000000000004,5,17,2,0,0,0,0,1218,0,0,3,"{""cut_target"": 24, ""harmful_exit"": 91, ""neutral_exit"": 624, ""no_active_exit"": 30, ""saved_stop"": 21, ""timeout_improved"": 428}","{""no_candidate"": 17, ""none"": 1188, ""not_active_exit_eligible"": 2, ""rtp_delay_after_baseline_or_hold"": 6, ""stale_data_no_action"": 5}",False
shadow-burnin-v3-r50-tsv2-logging-only-target60-stop60-exit-replay-maxwait66000-r1,M4_CONFIRM_2_WINDOWS / 10000 / -6000 / 120000,M4_CONFIRM_2_WINDOWS,10000,-6000,120000,G0_NONE,10000,train,1219,0,1168,51,25,62,1132,-654902,-537.2452830188679,-208.0,-530752,-435.3995077932732,-202.0,124150,101.84577522559475,0.0,106.29280821917808,0.0,393,127,648,0.7557692307692307,520,0.7170547181468545,28,156692,15,148891,365,295243,0,0,451935,327785,0.32945224423866265,False,True,64.5,3,42,1,1,0,0,0,1219,0,0,3,"{""cut_target"": 15, ""harmful_exit"": 112, ""neutral_exit"": 648, ""no_active_exit"": 51, ""saved_stop"": 28, ""timeout_improved"": 365}","{""candidate_after_baseline_exit"": 1, ""mask_requires_second_consecutive_candidate"": 4, ""no_candidate"": 42, ""none"": 1168, ""not_active_exit_eligible"": 1, ""stale_data_no_action"": 3}",False
shadow-burnin-v3-r50-tsv2-logging-only-target60-stop60-exit-replay-maxwait66000-r1,M4_CONFIRM_2_WINDOWS / 10000 / -6000 / 120000,M4_CONFIRM_2_WINDOWS,10000,-6000,120000,G0_NONE,10000,validation,1219,0,1186,33,28,50,1141,-616419,-505.67596390484005,-208.0,-480210,-393.93765381460213,-202.0,136209,111.7383100902379,0.0,114.84738617200675,0.0,407,149,630,0.7320143884892086,556,0.6936992556523225,32,152573,20,192311,375,361721,0,0,514294,378085,0.3739320310950546,False,True,69.5,5,21,0,0,0,0,0,1219,0,0,3,"{""cut_target"": 20, ""harmful_exit"": 129, ""neutral_exit"": 630, ""no_active_exit"": 33, ""saved_stop"": 32, ""timeout_improved"": 375}","{""mask_requires_second_consecutive_candidate"": 7, ""no_candidate"": 21, ""none"": 1186, ""stale_data_no_action"": 5}",False
shadow-burnin-v3-r50-tsv2-logging-only-target60-stop60-exit-replay-maxwait66000-r1,M4_CONFIRM_2_WINDOWS / 10000 / -6000 / 120000,M4_CONFIRM_2_WINDOWS,10000,-6000,120000,G0_NONE,10000,holdout,1218,0,1192,26,20,32,1166,-655834,-538.4515599343185,-208.0,-476549,-391.2553366174056,-202.0,179285,147.19622331691298,0.0,150.40687919463087,0.0,476,117,599,0.8026981450252951,593,0.768763334857559,23,100444,14,139145,453,390957,0,0,491401,312116,0.2831597819296257,False,True,68.30000000000001,5,17,2,0,0,0,0,1218,0,0,3,"{""cut_target"": 14, ""harmful_exit"": 103, ""neutral_exit"": 599, ""no_active_exit"": 26, ""saved_stop"": 23, ""timeout_improved"": 453}","{""mask_requires_second_consecutive_candidate"": 2, ""no_candidate"": 17, ""none"": 1192, ""not_active_exit_eligible"": 2, ""stale_data_no_action"": 5}",False
shadow-burnin-v3-r50-tsv2-logging-only-target60-stop60-exit-replay-maxwait66000-r1,M4_CONFIRM_2_WINDOWS / 10000 / -6000 / 120000,M4_CONFIRM_2_WINDOWS,10000,-6000,120000,G0_NONE,20000,train,1219,0,1168,51,25,62,1132,-654902,-537.2452830188679,-208.0,-530752,-435.3995077932732,-202.0,124150,101.84577522559475,0.0,106.29280821917808,0.0,393,127,648,0.7557692307692307,520,0.7170547181468545,28,156692,15,148891,365,295243,0,0,451935,327785,0.32945224423866265,False,True,64.5,3,42,1,1,0,0,0,1219,0,0,3,"{""cut_target"": 15, ""harmful_exit"": 112, ""neutral_exit"": 648, ""no_active_exit"": 51, ""saved_stop"": 28, ""timeout_improved"": 365}","{""candidate_after_baseline_exit"": 1, ""mask_requires_second_consecutive_candidate"": 4, ""no_candidate"": 42, ""none"": 1168, ""not_active_exit_eligible"": 1, ""stale_data_no_action"": 3}",False
shadow-burnin-v3-r50-tsv2-logging-only-target60-stop60-exit-replay-maxwait66000-r1,M4_CONFIRM_2_WINDOWS / 10000 / -6000 / 120000,M4_CONFIRM_2_WINDOWS,10000,-6000,120000,G0_NONE,20000,validation,1219,0,1186,33,28,50,1141,-616419,-505.67596390484005,-208.0,-480210,-393.93765381460213,-202.0,136209,111.7383100902379,0.0,114.84738617200675,0.0,407,149,630,0.7320143884892086,556,0.6936992556523225,32,152573,20,192311,375,361721,0,0,514294,378085,0.3739320310950546,False,True,69.5,5,21,0,0,0,0,0,1219,0,0,3,"{""cut_target"": 20, ""harmful_exit"": 129, ""neutral_exit"": 630, ""no_active_exit"": 33, ""saved_stop"": 32, ""timeout_improved"": 375}","{""mask_requires_second_consecutive_candidate"": 7, ""no_candidate"": 21, ""none"": 1186, ""stale_data_no_action"": 5}",False
shadow-burnin-v3-r50-tsv2-logging-only-target60-stop60-exit-replay-maxwait66000-r1,M4_CONFIRM_2_WINDOWS / 10000 / -6000 / 120000,M4_CONFIRM_2_WINDOWS,10000,-6000,120000,G0_NONE,20000,holdout,1218,0,1192,26,20,32,1166,-655834,-538.4515599343185,-208.0,-476549,-391.2553366174056,-202.0,179285,147.19622331691298,0.0,150.40687919463087,0.0,476,117,599,0.8026981450252951,593,0.768763334857559,23,100444,14,139145,453,390957,0,0,491401,312116,0.2831597819296257,False,True,68.30000000000001,5,17,2,0,0,0,0,1218,0,0,3,"{""cut_target"": 14, ""harmful_exit"": 103, ""neutral_exit"": 599, ""no_active_exit"": 26, ""saved_stop"": 23, ""timeout_improved"": 453}","{""mask_requires_second_consecutive_candidate"": 2, ""no_candidate"": 17, ""none"": 1192, ""not_active_exit_eligible"": 2, ""stale_data_no_action"": 5}",False
shadow-burnin-v3-r50-tsv2-logging-only-target60-stop60-exit-replay-maxwait66000-r1,M4_CONFIRM_2_WINDOWS / 10000 / -6000 / 120000,M4_CONFIRM_2_WINDOWS,10000,-6000,120000,G0_NONE,30000,train,1219,0,1168,51,25,62,1132,-654902,-537.2452830188679,-208.0,-530752,-435.3995077932732,-202.0,124150,101.84577522559475,0.0,106.29280821917808,0.0,393,127,648,0.7557692307692307,520,0.7170547181468545,28,156692,15,148891,365,295243,0,0,451935,327785,0.32945224423866265,False,True,64.5,3,42,1,1,0,0,0,1219,0,0,3,"{""cut_target"": 15, ""harmful_exit"": 112, ""neutral_exit"": 648, ""no_active_exit"": 51, ""saved_stop"": 28, ""timeout_improved"": 365}","{""candidate_after_baseline_exit"": 1, ""mask_requires_second_consecutive_candidate"": 4, ""no_candidate"": 42, ""none"": 1168, ""not_active_exit_eligible"": 1, ""stale_data_no_action"": 3}",False
shadow-burnin-v3-r50-tsv2-logging-only-target60-stop60-exit-replay-maxwait66000-r1,M4_CONFIRM_2_WINDOWS / 10000 / -6000 / 120000,M4_CONFIRM_2_WINDOWS,10000,-6000,120000,G0_NONE,30000,validation,1219,0,1186,33,28,50,1141,-616419,-505.67596390484005,-208.0,-480210,-393.93765381460213,-202.0,136209,111.7383100902379,0.0,114.84738617200675,0.0,407,149,630,0.7320143884892086,556,0.6936992556523225,32,152573,20,192311,375,361721,0,0,514294,378085,0.3739320310950546,False,True,69.5,5,21,0,0,0,0,0,1219,0,0,3,"{""cut_target"": 20, ""harmful_exit"": 129, ""neutral_exit"": 630, ""no_active_exit"": 33, ""saved_stop"": 32, ""timeout_improved"": 375}","{""mask_requires_second_consecutive_candidate"": 7, ""no_candidate"": 21, ""none"": 1186, ""stale_data_no_action"": 5}",False
shadow-burnin-v3-r50-tsv2-logging-only-target60-stop60-exit-replay-maxwait66000-r1,M4_CONFIRM_2_WINDOWS / 10000 / -6000 / 120000,M4_CONFIRM_2_WINDOWS,10000,-6000,120000,G0_NONE,30000,holdout,1218,0,1192,26,20,32,1166,-655834,-538.4515599343185,-208.0,-476549,-391.2553366174056,-202.0,179285,147.19622331691298,0.0,150.40687919463087,0.0,476,117,599,0.8026981450252951,593,0.768763334857559,23,100444,14,139145,453,390957,0,0,491401,312116,0.2831597819296257,False,True,68.30000000000001,5,17,2,0,0,0,0,1218,0,0,3,"{""cut_target"": 14, ""harmful_exit"": 103, ""neutral_exit"": 599, ""no_active_exit"": 26, ""saved_stop"": 23, ""timeout_improved"": 453}","{""mask_requires_second_consecutive_candidate"": 2, ""no_candidate"": 17, ""none"": 1192, ""not_active_exit_eligible"": 2, ""stale_data_no_action"": 5}",False
shadow-burnin-v3-r50-tsv2-logging-only-target60-stop60-exit-replay-maxwait66000-r1,M4_CONFIRM_2_WINDOWS / 10000 / -6000 / 120000,M4_CONFIRM_2_WINDOWS,10000,-6000,120000,G0_NONE,45000,train,1219,0,1168,51,25,62,1132,-654902,-537.2452830188679,-208.0,-530752,-435.3995077932732,-202.0,124150,101.84577522559475,0.0,106.29280821917808,0.0,393,127,648,0.7557692307692307,520,0.7170547181468545,28,156692,15,148891,365,295243,0,0,451935,327785,0.32945224423866265,False,True,64.5,3,42,1,1,0,0,0,1219,0,0,3,"{""cut_target"": 15, ""harmful_exit"": 112, ""neutral_exit"": 648, ""no_active_exit"": 51, ""saved_stop"": 28, ""timeout_improved"": 365}","{""candidate_after_baseline_exit"": 1, ""mask_requires_second_consecutive_candidate"": 4, ""no_candidate"": 42, ""none"": 1168, ""not_active_exit_eligible"": 1, ""stale_data_no_action"": 3}",False
shadow-burnin-v3-r50-tsv2-logging-only-target60-stop60-exit-replay-maxwait66000-r1,M4_CONFIRM_2_WINDOWS / 10000 / -6000 / 120000,M4_CONFIRM_2_WINDOWS,10000,-6000,120000,G0_NONE,45000,validation,1219,0,1186,33,28,50,1141,-616419,-505.67596390484005,-208.0,-480210,-393.93765381460213,-202.0,136209,111.7383100902379,0.0,114.84738617200675,0.0,407,149,630,0.7320143884892086,556,0.6936992556523225,32,152573,20,192311,375,361721,0,0,514294,378085,0.3739320310950546,False,True,69.5,5,21,0,0,0,0,0,1219,0,0,3,"{""cut_target"": 20, ""harmful_exit"": 129, ""neutral_exit"": 630, ""no_active_exit"": 33, ""saved_stop"": 32, ""timeout_improved"": 375}","{""mask_requires_second_consecutive_candidate"": 7, ""no_candidate"": 21, ""none"": 1186, ""stale_data_no_action"": 5}",False
shadow-burnin-v3-r50-tsv2-logging-only-target60-stop60-exit-replay-maxwait66000-r1,M4_CONFIRM_2_WINDOWS / 10000 / -6000 / 120000,M4_CONFIRM_2_WINDOWS,10000,-6000,120000,G0_NONE,45000,holdout,1218,0,1192,26,20,32,1166,-655834,-538.4515599343185,-208.0,-476549,-391.2553366174056,-202.0,179285,147.19622331691298,0.0,150.40687919463087,0.0,476,117,599,0.8026981450252951,593,0.768763334857559,23,100444,14,139145,453,390957,0,0,491401,312116,0.2831597819296257,False,True,68.30000000000001,5,17,2,0,0,0,0,1218,0,0,3,"{""cut_target"": 14, ""harmful_exit"": 103, ""neutral_exit"": 599, ""no_active_exit"": 26, ""saved_stop"": 23, ""timeout_improved"": 453}","{""mask_requires_second_consecutive_candidate"": 2, ""no_candidate"": 17, ""none"": 1192, ""not_active_exit_eligible"": 2, ""stale_data_no_action"": 5}",False
shadow-burnin-v3-r50-tsv2-logging-only-target60-stop60-exit-replay-maxwait66000-r1,M4_CONFIRM_2_WINDOWS / 10000 / -6000 / 120000,M4_CONFIRM_2_WINDOWS,10000,-6000,120000,G1_STEADY_EARLY_STRENGTH,10000,train,1219,0,1128,91,25,62,1132,-654902,-537.2452830188679,-208.0,-549288,-450.60541427399505,-202.0,105614,86.63986874487284,0.0,93.62943262411348,0.0,371,110,647,0.7713097713097713,481,0.7317143411514532,22,111288,13,134639,349,262167,0,0,373455,267841,0.3605226868029615,False,True,56.9,3,42,1,1,0,0,0,1219,0,0,2,"{""cut_target"": 13, ""harmful_exit"": 97, ""neutral_exit"": 647, ""no_active_exit"": 91, ""saved_stop"": 22, ""timeout_improved"": 349}","{""candidate_after_baseline_exit"": 1, ""mask_requires_second_consecutive_candidate"": 4, ""no_candidate"": 42, ""none"": 1128, ""not_active_exit_eligible"": 1, ""rtp_guard_protected"": 40, ""stale_data_no_action"": 3}",False
shadow-burnin-v3-r50-tsv2-logging-only-target60-stop60-exit-replay-maxwait66000-r1,M4_CONFIRM_2_WINDOWS / 10000 / -6000 / 120000,M4_CONFIRM_2_WINDOWS,10000,-6000,120000,G1_STEADY_EARLY_STRENGTH,10000,validation,1219,0,1128,91,28,50,1141,-616419,-505.67596390484005,-208.0,-484591,-397.5315832649713,-202.0,131828,108.14438063986874,0.0,116.86879432624113,0.0,372,128,628,0.744,500,0.7039870300464813,23,95252,11,118570,349,312790,0,0,408042,276214,0.2905828321594346,False,True,57.9,5,21,0,0,0,0,0,1219,0,0,3,"{""cut_target"": 11, ""harmful_exit"": 117, ""neutral_exit"": 628, ""no_active_exit"": 91, ""saved_stop"": 23, ""timeout_improved"": 349}","{""mask_requires_second_consecutive_candidate"": 7, ""no_candidate"": 21, ""none"": 1128, ""rtp_guard_protected"": 58, ""stale_data_no_action"": 5}",False
shadow-burnin-v3-r50-tsv2-logging-only-target60-stop60-exit-replay-maxwait66000-r1,M4_CONFIRM_2_WINDOWS / 10000 / -6000 / 120000,M4_CONFIRM_2_WINDOWS,10000,-6000,120000,G1_STEADY_EARLY_STRENGTH,10000,holdout,1218,0,1140,78,20,32,1166,-655834,-538.4515599343185,-208.0,-516700,-424.2200328407225,-202.0,139134,114.23152709359606,0.0,122.04736842105264,0.0,442,101,597,0.8139963167587477,543,0.7791031472933924,18,69650,10,105626,424,316681,0,0,386331,247197,0.2734080361141094,False,True,60.400000000000006,5,17,2,0,0,0,0,1218,0,0,3,"{""cut_target"": 10, ""harmful_exit"": 91, ""neutral_exit"": 597, ""no_active_exit"": 78, ""saved_stop"": 18, ""timeout_improved"": 424}","{""mask_requires_second_consecutive_candidate"": 2, ""no_candidate"": 17, ""none"": 1140, ""not_active_exit_eligible"": 2, ""rtp_guard_protected"": 52, ""stale_data_no_action"": 5}",False
shadow-burnin-v3-r50-tsv2-logging-only-target60-stop60-exit-replay-maxwait66000-r1,M4_CONFIRM_2_WINDOWS / 10000 / -6000 / 120000,M4_CONFIRM_2_WINDOWS,10000,-6000,120000,G1_STEADY_EARLY_STRENGTH,20000,train,1219,0,1117,102,25,62,1132,-654902,-537.2452830188679,-208.0,-574295,-471.1197703035275,-202.0,80607,66.12551271534045,0.0,72.16383169203223,0.0,363,107,647,0.7723404255319148,470,0.7323126598039063,17,77148,11,116121,346,252201,0,0,329349,248742,0.3525773571500141,False,True,51.6,3,42,1,1,0,0,0,1219,0,0,2,"{""cut_target"": 11, ""harmful_exit"": 96, ""neutral_exit"": 647, ""no_active_exit"": 102, ""saved_stop"": 17, ""timeout_improved"": 346}","{""candidate_after_baseline_exit"": 1, ""mask_requires_second_consecutive_candidate"": 4, ""no_candidate"": 42, ""none"": 1117, ""not_active_exit_eligible"": 1, ""rtp_guard_protected"": 51, ""stale_data_no_action"": 3}",False
shadow-burnin-v3-r50-tsv2-logging-only-target60-stop60-exit-replay-maxwait66000-r1,M4_CONFIRM_2_WINDOWS / 10000 / -6000 / 120000,M4_CONFIRM_2_WINDOWS,10000,-6000,120000,G1_STEADY_EARLY_STRENGTH,20000,validation,1219,0,1126,93,28,50,1141,-616419,-505.67596390484005,-208.0,-483195,-396.3863822805578,-202.0,133224,109.28958162428219,0.0,118.31616341030195,0.0,371,127,628,0.7449799196787149,498,0.704923538675545,24,98946,11,119753,347,309095,0,0,408041,274817,0.29348276276158525,False,True,58.7,5,21,0,0,0,0,0,1219,0,0,3,"{""cut_target"": 11, ""harmful_exit"": 116, ""neutral_exit"": 628, ""no_active_exit"": 93, ""saved_stop"": 24, ""timeout_improved"": 347}","{""mask_requires_second_consecutive_candidate"": 7, ""no_candidate"": 21, ""none"": 1126, ""rtp_guard_protected"": 60, ""stale_data_no_action"": 5}",False
shadow-burnin-v3-r50-tsv2-logging-only-target60-stop60-exit-replay-maxwait66000-r1,M4_CONFIRM_2_WINDOWS / 10000 / -6000 / 120000,M4_CONFIRM_2_WINDOWS,10000,-6000,120000,G1_STEADY_EARLY_STRENGTH,20000,holdout,1218,0,1135,83,20,32,1166,-655834,-538.4515599343185,-208.0,-546814,-448.944170771757,-202.0,109020,89.50738916256158,0.0,96.05286343612335,0.0,436,103,596,0.8089053803339518,539,0.7735733814954368,19,75329,11,114710,417,292760,0,0,368089,259069,0.3116365878904287,False,True,60.7,5,17,2,0,0,0,0,1218,0,0,3,"{""cut_target"": 11, ""harmful_exit"": 92, ""neutral_exit"": 596, ""no_active_exit"": 83, ""saved_stop"": 19, ""timeout_improved"": 417}","{""mask_requires_second_consecutive_candidate"": 2, ""no_candidate"": 17, ""none"": 1135, ""not_active_exit_eligible"": 2, ""rtp_guard_protected"": 57, ""stale_data_no_action"": 5}",False
shadow-burnin-v3-r50-tsv2-logging-only-target60-stop60-exit-replay-maxwait66000-r1,M4_CONFIRM_2_WINDOWS / 10000 / -6000 / 120000,M4_CONFIRM_2_WINDOWS,10000,-6000,120000,G1_STEADY_EARLY_STRENGTH,30000,train,1219,0,1121,98,25,62,1132,-654902,-537.2452830188679,-208.0,-560509,-459.81050041017227,-202.0,94393,77.43478260869566,0.0,84.2042818911686,0.0,367,107,647,0.7742616033755274,474,0.7345073843192937,18,81801,11,116121,349,256019,0,0,337820,243427,0.34373630927712984,False,True,52.9,3,42,1,1,0,0,0,1219,0,0,2,"{""cut_target"": 11, ""harmful_exit"": 96, ""neutral_exit"": 647, ""no_active_exit"": 98, ""saved_stop"": 18, ""timeout_improved"": 349}","{""candidate_after_baseline_exit"": 1, ""mask_requires_second_consecutive_candidate"": 4, ""no_candidate"": 42, ""none"": 1121, ""not_active_exit_eligible"": 1, ""rtp_guard_protected"": 47, ""stale_data_no_action"": 3}",False
shadow-burnin-v3-r50-tsv2-logging-only-target60-stop60-exit-replay-maxwait66000-r1,M4_CONFIRM_2_WINDOWS / 10000 / -6000 / 120000,M4_CONFIRM_2_WINDOWS,10000,-6000,120000,G1_STEADY_EARLY_STRENGTH,30000,validation,1219,0,1133,86,28,50,1141,-616419,-505.67596390484005,-208.0,-481978,-395.38802296964724,-202.0,134441,110.28794093519278,0.0,118.65931156222419,0.0,375,129,629,0.7440476190476191,504,0.7042021443589751,26,107693,12,129156,349,311503,0,0,419196,284755,0.3081040849626428,False,True,60.9,5,21,0,0,0,0,0,1219,0,0,3,"{""cut_target"": 12, ""harmful_exit"": 117, ""neutral_exit"": 629, ""no_active_exit"": 86, ""saved_stop"": 26, ""timeout_improved"": 349}","{""mask_requires_second_consecutive_candidate"": 7, ""no_candidate"": 21, ""none"": 1133, ""rtp_guard_protected"": 53, ""stale_data_no_action"": 5}",False
shadow-burnin-v3-r50-tsv2-logging-only-target60-stop60-exit-replay-maxwait66000-r1,M4_CONFIRM_2_WINDOWS / 10000 / -6000 / 120000,M4_CONFIRM_2_WINDOWS,10000,-6000,120000,G1_STEADY_EARLY_STRENGTH,30000,holdout,1218,0,1135,83,20,32,1166,-655834,-538.4515599343185,-208.0,-548248,-450.1215106732348,-202.0,107586,88.33004926108374,0.0,94.78942731277533,0.0,436,103,596,0.8089053803339518,539,0.7735733814954368,20,78938,11,114710,416,287717,0,0,366655,259069,0.31285540903574205,False,True,61.6,5,17,2,0,0,0,0,1218,0,0,3,"{""cut_target"": 11, ""harmful_exit"": 92, ""neutral_exit"": 596, ""no_active_exit"": 83, ""saved_stop"": 20, ""timeout_improved"": 416}","{""mask_requires_second_consecutive_candidate"": 2, ""no_candidate"": 17, ""none"": 1135, ""not_active_exit_eligible"": 2, ""rtp_guard_protected"": 57, ""stale_data_no_action"": 5}",False
shadow-burnin-v3-r50-tsv2-logging-only-target60-stop60-exit-replay-maxwait66000-r1,M4_CONFIRM_2_WINDOWS / 10000 / -6000 / 120000,M4_CONFIRM_2_WINDOWS,10000,-6000,120000,G1_STEADY_EARLY_STRENGTH,45000,train,1219,0,1124,95,25,62,1132,-654902,-537.2452830188679,-208.0,-557575,-457.4036095159967,-202.0,97327,79.8416735028712,0.0,86.58985765124555,0.0,368,108,648,0.773109243697479,476,0.7333852613249584,19,86850,11,116121,349,256019,0,0,342869,245542,0.3386745375055779,False,True,53.9,3,42,1,1,0,0,0,1219,0,0,2,"{""cut_target"": 11, ""harmful_exit"": 97, ""neutral_exit"": 648, ""no_active_exit"": 95, ""saved_stop"": 19, ""timeout_improved"": 349}","{""candidate_after_baseline_exit"": 1, ""mask_requires_second_consecutive_candidate"": 4, ""no_candidate"": 42, ""none"": 1124, ""not_active_exit_eligible"": 1, ""rtp_guard_protected"": 44, ""stale_data_no_action"": 3}",False
shadow-burnin-v3-r50-tsv2-logging-only-target60-stop60-exit-replay-maxwait66000-r1,M4_CONFIRM_2_WINDOWS / 10000 / -6000 / 120000,M4_CONFIRM_2_WINDOWS,10000,-6000,120000,G1_STEADY_EARLY_STRENGTH,45000,validation,1219,0,1135,84,28,50,1141,-616419,-505.67596390484005,-208.0,-469700,-385.3158326497129,-202.0,146719,120.36013125512716,0.0,129.26784140969164,0.0,378,128,629,0.7470355731225297,506,0.7073945463999985,26,107693,11,119753,352,314378,0,0,422071,275352,0.2837271454328774,False,True,61.2,5,21,0,0,0,0,0,1219,0,0,3,"{""cut_target"": 11, ""harmful_exit"": 117, ""neutral_exit"": 629, ""no_active_exit"": 84, ""saved_stop"": 26, ""timeout_improved"": 352}","{""mask_requires_second_consecutive_candidate"": 7, ""no_candidate"": 21, ""none"": 1135, ""rtp_guard_protected"": 51, ""stale_data_no_action"": 5}",False
shadow-burnin-v3-r50-tsv2-logging-only-target60-stop60-exit-replay-maxwait66000-r1,M4_CONFIRM_2_WINDOWS / 10000 / -6000 / 120000,M4_CONFIRM_2_WINDOWS,10000,-6000,120000,G1_STEADY_EARLY_STRENGTH,45000,holdout,1218,0,1137,81,20,32,1166,-655834,-538.4515599343185,-208.0,-548010,-449.9261083743842,-202.0,107824,88.52545155993433,0.0,94.83201407211962,0.0,437,103,597,0.8092592592592592,540,0.7739825744711868,20,78938,11,114710,417,287955,0,0,366893,259069,0.3126524627071108,False,True,61.7,5,17,2,0,0,0,0,1218,0,0,3,"{""cut_target"": 11, ""harmful_exit"": 92, ""neutral_exit"": 597, ""no_active_exit"": 81, ""saved_stop"": 20, ""timeout_improved"": 417}","{""mask_requires_second_consecutive_candidate"": 2, ""no_candidate"": 17, ""none"": 1137, ""not_active_exit_eligible"": 2, ""rtp_guard_protected"": 55, ""stale_data_no_action"": 5}",False
shadow-burnin-v3-r50-tsv2-logging-only-target60-stop60-exit-replay-maxwait66000-r1,M4_CONFIRM_2_WINDOWS / 10000 / -6000 / 120000,M4_CONFIRM_2_WINDOWS,10000,-6000,120000,G2_RECOVERY_AFTER_EARLY_DRAWDOWN,10000,train,1219,0,1164,55,25,62,1132,-654902,-537.2452830188679,-208.0,-529601,-434.45529122231335,-202.0,125301,102.78999179655456,0.0,107.64690721649484,0.0,390,126,648,0.7558139534883721,516,0.7169451187797483,28,156692,14,140322,362,287825,0,0,444517,319216,0.3156729663882371,False,True,64.2,3,42,1,1,0,0,0,1219,0,0,3,"{""cut_target"": 14, ""harmful_exit"": 112, ""neutral_exit"": 648, ""no_active_exit"": 55, ""saved_stop"": 28, ""timeout_improved"": 362}","{""candidate_after_baseline_exit"": 1, ""mask_requires_second_consecutive_candidate"": 4, ""no_candidate"": 42, ""none"": 1164, ""not_active_exit_eligible"": 1, ""rtp_guard_protected"": 4, ""stale_data_no_action"": 3}",False
shadow-burnin-v3-r50-tsv2-logging-only-target60-stop60-exit-replay-maxwait66000-r1,M4_CONFIRM_2_WINDOWS / 10000 / -6000 / 120000,M4_CONFIRM_2_WINDOWS,10000,-6000,120000,G2_RECOVERY_AFTER_EARLY_DRAWDOWN,10000,validation,1219,0,1177,42,28,50,1141,-616419,-505.67596390484005,-208.0,-478776,-392.76127973748976,-202.0,137643,112.91468416735029,0.0,116.94392523364486,0.0,401,146,630,0.7330895795246801,547,0.6944883813159648,30,141606,19,180396,371,358955,0,0,500561,362918,0.3603876450622402,False,True,67.1,5,21,0,0,0,0,0,1219,0,0,3,"{""cut_target"": 19, ""harmful_exit"": 127, ""neutral_exit"": 630, ""no_active_exit"": 42, ""saved_stop"": 30, ""timeout_improved"": 371}","{""mask_requires_second_consecutive_candidate"": 7, ""no_candidate"": 21, ""none"": 1177, ""rtp_guard_protected"": 9, ""stale_data_no_action"": 5}",False
shadow-burnin-v3-r50-tsv2-logging-only-target60-stop60-exit-replay-maxwait66000-r1,M4_CONFIRM_2_WINDOWS / 10000 / -6000 / 120000,M4_CONFIRM_2_WINDOWS,10000,-6000,120000,G2_RECOVERY_AFTER_EARLY_DRAWDOWN,10000,holdout,1218,0,1183,35,20,32,1166,-655834,-538.4515599343185,-208.0,-458481,-376.42118226600985,-202.0,197353,162.03037766830872,0.0,166.82417582417582,0.0,471,113,599,0.8065068493150684,584,0.7725070077820777,23,100444,12,118776,448,384254,0,0,484698,287345,0.24505155787727617,True,True,67.80000000000001,5,17,2,0,0,0,0,1218,0,0,3,"{""cut_target"": 12, ""harmful_exit"": 101, ""neutral_exit"": 599, ""no_active_exit"": 35, ""saved_stop"": 23, ""timeout_improved"": 448}","{""mask_requires_second_consecutive_candidate"": 2, ""no_candidate"": 17, ""none"": 1183, ""not_active_exit_eligible"": 2, ""rtp_guard_protected"": 9, ""stale_data_no_action"": 5}",False
shadow-burnin-v3-r50-tsv2-logging-only-target60-stop60-exit-replay-maxwait66000-r1,M4_CONFIRM_2_WINDOWS / 10000 / -6000 / 120000,M4_CONFIRM_2_WINDOWS,10000,-6000,120000,G2_RECOVERY_AFTER_EARLY_DRAWDOWN,20000,train,1219,0,1155,64,25,62,1132,-654902,-537.2452830188679,-208.0,-525970,-431.4766201804758,-202.0,128932,105.76866283839213,0.0,111.62943722943723,0.0,387,120,648,0.7633136094674556,507,0.7244214116501944,25,136275,12,123724,362,285590,0,0,421865,292933,0.29327865549405613,False,True,61.2,3,42,1,1,0,0,0,1219,0,0,3,"{""cut_target"": 12, ""harmful_exit"": 108, ""neutral_exit"": 648, ""no_active_exit"": 64, ""saved_stop"": 25, ""timeout_improved"": 362}","{""candidate_after_baseline_exit"": 1, ""mask_requires_second_consecutive_candidate"": 4, ""no_candidate"": 42, ""none"": 1155, ""not_active_exit_eligible"": 1, ""rtp_guard_protected"": 13, ""stale_data_no_action"": 3}",False
shadow-burnin-v3-r50-tsv2-logging-only-target60-stop60-exit-replay-maxwait66000-r1,M4_CONFIRM_2_WINDOWS / 10000 / -6000 / 120000,M4_CONFIRM_2_WINDOWS,10000,-6000,120000,G2_RECOVERY_AFTER_EARLY_DRAWDOWN,20000,validation,1219,0,1164,55,28,50,1141,-616419,-505.67596390484005,-208.0,-457129,-375.0032813781788,-202.0,159290,130.6726825266612,0.0,136.84707903780068,0.0,397,137,630,0.7434456928838952,534,0.7047567305710106,30,138251,16,153937,367,347540,0,0,485791,326501,0.3168790693940398,False,True,66.7,5,21,0,0,0,0,0,1219,0,0,3,"{""cut_target"": 16, ""harmful_exit"": 121, ""neutral_exit"": 630, ""no_active_exit"": 55, ""saved_stop"": 30, ""timeout_improved"": 367}","{""mask_requires_second_consecutive_candidate"": 7, ""no_candidate"": 21, ""none"": 1164, ""rtp_guard_protected"": 22, ""stale_data_no_action"": 5}",False
shadow-burnin-v3-r50-tsv2-logging-only-target60-stop60-exit-replay-maxwait66000-r1,M4_CONFIRM_2_WINDOWS / 10000 / -6000 / 120000,M4_CONFIRM_2_WINDOWS,10000,-6000,120000,G2_RECOVERY_AFTER_EARLY_DRAWDOWN,20000,holdout,1218,0,1174,44,20,32,1166,-655834,-538.4515599343185,-208.0,-465484,-382.17077175697864,-202.0,190350,156.2807881773399,0.0,162.13798977853492,0.0,467,108,599,0.8121739130434783,575,0.7782169627877087,23,100444,12,119838,444,371577,0,0,472021,281671,0.25388277216479777,False,True,67.4,5,17,2,0,0,0,0,1218,0,0,3,"{""cut_target"": 12, ""harmful_exit"": 96, ""neutral_exit"": 599, ""no_active_exit"": 44, ""saved_stop"": 23, ""timeout_improved"": 444}","{""mask_requires_second_consecutive_candidate"": 2, ""no_candidate"": 17, ""none"": 1174, ""not_active_exit_eligible"": 2, ""rtp_guard_protected"": 18, ""stale_data_no_action"": 5}",False
shadow-burnin-v3-r50-tsv2-logging-only-target60-stop60-exit-replay-maxwait66000-r1,M4_CONFIRM_2_WINDOWS / 10000 / -6000 / 120000,M4_CONFIRM_2_WINDOWS,10000,-6000,120000,G2_RECOVERY_AFTER_EARLY_DRAWDOWN,30000,train,1219,0,1150,69,25,62,1132,-654902,-537.2452830188679,-208.0,-531664,-436.1476620180476,-202.0,123238,101.09762100082034,0.0,107.16347826086957,0.0,384,118,648,0.7649402390438247,502,0.7259210002277242,25,136275,12,123724,359,277421,0,0,413696,290458,0.29906984839108913,False,True,60.9,3,42,1,1,0,0,0,1219,0,0,3,"{""cut_target"": 12, ""harmful_exit"": 106, ""neutral_exit"": 648, ""no_active_exit"": 69, ""saved_stop"": 25, ""timeout_improved"": 359}","{""candidate_after_baseline_exit"": 1, ""mask_requires_second_consecutive_candidate"": 4, ""no_candidate"": 42, ""none"": 1150, ""not_active_exit_eligible"": 1, ""rtp_guard_protected"": 18, ""stale_data_no_action"": 3}",False
shadow-burnin-v3-r50-tsv2-logging-only-target60-stop60-exit-replay-maxwait66000-r1,M4_CONFIRM_2_WINDOWS / 10000 / -6000 / 120000,M4_CONFIRM_2_WINDOWS,10000,-6000,120000,G2_RECOVERY_AFTER_EARLY_DRAWDOWN,30000,validation,1219,0,1163,56,28,50,1141,-616419,-505.67596390484005,-208.0,-452857,-371.4987694831829,-202.0,163562,134.1771944216571,0.0,140.63800515907135,0.0,396,137,630,0.7429643527204502,533,0.70421864080625,31,144079,16,153937,365,345405,0,0,489484,325922,0.3144883183107109,False,True,67.5,5,21,0,0,0,0,0,1219,0,0,3,"{""cut_target"": 16, ""harmful_exit"": 121, ""neutral_exit"": 630, ""no_active_exit"": 56, ""saved_stop"": 31, ""timeout_improved"": 365}","{""mask_requires_second_consecutive_candidate"": 7, ""no_candidate"": 21, ""none"": 1163, ""rtp_guard_protected"": 23, ""stale_data_no_action"": 5}",False
shadow-burnin-v3-r50-tsv2-logging-only-target60-stop60-exit-replay-maxwait66000-r1,M4_CONFIRM_2_WINDOWS / 10000 / -6000 / 120000,M4_CONFIRM_2_WINDOWS,10000,-6000,120000,G2_RECOVERY_AFTER_EARLY_DRAWDOWN,30000,holdout,1218,0,1177,41,20,32,1166,-655834,-538.4515599343185,-208.0,-475418,-390.32676518883414,-202.0,180416,148.1247947454844,0.0,153.28462192013595,0.0,468,110,599,0.8096885813148789,578,0.775682404188999,23,100444,13,130061,445,372238,0,0,472682,292266,0.2751553898815694,False,True,67.5,5,17,2,0,0,0,0,1218,0,0,3,"{""cut_target"": 13, ""harmful_exit"": 97, ""neutral_exit"": 599, ""no_active_exit"": 41, ""saved_stop"": 23, ""timeout_improved"": 445}","{""mask_requires_second_consecutive_candidate"": 2, ""no_candidate"": 17, ""none"": 1177, ""not_active_exit_eligible"": 2, ""rtp_guard_protected"": 15, ""stale_data_no_action"": 5}",False
shadow-burnin-v3-r50-tsv2-logging-only-target60-stop60-exit-replay-maxwait66000-r1,M4_CONFIRM_2_WINDOWS / 10000 / -6000 / 120000,M4_CONFIRM_2_WINDOWS,10000,-6000,120000,G2_RECOVERY_AFTER_EARLY_DRAWDOWN,45000,train,1219,0,1148,71,25,62,1132,-654902,-537.2452830188679,-208.0,-544954,-447.0500410172272,-202.0,109948,90.1952420016407,0.0,95.77351916376307,0.0,382,118,648,0.764,500,0.7248556437078593,24,129860,13,133972,358,277395,0,0,407255,297307,0.32896342586340255,False,True,59.800000000000004,3,42,1,1,0,0,0,1219,0,0,3,"{""cut_target"": 13, ""harmful_exit"": 105, ""neutral_exit"": 648, ""no_active_exit"": 71, ""saved_stop"": 24, ""timeout_improved"": 358}","{""candidate_after_baseline_exit"": 1, ""mask_requires_second_consecutive_candidate"": 4, ""no_candidate"": 42, ""none"": 1148, ""not_active_exit_eligible"": 1, ""rtp_guard_protected"": 20, ""stale_data_no_action"": 3}",False
shadow-burnin-v3-r50-tsv2-logging-only-target60-stop60-exit-replay-maxwait66000-r1,M4_CONFIRM_2_WINDOWS / 10000 / -6000 / 120000,M4_CONFIRM_2_WINDOWS,10000,-6000,120000,G2_RECOVERY_AFTER_EARLY_DRAWDOWN,45000,validation,1219,0,1163,56,28,50,1141,-616419,-505.67596390484005,-208.0,-466407,-382.6144380639869,-202.0,150012,123.06152584085316,0.0,128.9871023215821,0.0,395,138,630,0.7410881801125704,533,0.7022688230806349,31,144079,17,164071,364,342298,0,0,486377,336365,0.3373329742154748,False,True,67.4,5,21,0,0,0,0,0,1219,0,0,3,"{""cut_target"": 17, ""harmful_exit"": 121, ""neutral_exit"": 630, ""no_active_exit"": 56, ""saved_stop"": 31, ""timeout_improved"": 364}","{""mask_requires_second_consecutive_candidate"": 7, ""no_candidate"": 21, ""none"": 1163, ""rtp_guard_protected"": 23, ""stale_data_no_action"": 5}",False
shadow-burnin-v3-r50-tsv2-logging-only-target60-stop60-exit-replay-maxwait66000-r1,M4_CONFIRM_2_WINDOWS / 10000 / -6000 / 120000,M4_CONFIRM_2_WINDOWS,10000,-6000,120000,G2_RECOVERY_AFTER_EARLY_DRAWDOWN,45000,holdout,1218,0,1176,42,20,32,1166,-655834,-538.4515599343185,-208.0,-473193,-388.5,-202.0,182641,149.95155993431857,0.0,155.30697278911563,0.0,468,109,599,0.8110918544194108,577,0.7771348428237472,23,100444,13,130061,445,374151,0,0,474595,291954,0.2740462921016867,False,True,67.5,5,17,2,0,0,0,0,1218,0,0,3,"{""cut_target"": 13, ""harmful_exit"": 96, ""neutral_exit"": 599, ""no_active_exit"": 42, ""saved_stop"": 23, ""timeout_improved"": 445}","{""mask_requires_second_consecutive_candidate"": 2, ""no_candidate"": 17, ""none"": 1176, ""not_active_exit_eligible"": 2, ""rtp_guard_protected"": 16, ""stale_data_no_action"": 5}",False
shadow-burnin-v3-r50-tsv2-logging-only-target60-stop60-exit-replay-maxwait66000-r1,M4_CONFIRM_2_WINDOWS / 10000 / -6000 / 120000,M4_CONFIRM_2_WINDOWS,10000,-6000,120000,G3_LOW_VOL_CONTINUATION,10000,train,1219,0,1149,70,25,62,1132,-654902,-537.2452830188679,-208.0,-524745,-430.47169811320754,-202.0,130157,106.77358490566037,0.0,113.27850304612707,0.0,382,121,646,0.7594433399602386,503,0.7202142957066635,25,137055,13,129876,357,283318,0,0,420373,290216,0.30895419068303626,False,True,60.7,3,42,1,1,0,0,0,1219,0,0,3,"{""cut_target"": 13, ""harmful_exit"": 108, ""neutral_exit"": 646, ""no_active_exit"": 70, ""saved_stop"": 25, ""timeout_improved"": 357}","{""candidate_after_baseline_exit"": 1, ""mask_requires_second_consecutive_candidate"": 4, ""no_candidate"": 42, ""none"": 1149, ""not_active_exit_eligible"": 1, ""rtp_guard_protected"": 19, ""stale_data_no_action"": 3}",False
shadow-burnin-v3-r50-tsv2-logging-only-target60-stop60-exit-replay-maxwait66000-r1,M4_CONFIRM_2_WINDOWS / 10000 / -6000 / 120000,M4_CONFIRM_2_WINDOWS,10000,-6000,120000,G3_LOW_VOL_CONTINUATION,10000,validation,1219,0,1164,55,28,50,1141,-616419,-505.67596390484005,-208.0,-473410,-388.35931091058245,-202.0,143009,117.3166529942576,0.0,122.85996563573883,0.0,397,139,628,0.7406716417910447,536,0.7019491121723489,32,152573,19,183506,365,344739,0,0,497312,354303,0.3689957209960749,False,True,68.5,5,21,0,0,0,0,0,1219,0,0,3,"{""cut_target"": 19, ""harmful_exit"": 120, ""neutral_exit"": 628, ""no_active_exit"": 55, ""saved_stop"": 32, ""timeout_improved"": 365}","{""mask_requires_second_consecutive_candidate"": 7, ""no_candidate"": 21, ""none"": 1164, ""rtp_guard_protected"": 22, ""stale_data_no_action"": 5}",False
shadow-burnin-v3-r50-tsv2-logging-only-target60-stop60-exit-replay-maxwait66000-r1,M4_CONFIRM_2_WINDOWS / 10000 / -6000 / 120000,M4_CONFIRM_2_WINDOWS,10000,-6000,120000,G3_LOW_VOL_CONTINUATION,10000,holdout,1218,0,1182,36,20,32,1166,-655834,-538.4515599343185,-208.0,-488502,-401.0689655172414,-202.0,167332,137.38259441707717,0.0,141.5668358714044,0.0,469,115,598,0.803082191780822,584,0.7688936361928117,23,100444,14,139145,446,374293,0,0,474737,307405,0.2930991264637052,False,True,67.6,5,17,2,0,0,0,0,1218,0,0,3,"{""cut_target"": 14, ""harmful_exit"": 101, ""neutral_exit"": 598, ""no_active_exit"": 36, ""saved_stop"": 23, ""timeout_improved"": 446}","{""mask_requires_second_consecutive_candidate"": 2, ""no_candidate"": 17, ""none"": 1182, ""not_active_exit_eligible"": 2, ""rtp_guard_protected"": 10, ""stale_data_no_action"": 5}",False
shadow-burnin-v3-r50-tsv2-logging-only-target60-stop60-exit-replay-maxwait66000-r1,M4_CONFIRM_2_WINDOWS / 10000 / -6000 / 120000,M4_CONFIRM_2_WINDOWS,10000,-6000,120000,G3_LOW_VOL_CONTINUATION,20000,train,1219,0,1159,60,25,62,1132,-654902,-537.2452830188679,-208.0,-539366,-442.4659557013946,-202.0,115536,94.77932731747335,0.0,99.68593615185505,0.0,387,124,648,0.7573385518590998,511,0.718338427621043,28,156692,14,139127,359,274659,0,0,431351,315815,0.32253779404707533,False,True,63.9,3,42,1,1,0,0,0,1219,0,0,3,"{""cut_target"": 14, ""harmful_exit"": 110, ""neutral_exit"": 648, ""no_active_exit"": 60, ""saved_stop"": 28, ""timeout_improved"": 359}","{""candidate_after_baseline_exit"": 1, ""mask_requires_second_consecutive_candidate"": 4, ""no_candidate"": 42, ""none"": 1159, ""not_active_exit_eligible"": 1, ""rtp_guard_protected"": 9, ""stale_data_no_action"": 3}",False
shadow-burnin-v3-r50-tsv2-logging-only-target60-stop60-exit-replay-maxwait66000-r1,M4_CONFIRM_2_WINDOWS / 10000 / -6000 / 120000,M4_CONFIRM_2_WINDOWS,10000,-6000,120000,G3_LOW_VOL_CONTINUATION,20000,validation,1219,0,1168,51,28,50,1141,-616419,-505.67596390484005,-208.0,-491610,-403.2895816242822,-202.0,124809,102.38638228055784,0.0,106.85702054794521,0.0,397,143,628,0.7351851851851852,540,0.6964031862121258,32,152573,20,192311,365,342600,0,0,495173,370364,0.3883713368863003,False,True,68.5,5,21,0,0,0,0,0,1219,0,0,3,"{""cut_target"": 20, ""harmful_exit"": 123, ""neutral_exit"": 628, ""no_active_exit"": 51, ""saved_stop"": 32, ""timeout_improved"": 365}","{""mask_requires_second_consecutive_candidate"": 7, ""no_candidate"": 21, ""none"": 1168, ""rtp_guard_protected"": 18, ""stale_data_no_action"": 5}",False
shadow-burnin-v3-r50-tsv2-logging-only-target60-stop60-exit-replay-maxwait66000-r1,M4_CONFIRM_2_WINDOWS / 10000 / -6000 / 120000,M4_CONFIRM_2_WINDOWS,10000,-6000,120000,G3_LOW_VOL_CONTINUATION,20000,holdout,1218,0,1187,31,20,32,1166,-655834,-538.4515599343185,-208.0,-483306,-396.8029556650246,-202.0,172528,141.6486042692939,0.0,145.34793597304127,0.0,473,117,597,0.8016949152542373,590,0.7676150536483906,23,100444,14,139145,450,384200,0,0,484644,312116,0.2871076501514514,False,True,68.0,5,17,2,0,0,0,0,1218,0,0,3,"{""cut_target"": 14, ""harmful_exit"": 103, ""neutral_exit"": 597, ""no_active_exit"": 31, ""saved_stop"": 23, ""timeout_improved"": 450}","{""mask_requires_second_consecutive_candidate"": 2, ""no_candidate"": 17, ""none"": 1187, ""not_active_exit_eligible"": 2, ""rtp_guard_protected"": 5, ""stale_data_no_action"": 5}",False
shadow-burnin-v3-r50-tsv2-logging-only-target60-stop60-exit-replay-maxwait66000-r1,M4_CONFIRM_2_WINDOWS / 10000 / -6000 / 120000,M4_CONFIRM_2_WINDOWS,10000,-6000,120000,G3_LOW_VOL_CONTINUATION,30000,train,1219,0,1159,60,25,62,1132,-654902,-537.2452830188679,-208.0,-539366,-442.4659557013946,-202.0,115536,94.77932731747335,0.0,99.68593615185505,0.0,387,124,648,0.7573385518590998,511,0.718338427621043,28,156692,14,139127,359,274659,0,0,431351,315815,0.32253779404707533,False,True,63.9,3,42,1,1,0,0,0,1219,0,0,3,"{""cut_target"": 14, ""harmful_exit"": 110, ""neutral_exit"": 648, ""no_active_exit"": 60, ""saved_stop"": 28, ""timeout_improved"": 359}","{""candidate_after_baseline_exit"": 1, ""mask_requires_second_consecutive_candidate"": 4, ""no_candidate"": 42, ""none"": 1159, ""not_active_exit_eligible"": 1, ""rtp_guard_protected"": 9, ""stale_data_no_action"": 3}",False
shadow-burnin-v3-r50-tsv2-logging-only-target60-stop60-exit-replay-maxwait66000-r1,M4_CONFIRM_2_WINDOWS / 10000 / -6000 / 120000,M4_CONFIRM_2_WINDOWS,10000,-6000,120000,G3_LOW_VOL_CONTINUATION,30000,validation,1219,0,1169,50,28,50,1141,-616419,-505.67596390484005,-208.0,-494163,-405.3839212469237,-202.0,122256,100.29204265791633,0.0,104.58169375534645,0.0,397,144,628,0.7338262476894639,541,0.6950309198586372,32,152573,20,192311,365,342600,0,0,495173,372917,0.3883713368863003,False,True,68.5,5,21,0,0,0,0,0,1219,0,0,3,"{""cut_target"": 20, ""harmful_exit"": 124, ""neutral_exit"": 628, ""no_active_exit"": 50, ""saved_stop"": 32, ""timeout_improved"": 365}","{""mask_requires_second_consecutive_candidate"": 7, ""no_candidate"": 21, ""none"": 1169, ""rtp_guard_protected"": 17, ""stale_data_no_action"": 5}",False
shadow-burnin-v3-r50-tsv2-logging-only-target60-stop60-exit-replay-maxwait66000-r1,M4_CONFIRM_2_WINDOWS / 10000 / -6000 / 120000,M4_CONFIRM_2_WINDOWS,10000,-6000,120000,G3_LOW_VOL_CONTINUATION,30000,holdout,1218,0,1187,31,20,32,1166,-655834,-538.4515599343185,-208.0,-483306,-396.8029556650246,-202.0,172528,141.6486042692939,0.0,145.34793597304127,0.0,473,117,597,0.8016949152542373,590,0.7676150536483906,23,100444,14,139145,450,384200,0,0,484644,312116,0.2871076501514514,False,True,68.0,5,17,2,0,0,0,0,1218,0,0,3,"{""cut_target"": 14, ""harmful_exit"": 103, ""neutral_exit"": 597, ""no_active_exit"": 31, ""saved_stop"": 23, ""timeout_improved"": 450}","{""mask_requires_second_consecutive_candidate"": 2, ""no_candidate"": 17, ""none"": 1187, ""not_active_exit_eligible"": 2, ""rtp_guard_protected"": 5, ""stale_data_no_action"": 5}",False
shadow-burnin-v3-r50-tsv2-logging-only-target60-stop60-exit-replay-maxwait66000-r1,M4_CONFIRM_2_WINDOWS / 10000 / -6000 / 120000,M4_CONFIRM_2_WINDOWS,10000,-6000,120000,G3_LOW_VOL_CONTINUATION,45000,train,1219,0,1159,60,25,62,1132,-654902,-537.2452830188679,-208.0,-539366,-442.4659557013946,-202.0,115536,94.77932731747335,0.0,99.68593615185505,0.0,387,124,648,0.7573385518590998,511,0.718338427621043,28,156692,14,139127,359,274659,0,0,431351,315815,0.32253779404707533,False,True,63.9,3,42,1,1,0,0,0,1219,0,0,3,"{""cut_target"": 14, ""harmful_exit"": 110, ""neutral_exit"": 648, ""no_active_exit"": 60, ""saved_stop"": 28, ""timeout_improved"": 359}","{""candidate_after_baseline_exit"": 1, ""mask_requires_second_consecutive_candidate"": 4, ""no_candidate"": 42, ""none"": 1159, ""not_active_exit_eligible"": 1, ""rtp_guard_protected"": 9, ""stale_data_no_action"": 3}",False
shadow-burnin-v3-r50-tsv2-logging-only-target60-stop60-exit-replay-maxwait66000-r1,M4_CONFIRM_2_WINDOWS / 10000 / -6000 / 120000,M4_CONFIRM_2_WINDOWS,10000,-6000,120000,G3_LOW_VOL_CONTINUATION,45000,validation,1219,0,1169,50,28,50,1141,-616419,-505.67596390484005,-208.0,-494163,-405.3839212469237,-202.0,122256,100.29204265791633,0.0,104.58169375534645,0.0,397,144,628,0.7338262476894639,541,0.6950309198586372,32,152573,20,192311,365,342600,0,0,495173,372917,0.3883713368863003,False,True,68.5,5,21,0,0,0,0,0,1219,0,0,3,"{""cut_target"": 20, ""harmful_exit"": 124, ""neutral_exit"": 628, ""no_active_exit"": 50, ""saved_stop"": 32, ""timeout_improved"": 365}","{""mask_requires_second_consecutive_candidate"": 7, ""no_candidate"": 21, ""none"": 1169, ""rtp_guard_protected"": 17, ""stale_data_no_action"": 5}",False
shadow-burnin-v3-r50-tsv2-logging-only-target60-stop60-exit-replay-maxwait66000-r1,M4_CONFIRM_2_WINDOWS / 10000 / -6000 / 120000,M4_CONFIRM_2_WINDOWS,10000,-6000,120000,G3_LOW_VOL_CONTINUATION,45000,holdout,1218,0,1187,31,20,32,1166,-655834,-538.4515599343185,-208.0,-483306,-396.8029556650246,-202.0,172528,141.6486042692939,0.0,145.34793597304127,0.0,473,117,597,0.8016949152542373,590,0.7676150536483906,23,100444,14,139145,450,384200,0,0,484644,312116,0.2871076501514514,False,True,68.0,5,17,2,0,0,0,0,1218,0,0,3,"{""cut_target"": 14, ""harmful_exit"": 103, ""neutral_exit"": 597, ""no_active_exit"": 31, ""saved_stop"": 23, ""timeout_improved"": 450}","{""mask_requires_second_consecutive_candidate"": 2, ""no_candidate"": 17, ""none"": 1187, ""not_active_exit_eligible"": 2, ""rtp_guard_protected"": 5, ""stale_data_no_action"": 5}",False
shadow-burnin-v3-r50-tsv2-logging-only-target60-stop60-exit-replay-maxwait66000-r1,M4_CONFIRM_2_WINDOWS / 10000 / -6000 / 120000,M4_CONFIRM_2_WINDOWS,10000,-6000,120000,G4_DELAYED_DECISION_4000,10000,train,1219,0,1165,54,25,62,1132,-654902,-537.2452830188679,-208.0,-529936,-434.7301066447908,-202.0,124966,102.51517637407711,0.0,107.26695278969957,0.0,369,124,672,0.7484787018255578,493,0.708357273546075,26,145008,15,139071,343,290663,0,0,435671,310705,0.3192110560491747,False,True,60.300000000000004,3,42,1,1,0,0,0,1219,0,0,3,"{""cut_target"": 15, ""harmful_exit"": 109, ""neutral_exit"": 672, ""no_active_exit"": 54, ""saved_stop"": 26, ""timeout_improved"": 343}","{""candidate_after_baseline_exit"": 1, ""mask_requires_second_consecutive_candidate"": 4, ""no_candidate"": 42, ""none"": 1165, ""not_active_exit_eligible"": 1, ""rtp_delay_after_baseline_or_hold"": 3, ""stale_data_no_action"": 3}",False
shadow-burnin-v3-r50-tsv2-logging-only-target60-stop60-exit-replay-maxwait66000-r1,M4_CONFIRM_2_WINDOWS / 10000 / -6000 / 120000,M4_CONFIRM_2_WINDOWS,10000,-6000,120000,G4_DELAYED_DECISION_4000,10000,validation,1219,0,1184,35,28,50,1141,-616419,-505.67596390484005,-208.0,-493466,-404.8121410992617,-202.0,122953,100.86382280557834,0.0,103.8454391891892,0.0,389,144,651,0.7298311444652908,533,0.69058811445763,30,147634,20,183669,359,337827,0,0,485461,362508,0.3783393516677962,False,True,65.9,5,21,0,0,0,0,0,1219,0,0,3,"{""cut_target"": 20, ""harmful_exit"": 124, ""neutral_exit"": 651, ""no_active_exit"": 35, ""saved_stop"": 30, ""timeout_improved"": 359}","{""mask_requires_second_consecutive_candidate"": 7, ""no_candidate"": 21, ""none"": 1184, ""rtp_delay_after_baseline_or_hold"": 2, ""stale_data_no_action"": 5}",False
shadow-burnin-v3-r50-tsv2-logging-only-target60-stop60-exit-replay-maxwait66000-r1,M4_CONFIRM_2_WINDOWS / 10000 / -6000 / 120000,M4_CONFIRM_2_WINDOWS,10000,-6000,120000,G4_DELAYED_DECISION_4000,10000,holdout,1218,0,1189,29,20,32,1166,-655834,-538.4515599343185,-208.0,-521218,-427.9293924466338,-202.0,134616,110.52216748768473,0.0,113.21783010933558,0.0,450,114,625,0.7978723404255319,564,0.7627653945448037,21,79089,13,125807,429,350165,0,0,429254,294638,0.2930828833278199,False,True,63.900000000000006,5,17,2,0,0,0,0,1218,0,0,3,"{""cut_target"": 13, ""harmful_exit"": 101, ""neutral_exit"": 625, ""no_active_exit"": 29, ""saved_stop"": 21, ""timeout_improved"": 429}","{""mask_requires_second_consecutive_candidate"": 2, ""no_candidate"": 17, ""none"": 1189, ""not_active_exit_eligible"": 2, ""rtp_delay_after_baseline_or_hold"": 3, ""stale_data_no_action"": 5}",False
shadow-burnin-v3-r50-tsv2-logging-only-target60-stop60-exit-replay-maxwait66000-r1,M4_CONFIRM_2_WINDOWS / 10000 / -6000 / 120000,M4_CONFIRM_2_WINDOWS,10000,-6000,120000,G4_DELAYED_DECISION_4000,20000,train,1219,0,1165,54,25,62,1132,-654902,-537.2452830188679,-208.0,-529936,-434.7301066447908,-202.0,124966,102.51517637407711,0.0,107.26695278969957,0.0,369,124,672,0.7484787018255578,493,0.708357273546075,26,145008,15,139071,343,290663,0,0,435671,310705,0.3192110560491747,False,True,60.300000000000004,3,42,1,1,0,0,0,1219,0,0,3,"{""cut_target"": 15, ""harmful_exit"": 109, ""neutral_exit"": 672, ""no_active_exit"": 54, ""saved_stop"": 26, ""timeout_improved"": 343}","{""candidate_after_baseline_exit"": 1, ""mask_requires_second_consecutive_candidate"": 4, ""no_candidate"": 42, ""none"": 1165, ""not_active_exit_eligible"": 1, ""rtp_delay_after_baseline_or_hold"": 3, ""stale_data_no_action"": 3}",False
shadow-burnin-v3-r50-tsv2-logging-only-target60-stop60-exit-replay-maxwait66000-r1,M4_CONFIRM_2_WINDOWS / 10000 / -6000 / 120000,M4_CONFIRM_2_WINDOWS,10000,-6000,120000,G4_DELAYED_DECISION_4000,20000,validation,1219,0,1184,35,28,50,1141,-616419,-505.67596390484005,-208.0,-493466,-404.8121410992617,-202.0,122953,100.86382280557834,0.0,103.8454391891892,0.0,389,144,651,0.7298311444652908,533,0.69058811445763,30,147634,20,183669,359,337827,0,0,485461,362508,0.3783393516677962,False,True,65.9,5,21,0,0,0,0,0,1219,0,0,3,"{""cut_target"": 20, ""harmful_exit"": 124, ""neutral_exit"": 651, ""no_active_exit"": 35, ""saved_stop"": 30, ""timeout_improved"": 359}","{""mask_requires_second_consecutive_candidate"": 7, ""no_candidate"": 21, ""none"": 1184, ""rtp_delay_after_baseline_or_hold"": 2, ""stale_data_no_action"": 5}",False
shadow-burnin-v3-r50-tsv2-logging-only-target60-stop60-exit-replay-maxwait66000-r1,M4_CONFIRM_2_WINDOWS / 10000 / -6000 / 120000,M4_CONFIRM_2_WINDOWS,10000,-6000,120000,G4_DELAYED_DECISION_4000,20000,holdout,1218,0,1189,29,20,32,1166,-655834,-538.4515599343185,-208.0,-521218,-427.9293924466338,-202.0,134616,110.52216748768473,0.0,113.21783010933558,0.0,450,114,625,0.7978723404255319,564,0.7627653945448037,21,79089,13,125807,429,350165,0,0,429254,294638,0.2930828833278199,False,True,63.900000000000006,5,17,2,0,0,0,0,1218,0,0,3,"{""cut_target"": 13, ""harmful_exit"": 101, ""neutral_exit"": 625, ""no_active_exit"": 29, ""saved_stop"": 21, ""timeout_improved"": 429}","{""mask_requires_second_consecutive_candidate"": 2, ""no_candidate"": 17, ""none"": 1189, ""not_active_exit_eligible"": 2, ""rtp_delay_after_baseline_or_hold"": 3, ""stale_data_no_action"": 5}",False
shadow-burnin-v3-r50-tsv2-logging-only-target60-stop60-exit-replay-maxwait66000-r1,M4_CONFIRM_2_WINDOWS / 10000 / -6000 / 120000,M4_CONFIRM_2_WINDOWS,10000,-6000,120000,G4_DELAYED_DECISION_4000,30000,train,1219,0,1165,54,25,62,1132,-654902,-537.2452830188679,-208.0,-529936,-434.7301066447908,-202.0,124966,102.51517637407711,0.0,107.26695278969957,0.0,369,124,672,0.7484787018255578,493,0.708357273546075,26,145008,15,139071,343,290663,0,0,435671,310705,0.3192110560491747,False,True,60.300000000000004,3,42,1,1,0,0,0,1219,0,0,3,"{""cut_target"": 15, ""harmful_exit"": 109, ""neutral_exit"": 672, ""no_active_exit"": 54, ""saved_stop"": 26, ""timeout_improved"": 343}","{""candidate_after_baseline_exit"": 1, ""mask_requires_second_consecutive_candidate"": 4, ""no_candidate"": 42, ""none"": 1165, ""not_active_exit_eligible"": 1, ""rtp_delay_after_baseline_or_hold"": 3, ""stale_data_no_action"": 3}",False
shadow-burnin-v3-r50-tsv2-logging-only-target60-stop60-exit-replay-maxwait66000-r1,M4_CONFIRM_2_WINDOWS / 10000 / -6000 / 120000,M4_CONFIRM_2_WINDOWS,10000,-6000,120000,G4_DELAYED_DECISION_4000,30000,validation,1219,0,1184,35,28,50,1141,-616419,-505.67596390484005,-208.0,-493466,-404.8121410992617,-202.0,122953,100.86382280557834,0.0,103.8454391891892,0.0,389,144,651,0.7298311444652908,533,0.69058811445763,30,147634,20,183669,359,337827,0,0,485461,362508,0.3783393516677962,False,True,65.9,5,21,0,0,0,0,0,1219,0,0,3,"{""cut_target"": 20, ""harmful_exit"": 124, ""neutral_exit"": 651, ""no_active_exit"": 35, ""saved_stop"": 30, ""timeout_improved"": 359}","{""mask_requires_second_consecutive_candidate"": 7, ""no_candidate"": 21, ""none"": 1184, ""rtp_delay_after_baseline_or_hold"": 2, ""stale_data_no_action"": 5}",False
shadow-burnin-v3-r50-tsv2-logging-only-target60-stop60-exit-replay-maxwait66000-r1,M4_CONFIRM_2_WINDOWS / 10000 / -6000 / 120000,M4_CONFIRM_2_WINDOWS,10000,-6000,120000,G4_DELAYED_DECISION_4000,30000,holdout,1218,0,1189,29,20,32,1166,-655834,-538.4515599343185,-208.0,-521218,-427.9293924466338,-202.0,134616,110.52216748768473,0.0,113.21783010933558,0.0,450,114,625,0.7978723404255319,564,0.7627653945448037,21,79089,13,125807,429,350165,0,0,429254,294638,0.2930828833278199,False,True,63.900000000000006,5,17,2,0,0,0,0,1218,0,0,3,"{""cut_target"": 13, ""harmful_exit"": 101, ""neutral_exit"": 625, ""no_active_exit"": 29, ""saved_stop"": 21, ""timeout_improved"": 429}","{""mask_requires_second_consecutive_candidate"": 2, ""no_candidate"": 17, ""none"": 1189, ""not_active_exit_eligible"": 2, ""rtp_delay_after_baseline_or_hold"": 3, ""stale_data_no_action"": 5}",False
shadow-burnin-v3-r50-tsv2-logging-only-target60-stop60-exit-replay-maxwait66000-r1,M4_CONFIRM_2_WINDOWS / 10000 / -6000 / 120000,M4_CONFIRM_2_WINDOWS,10000,-6000,120000,G4_DELAYED_DECISION_4000,45000,train,1219,0,1165,54,25,62,1132,-654902,-537.2452830188679,-208.0,-529936,-434.7301066447908,-202.0,124966,102.51517637407711,0.0,107.26695278969957,0.0,369,124,672,0.7484787018255578,493,0.708357273546075,26,145008,15,139071,343,290663,0,0,435671,310705,0.3192110560491747,False,True,60.300000000000004,3,42,1,1,0,0,0,1219,0,0,3,"{""cut_target"": 15, ""harmful_exit"": 109, ""neutral_exit"": 672, ""no_active_exit"": 54, ""saved_stop"": 26, ""timeout_improved"": 343}","{""candidate_after_baseline_exit"": 1, ""mask_requires_second_consecutive_candidate"": 4, ""no_candidate"": 42, ""none"": 1165, ""not_active_exit_eligible"": 1, ""rtp_delay_after_baseline_or_hold"": 3, ""stale_data_no_action"": 3}",False
shadow-burnin-v3-r50-tsv2-logging-only-target60-stop60-exit-replay-maxwait66000-r1,M4_CONFIRM_2_WINDOWS / 10000 / -6000 / 120000,M4_CONFIRM_2_WINDOWS,10000,-6000,120000,G4_DELAYED_DECISION_4000,45000,validation,1219,0,1184,35,28,50,1141,-616419,-505.67596390484005,-208.0,-493466,-404.8121410992617,-202.0,122953,100.86382280557834,0.0,103.8454391891892,0.0,389,144,651,0.7298311444652908,533,0.69058811445763,30,147634,20,183669,359,337827,0,0,485461,362508,0.3783393516677962,False,True,65.9,5,21,0,0,0,0,0,1219,0,0,3,"{""cut_target"": 20, ""harmful_exit"": 124, ""neutral_exit"": 651, ""no_active_exit"": 35, ""saved_stop"": 30, ""timeout_improved"": 359}","{""mask_requires_second_consecutive_candidate"": 7, ""no_candidate"": 21, ""none"": 1184, ""rtp_delay_after_baseline_or_hold"": 2, ""stale_data_no_action"": 5}",False
shadow-burnin-v3-r50-tsv2-logging-only-target60-stop60-exit-replay-maxwait66000-r1,M4_CONFIRM_2_WINDOWS / 10000 / -6000 / 120000,M4_CONFIRM_2_WINDOWS,10000,-6000,120000,G4_DELAYED_DECISION_4000,45000,holdout,1218,0,1189,29,20,32,1166,-655834,-538.4515599343185,-208.0,-521218,-427.9293924466338,-202.0,134616,110.52216748768473,0.0,113.21783010933558,0.0,450,114,625,0.7978723404255319,564,0.7627653945448037,21,79089,13,125807,429,350165,0,0,429254,294638,0.2930828833278199,False,True,63.900000000000006,5,17,2,0,0,0,0,1218,0,0,3,"{""cut_target"": 13, ""harmful_exit"": 101, ""neutral_exit"": 625, ""no_active_exit"": 29, ""saved_stop"": 21, ""timeout_improved"": 429}","{""mask_requires_second_consecutive_candidate"": 2, ""no_candidate"": 17, ""none"": 1189, ""not_active_exit_eligible"": 2, ""rtp_delay_after_baseline_or_hold"": 3, ""stale_data_no_action"": 5}",False
shadow-burnin-v3-r50-tsv2-logging-only-target60-stop60-exit-replay-maxwait66000-r1,M4_CONFIRM_2_WINDOWS / 10000 / -6000 / 120000,M4_CONFIRM_2_WINDOWS,10000,-6000,120000,G5_DELAYED_DECISION_8000,10000,train,1219,0,1160,59,25,62,1132,-654902,-537.2452830188679,-208.0,-547399,-449.0557834290402,-202.0,107503,88.18949958982773,0.0,92.675,0.0,343,119,698,0.7424242424242424,462,0.7006641532814902,24,129779,12,127189,319,278454,0,0,408233,300730,0.3115598200047522,False,True,55.900000000000006,3,42,1,1,0,0,0,1219,0,0,3,"{""cut_target"": 12, ""harmful_exit"": 107, ""neutral_exit"": 698, ""no_active_exit"": 59, ""saved_stop"": 24, ""timeout_improved"": 319}","{""candidate_after_baseline_exit"": 1, ""mask_requires_second_consecutive_candidate"": 4, ""no_candidate"": 42, ""none"": 1160, ""not_active_exit_eligible"": 1, ""rtp_delay_after_baseline_or_hold"": 8, ""stale_data_no_action"": 3}",False
shadow-burnin-v3-r50-tsv2-logging-only-target60-stop60-exit-replay-maxwait66000-r1,M4_CONFIRM_2_WINDOWS / 10000 / -6000 / 120000,M4_CONFIRM_2_WINDOWS,10000,-6000,120000,G5_DELAYED_DECISION_8000,10000,validation,1219,0,1179,40,28,50,1141,-616419,-505.67596390484005,-208.0,-486825,-399.3642329778507,-202.0,129594,106.31173092698934,0.0,109.91857506361323,0.0,362,145,672,0.7140039447731755,507,0.6731752350542997,27,138138,18,161186,335,329514,0,0,467652,338058,0.3446708236038764,False,True,60.5,5,21,0,0,0,0,0,1219,0,0,3,"{""cut_target"": 18, ""harmful_exit"": 127, ""neutral_exit"": 672, ""no_active_exit"": 40, ""saved_stop"": 27, ""timeout_improved"": 335}","{""mask_requires_second_consecutive_candidate"": 7, ""no_candidate"": 21, ""none"": 1179, ""rtp_delay_after_baseline_or_hold"": 7, ""stale_data_no_action"": 5}",False
shadow-burnin-v3-r50-tsv2-logging-only-target60-stop60-exit-replay-maxwait66000-r1,M4_CONFIRM_2_WINDOWS / 10000 / -6000 / 120000,M4_CONFIRM_2_WINDOWS,10000,-6000,120000,G5_DELAYED_DECISION_8000,10000,holdout,1218,0,1186,32,20,32,1166,-655834,-538.4515599343185,-208.0,-559582,-459.42692939244665,-202.0,96252,79.02463054187191,0.0,81.15682967959528,0.0,426,118,642,0.7830882352941176,544,0.7465343897696501,18,67885,13,126767,408,323055,0,0,390940,294688,0.3242620350948995,False,True,58.800000000000004,5,17,2,0,0,0,0,1218,0,0,3,"{""cut_target"": 13, ""harmful_exit"": 105, ""neutral_exit"": 642, ""no_active_exit"": 32, ""saved_stop"": 18, ""timeout_improved"": 408}","{""mask_requires_second_consecutive_candidate"": 2, ""no_candidate"": 17, ""none"": 1186, ""not_active_exit_eligible"": 2, ""rtp_delay_after_baseline_or_hold"": 6, ""stale_data_no_action"": 5}",False
shadow-burnin-v3-r50-tsv2-logging-only-target60-stop60-exit-replay-maxwait66000-r1,M4_CONFIRM_2_WINDOWS / 10000 / -6000 / 120000,M4_CONFIRM_2_WINDOWS,10000,-6000,120000,G5_DELAYED_DECISION_8000,20000,train,1219,0,1160,59,25,62,1132,-654902,-537.2452830188679,-208.0,-547399,-449.0557834290402,-202.0,107503,88.18949958982773,0.0,92.675,0.0,343,119,698,0.7424242424242424,462,0.7006641532814902,24,129779,12,127189,319,278454,0,0,408233,300730,0.3115598200047522,False,True,55.900000000000006,3,42,1,1,0,0,0,1219,0,0,3,"{""cut_target"": 12, ""harmful_exit"": 107, ""neutral_exit"": 698, ""no_active_exit"": 59, ""saved_stop"": 24, ""timeout_improved"": 319}","{""candidate_after_baseline_exit"": 1, ""mask_requires_second_consecutive_candidate"": 4, ""no_candidate"": 42, ""none"": 1160, ""not_active_exit_eligible"": 1, ""rtp_delay_after_baseline_or_hold"": 8, ""stale_data_no_action"": 3}",False
shadow-burnin-v3-r50-tsv2-logging-only-target60-stop60-exit-replay-maxwait66000-r1,M4_CONFIRM_2_WINDOWS / 10000 / -6000 / 120000,M4_CONFIRM_2_WINDOWS,10000,-6000,120000,G5_DELAYED_DECISION_8000,20000,validation,1219,0,1179,40,28,50,1141,-616419,-505.67596390484005,-208.0,-486825,-399.3642329778507,-202.0,129594,106.31173092698934,0.0,109.91857506361323,0.0,362,145,672,0.7140039447731755,507,0.6731752350542997,27,138138,18,161186,335,329514,0,0,467652,338058,0.3446708236038764,False,True,60.5,5,21,0,0,0,0,0,1219,0,0,3,"{""cut_target"": 18, ""harmful_exit"": 127, ""neutral_exit"": 672, ""no_active_exit"": 40, ""saved_stop"": 27, ""timeout_improved"": 335}","{""mask_requires_second_consecutive_candidate"": 7, ""no_candidate"": 21, ""none"": 1179, ""rtp_delay_after_baseline_or_hold"": 7, ""stale_data_no_action"": 5}",False
shadow-burnin-v3-r50-tsv2-logging-only-target60-stop60-exit-replay-maxwait66000-r1,M4_CONFIRM_2_WINDOWS / 10000 / -6000 / 120000,M4_CONFIRM_2_WINDOWS,10000,-6000,120000,G5_DELAYED_DECISION_8000,20000,holdout,1218,0,1186,32,20,32,1166,-655834,-538.4515599343185,-208.0,-559582,-459.42692939244665,-202.0,96252,79.02463054187191,0.0,81.15682967959528,0.0,426,118,642,0.7830882352941176,544,0.7465343897696501,18,67885,13,126767,408,323055,0,0,390940,294688,0.3242620350948995,False,True,58.800000000000004,5,17,2,0,0,0,0,1218,0,0,3,"{""cut_target"": 13, ""harmful_exit"": 105, ""neutral_exit"": 642, ""no_active_exit"": 32, ""saved_stop"": 18, ""timeout_improved"": 408}","{""mask_requires_second_consecutive_candidate"": 2, ""no_candidate"": 17, ""none"": 1186, ""not_active_exit_eligible"": 2, ""rtp_delay_after_baseline_or_hold"": 6, ""stale_data_no_action"": 5}",False
shadow-burnin-v3-r50-tsv2-logging-only-target60-stop60-exit-replay-maxwait66000-r1,M4_CONFIRM_2_WINDOWS / 10000 / -6000 / 120000,M4_CONFIRM_2_WINDOWS,10000,-6000,120000,G5_DELAYED_DECISION_8000,30000,train,1219,0,1160,59,25,62,1132,-654902,-537.2452830188679,-208.0,-547399,-449.0557834290402,-202.0,107503,88.18949958982773,0.0,92.675,0.0,343,119,698,0.7424242424242424,462,0.7006641532814902,24,129779,12,127189,319,278454,0,0,408233,300730,0.3115598200047522,False,True,55.900000000000006,3,42,1,1,0,0,0,1219,0,0,3,"{""cut_target"": 12, ""harmful_exit"": 107, ""neutral_exit"": 698, ""no_active_exit"": 59, ""saved_stop"": 24, ""timeout_improved"": 319}","{""candidate_after_baseline_exit"": 1, ""mask_requires_second_consecutive_candidate"": 4, ""no_candidate"": 42, ""none"": 1160, ""not_active_exit_eligible"": 1, ""rtp_delay_after_baseline_or_hold"": 8, ""stale_data_no_action"": 3}",False
shadow-burnin-v3-r50-tsv2-logging-only-target60-stop60-exit-replay-maxwait66000-r1,M4_CONFIRM_2_WINDOWS / 10000 / -6000 / 120000,M4_CONFIRM_2_WINDOWS,10000,-6000,120000,G5_DELAYED_DECISION_8000,30000,validation,1219,0,1179,40,28,50,1141,-616419,-505.67596390484005,-208.0,-486825,-399.3642329778507,-202.0,129594,106.31173092698934,0.0,109.91857506361323,0.0,362,145,672,0.7140039447731755,507,0.6731752350542997,27,138138,18,161186,335,329514,0,0,467652,338058,0.3446708236038764,False,True,60.5,5,21,0,0,0,0,0,1219,0,0,3,"{""cut_target"": 18, ""harmful_exit"": 127, ""neutral_exit"": 672, ""no_active_exit"": 40, ""saved_stop"": 27, ""timeout_improved"": 335}","{""mask_requires_second_consecutive_candidate"": 7, ""no_candidate"": 21, ""none"": 1179, ""rtp_delay_after_baseline_or_hold"": 7, ""stale_data_no_action"": 5}",False
shadow-burnin-v3-r50-tsv2-logging-only-target60-stop60-exit-replay-maxwait66000-r1,M4_CONFIRM_2_WINDOWS / 10000 / -6000 / 120000,M4_CONFIRM_2_WINDOWS,10000,-6000,120000,G5_DELAYED_DECISION_8000,30000,holdout,1218,0,1186,32,20,32,1166,-655834,-538.4515599343185,-208.0,-559582,-459.42692939244665,-202.0,96252,79.02463054187191,0.0,81.15682967959528,0.0,426,118,642,0.7830882352941176,544,0.7465343897696501,18,67885,13,126767,408,323055,0,0,390940,294688,0.3242620350948995,False,True,58.800000000000004,5,17,2,0,0,0,0,1218,0,0,3,"{""cut_target"": 13, ""harmful_exit"": 105, ""neutral_exit"": 642, ""no_active_exit"": 32, ""saved_stop"": 18, ""timeout_improved"": 408}","{""mask_requires_second_consecutive_candidate"": 2, ""no_candidate"": 17, ""none"": 1186, ""not_active_exit_eligible"": 2, ""rtp_delay_after_baseline_or_hold"": 6, ""stale_data_no_action"": 5}",False
shadow-burnin-v3-r50-tsv2-logging-only-target60-stop60-exit-replay-maxwait66000-r1,M4_CONFIRM_2_WINDOWS / 10000 / -6000 / 120000,M4_CONFIRM_2_WINDOWS,10000,-6000,120000,G5_DELAYED_DECISION_8000,45000,train,1219,0,1160,59,25,62,1132,-654902,-537.2452830188679,-208.0,-547399,-449.0557834290402,-202.0,107503,88.18949958982773,0.0,92.675,0.0,343,119,698,0.7424242424242424,462,0.7006641532814902,24,129779,12,127189,319,278454,0,0,408233,300730,0.3115598200047522,False,True,55.900000000000006,3,42,1,1,0,0,0,1219,0,0,3,"{""cut_target"": 12, ""harmful_exit"": 107, ""neutral_exit"": 698, ""no_active_exit"": 59, ""saved_stop"": 24, ""timeout_improved"": 319}","{""candidate_after_baseline_exit"": 1, ""mask_requires_second_consecutive_candidate"": 4, ""no_candidate"": 42, ""none"": 1160, ""not_active_exit_eligible"": 1, ""rtp_delay_after_baseline_or_hold"": 8, ""stale_data_no_action"": 3}",False
shadow-burnin-v3-r50-tsv2-logging-only-target60-stop60-exit-replay-maxwait66000-r1,M4_CONFIRM_2_WINDOWS / 10000 / -6000 / 120000,M4_CONFIRM_2_WINDOWS,10000,-6000,120000,G5_DELAYED_DECISION_8000,45000,validation,1219,0,1179,40,28,50,1141,-616419,-505.67596390484005,-208.0,-486825,-399.3642329778507,-202.0,129594,106.31173092698934,0.0,109.91857506361323,0.0,362,145,672,0.7140039447731755,507,0.6731752350542997,27,138138,18,161186,335,329514,0,0,467652,338058,0.3446708236038764,False,True,60.5,5,21,0,0,0,0,0,1219,0,0,3,"{""cut_target"": 18, ""harmful_exit"": 127, ""neutral_exit"": 672, ""no_active_exit"": 40, ""saved_stop"": 27, ""timeout_improved"": 335}","{""mask_requires_second_consecutive_candidate"": 7, ""no_candidate"": 21, ""none"": 1179, ""rtp_delay_after_baseline_or_hold"": 7, ""stale_data_no_action"": 5}",False
shadow-burnin-v3-r50-tsv2-logging-only-target60-stop60-exit-replay-maxwait66000-r1,M4_CONFIRM_2_WINDOWS / 10000 / -6000 / 120000,M4_CONFIRM_2_WINDOWS,10000,-6000,120000,G5_DELAYED_DECISION_8000,45000,holdout,1218,0,1186,32,20,32,1166,-655834,-538.4515599343185,-208.0,-559582,-459.42692939244665,-202.0,96252,79.02463054187191,0.0,81.15682967959528,0.0,426,118,642,0.7830882352941176,544,0.7465343897696501,18,67885,13,126767,408,323055,0,0,390940,294688,0.3242620350948995,False,True,58.800000000000004,5,17,2,0,0,0,0,1218,0,0,3,"{""cut_target"": 13, ""harmful_exit"": 105, ""neutral_exit"": 642, ""no_active_exit"": 32, ""saved_stop"": 18, ""timeout_improved"": 408}","{""mask_requires_second_consecutive_candidate"": 2, ""no_candidate"": 17, ""none"": 1186, ""not_active_exit_eligible"": 2, ""rtp_delay_after_baseline_or_hold"": 6, ""stale_data_no_action"": 5}",False
shadow-burnin-v3-r50-tsv2-logging-only-target60-stop60-exit-replay-maxwait66000-r1,M7_CLASS_RESTRICTED / 10000 / -6000 / 60000,M7_CLASS_RESTRICTED,10000,-6000,60000,G0_NONE,10000,train,1219,0,1160,59,14,46,1159,-620776,-509.2502050861362,-202.0,-463346,-380.1033634126333,-202.0,157430,129.14684167350288,0.0,135.7155172413793,0.0,307,119,734,0.7206572769953051,426,0.6762237279122689,19,93814,5,50468,288,260344,0,0,354158,196728,0.14250136944527583,True,True,47.8,3,42,1,1,11,0,0,1219,0,0,3,"{""cut_target"": 5, ""harmful_exit"": 114, ""neutral_exit"": 734, ""no_active_exit"": 59, ""saved_stop"": 19, ""timeout_improved"": 288}","{""candidate_after_baseline_exit"": 1, ""candidate_after_max_hold"": 11, ""mask_excluded_candidate_class"": 1, ""no_candidate"": 42, ""none"": 1160, ""not_active_exit_eligible"": 1, ""stale_data_no_action"": 3}",True
shadow-burnin-v3-r50-tsv2-logging-only-target60-stop60-exit-replay-maxwait66000-r1,M7_CLASS_RESTRICTED / 10000 / -6000 / 60000,M7_CLASS_RESTRICTED,10000,-6000,60000,G0_NONE,10000,validation,1219,0,1186,33,14,34,1171,-613618,-503.37817883511076,-202.0,-458376,-376.02625102543067,-202.0,155242,127.35192780968006,0.0,130.89544688026982,0.0,344,159,683,0.68389662027833,503,0.6420005808117624,21,77314,7,70416,323,322179,0,0,399493,244251,0.17626341387708921,True,True,53.300000000000004,5,21,0,2,4,0,0,1219,0,0,3,"{""cut_target"": 7, ""harmful_exit"": 152, ""neutral_exit"": 683, ""no_active_exit"": 33, ""saved_stop"": 21, ""timeout_improved"": 323}","{""candidate_after_baseline_exit"": 2, ""candidate_after_max_hold"": 4, ""mask_excluded_candidate_class"": 1, ""no_candidate"": 21, ""none"": 1186, ""stale_data_no_action"": 5}",True
shadow-burnin-v3-r50-tsv2-logging-only-target60-stop60-exit-replay-maxwait66000-r1,M7_CLASS_RESTRICTED / 10000 / -6000 / 60000,M7_CLASS_RESTRICTED,10000,-6000,60000,G0_NONE,10000,holdout,1218,0,1186,32,4,26,1188,-623991,-512.307881773399,-202.0,-438292,-359.8456486042693,-202.0,185699,152.46223316912972,0.0,156.57588532883642,0.0,391,140,655,0.736346516007533,531,0.6972687658528305,18,78353,2,20678,373,325767,0,0,404120,218421,0.051167969909927745,True,True,55.300000000000004,5,17,2,0,7,0,0,1218,0,0,3,"{""cut_target"": 2, ""harmful_exit"": 138, ""neutral_exit"": 655, ""no_active_exit"": 32, ""saved_stop"": 18, ""timeout_improved"": 373}","{""candidate_after_max_hold"": 7, ""mask_excluded_candidate_class"": 1, ""no_candidate"": 17, ""none"": 1186, ""not_active_exit_eligible"": 2, ""stale_data_no_action"": 5}",True
shadow-burnin-v3-r50-tsv2-logging-only-target60-stop60-exit-replay-maxwait66000-r1,M7_CLASS_RESTRICTED / 10000 / -6000 / 60000,M7_CLASS_RESTRICTED,10000,-6000,60000,G0_NONE,20000,train,1219,0,1160,59,14,46,1159,-620776,-509.2502050861362,-202.0,-463346,-380.1033634126333,-202.0,157430,129.14684167350288,0.0,135.7155172413793,0.0,307,119,734,0.7206572769953051,426,0.6762237279122689,19,93814,5,50468,288,260344,0,0,354158,196728,0.14250136944527583,True,True,47.8,3,42,1,1,11,0,0,1219,0,0,3,"{""cut_target"": 5, ""harmful_exit"": 114, ""neutral_exit"": 734, ""no_active_exit"": 59, ""saved_stop"": 19, ""timeout_improved"": 288}","{""candidate_after_baseline_exit"": 1, ""candidate_after_max_hold"": 11, ""mask_excluded_candidate_class"": 1, ""no_candidate"": 42, ""none"": 1160, ""not_active_exit_eligible"": 1, ""stale_data_no_action"": 3}",True
shadow-burnin-v3-r50-tsv2-logging-only-target60-stop60-exit-replay-maxwait66000-r1,M7_CLASS_RESTRICTED / 10000 / -6000 / 60000,M7_CLASS_RESTRICTED,10000,-6000,60000,G0_NONE,20000,validation,1219,0,1186,33,14,34,1171,-613618,-503.37817883511076,-202.0,-458376,-376.02625102543067,-202.0,155242,127.35192780968006,0.0,130.89544688026982,0.0,344,159,683,0.68389662027833,503,0.6420005808117624,21,77314,7,70416,323,322179,0,0,399493,244251,0.17626341387708921,True,True,53.300000000000004,5,21,0,2,4,0,0,1219,0,0,3,"{""cut_target"": 7, ""harmful_exit"": 152, ""neutral_exit"": 683, ""no_active_exit"": 33, ""saved_stop"": 21, ""timeout_improved"": 323}","{""candidate_after_baseline_exit"": 2, ""candidate_after_max_hold"": 4, ""mask_excluded_candidate_class"": 1, ""no_candidate"": 21, ""none"": 1186, ""stale_data_no_action"": 5}",True
shadow-burnin-v3-r50-tsv2-logging-only-target60-stop60-exit-replay-maxwait66000-r1,M7_CLASS_RESTRICTED / 10000 / -6000 / 60000,M7_CLASS_RESTRICTED,10000,-6000,60000,G0_NONE,20000,holdout,1218,0,1186,32,4,26,1188,-623991,-512.307881773399,-202.0,-438292,-359.8456486042693,-202.0,185699,152.46223316912972,0.0,156.57588532883642,0.0,391,140,655,0.736346516007533,531,0.6972687658528305,18,78353,2,20678,373,325767,0,0,404120,218421,0.051167969909927745,True,True,55.300000000000004,5,17,2,0,7,0,0,1218,0,0,3,"{""cut_target"": 2, ""harmful_exit"": 138, ""neutral_exit"": 655, ""no_active_exit"": 32, ""saved_stop"": 18, ""timeout_improved"": 373}","{""candidate_after_max_hold"": 7, ""mask_excluded_candidate_class"": 1, ""no_candidate"": 17, ""none"": 1186, ""not_active_exit_eligible"": 2, ""stale_data_no_action"": 5}",True
shadow-burnin-v3-r50-tsv2-logging-only-target60-stop60-exit-replay-maxwait66000-r1,M7_CLASS_RESTRICTED / 10000 / -6000 / 60000,M7_CLASS_RESTRICTED,10000,-6000,60000,G0_NONE,30000,train,1219,0,1160,59,14,46,1159,-620776,-509.2502050861362,-202.0,-463346,-380.1033634126333,-202.0,157430,129.14684167350288,0.0,135.7155172413793,0.0,307,119,734,0.7206572769953051,426,0.6762237279122689,19,93814,5,50468,288,260344,0,0,354158,196728,0.14250136944527583,True,True,47.8,3,42,1,1,11,0,0,1219,0,0,3,"{""cut_target"": 5, ""harmful_exit"": 114, ""neutral_exit"": 734, ""no_active_exit"": 59, ""saved_stop"": 19, ""timeout_improved"": 288}","{""candidate_after_baseline_exit"": 1, ""candidate_after_max_hold"": 11, ""mask_excluded_candidate_class"": 1, ""no_candidate"": 42, ""none"": 1160, ""not_active_exit_eligible"": 1, ""stale_data_no_action"": 3}",True
shadow-burnin-v3-r50-tsv2-logging-only-target60-stop60-exit-replay-maxwait66000-r1,M7_CLASS_RESTRICTED / 10000 / -6000 / 60000,M7_CLASS_RESTRICTED,10000,-6000,60000,G0_NONE,30000,validation,1219,0,1186,33,14,34,1171,-613618,-503.37817883511076,-202.0,-458376,-376.02625102543067,-202.0,155242,127.35192780968006,0.0,130.89544688026982,0.0,344,159,683,0.68389662027833,503,0.6420005808117624,21,77314,7,70416,323,322179,0,0,399493,244251,0.17626341387708921,True,True,53.300000000000004,5,21,0,2,4,0,0,1219,0,0,3,"{""cut_target"": 7, ""harmful_exit"": 152, ""neutral_exit"": 683, ""no_active_exit"": 33, ""saved_stop"": 21, ""timeout_improved"": 323}","{""candidate_after_baseline_exit"": 2, ""candidate_after_max_hold"": 4, ""mask_excluded_candidate_class"": 1, ""no_candidate"": 21, ""none"": 1186, ""stale_data_no_action"": 5}",True
shadow-burnin-v3-r50-tsv2-logging-only-target60-stop60-exit-replay-maxwait66000-r1,M7_CLASS_RESTRICTED / 10000 / -6000 / 60000,M7_CLASS_RESTRICTED,10000,-6000,60000,G0_NONE,30000,holdout,1218,0,1186,32,4,26,1188,-623991,-512.307881773399,-202.0,-438292,-359.8456486042693,-202.0,185699,152.46223316912972,0.0,156.57588532883642,0.0,391,140,655,0.736346516007533,531,0.6972687658528305,18,78353,2,20678,373,325767,0,0,404120,218421,0.051167969909927745,True,True,55.300000000000004,5,17,2,0,7,0,0,1218,0,0,3,"{""cut_target"": 2, ""harmful_exit"": 138, ""neutral_exit"": 655, ""no_active_exit"": 32, ""saved_stop"": 18, ""timeout_improved"": 373}","{""candidate_after_max_hold"": 7, ""mask_excluded_candidate_class"": 1, ""no_candidate"": 17, ""none"": 1186, ""not_active_exit_eligible"": 2, ""stale_data_no_action"": 5}",True
shadow-burnin-v3-r50-tsv2-logging-only-target60-stop60-exit-replay-maxwait66000-r1,M7_CLASS_RESTRICTED / 10000 / -6000 / 60000,M7_CLASS_RESTRICTED,10000,-6000,60000,G0_NONE,45000,train,1219,0,1160,59,14,46,1159,-620776,-509.2502050861362,-202.0,-463346,-380.1033634126333,-202.0,157430,129.14684167350288,0.0,135.7155172413793,0.0,307,119,734,0.7206572769953051,426,0.6762237279122689,19,93814,5,50468,288,260344,0,0,354158,196728,0.14250136944527583,True,True,47.8,3,42,1,1,11,0,0,1219,0,0,3,"{""cut_target"": 5, ""harmful_exit"": 114, ""neutral_exit"": 734, ""no_active_exit"": 59, ""saved_stop"": 19, ""timeout_improved"": 288}","{""candidate_after_baseline_exit"": 1, ""candidate_after_max_hold"": 11, ""mask_excluded_candidate_class"": 1, ""no_candidate"": 42, ""none"": 1160, ""not_active_exit_eligible"": 1, ""stale_data_no_action"": 3}",True
shadow-burnin-v3-r50-tsv2-logging-only-target60-stop60-exit-replay-maxwait66000-r1,M7_CLASS_RESTRICTED / 10000 / -6000 / 60000,M7_CLASS_RESTRICTED,10000,-6000,60000,G0_NONE,45000,validation,1219,0,1186,33,14,34,1171,-613618,-503.37817883511076,-202.0,-458376,-376.02625102543067,-202.0,155242,127.35192780968006,0.0,130.89544688026982,0.0,344,159,683,0.68389662027833,503,0.6420005808117624,21,77314,7,70416,323,322179,0,0,399493,244251,0.17626341387708921,True,True,53.300000000000004,5,21,0,2,4,0,0,1219,0,0,3,"{""cut_target"": 7, ""harmful_exit"": 152, ""neutral_exit"": 683, ""no_active_exit"": 33, ""saved_stop"": 21, ""timeout_improved"": 323}","{""candidate_after_baseline_exit"": 2, ""candidate_after_max_hold"": 4, ""mask_excluded_candidate_class"": 1, ""no_candidate"": 21, ""none"": 1186, ""stale_data_no_action"": 5}",True
shadow-burnin-v3-r50-tsv2-logging-only-target60-stop60-exit-replay-maxwait66000-r1,M7_CLASS_RESTRICTED / 10000 / -6000 / 60000,M7_CLASS_RESTRICTED,10000,-6000,60000,G0_NONE,45000,holdout,1218,0,1186,32,4,26,1188,-623991,-512.307881773399,-202.0,-438292,-359.8456486042693,-202.0,185699,152.46223316912972,0.0,156.57588532883642,0.0,391,140,655,0.736346516007533,531,0.6972687658528305,18,78353,2,20678,373,325767,0,0,404120,218421,0.051167969909927745,True,True,55.300000000000004,5,17,2,0,7,0,0,1218,0,0,3,"{""cut_target"": 2, ""harmful_exit"": 138, ""neutral_exit"": 655, ""no_active_exit"": 32, ""saved_stop"": 18, ""timeout_improved"": 373}","{""candidate_after_max_hold"": 7, ""mask_excluded_candidate_class"": 1, ""no_candidate"": 17, ""none"": 1186, ""not_active_exit_eligible"": 2, ""stale_data_no_action"": 5}",True
shadow-burnin-v3-r50-tsv2-logging-only-target60-stop60-exit-replay-maxwait66000-r1,M7_CLASS_RESTRICTED / 10000 / -6000 / 60000,M7_CLASS_RESTRICTED,10000,-6000,60000,G1_STEADY_EARLY_STRENGTH,10000,train,1219,0,1119,100,14,46,1159,-620776,-509.2502050861362,-202.0,-488305,-400.5783429040197,-202.0,132471,108.67186218211648,0.0,118.38337801608579,0.0,287,102,730,0.7377892030848329,389,0.6919076826563703,14,56321,4,41554,273,236230,0,0,292551,160080,0.14204019128288742,True,True,41.3,3,42,1,1,11,0,0,1219,0,0,2,"{""cut_target"": 4, ""harmful_exit"": 98, ""neutral_exit"": 730, ""no_active_exit"": 100, ""saved_stop"": 14, ""timeout_improved"": 273}","{""candidate_after_baseline_exit"": 1, ""candidate_after_max_hold"": 11, ""mask_excluded_candidate_class"": 1, ""no_candidate"": 42, ""none"": 1119, ""not_active_exit_eligible"": 1, ""rtp_guard_protected"": 41, ""stale_data_no_action"": 3}",True
shadow-burnin-v3-r50-tsv2-logging-only-target60-stop60-exit-replay-maxwait66000-r1,M7_CLASS_RESTRICTED / 10000 / -6000 / 60000,M7_CLASS_RESTRICTED,10000,-6000,60000,G1_STEADY_EARLY_STRENGTH,10000,validation,1219,0,1127,92,14,34,1171,-613618,-503.37817883511076,-202.0,-448653,-368.0500410172272,-202.0,164965,135.32813781788352,0.0,146.37533274179236,0.0,314,134,679,0.7008928571428571,448,0.6569327052013174,19,67168,3,32664,295,260802,0,0,327970,163005,0.09959447510443029,True,True,48.5,5,21,0,2,4,0,0,1219,0,0,2,"{""cut_target"": 3, ""harmful_exit"": 131, ""neutral_exit"": 679, ""no_active_exit"": 92, ""saved_stop"": 19, ""timeout_improved"": 295}","{""candidate_after_baseline_exit"": 2, ""candidate_after_max_hold"": 4, ""mask_excluded_candidate_class"": 1, ""no_candidate"": 21, ""none"": 1127, ""rtp_guard_protected"": 59, ""stale_data_no_action"": 5}",True
shadow-burnin-v3-r50-tsv2-logging-only-target60-stop60-exit-replay-maxwait66000-r1,M7_CLASS_RESTRICTED / 10000 / -6000 / 60000,M7_CLASS_RESTRICTED,10000,-6000,60000,G1_STEADY_EARLY_STRENGTH,10000,holdout,1218,0,1134,84,4,26,1188,-623991,-512.307881773399,-202.0,-455042,-373.5977011494253,-202.0,168949,138.71018062397374,0.0,148.98500881834215,0.0,364,118,652,0.7551867219917012,482,0.7148821801756414,15,62196,1,12514,349,269218,0,0,331414,162465,0.03775941873306499,True,True,49.9,5,17,2,0,7,0,0,1218,0,0,3,"{""cut_target"": 1, ""harmful_exit"": 117, ""neutral_exit"": 652, ""no_active_exit"": 84, ""saved_stop"": 15, ""timeout_improved"": 349}","{""candidate_after_max_hold"": 7, ""mask_excluded_candidate_class"": 1, ""no_candidate"": 17, ""none"": 1134, ""not_active_exit_eligible"": 2, ""rtp_guard_protected"": 52, ""stale_data_no_action"": 5}",True
shadow-burnin-v3-r50-tsv2-logging-only-target60-stop60-exit-replay-maxwait66000-r1,M7_CLASS_RESTRICTED / 10000 / -6000 / 60000,M7_CLASS_RESTRICTED,10000,-6000,60000,G1_STEADY_EARLY_STRENGTH,20000,train,1219,0,1120,99,14,46,1159,-620776,-509.2502050861362,-202.0,-507773,-416.5488105004102,-202.0,113003,92.701394585726,0.0,100.89553571428571,0.0,285,105,730,0.7307692307692307,390,0.6846539293154279,13,48669,4,41554,272,231662,0,0,280331,167328,0.14823191156168958,True,True,40.2,3,42,1,1,11,0,0,1219,0,0,2,"{""cut_target"": 4, ""harmful_exit"": 101, ""neutral_exit"": 730, ""no_active_exit"": 99, ""saved_stop"": 13, ""timeout_improved"": 272}","{""candidate_after_baseline_exit"": 1, ""candidate_after_max_hold"": 11, ""mask_excluded_candidate_class"": 1, ""no_candidate"": 42, ""none"": 1120, ""not_active_exit_eligible"": 1, ""rtp_guard_protected"": 40, ""stale_data_no_action"": 3}",True
shadow-burnin-v3-r50-tsv2-logging-only-target60-stop60-exit-replay-maxwait66000-r1,M7_CLASS_RESTRICTED / 10000 / -6000 / 60000,M7_CLASS_RESTRICTED,10000,-6000,60000,G1_STEADY_EARLY_STRENGTH,20000,validation,1219,0,1129,90,14,34,1171,-613618,-503.37817883511076,-202.0,-475202,-389.8293683347006,-202.0,138416,113.54881050041017,0.0,122.60053144375554,0.0,313,136,680,0.6971046770601337,449,0.6530772205261356,18,60197,4,45363,295,265247,0,0,325444,187028,0.13938803603692188,True,True,47.5,5,21,0,2,4,0,0,1219,0,0,2,"{""cut_target"": 4, ""harmful_exit"": 132, ""neutral_exit"": 680, ""no_active_exit"": 90, ""saved_stop"": 18, ""timeout_improved"": 295}","{""candidate_after_baseline_exit"": 2, ""candidate_after_max_hold"": 4, ""mask_excluded_candidate_class"": 1, ""no_candidate"": 21, ""none"": 1129, ""rtp_guard_protected"": 57, ""stale_data_no_action"": 5}",True
shadow-burnin-v3-r50-tsv2-logging-only-target60-stop60-exit-replay-maxwait66000-r1,M7_CLASS_RESTRICTED / 10000 / -6000 / 60000,M7_CLASS_RESTRICTED,10000,-6000,60000,G1_STEADY_EARLY_STRENGTH,20000,holdout,1218,0,1132,86,4,26,1188,-623991,-512.307881773399,-202.0,-467488,-383.81609195402297,-202.0,156503,128.49178981937604,0.0,138.2535335689046,0.0,361,119,652,0.7520833333333333,480,0.7115545643923057,16,67983,1,12514,345,252159,0,0,320142,163639,0.03908890429871745,True,True,50.5,5,17,2,0,7,0,0,1218,0,0,3,"{""cut_target"": 1, ""harmful_exit"": 118, ""neutral_exit"": 652, ""no_active_exit"": 86, ""saved_stop"": 16, ""timeout_improved"": 345}","{""candidate_after_max_hold"": 7, ""mask_excluded_candidate_class"": 1, ""no_candidate"": 17, ""none"": 1132, ""not_active_exit_eligible"": 2, ""rtp_guard_protected"": 54, ""stale_data_no_action"": 5}",True
shadow-burnin-v3-r50-tsv2-logging-only-target60-stop60-exit-replay-maxwait66000-r1,M7_CLASS_RESTRICTED / 10000 / -6000 / 60000,M7_CLASS_RESTRICTED,10000,-6000,60000,G1_STEADY_EARLY_STRENGTH,30000,train,1219,0,1124,95,14,46,1159,-620776,-509.2502050861362,-202.0,-501544,-411.4388843314192,-202.0,119232,97.81132075471699,0.0,106.07829181494662,0.0,287,104,733,0.7340153452685422,391,0.6880961086246329,13,48669,4,41554,274,237070,0,0,285739,166507,0.14542642061461683,True,True,40.400000000000006,3,42,1,1,11,0,0,1219,0,0,2,"{""cut_target"": 4, ""harmful_exit"": 100, ""neutral_exit"": 733, ""no_active_exit"": 95, ""saved_stop"": 13, ""timeout_improved"": 274}","{""candidate_after_baseline_exit"": 1, ""candidate_after_max_hold"": 11, ""mask_excluded_candidate_class"": 1, ""no_candidate"": 42, ""none"": 1124, ""not_active_exit_eligible"": 1, ""rtp_guard_protected"": 36, ""stale_data_no_action"": 3}",True
shadow-burnin-v3-r50-tsv2-logging-only-target60-stop60-exit-replay-maxwait66000-r1,M7_CLASS_RESTRICTED / 10000 / -6000 / 60000,M7_CLASS_RESTRICTED,10000,-6000,60000,G1_STEADY_EARLY_STRENGTH,30000,validation,1219,0,1134,85,14,34,1171,-613618,-503.37817883511076,-202.0,-461088,-378.2510254306809,-202.0,152530,125.12715340442986,0.0,134.50617283950618,0.0,316,138,680,0.6960352422907489,454,0.6522257888489023,20,70187,4,45363,296,270599,0,0,340786,188256,0.1331128626175958,True,True,49.6,5,21,0,2,4,0,0,1219,0,0,2,"{""cut_target"": 4, ""harmful_exit"": 134, ""neutral_exit"": 680, ""no_active_exit"": 85, ""saved_stop"": 20, ""timeout_improved"": 296}","{""candidate_after_baseline_exit"": 2, ""candidate_after_max_hold"": 4, ""mask_excluded_candidate_class"": 1, ""no_candidate"": 21, ""none"": 1134, ""rtp_guard_protected"": 52, ""stale_data_no_action"": 5}",True
shadow-burnin-v3-r50-tsv2-logging-only-target60-stop60-exit-replay-maxwait66000-r1,M7_CLASS_RESTRICTED / 10000 / -6000 / 60000,M7_CLASS_RESTRICTED,10000,-6000,60000,G1_STEADY_EARLY_STRENGTH,30000,holdout,1218,0,1132,86,4,26,1188,-623991,-512.307881773399,-202.0,-464758,-381.57471264367814,-202.0,159233,130.73316912972086,0.0,140.66519434628975,0.0,361,119,652,0.7520833333333333,480,0.7115545643923057,17,71523,1,12514,344,251349,0,0,322872,163639,0.038758393419063904,True,True,51.4,5,17,2,0,7,0,0,1218,0,0,3,"{""cut_target"": 1, ""harmful_exit"": 118, ""neutral_exit"": 652, ""no_active_exit"": 86, ""saved_stop"": 17, ""timeout_improved"": 344}","{""candidate_after_max_hold"": 7, ""mask_excluded_candidate_class"": 1, ""no_candidate"": 17, ""none"": 1132, ""not_active_exit_eligible"": 2, ""rtp_guard_protected"": 54, ""stale_data_no_action"": 5}",True
shadow-burnin-v3-r50-tsv2-logging-only-target60-stop60-exit-replay-maxwait66000-r1,M7_CLASS_RESTRICTED / 10000 / -6000 / 60000,M7_CLASS_RESTRICTED,10000,-6000,60000,G1_STEADY_EARLY_STRENGTH,45000,train,1219,0,1126,93,14,46,1159,-620776,-509.2502050861362,-202.0,-499485,-409.7497949138638,-202.0,121291,99.50041017227235,0.0,107.71847246891652,0.0,288,105,733,0.732824427480916,393,0.6869774324508873,13,48669,4,41554,275,239133,0,0,287802,166511,0.14438398621274348,True,True,40.5,3,42,1,1,11,0,0,1219,0,0,2,"{""cut_target"": 4, ""harmful_exit"": 101, ""neutral_exit"": 733, ""no_active_exit"": 93, ""saved_stop"": 13, ""timeout_improved"": 275}","{""candidate_after_baseline_exit"": 1, ""candidate_after_max_hold"": 11, ""mask_excluded_candidate_class"": 1, ""no_candidate"": 42, ""none"": 1126, ""not_active_exit_eligible"": 1, ""rtp_guard_protected"": 34, ""stale_data_no_action"": 3}",True
shadow-burnin-v3-r50-tsv2-logging-only-target60-stop60-exit-replay-maxwait66000-r1,M7_CLASS_RESTRICTED / 10000 / -6000 / 60000,M7_CLASS_RESTRICTED,10000,-6000,60000,G1_STEADY_EARLY_STRENGTH,45000,validation,1219,0,1136,83,14,34,1171,-613618,-503.37817883511076,-202.0,-462166,-379.1353568498769,-202.0,151452,124.2428219852338,0.0,133.32042253521126,0.0,318,138,680,0.6973684210526315,456,0.6536985835797424,19,64272,4,45363,299,275436,0,0,339708,188256,0.1335352714684376,True,True,48.900000000000006,5,21,0,2,4,0,0,1219,0,0,2,"{""cut_target"": 4, ""harmful_exit"": 134, ""neutral_exit"": 680, ""no_active_exit"": 83, ""saved_stop"": 19, ""timeout_improved"": 299}","{""candidate_after_baseline_exit"": 2, ""candidate_after_max_hold"": 4, ""mask_excluded_candidate_class"": 1, ""no_candidate"": 21, ""none"": 1136, ""rtp_guard_protected"": 50, ""stale_data_no_action"": 5}",True
shadow-burnin-v3-r50-tsv2-logging-only-target60-stop60-exit-replay-maxwait66000-r1,M7_CLASS_RESTRICTED / 10000 / -6000 / 60000,M7_CLASS_RESTRICTED,10000,-6000,60000,G1_STEADY_EARLY_STRENGTH,45000,holdout,1218,0,1133,85,4,26,1188,-623991,-512.307881773399,-202.0,-464758,-381.57471264367814,-202.0,159233,130.73316912972086,0.0,140.54104148278907,0.0,361,119,653,0.7520833333333333,480,0.7115545643923057,17,71523,1,12514,344,251349,0,0,322872,163639,0.038758393419063904,True,True,51.4,5,17,2,0,7,0,0,1218,0,0,3,"{""cut_target"": 1, ""harmful_exit"": 118, ""neutral_exit"": 653, ""no_active_exit"": 85, ""saved_stop"": 17, ""timeout_improved"": 344}","{""candidate_after_max_hold"": 7, ""mask_excluded_candidate_class"": 1, ""no_candidate"": 17, ""none"": 1133, ""not_active_exit_eligible"": 2, ""rtp_guard_protected"": 53, ""stale_data_no_action"": 5}",True
shadow-burnin-v3-r50-tsv2-logging-only-target60-stop60-exit-replay-maxwait66000-r1,M7_CLASS_RESTRICTED / 10000 / -6000 / 60000,M7_CLASS_RESTRICTED,10000,-6000,60000,G2_RECOVERY_AFTER_EARLY_DRAWDOWN,10000,train,1219,0,1157,62,14,46,1159,-620776,-509.2502050861362,-202.0,-454966,-373.22887612797376,-202.0,165810,136.02132895816243,0.0,143.3102852203976,0.0,306,117,734,0.723404255319149,423,0.6789106956729037,19,93814,4,39860,287,257468,0,0,351282,185472,0.1134700895576773,True,True,47.7,3,42,1,1,11,0,0,1219,0,0,3,"{""cut_target"": 4, ""harmful_exit"": 113, ""neutral_exit"": 734, ""no_active_exit"": 62, ""saved_stop"": 19, ""timeout_improved"": 287}","{""candidate_after_baseline_exit"": 1, ""candidate_after_max_hold"": 11, ""mask_excluded_candidate_class"": 1, ""no_candidate"": 42, ""none"": 1157, ""not_active_exit_eligible"": 1, ""rtp_guard_protected"": 3, ""stale_data_no_action"": 3}",True
shadow-burnin-v3-r50-tsv2-logging-only-target60-stop60-exit-replay-maxwait66000-r1,M7_CLASS_RESTRICTED / 10000 / -6000 / 60000,M7_CLASS_RESTRICTED,10000,-6000,60000,G2_RECOVERY_AFTER_EARLY_DRAWDOWN,10000,validation,1219,0,1177,42,14,34,1171,-613618,-503.37817883511076,-202.0,-459225,-376.72272354388843,-202.0,154393,126.65545529122231,0.0,131.1750212404418,0.0,338,156,683,0.6842105263157895,494,0.6419327952979982,21,77314,7,70416,317,317407,0,0,394721,240328,0.17839435956029703,True,True,52.7,5,21,0,2,4,0,0,1219,0,0,3,"{""cut_target"": 7, ""harmful_exit"": 149, ""neutral_exit"": 683, ""no_active_exit"": 42, ""saved_stop"": 21, ""timeout_improved"": 317}","{""candidate_after_baseline_exit"": 2, ""candidate_after_max_hold"": 4, ""mask_excluded_candidate_class"": 1, ""no_candidate"": 21, ""none"": 1177, ""rtp_guard_protected"": 9, ""stale_data_no_action"": 5}",True
shadow-burnin-v3-r50-tsv2-logging-only-target60-stop60-exit-replay-maxwait66000-r1,M7_CLASS_RESTRICTED / 10000 / -6000 / 60000,M7_CLASS_RESTRICTED,10000,-6000,60000,G2_RECOVERY_AFTER_EARLY_DRAWDOWN,10000,holdout,1218,0,1177,41,4,26,1188,-623991,-512.307881773399,-202.0,-431949,-354.63793103448273,-202.0,192042,157.66995073891624,0.0,163.1622769753611,0.0,387,136,654,0.739961759082218,523,0.7007143774853181,18,78353,2,20678,369,319403,0,0,397756,205714,0.051986645078892585,True,True,54.9,5,17,2,0,7,0,0,1218,0,0,3,"{""cut_target"": 2, ""harmful_exit"": 134, ""neutral_exit"": 654, ""no_active_exit"": 41, ""saved_stop"": 18, ""timeout_improved"": 369}","{""candidate_after_max_hold"": 7, ""mask_excluded_candidate_class"": 1, ""no_candidate"": 17, ""none"": 1177, ""not_active_exit_eligible"": 2, ""rtp_guard_protected"": 9, ""stale_data_no_action"": 5}",True
shadow-burnin-v3-r50-tsv2-logging-only-target60-stop60-exit-replay-maxwait66000-r1,M7_CLASS_RESTRICTED / 10000 / -6000 / 60000,M7_CLASS_RESTRICTED,10000,-6000,60000,G2_RECOVERY_AFTER_EARLY_DRAWDOWN,20000,train,1219,0,1156,63,14,46,1159,-620776,-509.2502050861362,-202.0,-463661,-380.36177194421657,-202.0,157115,128.88843314191962,0.0,135.91262975778545,0.0,305,117,734,0.7227488151658767,422,0.6781757631767029,19,93814,5,50468,286,258493,0,0,352307,195192,0.14325006315514593,True,True,47.6,3,42,1,1,11,0,0,1219,0,0,3,"{""cut_target"": 5, ""harmful_exit"": 112, ""neutral_exit"": 734, ""no_active_exit"": 63, ""saved_stop"": 19, ""timeout_improved"": 286}","{""candidate_after_baseline_exit"": 1, ""candidate_after_max_hold"": 11, ""mask_excluded_candidate_class"": 1, ""no_candidate"": 42, ""none"": 1156, ""not_active_exit_eligible"": 1, ""rtp_guard_protected"": 4, ""stale_data_no_action"": 3}",True
shadow-burnin-v3-r50-tsv2-logging-only-target60-stop60-exit-replay-maxwait66000-r1,M7_CLASS_RESTRICTED / 10000 / -6000 / 60000,M7_CLASS_RESTRICTED,10000,-6000,60000,G2_RECOVERY_AFTER_EARLY_DRAWDOWN,20000,validation,1219,0,1171,48,14,34,1171,-613618,-503.37817883511076,-202.0,-458918,-376.47087776866283,-202.0,154700,126.90730106644791,0.0,132.10930828351837,0.0,338,150,683,0.6926229508196722,488,0.6503133386574168,20,71243,7,70416,318,317859,0,0,389102,234402,0.1809705424284635,True,True,51.8,5,21,0,2,4,0,0,1219,0,0,3,"{""cut_target"": 7, ""harmful_exit"": 143, ""neutral_exit"": 683, ""no_active_exit"": 48, ""saved_stop"": 20, ""timeout_improved"": 318}","{""candidate_after_baseline_exit"": 2, ""candidate_after_max_hold"": 4, ""mask_excluded_candidate_class"": 1, ""no_candidate"": 21, ""none"": 1171, ""rtp_guard_protected"": 15, ""stale_data_no_action"": 5}",True
shadow-burnin-v3-r50-tsv2-logging-only-target60-stop60-exit-replay-maxwait66000-r1,M7_CLASS_RESTRICTED / 10000 / -6000 / 60000,M7_CLASS_RESTRICTED,10000,-6000,60000,G2_RECOVERY_AFTER_EARLY_DRAWDOWN,20000,holdout,1218,0,1176,42,4,26,1188,-623991,-512.307881773399,-202.0,-443522,-364.1395730706075,-202.0,180469,148.16830870279145,0.0,153.46003401360545,0.0,385,137,654,0.7375478927203065,522,0.698167913252976,18,78353,2,20678,367,318424,0,0,396777,216308,0.05211491593514745,True,True,54.7,5,17,2,0,7,0,0,1218,0,0,3,"{""cut_target"": 2, ""harmful_exit"": 135, ""neutral_exit"": 654, ""no_active_exit"": 42, ""saved_stop"": 18, ""timeout_improved"": 367}","{""candidate_after_max_hold"": 7, ""mask_excluded_candidate_class"": 1, ""no_candidate"": 17, ""none"": 1176, ""not_active_exit_eligible"": 2, ""rtp_guard_protected"": 10, ""stale_data_no_action"": 5}",True
shadow-burnin-v3-r50-tsv2-logging-only-target60-stop60-exit-replay-maxwait66000-r1,M7_CLASS_RESTRICTED / 10000 / -6000 / 60000,M7_CLASS_RESTRICTED,10000,-6000,60000,G2_RECOVERY_AFTER_EARLY_DRAWDOWN,30000,train,1219,0,1154,65,14,46,1159,-620776,-509.2502050861362,-202.0,-464481,-381.0344544708778,-202.0,156295,128.2157506152584,0.0,135.43760831889082,0.0,304,116,734,0.7238095238095238,420,0.6791667320557446,19,93814,5,50468,285,257057,0,0,350871,194576,0.14383633871137824,True,True,47.5,3,42,1,1,11,0,0,1219,0,0,3,"{""cut_target"": 5, ""harmful_exit"": 111, ""neutral_exit"": 734, ""no_active_exit"": 65, ""saved_stop"": 19, ""timeout_improved"": 285}","{""candidate_after_baseline_exit"": 1, ""candidate_after_max_hold"": 11, ""mask_excluded_candidate_class"": 1, ""no_candidate"": 42, ""none"": 1154, ""not_active_exit_eligible"": 1, ""rtp_guard_protected"": 6, ""stale_data_no_action"": 3}",True
shadow-burnin-v3-r50-tsv2-logging-only-target60-stop60-exit-replay-maxwait66000-r1,M7_CLASS_RESTRICTED / 10000 / -6000 / 60000,M7_CLASS_RESTRICTED,10000,-6000,60000,G2_RECOVERY_AFTER_EARLY_DRAWDOWN,30000,validation,1219,0,1172,47,14,34,1171,-613618,-503.37817883511076,-202.0,-460270,-377.5799835931091,-202.0,153348,125.79819524200164,0.0,130.8430034129693,0.0,339,151,682,0.6918367346938775,490,0.6495935203007843,20,71243,7,70416,319,317862,0,0,389105,235757,0.18096914714537207,True,True,51.900000000000006,5,21,0,2,4,0,0,1219,0,0,3,"{""cut_target"": 7, ""harmful_exit"": 144, ""neutral_exit"": 682, ""no_active_exit"": 47, ""saved_stop"": 20, ""timeout_improved"": 319}","{""candidate_after_baseline_exit"": 2, ""candidate_after_max_hold"": 4, ""mask_excluded_candidate_class"": 1, ""no_candidate"": 21, ""none"": 1172, ""rtp_guard_protected"": 14, ""stale_data_no_action"": 5}",True
shadow-burnin-v3-r50-tsv2-logging-only-target60-stop60-exit-replay-maxwait66000-r1,M7_CLASS_RESTRICTED / 10000 / -6000 / 60000,M7_CLASS_RESTRICTED,10000,-6000,60000,G2_RECOVERY_AFTER_EARLY_DRAWDOWN,30000,holdout,1218,0,1177,41,4,26,1188,-623991,-512.307881773399,-202.0,-443845,-364.4047619047619,-202.0,180146,147.9031198686371,0.0,153.0552251486831,0.0,385,138,654,0.7361376673040153,523,0.6967428555789825,18,78353,2,20678,367,318424,0,0,396777,216631,0.05211491593514745,True,True,54.7,5,17,2,0,7,0,0,1218,0,0,3,"{""cut_target"": 2, ""harmful_exit"": 136, ""neutral_exit"": 654, ""no_active_exit"": 41, ""saved_stop"": 18, ""timeout_improved"": 367}","{""candidate_after_max_hold"": 7, ""mask_excluded_candidate_class"": 1, ""no_candidate"": 17, ""none"": 1177, ""not_active_exit_eligible"": 2, ""rtp_guard_protected"": 9, ""stale_data_no_action"": 5}",True
shadow-burnin-v3-r50-tsv2-logging-only-target60-stop60-exit-replay-maxwait66000-r1,M7_CLASS_RESTRICTED / 10000 / -6000 / 60000,M7_CLASS_RESTRICTED,10000,-6000,60000,G2_RECOVERY_AFTER_EARLY_DRAWDOWN,45000,train,1219,0,1153,66,14,46,1159,-620776,-509.2502050861362,-202.0,-462705,-379.57752255947497,-202.0,158071,129.6726825266612,0.0,137.09540329575023,0.0,304,115,734,0.7255369928400954,419,0.6809052068501928,19,93814,5,50468,285,257057,0,0,350871,192800,0.14383633871137824,True,True,47.5,3,42,1,1,11,0,0,1219,0,0,3,"{""cut_target"": 5, ""harmful_exit"": 110, ""neutral_exit"": 734, ""no_active_exit"": 66, ""saved_stop"": 19, ""timeout_improved"": 285}","{""candidate_after_baseline_exit"": 1, ""candidate_after_max_hold"": 11, ""mask_excluded_candidate_class"": 1, ""no_candidate"": 42, ""none"": 1153, ""not_active_exit_eligible"": 1, ""rtp_guard_protected"": 7, ""stale_data_no_action"": 3}",True
shadow-burnin-v3-r50-tsv2-logging-only-target60-stop60-exit-replay-maxwait66000-r1,M7_CLASS_RESTRICTED / 10000 / -6000 / 60000,M7_CLASS_RESTRICTED,10000,-6000,60000,G2_RECOVERY_AFTER_EARLY_DRAWDOWN,45000,validation,1219,0,1172,47,14,34,1171,-613618,-503.37817883511076,-202.0,-460270,-377.5799835931091,-202.0,153348,125.79819524200164,0.0,130.8430034129693,0.0,339,151,682,0.6918367346938775,490,0.6495935203007843,20,71243,7,70416,319,317862,0,0,389105,235757,0.18096914714537207,True,True,51.900000000000006,5,21,0,2,4,0,0,1219,0,0,3,"{""cut_target"": 7, ""harmful_exit"": 144, ""neutral_exit"": 682, ""no_active_exit"": 47, ""saved_stop"": 20, ""timeout_improved"": 319}","{""candidate_after_baseline_exit"": 2, ""candidate_after_max_hold"": 4, ""mask_excluded_candidate_class"": 1, ""no_candidate"": 21, ""none"": 1172, ""rtp_guard_protected"": 14, ""stale_data_no_action"": 5}",True
shadow-burnin-v3-r50-tsv2-logging-only-target60-stop60-exit-replay-maxwait66000-r1,M7_CLASS_RESTRICTED / 10000 / -6000 / 60000,M7_CLASS_RESTRICTED,10000,-6000,60000,G2_RECOVERY_AFTER_EARLY_DRAWDOWN,45000,holdout,1218,0,1177,41,4,26,1188,-623991,-512.307881773399,-202.0,-442115,-362.98440065681444,-202.0,181876,149.32348111658456,0.0,154.5250637213254,0.0,386,138,653,0.7366412213740458,524,0.6973046406613275,18,78353,2,20678,368,320154,0,0,398507,216631,0.05188867447748722,True,True,54.800000000000004,5,17,2,0,7,0,0,1218,0,0,3,"{""cut_target"": 2, ""harmful_exit"": 136, ""neutral_exit"": 653, ""no_active_exit"": 41, ""saved_stop"": 18, ""timeout_improved"": 368}","{""candidate_after_max_hold"": 7, ""mask_excluded_candidate_class"": 1, ""no_candidate"": 17, ""none"": 1177, ""not_active_exit_eligible"": 2, ""rtp_guard_protected"": 9, ""stale_data_no_action"": 5}",True
shadow-burnin-v3-r50-tsv2-logging-only-target60-stop60-exit-replay-maxwait66000-r1,M7_CLASS_RESTRICTED / 10000 / -6000 / 60000,M7_CLASS_RESTRICTED,10000,-6000,60000,G3_LOW_VOL_CONTINUATION,10000,train,1219,0,1143,76,14,46,1159,-620776,-509.2502050861362,-202.0,-495381,-406.383100902379,-202.0,125395,102.86710418375718,0.0,109.70691163604549,0.0,295,115,733,0.7195121951219512,410,0.6741446655100084,17,81459,4,40690,278,220053,0,0,301512,176117,0.13495316935976015,True,True,44.8,3,42,1,1,11,0,0,1219,0,0,3,"{""cut_target"": 4, ""harmful_exit"": 111, ""neutral_exit"": 733, ""no_active_exit"": 76, ""saved_stop"": 17, ""timeout_improved"": 278}","{""candidate_after_baseline_exit"": 1, ""candidate_after_max_hold"": 11, ""mask_excluded_candidate_class"": 1, ""no_candidate"": 42, ""none"": 1143, ""not_active_exit_eligible"": 1, ""rtp_guard_protected"": 17, ""stale_data_no_action"": 3}",True
shadow-burnin-v3-r50-tsv2-logging-only-target60-stop60-exit-replay-maxwait66000-r1,M7_CLASS_RESTRICTED / 10000 / -6000 / 60000,M7_CLASS_RESTRICTED,10000,-6000,60000,G3_LOW_VOL_CONTINUATION,10000,validation,1219,0,1163,56,14,34,1171,-613618,-503.37817883511076,-202.0,-459783,-377.1804757998359,-202.0,153835,126.19770303527481,0.0,132.274290627687,0.0,335,147,681,0.6950207468879668,482,0.6525109494036286,20,71399,7,70416,315,315006,0,0,386405,232570,0.18223366674861868,True,True,51.5,5,21,0,2,4,0,0,1219,0,0,3,"{""cut_target"": 7, ""harmful_exit"": 140, ""neutral_exit"": 681, ""no_active_exit"": 56, ""saved_stop"": 20, ""timeout_improved"": 315}","{""candidate_after_baseline_exit"": 2, ""candidate_after_max_hold"": 4, ""mask_excluded_candidate_class"": 1, ""no_candidate"": 21, ""none"": 1163, ""rtp_guard_protected"": 23, ""stale_data_no_action"": 5}",True
shadow-burnin-v3-r50-tsv2-logging-only-target60-stop60-exit-replay-maxwait66000-r1,M7_CLASS_RESTRICTED / 10000 / -6000 / 60000,M7_CLASS_RESTRICTED,10000,-6000,60000,G3_LOW_VOL_CONTINUATION,10000,holdout,1218,0,1176,42,4,26,1188,-623991,-512.307881773399,-202.0,-455791,-374.21264367816093,-202.0,168200,138.0952380952381,0.0,143.02721088435374,0.0,384,138,654,0.735632183908046,522,0.6961789871362175,18,78353,2,20678,366,306712,0,0,385065,216865,0.05370002467115941,True,True,54.6,5,17,2,0,7,0,0,1218,0,0,3,"{""cut_target"": 2, ""harmful_exit"": 136, ""neutral_exit"": 654, ""no_active_exit"": 42, ""saved_stop"": 18, ""timeout_improved"": 366}","{""candidate_after_max_hold"": 7, ""mask_excluded_candidate_class"": 1, ""no_candidate"": 17, ""none"": 1176, ""not_active_exit_eligible"": 2, ""rtp_guard_protected"": 10, ""stale_data_no_action"": 5}",True
shadow-burnin-v3-r50-tsv2-logging-only-target60-stop60-exit-replay-maxwait66000-r1,M7_CLASS_RESTRICTED / 10000 / -6000 / 60000,M7_CLASS_RESTRICTED,10000,-6000,60000,G3_LOW_VOL_CONTINUATION,20000,train,1219,0,1145,74,14,46,1159,-620776,-509.2502050861362,-202.0,-509688,-418.1197703035275,-202.0,111088,91.1304347826087,0.0,97.02008733624454,0.0,295,116,734,0.7177615571776156,411,0.6723864586067466,17,81459,4,40690,278,210893,0,0,292352,181264,0.13918153458844132,True,True,44.8,3,42,1,1,11,0,0,1219,0,0,3,"{""cut_target"": 4, ""harmful_exit"": 112, ""neutral_exit"": 734, ""no_active_exit"": 74, ""saved_stop"": 17, ""timeout_improved"": 278}","{""candidate_after_baseline_exit"": 1, ""candidate_after_max_hold"": 11, ""mask_excluded_candidate_class"": 1, ""no_candidate"": 42, ""none"": 1145, ""not_active_exit_eligible"": 1, ""rtp_guard_protected"": 15, ""stale_data_no_action"": 3}",True
shadow-burnin-v3-r50-tsv2-logging-only-target60-stop60-exit-replay-maxwait66000-r1,M7_CLASS_RESTRICTED / 10000 / -6000 / 60000,M7_CLASS_RESTRICTED,10000,-6000,60000,G3_LOW_VOL_CONTINUATION,20000,validation,1219,0,1164,55,14,34,1171,-613618,-503.37817883511076,-202.0,-457295,-375.1394585726005,-202.0,156323,128.23872026251024,0.0,134.29810996563575,0.0,335,149,680,0.6921487603305785,484,0.6496459800077179,21,77314,7,70416,314,311766,0,0,389080,232757,0.18098077516192043,True,True,52.400000000000006,5,21,0,2,4,0,0,1219,0,0,3,"{""cut_target"": 7, ""harmful_exit"": 142, ""neutral_exit"": 680, ""no_active_exit"": 55, ""saved_stop"": 21, ""timeout_improved"": 314}","{""candidate_after_baseline_exit"": 2, ""candidate_after_max_hold"": 4, ""mask_excluded_candidate_class"": 1, ""no_candidate"": 21, ""none"": 1164, ""rtp_guard_protected"": 22, ""stale_data_no_action"": 5}",True
shadow-burnin-v3-r50-tsv2-logging-only-target60-stop60-exit-replay-maxwait66000-r1,M7_CLASS_RESTRICTED / 10000 / -6000 / 60000,M7_CLASS_RESTRICTED,10000,-6000,60000,G3_LOW_VOL_CONTINUATION,20000,holdout,1218,0,1177,41,4,26,1188,-623991,-512.307881773399,-202.0,-450725,-370.05336617405584,-202.0,173266,142.2545155993432,0.0,147.20985556499576,0.0,386,138,653,0.7366412213740458,524,0.6973046406613275,18,78353,2,20678,368,311300,0,0,389653,216387,0.05306772949265116,True,True,54.800000000000004,5,17,2,0,7,0,0,1218,0,0,3,"{""cut_target"": 2, ""harmful_exit"": 136, ""neutral_exit"": 653, ""no_active_exit"": 41, ""saved_stop"": 18, ""timeout_improved"": 368}","{""candidate_after_max_hold"": 7, ""mask_excluded_candidate_class"": 1, ""no_candidate"": 17, ""none"": 1177, ""not_active_exit_eligible"": 2, ""rtp_guard_protected"": 9, ""stale_data_no_action"": 5}",True
shadow-burnin-v3-r50-tsv2-logging-only-target60-stop60-exit-replay-maxwait66000-r1,M7_CLASS_RESTRICTED / 10000 / -6000 / 60000,M7_CLASS_RESTRICTED,10000,-6000,60000,G3_LOW_VOL_CONTINUATION,30000,train,1219,0,1145,74,14,46,1159,-620776,-509.2502050861362,-202.0,-509688,-418.1197703035275,-202.0,111088,91.1304347826087,0.0,97.02008733624454,0.0,295,116,734,0.7177615571776156,411,0.6723864586067466,17,81459,4,40690,278,210893,0,0,292352,181264,0.13918153458844132,True,True,44.8,3,42,1,1,11,0,0,1219,0,0,3,"{""cut_target"": 4, ""harmful_exit"": 112, ""neutral_exit"": 734, ""no_active_exit"": 74, ""saved_stop"": 17, ""timeout_improved"": 278}","{""candidate_after_baseline_exit"": 1, ""candidate_after_max_hold"": 11, ""mask_excluded_candidate_class"": 1, ""no_candidate"": 42, ""none"": 1145, ""not_active_exit_eligible"": 1, ""rtp_guard_protected"": 15, ""stale_data_no_action"": 3}",True
shadow-burnin-v3-r50-tsv2-logging-only-target60-stop60-exit-replay-maxwait66000-r1,M7_CLASS_RESTRICTED / 10000 / -6000 / 60000,M7_CLASS_RESTRICTED,10000,-6000,60000,G3_LOW_VOL_CONTINUATION,30000,validation,1219,0,1164,55,14,34,1171,-613618,-503.37817883511076,-202.0,-457295,-375.1394585726005,-202.0,156323,128.23872026251024,0.0,134.29810996563575,0.0,335,149,680,0.6921487603305785,484,0.6496459800077179,21,77314,7,70416,314,311766,0,0,389080,232757,0.18098077516192043,True,True,52.400000000000006,5,21,0,2,4,0,0,1219,0,0,3,"{""cut_target"": 7, ""harmful_exit"": 142, ""neutral_exit"": 680, ""no_active_exit"": 55, ""saved_stop"": 21, ""timeout_improved"": 314}","{""candidate_after_baseline_exit"": 2, ""candidate_after_max_hold"": 4, ""mask_excluded_candidate_class"": 1, ""no_candidate"": 21, ""none"": 1164, ""rtp_guard_protected"": 22, ""stale_data_no_action"": 5}",True
shadow-burnin-v3-r50-tsv2-logging-only-target60-stop60-exit-replay-maxwait66000-r1,M7_CLASS_RESTRICTED / 10000 / -6000 / 60000,M7_CLASS_RESTRICTED,10000,-6000,60000,G3_LOW_VOL_CONTINUATION,30000,holdout,1218,0,1177,41,4,26,1188,-623991,-512.307881773399,-202.0,-450725,-370.05336617405584,-202.0,173266,142.2545155993432,0.0,147.20985556499576,0.0,386,138,653,0.7366412213740458,524,0.6973046406613275,18,78353,2,20678,368,311300,0,0,389653,216387,0.05306772949265116,True,True,54.800000000000004,5,17,2,0,7,0,0,1218,0,0,3,"{""cut_target"": 2, ""harmful_exit"": 136, ""neutral_exit"": 653, ""no_active_exit"": 41, ""saved_stop"": 18, ""timeout_improved"": 368}","{""candidate_after_max_hold"": 7, ""mask_excluded_candidate_class"": 1, ""no_candidate"": 17, ""none"": 1177, ""not_active_exit_eligible"": 2, ""rtp_guard_protected"": 9, ""stale_data_no_action"": 5}",True
shadow-burnin-v3-r50-tsv2-logging-only-target60-stop60-exit-replay-maxwait66000-r1,M7_CLASS_RESTRICTED / 10000 / -6000 / 60000,M7_CLASS_RESTRICTED,10000,-6000,60000,G3_LOW_VOL_CONTINUATION,45000,train,1219,0,1145,74,14,46,1159,-620776,-509.2502050861362,-202.0,-509688,-418.1197703035275,-202.0,111088,91.1304347826087,0.0,97.02008733624454,0.0,295,116,734,0.7177615571776156,411,0.6723864586067466,17,81459,4,40690,278,210893,0,0,292352,181264,0.13918153458844132,True,True,44.8,3,42,1,1,11,0,0,1219,0,0,3,"{""cut_target"": 4, ""harmful_exit"": 112, ""neutral_exit"": 734, ""no_active_exit"": 74, ""saved_stop"": 17, ""timeout_improved"": 278}","{""candidate_after_baseline_exit"": 1, ""candidate_after_max_hold"": 11, ""mask_excluded_candidate_class"": 1, ""no_candidate"": 42, ""none"": 1145, ""not_active_exit_eligible"": 1, ""rtp_guard_protected"": 15, ""stale_data_no_action"": 3}",True
shadow-burnin-v3-r50-tsv2-logging-only-target60-stop60-exit-replay-maxwait66000-r1,M7_CLASS_RESTRICTED / 10000 / -6000 / 60000,M7_CLASS_RESTRICTED,10000,-6000,60000,G3_LOW_VOL_CONTINUATION,45000,validation,1219,0,1164,55,14,34,1171,-613618,-503.37817883511076,-202.0,-457295,-375.1394585726005,-202.0,156323,128.23872026251024,0.0,134.29810996563575,0.0,335,149,680,0.6921487603305785,484,0.6496459800077179,21,77314,7,70416,314,311766,0,0,389080,232757,0.18098077516192043,True,True,52.400000000000006,5,21,0,2,4,0,0,1219,0,0,3,"{""cut_target"": 7, ""harmful_exit"": 142, ""neutral_exit"": 680, ""no_active_exit"": 55, ""saved_stop"": 21, ""timeout_improved"": 314}","{""candidate_after_baseline_exit"": 2, ""candidate_after_max_hold"": 4, ""mask_excluded_candidate_class"": 1, ""no_candidate"": 21, ""none"": 1164, ""rtp_guard_protected"": 22, ""stale_data_no_action"": 5}",True
shadow-burnin-v3-r50-tsv2-logging-only-target60-stop60-exit-replay-maxwait66000-r1,M7_CLASS_RESTRICTED / 10000 / -6000 / 60000,M7_CLASS_RESTRICTED,10000,-6000,60000,G3_LOW_VOL_CONTINUATION,45000,holdout,1218,0,1177,41,4,26,1188,-623991,-512.307881773399,-202.0,-450725,-370.05336617405584,-202.0,173266,142.2545155993432,0.0,147.20985556499576,0.0,386,138,653,0.7366412213740458,524,0.6973046406613275,18,78353,2,20678,368,311300,0,0,389653,216387,0.05306772949265116,True,True,54.800000000000004,5,17,2,0,7,0,0,1218,0,0,3,"{""cut_target"": 2, ""harmful_exit"": 136, ""neutral_exit"": 653, ""no_active_exit"": 41, ""saved_stop"": 18, ""timeout_improved"": 368}","{""candidate_after_max_hold"": 7, ""mask_excluded_candidate_class"": 1, ""no_candidate"": 17, ""none"": 1177, ""not_active_exit_eligible"": 2, ""rtp_guard_protected"": 9, ""stale_data_no_action"": 5}",True
shadow-burnin-v3-r50-tsv2-logging-only-target60-stop60-exit-replay-maxwait66000-r1,M7_CLASS_RESTRICTED / 10000 / -6000 / 60000,M7_CLASS_RESTRICTED,10000,-6000,60000,G4_DELAYED_DECISION_4000,10000,train,1219,0,1155,64,14,46,1159,-620776,-509.2502050861362,-202.0,-507564,-416.37735849056605,-202.0,113212,92.87284659557014,0.0,98.01904761904763,0.0,277,118,760,0.7012658227848101,395,0.6543663421406671,15,77101,5,47006,262,219108,0,0,296209,182997,0.15869200463186467,True,True,41.2,3,42,1,1,11,0,0,1219,0,0,3,"{""cut_target"": 5, ""harmful_exit"": 113, ""neutral_exit"": 760, ""no_active_exit"": 64, ""saved_stop"": 15, ""timeout_improved"": 262}","{""candidate_after_baseline_exit"": 1, ""candidate_after_max_hold"": 11, ""mask_excluded_candidate_class"": 1, ""no_candidate"": 42, ""none"": 1155, ""not_active_exit_eligible"": 1, ""rtp_delay_after_baseline_or_hold"": 5, ""stale_data_no_action"": 3}",True
shadow-burnin-v3-r50-tsv2-logging-only-target60-stop60-exit-replay-maxwait66000-r1,M7_CLASS_RESTRICTED / 10000 / -6000 / 60000,M7_CLASS_RESTRICTED,10000,-6000,60000,G4_DELAYED_DECISION_4000,10000,validation,1219,0,1182,37,14,34,1171,-613618,-503.37817883511076,-202.0,-483101,-396.30926989335524,-202.0,130517,107.06890894175554,0.0,110.42047377326566,0.0,316,153,713,0.673773987206823,469,0.6300808511852403,17,71681,7,53470,299,280040,0,0,351721,221204,0.1520239053113121,True,True,46.900000000000006,5,21,0,2,4,0,0,1219,0,0,3,"{""cut_target"": 7, ""harmful_exit"": 146, ""neutral_exit"": 713, ""no_active_exit"": 37, ""saved_stop"": 17, ""timeout_improved"": 299}","{""candidate_after_baseline_exit"": 2, ""candidate_after_max_hold"": 4, ""mask_excluded_candidate_class"": 1, ""no_candidate"": 21, ""none"": 1182, ""rtp_delay_after_baseline_or_hold"": 4, ""stale_data_no_action"": 5}",True
shadow-burnin-v3-r50-tsv2-logging-only-target60-stop60-exit-replay-maxwait66000-r1,M7_CLASS_RESTRICTED / 10000 / -6000 / 60000,M7_CLASS_RESTRICTED,10000,-6000,60000,G4_DELAYED_DECISION_4000,10000,holdout,1218,0,1185,33,4,26,1188,-623991,-512.307881773399,-202.0,-469466,-385.440065681445,-202.0,154525,126.86781609195403,0.0,130.40084388185653,0.0,362,129,694,0.7372708757637475,491,0.6966074602481186,17,72720,2,13790,345,289767,0,0,362487,207962,0.03804274360183951,True,True,51.5,5,17,2,0,7,0,0,1218,0,0,3,"{""cut_target"": 2, ""harmful_exit"": 127, ""neutral_exit"": 694, ""no_active_exit"": 33, ""saved_stop"": 17, ""timeout_improved"": 345}","{""candidate_after_max_hold"": 7, ""mask_excluded_candidate_class"": 1, ""no_candidate"": 17, ""none"": 1185, ""not_active_exit_eligible"": 2, ""rtp_delay_after_baseline_or_hold"": 1, ""stale_data_no_action"": 5}",True
shadow-burnin-v3-r50-tsv2-logging-only-target60-stop60-exit-replay-maxwait66000-r1,M7_CLASS_RESTRICTED / 10000 / -6000 / 60000,M7_CLASS_RESTRICTED,10000,-6000,60000,G4_DELAYED_DECISION_4000,20000,train,1219,0,1155,64,14,46,1159,-620776,-509.2502050861362,-202.0,-507564,-416.37735849056605,-202.0,113212,92.87284659557014,0.0,98.01904761904763,0.0,277,118,760,0.7012658227848101,395,0.6543663421406671,15,77101,5,47006,262,219108,0,0,296209,182997,0.15869200463186467,True,True,41.2,3,42,1,1,11,0,0,1219,0,0,3,"{""cut_target"": 5, ""harmful_exit"": 113, ""neutral_exit"": 760, ""no_active_exit"": 64, ""saved_stop"": 15, ""timeout_improved"": 262}","{""candidate_after_baseline_exit"": 1, ""candidate_after_max_hold"": 11, ""mask_excluded_candidate_class"": 1, ""no_candidate"": 42, ""none"": 1155, ""not_active_exit_eligible"": 1, ""rtp_delay_after_baseline_or_hold"": 5, ""stale_data_no_action"": 3}",True
shadow-burnin-v3-r50-tsv2-logging-only-target60-stop60-exit-replay-maxwait66000-r1,M7_CLASS_RESTRICTED / 10000 / -6000 / 60000,M7_CLASS_RESTRICTED,10000,-6000,60000,G4_DELAYED_DECISION_4000,20000,validation,1219,0,1182,37,14,34,1171,-613618,-503.37817883511076,-202.0,-483101,-396.30926989335524,-202.0,130517,107.06890894175554,0.0,110.42047377326566,0.0,316,153,713,0.673773987206823,469,0.6300808511852403,17,71681,7,53470,299,280040,0,0,351721,221204,0.1520239053113121,True,True,46.900000000000006,5,21,0,2,4,0,0,1219,0,0,3,"{""cut_target"": 7, ""harmful_exit"": 146, ""neutral_exit"": 713, ""no_active_exit"": 37, ""saved_stop"": 17, ""timeout_improved"": 299}","{""candidate_after_baseline_exit"": 2, ""candidate_after_max_hold"": 4, ""mask_excluded_candidate_class"": 1, ""no_candidate"": 21, ""none"": 1182, ""rtp_delay_after_baseline_or_hold"": 4, ""stale_data_no_action"": 5}",True
shadow-burnin-v3-r50-tsv2-logging-only-target60-stop60-exit-replay-maxwait66000-r1,M7_CLASS_RESTRICTED / 10000 / -6000 / 60000,M7_CLASS_RESTRICTED,10000,-6000,60000,G4_DELAYED_DECISION_4000,20000,holdout,1218,0,1185,33,4,26,1188,-623991,-512.307881773399,-202.0,-469466,-385.440065681445,-202.0,154525,126.86781609195403,0.0,130.40084388185653,0.0,362,129,694,0.7372708757637475,491,0.6966074602481186,17,72720,2,13790,345,289767,0,0,362487,207962,0.03804274360183951,True,True,51.5,5,17,2,0,7,0,0,1218,0,0,3,"{""cut_target"": 2, ""harmful_exit"": 127, ""neutral_exit"": 694, ""no_active_exit"": 33, ""saved_stop"": 17, ""timeout_improved"": 345}","{""candidate_after_max_hold"": 7, ""mask_excluded_candidate_class"": 1, ""no_candidate"": 17, ""none"": 1185, ""not_active_exit_eligible"": 2, ""rtp_delay_after_baseline_or_hold"": 1, ""stale_data_no_action"": 5}",True
shadow-burnin-v3-r50-tsv2-logging-only-target60-stop60-exit-replay-maxwait66000-r1,M7_CLASS_RESTRICTED / 10000 / -6000 / 60000,M7_CLASS_RESTRICTED,10000,-6000,60000,G4_DELAYED_DECISION_4000,30000,train,1219,0,1155,64,14,46,1159,-620776,-509.2502050861362,-202.0,-507564,-416.37735849056605,-202.0,113212,92.87284659557014,0.0,98.01904761904763,0.0,277,118,760,0.7012658227848101,395,0.6543663421406671,15,77101,5,47006,262,219108,0,0,296209,182997,0.15869200463186467,True,True,41.2,3,42,1,1,11,0,0,1219,0,0,3,"{""cut_target"": 5, ""harmful_exit"": 113, ""neutral_exit"": 760, ""no_active_exit"": 64, ""saved_stop"": 15, ""timeout_improved"": 262}","{""candidate_after_baseline_exit"": 1, ""candidate_after_max_hold"": 11, ""mask_excluded_candidate_class"": 1, ""no_candidate"": 42, ""none"": 1155, ""not_active_exit_eligible"": 1, ""rtp_delay_after_baseline_or_hold"": 5, ""stale_data_no_action"": 3}",True
shadow-burnin-v3-r50-tsv2-logging-only-target60-stop60-exit-replay-maxwait66000-r1,M7_CLASS_RESTRICTED / 10000 / -6000 / 60000,M7_CLASS_RESTRICTED,10000,-6000,60000,G4_DELAYED_DECISION_4000,30000,validation,1219,0,1182,37,14,34,1171,-613618,-503.37817883511076,-202.0,-483101,-396.30926989335524,-202.0,130517,107.06890894175554,0.0,110.42047377326566,0.0,316,153,713,0.673773987206823,469,0.6300808511852403,17,71681,7,53470,299,280040,0,0,351721,221204,0.1520239053113121,True,True,46.900000000000006,5,21,0,2,4,0,0,1219,0,0,3,"{""cut_target"": 7, ""harmful_exit"": 146, ""neutral_exit"": 713, ""no_active_exit"": 37, ""saved_stop"": 17, ""timeout_improved"": 299}","{""candidate_after_baseline_exit"": 2, ""candidate_after_max_hold"": 4, ""mask_excluded_candidate_class"": 1, ""no_candidate"": 21, ""none"": 1182, ""rtp_delay_after_baseline_or_hold"": 4, ""stale_data_no_action"": 5}",True
shadow-burnin-v3-r50-tsv2-logging-only-target60-stop60-exit-replay-maxwait66000-r1,M7_CLASS_RESTRICTED / 10000 / -6000 / 60000,M7_CLASS_RESTRICTED,10000,-6000,60000,G4_DELAYED_DECISION_4000,30000,holdout,1218,0,1185,33,4,26,1188,-623991,-512.307881773399,-202.0,-469466,-385.440065681445,-202.0,154525,126.86781609195403,0.0,130.40084388185653,0.0,362,129,694,0.7372708757637475,491,0.6966074602481186,17,72720,2,13790,345,289767,0,0,362487,207962,0.03804274360183951,True,True,51.5,5,17,2,0,7,0,0,1218,0,0,3,"{""cut_target"": 2, ""harmful_exit"": 127, ""neutral_exit"": 694, ""no_active_exit"": 33, ""saved_stop"": 17, ""timeout_improved"": 345}","{""candidate_after_max_hold"": 7, ""mask_excluded_candidate_class"": 1, ""no_candidate"": 17, ""none"": 1185, ""not_active_exit_eligible"": 2, ""rtp_delay_after_baseline_or_hold"": 1, ""stale_data_no_action"": 5}",True
shadow-burnin-v3-r50-tsv2-logging-only-target60-stop60-exit-replay-maxwait66000-r1,M7_CLASS_RESTRICTED / 10000 / -6000 / 60000,M7_CLASS_RESTRICTED,10000,-6000,60000,G4_DELAYED_DECISION_4000,45000,train,1219,0,1155,64,14,46,1159,-620776,-509.2502050861362,-202.0,-507564,-416.37735849056605,-202.0,113212,92.87284659557014,0.0,98.01904761904763,0.0,277,118,760,0.7012658227848101,395,0.6543663421406671,15,77101,5,47006,262,219108,0,0,296209,182997,0.15869200463186467,True,True,41.2,3,42,1,1,11,0,0,1219,0,0,3,"{""cut_target"": 5, ""harmful_exit"": 113, ""neutral_exit"": 760, ""no_active_exit"": 64, ""saved_stop"": 15, ""timeout_improved"": 262}","{""candidate_after_baseline_exit"": 1, ""candidate_after_max_hold"": 11, ""mask_excluded_candidate_class"": 1, ""no_candidate"": 42, ""none"": 1155, ""not_active_exit_eligible"": 1, ""rtp_delay_after_baseline_or_hold"": 5, ""stale_data_no_action"": 3}",True
shadow-burnin-v3-r50-tsv2-logging-only-target60-stop60-exit-replay-maxwait66000-r1,M7_CLASS_RESTRICTED / 10000 / -6000 / 60000,M7_CLASS_RESTRICTED,10000,-6000,60000,G4_DELAYED_DECISION_4000,45000,validation,1219,0,1182,37,14,34,1171,-613618,-503.37817883511076,-202.0,-483101,-396.30926989335524,-202.0,130517,107.06890894175554,0.0,110.42047377326566,0.0,316,153,713,0.673773987206823,469,0.6300808511852403,17,71681,7,53470,299,280040,0,0,351721,221204,0.1520239053113121,True,True,46.900000000000006,5,21,0,2,4,0,0,1219,0,0,3,"{""cut_target"": 7, ""harmful_exit"": 146, ""neutral_exit"": 713, ""no_active_exit"": 37, ""saved_stop"": 17, ""timeout_improved"": 299}","{""candidate_after_baseline_exit"": 2, ""candidate_after_max_hold"": 4, ""mask_excluded_candidate_class"": 1, ""no_candidate"": 21, ""none"": 1182, ""rtp_delay_after_baseline_or_hold"": 4, ""stale_data_no_action"": 5}",True
shadow-burnin-v3-r50-tsv2-logging-only-target60-stop60-exit-replay-maxwait66000-r1,M7_CLASS_RESTRICTED / 10000 / -6000 / 60000,M7_CLASS_RESTRICTED,10000,-6000,60000,G4_DELAYED_DECISION_4000,45000,holdout,1218,0,1185,33,4,26,1188,-623991,-512.307881773399,-202.0,-469466,-385.440065681445,-202.0,154525,126.86781609195403,0.0,130.40084388185653,0.0,362,129,694,0.7372708757637475,491,0.6966074602481186,17,72720,2,13790,345,289767,0,0,362487,207962,0.03804274360183951,True,True,51.5,5,17,2,0,7,0,0,1218,0,0,3,"{""cut_target"": 2, ""harmful_exit"": 127, ""neutral_exit"": 694, ""no_active_exit"": 33, ""saved_stop"": 17, ""timeout_improved"": 345}","{""candidate_after_max_hold"": 7, ""mask_excluded_candidate_class"": 1, ""no_candidate"": 17, ""none"": 1185, ""not_active_exit_eligible"": 2, ""rtp_delay_after_baseline_or_hold"": 1, ""stale_data_no_action"": 5}",True
shadow-burnin-v3-r50-tsv2-logging-only-target60-stop60-exit-replay-maxwait66000-r1,M7_CLASS_RESTRICTED / 10000 / -6000 / 60000,M7_CLASS_RESTRICTED,10000,-6000,60000,G5_DELAYED_DECISION_8000,10000,train,1219,0,1151,68,14,46,1159,-620776,-509.2502050861362,-202.0,-508854,-417.43560295324033,-202.0,111922,91.81460213289581,0.0,97.23892267593396,0.0,251,110,790,0.6952908587257618,361,0.6459594378057057,14,69125,5,43803,237,215316,0,0,284441,172519,0.1539967866798387,True,True,37.7,3,42,1,1,11,0,0,1219,0,0,3,"{""cut_target"": 5, ""harmful_exit"": 105, ""neutral_exit"": 790, ""no_active_exit"": 68, ""saved_stop"": 14, ""timeout_improved"": 237}","{""candidate_after_baseline_exit"": 1, ""candidate_after_max_hold"": 11, ""mask_excluded_candidate_class"": 1, ""no_candidate"": 42, ""none"": 1151, ""not_active_exit_eligible"": 1, ""rtp_delay_after_baseline_or_hold"": 9, ""stale_data_no_action"": 3}",True
shadow-burnin-v3-r50-tsv2-logging-only-target60-stop60-exit-replay-maxwait66000-r1,M7_CLASS_RESTRICTED / 10000 / -6000 / 60000,M7_CLASS_RESTRICTED,10000,-6000,60000,G5_DELAYED_DECISION_8000,10000,validation,1219,0,1177,42,14,34,1171,-613618,-503.37817883511076,-202.0,-495296,-406.31337161607877,-202.0,118322,97.06480721903199,0.0,100.52846219201359,0.0,294,146,737,0.6681818181818182,440,0.6228962269883631,15,63481,6,47433,279,254516,0,0,317997,199675,0.1491617845451372,True,True,42.900000000000006,5,21,0,2,4,0,0,1219,0,0,4,"{""cut_target"": 6, ""harmful_exit"": 140, ""neutral_exit"": 737, ""no_active_exit"": 42, ""saved_stop"": 15, ""timeout_improved"": 279}","{""candidate_after_baseline_exit"": 2, ""candidate_after_max_hold"": 4, ""mask_excluded_candidate_class"": 1, ""no_candidate"": 21, ""none"": 1177, ""rtp_delay_after_baseline_or_hold"": 9, ""stale_data_no_action"": 5}",True
shadow-burnin-v3-r50-tsv2-logging-only-target60-stop60-exit-replay-maxwait66000-r1,M7_CLASS_RESTRICTED / 10000 / -6000 / 60000,M7_CLASS_RESTRICTED,10000,-6000,60000,G5_DELAYED_DECISION_8000,10000,holdout,1218,0,1179,39,4,26,1188,-623991,-512.307881773399,-202.0,-508312,-417.3333333333333,-202.0,115679,94.97454844006567,0.0,98.11620016963528,0.0,333,125,721,0.7270742358078602,458,0.6845147586657319,15,48982,0,0,318,249405,0,0,298387,182708,0.0,True,True,46.8,5,17,2,0,7,0,0,1218,0,0,3,"{""harmful_exit"": 125, ""neutral_exit"": 721, ""no_active_exit"": 39, ""saved_stop"": 15, ""timeout_improved"": 318}","{""candidate_after_max_hold"": 7, ""mask_excluded_candidate_class"": 1, ""no_candidate"": 17, ""none"": 1179, ""not_active_exit_eligible"": 2, ""rtp_delay_after_baseline_or_hold"": 7, ""stale_data_no_action"": 5}",True
shadow-burnin-v3-r50-tsv2-logging-only-target60-stop60-exit-replay-maxwait66000-r1,M7_CLASS_RESTRICTED / 10000 / -6000 / 60000,M7_CLASS_RESTRICTED,10000,-6000,60000,G5_DELAYED_DECISION_8000,20000,train,1219,0,1151,68,14,46,1159,-620776,-509.2502050861362,-202.0,-508854,-417.43560295324033,-202.0,111922,91.81460213289581,0.0,97.23892267593396,0.0,251,110,790,0.6952908587257618,361,0.6459594378057057,14,69125,5,43803,237,215316,0,0,284441,172519,0.1539967866798387,True,True,37.7,3,42,1,1,11,0,0,1219,0,0,3,"{""cut_target"": 5, ""harmful_exit"": 105, ""neutral_exit"": 790, ""no_active_exit"": 68, ""saved_stop"": 14, ""timeout_improved"": 237}","{""candidate_after_baseline_exit"": 1, ""candidate_after_max_hold"": 11, ""mask_excluded_candidate_class"": 1, ""no_candidate"": 42, ""none"": 1151, ""not_active_exit_eligible"": 1, ""rtp_delay_after_baseline_or_hold"": 9, ""stale_data_no_action"": 3}",True
shadow-burnin-v3-r50-tsv2-logging-only-target60-stop60-exit-replay-maxwait66000-r1,M7_CLASS_RESTRICTED / 10000 / -6000 / 60000,M7_CLASS_RESTRICTED,10000,-6000,60000,G5_DELAYED_DECISION_8000,20000,validation,1219,0,1177,42,14,34,1171,-613618,-503.37817883511076,-202.0,-495296,-406.31337161607877,-202.0,118322,97.06480721903199,0.0,100.52846219201359,0.0,294,146,737,0.6681818181818182,440,0.6228962269883631,15,63481,6,47433,279,254516,0,0,317997,199675,0.1491617845451372,True,True,42.900000000000006,5,21,0,2,4,0,0,1219,0,0,4,"{""cut_target"": 6, ""harmful_exit"": 140, ""neutral_exit"": 737, ""no_active_exit"": 42, ""saved_stop"": 15, ""timeout_improved"": 279}","{""candidate_after_baseline_exit"": 2, ""candidate_after_max_hold"": 4, ""mask_excluded_candidate_class"": 1, ""no_candidate"": 21, ""none"": 1177, ""rtp_delay_after_baseline_or_hold"": 9, ""stale_data_no_action"": 5}",True
shadow-burnin-v3-r50-tsv2-logging-only-target60-stop60-exit-replay-maxwait66000-r1,M7_CLASS_RESTRICTED / 10000 / -6000 / 60000,M7_CLASS_RESTRICTED,10000,-6000,60000,G5_DELAYED_DECISION_8000,20000,holdout,1218,0,1179,39,4,26,1188,-623991,-512.307881773399,-202.0,-508312,-417.3333333333333,-202.0,115679,94.97454844006567,0.0,98.11620016963528,0.0,333,125,721,0.7270742358078602,458,0.6845147586657319,15,48982,0,0,318,249405,0,0,298387,182708,0.0,True,True,46.8,5,17,2,0,7,0,0,1218,0,0,3,"{""harmful_exit"": 125, ""neutral_exit"": 721, ""no_active_exit"": 39, ""saved_stop"": 15, ""timeout_improved"": 318}","{""candidate_after_max_hold"": 7, ""mask_excluded_candidate_class"": 1, ""no_candidate"": 17, ""none"": 1179, ""not_active_exit_eligible"": 2, ""rtp_delay_after_baseline_or_hold"": 7, ""stale_data_no_action"": 5}",True
shadow-burnin-v3-r50-tsv2-logging-only-target60-stop60-exit-replay-maxwait66000-r1,M7_CLASS_RESTRICTED / 10000 / -6000 / 60000,M7_CLASS_RESTRICTED,10000,-6000,60000,G5_DELAYED_DECISION_8000,30000,train,1219,0,1151,68,14,46,1159,-620776,-509.2502050861362,-202.0,-508854,-417.43560295324033,-202.0,111922,91.81460213289581,0.0,97.23892267593396,0.0,251,110,790,0.6952908587257618,361,0.6459594378057057,14,69125,5,43803,237,215316,0,0,284441,172519,0.1539967866798387,True,True,37.7,3,42,1,1,11,0,0,1219,0,0,3,"{""cut_target"": 5, ""harmful_exit"": 105, ""neutral_exit"": 790, ""no_active_exit"": 68, ""saved_stop"": 14, ""timeout_improved"": 237}","{""candidate_after_baseline_exit"": 1, ""candidate_after_max_hold"": 11, ""mask_excluded_candidate_class"": 1, ""no_candidate"": 42, ""none"": 1151, ""not_active_exit_eligible"": 1, ""rtp_delay_after_baseline_or_hold"": 9, ""stale_data_no_action"": 3}",True
shadow-burnin-v3-r50-tsv2-logging-only-target60-stop60-exit-replay-maxwait66000-r1,M7_CLASS_RESTRICTED / 10000 / -6000 / 60000,M7_CLASS_RESTRICTED,10000,-6000,60000,G5_DELAYED_DECISION_8000,30000,validation,1219,0,1177,42,14,34,1171,-613618,-503.37817883511076,-202.0,-495296,-406.31337161607877,-202.0,118322,97.06480721903199,0.0,100.52846219201359,0.0,294,146,737,0.6681818181818182,440,0.6228962269883631,15,63481,6,47433,279,254516,0,0,317997,199675,0.1491617845451372,True,True,42.900000000000006,5,21,0,2,4,0,0,1219,0,0,4,"{""cut_target"": 6, ""harmful_exit"": 140, ""neutral_exit"": 737, ""no_active_exit"": 42, ""saved_stop"": 15, ""timeout_improved"": 279}","{""candidate_after_baseline_exit"": 2, ""candidate_after_max_hold"": 4, ""mask_excluded_candidate_class"": 1, ""no_candidate"": 21, ""none"": 1177, ""rtp_delay_after_baseline_or_hold"": 9, ""stale_data_no_action"": 5}",True
shadow-burnin-v3-r50-tsv2-logging-only-target60-stop60-exit-replay-maxwait66000-r1,M7_CLASS_RESTRICTED / 10000 / -6000 / 60000,M7_CLASS_RESTRICTED,10000,-6000,60000,G5_DELAYED_DECISION_8000,30000,holdout,1218,0,1179,39,4,26,1188,-623991,-512.307881773399,-202.0,-508312,-417.3333333333333,-202.0,115679,94.97454844006567,0.0,98.11620016963528,0.0,333,125,721,0.7270742358078602,458,0.6845147586657319,15,48982,0,0,318,249405,0,0,298387,182708,0.0,True,True,46.8,5,17,2,0,7,0,0,1218,0,0,3,"{""harmful_exit"": 125, ""neutral_exit"": 721, ""no_active_exit"": 39, ""saved_stop"": 15, ""timeout_improved"": 318}","{""candidate_after_max_hold"": 7, ""mask_excluded_candidate_class"": 1, ""no_candidate"": 17, ""none"": 1179, ""not_active_exit_eligible"": 2, ""rtp_delay_after_baseline_or_hold"": 7, ""stale_data_no_action"": 5}",True
shadow-burnin-v3-r50-tsv2-logging-only-target60-stop60-exit-replay-maxwait66000-r1,M7_CLASS_RESTRICTED / 10000 / -6000 / 60000,M7_CLASS_RESTRICTED,10000,-6000,60000,G5_DELAYED_DECISION_8000,45000,train,1219,0,1151,68,14,46,1159,-620776,-509.2502050861362,-202.0,-508854,-417.43560295324033,-202.0,111922,91.81460213289581,0.0,97.23892267593396,0.0,251,110,790,0.6952908587257618,361,0.6459594378057057,14,69125,5,43803,237,215316,0,0,284441,172519,0.1539967866798387,True,True,37.7,3,42,1,1,11,0,0,1219,0,0,3,"{""cut_target"": 5, ""harmful_exit"": 105, ""neutral_exit"": 790, ""no_active_exit"": 68, ""saved_stop"": 14, ""timeout_improved"": 237}","{""candidate_after_baseline_exit"": 1, ""candidate_after_max_hold"": 11, ""mask_excluded_candidate_class"": 1, ""no_candidate"": 42, ""none"": 1151, ""not_active_exit_eligible"": 1, ""rtp_delay_after_baseline_or_hold"": 9, ""stale_data_no_action"": 3}",True
shadow-burnin-v3-r50-tsv2-logging-only-target60-stop60-exit-replay-maxwait66000-r1,M7_CLASS_RESTRICTED / 10000 / -6000 / 60000,M7_CLASS_RESTRICTED,10000,-6000,60000,G5_DELAYED_DECISION_8000,45000,validation,1219,0,1177,42,14,34,1171,-613618,-503.37817883511076,-202.0,-495296,-406.31337161607877,-202.0,118322,97.06480721903199,0.0,100.52846219201359,0.0,294,146,737,0.6681818181818182,440,0.6228962269883631,15,63481,6,47433,279,254516,0,0,317997,199675,0.1491617845451372,True,True,42.900000000000006,5,21,0,2,4,0,0,1219,0,0,4,"{""cut_target"": 6, ""harmful_exit"": 140, ""neutral_exit"": 737, ""no_active_exit"": 42, ""saved_stop"": 15, ""timeout_improved"": 279}","{""candidate_after_baseline_exit"": 2, ""candidate_after_max_hold"": 4, ""mask_excluded_candidate_class"": 1, ""no_candidate"": 21, ""none"": 1177, ""rtp_delay_after_baseline_or_hold"": 9, ""stale_data_no_action"": 5}",True
shadow-burnin-v3-r50-tsv2-logging-only-target60-stop60-exit-replay-maxwait66000-r1,M7_CLASS_RESTRICTED / 10000 / -6000 / 60000,M7_CLASS_RESTRICTED,10000,-6000,60000,G5_DELAYED_DECISION_8000,45000,holdout,1218,0,1179,39,4,26,1188,-623991,-512.307881773399,-202.0,-508312,-417.3333333333333,-202.0,115679,94.97454844006567,0.0,98.11620016963528,0.0,333,125,721,0.7270742358078602,458,0.6845147586657319,15,48982,0,0,318,249405,0,0,298387,182708,0.0,True,True,46.8,5,17,2,0,7,0,0,1218,0,0,3,"{""harmful_exit"": 125, ""neutral_exit"": 721, ""no_active_exit"": 39, ""saved_stop"": 15, ""timeout_improved"": 318}","{""candidate_after_max_hold"": 7, ""mask_excluded_candidate_class"": 1, ""no_candidate"": 17, ""none"": 1179, ""not_active_exit_eligible"": 2, ""rtp_delay_after_baseline_or_hold"": 7, ""stale_data_no_action"": 5}",True
