scope,anchor,mask_name,target_bps,stop_bps,max_hold_ms,guard_name,early_horizon_ms,positions_with_exit_replay,positions_with_tsv2_windows,candidate_positions,exact_join_rate,supported_rows,action_taken_count,exit_action_precision,wilson_lower95,paired_delta_sum_bps,paired_delta_avg_bps,paired_delta_median_bps,baseline_cost100_sum_bps,tsv2_cost100_sum_bps,baseline_cost200_sum_bps,tsv2_cost200_sum_bps,anchor_tsv2_cost100_sum_bps,anchor_tsv2_cost200_sum_bps,cost100_improvement_vs_unguarded_anchor_bps,cost200_improvement_vs_unguarded_anchor_bps,target_cut_damage_ratio,target_cut_count,target_cut_damage_bps,saved_stop_count,saved_stop_damage_bps,timeout_improved_count,target_cut_count_guard_limit,target_cut_count_guard_pass,max_consecutive_harmful_actions,aggregate_pass,segment_target_cut_guard_pass,scope_pass,anchor_target_cut_count,anchor_target_cut_damage_bps,guarded_target_cut_damage_bps,target_cut_damage_reduction_bps,target_cut_damage_reduction_rate,anchor_saved_stop_damage_bps,guarded_saved_stop_damage_bps,saved_stop_damage_retained_rate,anchor_timeout_improved_count,guarded_timeout_improved_count,timeout_improved_count_retained_rate,top5_target_cut_winner_count,top5_target_cut_winners_protected,top5_target_cut_winners_protected_rate,top10_target_cut_winner_count,top10_target_cut_winners_protected,top10_target_cut_winners_protected_rate,guarded_cost0_baseline_sum_after_cost_bps,guarded_cost0_baseline_avg_after_cost_bps,guarded_cost0_baseline_median_after_cost_bps,guarded_cost0_tsv2_sum_after_cost_bps,guarded_cost0_tsv2_avg_after_cost_bps,guarded_cost0_tsv2_median_after_cost_bps,guarded_cost0_delta_sum_bps,guarded_cost0_delta_avg_bps,guarded_cost0_delta_median_bps,anchor_cost0_baseline_sum_after_cost_bps,anchor_cost0_baseline_avg_after_cost_bps,anchor_cost0_baseline_median_after_cost_bps,anchor_cost0_tsv2_sum_after_cost_bps,anchor_cost0_tsv2_avg_after_cost_bps,anchor_cost0_tsv2_median_after_cost_bps,anchor_cost0_delta_sum_bps,anchor_cost0_delta_avg_bps,anchor_cost0_delta_median_bps,guarded_cost50_baseline_sum_after_cost_bps,guarded_cost50_baseline_avg_after_cost_bps,guarded_cost50_baseline_median_after_cost_bps,guarded_cost50_tsv2_sum_after_cost_bps,guarded_cost50_tsv2_avg_after_cost_bps,guarded_cost50_tsv2_median_after_cost_bps,guarded_cost50_delta_sum_bps,guarded_cost50_delta_avg_bps,guarded_cost50_delta_median_bps,anchor_cost50_baseline_sum_after_cost_bps,anchor_cost50_baseline_avg_after_cost_bps,anchor_cost50_baseline_median_after_cost_bps,anchor_cost50_tsv2_sum_after_cost_bps,anchor_cost50_tsv2_avg_after_cost_bps,anchor_cost50_tsv2_median_after_cost_bps,anchor_cost50_delta_sum_bps,anchor_cost50_delta_avg_bps,anchor_cost50_delta_median_bps,guarded_cost100_baseline_sum_after_cost_bps,guarded_cost100_baseline_avg_after_cost_bps,guarded_cost100_baseline_median_after_cost_bps,guarded_cost100_tsv2_sum_after_cost_bps,guarded_cost100_tsv2_avg_after_cost_bps,guarded_cost100_tsv2_median_after_cost_bps,guarded_cost100_delta_sum_bps,guarded_cost100_delta_avg_bps,guarded_cost100_delta_median_bps,anchor_cost100_baseline_sum_after_cost_bps,anchor_cost100_baseline_avg_after_cost_bps,anchor_cost100_baseline_median_after_cost_bps,anchor_cost100_tsv2_sum_after_cost_bps,anchor_cost100_tsv2_avg_after_cost_bps,anchor_cost100_tsv2_median_after_cost_bps,anchor_cost100_delta_sum_bps,anchor_cost100_delta_avg_bps,anchor_cost100_delta_median_bps,guarded_cost150_baseline_sum_after_cost_bps,guarded_cost150_baseline_avg_after_cost_bps,guarded_cost150_baseline_median_after_cost_bps,guarded_cost150_tsv2_sum_after_cost_bps,guarded_cost150_tsv2_avg_after_cost_bps,guarded_cost150_tsv2_median_after_cost_bps,guarded_cost150_delta_sum_bps,guarded_cost150_delta_avg_bps,guarded_cost150_delta_median_bps,anchor_cost150_baseline_sum_after_cost_bps,anchor_cost150_baseline_avg_after_cost_bps,anchor_cost150_baseline_median_after_cost_bps,anchor_cost150_tsv2_sum_after_cost_bps,anchor_cost150_tsv2_avg_after_cost_bps,anchor_cost150_tsv2_median_after_cost_bps,anchor_cost150_delta_sum_bps,anchor_cost150_delta_avg_bps,anchor_cost150_delta_median_bps,guarded_cost200_baseline_sum_after_cost_bps,guarded_cost200_baseline_avg_after_cost_bps,guarded_cost200_baseline_median_after_cost_bps,guarded_cost200_tsv2_sum_after_cost_bps,guarded_cost200_tsv2_avg_after_cost_bps,guarded_cost200_tsv2_median_after_cost_bps,guarded_cost200_delta_sum_bps,guarded_cost200_delta_avg_bps,guarded_cost200_delta_median_bps,anchor_cost200_baseline_sum_after_cost_bps,anchor_cost200_baseline_avg_after_cost_bps,anchor_cost200_baseline_median_after_cost_bps,anchor_cost200_tsv2_sum_after_cost_bps,anchor_cost200_tsv2_avg_after_cost_bps,anchor_cost200_tsv2_median_after_cost_bps,anchor_cost200_delta_sum_bps,anchor_cost200_delta_avg_bps,anchor_cost200_delta_median_bps
shadow-burnin-v3-r49-r48-target60-stop60-exit-replay-timestop-v2-maxwait66000-r1,M0_ALL / 6000 / -6000 / 120000,M0_ALL,6000,-6000,120000,G0_NONE,10000,4748,5604,5485,1.0,4748,4618,0.7295158286778398,0.7103330535808028,426059,89.7344144903117,0.0,-1933864,-1507805,-2408664,-1982605,-1507805,-1982605,0,0,0.40633133215612643,129,727379,98,426000,1469,244.9,True,4,False,False,False,129,727379,727379,0,0.0,426000,426000,1.0,1469,1469,1.0,7,0,0.0,13,0,0.0,-1459064,-307.30075821398486,-102.0,-1033005,-217.56634372367313,-102.0,426059,89.7344144903117,0.0,-1459064,-307.30075821398486,-102.0,-1033005,-217.56634372367313,-102.0,426059,89.7344144903117,0.0,-1696464,-357.30075821398486,-152.0,-1270405,-267.5663437236731,-152.0,426059,89.7344144903117,0.0,-1696464,-357.30075821398486,-152.0,-1270405,-267.5663437236731,-152.0,426059,89.7344144903117,0.0,-1933864,-407.30075821398486,-202.0,-1507805,-317.5663437236731,-202.0,426059,89.7344144903117,0.0,-1933864,-407.30075821398486,-202.0,-1507805,-317.5663437236731,-202.0,426059,89.7344144903117,0.0,-2171264,-457.30075821398486,-252.0,-1745205,-367.5663437236731,-252.0,426059,89.7344144903117,0.0,-2171264,-457.30075821398486,-252.0,-1745205,-367.5663437236731,-252.0,426059,89.7344144903117,0.0,-2408664,-507.30075821398486,-302.0,-1982605,-417.5663437236731,-302.0,426059,89.7344144903117,0.0,-2408664,-507.30075821398486,-302.0,-1982605,-417.5663437236731,-302.0,426059,89.7344144903117,0.0
shadow-burnin-v3-r49-r48-target60-stop60-exit-replay-timestop-v2-maxwait66000-r1,M0_ALL / 6000 / -6000 / 120000,M0_ALL,6000,-6000,120000,G0_NONE,20000,4748,5604,5485,1.0,4748,4618,0.7295158286778398,0.7103330535808028,426059,89.7344144903117,0.0,-1933864,-1507805,-2408664,-1982605,-1507805,-1982605,0,0,0.40633133215612643,129,727379,98,426000,1469,244.9,True,4,False,False,False,129,727379,727379,0,0.0,426000,426000,1.0,1469,1469,1.0,7,0,0.0,13,0,0.0,-1459064,-307.30075821398486,-102.0,-1033005,-217.56634372367313,-102.0,426059,89.7344144903117,0.0,-1459064,-307.30075821398486,-102.0,-1033005,-217.56634372367313,-102.0,426059,89.7344144903117,0.0,-1696464,-357.30075821398486,-152.0,-1270405,-267.5663437236731,-152.0,426059,89.7344144903117,0.0,-1696464,-357.30075821398486,-152.0,-1270405,-267.5663437236731,-152.0,426059,89.7344144903117,0.0,-1933864,-407.30075821398486,-202.0,-1507805,-317.5663437236731,-202.0,426059,89.7344144903117,0.0,-1933864,-407.30075821398486,-202.0,-1507805,-317.5663437236731,-202.0,426059,89.7344144903117,0.0,-2171264,-457.30075821398486,-252.0,-1745205,-367.5663437236731,-252.0,426059,89.7344144903117,0.0,-2171264,-457.30075821398486,-252.0,-1745205,-367.5663437236731,-252.0,426059,89.7344144903117,0.0,-2408664,-507.30075821398486,-302.0,-1982605,-417.5663437236731,-302.0,426059,89.7344144903117,0.0,-2408664,-507.30075821398486,-302.0,-1982605,-417.5663437236731,-302.0,426059,89.7344144903117,0.0
shadow-burnin-v3-r49-r48-target60-stop60-exit-replay-timestop-v2-maxwait66000-r1,M0_ALL / 6000 / -6000 / 120000,M0_ALL,6000,-6000,120000,G0_NONE,30000,4748,5604,5485,1.0,4748,4618,0.7295158286778398,0.7103330535808028,426059,89.7344144903117,0.0,-1933864,-1507805,-2408664,-1982605,-1507805,-1982605,0,0,0.40633133215612643,129,727379,98,426000,1469,244.9,True,4,False,False,False,129,727379,727379,0,0.0,426000,426000,1.0,1469,1469,1.0,7,0,0.0,13,0,0.0,-1459064,-307.30075821398486,-102.0,-1033005,-217.56634372367313,-102.0,426059,89.7344144903117,0.0,-1459064,-307.30075821398486,-102.0,-1033005,-217.56634372367313,-102.0,426059,89.7344144903117,0.0,-1696464,-357.30075821398486,-152.0,-1270405,-267.5663437236731,-152.0,426059,89.7344144903117,0.0,-1696464,-357.30075821398486,-152.0,-1270405,-267.5663437236731,-152.0,426059,89.7344144903117,0.0,-1933864,-407.30075821398486,-202.0,-1507805,-317.5663437236731,-202.0,426059,89.7344144903117,0.0,-1933864,-407.30075821398486,-202.0,-1507805,-317.5663437236731,-202.0,426059,89.7344144903117,0.0,-2171264,-457.30075821398486,-252.0,-1745205,-367.5663437236731,-252.0,426059,89.7344144903117,0.0,-2171264,-457.30075821398486,-252.0,-1745205,-367.5663437236731,-252.0,426059,89.7344144903117,0.0,-2408664,-507.30075821398486,-302.0,-1982605,-417.5663437236731,-302.0,426059,89.7344144903117,0.0,-2408664,-507.30075821398486,-302.0,-1982605,-417.5663437236731,-302.0,426059,89.7344144903117,0.0
shadow-burnin-v3-r49-r48-target60-stop60-exit-replay-timestop-v2-maxwait66000-r1,M0_ALL / 6000 / -6000 / 120000,M0_ALL,6000,-6000,120000,G0_NONE,45000,4748,5604,5485,1.0,4748,4618,0.7295158286778398,0.7103330535808028,426059,89.7344144903117,0.0,-1933864,-1507805,-2408664,-1982605,-1507805,-1982605,0,0,0.40633133215612643,129,727379,98,426000,1469,244.9,True,4,False,False,False,129,727379,727379,0,0.0,426000,426000,1.0,1469,1469,1.0,7,0,0.0,13,0,0.0,-1459064,-307.30075821398486,-102.0,-1033005,-217.56634372367313,-102.0,426059,89.7344144903117,0.0,-1459064,-307.30075821398486,-102.0,-1033005,-217.56634372367313,-102.0,426059,89.7344144903117,0.0,-1696464,-357.30075821398486,-152.0,-1270405,-267.5663437236731,-152.0,426059,89.7344144903117,0.0,-1696464,-357.30075821398486,-152.0,-1270405,-267.5663437236731,-152.0,426059,89.7344144903117,0.0,-1933864,-407.30075821398486,-202.0,-1507805,-317.5663437236731,-202.0,426059,89.7344144903117,0.0,-1933864,-407.30075821398486,-202.0,-1507805,-317.5663437236731,-202.0,426059,89.7344144903117,0.0,-2171264,-457.30075821398486,-252.0,-1745205,-367.5663437236731,-252.0,426059,89.7344144903117,0.0,-2171264,-457.30075821398486,-252.0,-1745205,-367.5663437236731,-252.0,426059,89.7344144903117,0.0,-2408664,-507.30075821398486,-302.0,-1982605,-417.5663437236731,-302.0,426059,89.7344144903117,0.0,-2408664,-507.30075821398486,-302.0,-1982605,-417.5663437236731,-302.0,426059,89.7344144903117,0.0
shadow-burnin-v3-r49-r48-target60-stop60-exit-replay-timestop-v2-maxwait66000-r1,M0_ALL / 6000 / -6000 / 120000,M0_ALL,6000,-6000,120000,G1_STEADY_EARLY_STRENGTH,10000,4748,5604,5485,1.0,4748,4401,0.7479338842975206,0.7281145878411813,339326,71.46714406065712,0.0,-1933864,-1594538,-2408664,-2069338,-1507805,-1982605,-86733,-86733,0.36177229923283244,80,511605,78,313942,1370,215.0,True,4,False,False,False,129,727379,511605,215774,0.29664590261748003,426000,313942,0.7369530516431925,1469,1370,0.9326072157930565,7,1,0.14285714285714285,13,4,0.3076923076923077,-1459064,-307.30075821398486,-102.0,-1119738,-235.83361415332772,-102.0,339326,71.46714406065712,0.0,-1459064,-307.30075821398486,-102.0,-1033005,-217.56634372367313,-102.0,426059,89.7344144903117,0.0,-1696464,-357.30075821398486,-152.0,-1357138,-285.83361415332774,-152.0,339326,71.46714406065712,0.0,-1696464,-357.30075821398486,-152.0,-1270405,-267.5663437236731,-152.0,426059,89.7344144903117,0.0,-1933864,-407.30075821398486,-202.0,-1594538,-335.83361415332774,-202.0,339326,71.46714406065712,0.0,-1933864,-407.30075821398486,-202.0,-1507805,-317.5663437236731,-202.0,426059,89.7344144903117,0.0,-2171264,-457.30075821398486,-252.0,-1831938,-385.83361415332774,-252.0,339326,71.46714406065712,0.0,-2171264,-457.30075821398486,-252.0,-1745205,-367.5663437236731,-252.0,426059,89.7344144903117,0.0,-2408664,-507.30075821398486,-302.0,-2069338,-435.83361415332774,-302.0,339326,71.46714406065712,0.0,-2408664,-507.30075821398486,-302.0,-1982605,-417.5663437236731,-302.0,426059,89.7344144903117,0.0
shadow-burnin-v3-r49-r48-target60-stop60-exit-replay-timestop-v2-maxwait66000-r1,M0_ALL / 6000 / -6000 / 120000,M0_ALL,6000,-6000,120000,G1_STEADY_EARLY_STRENGTH,20000,4748,5604,5485,1.0,4748,4406,0.7510309278350515,0.7313055184754162,347045,73.09288121314238,0.0,-1933864,-1586819,-2408664,-2061619,-1507805,-1982605,-79014,-79014,0.37728883132186986,83,539168,82,329912,1375,219.5,True,4,False,False,False,129,727379,539168,188211,0.2587523148179972,426000,329912,0.7744413145539906,1469,1375,0.9360108917631041,7,0,0.0,13,0,0.0,-1459064,-307.30075821398486,-102.0,-1112019,-234.20787700084247,-102.0,347045,73.09288121314238,0.0,-1459064,-307.30075821398486,-102.0,-1033005,-217.56634372367313,-102.0,426059,89.7344144903117,0.0,-1696464,-357.30075821398486,-152.0,-1349419,-284.2078770008425,-152.0,347045,73.09288121314238,0.0,-1696464,-357.30075821398486,-152.0,-1270405,-267.5663437236731,-152.0,426059,89.7344144903117,0.0,-1933864,-407.30075821398486,-202.0,-1586819,-334.2078770008425,-202.0,347045,73.09288121314238,0.0,-1933864,-407.30075821398486,-202.0,-1507805,-317.5663437236731,-202.0,426059,89.7344144903117,0.0,-2171264,-457.30075821398486,-252.0,-1824219,-384.2078770008425,-252.0,347045,73.09288121314238,0.0,-2171264,-457.30075821398486,-252.0,-1745205,-367.5663437236731,-252.0,426059,89.7344144903117,0.0,-2408664,-507.30075821398486,-302.0,-2061619,-434.2078770008425,-302.0,347045,73.09288121314238,0.0,-2408664,-507.30075821398486,-302.0,-1982605,-417.5663437236731,-302.0,426059,89.7344144903117,0.0
shadow-burnin-v3-r49-r48-target60-stop60-exit-replay-timestop-v2-maxwait66000-r1,M0_ALL / 6000 / -6000 / 120000,M0_ALL,6000,-6000,120000,G1_STEADY_EARLY_STRENGTH,30000,4748,5604,5485,1.0,4748,4415,0.7526936890713186,0.7330545900891962,365277,76.93281381634372,0.0,-1933864,-1568587,-2408664,-2043387,-1507805,-1982605,-60782,-60782,0.3741746016761882,83,543028,84,336379,1383,222.3,True,4,False,False,False,129,727379,543028,184351,0.2534455902631228,426000,336379,0.7896220657276996,1469,1383,0.9414567733151804,7,0,0.0,13,0,0.0,-1459064,-307.30075821398486,-102.0,-1093787,-230.3679443976411,-102.0,365277,76.93281381634372,0.0,-1459064,-307.30075821398486,-102.0,-1033005,-217.56634372367313,-102.0,426059,89.7344144903117,0.0,-1696464,-357.30075821398486,-152.0,-1331187,-280.3679443976411,-152.0,365277,76.93281381634372,0.0,-1696464,-357.30075821398486,-152.0,-1270405,-267.5663437236731,-152.0,426059,89.7344144903117,0.0,-1933864,-407.30075821398486,-202.0,-1568587,-330.3679443976411,-202.0,365277,76.93281381634372,0.0,-1933864,-407.30075821398486,-202.0,-1507805,-317.5663437236731,-202.0,426059,89.7344144903117,0.0,-2171264,-457.30075821398486,-252.0,-1805987,-380.3679443976411,-252.0,365277,76.93281381634372,0.0,-2171264,-457.30075821398486,-252.0,-1745205,-367.5663437236731,-252.0,426059,89.7344144903117,0.0,-2408664,-507.30075821398486,-302.0,-2043387,-430.3679443976411,-302.0,365277,76.93281381634372,0.0,-2408664,-507.30075821398486,-302.0,-1982605,-417.5663437236731,-302.0,426059,89.7344144903117,0.0
shadow-burnin-v3-r49-r48-target60-stop60-exit-replay-timestop-v2-maxwait66000-r1,M0_ALL / 6000 / -6000 / 120000,M0_ALL,6000,-6000,120000,G1_STEADY_EARLY_STRENGTH,45000,4748,5604,5485,1.0,4748,4419,0.7521761392729135,0.7325452786041948,354310,74.62299915754002,0.0,-1933864,-1579554,-2408664,-2054354,-1507805,-1982605,-71749,-71749,0.37549570829844214,83,543028,84,330093,1385,222.5,True,4,False,False,False,129,727379,543028,184351,0.2534455902631228,426000,330093,0.7748661971830986,1469,1385,0.9428182437031994,7,0,0.0,13,0,0.0,-1459064,-307.30075821398486,-102.0,-1104754,-232.6777590564448,-102.0,354310,74.62299915754002,0.0,-1459064,-307.30075821398486,-102.0,-1033005,-217.56634372367313,-102.0,426059,89.7344144903117,0.0,-1696464,-357.30075821398486,-152.0,-1342154,-282.6777590564448,-152.0,354310,74.62299915754002,0.0,-1696464,-357.30075821398486,-152.0,-1270405,-267.5663437236731,-152.0,426059,89.7344144903117,0.0,-1933864,-407.30075821398486,-202.0,-1579554,-332.6777590564448,-202.0,354310,74.62299915754002,0.0,-1933864,-407.30075821398486,-202.0,-1507805,-317.5663437236731,-202.0,426059,89.7344144903117,0.0,-2171264,-457.30075821398486,-252.0,-1816954,-382.6777590564448,-252.0,354310,74.62299915754002,0.0,-2171264,-457.30075821398486,-252.0,-1745205,-367.5663437236731,-252.0,426059,89.7344144903117,0.0,-2408664,-507.30075821398486,-302.0,-2054354,-432.6777590564448,-302.0,354310,74.62299915754002,0.0,-2408664,-507.30075821398486,-302.0,-1982605,-417.5663437236731,-302.0,426059,89.7344144903117,0.0
shadow-burnin-v3-r49-r48-target60-stop60-exit-replay-timestop-v2-maxwait66000-r1,M0_ALL / 6000 / -6000 / 120000,M0_ALL,6000,-6000,120000,G2_RECOVERY_AFTER_EARLY_DRAWDOWN,10000,4748,5604,5485,1.0,4748,4584,0.7350993377483444,0.7158742076596731,462473,97.40374894692502,0.0,-1933864,-1471391,-2408664,-1946191,-1507805,-1982605,36414,36414,0.3843700486843148,119,674167,93,403205,1461,239.1,True,3,False,False,False,129,727379,674167,53212,0.07315581010724807,426000,403205,0.9464906103286385,1469,1461,0.9945541184479237,7,0,0.0,13,1,0.07692307692307693,-1459064,-307.30075821398486,-102.0,-996591,-209.89700926705981,-102.0,462473,97.40374894692502,0.0,-1459064,-307.30075821398486,-102.0,-1033005,-217.56634372367313,-102.0,426059,89.7344144903117,0.0,-1696464,-357.30075821398486,-152.0,-1233991,-259.8970092670598,-152.0,462473,97.40374894692502,0.0,-1696464,-357.30075821398486,-152.0,-1270405,-267.5663437236731,-152.0,426059,89.7344144903117,0.0,-1933864,-407.30075821398486,-202.0,-1471391,-309.8970092670598,-202.0,462473,97.40374894692502,0.0,-1933864,-407.30075821398486,-202.0,-1507805,-317.5663437236731,-202.0,426059,89.7344144903117,0.0,-2171264,-457.30075821398486,-252.0,-1708791,-359.8970092670598,-252.0,462473,97.40374894692502,0.0,-2171264,-457.30075821398486,-252.0,-1745205,-367.5663437236731,-252.0,426059,89.7344144903117,0.0,-2408664,-507.30075821398486,-302.0,-1946191,-409.8970092670598,-302.0,462473,97.40374894692502,0.0,-2408664,-507.30075821398486,-302.0,-1982605,-417.5663437236731,-302.0,426059,89.7344144903117,0.0
shadow-burnin-v3-r49-r48-target60-stop60-exit-replay-timestop-v2-maxwait66000-r1,M0_ALL / 6000 / -6000 / 120000,M0_ALL,6000,-6000,120000,G2_RECOVERY_AFTER_EARLY_DRAWDOWN,20000,4748,5604,5485,1.0,4748,4572,0.736441484300666,0.7171885511645543,458396,96.54507160909857,0.0,-1933864,-1475468,-2408664,-1950268,-1507805,-1982605,32337,32337,0.3889460050423756,119,674164,93,392504,1455,238.5,True,3,False,False,False,129,727379,674164,53215,0.07315993450457052,426000,392504,0.9213708920187793,1469,1455,0.9904697072838666,7,0,0.0,13,1,0.07692307692307693,-1459064,-307.30075821398486,-102.0,-1000668,-210.75568660488628,-102.0,458396,96.54507160909857,0.0,-1459064,-307.30075821398486,-102.0,-1033005,-217.56634372367313,-102.0,426059,89.7344144903117,0.0,-1696464,-357.30075821398486,-152.0,-1238068,-260.75568660488625,-152.0,458396,96.54507160909857,0.0,-1696464,-357.30075821398486,-152.0,-1270405,-267.5663437236731,-152.0,426059,89.7344144903117,0.0,-1933864,-407.30075821398486,-202.0,-1475468,-310.75568660488625,-202.0,458396,96.54507160909857,0.0,-1933864,-407.30075821398486,-202.0,-1507805,-317.5663437236731,-202.0,426059,89.7344144903117,0.0,-2171264,-457.30075821398486,-252.0,-1712868,-360.75568660488625,-252.0,458396,96.54507160909857,0.0,-2171264,-457.30075821398486,-252.0,-1745205,-367.5663437236731,-252.0,426059,89.7344144903117,0.0,-2408664,-507.30075821398486,-302.0,-1950268,-410.75568660488625,-302.0,458396,96.54507160909857,0.0,-2408664,-507.30075821398486,-302.0,-1982605,-417.5663437236731,-302.0,426059,89.7344144903117,0.0
shadow-burnin-v3-r49-r48-target60-stop60-exit-replay-timestop-v2-maxwait66000-r1,M0_ALL / 6000 / -6000 / 120000,M0_ALL,6000,-6000,120000,G2_RECOVERY_AFTER_EARLY_DRAWDOWN,30000,4748,5604,5485,1.0,4748,4574,0.7347908745247148,0.7155127257944429,422175,88.91638584667228,0.0,-1933864,-1511689,-2408664,-1986489,-1507805,-1982605,-3884,-3884,0.39849603528733707,120,685885,93,391194,1453,238.3,True,3,False,False,False,129,727379,685885,41494,0.05704591416579252,426000,391194,0.9182957746478874,1469,1453,0.9891082368958475,7,0,0.0,13,0,0.0,-1459064,-307.30075821398486,-102.0,-1036889,-218.38437236731255,-102.0,422175,88.91638584667228,0.0,-1459064,-307.30075821398486,-102.0,-1033005,-217.56634372367313,-102.0,426059,89.7344144903117,0.0,-1696464,-357.30075821398486,-152.0,-1274289,-268.38437236731255,-152.0,422175,88.91638584667228,0.0,-1696464,-357.30075821398486,-152.0,-1270405,-267.5663437236731,-152.0,426059,89.7344144903117,0.0,-1933864,-407.30075821398486,-202.0,-1511689,-318.38437236731255,-202.0,422175,88.91638584667228,0.0,-1933864,-407.30075821398486,-202.0,-1507805,-317.5663437236731,-202.0,426059,89.7344144903117,0.0,-2171264,-457.30075821398486,-252.0,-1749089,-368.38437236731255,-252.0,422175,88.91638584667228,0.0,-2171264,-457.30075821398486,-252.0,-1745205,-367.5663437236731,-252.0,426059,89.7344144903117,0.0,-2408664,-507.30075821398486,-302.0,-1986489,-418.38437236731255,-302.0,422175,88.91638584667228,0.0,-2408664,-507.30075821398486,-302.0,-1982605,-417.5663437236731,-302.0,426059,89.7344144903117,0.0
shadow-burnin-v3-r49-r48-target60-stop60-exit-replay-timestop-v2-maxwait66000-r1,M0_ALL / 6000 / -6000 / 120000,M0_ALL,6000,-6000,120000,G2_RECOVERY_AFTER_EARLY_DRAWDOWN,45000,4748,5604,5485,1.0,4748,4575,0.7345679012345679,0.7152944584901344,428577,90.26474304970515,0.0,-1933864,-1505287,-2408664,-1980087,-1507805,-1982605,2518,2518,0.3975801510478225,120,685885,93,392403,1454,238.4,True,3,False,False,False,129,727379,685885,41494,0.05704591416579252,426000,392403,0.9211338028169014,1469,1454,0.989788972089857,7,0,0.0,13,0,0.0,-1459064,-307.30075821398486,-102.0,-1030487,-217.0360151642797,-102.0,428577,90.26474304970515,0.0,-1459064,-307.30075821398486,-102.0,-1033005,-217.56634372367313,-102.0,426059,89.7344144903117,0.0,-1696464,-357.30075821398486,-152.0,-1267887,-267.0360151642797,-152.0,428577,90.26474304970515,0.0,-1696464,-357.30075821398486,-152.0,-1270405,-267.5663437236731,-152.0,426059,89.7344144903117,0.0,-1933864,-407.30075821398486,-202.0,-1505287,-317.0360151642797,-202.0,428577,90.26474304970515,0.0,-1933864,-407.30075821398486,-202.0,-1507805,-317.5663437236731,-202.0,426059,89.7344144903117,0.0,-2171264,-457.30075821398486,-252.0,-1742687,-367.0360151642797,-252.0,428577,90.26474304970515,0.0,-2171264,-457.30075821398486,-252.0,-1745205,-367.5663437236731,-252.0,426059,89.7344144903117,0.0,-2408664,-507.30075821398486,-302.0,-1980087,-417.0360151642797,-302.0,428577,90.26474304970515,0.0,-2408664,-507.30075821398486,-302.0,-1982605,-417.5663437236731,-302.0,426059,89.7344144903117,0.0
shadow-burnin-v3-r49-r48-target60-stop60-exit-replay-timestop-v2-maxwait66000-r1,M0_ALL / 6000 / -6000 / 120000,M0_ALL,6000,-6000,120000,G3_LOW_VOL_CONTINUATION,10000,4748,5604,5485,1.0,4748,4564,0.7326024785510009,0.7132508478004315,399945,84.2344144903117,0.0,-1933864,-1533919,-2408664,-2008719,-1507805,-1982605,-26114,-26114,0.4148053017835389,127,716073,97,419848,1440,241.0,True,4,False,False,False,129,727379,716073,11306,0.015543478709173622,426000,419848,0.9855586854460094,1469,1440,0.9802586793737236,7,0,0.0,13,0,0.0,-1459064,-307.30075821398486,-102.0,-1059119,-223.06634372367313,-102.0,399945,84.2344144903117,0.0,-1459064,-307.30075821398486,-102.0,-1033005,-217.56634372367313,-102.0,426059,89.7344144903117,0.0,-1696464,-357.30075821398486,-152.0,-1296519,-273.0663437236731,-152.0,399945,84.2344144903117,0.0,-1696464,-357.30075821398486,-152.0,-1270405,-267.5663437236731,-152.0,426059,89.7344144903117,0.0,-1933864,-407.30075821398486,-202.0,-1533919,-323.0663437236731,-202.0,399945,84.2344144903117,0.0,-1933864,-407.30075821398486,-202.0,-1507805,-317.5663437236731,-202.0,426059,89.7344144903117,0.0,-2171264,-457.30075821398486,-252.0,-1771319,-373.0663437236731,-252.0,399945,84.2344144903117,0.0,-2171264,-457.30075821398486,-252.0,-1745205,-367.5663437236731,-252.0,426059,89.7344144903117,0.0,-2408664,-507.30075821398486,-302.0,-2008719,-423.0663437236731,-302.0,399945,84.2344144903117,0.0,-2408664,-507.30075821398486,-302.0,-1982605,-417.5663437236731,-302.0,426059,89.7344144903117,0.0
shadow-burnin-v3-r49-r48-target60-stop60-exit-replay-timestop-v2-maxwait66000-r1,M0_ALL / 6000 / -6000 / 120000,M0_ALL,6000,-6000,120000,G3_LOW_VOL_CONTINUATION,20000,4748,5604,5485,1.0,4748,4559,0.7329192546583851,0.7135505832786677,379947,80.02253580454928,0.0,-1933864,-1553917,-2408664,-2028717,-1507805,-1982605,-46112,-46112,0.42057938124823346,127,715734,97,419848,1437,240.70000000000002,True,3,False,False,False,129,727379,715734,11645,0.016009535606609483,426000,419848,0.9855586854460094,1469,1437,0.9782164737916951,7,0,0.0,13,0,0.0,-1459064,-307.30075821398486,-102.0,-1079117,-227.27822240943556,-102.0,379947,80.02253580454928,0.0,-1459064,-307.30075821398486,-102.0,-1033005,-217.56634372367313,-102.0,426059,89.7344144903117,0.0,-1696464,-357.30075821398486,-152.0,-1316517,-277.27822240943556,-152.0,379947,80.02253580454928,0.0,-1696464,-357.30075821398486,-152.0,-1270405,-267.5663437236731,-152.0,426059,89.7344144903117,0.0,-1933864,-407.30075821398486,-202.0,-1553917,-327.27822240943556,-202.0,379947,80.02253580454928,0.0,-1933864,-407.30075821398486,-202.0,-1507805,-317.5663437236731,-202.0,426059,89.7344144903117,0.0,-2171264,-457.30075821398486,-252.0,-1791317,-377.27822240943556,-252.0,379947,80.02253580454928,0.0,-2171264,-457.30075821398486,-252.0,-1745205,-367.5663437236731,-252.0,426059,89.7344144903117,0.0,-2408664,-507.30075821398486,-302.0,-2028717,-427.27822240943556,-302.0,379947,80.02253580454928,0.0,-2408664,-507.30075821398486,-302.0,-1982605,-417.5663437236731,-302.0,426059,89.7344144903117,0.0
shadow-burnin-v3-r49-r48-target60-stop60-exit-replay-timestop-v2-maxwait66000-r1,M0_ALL / 6000 / -6000 / 120000,M0_ALL,6000,-6000,120000,G3_LOW_VOL_CONTINUATION,30000,4748,5604,5485,1.0,4748,4560,0.7325692454632283,0.7131980749264317,378774,79.77548441449031,0.0,-1933864,-1555090,-2408664,-2029890,-1507805,-1982605,-47285,-47285,0.42057938124823346,127,715734,97,419848,1437,240.70000000000002,True,3,False,False,False,129,727379,715734,11645,0.016009535606609483,426000,419848,0.9855586854460094,1469,1437,0.9782164737916951,7,0,0.0,13,0,0.0,-1459064,-307.30075821398486,-102.0,-1080290,-227.52527379949453,-102.0,378774,79.77548441449031,0.0,-1459064,-307.30075821398486,-102.0,-1033005,-217.56634372367313,-102.0,426059,89.7344144903117,0.0,-1696464,-357.30075821398486,-152.0,-1317690,-277.5252737994945,-152.0,378774,79.77548441449031,0.0,-1696464,-357.30075821398486,-152.0,-1270405,-267.5663437236731,-152.0,426059,89.7344144903117,0.0,-1933864,-407.30075821398486,-202.0,-1555090,-327.5252737994945,-202.0,378774,79.77548441449031,0.0,-1933864,-407.30075821398486,-202.0,-1507805,-317.5663437236731,-202.0,426059,89.7344144903117,0.0,-2171264,-457.30075821398486,-252.0,-1792490,-377.5252737994945,-252.0,378774,79.77548441449031,0.0,-2171264,-457.30075821398486,-252.0,-1745205,-367.5663437236731,-252.0,426059,89.7344144903117,0.0,-2408664,-507.30075821398486,-302.0,-2029890,-427.5252737994945,-302.0,378774,79.77548441449031,0.0,-2408664,-507.30075821398486,-302.0,-1982605,-417.5663437236731,-302.0,426059,89.7344144903117,0.0
shadow-burnin-v3-r49-r48-target60-stop60-exit-replay-timestop-v2-maxwait66000-r1,M0_ALL / 6000 / -6000 / 120000,M0_ALL,6000,-6000,120000,G3_LOW_VOL_CONTINUATION,45000,4748,5604,5485,1.0,4748,4560,0.7325692454632283,0.7131980749264317,378774,79.77548441449031,0.0,-1933864,-1555090,-2408664,-2029890,-1507805,-1982605,-47285,-47285,0.42057938124823346,127,715734,97,419848,1437,240.70000000000002,True,3,False,False,False,129,727379,715734,11645,0.016009535606609483,426000,419848,0.9855586854460094,1469,1437,0.9782164737916951,7,0,0.0,13,0,0.0,-1459064,-307.30075821398486,-102.0,-1080290,-227.52527379949453,-102.0,378774,79.77548441449031,0.0,-1459064,-307.30075821398486,-102.0,-1033005,-217.56634372367313,-102.0,426059,89.7344144903117,0.0,-1696464,-357.30075821398486,-152.0,-1317690,-277.5252737994945,-152.0,378774,79.77548441449031,0.0,-1696464,-357.30075821398486,-152.0,-1270405,-267.5663437236731,-152.0,426059,89.7344144903117,0.0,-1933864,-407.30075821398486,-202.0,-1555090,-327.5252737994945,-202.0,378774,79.77548441449031,0.0,-1933864,-407.30075821398486,-202.0,-1507805,-317.5663437236731,-202.0,426059,89.7344144903117,0.0,-2171264,-457.30075821398486,-252.0,-1792490,-377.5252737994945,-252.0,378774,79.77548441449031,0.0,-2171264,-457.30075821398486,-252.0,-1745205,-367.5663437236731,-252.0,426059,89.7344144903117,0.0,-2408664,-507.30075821398486,-302.0,-2029890,-427.5252737994945,-302.0,378774,79.77548441449031,0.0,-2408664,-507.30075821398486,-302.0,-1982605,-417.5663437236731,-302.0,426059,89.7344144903117,0.0
shadow-burnin-v3-r49-r48-target60-stop60-exit-replay-timestop-v2-maxwait66000-r1,M0_ALL / 6000 / -6000 / 120000,M0_ALL,6000,-6000,120000,G4_DELAYED_DECISION_4000,10000,4748,5604,5485,1.0,4748,4607,0.72678916827853,0.7071763611309989,413612,87.11288963774221,0.0,-1933864,-1520252,-2408664,-1995052,-1507805,-1982605,-12447,-12447,0.3859596952727072,125,656744,92,391239,1411,233.1,True,4,False,False,False,129,727379,656744,70635,0.09710893495687943,426000,391239,0.9184014084507042,1469,1411,0.9605173587474473,7,0,0.0,13,0,0.0,-1459064,-307.30075821398486,-102.0,-1045452,-220.18786857624264,-102.0,413612,87.11288963774221,0.0,-1459064,-307.30075821398486,-102.0,-1033005,-217.56634372367313,-102.0,426059,89.7344144903117,0.0,-1696464,-357.30075821398486,-152.0,-1282852,-270.18786857624264,-152.0,413612,87.11288963774221,0.0,-1696464,-357.30075821398486,-152.0,-1270405,-267.5663437236731,-152.0,426059,89.7344144903117,0.0,-1933864,-407.30075821398486,-202.0,-1520252,-320.18786857624264,-202.0,413612,87.11288963774221,0.0,-1933864,-407.30075821398486,-202.0,-1507805,-317.5663437236731,-202.0,426059,89.7344144903117,0.0,-2171264,-457.30075821398486,-252.0,-1757652,-370.18786857624264,-252.0,413612,87.11288963774221,0.0,-2171264,-457.30075821398486,-252.0,-1745205,-367.5663437236731,-252.0,426059,89.7344144903117,0.0,-2408664,-507.30075821398486,-302.0,-1995052,-420.18786857624264,-302.0,413612,87.11288963774221,0.0,-2408664,-507.30075821398486,-302.0,-1982605,-417.5663437236731,-302.0,426059,89.7344144903117,0.0
shadow-burnin-v3-r49-r48-target60-stop60-exit-replay-timestop-v2-maxwait66000-r1,M0_ALL / 6000 / -6000 / 120000,M0_ALL,6000,-6000,120000,G4_DELAYED_DECISION_4000,20000,4748,5604,5485,1.0,4748,4607,0.72678916827853,0.7071763611309989,413612,87.11288963774221,0.0,-1933864,-1520252,-2408664,-1995052,-1507805,-1982605,-12447,-12447,0.3859596952727072,125,656744,92,391239,1411,233.1,True,4,False,False,False,129,727379,656744,70635,0.09710893495687943,426000,391239,0.9184014084507042,1469,1411,0.9605173587474473,7,0,0.0,13,0,0.0,-1459064,-307.30075821398486,-102.0,-1045452,-220.18786857624264,-102.0,413612,87.11288963774221,0.0,-1459064,-307.30075821398486,-102.0,-1033005,-217.56634372367313,-102.0,426059,89.7344144903117,0.0,-1696464,-357.30075821398486,-152.0,-1282852,-270.18786857624264,-152.0,413612,87.11288963774221,0.0,-1696464,-357.30075821398486,-152.0,-1270405,-267.5663437236731,-152.0,426059,89.7344144903117,0.0,-1933864,-407.30075821398486,-202.0,-1520252,-320.18786857624264,-202.0,413612,87.11288963774221,0.0,-1933864,-407.30075821398486,-202.0,-1507805,-317.5663437236731,-202.0,426059,89.7344144903117,0.0,-2171264,-457.30075821398486,-252.0,-1757652,-370.18786857624264,-252.0,413612,87.11288963774221,0.0,-2171264,-457.30075821398486,-252.0,-1745205,-367.5663437236731,-252.0,426059,89.7344144903117,0.0,-2408664,-507.30075821398486,-302.0,-1995052,-420.18786857624264,-302.0,413612,87.11288963774221,0.0,-2408664,-507.30075821398486,-302.0,-1982605,-417.5663437236731,-302.0,426059,89.7344144903117,0.0
shadow-burnin-v3-r49-r48-target60-stop60-exit-replay-timestop-v2-maxwait66000-r1,M0_ALL / 6000 / -6000 / 120000,M0_ALL,6000,-6000,120000,G4_DELAYED_DECISION_4000,30000,4748,5604,5485,1.0,4748,4607,0.72678916827853,0.7071763611309989,413612,87.11288963774221,0.0,-1933864,-1520252,-2408664,-1995052,-1507805,-1982605,-12447,-12447,0.3859596952727072,125,656744,92,391239,1411,233.1,True,4,False,False,False,129,727379,656744,70635,0.09710893495687943,426000,391239,0.9184014084507042,1469,1411,0.9605173587474473,7,0,0.0,13,0,0.0,-1459064,-307.30075821398486,-102.0,-1045452,-220.18786857624264,-102.0,413612,87.11288963774221,0.0,-1459064,-307.30075821398486,-102.0,-1033005,-217.56634372367313,-102.0,426059,89.7344144903117,0.0,-1696464,-357.30075821398486,-152.0,-1282852,-270.18786857624264,-152.0,413612,87.11288963774221,0.0,-1696464,-357.30075821398486,-152.0,-1270405,-267.5663437236731,-152.0,426059,89.7344144903117,0.0,-1933864,-407.30075821398486,-202.0,-1520252,-320.18786857624264,-202.0,413612,87.11288963774221,0.0,-1933864,-407.30075821398486,-202.0,-1507805,-317.5663437236731,-202.0,426059,89.7344144903117,0.0,-2171264,-457.30075821398486,-252.0,-1757652,-370.18786857624264,-252.0,413612,87.11288963774221,0.0,-2171264,-457.30075821398486,-252.0,-1745205,-367.5663437236731,-252.0,426059,89.7344144903117,0.0,-2408664,-507.30075821398486,-302.0,-1995052,-420.18786857624264,-302.0,413612,87.11288963774221,0.0,-2408664,-507.30075821398486,-302.0,-1982605,-417.5663437236731,-302.0,426059,89.7344144903117,0.0
shadow-burnin-v3-r49-r48-target60-stop60-exit-replay-timestop-v2-maxwait66000-r1,M0_ALL / 6000 / -6000 / 120000,M0_ALL,6000,-6000,120000,G4_DELAYED_DECISION_4000,45000,4748,5604,5485,1.0,4748,4607,0.72678916827853,0.7071763611309989,413612,87.11288963774221,0.0,-1933864,-1520252,-2408664,-1995052,-1507805,-1982605,-12447,-12447,0.3859596952727072,125,656744,92,391239,1411,233.1,True,4,False,False,False,129,727379,656744,70635,0.09710893495687943,426000,391239,0.9184014084507042,1469,1411,0.9605173587474473,7,0,0.0,13,0,0.0,-1459064,-307.30075821398486,-102.0,-1045452,-220.18786857624264,-102.0,413612,87.11288963774221,0.0,-1459064,-307.30075821398486,-102.0,-1033005,-217.56634372367313,-102.0,426059,89.7344144903117,0.0,-1696464,-357.30075821398486,-152.0,-1282852,-270.18786857624264,-152.0,413612,87.11288963774221,0.0,-1696464,-357.30075821398486,-152.0,-1270405,-267.5663437236731,-152.0,426059,89.7344144903117,0.0,-1933864,-407.30075821398486,-202.0,-1520252,-320.18786857624264,-202.0,413612,87.11288963774221,0.0,-1933864,-407.30075821398486,-202.0,-1507805,-317.5663437236731,-202.0,426059,89.7344144903117,0.0,-2171264,-457.30075821398486,-252.0,-1757652,-370.18786857624264,-252.0,413612,87.11288963774221,0.0,-2171264,-457.30075821398486,-252.0,-1745205,-367.5663437236731,-252.0,426059,89.7344144903117,0.0,-2408664,-507.30075821398486,-302.0,-1995052,-420.18786857624264,-302.0,413612,87.11288963774221,0.0,-2408664,-507.30075821398486,-302.0,-1982605,-417.5663437236731,-302.0,426059,89.7344144903117,0.0
shadow-burnin-v3-r49-r48-target60-stop60-exit-replay-timestop-v2-maxwait66000-r1,M0_ALL / 6000 / -6000 / 120000,M0_ALL,6000,-6000,120000,G5_DELAYED_DECISION_8000,10000,4748,5604,5485,1.0,4748,4596,0.7205808713069605,0.7004915601926316,411949,86.76263689974726,0.0,-1933864,-1521915,-2408664,-1996715,-1507805,-1982605,-14110,-14110,0.36479864078554014,120,584874,86,343673,1353,221.3,True,4,False,False,False,129,727379,584874,142505,0.19591574681149718,426000,343673,0.806744131455399,1469,1353,0.9210347174948945,7,2,0.2857142857142857,13,3,0.23076923076923078,-1459064,-307.30075821398486,-102.0,-1047115,-220.53812131423757,-102.0,411949,86.76263689974726,0.0,-1459064,-307.30075821398486,-102.0,-1033005,-217.56634372367313,-102.0,426059,89.7344144903117,0.0,-1696464,-357.30075821398486,-152.0,-1284515,-270.53812131423757,-152.0,411949,86.76263689974726,0.0,-1696464,-357.30075821398486,-152.0,-1270405,-267.5663437236731,-152.0,426059,89.7344144903117,0.0,-1933864,-407.30075821398486,-202.0,-1521915,-320.53812131423757,-202.0,411949,86.76263689974726,0.0,-1933864,-407.30075821398486,-202.0,-1507805,-317.5663437236731,-202.0,426059,89.7344144903117,0.0,-2171264,-457.30075821398486,-252.0,-1759315,-370.53812131423757,-252.0,411949,86.76263689974726,0.0,-2171264,-457.30075821398486,-252.0,-1745205,-367.5663437236731,-252.0,426059,89.7344144903117,0.0,-2408664,-507.30075821398486,-302.0,-1996715,-420.53812131423757,-302.0,411949,86.76263689974726,0.0,-2408664,-507.30075821398486,-302.0,-1982605,-417.5663437236731,-302.0,426059,89.7344144903117,0.0
shadow-burnin-v3-r49-r48-target60-stop60-exit-replay-timestop-v2-maxwait66000-r1,M0_ALL / 6000 / -6000 / 120000,M0_ALL,6000,-6000,120000,G5_DELAYED_DECISION_8000,20000,4748,5604,5485,1.0,4748,4596,0.7205808713069605,0.7004915601926316,411949,86.76263689974726,0.0,-1933864,-1521915,-2408664,-1996715,-1507805,-1982605,-14110,-14110,0.36479864078554014,120,584874,86,343673,1353,221.3,True,4,False,False,False,129,727379,584874,142505,0.19591574681149718,426000,343673,0.806744131455399,1469,1353,0.9210347174948945,7,2,0.2857142857142857,13,3,0.23076923076923078,-1459064,-307.30075821398486,-102.0,-1047115,-220.53812131423757,-102.0,411949,86.76263689974726,0.0,-1459064,-307.30075821398486,-102.0,-1033005,-217.56634372367313,-102.0,426059,89.7344144903117,0.0,-1696464,-357.30075821398486,-152.0,-1284515,-270.53812131423757,-152.0,411949,86.76263689974726,0.0,-1696464,-357.30075821398486,-152.0,-1270405,-267.5663437236731,-152.0,426059,89.7344144903117,0.0,-1933864,-407.30075821398486,-202.0,-1521915,-320.53812131423757,-202.0,411949,86.76263689974726,0.0,-1933864,-407.30075821398486,-202.0,-1507805,-317.5663437236731,-202.0,426059,89.7344144903117,0.0,-2171264,-457.30075821398486,-252.0,-1759315,-370.53812131423757,-252.0,411949,86.76263689974726,0.0,-2171264,-457.30075821398486,-252.0,-1745205,-367.5663437236731,-252.0,426059,89.7344144903117,0.0,-2408664,-507.30075821398486,-302.0,-1996715,-420.53812131423757,-302.0,411949,86.76263689974726,0.0,-2408664,-507.30075821398486,-302.0,-1982605,-417.5663437236731,-302.0,426059,89.7344144903117,0.0
shadow-burnin-v3-r49-r48-target60-stop60-exit-replay-timestop-v2-maxwait66000-r1,M0_ALL / 6000 / -6000 / 120000,M0_ALL,6000,-6000,120000,G5_DELAYED_DECISION_8000,30000,4748,5604,5485,1.0,4748,4596,0.7205808713069605,0.7004915601926316,411949,86.76263689974726,0.0,-1933864,-1521915,-2408664,-1996715,-1507805,-1982605,-14110,-14110,0.36479864078554014,120,584874,86,343673,1353,221.3,True,4,False,False,False,129,727379,584874,142505,0.19591574681149718,426000,343673,0.806744131455399,1469,1353,0.9210347174948945,7,2,0.2857142857142857,13,3,0.23076923076923078,-1459064,-307.30075821398486,-102.0,-1047115,-220.53812131423757,-102.0,411949,86.76263689974726,0.0,-1459064,-307.30075821398486,-102.0,-1033005,-217.56634372367313,-102.0,426059,89.7344144903117,0.0,-1696464,-357.30075821398486,-152.0,-1284515,-270.53812131423757,-152.0,411949,86.76263689974726,0.0,-1696464,-357.30075821398486,-152.0,-1270405,-267.5663437236731,-152.0,426059,89.7344144903117,0.0,-1933864,-407.30075821398486,-202.0,-1521915,-320.53812131423757,-202.0,411949,86.76263689974726,0.0,-1933864,-407.30075821398486,-202.0,-1507805,-317.5663437236731,-202.0,426059,89.7344144903117,0.0,-2171264,-457.30075821398486,-252.0,-1759315,-370.53812131423757,-252.0,411949,86.76263689974726,0.0,-2171264,-457.30075821398486,-252.0,-1745205,-367.5663437236731,-252.0,426059,89.7344144903117,0.0,-2408664,-507.30075821398486,-302.0,-1996715,-420.53812131423757,-302.0,411949,86.76263689974726,0.0,-2408664,-507.30075821398486,-302.0,-1982605,-417.5663437236731,-302.0,426059,89.7344144903117,0.0
shadow-burnin-v3-r49-r48-target60-stop60-exit-replay-timestop-v2-maxwait66000-r1,M0_ALL / 6000 / -6000 / 120000,M0_ALL,6000,-6000,120000,G5_DELAYED_DECISION_8000,45000,4748,5604,5485,1.0,4748,4596,0.7205808713069605,0.7004915601926316,411949,86.76263689974726,0.0,-1933864,-1521915,-2408664,-1996715,-1507805,-1982605,-14110,-14110,0.36479864078554014,120,584874,86,343673,1353,221.3,True,4,False,False,False,129,727379,584874,142505,0.19591574681149718,426000,343673,0.806744131455399,1469,1353,0.9210347174948945,7,2,0.2857142857142857,13,3,0.23076923076923078,-1459064,-307.30075821398486,-102.0,-1047115,-220.53812131423757,-102.0,411949,86.76263689974726,0.0,-1459064,-307.30075821398486,-102.0,-1033005,-217.56634372367313,-102.0,426059,89.7344144903117,0.0,-1696464,-357.30075821398486,-152.0,-1284515,-270.53812131423757,-152.0,411949,86.76263689974726,0.0,-1696464,-357.30075821398486,-152.0,-1270405,-267.5663437236731,-152.0,426059,89.7344144903117,0.0,-1933864,-407.30075821398486,-202.0,-1521915,-320.53812131423757,-202.0,411949,86.76263689974726,0.0,-1933864,-407.30075821398486,-202.0,-1507805,-317.5663437236731,-202.0,426059,89.7344144903117,0.0,-2171264,-457.30075821398486,-252.0,-1759315,-370.53812131423757,-252.0,411949,86.76263689974726,0.0,-2171264,-457.30075821398486,-252.0,-1745205,-367.5663437236731,-252.0,426059,89.7344144903117,0.0,-2408664,-507.30075821398486,-302.0,-1996715,-420.53812131423757,-302.0,411949,86.76263689974726,0.0,-2408664,-507.30075821398486,-302.0,-1982605,-417.5663437236731,-302.0,426059,89.7344144903117,0.0
shadow-burnin-v3-r49-r48-target60-stop60-exit-replay-timestop-v2-maxwait66000-r1,M4_CONFIRM_2_WINDOWS / 10000 / -6000 / 120000,M4_CONFIRM_2_WINDOWS,10000,-6000,120000,G0_NONE,10000,4748,5604,5485,1.0,4748,4609,0.7351377477042049,0.7157011038976295,442815,93.26347935973041,0.0,-2031481,-1588666,-2506281,-2063466,-1588666,-2063466,0,0,0.22391198215115862,44,403143,99,435613,1422,241.20000000000002,True,4,False,False,False,44,403143,403143,0,0.0,435613,435613,1.0,1422,1422,1.0,3,0,0.0,5,0,0.0,-1556681,-327.86036225779276,-102.0,-1113866,-234.59688289806235,-102.0,442815,93.26347935973041,0.0,-1556681,-327.86036225779276,-102.0,-1113866,-234.59688289806235,-102.0,442815,93.26347935973041,0.0,-1794081,-377.86036225779276,-152.0,-1351266,-284.59688289806235,-152.0,442815,93.26347935973041,0.0,-1794081,-377.86036225779276,-152.0,-1351266,-284.59688289806235,-152.0,442815,93.26347935973041,0.0,-2031481,-427.86036225779276,-202.0,-1588666,-334.59688289806235,-202.0,442815,93.26347935973041,0.0,-2031481,-427.86036225779276,-202.0,-1588666,-334.59688289806235,-202.0,442815,93.26347935973041,0.0,-2268881,-477.86036225779276,-252.0,-1826066,-384.59688289806235,-252.0,442815,93.26347935973041,0.0,-2268881,-477.86036225779276,-252.0,-1826066,-384.59688289806235,-252.0,442815,93.26347935973041,0.0,-2506281,-527.8603622577928,-302.0,-2063466,-434.59688289806235,-302.0,442815,93.26347935973041,0.0,-2506281,-527.8603622577928,-302.0,-2063466,-434.59688289806235,-302.0,442815,93.26347935973041,0.0
shadow-burnin-v3-r49-r48-target60-stop60-exit-replay-timestop-v2-maxwait66000-r1,M4_CONFIRM_2_WINDOWS / 10000 / -6000 / 120000,M4_CONFIRM_2_WINDOWS,10000,-6000,120000,G0_NONE,20000,4748,5604,5485,1.0,4748,4609,0.7351377477042049,0.7157011038976295,442815,93.26347935973041,0.0,-2031481,-1588666,-2506281,-2063466,-1588666,-2063466,0,0,0.22391198215115862,44,403143,99,435613,1422,241.20000000000002,True,4,False,False,False,44,403143,403143,0,0.0,435613,435613,1.0,1422,1422,1.0,3,0,0.0,5,0,0.0,-1556681,-327.86036225779276,-102.0,-1113866,-234.59688289806235,-102.0,442815,93.26347935973041,0.0,-1556681,-327.86036225779276,-102.0,-1113866,-234.59688289806235,-102.0,442815,93.26347935973041,0.0,-1794081,-377.86036225779276,-152.0,-1351266,-284.59688289806235,-152.0,442815,93.26347935973041,0.0,-1794081,-377.86036225779276,-152.0,-1351266,-284.59688289806235,-152.0,442815,93.26347935973041,0.0,-2031481,-427.86036225779276,-202.0,-1588666,-334.59688289806235,-202.0,442815,93.26347935973041,0.0,-2031481,-427.86036225779276,-202.0,-1588666,-334.59688289806235,-202.0,442815,93.26347935973041,0.0,-2268881,-477.86036225779276,-252.0,-1826066,-384.59688289806235,-252.0,442815,93.26347935973041,0.0,-2268881,-477.86036225779276,-252.0,-1826066,-384.59688289806235,-252.0,442815,93.26347935973041,0.0,-2506281,-527.8603622577928,-302.0,-2063466,-434.59688289806235,-302.0,442815,93.26347935973041,0.0,-2506281,-527.8603622577928,-302.0,-2063466,-434.59688289806235,-302.0,442815,93.26347935973041,0.0
shadow-burnin-v3-r49-r48-target60-stop60-exit-replay-timestop-v2-maxwait66000-r1,M4_CONFIRM_2_WINDOWS / 10000 / -6000 / 120000,M4_CONFIRM_2_WINDOWS,10000,-6000,120000,G0_NONE,30000,4748,5604,5485,1.0,4748,4609,0.7351377477042049,0.7157011038976295,442815,93.26347935973041,0.0,-2031481,-1588666,-2506281,-2063466,-1588666,-2063466,0,0,0.22391198215115862,44,403143,99,435613,1422,241.20000000000002,True,4,False,False,False,44,403143,403143,0,0.0,435613,435613,1.0,1422,1422,1.0,3,0,0.0,5,0,0.0,-1556681,-327.86036225779276,-102.0,-1113866,-234.59688289806235,-102.0,442815,93.26347935973041,0.0,-1556681,-327.86036225779276,-102.0,-1113866,-234.59688289806235,-102.0,442815,93.26347935973041,0.0,-1794081,-377.86036225779276,-152.0,-1351266,-284.59688289806235,-152.0,442815,93.26347935973041,0.0,-1794081,-377.86036225779276,-152.0,-1351266,-284.59688289806235,-152.0,442815,93.26347935973041,0.0,-2031481,-427.86036225779276,-202.0,-1588666,-334.59688289806235,-202.0,442815,93.26347935973041,0.0,-2031481,-427.86036225779276,-202.0,-1588666,-334.59688289806235,-202.0,442815,93.26347935973041,0.0,-2268881,-477.86036225779276,-252.0,-1826066,-384.59688289806235,-252.0,442815,93.26347935973041,0.0,-2268881,-477.86036225779276,-252.0,-1826066,-384.59688289806235,-252.0,442815,93.26347935973041,0.0,-2506281,-527.8603622577928,-302.0,-2063466,-434.59688289806235,-302.0,442815,93.26347935973041,0.0,-2506281,-527.8603622577928,-302.0,-2063466,-434.59688289806235,-302.0,442815,93.26347935973041,0.0
shadow-burnin-v3-r49-r48-target60-stop60-exit-replay-timestop-v2-maxwait66000-r1,M4_CONFIRM_2_WINDOWS / 10000 / -6000 / 120000,M4_CONFIRM_2_WINDOWS,10000,-6000,120000,G0_NONE,45000,4748,5604,5485,1.0,4748,4609,0.7351377477042049,0.7157011038976295,442815,93.26347935973041,0.0,-2031481,-1588666,-2506281,-2063466,-1588666,-2063466,0,0,0.22391198215115862,44,403143,99,435613,1422,241.20000000000002,True,4,False,False,False,44,403143,403143,0,0.0,435613,435613,1.0,1422,1422,1.0,3,0,0.0,5,0,0.0,-1556681,-327.86036225779276,-102.0,-1113866,-234.59688289806235,-102.0,442815,93.26347935973041,0.0,-1556681,-327.86036225779276,-102.0,-1113866,-234.59688289806235,-102.0,442815,93.26347935973041,0.0,-1794081,-377.86036225779276,-152.0,-1351266,-284.59688289806235,-152.0,442815,93.26347935973041,0.0,-1794081,-377.86036225779276,-152.0,-1351266,-284.59688289806235,-152.0,442815,93.26347935973041,0.0,-2031481,-427.86036225779276,-202.0,-1588666,-334.59688289806235,-202.0,442815,93.26347935973041,0.0,-2031481,-427.86036225779276,-202.0,-1588666,-334.59688289806235,-202.0,442815,93.26347935973041,0.0,-2268881,-477.86036225779276,-252.0,-1826066,-384.59688289806235,-252.0,442815,93.26347935973041,0.0,-2268881,-477.86036225779276,-252.0,-1826066,-384.59688289806235,-252.0,442815,93.26347935973041,0.0,-2506281,-527.8603622577928,-302.0,-2063466,-434.59688289806235,-302.0,442815,93.26347935973041,0.0,-2506281,-527.8603622577928,-302.0,-2063466,-434.59688289806235,-302.0,442815,93.26347935973041,0.0
shadow-burnin-v3-r49-r48-target60-stop60-exit-replay-timestop-v2-maxwait66000-r1,M4_CONFIRM_2_WINDOWS / 10000 / -6000 / 120000,M4_CONFIRM_2_WINDOWS,10000,-6000,120000,G1_STEADY_EARLY_STRENGTH,10000,4748,5604,5485,1.0,4748,4395,0.7522788203753351,0.7321814914883625,372147,78.37973883740523,0.0,-2031481,-1659334,-2506281,-2134134,-1588666,-2063466,-70668,-70668,0.190231766400419,28,268768,79,318569,1324,211.4,True,4,False,False,False,44,403143,268768,134375,0.3333184502769489,435613,318569,0.731311967273704,1422,1324,0.9310829817158931,3,1,0.3333333333333333,5,1,0.2,-1556681,-327.86036225779276,-102.0,-1184534,-249.48062342038753,-102.0,372147,78.37973883740523,0.0,-1556681,-327.86036225779276,-102.0,-1113866,-234.59688289806235,-102.0,442815,93.26347935973041,0.0,-1794081,-377.86036225779276,-152.0,-1421934,-299.48062342038753,-152.0,372147,78.37973883740523,0.0,-1794081,-377.86036225779276,-152.0,-1351266,-284.59688289806235,-152.0,442815,93.26347935973041,0.0,-2031481,-427.86036225779276,-202.0,-1659334,-349.48062342038753,-202.0,372147,78.37973883740523,0.0,-2031481,-427.86036225779276,-202.0,-1588666,-334.59688289806235,-202.0,442815,93.26347935973041,0.0,-2268881,-477.86036225779276,-252.0,-1896734,-399.48062342038753,-252.0,372147,78.37973883740523,0.0,-2268881,-477.86036225779276,-252.0,-1826066,-384.59688289806235,-252.0,442815,93.26347935973041,0.0,-2506281,-527.8603622577928,-302.0,-2134134,-449.48062342038753,-302.0,372147,78.37973883740523,0.0,-2506281,-527.8603622577928,-302.0,-2063466,-434.59688289806235,-302.0,442815,93.26347935973041,0.0
shadow-burnin-v3-r49-r48-target60-stop60-exit-replay-timestop-v2-maxwait66000-r1,M4_CONFIRM_2_WINDOWS / 10000 / -6000 / 120000,M4_CONFIRM_2_WINDOWS,10000,-6000,120000,G1_STEADY_EARLY_STRENGTH,20000,4748,5604,5485,1.0,4748,4378,0.759349593495935,0.7393177365546435,382272,80.51221566975569,0.0,-2031481,-1649209,-2506281,-2124009,-1588666,-2063466,-60543,-60543,0.19316219026619558,27,265265,86,350367,1315,217.5,True,4,False,False,False,44,403143,265265,137878,0.34200767469607557,435613,350367,0.804307952242013,1422,1315,0.9247538677918424,3,0,0.0,5,0,0.0,-1556681,-327.86036225779276,-102.0,-1174409,-247.34814658803708,-102.0,382272,80.51221566975569,0.0,-1556681,-327.86036225779276,-102.0,-1113866,-234.59688289806235,-102.0,442815,93.26347935973041,0.0,-1794081,-377.86036225779276,-152.0,-1411809,-297.3481465880371,-152.0,382272,80.51221566975569,0.0,-1794081,-377.86036225779276,-152.0,-1351266,-284.59688289806235,-152.0,442815,93.26347935973041,0.0,-2031481,-427.86036225779276,-202.0,-1649209,-347.3481465880371,-202.0,382272,80.51221566975569,0.0,-2031481,-427.86036225779276,-202.0,-1588666,-334.59688289806235,-202.0,442815,93.26347935973041,0.0,-2268881,-477.86036225779276,-252.0,-1886609,-397.3481465880371,-252.0,382272,80.51221566975569,0.0,-2268881,-477.86036225779276,-252.0,-1826066,-384.59688289806235,-252.0,442815,93.26347935973041,0.0,-2506281,-527.8603622577928,-302.0,-2124009,-447.3481465880371,-302.0,382272,80.51221566975569,0.0,-2506281,-527.8603622577928,-302.0,-2063466,-434.59688289806235,-302.0,442815,93.26347935973041,0.0
shadow-burnin-v3-r49-r48-target60-stop60-exit-replay-timestop-v2-maxwait66000-r1,M4_CONFIRM_2_WINDOWS / 10000 / -6000 / 120000,M4_CONFIRM_2_WINDOWS,10000,-6000,120000,G1_STEADY_EARLY_STRENGTH,30000,4748,5604,5485,1.0,4748,4386,0.7603885590933621,0.7404276220350506,406214,85.5547598989048,0.0,-2031481,-1625267,-2506281,-2100067,-1588666,-2063466,-36601,-36601,0.18974226553402365,27,265265,87,357029,1322,219.20000000000002,True,4,False,False,False,44,403143,265265,137878,0.34200767469607557,435613,357029,0.8196013433942513,1422,1322,0.929676511954993,3,0,0.0,5,0,0.0,-1556681,-327.86036225779276,-102.0,-1150467,-242.30560235888797,-102.0,406214,85.5547598989048,0.0,-1556681,-327.86036225779276,-102.0,-1113866,-234.59688289806235,-102.0,442815,93.26347935973041,0.0,-1794081,-377.86036225779276,-152.0,-1387867,-292.30560235888794,-152.0,406214,85.5547598989048,0.0,-1794081,-377.86036225779276,-152.0,-1351266,-284.59688289806235,-152.0,442815,93.26347935973041,0.0,-2031481,-427.86036225779276,-202.0,-1625267,-342.30560235888794,-202.0,406214,85.5547598989048,0.0,-2031481,-427.86036225779276,-202.0,-1588666,-334.59688289806235,-202.0,442815,93.26347935973041,0.0,-2268881,-477.86036225779276,-252.0,-1862667,-392.30560235888794,-252.0,406214,85.5547598989048,0.0,-2268881,-477.86036225779276,-252.0,-1826066,-384.59688289806235,-252.0,442815,93.26347935973041,0.0,-2506281,-527.8603622577928,-302.0,-2100067,-442.30560235888794,-302.0,406214,85.5547598989048,0.0,-2506281,-527.8603622577928,-302.0,-2063466,-434.59688289806235,-302.0,442815,93.26347935973041,0.0
shadow-burnin-v3-r49-r48-target60-stop60-exit-replay-timestop-v2-maxwait66000-r1,M4_CONFIRM_2_WINDOWS / 10000 / -6000 / 120000,M4_CONFIRM_2_WINDOWS,10000,-6000,120000,G1_STEADY_EARLY_STRENGTH,45000,4748,5604,5485,1.0,4748,4390,0.7603661820140011,0.7404267324019514,400461,84.34309182813816,0.0,-2031481,-1631020,-2506281,-2105820,-1588666,-2063466,-42354,-42354,0.190378481881156,27,265265,88,356401,1324,220.4,True,4,False,False,False,44,403143,265265,137878,0.34200767469607557,435613,356401,0.818159696795091,1422,1324,0.9310829817158931,3,0,0.0,5,0,0.0,-1556681,-327.86036225779276,-102.0,-1156220,-243.5172704296546,-102.0,400461,84.34309182813816,0.0,-1556681,-327.86036225779276,-102.0,-1113866,-234.59688289806235,-102.0,442815,93.26347935973041,0.0,-1794081,-377.86036225779276,-152.0,-1393620,-293.5172704296546,-152.0,400461,84.34309182813816,0.0,-1794081,-377.86036225779276,-152.0,-1351266,-284.59688289806235,-152.0,442815,93.26347935973041,0.0,-2031481,-427.86036225779276,-202.0,-1631020,-343.5172704296546,-202.0,400461,84.34309182813816,0.0,-2031481,-427.86036225779276,-202.0,-1588666,-334.59688289806235,-202.0,442815,93.26347935973041,0.0,-2268881,-477.86036225779276,-252.0,-1868420,-393.5172704296546,-252.0,400461,84.34309182813816,0.0,-2268881,-477.86036225779276,-252.0,-1826066,-384.59688289806235,-252.0,442815,93.26347935973041,0.0,-2506281,-527.8603622577928,-302.0,-2105820,-443.5172704296546,-302.0,400461,84.34309182813816,0.0,-2506281,-527.8603622577928,-302.0,-2063466,-434.59688289806235,-302.0,442815,93.26347935973041,0.0
shadow-burnin-v3-r49-r48-target60-stop60-exit-replay-timestop-v2-maxwait66000-r1,M4_CONFIRM_2_WINDOWS / 10000 / -6000 / 120000,M4_CONFIRM_2_WINDOWS,10000,-6000,120000,G2_RECOVERY_AFTER_EARLY_DRAWDOWN,10000,4748,5604,5485,1.0,4748,4576,0.7398134511536574,0.7203219589631779,477221,100.50989890480203,0.0,-2031481,-1554260,-2506281,-2029060,-1588666,-2063466,34406,34406,0.20868474367971557,40,368137,94,419173,1413,235.3,True,3,False,False,False,44,403143,368137,35006,0.08683271196572928,435613,419173,0.9622600794742122,1422,1413,0.9936708860759493,3,0,0.0,5,0,0.0,-1556681,-327.86036225779276,-102.0,-1079460,-227.35046335299074,-102.0,477221,100.50989890480203,0.0,-1556681,-327.86036225779276,-102.0,-1113866,-234.59688289806235,-102.0,442815,93.26347935973041,0.0,-1794081,-377.86036225779276,-152.0,-1316860,-277.35046335299074,-152.0,477221,100.50989890480203,0.0,-1794081,-377.86036225779276,-152.0,-1351266,-284.59688289806235,-152.0,442815,93.26347935973041,0.0,-2031481,-427.86036225779276,-202.0,-1554260,-327.35046335299074,-202.0,477221,100.50989890480203,0.0,-2031481,-427.86036225779276,-202.0,-1588666,-334.59688289806235,-202.0,442815,93.26347935973041,0.0,-2268881,-477.86036225779276,-252.0,-1791660,-377.35046335299074,-252.0,477221,100.50989890480203,0.0,-2268881,-477.86036225779276,-252.0,-1826066,-384.59688289806235,-252.0,442815,93.26347935973041,0.0,-2506281,-527.8603622577928,-302.0,-2029060,-427.35046335299074,-302.0,477221,100.50989890480203,0.0,-2506281,-527.8603622577928,-302.0,-2063466,-434.59688289806235,-302.0,442815,93.26347935973041,0.0
shadow-burnin-v3-r49-r48-target60-stop60-exit-replay-timestop-v2-maxwait66000-r1,M4_CONFIRM_2_WINDOWS / 10000 / -6000 / 120000,M4_CONFIRM_2_WINDOWS,10000,-6000,120000,G2_RECOVERY_AFTER_EARLY_DRAWDOWN,20000,4748,5604,5485,1.0,4748,4533,0.7432296890672017,0.7236004440107096,458689,96.60678180286436,0.0,-2031481,-1572792,-2506281,-2047592,-1588666,-2063466,15874,15874,0.18833399033900286,34,312454,85,351727,1397,224.70000000000002,True,3,False,False,False,44,403143,312454,90689,0.22495491674170207,435613,351727,0.8074299894631244,1422,1397,0.9824191279887482,3,1,0.3333333333333333,5,1,0.2,-1556681,-327.86036225779276,-102.0,-1097992,-231.2535804549284,-102.0,458689,96.60678180286436,0.0,-1556681,-327.86036225779276,-102.0,-1113866,-234.59688289806235,-102.0,442815,93.26347935973041,0.0,-1794081,-377.86036225779276,-152.0,-1335392,-281.2535804549284,-152.0,458689,96.60678180286436,0.0,-1794081,-377.86036225779276,-152.0,-1351266,-284.59688289806235,-152.0,442815,93.26347935973041,0.0,-2031481,-427.86036225779276,-202.0,-1572792,-331.2535804549284,-202.0,458689,96.60678180286436,0.0,-2031481,-427.86036225779276,-202.0,-1588666,-334.59688289806235,-202.0,442815,93.26347935973041,0.0,-2268881,-477.86036225779276,-252.0,-1810192,-381.2535804549284,-252.0,458689,96.60678180286436,0.0,-2268881,-477.86036225779276,-252.0,-1826066,-384.59688289806235,-252.0,442815,93.26347935973041,0.0,-2506281,-527.8603622577928,-302.0,-2047592,-431.2535804549284,-302.0,458689,96.60678180286436,0.0,-2506281,-527.8603622577928,-302.0,-2063466,-434.59688289806235,-302.0,442815,93.26347935973041,0.0
shadow-burnin-v3-r49-r48-target60-stop60-exit-replay-timestop-v2-maxwait66000-r1,M4_CONFIRM_2_WINDOWS / 10000 / -6000 / 120000,M4_CONFIRM_2_WINDOWS,10000,-6000,120000,G2_RECOVERY_AFTER_EARLY_DRAWDOWN,30000,4748,5604,5485,1.0,4748,4533,0.742728184553661,0.7230877034049282,428432,90.23420387531593,0.0,-2031481,-1603049,-2506281,-2077849,-1588666,-2063466,-14383,-14383,0.1977564016965983,35,325810,85,349360,1396,224.6,True,3,False,False,False,44,403143,325810,77333,0.19182523322989609,435613,349360,0.8019962673290283,1422,1396,0.9817158931082982,3,0,0.0,5,0,0.0,-1556681,-327.86036225779276,-102.0,-1128249,-237.62615838247683,-102.0,428432,90.23420387531593,0.0,-1556681,-327.86036225779276,-102.0,-1113866,-234.59688289806235,-102.0,442815,93.26347935973041,0.0,-1794081,-377.86036225779276,-152.0,-1365649,-287.62615838247683,-152.0,428432,90.23420387531593,0.0,-1794081,-377.86036225779276,-152.0,-1351266,-284.59688289806235,-152.0,442815,93.26347935973041,0.0,-2031481,-427.86036225779276,-202.0,-1603049,-337.62615838247683,-202.0,428432,90.23420387531593,0.0,-2031481,-427.86036225779276,-202.0,-1588666,-334.59688289806235,-202.0,442815,93.26347935973041,0.0,-2268881,-477.86036225779276,-252.0,-1840449,-387.62615838247683,-252.0,428432,90.23420387531593,0.0,-2268881,-477.86036225779276,-252.0,-1826066,-384.59688289806235,-252.0,442815,93.26347935973041,0.0,-2506281,-527.8603622577928,-302.0,-2077849,-437.62615838247683,-302.0,428432,90.23420387531593,0.0,-2506281,-527.8603622577928,-302.0,-2063466,-434.59688289806235,-302.0,442815,93.26347935973041,0.0
shadow-burnin-v3-r49-r48-target60-stop60-exit-replay-timestop-v2-maxwait66000-r1,M4_CONFIRM_2_WINDOWS / 10000 / -6000 / 120000,M4_CONFIRM_2_WINDOWS,10000,-6000,120000,G2_RECOVERY_AFTER_EARLY_DRAWDOWN,45000,4748,5604,5485,1.0,4748,4535,0.7436154231347021,0.7240099171811022,442203,93.13458298230834,0.0,-2031481,-1589278,-2506281,-2064078,-1588666,-2063466,-612,-612,0.19221826533274494,34,317539,86,351683,1399,225.9,True,3,False,False,False,44,403143,317539,85604,0.21234152645587298,435613,351683,0.807328982376559,1422,1399,0.9838255977496484,3,0,0.0,5,0,0.0,-1556681,-327.86036225779276,-102.0,-1114478,-234.72577927548443,-102.0,442203,93.13458298230834,0.0,-1556681,-327.86036225779276,-102.0,-1113866,-234.59688289806235,-102.0,442815,93.26347935973041,0.0,-1794081,-377.86036225779276,-152.0,-1351878,-284.7257792754844,-152.0,442203,93.13458298230834,0.0,-1794081,-377.86036225779276,-152.0,-1351266,-284.59688289806235,-152.0,442815,93.26347935973041,0.0,-2031481,-427.86036225779276,-202.0,-1589278,-334.7257792754844,-202.0,442203,93.13458298230834,0.0,-2031481,-427.86036225779276,-202.0,-1588666,-334.59688289806235,-202.0,442815,93.26347935973041,0.0,-2268881,-477.86036225779276,-252.0,-1826678,-384.7257792754844,-252.0,442203,93.13458298230834,0.0,-2268881,-477.86036225779276,-252.0,-1826066,-384.59688289806235,-252.0,442815,93.26347935973041,0.0,-2506281,-527.8603622577928,-302.0,-2064078,-434.7257792754844,-302.0,442203,93.13458298230834,0.0,-2506281,-527.8603622577928,-302.0,-2063466,-434.59688289806235,-302.0,442815,93.26347935973041,0.0
shadow-burnin-v3-r49-r48-target60-stop60-exit-replay-timestop-v2-maxwait66000-r1,M4_CONFIRM_2_WINDOWS / 10000 / -6000 / 120000,M4_CONFIRM_2_WINDOWS,10000,-6000,120000,G3_LOW_VOL_CONTINUATION,10000,4748,5604,5485,1.0,4748,4555,0.7379891035165924,0.7183693389005831,414754,87.35341196293176,0.0,-2031481,-1616727,-2506281,-2091527,-1588666,-2063466,-28061,-28061,0.22654164989661588,43,393441,98,429729,1392,237.20000000000002,True,4,False,False,False,44,403143,393441,9702,0.024065902173670384,435613,429729,0.9864925977874857,1422,1392,0.9789029535864979,3,0,0.0,5,0,0.0,-1556681,-327.86036225779276,-102.0,-1141927,-240.50695029486099,-102.0,414754,87.35341196293176,0.0,-1556681,-327.86036225779276,-102.0,-1113866,-234.59688289806235,-102.0,442815,93.26347935973041,0.0,-1794081,-377.86036225779276,-152.0,-1379327,-290.506950294861,-152.0,414754,87.35341196293176,0.0,-1794081,-377.86036225779276,-152.0,-1351266,-284.59688289806235,-152.0,442815,93.26347935973041,0.0,-2031481,-427.86036225779276,-202.0,-1616727,-340.506950294861,-202.0,414754,87.35341196293176,0.0,-2031481,-427.86036225779276,-202.0,-1588666,-334.59688289806235,-202.0,442815,93.26347935973041,0.0,-2268881,-477.86036225779276,-252.0,-1854127,-390.506950294861,-252.0,414754,87.35341196293176,0.0,-2268881,-477.86036225779276,-252.0,-1826066,-384.59688289806235,-252.0,442815,93.26347935973041,0.0,-2506281,-527.8603622577928,-302.0,-2091527,-440.506950294861,-302.0,414754,87.35341196293176,0.0,-2506281,-527.8603622577928,-302.0,-2063466,-434.59688289806235,-302.0,442815,93.26347935973041,0.0
shadow-burnin-v3-r49-r48-target60-stop60-exit-replay-timestop-v2-maxwait66000-r1,M4_CONFIRM_2_WINDOWS / 10000 / -6000 / 120000,M4_CONFIRM_2_WINDOWS,10000,-6000,120000,G3_LOW_VOL_CONTINUATION,20000,4748,5604,5485,1.0,4748,4548,0.7415506958250497,0.721974083185944,424867,89.48336141533277,0.0,-2031481,-1606614,-2506281,-2081414,-1588666,-2063466,-17948,-17948,0.22823402745832147,43,393441,99,435613,1393,238.3,True,3,False,False,False,44,403143,393441,9702,0.024065902173670384,435613,435613,1.0,1422,1393,0.9796061884669479,3,0,0.0,5,0,0.0,-1556681,-327.86036225779276,-102.0,-1131814,-238.37700084245998,-102.0,424867,89.48336141533277,0.0,-1556681,-327.86036225779276,-102.0,-1113866,-234.59688289806235,-102.0,442815,93.26347935973041,0.0,-1794081,-377.86036225779276,-152.0,-1369214,-288.37700084246,-152.0,424867,89.48336141533277,0.0,-1794081,-377.86036225779276,-152.0,-1351266,-284.59688289806235,-152.0,442815,93.26347935973041,0.0,-2031481,-427.86036225779276,-202.0,-1606614,-338.37700084246,-202.0,424867,89.48336141533277,0.0,-2031481,-427.86036225779276,-202.0,-1588666,-334.59688289806235,-202.0,442815,93.26347935973041,0.0,-2268881,-477.86036225779276,-252.0,-1844014,-388.37700084246,-252.0,424867,89.48336141533277,0.0,-2268881,-477.86036225779276,-252.0,-1826066,-384.59688289806235,-252.0,442815,93.26347935973041,0.0,-2506281,-527.8603622577928,-302.0,-2081414,-438.37700084246,-302.0,424867,89.48336141533277,0.0,-2506281,-527.8603622577928,-302.0,-2063466,-434.59688289806235,-302.0,442815,93.26347935973041,0.0
shadow-burnin-v3-r49-r48-target60-stop60-exit-replay-timestop-v2-maxwait66000-r1,M4_CONFIRM_2_WINDOWS / 10000 / -6000 / 120000,M4_CONFIRM_2_WINDOWS,10000,-6000,120000,G3_LOW_VOL_CONTINUATION,30000,4748,5604,5485,1.0,4748,4549,0.7411823149528067,0.7216025322255901,424012,89.30328559393429,0.0,-2031481,-1607469,-2506281,-2082269,-1588666,-2063466,-18803,-18803,0.22823402745832147,43,393441,99,435613,1393,238.3,True,3,False,False,False,44,403143,393441,9702,0.024065902173670384,435613,435613,1.0,1422,1393,0.9796061884669479,3,0,0.0,5,0,0.0,-1556681,-327.86036225779276,-102.0,-1132669,-238.55707666385845,-102.0,424012,89.30328559393429,0.0,-1556681,-327.86036225779276,-102.0,-1113866,-234.59688289806235,-102.0,442815,93.26347935973041,0.0,-1794081,-377.86036225779276,-152.0,-1370069,-288.5570766638585,-152.0,424012,89.30328559393429,0.0,-1794081,-377.86036225779276,-152.0,-1351266,-284.59688289806235,-152.0,442815,93.26347935973041,0.0,-2031481,-427.86036225779276,-202.0,-1607469,-338.5570766638585,-202.0,424012,89.30328559393429,0.0,-2031481,-427.86036225779276,-202.0,-1588666,-334.59688289806235,-202.0,442815,93.26347935973041,0.0,-2268881,-477.86036225779276,-252.0,-1844869,-388.5570766638585,-252.0,424012,89.30328559393429,0.0,-2268881,-477.86036225779276,-252.0,-1826066,-384.59688289806235,-252.0,442815,93.26347935973041,0.0,-2506281,-527.8603622577928,-302.0,-2082269,-438.5570766638585,-302.0,424012,89.30328559393429,0.0,-2506281,-527.8603622577928,-302.0,-2063466,-434.59688289806235,-302.0,442815,93.26347935973041,0.0
shadow-burnin-v3-r49-r48-target60-stop60-exit-replay-timestop-v2-maxwait66000-r1,M4_CONFIRM_2_WINDOWS / 10000 / -6000 / 120000,M4_CONFIRM_2_WINDOWS,10000,-6000,120000,G3_LOW_VOL_CONTINUATION,45000,4748,5604,5485,1.0,4748,4549,0.7411823149528067,0.7216025322255901,424012,89.30328559393429,0.0,-2031481,-1607469,-2506281,-2082269,-1588666,-2063466,-18803,-18803,0.22823402745832147,43,393441,99,435613,1393,238.3,True,3,False,False,False,44,403143,393441,9702,0.024065902173670384,435613,435613,1.0,1422,1393,0.9796061884669479,3,0,0.0,5,0,0.0,-1556681,-327.86036225779276,-102.0,-1132669,-238.55707666385845,-102.0,424012,89.30328559393429,0.0,-1556681,-327.86036225779276,-102.0,-1113866,-234.59688289806235,-102.0,442815,93.26347935973041,0.0,-1794081,-377.86036225779276,-152.0,-1370069,-288.5570766638585,-152.0,424012,89.30328559393429,0.0,-1794081,-377.86036225779276,-152.0,-1351266,-284.59688289806235,-152.0,442815,93.26347935973041,0.0,-2031481,-427.86036225779276,-202.0,-1607469,-338.5570766638585,-202.0,424012,89.30328559393429,0.0,-2031481,-427.86036225779276,-202.0,-1588666,-334.59688289806235,-202.0,442815,93.26347935973041,0.0,-2268881,-477.86036225779276,-252.0,-1844869,-388.5570766638585,-252.0,424012,89.30328559393429,0.0,-2268881,-477.86036225779276,-252.0,-1826066,-384.59688289806235,-252.0,442815,93.26347935973041,0.0,-2506281,-527.8603622577928,-302.0,-2082269,-438.5570766638585,-302.0,424012,89.30328559393429,0.0,-2506281,-527.8603622577928,-302.0,-2063466,-434.59688289806235,-302.0,442815,93.26347935973041,0.0
shadow-burnin-v3-r49-r48-target60-stop60-exit-replay-timestop-v2-maxwait66000-r1,M4_CONFIRM_2_WINDOWS / 10000 / -6000 / 120000,M4_CONFIRM_2_WINDOWS,10000,-6000,120000,G4_DELAYED_DECISION_4000,10000,4748,5604,5485,1.0,4748,4601,0.7294058911632552,0.7095245327795011,443988,93.51053074978938,0.0,-2031481,-1587493,-2506281,-2062293,-1588666,-2063466,1173,1173,0.20296714653779532,43,348591,92,393084,1369,228.9,True,4,False,False,False,44,403143,348591,54552,0.13531674864750226,435613,393084,0.9023697639877598,1422,1369,0.9627285513361463,3,0,0.0,5,0,0.0,-1556681,-327.86036225779276,-102.0,-1112693,-234.34983150800338,-102.0,443988,93.51053074978938,0.0,-1556681,-327.86036225779276,-102.0,-1113866,-234.59688289806235,-102.0,442815,93.26347935973041,0.0,-1794081,-377.86036225779276,-152.0,-1350093,-284.3498315080034,-152.0,443988,93.51053074978938,0.0,-1794081,-377.86036225779276,-152.0,-1351266,-284.59688289806235,-152.0,442815,93.26347935973041,0.0,-2031481,-427.86036225779276,-202.0,-1587493,-334.3498315080034,-202.0,443988,93.51053074978938,0.0,-2031481,-427.86036225779276,-202.0,-1588666,-334.59688289806235,-202.0,442815,93.26347935973041,0.0,-2268881,-477.86036225779276,-252.0,-1824893,-384.3498315080034,-252.0,443988,93.51053074978938,0.0,-2268881,-477.86036225779276,-252.0,-1826066,-384.59688289806235,-252.0,442815,93.26347935973041,0.0,-2506281,-527.8603622577928,-302.0,-2062293,-434.3498315080034,-302.0,443988,93.51053074978938,0.0,-2506281,-527.8603622577928,-302.0,-2063466,-434.59688289806235,-302.0,442815,93.26347935973041,0.0
shadow-burnin-v3-r49-r48-target60-stop60-exit-replay-timestop-v2-maxwait66000-r1,M4_CONFIRM_2_WINDOWS / 10000 / -6000 / 120000,M4_CONFIRM_2_WINDOWS,10000,-6000,120000,G4_DELAYED_DECISION_4000,20000,4748,5604,5485,1.0,4748,4601,0.7294058911632552,0.7095245327795011,443988,93.51053074978938,0.0,-2031481,-1587493,-2506281,-2062293,-1588666,-2063466,1173,1173,0.20296714653779532,43,348591,92,393084,1369,228.9,True,4,False,False,False,44,403143,348591,54552,0.13531674864750226,435613,393084,0.9023697639877598,1422,1369,0.9627285513361463,3,0,0.0,5,0,0.0,-1556681,-327.86036225779276,-102.0,-1112693,-234.34983150800338,-102.0,443988,93.51053074978938,0.0,-1556681,-327.86036225779276,-102.0,-1113866,-234.59688289806235,-102.0,442815,93.26347935973041,0.0,-1794081,-377.86036225779276,-152.0,-1350093,-284.3498315080034,-152.0,443988,93.51053074978938,0.0,-1794081,-377.86036225779276,-152.0,-1351266,-284.59688289806235,-152.0,442815,93.26347935973041,0.0,-2031481,-427.86036225779276,-202.0,-1587493,-334.3498315080034,-202.0,443988,93.51053074978938,0.0,-2031481,-427.86036225779276,-202.0,-1588666,-334.59688289806235,-202.0,442815,93.26347935973041,0.0,-2268881,-477.86036225779276,-252.0,-1824893,-384.3498315080034,-252.0,443988,93.51053074978938,0.0,-2268881,-477.86036225779276,-252.0,-1826066,-384.59688289806235,-252.0,442815,93.26347935973041,0.0,-2506281,-527.8603622577928,-302.0,-2062293,-434.3498315080034,-302.0,443988,93.51053074978938,0.0,-2506281,-527.8603622577928,-302.0,-2063466,-434.59688289806235,-302.0,442815,93.26347935973041,0.0
shadow-burnin-v3-r49-r48-target60-stop60-exit-replay-timestop-v2-maxwait66000-r1,M4_CONFIRM_2_WINDOWS / 10000 / -6000 / 120000,M4_CONFIRM_2_WINDOWS,10000,-6000,120000,G4_DELAYED_DECISION_4000,30000,4748,5604,5485,1.0,4748,4601,0.7294058911632552,0.7095245327795011,443988,93.51053074978938,0.0,-2031481,-1587493,-2506281,-2062293,-1588666,-2063466,1173,1173,0.20296714653779532,43,348591,92,393084,1369,228.9,True,4,False,False,False,44,403143,348591,54552,0.13531674864750226,435613,393084,0.9023697639877598,1422,1369,0.9627285513361463,3,0,0.0,5,0,0.0,-1556681,-327.86036225779276,-102.0,-1112693,-234.34983150800338,-102.0,443988,93.51053074978938,0.0,-1556681,-327.86036225779276,-102.0,-1113866,-234.59688289806235,-102.0,442815,93.26347935973041,0.0,-1794081,-377.86036225779276,-152.0,-1350093,-284.3498315080034,-152.0,443988,93.51053074978938,0.0,-1794081,-377.86036225779276,-152.0,-1351266,-284.59688289806235,-152.0,442815,93.26347935973041,0.0,-2031481,-427.86036225779276,-202.0,-1587493,-334.3498315080034,-202.0,443988,93.51053074978938,0.0,-2031481,-427.86036225779276,-202.0,-1588666,-334.59688289806235,-202.0,442815,93.26347935973041,0.0,-2268881,-477.86036225779276,-252.0,-1824893,-384.3498315080034,-252.0,443988,93.51053074978938,0.0,-2268881,-477.86036225779276,-252.0,-1826066,-384.59688289806235,-252.0,442815,93.26347935973041,0.0,-2506281,-527.8603622577928,-302.0,-2062293,-434.3498315080034,-302.0,443988,93.51053074978938,0.0,-2506281,-527.8603622577928,-302.0,-2063466,-434.59688289806235,-302.0,442815,93.26347935973041,0.0
shadow-burnin-v3-r49-r48-target60-stop60-exit-replay-timestop-v2-maxwait66000-r1,M4_CONFIRM_2_WINDOWS / 10000 / -6000 / 120000,M4_CONFIRM_2_WINDOWS,10000,-6000,120000,G4_DELAYED_DECISION_4000,45000,4748,5604,5485,1.0,4748,4601,0.7294058911632552,0.7095245327795011,443988,93.51053074978938,0.0,-2031481,-1587493,-2506281,-2062293,-1588666,-2063466,1173,1173,0.20296714653779532,43,348591,92,393084,1369,228.9,True,4,False,False,False,44,403143,348591,54552,0.13531674864750226,435613,393084,0.9023697639877598,1422,1369,0.9627285513361463,3,0,0.0,5,0,0.0,-1556681,-327.86036225779276,-102.0,-1112693,-234.34983150800338,-102.0,443988,93.51053074978938,0.0,-1556681,-327.86036225779276,-102.0,-1113866,-234.59688289806235,-102.0,442815,93.26347935973041,0.0,-1794081,-377.86036225779276,-152.0,-1350093,-284.3498315080034,-152.0,443988,93.51053074978938,0.0,-1794081,-377.86036225779276,-152.0,-1351266,-284.59688289806235,-152.0,442815,93.26347935973041,0.0,-2031481,-427.86036225779276,-202.0,-1587493,-334.3498315080034,-202.0,443988,93.51053074978938,0.0,-2031481,-427.86036225779276,-202.0,-1588666,-334.59688289806235,-202.0,442815,93.26347935973041,0.0,-2268881,-477.86036225779276,-252.0,-1824893,-384.3498315080034,-252.0,443988,93.51053074978938,0.0,-2268881,-477.86036225779276,-252.0,-1826066,-384.59688289806235,-252.0,442815,93.26347935973041,0.0,-2506281,-527.8603622577928,-302.0,-2062293,-434.3498315080034,-302.0,443988,93.51053074978938,0.0,-2506281,-527.8603622577928,-302.0,-2063466,-434.59688289806235,-302.0,442815,93.26347935973041,0.0
shadow-burnin-v3-r49-r48-target60-stop60-exit-replay-timestop-v2-maxwait66000-r1,M4_CONFIRM_2_WINDOWS / 10000 / -6000 / 120000,M4_CONFIRM_2_WINDOWS,10000,-6000,120000,G5_DELAYED_DECISION_8000,10000,4748,5604,5485,1.0,4748,4589,0.7216174183514774,0.7011907717154985,371123,78.16406908171862,0.0,-2031481,-1660358,-2506281,-2135158,-1588666,-2063466,-71692,-71692,0.20028438721826813,41,313962,82,347503,1310,213.0,True,4,False,False,False,44,403143,313962,89181,0.22121430857040802,435613,347503,0.797733309152849,1422,1310,0.9212376933895922,3,0,0.0,5,0,0.0,-1556681,-327.86036225779276,-102.0,-1185558,-249.69629317607414,-102.0,371123,78.16406908171862,0.0,-1556681,-327.86036225779276,-102.0,-1113866,-234.59688289806235,-102.0,442815,93.26347935973041,0.0,-1794081,-377.86036225779276,-152.0,-1422958,-299.69629317607416,-152.0,371123,78.16406908171862,0.0,-1794081,-377.86036225779276,-152.0,-1351266,-284.59688289806235,-152.0,442815,93.26347935973041,0.0,-2031481,-427.86036225779276,-202.0,-1660358,-349.69629317607416,-202.0,371123,78.16406908171862,0.0,-2031481,-427.86036225779276,-202.0,-1588666,-334.59688289806235,-202.0,442815,93.26347935973041,0.0,-2268881,-477.86036225779276,-252.0,-1897758,-399.69629317607416,-252.0,371123,78.16406908171862,0.0,-2268881,-477.86036225779276,-252.0,-1826066,-384.59688289806235,-252.0,442815,93.26347935973041,0.0,-2506281,-527.8603622577928,-302.0,-2135158,-449.69629317607416,-302.0,371123,78.16406908171862,0.0,-2506281,-527.8603622577928,-302.0,-2063466,-434.59688289806235,-302.0,442815,93.26347935973041,0.0
shadow-burnin-v3-r49-r48-target60-stop60-exit-replay-timestop-v2-maxwait66000-r1,M4_CONFIRM_2_WINDOWS / 10000 / -6000 / 120000,M4_CONFIRM_2_WINDOWS,10000,-6000,120000,G5_DELAYED_DECISION_8000,20000,4748,5604,5485,1.0,4748,4589,0.7216174183514774,0.7011907717154985,371123,78.16406908171862,0.0,-2031481,-1660358,-2506281,-2135158,-1588666,-2063466,-71692,-71692,0.20028438721826813,41,313962,82,347503,1310,213.0,True,4,False,False,False,44,403143,313962,89181,0.22121430857040802,435613,347503,0.797733309152849,1422,1310,0.9212376933895922,3,0,0.0,5,0,0.0,-1556681,-327.86036225779276,-102.0,-1185558,-249.69629317607414,-102.0,371123,78.16406908171862,0.0,-1556681,-327.86036225779276,-102.0,-1113866,-234.59688289806235,-102.0,442815,93.26347935973041,0.0,-1794081,-377.86036225779276,-152.0,-1422958,-299.69629317607416,-152.0,371123,78.16406908171862,0.0,-1794081,-377.86036225779276,-152.0,-1351266,-284.59688289806235,-152.0,442815,93.26347935973041,0.0,-2031481,-427.86036225779276,-202.0,-1660358,-349.69629317607416,-202.0,371123,78.16406908171862,0.0,-2031481,-427.86036225779276,-202.0,-1588666,-334.59688289806235,-202.0,442815,93.26347935973041,0.0,-2268881,-477.86036225779276,-252.0,-1897758,-399.69629317607416,-252.0,371123,78.16406908171862,0.0,-2268881,-477.86036225779276,-252.0,-1826066,-384.59688289806235,-252.0,442815,93.26347935973041,0.0,-2506281,-527.8603622577928,-302.0,-2135158,-449.69629317607416,-302.0,371123,78.16406908171862,0.0,-2506281,-527.8603622577928,-302.0,-2063466,-434.59688289806235,-302.0,442815,93.26347935973041,0.0
shadow-burnin-v3-r49-r48-target60-stop60-exit-replay-timestop-v2-maxwait66000-r1,M4_CONFIRM_2_WINDOWS / 10000 / -6000 / 120000,M4_CONFIRM_2_WINDOWS,10000,-6000,120000,G5_DELAYED_DECISION_8000,30000,4748,5604,5485,1.0,4748,4589,0.7216174183514774,0.7011907717154985,371123,78.16406908171862,0.0,-2031481,-1660358,-2506281,-2135158,-1588666,-2063466,-71692,-71692,0.20028438721826813,41,313962,82,347503,1310,213.0,True,4,False,False,False,44,403143,313962,89181,0.22121430857040802,435613,347503,0.797733309152849,1422,1310,0.9212376933895922,3,0,0.0,5,0,0.0,-1556681,-327.86036225779276,-102.0,-1185558,-249.69629317607414,-102.0,371123,78.16406908171862,0.0,-1556681,-327.86036225779276,-102.0,-1113866,-234.59688289806235,-102.0,442815,93.26347935973041,0.0,-1794081,-377.86036225779276,-152.0,-1422958,-299.69629317607416,-152.0,371123,78.16406908171862,0.0,-1794081,-377.86036225779276,-152.0,-1351266,-284.59688289806235,-152.0,442815,93.26347935973041,0.0,-2031481,-427.86036225779276,-202.0,-1660358,-349.69629317607416,-202.0,371123,78.16406908171862,0.0,-2031481,-427.86036225779276,-202.0,-1588666,-334.59688289806235,-202.0,442815,93.26347935973041,0.0,-2268881,-477.86036225779276,-252.0,-1897758,-399.69629317607416,-252.0,371123,78.16406908171862,0.0,-2268881,-477.86036225779276,-252.0,-1826066,-384.59688289806235,-252.0,442815,93.26347935973041,0.0,-2506281,-527.8603622577928,-302.0,-2135158,-449.69629317607416,-302.0,371123,78.16406908171862,0.0,-2506281,-527.8603622577928,-302.0,-2063466,-434.59688289806235,-302.0,442815,93.26347935973041,0.0
shadow-burnin-v3-r49-r48-target60-stop60-exit-replay-timestop-v2-maxwait66000-r1,M4_CONFIRM_2_WINDOWS / 10000 / -6000 / 120000,M4_CONFIRM_2_WINDOWS,10000,-6000,120000,G5_DELAYED_DECISION_8000,45000,4748,5604,5485,1.0,4748,4589,0.7216174183514774,0.7011907717154985,371123,78.16406908171862,0.0,-2031481,-1660358,-2506281,-2135158,-1588666,-2063466,-71692,-71692,0.20028438721826813,41,313962,82,347503,1310,213.0,True,4,False,False,False,44,403143,313962,89181,0.22121430857040802,435613,347503,0.797733309152849,1422,1310,0.9212376933895922,3,0,0.0,5,0,0.0,-1556681,-327.86036225779276,-102.0,-1185558,-249.69629317607414,-102.0,371123,78.16406908171862,0.0,-1556681,-327.86036225779276,-102.0,-1113866,-234.59688289806235,-102.0,442815,93.26347935973041,0.0,-1794081,-377.86036225779276,-152.0,-1422958,-299.69629317607416,-152.0,371123,78.16406908171862,0.0,-1794081,-377.86036225779276,-152.0,-1351266,-284.59688289806235,-152.0,442815,93.26347935973041,0.0,-2031481,-427.86036225779276,-202.0,-1660358,-349.69629317607416,-202.0,371123,78.16406908171862,0.0,-2031481,-427.86036225779276,-202.0,-1588666,-334.59688289806235,-202.0,442815,93.26347935973041,0.0,-2268881,-477.86036225779276,-252.0,-1897758,-399.69629317607416,-252.0,371123,78.16406908171862,0.0,-2268881,-477.86036225779276,-252.0,-1826066,-384.59688289806235,-252.0,442815,93.26347935973041,0.0,-2506281,-527.8603622577928,-302.0,-2135158,-449.69629317607416,-302.0,371123,78.16406908171862,0.0,-2506281,-527.8603622577928,-302.0,-2063466,-434.59688289806235,-302.0,442815,93.26347935973041,0.0
shadow-burnin-v3-r49-r48-target60-stop60-exit-replay-timestop-v2-maxwait66000-r1,M7_CLASS_RESTRICTED / 10000 / -6000 / 60000,M7_CLASS_RESTRICTED,10000,-6000,60000,G0_NONE,10000,4748,5604,5485,1.0,4748,4598,0.6524459613196815,0.6298755265892709,67513,14.219250210614996,0.0,-1567168,-1499655,-2041968,-1974455,-1499655,-1974455,0,0,0.21134851617433772,26,253413,64,254855,1083,172.3,True,3,False,False,False,26,253413,253413,0,0.0,254855,254855,1.0,1083,1083,1.0,2,0,0.0,3,0,0.0,-1092368,-230.06908171861838,-102.0,-1024855,-215.84983150800338,-102.0,67513,14.219250210614996,0.0,-1092368,-230.06908171861838,-102.0,-1024855,-215.84983150800338,-102.0,67513,14.219250210614996,0.0,-1329768,-280.06908171861835,-152.0,-1262255,-265.8498315080034,-152.0,67513,14.219250210614996,0.0,-1329768,-280.06908171861835,-152.0,-1262255,-265.8498315080034,-152.0,67513,14.219250210614996,0.0,-1567168,-330.06908171861835,-202.0,-1499655,-315.8498315080034,-202.0,67513,14.219250210614996,0.0,-1567168,-330.06908171861835,-202.0,-1499655,-315.8498315080034,-202.0,67513,14.219250210614996,0.0,-1804568,-380.06908171861835,-252.0,-1737055,-365.8498315080034,-252.0,67513,14.219250210614996,0.0,-1804568,-380.06908171861835,-252.0,-1737055,-365.8498315080034,-252.0,67513,14.219250210614996,0.0,-2041968,-430.06908171861835,-302.0,-1974455,-415.8498315080034,-302.0,67513,14.219250210614996,0.0,-2041968,-430.06908171861835,-302.0,-1974455,-415.8498315080034,-302.0,67513,14.219250210614996,0.0
shadow-burnin-v3-r49-r48-target60-stop60-exit-replay-timestop-v2-maxwait66000-r1,M7_CLASS_RESTRICTED / 10000 / -6000 / 60000,M7_CLASS_RESTRICTED,10000,-6000,60000,G0_NONE,20000,4748,5604,5485,1.0,4748,4598,0.6524459613196815,0.6298755265892709,67513,14.219250210614996,0.0,-1567168,-1499655,-2041968,-1974455,-1499655,-1974455,0,0,0.21134851617433772,26,253413,64,254855,1083,172.3,True,3,False,False,False,26,253413,253413,0,0.0,254855,254855,1.0,1083,1083,1.0,2,0,0.0,3,0,0.0,-1092368,-230.06908171861838,-102.0,-1024855,-215.84983150800338,-102.0,67513,14.219250210614996,0.0,-1092368,-230.06908171861838,-102.0,-1024855,-215.84983150800338,-102.0,67513,14.219250210614996,0.0,-1329768,-280.06908171861835,-152.0,-1262255,-265.8498315080034,-152.0,67513,14.219250210614996,0.0,-1329768,-280.06908171861835,-152.0,-1262255,-265.8498315080034,-152.0,67513,14.219250210614996,0.0,-1567168,-330.06908171861835,-202.0,-1499655,-315.8498315080034,-202.0,67513,14.219250210614996,0.0,-1567168,-330.06908171861835,-202.0,-1499655,-315.8498315080034,-202.0,67513,14.219250210614996,0.0,-1804568,-380.06908171861835,-252.0,-1737055,-365.8498315080034,-252.0,67513,14.219250210614996,0.0,-1804568,-380.06908171861835,-252.0,-1737055,-365.8498315080034,-252.0,67513,14.219250210614996,0.0,-2041968,-430.06908171861835,-302.0,-1974455,-415.8498315080034,-302.0,67513,14.219250210614996,0.0,-2041968,-430.06908171861835,-302.0,-1974455,-415.8498315080034,-302.0,67513,14.219250210614996,0.0
shadow-burnin-v3-r49-r48-target60-stop60-exit-replay-timestop-v2-maxwait66000-r1,M7_CLASS_RESTRICTED / 10000 / -6000 / 60000,M7_CLASS_RESTRICTED,10000,-6000,60000,G0_NONE,30000,4748,5604,5485,1.0,4748,4598,0.6524459613196815,0.6298755265892709,67513,14.219250210614996,0.0,-1567168,-1499655,-2041968,-1974455,-1499655,-1974455,0,0,0.21134851617433772,26,253413,64,254855,1083,172.3,True,3,False,False,False,26,253413,253413,0,0.0,254855,254855,1.0,1083,1083,1.0,2,0,0.0,3,0,0.0,-1092368,-230.06908171861838,-102.0,-1024855,-215.84983150800338,-102.0,67513,14.219250210614996,0.0,-1092368,-230.06908171861838,-102.0,-1024855,-215.84983150800338,-102.0,67513,14.219250210614996,0.0,-1329768,-280.06908171861835,-152.0,-1262255,-265.8498315080034,-152.0,67513,14.219250210614996,0.0,-1329768,-280.06908171861835,-152.0,-1262255,-265.8498315080034,-152.0,67513,14.219250210614996,0.0,-1567168,-330.06908171861835,-202.0,-1499655,-315.8498315080034,-202.0,67513,14.219250210614996,0.0,-1567168,-330.06908171861835,-202.0,-1499655,-315.8498315080034,-202.0,67513,14.219250210614996,0.0,-1804568,-380.06908171861835,-252.0,-1737055,-365.8498315080034,-252.0,67513,14.219250210614996,0.0,-1804568,-380.06908171861835,-252.0,-1737055,-365.8498315080034,-252.0,67513,14.219250210614996,0.0,-2041968,-430.06908171861835,-302.0,-1974455,-415.8498315080034,-302.0,67513,14.219250210614996,0.0,-2041968,-430.06908171861835,-302.0,-1974455,-415.8498315080034,-302.0,67513,14.219250210614996,0.0
shadow-burnin-v3-r49-r48-target60-stop60-exit-replay-timestop-v2-maxwait66000-r1,M7_CLASS_RESTRICTED / 10000 / -6000 / 60000,M7_CLASS_RESTRICTED,10000,-6000,60000,G0_NONE,45000,4748,5604,5485,1.0,4748,4598,0.6524459613196815,0.6298755265892709,67513,14.219250210614996,0.0,-1567168,-1499655,-2041968,-1974455,-1499655,-1974455,0,0,0.21134851617433772,26,253413,64,254855,1083,172.3,True,3,False,False,False,26,253413,253413,0,0.0,254855,254855,1.0,1083,1083,1.0,2,0,0.0,3,0,0.0,-1092368,-230.06908171861838,-102.0,-1024855,-215.84983150800338,-102.0,67513,14.219250210614996,0.0,-1092368,-230.06908171861838,-102.0,-1024855,-215.84983150800338,-102.0,67513,14.219250210614996,0.0,-1329768,-280.06908171861835,-152.0,-1262255,-265.8498315080034,-152.0,67513,14.219250210614996,0.0,-1329768,-280.06908171861835,-152.0,-1262255,-265.8498315080034,-152.0,67513,14.219250210614996,0.0,-1567168,-330.06908171861835,-202.0,-1499655,-315.8498315080034,-202.0,67513,14.219250210614996,0.0,-1567168,-330.06908171861835,-202.0,-1499655,-315.8498315080034,-202.0,67513,14.219250210614996,0.0,-1804568,-380.06908171861835,-252.0,-1737055,-365.8498315080034,-252.0,67513,14.219250210614996,0.0,-1804568,-380.06908171861835,-252.0,-1737055,-365.8498315080034,-252.0,67513,14.219250210614996,0.0,-2041968,-430.06908171861835,-302.0,-1974455,-415.8498315080034,-302.0,67513,14.219250210614996,0.0,-2041968,-430.06908171861835,-302.0,-1974455,-415.8498315080034,-302.0,67513,14.219250210614996,0.0
shadow-burnin-v3-r49-r48-target60-stop60-exit-replay-timestop-v2-maxwait66000-r1,M7_CLASS_RESTRICTED / 10000 / -6000 / 60000,M7_CLASS_RESTRICTED,10000,-6000,60000,G1_STEADY_EARLY_STRENGTH,10000,4748,5604,5485,1.0,4748,4385,0.6703155183515775,0.6465399886035123,75038,15.80412805391744,0.0,-1567168,-1492130,-2041968,-1966930,-1499655,-1974455,7525,7525,0.16251828909216634,15,152063,53,193887,988,151.8,True,3,False,False,False,26,253413,152063,101350,0.3999400188624893,254855,193887,0.7607737733220851,1083,988,0.9122807017543859,2,2,1.0,3,2,0.6666666666666666,-1092368,-230.06908171861838,-102.0,-1017330,-214.26495366470093,-102.0,75038,15.80412805391744,0.0,-1092368,-230.06908171861838,-102.0,-1024855,-215.84983150800338,-102.0,67513,14.219250210614996,0.0,-1329768,-280.06908171861835,-152.0,-1254730,-264.26495366470095,-152.0,75038,15.80412805391744,0.0,-1329768,-280.06908171861835,-152.0,-1262255,-265.8498315080034,-152.0,67513,14.219250210614996,0.0,-1567168,-330.06908171861835,-202.0,-1492130,-314.26495366470095,-202.0,75038,15.80412805391744,0.0,-1567168,-330.06908171861835,-202.0,-1499655,-315.8498315080034,-202.0,67513,14.219250210614996,0.0,-1804568,-380.06908171861835,-252.0,-1729530,-364.26495366470095,-252.0,75038,15.80412805391744,0.0,-1804568,-380.06908171861835,-252.0,-1737055,-365.8498315080034,-252.0,67513,14.219250210614996,0.0,-2041968,-430.06908171861835,-302.0,-1966930,-414.26495366470095,-302.0,75038,15.80412805391744,0.0,-2041968,-430.06908171861835,-302.0,-1974455,-415.8498315080034,-302.0,67513,14.219250210614996,0.0
shadow-burnin-v3-r49-r48-target60-stop60-exit-replay-timestop-v2-maxwait66000-r1,M7_CLASS_RESTRICTED / 10000 / -6000 / 60000,M7_CLASS_RESTRICTED,10000,-6000,60000,G1_STEADY_EARLY_STRENGTH,20000,4748,5604,5485,1.0,4748,4392,0.6698717948717948,0.6461436475793151,52336,11.022746419545072,0.0,-1567168,-1514832,-2041968,-1989632,-1499655,-1974455,-15177,-15177,0.18704051322686305,17,176564,54,199315,991,153.10000000000002,True,3,False,False,False,26,253413,176564,76849,0.3032559497736896,254855,199315,0.7820721586784642,1083,991,0.9150507848568791,2,0,0.0,3,0,0.0,-1092368,-230.06908171861838,-102.0,-1040032,-219.0463352990733,-102.0,52336,11.022746419545072,0.0,-1092368,-230.06908171861838,-102.0,-1024855,-215.84983150800338,-102.0,67513,14.219250210614996,0.0,-1329768,-280.06908171861835,-152.0,-1277432,-269.0463352990733,-152.0,52336,11.022746419545072,0.0,-1329768,-280.06908171861835,-152.0,-1262255,-265.8498315080034,-152.0,67513,14.219250210614996,0.0,-1567168,-330.06908171861835,-202.0,-1514832,-319.0463352990733,-202.0,52336,11.022746419545072,0.0,-1567168,-330.06908171861835,-202.0,-1499655,-315.8498315080034,-202.0,67513,14.219250210614996,0.0,-1804568,-380.06908171861835,-252.0,-1752232,-369.0463352990733,-252.0,52336,11.022746419545072,0.0,-1804568,-380.06908171861835,-252.0,-1737055,-365.8498315080034,-252.0,67513,14.219250210614996,0.0,-2041968,-430.06908171861835,-302.0,-1989632,-419.0463352990733,-302.0,52336,11.022746419545072,0.0,-2041968,-430.06908171861835,-302.0,-1974455,-415.8498315080034,-302.0,67513,14.219250210614996,0.0
shadow-burnin-v3-r49-r48-target60-stop60-exit-replay-timestop-v2-maxwait66000-r1,M7_CLASS_RESTRICTED / 10000 / -6000 / 60000,M7_CLASS_RESTRICTED,10000,-6000,60000,G1_STEADY_EARLY_STRENGTH,30000,4748,5604,5485,1.0,4748,4401,0.6713375796178344,0.6477089232484142,60300,12.700084245998315,0.0,-1567168,-1506868,-2041968,-1981668,-1499655,-1974455,-7213,-7213,0.182909875210555,17,176564,56,205782,998,155.8,True,3,False,False,False,26,253413,176564,76849,0.3032559497736896,254855,205782,0.8074473720350788,1083,998,0.9215143120960295,2,0,0.0,3,0,0.0,-1092368,-230.06908171861838,-102.0,-1032068,-217.36899747262004,-102.0,60300,12.700084245998315,0.0,-1092368,-230.06908171861838,-102.0,-1024855,-215.84983150800338,-102.0,67513,14.219250210614996,0.0,-1329768,-280.06908171861835,-152.0,-1269468,-267.36899747262004,-152.0,60300,12.700084245998315,0.0,-1329768,-280.06908171861835,-152.0,-1262255,-265.8498315080034,-152.0,67513,14.219250210614996,0.0,-1567168,-330.06908171861835,-202.0,-1506868,-317.36899747262004,-202.0,60300,12.700084245998315,0.0,-1567168,-330.06908171861835,-202.0,-1499655,-315.8498315080034,-202.0,67513,14.219250210614996,0.0,-1804568,-380.06908171861835,-252.0,-1744268,-367.36899747262004,-252.0,60300,12.700084245998315,0.0,-1804568,-380.06908171861835,-252.0,-1737055,-365.8498315080034,-252.0,67513,14.219250210614996,0.0,-2041968,-430.06908171861835,-302.0,-1981668,-417.36899747262004,-302.0,60300,12.700084245998315,0.0,-2041968,-430.06908171861835,-302.0,-1974455,-415.8498315080034,-302.0,67513,14.219250210614996,0.0
shadow-burnin-v3-r49-r48-target60-stop60-exit-replay-timestop-v2-maxwait66000-r1,M7_CLASS_RESTRICTED / 10000 / -6000 / 60000,M7_CLASS_RESTRICTED,10000,-6000,60000,G1_STEADY_EARLY_STRENGTH,45000,4748,5604,5485,1.0,4748,4403,0.6713286713286714,0.6477227694000564,53307,11.227253580454928,0.0,-1567168,-1513861,-2041968,-1988661,-1499655,-1974455,-14206,-14206,0.18406770402216768,17,176564,56,199496,1000,156.0,True,3,False,False,False,26,253413,176564,76849,0.3032559497736896,254855,199496,0.7827823664436641,1083,1000,0.9233610341643582,2,0,0.0,3,0,0.0,-1092368,-230.06908171861838,-102.0,-1039061,-218.84182813816344,-102.0,53307,11.227253580454928,0.0,-1092368,-230.06908171861838,-102.0,-1024855,-215.84983150800338,-102.0,67513,14.219250210614996,0.0,-1329768,-280.06908171861835,-152.0,-1276461,-268.84182813816346,-152.0,53307,11.227253580454928,0.0,-1329768,-280.06908171861835,-152.0,-1262255,-265.8498315080034,-152.0,67513,14.219250210614996,0.0,-1567168,-330.06908171861835,-202.0,-1513861,-318.84182813816346,-202.0,53307,11.227253580454928,0.0,-1567168,-330.06908171861835,-202.0,-1499655,-315.8498315080034,-202.0,67513,14.219250210614996,0.0,-1804568,-380.06908171861835,-252.0,-1751261,-368.84182813816346,-252.0,53307,11.227253580454928,0.0,-1804568,-380.06908171861835,-252.0,-1737055,-365.8498315080034,-252.0,67513,14.219250210614996,0.0,-2041968,-430.06908171861835,-302.0,-1988661,-418.84182813816346,-302.0,53307,11.227253580454928,0.0,-2041968,-430.06908171861835,-302.0,-1974455,-415.8498315080034,-302.0,67513,14.219250210614996,0.0
shadow-burnin-v3-r49-r48-target60-stop60-exit-replay-timestop-v2-maxwait66000-r1,M7_CLASS_RESTRICTED / 10000 / -6000 / 60000,M7_CLASS_RESTRICTED,10000,-6000,60000,G2_RECOVERY_AFTER_EARLY_DRAWDOWN,10000,4748,5604,5485,1.0,4748,4564,0.6562318840579711,0.6334931888057067,96335,20.289595619208086,0.0,-1567168,-1470833,-2041968,-1945633,-1499655,-1974455,28822,28822,0.19282218625184663,23,223715,59,229073,1073,166.3,True,3,False,False,False,26,253413,223715,29698,0.11719209353900549,254855,229073,0.8988365933570069,1083,1073,0.9907663896583564,2,1,0.5,3,1,0.3333333333333333,-1092368,-230.06908171861838,-102.0,-996033,-209.7794860994103,-102.0,96335,20.289595619208086,0.0,-1092368,-230.06908171861838,-102.0,-1024855,-215.84983150800338,-102.0,67513,14.219250210614996,0.0,-1329768,-280.06908171861835,-152.0,-1233433,-259.7794860994103,-152.0,96335,20.289595619208086,0.0,-1329768,-280.06908171861835,-152.0,-1262255,-265.8498315080034,-152.0,67513,14.219250210614996,0.0,-1567168,-330.06908171861835,-202.0,-1470833,-309.7794860994103,-202.0,96335,20.289595619208086,0.0,-1567168,-330.06908171861835,-202.0,-1499655,-315.8498315080034,-202.0,67513,14.219250210614996,0.0,-1804568,-380.06908171861835,-252.0,-1708233,-359.7794860994103,-252.0,96335,20.289595619208086,0.0,-1804568,-380.06908171861835,-252.0,-1737055,-365.8498315080034,-252.0,67513,14.219250210614996,0.0,-2041968,-430.06908171861835,-302.0,-1945633,-409.7794860994103,-302.0,96335,20.289595619208086,0.0,-2041968,-430.06908171861835,-302.0,-1974455,-415.8498315080034,-302.0,67513,14.219250210614996,0.0
shadow-burnin-v3-r49-r48-target60-stop60-exit-replay-timestop-v2-maxwait66000-r1,M7_CLASS_RESTRICTED / 10000 / -6000 / 60000,M7_CLASS_RESTRICTED,10000,-6000,60000,G2_RECOVERY_AFTER_EARLY_DRAWDOWN,20000,4748,5604,5485,1.0,4748,4553,0.6569428238039673,0.6341397823884041,91881,19.35151642796967,0.0,-1567168,-1475287,-2041968,-1950087,-1499655,-1974455,24368,24368,0.20366720806651287,24,236245,62,243068,1064,168.4,True,3,False,False,False,26,253413,236245,17168,0.0677471163673529,254855,243068,0.9537501716662415,1083,1064,0.9824561403508771,2,0,0.0,3,0,0.0,-1092368,-230.06908171861838,-102.0,-1000487,-210.7175652906487,-102.0,91881,19.35151642796967,0.0,-1092368,-230.06908171861838,-102.0,-1024855,-215.84983150800338,-102.0,67513,14.219250210614996,0.0,-1329768,-280.06908171861835,-152.0,-1237887,-260.7175652906487,-152.0,91881,19.35151642796967,0.0,-1329768,-280.06908171861835,-152.0,-1262255,-265.8498315080034,-152.0,67513,14.219250210614996,0.0,-1567168,-330.06908171861835,-202.0,-1475287,-310.7175652906487,-202.0,91881,19.35151642796967,0.0,-1567168,-330.06908171861835,-202.0,-1499655,-315.8498315080034,-202.0,67513,14.219250210614996,0.0,-1804568,-380.06908171861835,-252.0,-1712687,-360.7175652906487,-252.0,91881,19.35151642796967,0.0,-1804568,-380.06908171861835,-252.0,-1737055,-365.8498315080034,-252.0,67513,14.219250210614996,0.0,-2041968,-430.06908171861835,-302.0,-1950087,-410.7175652906487,-302.0,91881,19.35151642796967,0.0,-2041968,-430.06908171861835,-302.0,-1974455,-415.8498315080034,-302.0,67513,14.219250210614996,0.0
shadow-burnin-v3-r49-r48-target60-stop60-exit-replay-timestop-v2-maxwait66000-r1,M7_CLASS_RESTRICTED / 10000 / -6000 / 60000,M7_CLASS_RESTRICTED,10000,-6000,60000,G2_RECOVERY_AFTER_EARLY_DRAWDOWN,30000,4748,5604,5485,1.0,4748,4557,0.6569598136284217,0.634177194935016,89769,18.90669755686605,0.0,-1567168,-1477399,-2041968,-1952199,-1499655,-1974455,22256,22256,0.20271023963646098,24,236245,63,246813,1065,169.5,True,3,False,False,False,26,253413,236245,17168,0.0677471163673529,254855,246813,0.9684448019462047,1083,1065,0.9833795013850416,2,0,0.0,3,0,0.0,-1092368,-230.06908171861838,-102.0,-1002599,-211.16238416175233,-102.0,89769,18.90669755686605,0.0,-1092368,-230.06908171861838,-102.0,-1024855,-215.84983150800338,-102.0,67513,14.219250210614996,0.0,-1329768,-280.06908171861835,-152.0,-1239999,-261.1623841617523,-152.0,89769,18.90669755686605,0.0,-1329768,-280.06908171861835,-152.0,-1262255,-265.8498315080034,-152.0,67513,14.219250210614996,0.0,-1567168,-330.06908171861835,-202.0,-1477399,-311.1623841617523,-202.0,89769,18.90669755686605,0.0,-1567168,-330.06908171861835,-202.0,-1499655,-315.8498315080034,-202.0,67513,14.219250210614996,0.0,-1804568,-380.06908171861835,-252.0,-1714799,-361.1623841617523,-252.0,89769,18.90669755686605,0.0,-1804568,-380.06908171861835,-252.0,-1737055,-365.8498315080034,-252.0,67513,14.219250210614996,0.0,-2041968,-430.06908171861835,-302.0,-1952199,-411.1623841617523,-302.0,89769,18.90669755686605,0.0,-2041968,-430.06908171861835,-302.0,-1974455,-415.8498315080034,-302.0,67513,14.219250210614996,0.0
shadow-burnin-v3-r49-r48-target60-stop60-exit-replay-timestop-v2-maxwait66000-r1,M7_CLASS_RESTRICTED / 10000 / -6000 / 60000,M7_CLASS_RESTRICTED,10000,-6000,60000,G2_RECOVERY_AFTER_EARLY_DRAWDOWN,45000,4748,5604,5485,1.0,4748,4560,0.6565950029052876,0.633834369856853,92565,19.49557708508846,0.0,-1567168,-1474603,-2041968,-1949403,-1499655,-1974455,25052,25052,0.20191448900664516,24,236245,63,246813,1067,169.7,True,3,False,False,False,26,253413,236245,17168,0.0677471163673529,254855,246813,0.9684448019462047,1083,1067,0.9852262234533703,2,0,0.0,3,0,0.0,-1092368,-230.06908171861838,-102.0,-999803,-210.5735046335299,-102.0,92565,19.49557708508846,0.0,-1092368,-230.06908171861838,-102.0,-1024855,-215.84983150800338,-102.0,67513,14.219250210614996,0.0,-1329768,-280.06908171861835,-152.0,-1237203,-260.5735046335299,-152.0,92565,19.49557708508846,0.0,-1329768,-280.06908171861835,-152.0,-1262255,-265.8498315080034,-152.0,67513,14.219250210614996,0.0,-1567168,-330.06908171861835,-202.0,-1474603,-310.5735046335299,-202.0,92565,19.49557708508846,0.0,-1567168,-330.06908171861835,-202.0,-1499655,-315.8498315080034,-202.0,67513,14.219250210614996,0.0,-1804568,-380.06908171861835,-252.0,-1712003,-360.5735046335299,-252.0,92565,19.49557708508846,0.0,-1804568,-380.06908171861835,-252.0,-1737055,-365.8498315080034,-252.0,67513,14.219250210614996,0.0,-2041968,-430.06908171861835,-302.0,-1949403,-410.5735046335299,-302.0,92565,19.49557708508846,0.0,-2041968,-430.06908171861835,-302.0,-1974455,-415.8498315080034,-302.0,67513,14.219250210614996,0.0
shadow-burnin-v3-r49-r48-target60-stop60-exit-replay-timestop-v2-maxwait66000-r1,M7_CLASS_RESTRICTED / 10000 / -6000 / 60000,M7_CLASS_RESTRICTED,10000,-6000,60000,G3_LOW_VOL_CONTINUATION,10000,4748,5604,5485,1.0,4748,4544,0.6540035067212157,0.6311413930816177,51369,10.819081718618365,0.0,-1567168,-1515799,-2041968,-1990599,-1499655,-1974455,-16144,-16144,0.21870835778644665,26,253413,63,248703,1056,168.60000000000002,True,3,False,False,False,26,253413,253413,0,0.0,254855,248703,0.9758607835828216,1083,1056,0.9750692520775623,2,0,0.0,3,0,0.0,-1092368,-230.06908171861838,-102.0,-1040999,-219.25,-102.0,51369,10.819081718618365,0.0,-1092368,-230.06908171861838,-102.0,-1024855,-215.84983150800338,-102.0,67513,14.219250210614996,0.0,-1329768,-280.06908171861835,-152.0,-1278399,-269.25,-152.0,51369,10.819081718618365,0.0,-1329768,-280.06908171861835,-152.0,-1262255,-265.8498315080034,-152.0,67513,14.219250210614996,0.0,-1567168,-330.06908171861835,-202.0,-1515799,-319.25,-202.0,51369,10.819081718618365,0.0,-1567168,-330.06908171861835,-202.0,-1499655,-315.8498315080034,-202.0,67513,14.219250210614996,0.0,-1804568,-380.06908171861835,-252.0,-1753199,-369.25,-252.0,51369,10.819081718618365,0.0,-1804568,-380.06908171861835,-252.0,-1737055,-365.8498315080034,-252.0,67513,14.219250210614996,0.0,-2041968,-430.06908171861835,-302.0,-1990599,-419.25,-302.0,51369,10.819081718618365,0.0,-2041968,-430.06908171861835,-302.0,-1974455,-415.8498315080034,-302.0,67513,14.219250210614996,0.0
shadow-burnin-v3-r49-r48-target60-stop60-exit-replay-timestop-v2-maxwait66000-r1,M7_CLASS_RESTRICTED / 10000 / -6000 / 60000,M7_CLASS_RESTRICTED,10000,-6000,60000,G3_LOW_VOL_CONTINUATION,20000,4748,5604,5485,1.0,4748,4541,0.6578793204452256,0.6350415281664284,59102,12.44776748104465,0.0,-1567168,-1508066,-2041968,-1982866,-1499655,-1974455,-8411,-8411,0.2181347252839953,26,253413,63,248703,1060,169.0,True,3,False,False,False,26,253413,253413,0,0.0,254855,248703,0.9758607835828216,1083,1060,0.9787626962142197,2,0,0.0,3,0,0.0,-1092368,-230.06908171861838,-102.0,-1033266,-217.62131423757373,-102.0,59102,12.44776748104465,0.0,-1092368,-230.06908171861838,-102.0,-1024855,-215.84983150800338,-102.0,67513,14.219250210614996,0.0,-1329768,-280.06908171861835,-152.0,-1270666,-267.6213142375737,-152.0,59102,12.44776748104465,0.0,-1329768,-280.06908171861835,-152.0,-1262255,-265.8498315080034,-152.0,67513,14.219250210614996,0.0,-1567168,-330.06908171861835,-202.0,-1508066,-317.6213142375737,-202.0,59102,12.44776748104465,0.0,-1567168,-330.06908171861835,-202.0,-1499655,-315.8498315080034,-202.0,67513,14.219250210614996,0.0,-1804568,-380.06908171861835,-252.0,-1745466,-367.6213142375737,-252.0,59102,12.44776748104465,0.0,-1804568,-380.06908171861835,-252.0,-1737055,-365.8498315080034,-252.0,67513,14.219250210614996,0.0,-2041968,-430.06908171861835,-302.0,-1982866,-417.6213142375737,-302.0,59102,12.44776748104465,0.0,-2041968,-430.06908171861835,-302.0,-1974455,-415.8498315080034,-302.0,67513,14.219250210614996,0.0
shadow-burnin-v3-r49-r48-target60-stop60-exit-replay-timestop-v2-maxwait66000-r1,M7_CLASS_RESTRICTED / 10000 / -6000 / 60000,M7_CLASS_RESTRICTED,10000,-6000,60000,G3_LOW_VOL_CONTINUATION,30000,4748,5604,5485,1.0,4748,4542,0.6574941451990632,0.6346579444473126,58181,12.253791069924178,0.0,-1567168,-1508987,-2041968,-1983787,-1499655,-1974455,-9332,-9332,0.2181347252839953,26,253413,63,248703,1060,169.0,True,3,False,False,False,26,253413,253413,0,0.0,254855,248703,0.9758607835828216,1083,1060,0.9787626962142197,2,0,0.0,3,0,0.0,-1092368,-230.06908171861838,-102.0,-1034187,-217.81529064869417,-102.0,58181,12.253791069924178,0.0,-1092368,-230.06908171861838,-102.0,-1024855,-215.84983150800338,-102.0,67513,14.219250210614996,0.0,-1329768,-280.06908171861835,-152.0,-1271587,-267.8152906486942,-152.0,58181,12.253791069924178,0.0,-1329768,-280.06908171861835,-152.0,-1262255,-265.8498315080034,-152.0,67513,14.219250210614996,0.0,-1567168,-330.06908171861835,-202.0,-1508987,-317.8152906486942,-202.0,58181,12.253791069924178,0.0,-1567168,-330.06908171861835,-202.0,-1499655,-315.8498315080034,-202.0,67513,14.219250210614996,0.0,-1804568,-380.06908171861835,-252.0,-1746387,-367.8152906486942,-252.0,58181,12.253791069924178,0.0,-1804568,-380.06908171861835,-252.0,-1737055,-365.8498315080034,-252.0,67513,14.219250210614996,0.0,-2041968,-430.06908171861835,-302.0,-1983787,-417.8152906486942,-302.0,58181,12.253791069924178,0.0,-2041968,-430.06908171861835,-302.0,-1974455,-415.8498315080034,-302.0,67513,14.219250210614996,0.0
shadow-burnin-v3-r49-r48-target60-stop60-exit-replay-timestop-v2-maxwait66000-r1,M7_CLASS_RESTRICTED / 10000 / -6000 / 60000,M7_CLASS_RESTRICTED,10000,-6000,60000,G3_LOW_VOL_CONTINUATION,45000,4748,5604,5485,1.0,4748,4542,0.6574941451990632,0.6346579444473126,58181,12.253791069924178,0.0,-1567168,-1508987,-2041968,-1983787,-1499655,-1974455,-9332,-9332,0.2181347252839953,26,253413,63,248703,1060,169.0,True,3,False,False,False,26,253413,253413,0,0.0,254855,248703,0.9758607835828216,1083,1060,0.9787626962142197,2,0,0.0,3,0,0.0,-1092368,-230.06908171861838,-102.0,-1034187,-217.81529064869417,-102.0,58181,12.253791069924178,0.0,-1092368,-230.06908171861838,-102.0,-1024855,-215.84983150800338,-102.0,67513,14.219250210614996,0.0,-1329768,-280.06908171861835,-152.0,-1271587,-267.8152906486942,-152.0,58181,12.253791069924178,0.0,-1329768,-280.06908171861835,-152.0,-1262255,-265.8498315080034,-152.0,67513,14.219250210614996,0.0,-1567168,-330.06908171861835,-202.0,-1508987,-317.8152906486942,-202.0,58181,12.253791069924178,0.0,-1567168,-330.06908171861835,-202.0,-1499655,-315.8498315080034,-202.0,67513,14.219250210614996,0.0,-1804568,-380.06908171861835,-252.0,-1746387,-367.8152906486942,-252.0,58181,12.253791069924178,0.0,-1804568,-380.06908171861835,-252.0,-1737055,-365.8498315080034,-252.0,67513,14.219250210614996,0.0,-2041968,-430.06908171861835,-302.0,-1983787,-417.8152906486942,-302.0,58181,12.253791069924178,0.0,-2041968,-430.06908171861835,-302.0,-1974455,-415.8498315080034,-302.0,67513,14.219250210614996,0.0
shadow-burnin-v3-r49-r48-target60-stop60-exit-replay-timestop-v2-maxwait66000-r1,M7_CLASS_RESTRICTED / 10000 / -6000 / 60000,M7_CLASS_RESTRICTED,10000,-6000,60000,G4_DELAYED_DECISION_4000,10000,4748,5604,5485,1.0,4748,4589,0.637409200968523,0.6139326128924514,64289,13.54022746419545,0.0,-1567168,-1502879,-2041968,-1977679,-1499655,-1974455,-3224,-3224,0.19947434597156818,25,224803,58,249449,995,157.5,True,4,False,False,False,26,253413,224803,28610,0.1128987068540288,254855,249449,0.978787938239391,1083,995,0.9187442289935365,2,0,0.0,3,0,0.0,-1092368,-230.06908171861838,-102.0,-1028079,-216.52885425442292,-102.0,64289,13.54022746419545,0.0,-1092368,-230.06908171861838,-102.0,-1024855,-215.84983150800338,-102.0,67513,14.219250210614996,0.0,-1329768,-280.06908171861835,-152.0,-1265479,-266.5288542544229,-152.0,64289,13.54022746419545,0.0,-1329768,-280.06908171861835,-152.0,-1262255,-265.8498315080034,-152.0,67513,14.219250210614996,0.0,-1567168,-330.06908171861835,-202.0,-1502879,-316.5288542544229,-202.0,64289,13.54022746419545,0.0,-1567168,-330.06908171861835,-202.0,-1499655,-315.8498315080034,-202.0,67513,14.219250210614996,0.0,-1804568,-380.06908171861835,-252.0,-1740279,-366.5288542544229,-252.0,64289,13.54022746419545,0.0,-1804568,-380.06908171861835,-252.0,-1737055,-365.8498315080034,-252.0,67513,14.219250210614996,0.0,-2041968,-430.06908171861835,-302.0,-1977679,-416.5288542544229,-302.0,64289,13.54022746419545,0.0,-2041968,-430.06908171861835,-302.0,-1974455,-415.8498315080034,-302.0,67513,14.219250210614996,0.0
shadow-burnin-v3-r49-r48-target60-stop60-exit-replay-timestop-v2-maxwait66000-r1,M7_CLASS_RESTRICTED / 10000 / -6000 / 60000,M7_CLASS_RESTRICTED,10000,-6000,60000,G4_DELAYED_DECISION_4000,20000,4748,5604,5485,1.0,4748,4589,0.637409200968523,0.6139326128924514,64289,13.54022746419545,0.0,-1567168,-1502879,-2041968,-1977679,-1499655,-1974455,-3224,-3224,0.19947434597156818,25,224803,58,249449,995,157.5,True,4,False,False,False,26,253413,224803,28610,0.1128987068540288,254855,249449,0.978787938239391,1083,995,0.9187442289935365,2,0,0.0,3,0,0.0,-1092368,-230.06908171861838,-102.0,-1028079,-216.52885425442292,-102.0,64289,13.54022746419545,0.0,-1092368,-230.06908171861838,-102.0,-1024855,-215.84983150800338,-102.0,67513,14.219250210614996,0.0,-1329768,-280.06908171861835,-152.0,-1265479,-266.5288542544229,-152.0,64289,13.54022746419545,0.0,-1329768,-280.06908171861835,-152.0,-1262255,-265.8498315080034,-152.0,67513,14.219250210614996,0.0,-1567168,-330.06908171861835,-202.0,-1502879,-316.5288542544229,-202.0,64289,13.54022746419545,0.0,-1567168,-330.06908171861835,-202.0,-1499655,-315.8498315080034,-202.0,67513,14.219250210614996,0.0,-1804568,-380.06908171861835,-252.0,-1740279,-366.5288542544229,-252.0,64289,13.54022746419545,0.0,-1804568,-380.06908171861835,-252.0,-1737055,-365.8498315080034,-252.0,67513,14.219250210614996,0.0,-2041968,-430.06908171861835,-302.0,-1977679,-416.5288542544229,-302.0,64289,13.54022746419545,0.0,-2041968,-430.06908171861835,-302.0,-1974455,-415.8498315080034,-302.0,67513,14.219250210614996,0.0
shadow-burnin-v3-r49-r48-target60-stop60-exit-replay-timestop-v2-maxwait66000-r1,M7_CLASS_RESTRICTED / 10000 / -6000 / 60000,M7_CLASS_RESTRICTED,10000,-6000,60000,G4_DELAYED_DECISION_4000,30000,4748,5604,5485,1.0,4748,4589,0.637409200968523,0.6139326128924514,64289,13.54022746419545,0.0,-1567168,-1502879,-2041968,-1977679,-1499655,-1974455,-3224,-3224,0.19947434597156818,25,224803,58,249449,995,157.5,True,4,False,False,False,26,253413,224803,28610,0.1128987068540288,254855,249449,0.978787938239391,1083,995,0.9187442289935365,2,0,0.0,3,0,0.0,-1092368,-230.06908171861838,-102.0,-1028079,-216.52885425442292,-102.0,64289,13.54022746419545,0.0,-1092368,-230.06908171861838,-102.0,-1024855,-215.84983150800338,-102.0,67513,14.219250210614996,0.0,-1329768,-280.06908171861835,-152.0,-1265479,-266.5288542544229,-152.0,64289,13.54022746419545,0.0,-1329768,-280.06908171861835,-152.0,-1262255,-265.8498315080034,-152.0,67513,14.219250210614996,0.0,-1567168,-330.06908171861835,-202.0,-1502879,-316.5288542544229,-202.0,64289,13.54022746419545,0.0,-1567168,-330.06908171861835,-202.0,-1499655,-315.8498315080034,-202.0,67513,14.219250210614996,0.0,-1804568,-380.06908171861835,-252.0,-1740279,-366.5288542544229,-252.0,64289,13.54022746419545,0.0,-1804568,-380.06908171861835,-252.0,-1737055,-365.8498315080034,-252.0,67513,14.219250210614996,0.0,-2041968,-430.06908171861835,-302.0,-1977679,-416.5288542544229,-302.0,64289,13.54022746419545,0.0,-2041968,-430.06908171861835,-302.0,-1974455,-415.8498315080034,-302.0,67513,14.219250210614996,0.0
shadow-burnin-v3-r49-r48-target60-stop60-exit-replay-timestop-v2-maxwait66000-r1,M7_CLASS_RESTRICTED / 10000 / -6000 / 60000,M7_CLASS_RESTRICTED,10000,-6000,60000,G4_DELAYED_DECISION_4000,45000,4748,5604,5485,1.0,4748,4589,0.637409200968523,0.6139326128924514,64289,13.54022746419545,0.0,-1567168,-1502879,-2041968,-1977679,-1499655,-1974455,-3224,-3224,0.19947434597156818,25,224803,58,249449,995,157.5,True,4,False,False,False,26,253413,224803,28610,0.1128987068540288,254855,249449,0.978787938239391,1083,995,0.9187442289935365,2,0,0.0,3,0,0.0,-1092368,-230.06908171861838,-102.0,-1028079,-216.52885425442292,-102.0,64289,13.54022746419545,0.0,-1092368,-230.06908171861838,-102.0,-1024855,-215.84983150800338,-102.0,67513,14.219250210614996,0.0,-1329768,-280.06908171861835,-152.0,-1265479,-266.5288542544229,-152.0,64289,13.54022746419545,0.0,-1329768,-280.06908171861835,-152.0,-1262255,-265.8498315080034,-152.0,67513,14.219250210614996,0.0,-1567168,-330.06908171861835,-202.0,-1502879,-316.5288542544229,-202.0,64289,13.54022746419545,0.0,-1567168,-330.06908171861835,-202.0,-1499655,-315.8498315080034,-202.0,67513,14.219250210614996,0.0,-1804568,-380.06908171861835,-252.0,-1740279,-366.5288542544229,-252.0,64289,13.54022746419545,0.0,-1804568,-380.06908171861835,-252.0,-1737055,-365.8498315080034,-252.0,67513,14.219250210614996,0.0,-2041968,-430.06908171861835,-302.0,-1977679,-416.5288542544229,-302.0,64289,13.54022746419545,0.0,-2041968,-430.06908171861835,-302.0,-1974455,-415.8498315080034,-302.0,67513,14.219250210614996,0.0
shadow-burnin-v3-r49-r48-target60-stop60-exit-replay-timestop-v2-maxwait66000-r1,M7_CLASS_RESTRICTED / 10000 / -6000 / 60000,M7_CLASS_RESTRICTED,10000,-6000,60000,G5_DELAYED_DECISION_8000,10000,4748,5604,5485,1.0,4748,4578,0.6290115532734275,0.604734770039353,59409,12.512426284751474,0.0,-1567168,-1507759,-2041968,-1982559,-1499655,-1974455,-8104,-8104,0.17655802207197935,24,178414,52,197512,928,144.8,True,3,False,False,False,26,253413,178414,74999,0.2959556139582421,254855,197512,0.7749975476251202,1083,928,0.8568790397045245,2,0,0.0,3,0,0.0,-1092368,-230.06908171861838,-102.0,-1032959,-217.5566554338669,-102.0,59409,12.512426284751474,0.0,-1092368,-230.06908171861838,-102.0,-1024855,-215.84983150800338,-102.0,67513,14.219250210614996,0.0,-1329768,-280.06908171861835,-152.0,-1270359,-267.55665543386687,-152.0,59409,12.512426284751474,0.0,-1329768,-280.06908171861835,-152.0,-1262255,-265.8498315080034,-152.0,67513,14.219250210614996,0.0,-1567168,-330.06908171861835,-202.0,-1507759,-317.55665543386687,-202.0,59409,12.512426284751474,0.0,-1567168,-330.06908171861835,-202.0,-1499655,-315.8498315080034,-202.0,67513,14.219250210614996,0.0,-1804568,-380.06908171861835,-252.0,-1745159,-367.55665543386687,-252.0,59409,12.512426284751474,0.0,-1804568,-380.06908171861835,-252.0,-1737055,-365.8498315080034,-252.0,67513,14.219250210614996,0.0,-2041968,-430.06908171861835,-302.0,-1982559,-417.55665543386687,-302.0,59409,12.512426284751474,0.0,-2041968,-430.06908171861835,-302.0,-1974455,-415.8498315080034,-302.0,67513,14.219250210614996,0.0
shadow-burnin-v3-r49-r48-target60-stop60-exit-replay-timestop-v2-maxwait66000-r1,M7_CLASS_RESTRICTED / 10000 / -6000 / 60000,M7_CLASS_RESTRICTED,10000,-6000,60000,G5_DELAYED_DECISION_8000,20000,4748,5604,5485,1.0,4748,4578,0.6290115532734275,0.604734770039353,59409,12.512426284751474,0.0,-1567168,-1507759,-2041968,-1982559,-1499655,-1974455,-8104,-8104,0.17655802207197935,24,178414,52,197512,928,144.8,True,3,False,False,False,26,253413,178414,74999,0.2959556139582421,254855,197512,0.7749975476251202,1083,928,0.8568790397045245,2,0,0.0,3,0,0.0,-1092368,-230.06908171861838,-102.0,-1032959,-217.5566554338669,-102.0,59409,12.512426284751474,0.0,-1092368,-230.06908171861838,-102.0,-1024855,-215.84983150800338,-102.0,67513,14.219250210614996,0.0,-1329768,-280.06908171861835,-152.0,-1270359,-267.55665543386687,-152.0,59409,12.512426284751474,0.0,-1329768,-280.06908171861835,-152.0,-1262255,-265.8498315080034,-152.0,67513,14.219250210614996,0.0,-1567168,-330.06908171861835,-202.0,-1507759,-317.55665543386687,-202.0,59409,12.512426284751474,0.0,-1567168,-330.06908171861835,-202.0,-1499655,-315.8498315080034,-202.0,67513,14.219250210614996,0.0,-1804568,-380.06908171861835,-252.0,-1745159,-367.55665543386687,-252.0,59409,12.512426284751474,0.0,-1804568,-380.06908171861835,-252.0,-1737055,-365.8498315080034,-252.0,67513,14.219250210614996,0.0,-2041968,-430.06908171861835,-302.0,-1982559,-417.55665543386687,-302.0,59409,12.512426284751474,0.0,-2041968,-430.06908171861835,-302.0,-1974455,-415.8498315080034,-302.0,67513,14.219250210614996,0.0
shadow-burnin-v3-r49-r48-target60-stop60-exit-replay-timestop-v2-maxwait66000-r1,M7_CLASS_RESTRICTED / 10000 / -6000 / 60000,M7_CLASS_RESTRICTED,10000,-6000,60000,G5_DELAYED_DECISION_8000,30000,4748,5604,5485,1.0,4748,4578,0.6290115532734275,0.604734770039353,59409,12.512426284751474,0.0,-1567168,-1507759,-2041968,-1982559,-1499655,-1974455,-8104,-8104,0.17655802207197935,24,178414,52,197512,928,144.8,True,3,False,False,False,26,253413,178414,74999,0.2959556139582421,254855,197512,0.7749975476251202,1083,928,0.8568790397045245,2,0,0.0,3,0,0.0,-1092368,-230.06908171861838,-102.0,-1032959,-217.5566554338669,-102.0,59409,12.512426284751474,0.0,-1092368,-230.06908171861838,-102.0,-1024855,-215.84983150800338,-102.0,67513,14.219250210614996,0.0,-1329768,-280.06908171861835,-152.0,-1270359,-267.55665543386687,-152.0,59409,12.512426284751474,0.0,-1329768,-280.06908171861835,-152.0,-1262255,-265.8498315080034,-152.0,67513,14.219250210614996,0.0,-1567168,-330.06908171861835,-202.0,-1507759,-317.55665543386687,-202.0,59409,12.512426284751474,0.0,-1567168,-330.06908171861835,-202.0,-1499655,-315.8498315080034,-202.0,67513,14.219250210614996,0.0,-1804568,-380.06908171861835,-252.0,-1745159,-367.55665543386687,-252.0,59409,12.512426284751474,0.0,-1804568,-380.06908171861835,-252.0,-1737055,-365.8498315080034,-252.0,67513,14.219250210614996,0.0,-2041968,-430.06908171861835,-302.0,-1982559,-417.55665543386687,-302.0,59409,12.512426284751474,0.0,-2041968,-430.06908171861835,-302.0,-1974455,-415.8498315080034,-302.0,67513,14.219250210614996,0.0
shadow-burnin-v3-r49-r48-target60-stop60-exit-replay-timestop-v2-maxwait66000-r1,M7_CLASS_RESTRICTED / 10000 / -6000 / 60000,M7_CLASS_RESTRICTED,10000,-6000,60000,G5_DELAYED_DECISION_8000,45000,4748,5604,5485,1.0,4748,4578,0.6290115532734275,0.604734770039353,59409,12.512426284751474,0.0,-1567168,-1507759,-2041968,-1982559,-1499655,-1974455,-8104,-8104,0.17655802207197935,24,178414,52,197512,928,144.8,True,3,False,False,False,26,253413,178414,74999,0.2959556139582421,254855,197512,0.7749975476251202,1083,928,0.8568790397045245,2,0,0.0,3,0,0.0,-1092368,-230.06908171861838,-102.0,-1032959,-217.5566554338669,-102.0,59409,12.512426284751474,0.0,-1092368,-230.06908171861838,-102.0,-1024855,-215.84983150800338,-102.0,67513,14.219250210614996,0.0,-1329768,-280.06908171861835,-152.0,-1270359,-267.55665543386687,-152.0,59409,12.512426284751474,0.0,-1329768,-280.06908171861835,-152.0,-1262255,-265.8498315080034,-152.0,67513,14.219250210614996,0.0,-1567168,-330.06908171861835,-202.0,-1507759,-317.55665543386687,-202.0,59409,12.512426284751474,0.0,-1567168,-330.06908171861835,-202.0,-1499655,-315.8498315080034,-202.0,67513,14.219250210614996,0.0,-1804568,-380.06908171861835,-252.0,-1745159,-367.55665543386687,-252.0,59409,12.512426284751474,0.0,-1804568,-380.06908171861835,-252.0,-1737055,-365.8498315080034,-252.0,67513,14.219250210614996,0.0,-2041968,-430.06908171861835,-302.0,-1982559,-417.55665543386687,-302.0,59409,12.512426284751474,0.0,-2041968,-430.06908171861835,-302.0,-1974455,-415.8498315080034,-302.0,67513,14.219250210614996,0.0
shadow-burnin-v3-r50-tsv2-logging-only-target60-stop60-exit-replay-maxwait66000-r1,M0_ALL / 6000 / -6000 / 120000,M0_ALL,6000,-6000,120000,G0_NONE,10000,3656,4831,4746,1.0,3656,3557,0.7597701149425288,0.7391381027103509,571588,156.34245076586433,0.0,-1992370,-1420782,-2357970,-1786382,-1420782,-1786382,0,0,0.3766901769759775,97,577819,87,408721,1235,210.5,True,4,False,False,False,97,577819,577819,0,0.0,408721,408721,1.0,1235,1235,1.0,5,0,0.0,10,0,0.0,-1626770,-444.9589715536105,-108.0,-1055182,-288.6165207877462,-102.0,571588,156.34245076586433,0.0,-1626770,-444.9589715536105,-108.0,-1055182,-288.6165207877462,-102.0,571588,156.34245076586433,0.0,-1809570,-494.9589715536105,-158.0,-1237982,-338.6165207877462,-152.0,571588,156.34245076586433,0.0,-1809570,-494.9589715536105,-158.0,-1237982,-338.6165207877462,-152.0,571588,156.34245076586433,0.0,-1992370,-544.9589715536105,-208.0,-1420782,-388.6165207877462,-202.0,571588,156.34245076586433,0.0,-1992370,-544.9589715536105,-208.0,-1420782,-388.6165207877462,-202.0,571588,156.34245076586433,0.0,-2175170,-594.9589715536105,-258.0,-1603582,-438.6165207877462,-252.0,571588,156.34245076586433,0.0,-2175170,-594.9589715536105,-258.0,-1603582,-438.6165207877462,-252.0,571588,156.34245076586433,0.0,-2357970,-644.9589715536105,-308.0,-1786382,-488.6165207877462,-302.0,571588,156.34245076586433,0.0,-2357970,-644.9589715536105,-308.0,-1786382,-488.6165207877462,-302.0,571588,156.34245076586433,0.0
shadow-burnin-v3-r50-tsv2-logging-only-target60-stop60-exit-replay-maxwait66000-r1,M0_ALL / 6000 / -6000 / 120000,M0_ALL,6000,-6000,120000,G0_NONE,20000,3656,4831,4746,1.0,3656,3557,0.7597701149425288,0.7391381027103509,571588,156.34245076586433,0.0,-1992370,-1420782,-2357970,-1786382,-1420782,-1786382,0,0,0.3766901769759775,97,577819,87,408721,1235,210.5,True,4,False,False,False,97,577819,577819,0,0.0,408721,408721,1.0,1235,1235,1.0,5,0,0.0,10,0,0.0,-1626770,-444.9589715536105,-108.0,-1055182,-288.6165207877462,-102.0,571588,156.34245076586433,0.0,-1626770,-444.9589715536105,-108.0,-1055182,-288.6165207877462,-102.0,571588,156.34245076586433,0.0,-1809570,-494.9589715536105,-158.0,-1237982,-338.6165207877462,-152.0,571588,156.34245076586433,0.0,-1809570,-494.9589715536105,-158.0,-1237982,-338.6165207877462,-152.0,571588,156.34245076586433,0.0,-1992370,-544.9589715536105,-208.0,-1420782,-388.6165207877462,-202.0,571588,156.34245076586433,0.0,-1992370,-544.9589715536105,-208.0,-1420782,-388.6165207877462,-202.0,571588,156.34245076586433,0.0,-2175170,-594.9589715536105,-258.0,-1603582,-438.6165207877462,-252.0,571588,156.34245076586433,0.0,-2175170,-594.9589715536105,-258.0,-1603582,-438.6165207877462,-252.0,571588,156.34245076586433,0.0,-2357970,-644.9589715536105,-308.0,-1786382,-488.6165207877462,-302.0,571588,156.34245076586433,0.0,-2357970,-644.9589715536105,-308.0,-1786382,-488.6165207877462,-302.0,571588,156.34245076586433,0.0
shadow-burnin-v3-r50-tsv2-logging-only-target60-stop60-exit-replay-maxwait66000-r1,M0_ALL / 6000 / -6000 / 120000,M0_ALL,6000,-6000,120000,G0_NONE,30000,3656,4831,4746,1.0,3656,3557,0.7597701149425288,0.7391381027103509,571588,156.34245076586433,0.0,-1992370,-1420782,-2357970,-1786382,-1420782,-1786382,0,0,0.3766901769759775,97,577819,87,408721,1235,210.5,True,4,False,False,False,97,577819,577819,0,0.0,408721,408721,1.0,1235,1235,1.0,5,0,0.0,10,0,0.0,-1626770,-444.9589715536105,-108.0,-1055182,-288.6165207877462,-102.0,571588,156.34245076586433,0.0,-1626770,-444.9589715536105,-108.0,-1055182,-288.6165207877462,-102.0,571588,156.34245076586433,0.0,-1809570,-494.9589715536105,-158.0,-1237982,-338.6165207877462,-152.0,571588,156.34245076586433,0.0,-1809570,-494.9589715536105,-158.0,-1237982,-338.6165207877462,-152.0,571588,156.34245076586433,0.0,-1992370,-544.9589715536105,-208.0,-1420782,-388.6165207877462,-202.0,571588,156.34245076586433,0.0,-1992370,-544.9589715536105,-208.0,-1420782,-388.6165207877462,-202.0,571588,156.34245076586433,0.0,-2175170,-594.9589715536105,-258.0,-1603582,-438.6165207877462,-252.0,571588,156.34245076586433,0.0,-2175170,-594.9589715536105,-258.0,-1603582,-438.6165207877462,-252.0,571588,156.34245076586433,0.0,-2357970,-644.9589715536105,-308.0,-1786382,-488.6165207877462,-302.0,571588,156.34245076586433,0.0,-2357970,-644.9589715536105,-308.0,-1786382,-488.6165207877462,-302.0,571588,156.34245076586433,0.0
shadow-burnin-v3-r50-tsv2-logging-only-target60-stop60-exit-replay-maxwait66000-r1,M0_ALL / 6000 / -6000 / 120000,M0_ALL,6000,-6000,120000,G0_NONE,45000,3656,4831,4746,1.0,3656,3557,0.7597701149425288,0.7391381027103509,571588,156.34245076586433,0.0,-1992370,-1420782,-2357970,-1786382,-1420782,-1786382,0,0,0.3766901769759775,97,577819,87,408721,1235,210.5,True,4,False,False,False,97,577819,577819,0,0.0,408721,408721,1.0,1235,1235,1.0,5,0,0.0,10,0,0.0,-1626770,-444.9589715536105,-108.0,-1055182,-288.6165207877462,-102.0,571588,156.34245076586433,0.0,-1626770,-444.9589715536105,-108.0,-1055182,-288.6165207877462,-102.0,571588,156.34245076586433,0.0,-1809570,-494.9589715536105,-158.0,-1237982,-338.6165207877462,-152.0,571588,156.34245076586433,0.0,-1809570,-494.9589715536105,-158.0,-1237982,-338.6165207877462,-152.0,571588,156.34245076586433,0.0,-1992370,-544.9589715536105,-208.0,-1420782,-388.6165207877462,-202.0,571588,156.34245076586433,0.0,-1992370,-544.9589715536105,-208.0,-1420782,-388.6165207877462,-202.0,571588,156.34245076586433,0.0,-2175170,-594.9589715536105,-258.0,-1603582,-438.6165207877462,-252.0,571588,156.34245076586433,0.0,-2175170,-594.9589715536105,-258.0,-1603582,-438.6165207877462,-252.0,571588,156.34245076586433,0.0,-2357970,-644.9589715536105,-308.0,-1786382,-488.6165207877462,-302.0,571588,156.34245076586433,0.0,-2357970,-644.9589715536105,-308.0,-1786382,-488.6165207877462,-302.0,571588,156.34245076586433,0.0
shadow-burnin-v3-r50-tsv2-logging-only-target60-stop60-exit-replay-maxwait66000-r1,M0_ALL / 6000 / -6000 / 120000,M0_ALL,6000,-6000,120000,G1_STEADY_EARLY_STRENGTH,10000,3656,4831,4746,1.0,3656,3403,0.777218376337319,0.7561039503616868,507573,138.83287746170677,0.0,-1992370,-1484797,-2357970,-1850397,-1420782,-1786382,-64015,-64015,0.32588365331475116,60,406869,67,276908,1168,183.8,True,3,False,False,False,97,577819,406869,170950,0.29585389196270806,408721,276908,0.6774988317213942,1235,1168,0.945748987854251,5,0,0.0,10,1,0.1,-1626770,-444.9589715536105,-108.0,-1119197,-306.1260940919037,-102.0,507573,138.83287746170677,0.0,-1626770,-444.9589715536105,-108.0,-1055182,-288.6165207877462,-102.0,571588,156.34245076586433,0.0,-1809570,-494.9589715536105,-158.0,-1301997,-356.1260940919037,-152.0,507573,138.83287746170677,0.0,-1809570,-494.9589715536105,-158.0,-1237982,-338.6165207877462,-152.0,571588,156.34245076586433,0.0,-1992370,-544.9589715536105,-208.0,-1484797,-406.1260940919037,-202.0,507573,138.83287746170677,0.0,-1992370,-544.9589715536105,-208.0,-1420782,-388.6165207877462,-202.0,571588,156.34245076586433,0.0,-2175170,-594.9589715536105,-258.0,-1667597,-456.1260940919037,-252.0,507573,138.83287746170677,0.0,-2175170,-594.9589715536105,-258.0,-1603582,-438.6165207877462,-252.0,571588,156.34245076586433,0.0,-2357970,-644.9589715536105,-308.0,-1850397,-506.1260940919037,-302.0,507573,138.83287746170677,0.0,-2357970,-644.9589715536105,-308.0,-1786382,-488.6165207877462,-302.0,571588,156.34245076586433,0.0
shadow-burnin-v3-r50-tsv2-logging-only-target60-stop60-exit-replay-maxwait66000-r1,M0_ALL / 6000 / -6000 / 120000,M0_ALL,6000,-6000,120000,G1_STEADY_EARLY_STRENGTH,20000,3656,4831,4746,1.0,3656,3403,0.7740717432347388,0.7528630970331041,441529,120.7683260393873,0.0,-1992370,-1550841,-2357970,-1916441,-1420782,-1786382,-130059,-130059,0.35696401050910576,64,433828,64,254083,1166,180.60000000000002,True,4,False,False,False,97,577819,433828,143991,0.24919741303072415,408721,254083,0.6216538910405875,1235,1166,0.9441295546558705,5,0,0.0,10,0,0.0,-1626770,-444.9589715536105,-108.0,-1185241,-324.1906455142232,-102.0,441529,120.7683260393873,0.0,-1626770,-444.9589715536105,-108.0,-1055182,-288.6165207877462,-102.0,571588,156.34245076586433,0.0,-1809570,-494.9589715536105,-158.0,-1368041,-374.1906455142232,-152.0,441529,120.7683260393873,0.0,-1809570,-494.9589715536105,-158.0,-1237982,-338.6165207877462,-152.0,571588,156.34245076586433,0.0,-1992370,-544.9589715536105,-208.0,-1550841,-424.1906455142232,-202.0,441529,120.7683260393873,0.0,-1992370,-544.9589715536105,-208.0,-1420782,-388.6165207877462,-202.0,571588,156.34245076586433,0.0,-2175170,-594.9589715536105,-258.0,-1733641,-474.1906455142232,-252.0,441529,120.7683260393873,0.0,-2175170,-594.9589715536105,-258.0,-1603582,-438.6165207877462,-252.0,571588,156.34245076586433,0.0,-2357970,-644.9589715536105,-308.0,-1916441,-524.1906455142232,-302.0,441529,120.7683260393873,0.0,-2357970,-644.9589715536105,-308.0,-1786382,-488.6165207877462,-302.0,571588,156.34245076586433,0.0
shadow-burnin-v3-r50-tsv2-logging-only-target60-stop60-exit-replay-maxwait66000-r1,M0_ALL / 6000 / -6000 / 120000,M0_ALL,6000,-6000,120000,G1_STEADY_EARLY_STRENGTH,30000,3656,4831,4746,1.0,3656,3413,0.7747183979974969,0.7535905078516857,464614,127.08260393873086,0.0,-1992370,-1527756,-2357970,-1893356,-1420782,-1786382,-106974,-106974,0.34996769179016524,64,433828,69,278012,1169,185.9,True,4,False,False,False,97,577819,433828,143991,0.24919741303072415,408721,278012,0.6801999407909063,1235,1169,0.9465587044534413,5,0,0.0,10,0,0.0,-1626770,-444.9589715536105,-108.0,-1162156,-317.87636761487965,-102.0,464614,127.08260393873086,0.0,-1626770,-444.9589715536105,-108.0,-1055182,-288.6165207877462,-102.0,571588,156.34245076586433,0.0,-1809570,-494.9589715536105,-158.0,-1344956,-367.87636761487965,-152.0,464614,127.08260393873086,0.0,-1809570,-494.9589715536105,-158.0,-1237982,-338.6165207877462,-152.0,571588,156.34245076586433,0.0,-1992370,-544.9589715536105,-208.0,-1527756,-417.87636761487965,-202.0,464614,127.08260393873086,0.0,-1992370,-544.9589715536105,-208.0,-1420782,-388.6165207877462,-202.0,571588,156.34245076586433,0.0,-2175170,-594.9589715536105,-258.0,-1710556,-467.87636761487965,-252.0,464614,127.08260393873086,0.0,-2175170,-594.9589715536105,-258.0,-1603582,-438.6165207877462,-252.0,571588,156.34245076586433,0.0,-2357970,-644.9589715536105,-308.0,-1893356,-517.8763676148797,-302.0,464614,127.08260393873086,0.0,-2357970,-644.9589715536105,-308.0,-1786382,-488.6165207877462,-302.0,571588,156.34245076586433,0.0
shadow-burnin-v3-r50-tsv2-logging-only-target60-stop60-exit-replay-maxwait66000-r1,M0_ALL / 6000 / -6000 / 120000,M0_ALL,6000,-6000,120000,G1_STEADY_EARLY_STRENGTH,45000,3656,4831,4746,1.0,3656,3419,0.7741734248284466,0.7530633455402743,470308,128.64004376367615,0.0,-1992370,-1522062,-2357970,-1887662,-1420782,-1786382,-101280,-101280,0.3480463967729565,64,433828,69,280015,1172,186.2,True,4,False,False,False,97,577819,433828,143991,0.24919741303072415,408721,280015,0.6851005942929285,1235,1172,0.9489878542510122,5,0,0.0,10,0,0.0,-1626770,-444.9589715536105,-108.0,-1156462,-316.3189277899344,-102.0,470308,128.64004376367615,0.0,-1626770,-444.9589715536105,-108.0,-1055182,-288.6165207877462,-102.0,571588,156.34245076586433,0.0,-1809570,-494.9589715536105,-158.0,-1339262,-366.3189277899344,-152.0,470308,128.64004376367615,0.0,-1809570,-494.9589715536105,-158.0,-1237982,-338.6165207877462,-152.0,571588,156.34245076586433,0.0,-1992370,-544.9589715536105,-208.0,-1522062,-416.3189277899344,-202.0,470308,128.64004376367615,0.0,-1992370,-544.9589715536105,-208.0,-1420782,-388.6165207877462,-202.0,571588,156.34245076586433,0.0,-2175170,-594.9589715536105,-258.0,-1704862,-466.3189277899344,-252.0,470308,128.64004376367615,0.0,-2175170,-594.9589715536105,-258.0,-1603582,-438.6165207877462,-252.0,571588,156.34245076586433,0.0,-2357970,-644.9589715536105,-308.0,-1887662,-516.3189277899344,-302.0,470308,128.64004376367615,0.0,-2357970,-644.9589715536105,-308.0,-1786382,-488.6165207877462,-302.0,571588,156.34245076586433,0.0
shadow-burnin-v3-r50-tsv2-logging-only-target60-stop60-exit-replay-maxwait66000-r1,M0_ALL / 6000 / -6000 / 120000,M0_ALL,6000,-6000,120000,G2_RECOVERY_AFTER_EARLY_DRAWDOWN,10000,3656,4831,4746,1.0,3656,3535,0.7636786961583236,0.7430159195202191,589601,161.26942013129104,0.0,-1992370,-1402769,-2357970,-1768369,-1420782,-1786382,18013,18013,0.36022394335675134,92,543561,85,397527,1227,207.7,True,4,False,False,False,97,577819,543561,34258,0.05928846230393947,408721,397527,0.9726121241629375,1235,1227,0.9935222672064777,5,0,0.0,10,0,0.0,-1626770,-444.9589715536105,-108.0,-1037169,-283.6895514223195,-102.0,589601,161.26942013129104,0.0,-1626770,-444.9589715536105,-108.0,-1055182,-288.6165207877462,-102.0,571588,156.34245076586433,0.0,-1809570,-494.9589715536105,-158.0,-1219969,-333.6895514223195,-152.0,589601,161.26942013129104,0.0,-1809570,-494.9589715536105,-158.0,-1237982,-338.6165207877462,-152.0,571588,156.34245076586433,0.0,-1992370,-544.9589715536105,-208.0,-1402769,-383.6895514223195,-202.0,589601,161.26942013129104,0.0,-1992370,-544.9589715536105,-208.0,-1420782,-388.6165207877462,-202.0,571588,156.34245076586433,0.0,-2175170,-594.9589715536105,-258.0,-1585569,-433.6895514223195,-252.0,589601,161.26942013129104,0.0,-2175170,-594.9589715536105,-258.0,-1603582,-438.6165207877462,-252.0,571588,156.34245076586433,0.0,-2357970,-644.9589715536105,-308.0,-1768369,-483.6895514223195,-302.0,589601,161.26942013129104,0.0,-2357970,-644.9589715536105,-308.0,-1786382,-488.6165207877462,-302.0,571588,156.34245076586433,0.0
shadow-burnin-v3-r50-tsv2-logging-only-target60-stop60-exit-replay-maxwait66000-r1,M0_ALL / 6000 / -6000 / 120000,M0_ALL,6000,-6000,120000,G2_RECOVERY_AFTER_EARLY_DRAWDOWN,20000,3656,4831,4746,1.0,3656,3522,0.7671554252199414,0.7465070541374736,606076,165.77571115973743,0.0,-1992370,-1386294,-2357970,-1751894,-1420782,-1786382,34488,34488,0.36104839592504256,91,544192,86,402893,1222,208.2,True,4,False,False,False,97,577819,544192,33627,0.058196424831997565,408721,402893,0.9857408843685546,1235,1222,0.9894736842105263,5,0,0.0,10,0,0.0,-1626770,-444.9589715536105,-108.0,-1020694,-279.18326039387307,-102.0,606076,165.77571115973743,0.0,-1626770,-444.9589715536105,-108.0,-1055182,-288.6165207877462,-102.0,571588,156.34245076586433,0.0,-1809570,-494.9589715536105,-158.0,-1203494,-329.18326039387307,-152.0,606076,165.77571115973743,0.0,-1809570,-494.9589715536105,-158.0,-1237982,-338.6165207877462,-152.0,571588,156.34245076586433,0.0,-1992370,-544.9589715536105,-208.0,-1386294,-379.18326039387307,-202.0,606076,165.77571115973743,0.0,-1992370,-544.9589715536105,-208.0,-1420782,-388.6165207877462,-202.0,571588,156.34245076586433,0.0,-2175170,-594.9589715536105,-258.0,-1569094,-429.18326039387307,-252.0,606076,165.77571115973743,0.0,-2175170,-594.9589715536105,-258.0,-1603582,-438.6165207877462,-252.0,571588,156.34245076586433,0.0,-2357970,-644.9589715536105,-308.0,-1751894,-479.18326039387307,-302.0,606076,165.77571115973743,0.0,-2357970,-644.9589715536105,-308.0,-1786382,-488.6165207877462,-302.0,571588,156.34245076586433,0.0
shadow-burnin-v3-r50-tsv2-logging-only-target60-stop60-exit-replay-maxwait66000-r1,M0_ALL / 6000 / -6000 / 120000,M0_ALL,6000,-6000,120000,G2_RECOVERY_AFTER_EARLY_DRAWDOWN,30000,3656,4831,4746,1.0,3656,3520,0.7692307692307693,0.7486276755761988,618514,169.17778993435448,0.0,-1992370,-1373856,-2357970,-1739456,-1420782,-1786382,46926,46926,0.35936488817393464,91,544192,87,408721,1223,209.3,True,4,False,False,False,97,577819,544192,33627,0.058196424831997565,408721,408721,1.0,1235,1223,0.9902834008097166,5,0,0.0,10,0,0.0,-1626770,-444.9589715536105,-108.0,-1008256,-275.781181619256,-102.0,618514,169.17778993435448,0.0,-1626770,-444.9589715536105,-108.0,-1055182,-288.6165207877462,-102.0,571588,156.34245076586433,0.0,-1809570,-494.9589715536105,-158.0,-1191056,-325.781181619256,-152.0,618514,169.17778993435448,0.0,-1809570,-494.9589715536105,-158.0,-1237982,-338.6165207877462,-152.0,571588,156.34245076586433,0.0,-1992370,-544.9589715536105,-208.0,-1373856,-375.781181619256,-202.0,618514,169.17778993435448,0.0,-1992370,-544.9589715536105,-208.0,-1420782,-388.6165207877462,-202.0,571588,156.34245076586433,0.0,-2175170,-594.9589715536105,-258.0,-1556656,-425.781181619256,-252.0,618514,169.17778993435448,0.0,-2175170,-594.9589715536105,-258.0,-1603582,-438.6165207877462,-252.0,571588,156.34245076586433,0.0,-2357970,-644.9589715536105,-308.0,-1739456,-475.781181619256,-302.0,618514,169.17778993435448,0.0,-2357970,-644.9589715536105,-308.0,-1786382,-488.6165207877462,-302.0,571588,156.34245076586433,0.0
shadow-burnin-v3-r50-tsv2-logging-only-target60-stop60-exit-replay-maxwait66000-r1,M0_ALL / 6000 / -6000 / 120000,M0_ALL,6000,-6000,120000,G2_RECOVERY_AFTER_EARLY_DRAWDOWN,45000,3656,4831,4746,1.0,3656,3516,0.7698646262507357,0.7492544022573558,614998,168.21608315098467,0.0,-1992370,-1377372,-2357970,-1742972,-1420782,-1786382,43410,43410,0.3612096785969831,91,544192,86,402316,1222,208.2,True,4,False,False,False,97,577819,544192,33627,0.058196424831997565,408721,402316,0.984329163414652,1235,1222,0.9894736842105263,5,0,0.0,10,0,0.0,-1626770,-444.9589715536105,-108.0,-1011772,-276.7428884026258,-102.0,614998,168.21608315098467,0.0,-1626770,-444.9589715536105,-108.0,-1055182,-288.6165207877462,-102.0,571588,156.34245076586433,0.0,-1809570,-494.9589715536105,-158.0,-1194572,-326.7428884026258,-152.0,614998,168.21608315098467,0.0,-1809570,-494.9589715536105,-158.0,-1237982,-338.6165207877462,-152.0,571588,156.34245076586433,0.0,-1992370,-544.9589715536105,-208.0,-1377372,-376.7428884026258,-202.0,614998,168.21608315098467,0.0,-1992370,-544.9589715536105,-208.0,-1420782,-388.6165207877462,-202.0,571588,156.34245076586433,0.0,-2175170,-594.9589715536105,-258.0,-1560172,-426.7428884026258,-252.0,614998,168.21608315098467,0.0,-2175170,-594.9589715536105,-258.0,-1603582,-438.6165207877462,-252.0,571588,156.34245076586433,0.0,-2357970,-644.9589715536105,-308.0,-1742972,-476.7428884026258,-302.0,614998,168.21608315098467,0.0,-2357970,-644.9589715536105,-308.0,-1786382,-488.6165207877462,-302.0,571588,156.34245076586433,0.0
shadow-burnin-v3-r50-tsv2-logging-only-target60-stop60-exit-replay-maxwait66000-r1,M0_ALL / 6000 / -6000 / 120000,M0_ALL,6000,-6000,120000,G3_LOW_VOL_CONTINUATION,10000,3656,4831,4746,1.0,3656,3505,0.7641843971631206,0.7433729389892412,530332,145.05798687089717,0.0,-1992370,-1462038,-2357970,-1827638,-1420782,-1786382,-41256,-41256,0.37501658494073414,90,537032,83,384087,1210,204.0,True,4,False,False,False,97,577819,537032,40787,0.07058784844388986,408721,384087,0.9397290572297484,1235,1210,0.979757085020243,5,0,0.0,10,0,0.0,-1626770,-444.9589715536105,-108.0,-1096438,-299.90098468271333,-102.0,530332,145.05798687089717,0.0,-1626770,-444.9589715536105,-108.0,-1055182,-288.6165207877462,-102.0,571588,156.34245076586433,0.0,-1809570,-494.9589715536105,-158.0,-1279238,-349.90098468271333,-152.0,530332,145.05798687089717,0.0,-1809570,-494.9589715536105,-158.0,-1237982,-338.6165207877462,-152.0,571588,156.34245076586433,0.0,-1992370,-544.9589715536105,-208.0,-1462038,-399.90098468271333,-202.0,530332,145.05798687089717,0.0,-1992370,-544.9589715536105,-208.0,-1420782,-388.6165207877462,-202.0,571588,156.34245076586433,0.0,-2175170,-594.9589715536105,-258.0,-1644838,-449.90098468271333,-252.0,530332,145.05798687089717,0.0,-2175170,-594.9589715536105,-258.0,-1603582,-438.6165207877462,-252.0,571588,156.34245076586433,0.0,-2357970,-644.9589715536105,-308.0,-1827638,-499.90098468271333,-302.0,530332,145.05798687089717,0.0,-2357970,-644.9589715536105,-308.0,-1786382,-488.6165207877462,-302.0,571588,156.34245076586433,0.0
shadow-burnin-v3-r50-tsv2-logging-only-target60-stop60-exit-replay-maxwait66000-r1,M0_ALL / 6000 / -6000 / 120000,M0_ALL,6000,-6000,120000,G3_LOW_VOL_CONTINUATION,20000,3656,4831,4746,1.0,3656,3511,0.7620730270906949,0.7412422232847399,514040,140.60175054704595,0.0,-1992370,-1478330,-2357970,-1843930,-1420782,-1786382,-57548,-57548,0.3824591949892973,92,548710,85,396366,1209,205.9,True,4,False,False,False,97,577819,548710,29109,0.050377367307063284,408721,396366,0.9697715556577714,1235,1209,0.9789473684210527,5,0,0.0,10,0,0.0,-1626770,-444.9589715536105,-108.0,-1112730,-304.35722100656454,-102.0,514040,140.60175054704595,0.0,-1626770,-444.9589715536105,-108.0,-1055182,-288.6165207877462,-102.0,571588,156.34245076586433,0.0,-1809570,-494.9589715536105,-158.0,-1295530,-354.35722100656454,-152.0,514040,140.60175054704595,0.0,-1809570,-494.9589715536105,-158.0,-1237982,-338.6165207877462,-152.0,571588,156.34245076586433,0.0,-1992370,-544.9589715536105,-208.0,-1478330,-404.35722100656454,-202.0,514040,140.60175054704595,0.0,-1992370,-544.9589715536105,-208.0,-1420782,-388.6165207877462,-202.0,571588,156.34245076586433,0.0,-2175170,-594.9589715536105,-258.0,-1661130,-454.35722100656454,-252.0,514040,140.60175054704595,0.0,-2175170,-594.9589715536105,-258.0,-1603582,-438.6165207877462,-252.0,571588,156.34245076586433,0.0,-2357970,-644.9589715536105,-308.0,-1843930,-504.35722100656454,-302.0,514040,140.60175054704595,0.0,-2357970,-644.9589715536105,-308.0,-1786382,-488.6165207877462,-302.0,571588,156.34245076586433,0.0
shadow-burnin-v3-r50-tsv2-logging-only-target60-stop60-exit-replay-maxwait66000-r1,M0_ALL / 6000 / -6000 / 120000,M0_ALL,6000,-6000,120000,G3_LOW_VOL_CONTINUATION,30000,3656,4831,4746,1.0,3656,3511,0.7620730270906949,0.7412422232847399,514040,140.60175054704595,0.0,-1992370,-1478330,-2357970,-1843930,-1420782,-1786382,-57548,-57548,0.3824591949892973,92,548710,85,396366,1209,205.9,True,4,False,False,False,97,577819,548710,29109,0.050377367307063284,408721,396366,0.9697715556577714,1235,1209,0.9789473684210527,5,0,0.0,10,0,0.0,-1626770,-444.9589715536105,-108.0,-1112730,-304.35722100656454,-102.0,514040,140.60175054704595,0.0,-1626770,-444.9589715536105,-108.0,-1055182,-288.6165207877462,-102.0,571588,156.34245076586433,0.0,-1809570,-494.9589715536105,-158.0,-1295530,-354.35722100656454,-152.0,514040,140.60175054704595,0.0,-1809570,-494.9589715536105,-158.0,-1237982,-338.6165207877462,-152.0,571588,156.34245076586433,0.0,-1992370,-544.9589715536105,-208.0,-1478330,-404.35722100656454,-202.0,514040,140.60175054704595,0.0,-1992370,-544.9589715536105,-208.0,-1420782,-388.6165207877462,-202.0,571588,156.34245076586433,0.0,-2175170,-594.9589715536105,-258.0,-1661130,-454.35722100656454,-252.0,514040,140.60175054704595,0.0,-2175170,-594.9589715536105,-258.0,-1603582,-438.6165207877462,-252.0,571588,156.34245076586433,0.0,-2357970,-644.9589715536105,-308.0,-1843930,-504.35722100656454,-302.0,514040,140.60175054704595,0.0,-2357970,-644.9589715536105,-308.0,-1786382,-488.6165207877462,-302.0,571588,156.34245076586433,0.0
shadow-burnin-v3-r50-tsv2-logging-only-target60-stop60-exit-replay-maxwait66000-r1,M0_ALL / 6000 / -6000 / 120000,M0_ALL,6000,-6000,120000,G3_LOW_VOL_CONTINUATION,45000,3656,4831,4746,1.0,3656,3511,0.7620730270906949,0.7412422232847399,514040,140.60175054704595,0.0,-1992370,-1478330,-2357970,-1843930,-1420782,-1786382,-57548,-57548,0.3824591949892973,92,548710,85,396366,1209,205.9,True,4,False,False,False,97,577819,548710,29109,0.050377367307063284,408721,396366,0.9697715556577714,1235,1209,0.9789473684210527,5,0,0.0,10,0,0.0,-1626770,-444.9589715536105,-108.0,-1112730,-304.35722100656454,-102.0,514040,140.60175054704595,0.0,-1626770,-444.9589715536105,-108.0,-1055182,-288.6165207877462,-102.0,571588,156.34245076586433,0.0,-1809570,-494.9589715536105,-158.0,-1295530,-354.35722100656454,-152.0,514040,140.60175054704595,0.0,-1809570,-494.9589715536105,-158.0,-1237982,-338.6165207877462,-152.0,571588,156.34245076586433,0.0,-1992370,-544.9589715536105,-208.0,-1478330,-404.35722100656454,-202.0,514040,140.60175054704595,0.0,-1992370,-544.9589715536105,-208.0,-1420782,-388.6165207877462,-202.0,571588,156.34245076586433,0.0,-2175170,-594.9589715536105,-258.0,-1661130,-454.35722100656454,-252.0,514040,140.60175054704595,0.0,-2175170,-594.9589715536105,-258.0,-1603582,-438.6165207877462,-252.0,571588,156.34245076586433,0.0,-2357970,-644.9589715536105,-308.0,-1843930,-504.35722100656454,-302.0,514040,140.60175054704595,0.0,-2357970,-644.9589715536105,-308.0,-1786382,-488.6165207877462,-302.0,571588,156.34245076586433,0.0
shadow-burnin-v3-r50-tsv2-logging-only-target60-stop60-exit-replay-maxwait66000-r1,M0_ALL / 6000 / -6000 / 120000,M0_ALL,6000,-6000,120000,G4_DELAYED_DECISION_4000,10000,3656,4831,4746,1.0,3656,3544,0.7584134615384616,0.7372668283798905,472643,129.27871991247264,0.0,-1992370,-1519727,-2357970,-1885327,-1420782,-1786382,-98945,-98945,0.38046521031217395,93,526931,78,371698,1184,196.4,True,4,False,False,False,97,577819,526931,50888,0.08806910122373961,408721,371698,0.9094174265574805,1235,1184,0.9587044534412955,5,0,0.0,10,1,0.1,-1626770,-444.9589715536105,-108.0,-1154127,-315.68025164113783,-102.0,472643,129.27871991247264,0.0,-1626770,-444.9589715536105,-108.0,-1055182,-288.6165207877462,-102.0,571588,156.34245076586433,0.0,-1809570,-494.9589715536105,-158.0,-1336927,-365.68025164113783,-152.0,472643,129.27871991247264,0.0,-1809570,-494.9589715536105,-158.0,-1237982,-338.6165207877462,-152.0,571588,156.34245076586433,0.0,-1992370,-544.9589715536105,-208.0,-1519727,-415.68025164113783,-202.0,472643,129.27871991247264,0.0,-1992370,-544.9589715536105,-208.0,-1420782,-388.6165207877462,-202.0,571588,156.34245076586433,0.0,-2175170,-594.9589715536105,-258.0,-1702527,-465.68025164113783,-252.0,472643,129.27871991247264,0.0,-2175170,-594.9589715536105,-258.0,-1603582,-438.6165207877462,-252.0,571588,156.34245076586433,0.0,-2357970,-644.9589715536105,-308.0,-1885327,-515.6802516411378,-302.0,472643,129.27871991247264,0.0,-2357970,-644.9589715536105,-308.0,-1786382,-488.6165207877462,-302.0,571588,156.34245076586433,0.0
shadow-burnin-v3-r50-tsv2-logging-only-target60-stop60-exit-replay-maxwait66000-r1,M0_ALL / 6000 / -6000 / 120000,M0_ALL,6000,-6000,120000,G4_DELAYED_DECISION_4000,20000,3656,4831,4746,1.0,3656,3544,0.7584134615384616,0.7372668283798905,472643,129.27871991247264,0.0,-1992370,-1519727,-2357970,-1885327,-1420782,-1786382,-98945,-98945,0.38046521031217395,93,526931,78,371698,1184,196.4,True,4,False,False,False,97,577819,526931,50888,0.08806910122373961,408721,371698,0.9094174265574805,1235,1184,0.9587044534412955,5,0,0.0,10,1,0.1,-1626770,-444.9589715536105,-108.0,-1154127,-315.68025164113783,-102.0,472643,129.27871991247264,0.0,-1626770,-444.9589715536105,-108.0,-1055182,-288.6165207877462,-102.0,571588,156.34245076586433,0.0,-1809570,-494.9589715536105,-158.0,-1336927,-365.68025164113783,-152.0,472643,129.27871991247264,0.0,-1809570,-494.9589715536105,-158.0,-1237982,-338.6165207877462,-152.0,571588,156.34245076586433,0.0,-1992370,-544.9589715536105,-208.0,-1519727,-415.68025164113783,-202.0,472643,129.27871991247264,0.0,-1992370,-544.9589715536105,-208.0,-1420782,-388.6165207877462,-202.0,571588,156.34245076586433,0.0,-2175170,-594.9589715536105,-258.0,-1702527,-465.68025164113783,-252.0,472643,129.27871991247264,0.0,-2175170,-594.9589715536105,-258.0,-1603582,-438.6165207877462,-252.0,571588,156.34245076586433,0.0,-2357970,-644.9589715536105,-308.0,-1885327,-515.6802516411378,-302.0,472643,129.27871991247264,0.0,-2357970,-644.9589715536105,-308.0,-1786382,-488.6165207877462,-302.0,571588,156.34245076586433,0.0
shadow-burnin-v3-r50-tsv2-logging-only-target60-stop60-exit-replay-maxwait66000-r1,M0_ALL / 6000 / -6000 / 120000,M0_ALL,6000,-6000,120000,G4_DELAYED_DECISION_4000,30000,3656,4831,4746,1.0,3656,3544,0.7584134615384616,0.7372668283798905,472643,129.27871991247264,0.0,-1992370,-1519727,-2357970,-1885327,-1420782,-1786382,-98945,-98945,0.38046521031217395,93,526931,78,371698,1184,196.4,True,4,False,False,False,97,577819,526931,50888,0.08806910122373961,408721,371698,0.9094174265574805,1235,1184,0.9587044534412955,5,0,0.0,10,1,0.1,-1626770,-444.9589715536105,-108.0,-1154127,-315.68025164113783,-102.0,472643,129.27871991247264,0.0,-1626770,-444.9589715536105,-108.0,-1055182,-288.6165207877462,-102.0,571588,156.34245076586433,0.0,-1809570,-494.9589715536105,-158.0,-1336927,-365.68025164113783,-152.0,472643,129.27871991247264,0.0,-1809570,-494.9589715536105,-158.0,-1237982,-338.6165207877462,-152.0,571588,156.34245076586433,0.0,-1992370,-544.9589715536105,-208.0,-1519727,-415.68025164113783,-202.0,472643,129.27871991247264,0.0,-1992370,-544.9589715536105,-208.0,-1420782,-388.6165207877462,-202.0,571588,156.34245076586433,0.0,-2175170,-594.9589715536105,-258.0,-1702527,-465.68025164113783,-252.0,472643,129.27871991247264,0.0,-2175170,-594.9589715536105,-258.0,-1603582,-438.6165207877462,-252.0,571588,156.34245076586433,0.0,-2357970,-644.9589715536105,-308.0,-1885327,-515.6802516411378,-302.0,472643,129.27871991247264,0.0,-2357970,-644.9589715536105,-308.0,-1786382,-488.6165207877462,-302.0,571588,156.34245076586433,0.0
shadow-burnin-v3-r50-tsv2-logging-only-target60-stop60-exit-replay-maxwait66000-r1,M0_ALL / 6000 / -6000 / 120000,M0_ALL,6000,-6000,120000,G4_DELAYED_DECISION_4000,45000,3656,4831,4746,1.0,3656,3544,0.7584134615384616,0.7372668283798905,472643,129.27871991247264,0.0,-1992370,-1519727,-2357970,-1885327,-1420782,-1786382,-98945,-98945,0.38046521031217395,93,526931,78,371698,1184,196.4,True,4,False,False,False,97,577819,526931,50888,0.08806910122373961,408721,371698,0.9094174265574805,1235,1184,0.9587044534412955,5,0,0.0,10,1,0.1,-1626770,-444.9589715536105,-108.0,-1154127,-315.68025164113783,-102.0,472643,129.27871991247264,0.0,-1626770,-444.9589715536105,-108.0,-1055182,-288.6165207877462,-102.0,571588,156.34245076586433,0.0,-1809570,-494.9589715536105,-158.0,-1336927,-365.68025164113783,-152.0,472643,129.27871991247264,0.0,-1809570,-494.9589715536105,-158.0,-1237982,-338.6165207877462,-152.0,571588,156.34245076586433,0.0,-1992370,-544.9589715536105,-208.0,-1519727,-415.68025164113783,-202.0,472643,129.27871991247264,0.0,-1992370,-544.9589715536105,-208.0,-1420782,-388.6165207877462,-202.0,571588,156.34245076586433,0.0,-2175170,-594.9589715536105,-258.0,-1702527,-465.68025164113783,-252.0,472643,129.27871991247264,0.0,-2175170,-594.9589715536105,-258.0,-1603582,-438.6165207877462,-252.0,571588,156.34245076586433,0.0,-2357970,-644.9589715536105,-308.0,-1885327,-515.6802516411378,-302.0,472643,129.27871991247264,0.0,-2357970,-644.9589715536105,-308.0,-1786382,-488.6165207877462,-302.0,571588,156.34245076586433,0.0
shadow-burnin-v3-r50-tsv2-logging-only-target60-stop60-exit-replay-maxwait66000-r1,M0_ALL / 6000 / -6000 / 120000,M0_ALL,6000,-6000,120000,G5_DELAYED_DECISION_8000,10000,3656,4831,4746,1.0,3656,3534,0.7528373266078184,0.7310138332793155,410276,112.2199124726477,0.0,-1992370,-1582094,-2357970,-1947694,-1420782,-1786382,-161312,-161312,0.38064656965967697,90,483007,72,324207,1122,184.2,True,4,False,False,False,97,577819,483007,94812,0.1640859854037337,408721,324207,0.7932232500899147,1235,1122,0.908502024291498,5,1,0.2,10,3,0.3,-1626770,-444.9589715536105,-108.0,-1216494,-332.7390590809628,-102.0,410276,112.2199124726477,0.0,-1626770,-444.9589715536105,-108.0,-1055182,-288.6165207877462,-102.0,571588,156.34245076586433,0.0,-1809570,-494.9589715536105,-158.0,-1399294,-382.7390590809628,-152.0,410276,112.2199124726477,0.0,-1809570,-494.9589715536105,-158.0,-1237982,-338.6165207877462,-152.0,571588,156.34245076586433,0.0,-1992370,-544.9589715536105,-208.0,-1582094,-432.7390590809628,-202.0,410276,112.2199124726477,0.0,-1992370,-544.9589715536105,-208.0,-1420782,-388.6165207877462,-202.0,571588,156.34245076586433,0.0,-2175170,-594.9589715536105,-258.0,-1764894,-482.7390590809628,-252.0,410276,112.2199124726477,0.0,-2175170,-594.9589715536105,-258.0,-1603582,-438.6165207877462,-252.0,571588,156.34245076586433,0.0,-2357970,-644.9589715536105,-308.0,-1947694,-532.7390590809628,-302.0,410276,112.2199124726477,0.0,-2357970,-644.9589715536105,-308.0,-1786382,-488.6165207877462,-302.0,571588,156.34245076586433,0.0
shadow-burnin-v3-r50-tsv2-logging-only-target60-stop60-exit-replay-maxwait66000-r1,M0_ALL / 6000 / -6000 / 120000,M0_ALL,6000,-6000,120000,G5_DELAYED_DECISION_8000,20000,3656,4831,4746,1.0,3656,3534,0.7528373266078184,0.7310138332793155,410276,112.2199124726477,0.0,-1992370,-1582094,-2357970,-1947694,-1420782,-1786382,-161312,-161312,0.38064656965967697,90,483007,72,324207,1122,184.2,True,4,False,False,False,97,577819,483007,94812,0.1640859854037337,408721,324207,0.7932232500899147,1235,1122,0.908502024291498,5,1,0.2,10,3,0.3,-1626770,-444.9589715536105,-108.0,-1216494,-332.7390590809628,-102.0,410276,112.2199124726477,0.0,-1626770,-444.9589715536105,-108.0,-1055182,-288.6165207877462,-102.0,571588,156.34245076586433,0.0,-1809570,-494.9589715536105,-158.0,-1399294,-382.7390590809628,-152.0,410276,112.2199124726477,0.0,-1809570,-494.9589715536105,-158.0,-1237982,-338.6165207877462,-152.0,571588,156.34245076586433,0.0,-1992370,-544.9589715536105,-208.0,-1582094,-432.7390590809628,-202.0,410276,112.2199124726477,0.0,-1992370,-544.9589715536105,-208.0,-1420782,-388.6165207877462,-202.0,571588,156.34245076586433,0.0,-2175170,-594.9589715536105,-258.0,-1764894,-482.7390590809628,-252.0,410276,112.2199124726477,0.0,-2175170,-594.9589715536105,-258.0,-1603582,-438.6165207877462,-252.0,571588,156.34245076586433,0.0,-2357970,-644.9589715536105,-308.0,-1947694,-532.7390590809628,-302.0,410276,112.2199124726477,0.0,-2357970,-644.9589715536105,-308.0,-1786382,-488.6165207877462,-302.0,571588,156.34245076586433,0.0
shadow-burnin-v3-r50-tsv2-logging-only-target60-stop60-exit-replay-maxwait66000-r1,M0_ALL / 6000 / -6000 / 120000,M0_ALL,6000,-6000,120000,G5_DELAYED_DECISION_8000,30000,3656,4831,4746,1.0,3656,3534,0.7528373266078184,0.7310138332793155,410276,112.2199124726477,0.0,-1992370,-1582094,-2357970,-1947694,-1420782,-1786382,-161312,-161312,0.38064656965967697,90,483007,72,324207,1122,184.2,True,4,False,False,False,97,577819,483007,94812,0.1640859854037337,408721,324207,0.7932232500899147,1235,1122,0.908502024291498,5,1,0.2,10,3,0.3,-1626770,-444.9589715536105,-108.0,-1216494,-332.7390590809628,-102.0,410276,112.2199124726477,0.0,-1626770,-444.9589715536105,-108.0,-1055182,-288.6165207877462,-102.0,571588,156.34245076586433,0.0,-1809570,-494.9589715536105,-158.0,-1399294,-382.7390590809628,-152.0,410276,112.2199124726477,0.0,-1809570,-494.9589715536105,-158.0,-1237982,-338.6165207877462,-152.0,571588,156.34245076586433,0.0,-1992370,-544.9589715536105,-208.0,-1582094,-432.7390590809628,-202.0,410276,112.2199124726477,0.0,-1992370,-544.9589715536105,-208.0,-1420782,-388.6165207877462,-202.0,571588,156.34245076586433,0.0,-2175170,-594.9589715536105,-258.0,-1764894,-482.7390590809628,-252.0,410276,112.2199124726477,0.0,-2175170,-594.9589715536105,-258.0,-1603582,-438.6165207877462,-252.0,571588,156.34245076586433,0.0,-2357970,-644.9589715536105,-308.0,-1947694,-532.7390590809628,-302.0,410276,112.2199124726477,0.0,-2357970,-644.9589715536105,-308.0,-1786382,-488.6165207877462,-302.0,571588,156.34245076586433,0.0
shadow-burnin-v3-r50-tsv2-logging-only-target60-stop60-exit-replay-maxwait66000-r1,M0_ALL / 6000 / -6000 / 120000,M0_ALL,6000,-6000,120000,G5_DELAYED_DECISION_8000,45000,3656,4831,4746,1.0,3656,3534,0.7528373266078184,0.7310138332793155,410276,112.2199124726477,0.0,-1992370,-1582094,-2357970,-1947694,-1420782,-1786382,-161312,-161312,0.38064656965967697,90,483007,72,324207,1122,184.2,True,4,False,False,False,97,577819,483007,94812,0.1640859854037337,408721,324207,0.7932232500899147,1235,1122,0.908502024291498,5,1,0.2,10,3,0.3,-1626770,-444.9589715536105,-108.0,-1216494,-332.7390590809628,-102.0,410276,112.2199124726477,0.0,-1626770,-444.9589715536105,-108.0,-1055182,-288.6165207877462,-102.0,571588,156.34245076586433,0.0,-1809570,-494.9589715536105,-158.0,-1399294,-382.7390590809628,-152.0,410276,112.2199124726477,0.0,-1809570,-494.9589715536105,-158.0,-1237982,-338.6165207877462,-152.0,571588,156.34245076586433,0.0,-1992370,-544.9589715536105,-208.0,-1582094,-432.7390590809628,-202.0,410276,112.2199124726477,0.0,-1992370,-544.9589715536105,-208.0,-1420782,-388.6165207877462,-202.0,571588,156.34245076586433,0.0,-2175170,-594.9589715536105,-258.0,-1764894,-482.7390590809628,-252.0,410276,112.2199124726477,0.0,-2175170,-594.9589715536105,-258.0,-1603582,-438.6165207877462,-252.0,571588,156.34245076586433,0.0,-2357970,-644.9589715536105,-308.0,-1947694,-532.7390590809628,-302.0,410276,112.2199124726477,0.0,-2357970,-644.9589715536105,-308.0,-1786382,-488.6165207877462,-302.0,571588,156.34245076586433,0.0
shadow-burnin-v3-r50-tsv2-logging-only-target60-stop60-exit-replay-maxwait66000-r1,M4_CONFIRM_2_WINDOWS / 10000 / -6000 / 120000,M4_CONFIRM_2_WINDOWS,10000,-6000,120000,G0_NONE,10000,3656,4831,4746,1.0,3656,3546,0.7645296584781306,0.7435808538283399,439644,120.2527352297593,0.0,-1927155,-1487511,-2292755,-1853111,-1487511,-1853111,0,0,0.3295397323051803,49,480347,83,409709,1193,202.3,True,3,False,False,False,49,480347,480347,0,0.0,409709,409709,1.0,1193,1193,1.0,3,0,0.0,5,0,0.0,-1561555,-427.12117067833697,-108.0,-1121911,-306.86843544857766,-102.0,439644,120.2527352297593,0.0,-1561555,-427.12117067833697,-108.0,-1121911,-306.86843544857766,-102.0,439644,120.2527352297593,0.0,-1744355,-477.12117067833697,-158.0,-1304711,-356.86843544857766,-152.0,439644,120.2527352297593,0.0,-1744355,-477.12117067833697,-158.0,-1304711,-356.86843544857766,-152.0,439644,120.2527352297593,0.0,-1927155,-527.121170678337,-208.0,-1487511,-406.86843544857766,-202.0,439644,120.2527352297593,0.0,-1927155,-527.121170678337,-208.0,-1487511,-406.86843544857766,-202.0,439644,120.2527352297593,0.0,-2109955,-577.121170678337,-258.0,-1670311,-456.86843544857766,-252.0,439644,120.2527352297593,0.0,-2109955,-577.121170678337,-258.0,-1670311,-456.86843544857766,-252.0,439644,120.2527352297593,0.0,-2292755,-627.121170678337,-308.0,-1853111,-506.86843544857766,-302.0,439644,120.2527352297593,0.0,-2292755,-627.121170678337,-308.0,-1853111,-506.86843544857766,-302.0,439644,120.2527352297593,0.0
shadow-burnin-v3-r50-tsv2-logging-only-target60-stop60-exit-replay-maxwait66000-r1,M4_CONFIRM_2_WINDOWS / 10000 / -6000 / 120000,M4_CONFIRM_2_WINDOWS,10000,-6000,120000,G0_NONE,20000,3656,4831,4746,1.0,3656,3546,0.7645296584781306,0.7435808538283399,439644,120.2527352297593,0.0,-1927155,-1487511,-2292755,-1853111,-1487511,-1853111,0,0,0.3295397323051803,49,480347,83,409709,1193,202.3,True,3,False,False,False,49,480347,480347,0,0.0,409709,409709,1.0,1193,1193,1.0,3,0,0.0,5,0,0.0,-1561555,-427.12117067833697,-108.0,-1121911,-306.86843544857766,-102.0,439644,120.2527352297593,0.0,-1561555,-427.12117067833697,-108.0,-1121911,-306.86843544857766,-102.0,439644,120.2527352297593,0.0,-1744355,-477.12117067833697,-158.0,-1304711,-356.86843544857766,-152.0,439644,120.2527352297593,0.0,-1744355,-477.12117067833697,-158.0,-1304711,-356.86843544857766,-152.0,439644,120.2527352297593,0.0,-1927155,-527.121170678337,-208.0,-1487511,-406.86843544857766,-202.0,439644,120.2527352297593,0.0,-1927155,-527.121170678337,-208.0,-1487511,-406.86843544857766,-202.0,439644,120.2527352297593,0.0,-2109955,-577.121170678337,-258.0,-1670311,-456.86843544857766,-252.0,439644,120.2527352297593,0.0,-2109955,-577.121170678337,-258.0,-1670311,-456.86843544857766,-252.0,439644,120.2527352297593,0.0,-2292755,-627.121170678337,-308.0,-1853111,-506.86843544857766,-302.0,439644,120.2527352297593,0.0,-2292755,-627.121170678337,-308.0,-1853111,-506.86843544857766,-302.0,439644,120.2527352297593,0.0
shadow-burnin-v3-r50-tsv2-logging-only-target60-stop60-exit-replay-maxwait66000-r1,M4_CONFIRM_2_WINDOWS / 10000 / -6000 / 120000,M4_CONFIRM_2_WINDOWS,10000,-6000,120000,G0_NONE,30000,3656,4831,4746,1.0,3656,3546,0.7645296584781306,0.7435808538283399,439644,120.2527352297593,0.0,-1927155,-1487511,-2292755,-1853111,-1487511,-1853111,0,0,0.3295397323051803,49,480347,83,409709,1193,202.3,True,3,False,False,False,49,480347,480347,0,0.0,409709,409709,1.0,1193,1193,1.0,3,0,0.0,5,0,0.0,-1561555,-427.12117067833697,-108.0,-1121911,-306.86843544857766,-102.0,439644,120.2527352297593,0.0,-1561555,-427.12117067833697,-108.0,-1121911,-306.86843544857766,-102.0,439644,120.2527352297593,0.0,-1744355,-477.12117067833697,-158.0,-1304711,-356.86843544857766,-152.0,439644,120.2527352297593,0.0,-1744355,-477.12117067833697,-158.0,-1304711,-356.86843544857766,-152.0,439644,120.2527352297593,0.0,-1927155,-527.121170678337,-208.0,-1487511,-406.86843544857766,-202.0,439644,120.2527352297593,0.0,-1927155,-527.121170678337,-208.0,-1487511,-406.86843544857766,-202.0,439644,120.2527352297593,0.0,-2109955,-577.121170678337,-258.0,-1670311,-456.86843544857766,-252.0,439644,120.2527352297593,0.0,-2109955,-577.121170678337,-258.0,-1670311,-456.86843544857766,-252.0,439644,120.2527352297593,0.0,-2292755,-627.121170678337,-308.0,-1853111,-506.86843544857766,-302.0,439644,120.2527352297593,0.0,-2292755,-627.121170678337,-308.0,-1853111,-506.86843544857766,-302.0,439644,120.2527352297593,0.0
shadow-burnin-v3-r50-tsv2-logging-only-target60-stop60-exit-replay-maxwait66000-r1,M4_CONFIRM_2_WINDOWS / 10000 / -6000 / 120000,M4_CONFIRM_2_WINDOWS,10000,-6000,120000,G0_NONE,45000,3656,4831,4746,1.0,3656,3546,0.7645296584781306,0.7435808538283399,439644,120.2527352297593,0.0,-1927155,-1487511,-2292755,-1853111,-1487511,-1853111,0,0,0.3295397323051803,49,480347,83,409709,1193,202.3,True,3,False,False,False,49,480347,480347,0,0.0,409709,409709,1.0,1193,1193,1.0,3,0,0.0,5,0,0.0,-1561555,-427.12117067833697,-108.0,-1121911,-306.86843544857766,-102.0,439644,120.2527352297593,0.0,-1561555,-427.12117067833697,-108.0,-1121911,-306.86843544857766,-102.0,439644,120.2527352297593,0.0,-1744355,-477.12117067833697,-158.0,-1304711,-356.86843544857766,-152.0,439644,120.2527352297593,0.0,-1744355,-477.12117067833697,-158.0,-1304711,-356.86843544857766,-152.0,439644,120.2527352297593,0.0,-1927155,-527.121170678337,-208.0,-1487511,-406.86843544857766,-202.0,439644,120.2527352297593,0.0,-1927155,-527.121170678337,-208.0,-1487511,-406.86843544857766,-202.0,439644,120.2527352297593,0.0,-2109955,-577.121170678337,-258.0,-1670311,-456.86843544857766,-252.0,439644,120.2527352297593,0.0,-2109955,-577.121170678337,-258.0,-1670311,-456.86843544857766,-252.0,439644,120.2527352297593,0.0,-2292755,-627.121170678337,-308.0,-1853111,-506.86843544857766,-302.0,439644,120.2527352297593,0.0,-2292755,-627.121170678337,-308.0,-1853111,-506.86843544857766,-302.0,439644,120.2527352297593,0.0
shadow-burnin-v3-r50-tsv2-logging-only-target60-stop60-exit-replay-maxwait66000-r1,M4_CONFIRM_2_WINDOWS / 10000 / -6000 / 120000,M4_CONFIRM_2_WINDOWS,10000,-6000,120000,G1_STEADY_EARLY_STRENGTH,10000,3656,4831,4746,1.0,3656,3396,0.7775590551181102,0.7559958190052793,376576,103.00218818380743,0.0,-1927155,-1550579,-2292755,-1916179,-1487511,-1853111,-63068,-63068,0.30726699479717906,34,358835,63,276190,1122,175.2,True,3,False,False,False,49,480347,358835,121512,0.25296712584860526,409709,276190,0.6741126018710841,1193,1122,0.9404861693210393,3,0,0.0,5,0,0.0,-1561555,-427.12117067833697,-108.0,-1184979,-324.1189824945295,-102.0,376576,103.00218818380743,0.0,-1561555,-427.12117067833697,-108.0,-1121911,-306.86843544857766,-102.0,439644,120.2527352297593,0.0,-1744355,-477.12117067833697,-158.0,-1367779,-374.1189824945295,-152.0,376576,103.00218818380743,0.0,-1744355,-477.12117067833697,-158.0,-1304711,-356.86843544857766,-152.0,439644,120.2527352297593,0.0,-1927155,-527.121170678337,-208.0,-1550579,-424.1189824945295,-202.0,376576,103.00218818380743,0.0,-1927155,-527.121170678337,-208.0,-1487511,-406.86843544857766,-202.0,439644,120.2527352297593,0.0,-2109955,-577.121170678337,-258.0,-1733379,-474.1189824945295,-252.0,376576,103.00218818380743,0.0,-2109955,-577.121170678337,-258.0,-1670311,-456.86843544857766,-252.0,439644,120.2527352297593,0.0,-2292755,-627.121170678337,-308.0,-1916179,-524.1189824945295,-302.0,376576,103.00218818380743,0.0,-2292755,-627.121170678337,-308.0,-1853111,-506.86843544857766,-302.0,439644,120.2527352297593,0.0
shadow-burnin-v3-r50-tsv2-logging-only-target60-stop60-exit-replay-maxwait66000-r1,M4_CONFIRM_2_WINDOWS / 10000 / -6000 / 120000,M4_CONFIRM_2_WINDOWS,10000,-6000,120000,G1_STEADY_EARLY_STRENGTH,20000,3656,4831,4746,1.0,3656,3378,0.7763769077637691,0.7546520954796745,322851,88.30716630196936,0.0,-1927155,-1604304,-2292755,-1969904,-1487511,-1853111,-116793,-116793,0.31713311605195577,33,350584,60,251423,1110,171.0,True,3,False,False,False,49,480347,350584,129763,0.2701442915225868,409709,251423,0.6136623798842593,1193,1110,0.9304274937133278,3,0,0.0,5,0,0.0,-1561555,-427.12117067833697,-108.0,-1238704,-338.8140043763676,-102.0,322851,88.30716630196936,0.0,-1561555,-427.12117067833697,-108.0,-1121911,-306.86843544857766,-102.0,439644,120.2527352297593,0.0,-1744355,-477.12117067833697,-158.0,-1421504,-388.8140043763676,-152.0,322851,88.30716630196936,0.0,-1744355,-477.12117067833697,-158.0,-1304711,-356.86843544857766,-152.0,439644,120.2527352297593,0.0,-1927155,-527.121170678337,-208.0,-1604304,-438.8140043763676,-202.0,322851,88.30716630196936,0.0,-1927155,-527.121170678337,-208.0,-1487511,-406.86843544857766,-202.0,439644,120.2527352297593,0.0,-2109955,-577.121170678337,-258.0,-1787104,-488.8140043763676,-252.0,322851,88.30716630196936,0.0,-2109955,-577.121170678337,-258.0,-1670311,-456.86843544857766,-252.0,439644,120.2527352297593,0.0,-2292755,-627.121170678337,-308.0,-1969904,-538.8140043763676,-302.0,322851,88.30716630196936,0.0,-2292755,-627.121170678337,-308.0,-1853111,-506.86843544857766,-302.0,439644,120.2527352297593,0.0
shadow-burnin-v3-r50-tsv2-logging-only-target60-stop60-exit-replay-maxwait66000-r1,M4_CONFIRM_2_WINDOWS / 10000 / -6000 / 120000,M4_CONFIRM_2_WINDOWS,10000,-6000,120000,G1_STEADY_EARLY_STRENGTH,30000,3656,4831,4746,1.0,3656,3389,0.7765326301911668,0.7548865267413425,336420,92.01859956236324,0.0,-1927155,-1590735,-2292755,-1956335,-1487511,-1853111,-103224,-103224,0.32036690454768346,34,359987,64,268432,1114,175.4,True,3,False,False,False,49,480347,359987,120360,0.25056885959525094,409709,268432,0.6551772111425427,1193,1114,0.9337803855825649,3,0,0.0,5,0,0.0,-1561555,-427.12117067833697,-108.0,-1225135,-335.1025711159737,-102.0,336420,92.01859956236324,0.0,-1561555,-427.12117067833697,-108.0,-1121911,-306.86843544857766,-102.0,439644,120.2527352297593,0.0,-1744355,-477.12117067833697,-158.0,-1407935,-385.1025711159737,-152.0,336420,92.01859956236324,0.0,-1744355,-477.12117067833697,-158.0,-1304711,-356.86843544857766,-152.0,439644,120.2527352297593,0.0,-1927155,-527.121170678337,-208.0,-1590735,-435.1025711159737,-202.0,336420,92.01859956236324,0.0,-1927155,-527.121170678337,-208.0,-1487511,-406.86843544857766,-202.0,439644,120.2527352297593,0.0,-2109955,-577.121170678337,-258.0,-1773535,-485.1025711159737,-252.0,336420,92.01859956236324,0.0,-2109955,-577.121170678337,-258.0,-1670311,-456.86843544857766,-252.0,439644,120.2527352297593,0.0,-2292755,-627.121170678337,-308.0,-1956335,-535.1025711159738,-302.0,336420,92.01859956236324,0.0,-2292755,-627.121170678337,-308.0,-1853111,-506.86843544857766,-302.0,439644,120.2527352297593,0.0
shadow-burnin-v3-r50-tsv2-logging-only-target60-stop60-exit-replay-maxwait66000-r1,M4_CONFIRM_2_WINDOWS / 10000 / -6000 / 120000,M4_CONFIRM_2_WINDOWS,10000,-6000,120000,G1_STEADY_EARLY_STRENGTH,45000,3656,4831,4746,1.0,3656,3396,0.7772667542706965,0.7556799031134811,351870,96.2445295404814,0.0,-1927155,-1575285,-2292755,-1940885,-1487511,-1853111,-87774,-87774,0.3097488763801727,33,350584,65,273481,1118,176.8,True,3,False,False,False,49,480347,350584,129763,0.2701442915225868,409709,273481,0.6675005918835075,1193,1118,0.9371332774518022,3,0,0.0,5,0,0.0,-1561555,-427.12117067833697,-108.0,-1209685,-330.8766411378556,-102.0,351870,96.2445295404814,0.0,-1561555,-427.12117067833697,-108.0,-1121911,-306.86843544857766,-102.0,439644,120.2527352297593,0.0,-1744355,-477.12117067833697,-158.0,-1392485,-380.8766411378556,-152.0,351870,96.2445295404814,0.0,-1744355,-477.12117067833697,-158.0,-1304711,-356.86843544857766,-152.0,439644,120.2527352297593,0.0,-1927155,-527.121170678337,-208.0,-1575285,-430.8766411378556,-202.0,351870,96.2445295404814,0.0,-1927155,-527.121170678337,-208.0,-1487511,-406.86843544857766,-202.0,439644,120.2527352297593,0.0,-2109955,-577.121170678337,-258.0,-1758085,-480.8766411378556,-252.0,351870,96.2445295404814,0.0,-2109955,-577.121170678337,-258.0,-1670311,-456.86843544857766,-252.0,439644,120.2527352297593,0.0,-2292755,-627.121170678337,-308.0,-1940885,-530.8766411378556,-302.0,351870,96.2445295404814,0.0,-2292755,-627.121170678337,-308.0,-1853111,-506.86843544857766,-302.0,439644,120.2527352297593,0.0
shadow-burnin-v3-r50-tsv2-logging-only-target60-stop60-exit-replay-maxwait66000-r1,M4_CONFIRM_2_WINDOWS / 10000 / -6000 / 120000,M4_CONFIRM_2_WINDOWS,10000,-6000,120000,G2_RECOVERY_AFTER_EARLY_DRAWDOWN,10000,3656,4831,4746,1.0,3656,3524,0.7662416514875531,0.7451971309570697,460297,125.90180525164114,0.0,-1927155,-1466858,-2292755,-1832458,-1487511,-1853111,20653,20653,0.3073866116090912,45,439494,81,398742,1181,199.10000000000002,True,3,False,False,False,49,480347,439494,40853,0.08504893337524748,409709,398742,0.9732322209177734,1193,1181,0.9899413243922883,3,0,0.0,5,1,0.2,-1561555,-427.12117067833697,-108.0,-1101258,-301.21936542669584,-102.0,460297,125.90180525164114,0.0,-1561555,-427.12117067833697,-108.0,-1121911,-306.86843544857766,-102.0,439644,120.2527352297593,0.0,-1744355,-477.12117067833697,-158.0,-1284058,-351.21936542669584,-152.0,460297,125.90180525164114,0.0,-1744355,-477.12117067833697,-158.0,-1304711,-356.86843544857766,-152.0,439644,120.2527352297593,0.0,-1927155,-527.121170678337,-208.0,-1466858,-401.21936542669584,-202.0,460297,125.90180525164114,0.0,-1927155,-527.121170678337,-208.0,-1487511,-406.86843544857766,-202.0,439644,120.2527352297593,0.0,-2109955,-577.121170678337,-258.0,-1649658,-451.21936542669584,-252.0,460297,125.90180525164114,0.0,-2109955,-577.121170678337,-258.0,-1670311,-456.86843544857766,-252.0,439644,120.2527352297593,0.0,-2292755,-627.121170678337,-308.0,-1832458,-501.21936542669584,-302.0,460297,125.90180525164114,0.0,-2292755,-627.121170678337,-308.0,-1853111,-506.86843544857766,-302.0,439644,120.2527352297593,0.0
shadow-burnin-v3-r50-tsv2-logging-only-target60-stop60-exit-replay-maxwait66000-r1,M4_CONFIRM_2_WINDOWS / 10000 / -6000 / 120000,M4_CONFIRM_2_WINDOWS,10000,-6000,120000,G2_RECOVERY_AFTER_EARLY_DRAWDOWN,20000,3656,4831,4746,1.0,3656,3493,0.7741336633663366,0.7531100012036723,478572,130.9004376367615,0.0,-1927155,-1448583,-2292755,-1814183,-1487511,-1853111,38928,38928,0.2881101881092459,40,397499,78,374970,1173,195.3,True,3,False,False,False,49,480347,397499,82848,0.17247531472040004,409709,374970,0.9152105518795047,1193,1173,0.9832355406538139,3,0,0.0,5,0,0.0,-1561555,-427.12117067833697,-108.0,-1082983,-296.2207330415755,-102.0,478572,130.9004376367615,0.0,-1561555,-427.12117067833697,-108.0,-1121911,-306.86843544857766,-102.0,439644,120.2527352297593,0.0,-1744355,-477.12117067833697,-158.0,-1265783,-346.2207330415755,-152.0,478572,130.9004376367615,0.0,-1744355,-477.12117067833697,-158.0,-1304711,-356.86843544857766,-152.0,439644,120.2527352297593,0.0,-1927155,-527.121170678337,-208.0,-1448583,-396.2207330415755,-202.0,478572,130.9004376367615,0.0,-1927155,-527.121170678337,-208.0,-1487511,-406.86843544857766,-202.0,439644,120.2527352297593,0.0,-2109955,-577.121170678337,-258.0,-1631383,-446.2207330415755,-252.0,478572,130.9004376367615,0.0,-2109955,-577.121170678337,-258.0,-1670311,-456.86843544857766,-252.0,439644,120.2527352297593,0.0,-2292755,-627.121170678337,-308.0,-1814183,-496.2207330415755,-302.0,478572,130.9004376367615,0.0,-2292755,-627.121170678337,-308.0,-1853111,-506.86843544857766,-302.0,439644,120.2527352297593,0.0
shadow-burnin-v3-r50-tsv2-logging-only-target60-stop60-exit-replay-maxwait66000-r1,M4_CONFIRM_2_WINDOWS / 10000 / -6000 / 120000,M4_CONFIRM_2_WINDOWS,10000,-6000,120000,G2_RECOVERY_AFTER_EARLY_DRAWDOWN,30000,3656,4831,4746,1.0,3656,3490,0.7737135771853689,0.7526574244748744,467216,127.79431072210066,0.0,-1927155,-1459939,-2292755,-1825539,-1487511,-1853111,27572,27572,0.29633931309971495,41,407722,79,380798,1169,195.9,True,3,False,False,False,49,480347,407722,72625,0.15119278355022514,409709,380798,0.9294352821148669,1193,1169,0.9798826487845766,3,0,0.0,5,0,0.0,-1561555,-427.12117067833697,-108.0,-1094339,-299.3268599562363,-102.0,467216,127.79431072210066,0.0,-1561555,-427.12117067833697,-108.0,-1121911,-306.86843544857766,-102.0,439644,120.2527352297593,0.0,-1744355,-477.12117067833697,-158.0,-1277139,-349.3268599562363,-152.0,467216,127.79431072210066,0.0,-1744355,-477.12117067833697,-158.0,-1304711,-356.86843544857766,-152.0,439644,120.2527352297593,0.0,-1927155,-527.121170678337,-208.0,-1459939,-399.3268599562363,-202.0,467216,127.79431072210066,0.0,-1927155,-527.121170678337,-208.0,-1487511,-406.86843544857766,-202.0,439644,120.2527352297593,0.0,-2109955,-577.121170678337,-258.0,-1642739,-449.3268599562363,-252.0,467216,127.79431072210066,0.0,-2109955,-577.121170678337,-258.0,-1670311,-456.86843544857766,-252.0,439644,120.2527352297593,0.0,-2292755,-627.121170678337,-308.0,-1825539,-499.3268599562363,-302.0,467216,127.79431072210066,0.0,-2292755,-627.121170678337,-308.0,-1853111,-506.86843544857766,-302.0,439644,120.2527352297593,0.0
shadow-burnin-v3-r50-tsv2-logging-only-target60-stop60-exit-replay-maxwait66000-r1,M4_CONFIRM_2_WINDOWS / 10000 / -6000 / 120000,M4_CONFIRM_2_WINDOWS,10000,-6000,120000,G2_RECOVERY_AFTER_EARLY_DRAWDOWN,45000,3656,4831,4746,1.0,3656,3487,0.7732919254658385,0.7522031872544356,442601,121.06154266958424,0.0,-1927155,-1484554,-2292755,-1850154,-1487511,-1853111,2957,2957,0.31288960092148455,43,428104,78,374383,1167,194.7,True,3,False,False,False,49,480347,428104,52243,0.1087609582239506,409709,374383,0.9137778276776932,1193,1167,0.9782062028499581,3,0,0.0,5,0,0.0,-1561555,-427.12117067833697,-108.0,-1118954,-306.0596280087527,-102.0,442601,121.06154266958424,0.0,-1561555,-427.12117067833697,-108.0,-1121911,-306.86843544857766,-102.0,439644,120.2527352297593,0.0,-1744355,-477.12117067833697,-158.0,-1301754,-356.0596280087527,-152.0,442601,121.06154266958424,0.0,-1744355,-477.12117067833697,-158.0,-1304711,-356.86843544857766,-152.0,439644,120.2527352297593,0.0,-1927155,-527.121170678337,-208.0,-1484554,-406.0596280087527,-202.0,442601,121.06154266958424,0.0,-1927155,-527.121170678337,-208.0,-1487511,-406.86843544857766,-202.0,439644,120.2527352297593,0.0,-2109955,-577.121170678337,-258.0,-1667354,-456.0596280087527,-252.0,442601,121.06154266958424,0.0,-2109955,-577.121170678337,-258.0,-1670311,-456.86843544857766,-252.0,439644,120.2527352297593,0.0,-2292755,-627.121170678337,-308.0,-1850154,-506.0596280087527,-302.0,442601,121.06154266958424,0.0,-2292755,-627.121170678337,-308.0,-1853111,-506.86843544857766,-302.0,439644,120.2527352297593,0.0
shadow-burnin-v3-r50-tsv2-logging-only-target60-stop60-exit-replay-maxwait66000-r1,M4_CONFIRM_2_WINDOWS / 10000 / -6000 / 120000,M4_CONFIRM_2_WINDOWS,10000,-6000,120000,G3_LOW_VOL_CONTINUATION,10000,3656,4831,4746,1.0,3656,3495,0.7689463955637708,0.7478191352804093,440498,120.48632385120351,0.0,-1927155,-1486657,-2292755,-1852257,-1487511,-1853111,854,854,0.32499271054321177,46,452527,80,390072,1168,196.8,True,3,False,False,False,49,480347,452527,27820,0.057916464555831514,409709,390072,0.9520708600494497,1193,1168,0.9790444258172674,3,0,0.0,5,0,0.0,-1561555,-427.12117067833697,-108.0,-1121057,-306.63484682713346,-102.0,440498,120.48632385120351,0.0,-1561555,-427.12117067833697,-108.0,-1121911,-306.86843544857766,-102.0,439644,120.2527352297593,0.0,-1744355,-477.12117067833697,-158.0,-1303857,-356.63484682713346,-152.0,440498,120.48632385120351,0.0,-1744355,-477.12117067833697,-158.0,-1304711,-356.86843544857766,-152.0,439644,120.2527352297593,0.0,-1927155,-527.121170678337,-208.0,-1486657,-406.63484682713346,-202.0,440498,120.48632385120351,0.0,-1927155,-527.121170678337,-208.0,-1487511,-406.86843544857766,-202.0,439644,120.2527352297593,0.0,-2109955,-577.121170678337,-258.0,-1669457,-456.63484682713346,-252.0,440498,120.48632385120351,0.0,-2109955,-577.121170678337,-258.0,-1670311,-456.86843544857766,-252.0,439644,120.2527352297593,0.0,-2292755,-627.121170678337,-308.0,-1852257,-506.63484682713346,-302.0,440498,120.48632385120351,0.0,-2292755,-627.121170678337,-308.0,-1853111,-506.86843544857766,-302.0,439644,120.2527352297593,0.0
shadow-burnin-v3-r50-tsv2-logging-only-target60-stop60-exit-replay-maxwait66000-r1,M4_CONFIRM_2_WINDOWS / 10000 / -6000 / 120000,M4_CONFIRM_2_WINDOWS,10000,-6000,120000,G3_LOW_VOL_CONTINUATION,20000,3656,4831,4746,1.0,3656,3514,0.7659963436928702,0.7449054508093907,412873,112.93025164113786,0.0,-1927155,-1514282,-2292755,-1879882,-1487511,-1853111,-26771,-26771,0.3334705718950543,48,470583,83,409709,1174,200.4,True,3,False,False,False,49,480347,470583,9764,0.020326971959854022,409709,409709,1.0,1193,1174,0.9840737636211232,3,0,0.0,5,0,0.0,-1561555,-427.12117067833697,-108.0,-1148682,-314.19091903719914,-102.0,412873,112.93025164113786,0.0,-1561555,-427.12117067833697,-108.0,-1121911,-306.86843544857766,-102.0,439644,120.2527352297593,0.0,-1744355,-477.12117067833697,-158.0,-1331482,-364.19091903719914,-152.0,412873,112.93025164113786,0.0,-1744355,-477.12117067833697,-158.0,-1304711,-356.86843544857766,-152.0,439644,120.2527352297593,0.0,-1927155,-527.121170678337,-208.0,-1514282,-414.19091903719914,-202.0,412873,112.93025164113786,0.0,-1927155,-527.121170678337,-208.0,-1487511,-406.86843544857766,-202.0,439644,120.2527352297593,0.0,-2109955,-577.121170678337,-258.0,-1697082,-464.19091903719914,-252.0,412873,112.93025164113786,0.0,-2109955,-577.121170678337,-258.0,-1670311,-456.86843544857766,-252.0,439644,120.2527352297593,0.0,-2292755,-627.121170678337,-308.0,-1879882,-514.1909190371991,-302.0,412873,112.93025164113786,0.0,-2292755,-627.121170678337,-308.0,-1853111,-506.86843544857766,-302.0,439644,120.2527352297593,0.0
shadow-burnin-v3-r50-tsv2-logging-only-target60-stop60-exit-replay-maxwait66000-r1,M4_CONFIRM_2_WINDOWS / 10000 / -6000 / 120000,M4_CONFIRM_2_WINDOWS,10000,-6000,120000,G3_LOW_VOL_CONTINUATION,30000,3656,4831,4746,1.0,3656,3515,0.7655298416565165,0.7444325372764957,410320,112.23194748358863,0.0,-1927155,-1516835,-2292755,-1882435,-1487511,-1853111,-29324,-29324,0.3334705718950543,48,470583,83,409709,1174,200.4,True,3,False,False,False,49,480347,470583,9764,0.020326971959854022,409709,409709,1.0,1193,1174,0.9840737636211232,3,0,0.0,5,0,0.0,-1561555,-427.12117067833697,-108.0,-1151235,-314.88922319474835,-102.0,410320,112.23194748358863,0.0,-1561555,-427.12117067833697,-108.0,-1121911,-306.86843544857766,-102.0,439644,120.2527352297593,0.0,-1744355,-477.12117067833697,-158.0,-1334035,-364.88922319474835,-152.0,410320,112.23194748358863,0.0,-1744355,-477.12117067833697,-158.0,-1304711,-356.86843544857766,-152.0,439644,120.2527352297593,0.0,-1927155,-527.121170678337,-208.0,-1516835,-414.88922319474835,-202.0,410320,112.23194748358863,0.0,-1927155,-527.121170678337,-208.0,-1487511,-406.86843544857766,-202.0,439644,120.2527352297593,0.0,-2109955,-577.121170678337,-258.0,-1699635,-464.88922319474835,-252.0,410320,112.23194748358863,0.0,-2109955,-577.121170678337,-258.0,-1670311,-456.86843544857766,-252.0,439644,120.2527352297593,0.0,-2292755,-627.121170678337,-308.0,-1882435,-514.8892231947484,-302.0,410320,112.23194748358863,0.0,-2292755,-627.121170678337,-308.0,-1853111,-506.86843544857766,-302.0,439644,120.2527352297593,0.0
shadow-burnin-v3-r50-tsv2-logging-only-target60-stop60-exit-replay-maxwait66000-r1,M4_CONFIRM_2_WINDOWS / 10000 / -6000 / 120000,M4_CONFIRM_2_WINDOWS,10000,-6000,120000,G3_LOW_VOL_CONTINUATION,45000,3656,4831,4746,1.0,3656,3515,0.7655298416565165,0.7444325372764957,410320,112.23194748358863,0.0,-1927155,-1516835,-2292755,-1882435,-1487511,-1853111,-29324,-29324,0.3334705718950543,48,470583,83,409709,1174,200.4,True,3,False,False,False,49,480347,470583,9764,0.020326971959854022,409709,409709,1.0,1193,1174,0.9840737636211232,3,0,0.0,5,0,0.0,-1561555,-427.12117067833697,-108.0,-1151235,-314.88922319474835,-102.0,410320,112.23194748358863,0.0,-1561555,-427.12117067833697,-108.0,-1121911,-306.86843544857766,-102.0,439644,120.2527352297593,0.0,-1744355,-477.12117067833697,-158.0,-1334035,-364.88922319474835,-152.0,410320,112.23194748358863,0.0,-1744355,-477.12117067833697,-158.0,-1304711,-356.86843544857766,-152.0,439644,120.2527352297593,0.0,-1927155,-527.121170678337,-208.0,-1516835,-414.88922319474835,-202.0,410320,112.23194748358863,0.0,-1927155,-527.121170678337,-208.0,-1487511,-406.86843544857766,-202.0,439644,120.2527352297593,0.0,-2109955,-577.121170678337,-258.0,-1699635,-464.88922319474835,-252.0,410320,112.23194748358863,0.0,-2109955,-577.121170678337,-258.0,-1670311,-456.86843544857766,-252.0,439644,120.2527352297593,0.0,-2292755,-627.121170678337,-308.0,-1882435,-514.8892231947484,-302.0,410320,112.23194748358863,0.0,-2292755,-627.121170678337,-308.0,-1853111,-506.86843544857766,-302.0,439644,120.2527352297593,0.0
shadow-burnin-v3-r50-tsv2-logging-only-target60-stop60-exit-replay-maxwait66000-r1,M4_CONFIRM_2_WINDOWS / 10000 / -6000 / 120000,M4_CONFIRM_2_WINDOWS,10000,-6000,120000,G4_DELAYED_DECISION_4000,10000,3656,4831,4746,1.0,3656,3538,0.759748427672956,0.7381384504063199,382535,104.63211159737418,0.0,-1927155,-1544620,-2292755,-1910220,-1487511,-1853111,-57109,-57109,0.3321620632915329,48,448547,77,371731,1131,190.10000000000002,True,3,False,False,False,49,480347,448547,31800,0.06620214136863559,409709,371731,0.907304940823853,1193,1131,0.9480301760268232,3,0,0.0,5,0,0.0,-1561555,-427.12117067833697,-108.0,-1179020,-322.4890590809628,-102.0,382535,104.63211159737418,0.0,-1561555,-427.12117067833697,-108.0,-1121911,-306.86843544857766,-102.0,439644,120.2527352297593,0.0,-1744355,-477.12117067833697,-158.0,-1361820,-372.4890590809628,-152.0,382535,104.63211159737418,0.0,-1744355,-477.12117067833697,-158.0,-1304711,-356.86843544857766,-152.0,439644,120.2527352297593,0.0,-1927155,-527.121170678337,-208.0,-1544620,-422.4890590809628,-202.0,382535,104.63211159737418,0.0,-1927155,-527.121170678337,-208.0,-1487511,-406.86843544857766,-202.0,439644,120.2527352297593,0.0,-2109955,-577.121170678337,-258.0,-1727420,-472.4890590809628,-252.0,382535,104.63211159737418,0.0,-2109955,-577.121170678337,-258.0,-1670311,-456.86843544857766,-252.0,439644,120.2527352297593,0.0,-2292755,-627.121170678337,-308.0,-1910220,-522.4890590809628,-302.0,382535,104.63211159737418,0.0,-2292755,-627.121170678337,-308.0,-1853111,-506.86843544857766,-302.0,439644,120.2527352297593,0.0
shadow-burnin-v3-r50-tsv2-logging-only-target60-stop60-exit-replay-maxwait66000-r1,M4_CONFIRM_2_WINDOWS / 10000 / -6000 / 120000,M4_CONFIRM_2_WINDOWS,10000,-6000,120000,G4_DELAYED_DECISION_4000,20000,3656,4831,4746,1.0,3656,3538,0.759748427672956,0.7381384504063199,382535,104.63211159737418,0.0,-1927155,-1544620,-2292755,-1910220,-1487511,-1853111,-57109,-57109,0.3321620632915329,48,448547,77,371731,1131,190.10000000000002,True,3,False,False,False,49,480347,448547,31800,0.06620214136863559,409709,371731,0.907304940823853,1193,1131,0.9480301760268232,3,0,0.0,5,0,0.0,-1561555,-427.12117067833697,-108.0,-1179020,-322.4890590809628,-102.0,382535,104.63211159737418,0.0,-1561555,-427.12117067833697,-108.0,-1121911,-306.86843544857766,-102.0,439644,120.2527352297593,0.0,-1744355,-477.12117067833697,-158.0,-1361820,-372.4890590809628,-152.0,382535,104.63211159737418,0.0,-1744355,-477.12117067833697,-158.0,-1304711,-356.86843544857766,-152.0,439644,120.2527352297593,0.0,-1927155,-527.121170678337,-208.0,-1544620,-422.4890590809628,-202.0,382535,104.63211159737418,0.0,-1927155,-527.121170678337,-208.0,-1487511,-406.86843544857766,-202.0,439644,120.2527352297593,0.0,-2109955,-577.121170678337,-258.0,-1727420,-472.4890590809628,-252.0,382535,104.63211159737418,0.0,-2109955,-577.121170678337,-258.0,-1670311,-456.86843544857766,-252.0,439644,120.2527352297593,0.0,-2292755,-627.121170678337,-308.0,-1910220,-522.4890590809628,-302.0,382535,104.63211159737418,0.0,-2292755,-627.121170678337,-308.0,-1853111,-506.86843544857766,-302.0,439644,120.2527352297593,0.0
shadow-burnin-v3-r50-tsv2-logging-only-target60-stop60-exit-replay-maxwait66000-r1,M4_CONFIRM_2_WINDOWS / 10000 / -6000 / 120000,M4_CONFIRM_2_WINDOWS,10000,-6000,120000,G4_DELAYED_DECISION_4000,30000,3656,4831,4746,1.0,3656,3538,0.759748427672956,0.7381384504063199,382535,104.63211159737418,0.0,-1927155,-1544620,-2292755,-1910220,-1487511,-1853111,-57109,-57109,0.3321620632915329,48,448547,77,371731,1131,190.10000000000002,True,3,False,False,False,49,480347,448547,31800,0.06620214136863559,409709,371731,0.907304940823853,1193,1131,0.9480301760268232,3,0,0.0,5,0,0.0,-1561555,-427.12117067833697,-108.0,-1179020,-322.4890590809628,-102.0,382535,104.63211159737418,0.0,-1561555,-427.12117067833697,-108.0,-1121911,-306.86843544857766,-102.0,439644,120.2527352297593,0.0,-1744355,-477.12117067833697,-158.0,-1361820,-372.4890590809628,-152.0,382535,104.63211159737418,0.0,-1744355,-477.12117067833697,-158.0,-1304711,-356.86843544857766,-152.0,439644,120.2527352297593,0.0,-1927155,-527.121170678337,-208.0,-1544620,-422.4890590809628,-202.0,382535,104.63211159737418,0.0,-1927155,-527.121170678337,-208.0,-1487511,-406.86843544857766,-202.0,439644,120.2527352297593,0.0,-2109955,-577.121170678337,-258.0,-1727420,-472.4890590809628,-252.0,382535,104.63211159737418,0.0,-2109955,-577.121170678337,-258.0,-1670311,-456.86843544857766,-252.0,439644,120.2527352297593,0.0,-2292755,-627.121170678337,-308.0,-1910220,-522.4890590809628,-302.0,382535,104.63211159737418,0.0,-2292755,-627.121170678337,-308.0,-1853111,-506.86843544857766,-302.0,439644,120.2527352297593,0.0
shadow-burnin-v3-r50-tsv2-logging-only-target60-stop60-exit-replay-maxwait66000-r1,M4_CONFIRM_2_WINDOWS / 10000 / -6000 / 120000,M4_CONFIRM_2_WINDOWS,10000,-6000,120000,G4_DELAYED_DECISION_4000,45000,3656,4831,4746,1.0,3656,3538,0.759748427672956,0.7381384504063199,382535,104.63211159737418,0.0,-1927155,-1544620,-2292755,-1910220,-1487511,-1853111,-57109,-57109,0.3321620632915329,48,448547,77,371731,1131,190.10000000000002,True,3,False,False,False,49,480347,448547,31800,0.06620214136863559,409709,371731,0.907304940823853,1193,1131,0.9480301760268232,3,0,0.0,5,0,0.0,-1561555,-427.12117067833697,-108.0,-1179020,-322.4890590809628,-102.0,382535,104.63211159737418,0.0,-1561555,-427.12117067833697,-108.0,-1121911,-306.86843544857766,-102.0,439644,120.2527352297593,0.0,-1744355,-477.12117067833697,-158.0,-1361820,-372.4890590809628,-152.0,382535,104.63211159737418,0.0,-1744355,-477.12117067833697,-158.0,-1304711,-356.86843544857766,-152.0,439644,120.2527352297593,0.0,-1927155,-527.121170678337,-208.0,-1544620,-422.4890590809628,-202.0,382535,104.63211159737418,0.0,-1927155,-527.121170678337,-208.0,-1487511,-406.86843544857766,-202.0,439644,120.2527352297593,0.0,-2109955,-577.121170678337,-258.0,-1727420,-472.4890590809628,-252.0,382535,104.63211159737418,0.0,-2109955,-577.121170678337,-258.0,-1670311,-456.86843544857766,-252.0,439644,120.2527352297593,0.0,-2292755,-627.121170678337,-308.0,-1910220,-522.4890590809628,-302.0,382535,104.63211159737418,0.0,-2292755,-627.121170678337,-308.0,-1853111,-506.86843544857766,-302.0,439644,120.2527352297593,0.0
shadow-burnin-v3-r50-tsv2-logging-only-target60-stop60-exit-replay-maxwait66000-r1,M4_CONFIRM_2_WINDOWS / 10000 / -6000 / 120000,M4_CONFIRM_2_WINDOWS,10000,-6000,120000,G5_DELAYED_DECISION_8000,10000,3656,4831,4746,1.0,3656,3525,0.7475214805023133,0.725023025730354,333349,91.17861050328227,0.0,-1927155,-1593806,-2292755,-1959406,-1487511,-1853111,-106295,-106295,0.327702721370355,43,415142,69,335802,1062,175.2,True,3,False,False,False,49,480347,415142,65205,0.13574561723087686,409709,335802,0.8196109921920192,1193,1062,0.8901927912824812,3,0,0.0,5,0,0.0,-1561555,-427.12117067833697,-108.0,-1228206,-335.9425601750547,-102.0,333349,91.17861050328227,0.0,-1561555,-427.12117067833697,-108.0,-1121911,-306.86843544857766,-102.0,439644,120.2527352297593,0.0,-1744355,-477.12117067833697,-158.0,-1411006,-385.9425601750547,-152.0,333349,91.17861050328227,0.0,-1744355,-477.12117067833697,-158.0,-1304711,-356.86843544857766,-152.0,439644,120.2527352297593,0.0,-1927155,-527.121170678337,-208.0,-1593806,-435.9425601750547,-202.0,333349,91.17861050328227,0.0,-1927155,-527.121170678337,-208.0,-1487511,-406.86843544857766,-202.0,439644,120.2527352297593,0.0,-2109955,-577.121170678337,-258.0,-1776606,-485.9425601750547,-252.0,333349,91.17861050328227,0.0,-2109955,-577.121170678337,-258.0,-1670311,-456.86843544857766,-252.0,439644,120.2527352297593,0.0,-2292755,-627.121170678337,-308.0,-1959406,-535.9425601750547,-302.0,333349,91.17861050328227,0.0,-2292755,-627.121170678337,-308.0,-1853111,-506.86843544857766,-302.0,439644,120.2527352297593,0.0
shadow-burnin-v3-r50-tsv2-logging-only-target60-stop60-exit-replay-maxwait66000-r1,M4_CONFIRM_2_WINDOWS / 10000 / -6000 / 120000,M4_CONFIRM_2_WINDOWS,10000,-6000,120000,G5_DELAYED_DECISION_8000,20000,3656,4831,4746,1.0,3656,3525,0.7475214805023133,0.725023025730354,333349,91.17861050328227,0.0,-1927155,-1593806,-2292755,-1959406,-1487511,-1853111,-106295,-106295,0.327702721370355,43,415142,69,335802,1062,175.2,True,3,False,False,False,49,480347,415142,65205,0.13574561723087686,409709,335802,0.8196109921920192,1193,1062,0.8901927912824812,3,0,0.0,5,0,0.0,-1561555,-427.12117067833697,-108.0,-1228206,-335.9425601750547,-102.0,333349,91.17861050328227,0.0,-1561555,-427.12117067833697,-108.0,-1121911,-306.86843544857766,-102.0,439644,120.2527352297593,0.0,-1744355,-477.12117067833697,-158.0,-1411006,-385.9425601750547,-152.0,333349,91.17861050328227,0.0,-1744355,-477.12117067833697,-158.0,-1304711,-356.86843544857766,-152.0,439644,120.2527352297593,0.0,-1927155,-527.121170678337,-208.0,-1593806,-435.9425601750547,-202.0,333349,91.17861050328227,0.0,-1927155,-527.121170678337,-208.0,-1487511,-406.86843544857766,-202.0,439644,120.2527352297593,0.0,-2109955,-577.121170678337,-258.0,-1776606,-485.9425601750547,-252.0,333349,91.17861050328227,0.0,-2109955,-577.121170678337,-258.0,-1670311,-456.86843544857766,-252.0,439644,120.2527352297593,0.0,-2292755,-627.121170678337,-308.0,-1959406,-535.9425601750547,-302.0,333349,91.17861050328227,0.0,-2292755,-627.121170678337,-308.0,-1853111,-506.86843544857766,-302.0,439644,120.2527352297593,0.0
shadow-burnin-v3-r50-tsv2-logging-only-target60-stop60-exit-replay-maxwait66000-r1,M4_CONFIRM_2_WINDOWS / 10000 / -6000 / 120000,M4_CONFIRM_2_WINDOWS,10000,-6000,120000,G5_DELAYED_DECISION_8000,30000,3656,4831,4746,1.0,3656,3525,0.7475214805023133,0.725023025730354,333349,91.17861050328227,0.0,-1927155,-1593806,-2292755,-1959406,-1487511,-1853111,-106295,-106295,0.327702721370355,43,415142,69,335802,1062,175.2,True,3,False,False,False,49,480347,415142,65205,0.13574561723087686,409709,335802,0.8196109921920192,1193,1062,0.8901927912824812,3,0,0.0,5,0,0.0,-1561555,-427.12117067833697,-108.0,-1228206,-335.9425601750547,-102.0,333349,91.17861050328227,0.0,-1561555,-427.12117067833697,-108.0,-1121911,-306.86843544857766,-102.0,439644,120.2527352297593,0.0,-1744355,-477.12117067833697,-158.0,-1411006,-385.9425601750547,-152.0,333349,91.17861050328227,0.0,-1744355,-477.12117067833697,-158.0,-1304711,-356.86843544857766,-152.0,439644,120.2527352297593,0.0,-1927155,-527.121170678337,-208.0,-1593806,-435.9425601750547,-202.0,333349,91.17861050328227,0.0,-1927155,-527.121170678337,-208.0,-1487511,-406.86843544857766,-202.0,439644,120.2527352297593,0.0,-2109955,-577.121170678337,-258.0,-1776606,-485.9425601750547,-252.0,333349,91.17861050328227,0.0,-2109955,-577.121170678337,-258.0,-1670311,-456.86843544857766,-252.0,439644,120.2527352297593,0.0,-2292755,-627.121170678337,-308.0,-1959406,-535.9425601750547,-302.0,333349,91.17861050328227,0.0,-2292755,-627.121170678337,-308.0,-1853111,-506.86843544857766,-302.0,439644,120.2527352297593,0.0
shadow-burnin-v3-r50-tsv2-logging-only-target60-stop60-exit-replay-maxwait66000-r1,M4_CONFIRM_2_WINDOWS / 10000 / -6000 / 120000,M4_CONFIRM_2_WINDOWS,10000,-6000,120000,G5_DELAYED_DECISION_8000,45000,3656,4831,4746,1.0,3656,3525,0.7475214805023133,0.725023025730354,333349,91.17861050328227,0.0,-1927155,-1593806,-2292755,-1959406,-1487511,-1853111,-106295,-106295,0.327702721370355,43,415142,69,335802,1062,175.2,True,3,False,False,False,49,480347,415142,65205,0.13574561723087686,409709,335802,0.8196109921920192,1193,1062,0.8901927912824812,3,0,0.0,5,0,0.0,-1561555,-427.12117067833697,-108.0,-1228206,-335.9425601750547,-102.0,333349,91.17861050328227,0.0,-1561555,-427.12117067833697,-108.0,-1121911,-306.86843544857766,-102.0,439644,120.2527352297593,0.0,-1744355,-477.12117067833697,-158.0,-1411006,-385.9425601750547,-152.0,333349,91.17861050328227,0.0,-1744355,-477.12117067833697,-158.0,-1304711,-356.86843544857766,-152.0,439644,120.2527352297593,0.0,-1927155,-527.121170678337,-208.0,-1593806,-435.9425601750547,-202.0,333349,91.17861050328227,0.0,-1927155,-527.121170678337,-208.0,-1487511,-406.86843544857766,-202.0,439644,120.2527352297593,0.0,-2109955,-577.121170678337,-258.0,-1776606,-485.9425601750547,-252.0,333349,91.17861050328227,0.0,-2109955,-577.121170678337,-258.0,-1670311,-456.86843544857766,-252.0,439644,120.2527352297593,0.0,-2292755,-627.121170678337,-308.0,-1959406,-535.9425601750547,-302.0,333349,91.17861050328227,0.0,-2292755,-627.121170678337,-308.0,-1853111,-506.86843544857766,-302.0,439644,120.2527352297593,0.0
shadow-burnin-v3-r50-tsv2-logging-only-target60-stop60-exit-replay-maxwait66000-r1,M7_CLASS_RESTRICTED / 10000 / -6000 / 60000,M7_CLASS_RESTRICTED,10000,-6000,60000,G0_NONE,10000,3656,4831,4746,1.0,3656,3532,0.7136986301369863,0.6899746900640238,498371,136.31591903719914,0.0,-1858385,-1360014,-2223985,-1725614,-1360014,-1725614,0,0,0.12227115724957699,14,141562,58,249481,984,156.4,True,3,False,True,False,14,141562,141562,0,0.0,249481,249481,1.0,984,984,1.0,1,0,0.0,2,0,0.0,-1492785,-408.3109956236324,-102.0,-994414,-271.99507658643324,-102.0,498371,136.31591903719914,0.0,-1492785,-408.3109956236324,-102.0,-994414,-271.99507658643324,-102.0,498371,136.31591903719914,0.0,-1675585,-458.3109956236324,-152.0,-1177214,-321.99507658643324,-152.0,498371,136.31591903719914,0.0,-1675585,-458.3109956236324,-152.0,-1177214,-321.99507658643324,-152.0,498371,136.31591903719914,0.0,-1858385,-508.3109956236324,-202.0,-1360014,-371.99507658643324,-202.0,498371,136.31591903719914,0.0,-1858385,-508.3109956236324,-202.0,-1360014,-371.99507658643324,-202.0,498371,136.31591903719914,0.0,-2041185,-558.3109956236324,-252.0,-1542814,-421.99507658643324,-252.0,498371,136.31591903719914,0.0,-2041185,-558.3109956236324,-252.0,-1542814,-421.99507658643324,-252.0,498371,136.31591903719914,0.0,-2223985,-608.3109956236324,-302.0,-1725614,-471.99507658643324,-302.0,498371,136.31591903719914,0.0,-2223985,-608.3109956236324,-302.0,-1725614,-471.99507658643324,-302.0,498371,136.31591903719914,0.0
shadow-burnin-v3-r50-tsv2-logging-only-target60-stop60-exit-replay-maxwait66000-r1,M7_CLASS_RESTRICTED / 10000 / -6000 / 60000,M7_CLASS_RESTRICTED,10000,-6000,60000,G0_NONE,20000,3656,4831,4746,1.0,3656,3532,0.7136986301369863,0.6899746900640238,498371,136.31591903719914,0.0,-1858385,-1360014,-2223985,-1725614,-1360014,-1725614,0,0,0.12227115724957699,14,141562,58,249481,984,156.4,True,3,False,True,False,14,141562,141562,0,0.0,249481,249481,1.0,984,984,1.0,1,0,0.0,2,0,0.0,-1492785,-408.3109956236324,-102.0,-994414,-271.99507658643324,-102.0,498371,136.31591903719914,0.0,-1492785,-408.3109956236324,-102.0,-994414,-271.99507658643324,-102.0,498371,136.31591903719914,0.0,-1675585,-458.3109956236324,-152.0,-1177214,-321.99507658643324,-152.0,498371,136.31591903719914,0.0,-1675585,-458.3109956236324,-152.0,-1177214,-321.99507658643324,-152.0,498371,136.31591903719914,0.0,-1858385,-508.3109956236324,-202.0,-1360014,-371.99507658643324,-202.0,498371,136.31591903719914,0.0,-1858385,-508.3109956236324,-202.0,-1360014,-371.99507658643324,-202.0,498371,136.31591903719914,0.0,-2041185,-558.3109956236324,-252.0,-1542814,-421.99507658643324,-252.0,498371,136.31591903719914,0.0,-2041185,-558.3109956236324,-252.0,-1542814,-421.99507658643324,-252.0,498371,136.31591903719914,0.0,-2223985,-608.3109956236324,-302.0,-1725614,-471.99507658643324,-302.0,498371,136.31591903719914,0.0,-2223985,-608.3109956236324,-302.0,-1725614,-471.99507658643324,-302.0,498371,136.31591903719914,0.0
shadow-burnin-v3-r50-tsv2-logging-only-target60-stop60-exit-replay-maxwait66000-r1,M7_CLASS_RESTRICTED / 10000 / -6000 / 60000,M7_CLASS_RESTRICTED,10000,-6000,60000,G0_NONE,30000,3656,4831,4746,1.0,3656,3532,0.7136986301369863,0.6899746900640238,498371,136.31591903719914,0.0,-1858385,-1360014,-2223985,-1725614,-1360014,-1725614,0,0,0.12227115724957699,14,141562,58,249481,984,156.4,True,3,False,True,False,14,141562,141562,0,0.0,249481,249481,1.0,984,984,1.0,1,0,0.0,2,0,0.0,-1492785,-408.3109956236324,-102.0,-994414,-271.99507658643324,-102.0,498371,136.31591903719914,0.0,-1492785,-408.3109956236324,-102.0,-994414,-271.99507658643324,-102.0,498371,136.31591903719914,0.0,-1675585,-458.3109956236324,-152.0,-1177214,-321.99507658643324,-152.0,498371,136.31591903719914,0.0,-1675585,-458.3109956236324,-152.0,-1177214,-321.99507658643324,-152.0,498371,136.31591903719914,0.0,-1858385,-508.3109956236324,-202.0,-1360014,-371.99507658643324,-202.0,498371,136.31591903719914,0.0,-1858385,-508.3109956236324,-202.0,-1360014,-371.99507658643324,-202.0,498371,136.31591903719914,0.0,-2041185,-558.3109956236324,-252.0,-1542814,-421.99507658643324,-252.0,498371,136.31591903719914,0.0,-2041185,-558.3109956236324,-252.0,-1542814,-421.99507658643324,-252.0,498371,136.31591903719914,0.0,-2223985,-608.3109956236324,-302.0,-1725614,-471.99507658643324,-302.0,498371,136.31591903719914,0.0,-2223985,-608.3109956236324,-302.0,-1725614,-471.99507658643324,-302.0,498371,136.31591903719914,0.0
shadow-burnin-v3-r50-tsv2-logging-only-target60-stop60-exit-replay-maxwait66000-r1,M7_CLASS_RESTRICTED / 10000 / -6000 / 60000,M7_CLASS_RESTRICTED,10000,-6000,60000,G0_NONE,45000,3656,4831,4746,1.0,3656,3532,0.7136986301369863,0.6899746900640238,498371,136.31591903719914,0.0,-1858385,-1360014,-2223985,-1725614,-1360014,-1725614,0,0,0.12227115724957699,14,141562,58,249481,984,156.4,True,3,False,True,False,14,141562,141562,0,0.0,249481,249481,1.0,984,984,1.0,1,0,0.0,2,0,0.0,-1492785,-408.3109956236324,-102.0,-994414,-271.99507658643324,-102.0,498371,136.31591903719914,0.0,-1492785,-408.3109956236324,-102.0,-994414,-271.99507658643324,-102.0,498371,136.31591903719914,0.0,-1675585,-458.3109956236324,-152.0,-1177214,-321.99507658643324,-152.0,498371,136.31591903719914,0.0,-1675585,-458.3109956236324,-152.0,-1177214,-321.99507658643324,-152.0,498371,136.31591903719914,0.0,-1858385,-508.3109956236324,-202.0,-1360014,-371.99507658643324,-202.0,498371,136.31591903719914,0.0,-1858385,-508.3109956236324,-202.0,-1360014,-371.99507658643324,-202.0,498371,136.31591903719914,0.0,-2041185,-558.3109956236324,-252.0,-1542814,-421.99507658643324,-252.0,498371,136.31591903719914,0.0,-2041185,-558.3109956236324,-252.0,-1542814,-421.99507658643324,-252.0,498371,136.31591903719914,0.0,-2223985,-608.3109956236324,-302.0,-1725614,-471.99507658643324,-302.0,498371,136.31591903719914,0.0,-2223985,-608.3109956236324,-302.0,-1725614,-471.99507658643324,-302.0,498371,136.31591903719914,0.0
shadow-burnin-v3-r50-tsv2-logging-only-target60-stop60-exit-replay-maxwait66000-r1,M7_CLASS_RESTRICTED / 10000 / -6000 / 60000,M7_CLASS_RESTRICTED,10000,-6000,60000,G1_STEADY_EARLY_STRENGTH,10000,3656,4831,4746,1.0,3656,3380,0.731614859742229,0.707053872092792,466385,127.56701312910285,0.0,-1858385,-1392000,-2223985,-1757600,-1360014,-1725614,-31986,-31986,0.09111126284882896,8,86732,48,185685,917,139.7,True,3,False,True,False,14,141562,86732,54830,0.38732145632302456,249481,185685,0.744285135942216,984,917,0.931910569105691,1,1,1.0,2,1,0.5,-1492785,-408.3109956236324,-102.0,-1026400,-280.7439824945295,-102.0,466385,127.56701312910285,0.0,-1492785,-408.3109956236324,-102.0,-994414,-271.99507658643324,-102.0,498371,136.31591903719914,0.0,-1675585,-458.3109956236324,-152.0,-1209200,-330.7439824945295,-152.0,466385,127.56701312910285,0.0,-1675585,-458.3109956236324,-152.0,-1177214,-321.99507658643324,-152.0,498371,136.31591903719914,0.0,-1858385,-508.3109956236324,-202.0,-1392000,-380.7439824945295,-202.0,466385,127.56701312910285,0.0,-1858385,-508.3109956236324,-202.0,-1360014,-371.99507658643324,-202.0,498371,136.31591903719914,0.0,-2041185,-558.3109956236324,-252.0,-1574800,-430.7439824945295,-252.0,466385,127.56701312910285,0.0,-2041185,-558.3109956236324,-252.0,-1542814,-421.99507658643324,-252.0,498371,136.31591903719914,0.0,-2223985,-608.3109956236324,-302.0,-1757600,-480.7439824945295,-302.0,466385,127.56701312910285,0.0,-2223985,-608.3109956236324,-302.0,-1725614,-471.99507658643324,-302.0,498371,136.31591903719914,0.0
shadow-burnin-v3-r50-tsv2-logging-only-target60-stop60-exit-replay-maxwait66000-r1,M7_CLASS_RESTRICTED / 10000 / -6000 / 60000,M7_CLASS_RESTRICTED,10000,-6000,60000,G1_STEADY_EARLY_STRENGTH,20000,3656,4831,4746,1.0,3656,3381,0.7270659590598939,0.7023920621429666,407922,111.57603938730854,0.0,-1858385,-1450463,-2223985,-1816063,-1360014,-1725614,-90449,-90449,0.10738651520600659,9,99431,47,176849,912,138.2,True,3,False,True,False,14,141562,99431,42131,0.29761517921476105,249481,176849,0.7088676091566091,984,912,0.926829268292683,1,0,0.0,2,0,0.0,-1492785,-408.3109956236324,-102.0,-1084863,-296.73495623632385,-102.0,407922,111.57603938730854,0.0,-1492785,-408.3109956236324,-102.0,-994414,-271.99507658643324,-102.0,498371,136.31591903719914,0.0,-1675585,-458.3109956236324,-152.0,-1267663,-346.73495623632385,-152.0,407922,111.57603938730854,0.0,-1675585,-458.3109956236324,-152.0,-1177214,-321.99507658643324,-152.0,498371,136.31591903719914,0.0,-1858385,-508.3109956236324,-202.0,-1450463,-396.73495623632385,-202.0,407922,111.57603938730854,0.0,-1858385,-508.3109956236324,-202.0,-1360014,-371.99507658643324,-202.0,498371,136.31591903719914,0.0,-2041185,-558.3109956236324,-252.0,-1633263,-446.73495623632385,-252.0,407922,111.57603938730854,0.0,-2041185,-558.3109956236324,-252.0,-1542814,-421.99507658643324,-252.0,498371,136.31591903719914,0.0,-2223985,-608.3109956236324,-302.0,-1816063,-496.73495623632385,-302.0,407922,111.57603938730854,0.0,-2223985,-608.3109956236324,-302.0,-1725614,-471.99507658643324,-302.0,498371,136.31591903719914,0.0
shadow-burnin-v3-r50-tsv2-logging-only-target60-stop60-exit-replay-maxwait66000-r1,M7_CLASS_RESTRICTED / 10000 / -6000 / 60000,M7_CLASS_RESTRICTED,10000,-6000,60000,G1_STEADY_EARLY_STRENGTH,30000,3656,4831,4746,1.0,3656,3390,0.7275471698113207,0.7029423390894781,430995,117.88703501094092,0.0,-1858385,-1427390,-2223985,-1792990,-1360014,-1725614,-67376,-67376,0.10473068695182311,9,99431,50,190379,914,141.4,True,3,False,True,False,14,141562,99431,42131,0.29761517921476105,249481,190379,0.7631001960069104,984,914,0.9288617886178862,1,0,0.0,2,0,0.0,-1492785,-408.3109956236324,-102.0,-1061790,-290.4239606126915,-102.0,430995,117.88703501094092,0.0,-1492785,-408.3109956236324,-102.0,-994414,-271.99507658643324,-102.0,498371,136.31591903719914,0.0,-1675585,-458.3109956236324,-152.0,-1244590,-340.4239606126915,-152.0,430995,117.88703501094092,0.0,-1675585,-458.3109956236324,-152.0,-1177214,-321.99507658643324,-152.0,498371,136.31591903719914,0.0,-1858385,-508.3109956236324,-202.0,-1427390,-390.4239606126915,-202.0,430995,117.88703501094092,0.0,-1858385,-508.3109956236324,-202.0,-1360014,-371.99507658643324,-202.0,498371,136.31591903719914,0.0,-2041185,-558.3109956236324,-252.0,-1610190,-440.4239606126915,-252.0,430995,117.88703501094092,0.0,-2041185,-558.3109956236324,-252.0,-1542814,-421.99507658643324,-252.0,498371,136.31591903719914,0.0,-2223985,-608.3109956236324,-302.0,-1792990,-490.4239606126915,-302.0,430995,117.88703501094092,0.0,-2223985,-608.3109956236324,-302.0,-1725614,-471.99507658643324,-302.0,498371,136.31591903719914,0.0
shadow-burnin-v3-r50-tsv2-logging-only-target60-stop60-exit-replay-maxwait66000-r1,M7_CLASS_RESTRICTED / 10000 / -6000 / 60000,M7_CLASS_RESTRICTED,10000,-6000,60000,G1_STEADY_EARLY_STRENGTH,45000,3656,4831,4746,1.0,3656,3395,0.7276147479307751,0.703049532965267,431976,118.15536105032822,0.0,-1858385,-1426409,-2223985,-1792009,-1360014,-1725614,-66395,-66395,0.10462214141261093,9,99431,49,184464,918,140.8,True,3,False,True,False,14,141562,99431,42131,0.29761517921476105,249481,184464,0.7393909756654815,984,918,0.9329268292682927,1,0,0.0,2,0,0.0,-1492785,-408.3109956236324,-102.0,-1060809,-290.15563457330416,-102.0,431976,118.15536105032822,0.0,-1492785,-408.3109956236324,-102.0,-994414,-271.99507658643324,-102.0,498371,136.31591903719914,0.0,-1675585,-458.3109956236324,-152.0,-1243609,-340.15563457330416,-152.0,431976,118.15536105032822,0.0,-1675585,-458.3109956236324,-152.0,-1177214,-321.99507658643324,-152.0,498371,136.31591903719914,0.0,-1858385,-508.3109956236324,-202.0,-1426409,-390.15563457330416,-202.0,431976,118.15536105032822,0.0,-1858385,-508.3109956236324,-202.0,-1360014,-371.99507658643324,-202.0,498371,136.31591903719914,0.0,-2041185,-558.3109956236324,-252.0,-1609209,-440.15563457330416,-252.0,431976,118.15536105032822,0.0,-2041185,-558.3109956236324,-252.0,-1542814,-421.99507658643324,-252.0,498371,136.31591903719914,0.0,-2223985,-608.3109956236324,-302.0,-1792009,-490.15563457330416,-302.0,431976,118.15536105032822,0.0,-2223985,-608.3109956236324,-302.0,-1725614,-471.99507658643324,-302.0,498371,136.31591903719914,0.0
shadow-burnin-v3-r50-tsv2-logging-only-target60-stop60-exit-replay-maxwait66000-r1,M7_CLASS_RESTRICTED / 10000 / -6000 / 60000,M7_CLASS_RESTRICTED,10000,-6000,60000,G2_RECOVERY_AFTER_EARLY_DRAWDOWN,10000,3656,4831,4746,1.0,3656,3511,0.7159722222222222,0.6921301326170985,512245,140.11077680525165,0.0,-1858385,-1346140,-2223985,-1711740,-1360014,-1725614,13874,13874,0.1144943996069102,13,130954,58,249481,973,155.3,True,3,False,True,False,14,141562,130954,10608,0.0749353640101157,249481,249481,1.0,984,973,0.9888211382113821,1,0,0.0,2,0,0.0,-1492785,-408.3109956236324,-102.0,-980540,-268.20021881838073,-102.0,512245,140.11077680525165,0.0,-1492785,-408.3109956236324,-102.0,-994414,-271.99507658643324,-102.0,498371,136.31591903719914,0.0,-1675585,-458.3109956236324,-152.0,-1163340,-318.20021881838073,-152.0,512245,140.11077680525165,0.0,-1675585,-458.3109956236324,-152.0,-1177214,-321.99507658643324,-152.0,498371,136.31591903719914,0.0,-1858385,-508.3109956236324,-202.0,-1346140,-368.20021881838073,-202.0,512245,140.11077680525165,0.0,-1858385,-508.3109956236324,-202.0,-1360014,-371.99507658643324,-202.0,498371,136.31591903719914,0.0,-2041185,-558.3109956236324,-252.0,-1528940,-418.20021881838073,-252.0,512245,140.11077680525165,0.0,-2041185,-558.3109956236324,-252.0,-1542814,-421.99507658643324,-252.0,498371,136.31591903719914,0.0,-2223985,-608.3109956236324,-302.0,-1711740,-468.20021881838073,-302.0,512245,140.11077680525165,0.0,-2223985,-608.3109956236324,-302.0,-1725614,-471.99507658643324,-302.0,498371,136.31591903719914,0.0
shadow-burnin-v3-r50-tsv2-logging-only-target60-stop60-exit-replay-maxwait66000-r1,M7_CLASS_RESTRICTED / 10000 / -6000 / 60000,M7_CLASS_RESTRICTED,10000,-6000,60000,G2_RECOVERY_AFTER_EARLY_DRAWDOWN,20000,3656,4831,4746,1.0,3656,3503,0.7178770949720671,0.6940092414477487,492284,134.65098468271336,0.0,-1858385,-1366101,-2223985,-1731701,-1360014,-1725614,-6087,-6087,0.12437510213620621,14,141562,57,243410,971,154.10000000000002,True,3,False,True,False,14,141562,141562,0,0.0,249481,243410,0.9756654815396764,984,971,0.9867886178861789,1,0,0.0,2,0,0.0,-1492785,-408.3109956236324,-102.0,-1000501,-273.66001094091905,-102.0,492284,134.65098468271336,0.0,-1492785,-408.3109956236324,-102.0,-994414,-271.99507658643324,-102.0,498371,136.31591903719914,0.0,-1675585,-458.3109956236324,-152.0,-1183301,-323.66001094091905,-152.0,492284,134.65098468271336,0.0,-1675585,-458.3109956236324,-152.0,-1177214,-321.99507658643324,-152.0,498371,136.31591903719914,0.0,-1858385,-508.3109956236324,-202.0,-1366101,-373.66001094091905,-202.0,492284,134.65098468271336,0.0,-1858385,-508.3109956236324,-202.0,-1360014,-371.99507658643324,-202.0,498371,136.31591903719914,0.0,-2041185,-558.3109956236324,-252.0,-1548901,-423.66001094091905,-252.0,492284,134.65098468271336,0.0,-2041185,-558.3109956236324,-252.0,-1542814,-421.99507658643324,-252.0,498371,136.31591903719914,0.0,-2223985,-608.3109956236324,-302.0,-1731701,-473.66001094091905,-302.0,492284,134.65098468271336,0.0,-2223985,-608.3109956236324,-302.0,-1725614,-471.99507658643324,-302.0,498371,136.31591903719914,0.0
shadow-burnin-v3-r50-tsv2-logging-only-target60-stop60-exit-replay-maxwait66000-r1,M7_CLASS_RESTRICTED / 10000 / -6000 / 60000,M7_CLASS_RESTRICTED,10000,-6000,60000,G2_RECOVERY_AFTER_EARLY_DRAWDOWN,30000,3656,4831,4746,1.0,3656,3503,0.7173761339846476,0.693505649464076,489789,133.96854485776805,0.0,-1858385,-1368596,-2223985,-1734196,-1360014,-1725614,-8582,-8582,0.12453189039307572,14,141562,57,243410,971,154.10000000000002,True,3,False,True,False,14,141562,141562,0,0.0,249481,243410,0.9756654815396764,984,971,0.9867886178861789,1,0,0.0,2,0,0.0,-1492785,-408.3109956236324,-102.0,-1002996,-274.3424507658643,-102.0,489789,133.96854485776805,0.0,-1492785,-408.3109956236324,-102.0,-994414,-271.99507658643324,-102.0,498371,136.31591903719914,0.0,-1675585,-458.3109956236324,-152.0,-1185796,-324.3424507658643,-152.0,489789,133.96854485776805,0.0,-1675585,-458.3109956236324,-152.0,-1177214,-321.99507658643324,-152.0,498371,136.31591903719914,0.0,-1858385,-508.3109956236324,-202.0,-1368596,-374.3424507658643,-202.0,489789,133.96854485776805,0.0,-1858385,-508.3109956236324,-202.0,-1360014,-371.99507658643324,-202.0,498371,136.31591903719914,0.0,-2041185,-558.3109956236324,-252.0,-1551396,-424.3424507658643,-252.0,489789,133.96854485776805,0.0,-2041185,-558.3109956236324,-252.0,-1542814,-421.99507658643324,-252.0,498371,136.31591903719914,0.0,-2223985,-608.3109956236324,-302.0,-1734196,-474.3424507658643,-302.0,489789,133.96854485776805,0.0,-2223985,-608.3109956236324,-302.0,-1725614,-471.99507658643324,-302.0,498371,136.31591903719914,0.0
shadow-burnin-v3-r50-tsv2-logging-only-target60-stop60-exit-replay-maxwait66000-r1,M7_CLASS_RESTRICTED / 10000 / -6000 / 60000,M7_CLASS_RESTRICTED,10000,-6000,60000,G2_RECOVERY_AFTER_EARLY_DRAWDOWN,45000,3656,4831,4746,1.0,3656,3502,0.7180739706908583,0.6942190222005538,493295,134.92751641137855,0.0,-1858385,-1365090,-2223985,-1730690,-1360014,-1725614,-5076,-5076,0.1243426559729043,14,141562,57,243410,972,154.2,True,3,False,True,False,14,141562,141562,0,0.0,249481,243410,0.9756654815396764,984,972,0.9878048780487805,1,0,0.0,2,0,0.0,-1492785,-408.3109956236324,-102.0,-999490,-273.3834792122538,-102.0,493295,134.92751641137855,0.0,-1492785,-408.3109956236324,-102.0,-994414,-271.99507658643324,-102.0,498371,136.31591903719914,0.0,-1675585,-458.3109956236324,-152.0,-1182290,-323.3834792122538,-152.0,493295,134.92751641137855,0.0,-1675585,-458.3109956236324,-152.0,-1177214,-321.99507658643324,-152.0,498371,136.31591903719914,0.0,-1858385,-508.3109956236324,-202.0,-1365090,-373.3834792122538,-202.0,493295,134.92751641137855,0.0,-1858385,-508.3109956236324,-202.0,-1360014,-371.99507658643324,-202.0,498371,136.31591903719914,0.0,-2041185,-558.3109956236324,-252.0,-1547890,-423.3834792122538,-252.0,493295,134.92751641137855,0.0,-2041185,-558.3109956236324,-252.0,-1542814,-421.99507658643324,-252.0,498371,136.31591903719914,0.0,-2223985,-608.3109956236324,-302.0,-1730690,-473.3834792122538,-302.0,493295,134.92751641137855,0.0,-2223985,-608.3109956236324,-302.0,-1725614,-471.99507658643324,-302.0,498371,136.31591903719914,0.0
shadow-burnin-v3-r50-tsv2-logging-only-target60-stop60-exit-replay-maxwait66000-r1,M7_CLASS_RESTRICTED / 10000 / -6000 / 60000,M7_CLASS_RESTRICTED,10000,-6000,60000,G3_LOW_VOL_CONTINUATION,10000,3656,4831,4746,1.0,3656,3482,0.7171145685997171,0.6930748321845117,447430,122.38238512035011,0.0,-1858385,-1410955,-2223985,-1776555,-1360014,-1725614,-50941,-50941,0.12282032690203563,13,131784,55,231211,959,150.9,True,3,False,True,False,14,141562,131784,9778,0.06907220864356253,249481,231211,0.926767970306356,984,959,0.9745934959349594,1,0,0.0,2,0,0.0,-1492785,-408.3109956236324,-102.0,-1045355,-285.9286105032823,-102.0,447430,122.38238512035011,0.0,-1492785,-408.3109956236324,-102.0,-994414,-271.99507658643324,-102.0,498371,136.31591903719914,0.0,-1675585,-458.3109956236324,-152.0,-1228155,-335.9286105032823,-152.0,447430,122.38238512035011,0.0,-1675585,-458.3109956236324,-152.0,-1177214,-321.99507658643324,-152.0,498371,136.31591903719914,0.0,-1858385,-508.3109956236324,-202.0,-1410955,-385.9286105032823,-202.0,447430,122.38238512035011,0.0,-1858385,-508.3109956236324,-202.0,-1360014,-371.99507658643324,-202.0,498371,136.31591903719914,0.0,-2041185,-558.3109956236324,-252.0,-1593755,-435.9286105032823,-252.0,447430,122.38238512035011,0.0,-2041185,-558.3109956236324,-252.0,-1542814,-421.99507658643324,-252.0,498371,136.31591903719914,0.0,-2223985,-608.3109956236324,-302.0,-1776555,-485.9286105032823,-302.0,447430,122.38238512035011,0.0,-2223985,-608.3109956236324,-302.0,-1725614,-471.99507658643324,-302.0,498371,136.31591903719914,0.0
shadow-burnin-v3-r50-tsv2-logging-only-target60-stop60-exit-replay-maxwait66000-r1,M7_CLASS_RESTRICTED / 10000 / -6000 / 60000,M7_CLASS_RESTRICTED,10000,-6000,60000,G3_LOW_VOL_CONTINUATION,20000,3656,4831,4746,1.0,3656,3486,0.7159971811134602,0.6919759813596421,440677,120.53528446389497,0.0,-1858385,-1417708,-2223985,-1783308,-1360014,-1725614,-57694,-57694,0.12303785413856043,13,131784,56,237126,960,152.0,True,3,False,True,False,14,141562,131784,9778,0.06907220864356253,249481,237126,0.9504771906477848,984,960,0.975609756097561,1,0,0.0,2,0,0.0,-1492785,-408.3109956236324,-102.0,-1052108,-287.7757111597374,-102.0,440677,120.53528446389497,0.0,-1492785,-408.3109956236324,-102.0,-994414,-271.99507658643324,-102.0,498371,136.31591903719914,0.0,-1675585,-458.3109956236324,-152.0,-1234908,-337.7757111597374,-152.0,440677,120.53528446389497,0.0,-1675585,-458.3109956236324,-152.0,-1177214,-321.99507658643324,-152.0,498371,136.31591903719914,0.0,-1858385,-508.3109956236324,-202.0,-1417708,-387.7757111597374,-202.0,440677,120.53528446389497,0.0,-1858385,-508.3109956236324,-202.0,-1360014,-371.99507658643324,-202.0,498371,136.31591903719914,0.0,-2041185,-558.3109956236324,-252.0,-1600508,-437.7757111597374,-252.0,440677,120.53528446389497,0.0,-2041185,-558.3109956236324,-252.0,-1542814,-421.99507658643324,-252.0,498371,136.31591903719914,0.0,-2223985,-608.3109956236324,-302.0,-1783308,-487.7757111597374,-302.0,440677,120.53528446389497,0.0,-2223985,-608.3109956236324,-302.0,-1725614,-471.99507658643324,-302.0,498371,136.31591903719914,0.0
shadow-burnin-v3-r50-tsv2-logging-only-target60-stop60-exit-replay-maxwait66000-r1,M7_CLASS_RESTRICTED / 10000 / -6000 / 60000,M7_CLASS_RESTRICTED,10000,-6000,60000,G3_LOW_VOL_CONTINUATION,30000,3656,4831,4746,1.0,3656,3486,0.7159971811134602,0.6919759813596421,440677,120.53528446389497,0.0,-1858385,-1417708,-2223985,-1783308,-1360014,-1725614,-57694,-57694,0.12303785413856043,13,131784,56,237126,960,152.0,True,3,False,True,False,14,141562,131784,9778,0.06907220864356253,249481,237126,0.9504771906477848,984,960,0.975609756097561,1,0,0.0,2,0,0.0,-1492785,-408.3109956236324,-102.0,-1052108,-287.7757111597374,-102.0,440677,120.53528446389497,0.0,-1492785,-408.3109956236324,-102.0,-994414,-271.99507658643324,-102.0,498371,136.31591903719914,0.0,-1675585,-458.3109956236324,-152.0,-1234908,-337.7757111597374,-152.0,440677,120.53528446389497,0.0,-1675585,-458.3109956236324,-152.0,-1177214,-321.99507658643324,-152.0,498371,136.31591903719914,0.0,-1858385,-508.3109956236324,-202.0,-1417708,-387.7757111597374,-202.0,440677,120.53528446389497,0.0,-1858385,-508.3109956236324,-202.0,-1360014,-371.99507658643324,-202.0,498371,136.31591903719914,0.0,-2041185,-558.3109956236324,-252.0,-1600508,-437.7757111597374,-252.0,440677,120.53528446389497,0.0,-2041185,-558.3109956236324,-252.0,-1542814,-421.99507658643324,-252.0,498371,136.31591903719914,0.0,-2223985,-608.3109956236324,-302.0,-1783308,-487.7757111597374,-302.0,440677,120.53528446389497,0.0,-2223985,-608.3109956236324,-302.0,-1725614,-471.99507658643324,-302.0,498371,136.31591903719914,0.0
shadow-burnin-v3-r50-tsv2-logging-only-target60-stop60-exit-replay-maxwait66000-r1,M7_CLASS_RESTRICTED / 10000 / -6000 / 60000,M7_CLASS_RESTRICTED,10000,-6000,60000,G3_LOW_VOL_CONTINUATION,45000,3656,4831,4746,1.0,3656,3486,0.7159971811134602,0.6919759813596421,440677,120.53528446389497,0.0,-1858385,-1417708,-2223985,-1783308,-1360014,-1725614,-57694,-57694,0.12303785413856043,13,131784,56,237126,960,152.0,True,3,False,True,False,14,141562,131784,9778,0.06907220864356253,249481,237126,0.9504771906477848,984,960,0.975609756097561,1,0,0.0,2,0,0.0,-1492785,-408.3109956236324,-102.0,-1052108,-287.7757111597374,-102.0,440677,120.53528446389497,0.0,-1492785,-408.3109956236324,-102.0,-994414,-271.99507658643324,-102.0,498371,136.31591903719914,0.0,-1675585,-458.3109956236324,-152.0,-1234908,-337.7757111597374,-152.0,440677,120.53528446389497,0.0,-1675585,-458.3109956236324,-152.0,-1177214,-321.99507658643324,-152.0,498371,136.31591903719914,0.0,-1858385,-508.3109956236324,-202.0,-1417708,-387.7757111597374,-202.0,440677,120.53528446389497,0.0,-1858385,-508.3109956236324,-202.0,-1360014,-371.99507658643324,-202.0,498371,136.31591903719914,0.0,-2041185,-558.3109956236324,-252.0,-1600508,-437.7757111597374,-252.0,440677,120.53528446389497,0.0,-2041185,-558.3109956236324,-252.0,-1542814,-421.99507658643324,-252.0,498371,136.31591903719914,0.0,-2223985,-608.3109956236324,-302.0,-1783308,-487.7757111597374,-302.0,440677,120.53528446389497,0.0,-2223985,-608.3109956236324,-302.0,-1725614,-471.99507658643324,-302.0,498371,136.31591903719914,0.0
shadow-burnin-v3-r50-tsv2-logging-only-target60-stop60-exit-replay-maxwait66000-r1,M7_CLASS_RESTRICTED / 10000 / -6000 / 60000,M7_CLASS_RESTRICTED,10000,-6000,60000,G4_DELAYED_DECISION_4000,10000,3656,4831,4746,1.0,3656,3522,0.7047970479704797,0.6799586990198232,398254,108.93161925601751,0.0,-1858385,-1460131,-2223985,-1825731,-1360014,-1725614,-100117,-100117,0.11308796269263087,14,114266,49,221502,906,139.60000000000002,True,3,False,True,False,14,141562,114266,27296,0.19282010709088598,249481,221502,0.887851179047703,984,906,0.9207317073170732,1,0,0.0,2,0,0.0,-1492785,-408.3109956236324,-102.0,-1094531,-299.3793763676149,-102.0,398254,108.93161925601751,0.0,-1492785,-408.3109956236324,-102.0,-994414,-271.99507658643324,-102.0,498371,136.31591903719914,0.0,-1675585,-458.3109956236324,-152.0,-1277331,-349.3793763676149,-152.0,398254,108.93161925601751,0.0,-1675585,-458.3109956236324,-152.0,-1177214,-321.99507658643324,-152.0,498371,136.31591903719914,0.0,-1858385,-508.3109956236324,-202.0,-1460131,-399.3793763676149,-202.0,398254,108.93161925601751,0.0,-1858385,-508.3109956236324,-202.0,-1360014,-371.99507658643324,-202.0,498371,136.31591903719914,0.0,-2041185,-558.3109956236324,-252.0,-1642931,-449.3793763676149,-252.0,398254,108.93161925601751,0.0,-2041185,-558.3109956236324,-252.0,-1542814,-421.99507658643324,-252.0,498371,136.31591903719914,0.0,-2223985,-608.3109956236324,-302.0,-1825731,-499.3793763676149,-302.0,398254,108.93161925601751,0.0,-2223985,-608.3109956236324,-302.0,-1725614,-471.99507658643324,-302.0,498371,136.31591903719914,0.0
shadow-burnin-v3-r50-tsv2-logging-only-target60-stop60-exit-replay-maxwait66000-r1,M7_CLASS_RESTRICTED / 10000 / -6000 / 60000,M7_CLASS_RESTRICTED,10000,-6000,60000,G4_DELAYED_DECISION_4000,20000,3656,4831,4746,1.0,3656,3522,0.7047970479704797,0.6799586990198232,398254,108.93161925601751,0.0,-1858385,-1460131,-2223985,-1825731,-1360014,-1725614,-100117,-100117,0.11308796269263087,14,114266,49,221502,906,139.60000000000002,True,3,False,True,False,14,141562,114266,27296,0.19282010709088598,249481,221502,0.887851179047703,984,906,0.9207317073170732,1,0,0.0,2,0,0.0,-1492785,-408.3109956236324,-102.0,-1094531,-299.3793763676149,-102.0,398254,108.93161925601751,0.0,-1492785,-408.3109956236324,-102.0,-994414,-271.99507658643324,-102.0,498371,136.31591903719914,0.0,-1675585,-458.3109956236324,-152.0,-1277331,-349.3793763676149,-152.0,398254,108.93161925601751,0.0,-1675585,-458.3109956236324,-152.0,-1177214,-321.99507658643324,-152.0,498371,136.31591903719914,0.0,-1858385,-508.3109956236324,-202.0,-1460131,-399.3793763676149,-202.0,398254,108.93161925601751,0.0,-1858385,-508.3109956236324,-202.0,-1360014,-371.99507658643324,-202.0,498371,136.31591903719914,0.0,-2041185,-558.3109956236324,-252.0,-1642931,-449.3793763676149,-252.0,398254,108.93161925601751,0.0,-2041185,-558.3109956236324,-252.0,-1542814,-421.99507658643324,-252.0,498371,136.31591903719914,0.0,-2223985,-608.3109956236324,-302.0,-1825731,-499.3793763676149,-302.0,398254,108.93161925601751,0.0,-2223985,-608.3109956236324,-302.0,-1725614,-471.99507658643324,-302.0,498371,136.31591903719914,0.0
shadow-burnin-v3-r50-tsv2-logging-only-target60-stop60-exit-replay-maxwait66000-r1,M7_CLASS_RESTRICTED / 10000 / -6000 / 60000,M7_CLASS_RESTRICTED,10000,-6000,60000,G4_DELAYED_DECISION_4000,30000,3656,4831,4746,1.0,3656,3522,0.7047970479704797,0.6799586990198232,398254,108.93161925601751,0.0,-1858385,-1460131,-2223985,-1825731,-1360014,-1725614,-100117,-100117,0.11308796269263087,14,114266,49,221502,906,139.60000000000002,True,3,False,True,False,14,141562,114266,27296,0.19282010709088598,249481,221502,0.887851179047703,984,906,0.9207317073170732,1,0,0.0,2,0,0.0,-1492785,-408.3109956236324,-102.0,-1094531,-299.3793763676149,-102.0,398254,108.93161925601751,0.0,-1492785,-408.3109956236324,-102.0,-994414,-271.99507658643324,-102.0,498371,136.31591903719914,0.0,-1675585,-458.3109956236324,-152.0,-1277331,-349.3793763676149,-152.0,398254,108.93161925601751,0.0,-1675585,-458.3109956236324,-152.0,-1177214,-321.99507658643324,-152.0,498371,136.31591903719914,0.0,-1858385,-508.3109956236324,-202.0,-1460131,-399.3793763676149,-202.0,398254,108.93161925601751,0.0,-1858385,-508.3109956236324,-202.0,-1360014,-371.99507658643324,-202.0,498371,136.31591903719914,0.0,-2041185,-558.3109956236324,-252.0,-1642931,-449.3793763676149,-252.0,398254,108.93161925601751,0.0,-2041185,-558.3109956236324,-252.0,-1542814,-421.99507658643324,-252.0,498371,136.31591903719914,0.0,-2223985,-608.3109956236324,-302.0,-1825731,-499.3793763676149,-302.0,398254,108.93161925601751,0.0,-2223985,-608.3109956236324,-302.0,-1725614,-471.99507658643324,-302.0,498371,136.31591903719914,0.0
shadow-burnin-v3-r50-tsv2-logging-only-target60-stop60-exit-replay-maxwait66000-r1,M7_CLASS_RESTRICTED / 10000 / -6000 / 60000,M7_CLASS_RESTRICTED,10000,-6000,60000,G4_DELAYED_DECISION_4000,45000,3656,4831,4746,1.0,3656,3522,0.7047970479704797,0.6799586990198232,398254,108.93161925601751,0.0,-1858385,-1460131,-2223985,-1825731,-1360014,-1725614,-100117,-100117,0.11308796269263087,14,114266,49,221502,906,139.60000000000002,True,3,False,True,False,14,141562,114266,27296,0.19282010709088598,249481,221502,0.887851179047703,984,906,0.9207317073170732,1,0,0.0,2,0,0.0,-1492785,-408.3109956236324,-102.0,-1094531,-299.3793763676149,-102.0,398254,108.93161925601751,0.0,-1492785,-408.3109956236324,-102.0,-994414,-271.99507658643324,-102.0,498371,136.31591903719914,0.0,-1675585,-458.3109956236324,-152.0,-1277331,-349.3793763676149,-152.0,398254,108.93161925601751,0.0,-1675585,-458.3109956236324,-152.0,-1177214,-321.99507658643324,-152.0,498371,136.31591903719914,0.0,-1858385,-508.3109956236324,-202.0,-1460131,-399.3793763676149,-202.0,398254,108.93161925601751,0.0,-1858385,-508.3109956236324,-202.0,-1360014,-371.99507658643324,-202.0,498371,136.31591903719914,0.0,-2041185,-558.3109956236324,-252.0,-1642931,-449.3793763676149,-252.0,398254,108.93161925601751,0.0,-2041185,-558.3109956236324,-252.0,-1542814,-421.99507658643324,-252.0,498371,136.31591903719914,0.0,-2223985,-608.3109956236324,-302.0,-1825731,-499.3793763676149,-302.0,398254,108.93161925601751,0.0,-2223985,-608.3109956236324,-302.0,-1725614,-471.99507658643324,-302.0,498371,136.31591903719914,0.0
shadow-burnin-v3-r50-tsv2-logging-only-target60-stop60-exit-replay-maxwait66000-r1,M7_CLASS_RESTRICTED / 10000 / -6000 / 60000,M7_CLASS_RESTRICTED,10000,-6000,60000,G5_DELAYED_DECISION_8000,10000,3656,4831,4746,1.0,3656,3507,0.6973788721207307,0.6714342032440264,345923,94.61788840262582,0.0,-1858385,-1512462,-2223985,-1878062,-1360014,-1725614,-152448,-152448,0.10128049288152527,11,91236,44,181588,834,127.4,True,4,False,True,False,14,141562,91236,50326,0.3555050084062107,249481,181588,0.7278630436786769,984,834,0.8475609756097561,1,1,1.0,2,2,1.0,-1492785,-408.3109956236324,-102.0,-1146862,-313.6931072210066,-102.0,345923,94.61788840262582,0.0,-1492785,-408.3109956236324,-102.0,-994414,-271.99507658643324,-102.0,498371,136.31591903719914,0.0,-1675585,-458.3109956236324,-152.0,-1329662,-363.6931072210066,-152.0,345923,94.61788840262582,0.0,-1675585,-458.3109956236324,-152.0,-1177214,-321.99507658643324,-152.0,498371,136.31591903719914,0.0,-1858385,-508.3109956236324,-202.0,-1512462,-413.6931072210066,-202.0,345923,94.61788840262582,0.0,-1858385,-508.3109956236324,-202.0,-1360014,-371.99507658643324,-202.0,498371,136.31591903719914,0.0,-2041185,-558.3109956236324,-252.0,-1695262,-463.6931072210066,-252.0,345923,94.61788840262582,0.0,-2041185,-558.3109956236324,-252.0,-1542814,-421.99507658643324,-252.0,498371,136.31591903719914,0.0,-2223985,-608.3109956236324,-302.0,-1878062,-513.6931072210066,-302.0,345923,94.61788840262582,0.0,-2223985,-608.3109956236324,-302.0,-1725614,-471.99507658643324,-302.0,498371,136.31591903719914,0.0
shadow-burnin-v3-r50-tsv2-logging-only-target60-stop60-exit-replay-maxwait66000-r1,M7_CLASS_RESTRICTED / 10000 / -6000 / 60000,M7_CLASS_RESTRICTED,10000,-6000,60000,G5_DELAYED_DECISION_8000,20000,3656,4831,4746,1.0,3656,3507,0.6973788721207307,0.6714342032440264,345923,94.61788840262582,0.0,-1858385,-1512462,-2223985,-1878062,-1360014,-1725614,-152448,-152448,0.10128049288152527,11,91236,44,181588,834,127.4,True,4,False,True,False,14,141562,91236,50326,0.3555050084062107,249481,181588,0.7278630436786769,984,834,0.8475609756097561,1,1,1.0,2,2,1.0,-1492785,-408.3109956236324,-102.0,-1146862,-313.6931072210066,-102.0,345923,94.61788840262582,0.0,-1492785,-408.3109956236324,-102.0,-994414,-271.99507658643324,-102.0,498371,136.31591903719914,0.0,-1675585,-458.3109956236324,-152.0,-1329662,-363.6931072210066,-152.0,345923,94.61788840262582,0.0,-1675585,-458.3109956236324,-152.0,-1177214,-321.99507658643324,-152.0,498371,136.31591903719914,0.0,-1858385,-508.3109956236324,-202.0,-1512462,-413.6931072210066,-202.0,345923,94.61788840262582,0.0,-1858385,-508.3109956236324,-202.0,-1360014,-371.99507658643324,-202.0,498371,136.31591903719914,0.0,-2041185,-558.3109956236324,-252.0,-1695262,-463.6931072210066,-252.0,345923,94.61788840262582,0.0,-2041185,-558.3109956236324,-252.0,-1542814,-421.99507658643324,-252.0,498371,136.31591903719914,0.0,-2223985,-608.3109956236324,-302.0,-1878062,-513.6931072210066,-302.0,345923,94.61788840262582,0.0,-2223985,-608.3109956236324,-302.0,-1725614,-471.99507658643324,-302.0,498371,136.31591903719914,0.0
shadow-burnin-v3-r50-tsv2-logging-only-target60-stop60-exit-replay-maxwait66000-r1,M7_CLASS_RESTRICTED / 10000 / -6000 / 60000,M7_CLASS_RESTRICTED,10000,-6000,60000,G5_DELAYED_DECISION_8000,30000,3656,4831,4746,1.0,3656,3507,0.6973788721207307,0.6714342032440264,345923,94.61788840262582,0.0,-1858385,-1512462,-2223985,-1878062,-1360014,-1725614,-152448,-152448,0.10128049288152527,11,91236,44,181588,834,127.4,True,4,False,True,False,14,141562,91236,50326,0.3555050084062107,249481,181588,0.7278630436786769,984,834,0.8475609756097561,1,1,1.0,2,2,1.0,-1492785,-408.3109956236324,-102.0,-1146862,-313.6931072210066,-102.0,345923,94.61788840262582,0.0,-1492785,-408.3109956236324,-102.0,-994414,-271.99507658643324,-102.0,498371,136.31591903719914,0.0,-1675585,-458.3109956236324,-152.0,-1329662,-363.6931072210066,-152.0,345923,94.61788840262582,0.0,-1675585,-458.3109956236324,-152.0,-1177214,-321.99507658643324,-152.0,498371,136.31591903719914,0.0,-1858385,-508.3109956236324,-202.0,-1512462,-413.6931072210066,-202.0,345923,94.61788840262582,0.0,-1858385,-508.3109956236324,-202.0,-1360014,-371.99507658643324,-202.0,498371,136.31591903719914,0.0,-2041185,-558.3109956236324,-252.0,-1695262,-463.6931072210066,-252.0,345923,94.61788840262582,0.0,-2041185,-558.3109956236324,-252.0,-1542814,-421.99507658643324,-252.0,498371,136.31591903719914,0.0,-2223985,-608.3109956236324,-302.0,-1878062,-513.6931072210066,-302.0,345923,94.61788840262582,0.0,-2223985,-608.3109956236324,-302.0,-1725614,-471.99507658643324,-302.0,498371,136.31591903719914,0.0
shadow-burnin-v3-r50-tsv2-logging-only-target60-stop60-exit-replay-maxwait66000-r1,M7_CLASS_RESTRICTED / 10000 / -6000 / 60000,M7_CLASS_RESTRICTED,10000,-6000,60000,G5_DELAYED_DECISION_8000,45000,3656,4831,4746,1.0,3656,3507,0.6973788721207307,0.6714342032440264,345923,94.61788840262582,0.0,-1858385,-1512462,-2223985,-1878062,-1360014,-1725614,-152448,-152448,0.10128049288152527,11,91236,44,181588,834,127.4,True,4,False,True,False,14,141562,91236,50326,0.3555050084062107,249481,181588,0.7278630436786769,984,834,0.8475609756097561,1,1,1.0,2,2,1.0,-1492785,-408.3109956236324,-102.0,-1146862,-313.6931072210066,-102.0,345923,94.61788840262582,0.0,-1492785,-408.3109956236324,-102.0,-994414,-271.99507658643324,-102.0,498371,136.31591903719914,0.0,-1675585,-458.3109956236324,-152.0,-1329662,-363.6931072210066,-152.0,345923,94.61788840262582,0.0,-1675585,-458.3109956236324,-152.0,-1177214,-321.99507658643324,-152.0,498371,136.31591903719914,0.0,-1858385,-508.3109956236324,-202.0,-1512462,-413.6931072210066,-202.0,345923,94.61788840262582,0.0,-1858385,-508.3109956236324,-202.0,-1360014,-371.99507658643324,-202.0,498371,136.31591903719914,0.0,-2041185,-558.3109956236324,-252.0,-1695262,-463.6931072210066,-252.0,345923,94.61788840262582,0.0,-2041185,-558.3109956236324,-252.0,-1542814,-421.99507658643324,-252.0,498371,136.31591903719914,0.0,-2223985,-608.3109956236324,-302.0,-1878062,-513.6931072210066,-302.0,345923,94.61788840262582,0.0,-2223985,-608.3109956236324,-302.0,-1725614,-471.99507658643324,-302.0,498371,136.31591903719914,0.0
