scope,classifier,target_bps,stop_bps,max_hold_ms,roundtrip_cost_bps,retained_count,sum_pnl_after_cost_bps,avg_pnl_after_cost_bps,median_pnl_after_cost_bps,nonloss_count,precision,wilson_lower95,max_consecutive_losses
shadow-burnin-v3-r50-tsv2-logging-only-target60-stop60-exit-replay-maxwait66000-r1,R0_BROAD,1000,-300,20000,100,3633,-630301,-173.4932562620424,-202.0,281,0.07734654555463805,0.0690993905371989,85
shadow-burnin-v3-r50-tsv2-logging-only-target60-stop60-exit-replay-maxwait66000-r1,R0_BROAD,1000,-300,20000,200,3633,-993601,-273.4932562620424,-302.0,268,0.0737682356179466,0.06571119334798678,85
shadow-burnin-v3-r50-tsv2-logging-only-target60-stop60-exit-replay-maxwait66000-r1,R0_BROAD,1000,-300,30000,100,3633,-633042,-174.24772914946325,-202.0,283,0.0778970547756675,0.06962114244858646,85
shadow-burnin-v3-r50-tsv2-logging-only-target60-stop60-exit-replay-maxwait66000-r1,R0_BROAD,1000,-300,30000,200,3633,-996342,-274.2477291494632,-302.0,272,0.07486925406000551,0.06675311578915243,85
shadow-burnin-v3-r50-tsv2-logging-only-target60-stop60-exit-replay-maxwait66000-r1,R0_BROAD,1000,-300,40000,100,3633,-624624,-171.9306358381503,-202.0,299,0.0823011285439031,0.07379963976674973,85
shadow-burnin-v3-r50-tsv2-logging-only-target60-stop60-exit-replay-maxwait66000-r1,R0_BROAD,1000,-300,40000,200,3633,-987924,-271.9306358381503,-302.0,291,0.08009909165978531,0.07170941075862874,85
shadow-burnin-v3-r50-tsv2-logging-only-target60-stop60-exit-replay-maxwait66000-r1,R0_BROAD,1000,-500,20000,100,3633,-740567,-203.84448114505918,-202.0,298,0.08202587393338838,0.07353825639257429,85
shadow-burnin-v3-r50-tsv2-logging-only-target60-stop60-exit-replay-maxwait66000-r1,R0_BROAD,1000,-500,20000,200,3633,-1103867,-303.8444811450592,-302.0,282,0.07762180016515277,0.06936025050628747,85
shadow-burnin-v3-r50-tsv2-logging-only-target60-stop60-exit-replay-maxwait66000-r1,R0_BROAD,1000,-500,30000,100,3633,-750255,-206.51114781172583,-202.0,308,0.08477842003853564,0.07615340262934363,85
shadow-burnin-v3-r50-tsv2-logging-only-target60-stop60-exit-replay-maxwait66000-r1,R0_BROAD,1000,-500,30000,200,3633,-1113555,-306.51114781172583,-302.0,295,0.0812001101018442,0.07275428473420342,85
shadow-burnin-v3-r50-tsv2-logging-only-target60-stop60-exit-replay-maxwait66000-r1,R0_BROAD,1000,-500,40000,100,3633,-744380,-204.89402697495183,-202.0,326,0.08973300302780071,0.08086773174896332,85
shadow-burnin-v3-r50-tsv2-logging-only-target60-stop60-exit-replay-maxwait66000-r1,R0_BROAD,1000,-500,40000,200,3633,-1107680,-304.8940269749518,-302.0,317,0.08725571153316818,0.07850946259244258,85
shadow-burnin-v3-r50-tsv2-logging-only-target60-stop60-exit-replay-maxwait66000-r1,R0_BROAD,1000,-700,20000,100,3633,-835733,-230.0393614093036,-202.0,311,0.08560418387007983,0.07693850518693489,85
shadow-burnin-v3-r50-tsv2-logging-only-target60-stop60-exit-replay-maxwait66000-r1,R0_BROAD,1000,-700,20000,200,3633,-1199033,-330.0393614093036,-302.0,295,0.0812001101018442,0.07275428473420342,85
shadow-burnin-v3-r50-tsv2-logging-only-target60-stop60-exit-replay-maxwait66000-r1,R0_BROAD,1000,-700,30000,100,3633,-848741,-233.61987338287918,-202.0,328,0.09028351224883016,0.0813920832215026,85
shadow-burnin-v3-r50-tsv2-logging-only-target60-stop60-exit-replay-maxwait66000-r1,R0_BROAD,1000,-700,30000,200,3633,-1212041,-333.6198733828792,-302.0,314,0.086429947701624,0.07772385959238612,85
shadow-burnin-v3-r50-tsv2-logging-only-target60-stop60-exit-replay-maxwait66000-r1,R0_BROAD,1000,-700,40000,100,3633,-848215,-233.47508945774842,-202.0,346,0.09523809523809523,0.08611583461564405,85
shadow-burnin-v3-r50-tsv2-logging-only-target60-stop60-exit-replay-maxwait66000-r1,R0_BROAD,1000,-700,40000,200,3633,-1211515,-333.4750894577484,-302.0,337,0.0927608037434627,0.08375294175087726,85
shadow-burnin-v3-r50-tsv2-logging-only-target60-stop60-exit-replay-maxwait66000-r1,R0_BROAD,1000,-1000,20000,100,3633,-952136,-262.0798238370493,-202.0,323,0.08890723919625654,0.08008140173952835,85
shadow-burnin-v3-r50-tsv2-logging-only-target60-stop60-exit-replay-maxwait66000-r1,R0_BROAD,1000,-1000,20000,200,3633,-1315436,-362.0798238370493,-302.0,305,0.08395265620699147,0.07536855525115435,85
shadow-burnin-v3-r50-tsv2-logging-only-target60-stop60-exit-replay-maxwait66000-r1,R0_BROAD,1000,-1000,30000,100,3633,-977590,-269.0861546930911,-202.0,341,0.09386182218552161,0.08480286950920642,85
shadow-burnin-v3-r50-tsv2-logging-only-target60-stop60-exit-replay-maxwait66000-r1,R0_BROAD,1000,-1000,30000,200,3633,-1340890,-369.0861546930911,-302.0,327,0.09000825763831544,0.08112989441097783,85
shadow-burnin-v3-r50-tsv2-logging-only-target60-stop60-exit-replay-maxwait66000-r1,R0_BROAD,1000,-1000,40000,100,3633,-983517,-270.7175887696119,-202.0,362,0.09964216900633086,0.09032133916382934,85
shadow-burnin-v3-r50-tsv2-logging-only-target60-stop60-exit-replay-maxwait66000-r1,R0_BROAD,1000,-1000,40000,200,3633,-1346817,-370.7175887696119,-302.0,353,0.09716487751169832,0.08795500126151555,85
shadow-burnin-v3-r50-tsv2-logging-only-target60-stop60-exit-replay-maxwait66000-r1,R0_BROAD,1500,-300,20000,100,3633,-579687,-159.56151940545004,-202.0,265,0.07294247178640242,0.06493011092987214,85
shadow-burnin-v3-r50-tsv2-logging-only-target60-stop60-exit-replay-maxwait66000-r1,R0_BROAD,1500,-300,20000,200,3633,-942987,-259.56151940545004,-302.0,252,0.06936416184971098,0.061549106732969795,85
shadow-burnin-v3-r50-tsv2-logging-only-target60-stop60-exit-replay-maxwait66000-r1,R0_BROAD,1500,-300,30000,100,3633,-580342,-159.74181117533718,-202.0,261,0.07184145334434351,0.06388915608186663,88
shadow-burnin-v3-r50-tsv2-logging-only-target60-stop60-exit-replay-maxwait66000-r1,R0_BROAD,1500,-300,30000,200,3633,-943642,-259.7418111753372,-302.0,250,0.06881365262868153,0.061029501196621865,89
shadow-burnin-v3-r50-tsv2-logging-only-target60-stop60-exit-replay-maxwait66000-r1,R0_BROAD,1500,-300,40000,100,3633,-580906,-159.8970547756675,-202.0,265,0.07294247178640242,0.06493011092987214,85
shadow-burnin-v3-r50-tsv2-logging-only-target60-stop60-exit-replay-maxwait66000-r1,R0_BROAD,1500,-300,40000,200,3633,-944206,-259.89705477566747,-302.0,257,0.07074043490228461,0.06284877021793786,85
shadow-burnin-v3-r50-tsv2-logging-only-target60-stop60-exit-replay-maxwait66000-r1,R0_BROAD,1500,-500,20000,100,3633,-689878,-189.8921001926782,-202.0,282,0.07762180016515277,0.06936025050628747,85
shadow-burnin-v3-r50-tsv2-logging-only-target60-stop60-exit-replay-maxwait66000-r1,R0_BROAD,1500,-500,20000,200,3633,-1053178,-289.89210019267824,-302.0,266,0.07321772639691715,0.06519043715340592,85
shadow-burnin-v3-r50-tsv2-logging-only-target60-stop60-exit-replay-maxwait66000-r1,R0_BROAD,1500,-500,30000,100,3633,-698693,-192.31846958436554,-202.0,285,0.07844756399669695,0.07014302163611333,85
shadow-burnin-v3-r50-tsv2-logging-only-target60-stop60-exit-replay-maxwait66000-r1,R0_BROAD,1500,-500,30000,200,3633,-1061993,-292.3184695843655,-302.0,271,0.07459399944949077,0.06649258435721962,85
shadow-burnin-v3-r50-tsv2-logging-only-target60-stop60-exit-replay-maxwait66000-r1,R0_BROAD,1500,-500,40000,100,3633,-699831,-192.6317093311313,-202.0,292,0.08037434627030003,0.07197058366428648,85
shadow-burnin-v3-r50-tsv2-logging-only-target60-stop60-exit-replay-maxwait66000-r1,R0_BROAD,1500,-500,40000,200,3633,-1063131,-292.6317093311313,-302.0,283,0.0778970547756675,0.06962114244858646,85
shadow-burnin-v3-r50-tsv2-logging-only-target60-stop60-exit-replay-maxwait66000-r1,R0_BROAD,1500,-700,20000,100,3633,-784758,-216.00825763831543,-202.0,295,0.0812001101018442,0.07275428473420342,85
shadow-burnin-v3-r50-tsv2-logging-only-target60-stop60-exit-replay-maxwait66000-r1,R0_BROAD,1500,-700,20000,200,3633,-1148058,-316.00825763831546,-302.0,279,0.07679603633360858,0.06857776714349463,85
shadow-burnin-v3-r50-tsv2-logging-only-target60-stop60-exit-replay-maxwait66000-r1,R0_BROAD,1500,-700,30000,100,3633,-796493,-219.23837049270574,-202.0,304,0.08367740159647674,0.07510699675238856,85
shadow-burnin-v3-r50-tsv2-logging-only-target60-stop60-exit-replay-maxwait66000-r1,R0_BROAD,1500,-700,30000,200,3633,-1159793,-319.23837049270577,-302.0,289,0.07954858243875584,0.07118715698010034,85
shadow-burnin-v3-r50-tsv2-logging-only-target60-stop60-exit-replay-maxwait66000-r1,R0_BROAD,1500,-700,40000,100,3633,-802700,-220.94687586017065,-202.0,312,0.08587943848059455,0.07720026216789674,85
shadow-burnin-v3-r50-tsv2-logging-only-target60-stop60-exit-replay-maxwait66000-r1,R0_BROAD,1500,-700,40000,200,3633,-1166000,-320.9468758601707,-302.0,303,0.08340214698596202,0.07484546711380093,85
shadow-burnin-v3-r50-tsv2-logging-only-target60-stop60-exit-replay-maxwait66000-r1,R0_BROAD,1500,-1000,20000,100,3633,-897987,-247.17506193228738,-202.0,309,0.08505367464905036,0.07641507529476745,85
shadow-burnin-v3-r50-tsv2-logging-only-target60-stop60-exit-replay-maxwait66000-r1,R0_BROAD,1500,-1000,20000,200,3633,-1261287,-347.17506193228735,-302.0,291,0.08009909165978531,0.07170941075862874,85
shadow-burnin-v3-r50-tsv2-logging-only-target60-stop60-exit-replay-maxwait66000-r1,R0_BROAD,1500,-1000,30000,100,3633,-922053,-253.79933938893475,-202.0,319,0.08780622075419764,0.0790333344617361,85
shadow-burnin-v3-r50-tsv2-logging-only-target60-stop60-exit-replay-maxwait66000-r1,R0_BROAD,1500,-1000,30000,200,3633,-1285353,-353.79933938893475,-302.0,304,0.08367740159647674,0.07510699675238856,85
shadow-burnin-v3-r50-tsv2-logging-only-target60-stop60-exit-replay-maxwait66000-r1,R0_BROAD,1500,-1000,40000,100,3633,-934696,-257.27938342967246,-202.0,332,0.09138453069088907,0.08244109781408256,85
shadow-burnin-v3-r50-tsv2-logging-only-target60-stop60-exit-replay-maxwait66000-r1,R0_BROAD,1500,-1000,40000,200,3633,-1297996,-357.27938342967246,-302.0,321,0.08835672997522709,0.07955731448047819,85
shadow-burnin-v3-r50-tsv2-logging-only-target60-stop60-exit-replay-maxwait66000-r1,R0_BROAD,2000,-300,20000,100,3633,-554561,-152.64547206165705,-202.0,255,0.07018992568125516,0.06232879446546745,126
shadow-burnin-v3-r50-tsv2-logging-only-target60-stop60-exit-replay-maxwait66000-r1,R0_BROAD,2000,-300,20000,200,3633,-917861,-252.64547206165705,-302.0,242,0.06661161574456372,0.05895260563236677,126
shadow-burnin-v3-r50-tsv2-logging-only-target60-stop60-exit-replay-maxwait66000-r1,R0_BROAD,2000,-300,30000,100,3633,-558023,-153.598403523259,-202.0,243,0.06688687035507845,0.05921208173682571,88
shadow-burnin-v3-r50-tsv2-logging-only-target60-stop60-exit-replay-maxwait66000-r1,R0_BROAD,2000,-300,30000,200,3633,-921323,-253.598403523259,-302.0,232,0.06385906963941645,0.05636005413703943,89
shadow-burnin-v3-r50-tsv2-logging-only-target60-stop60-exit-replay-maxwait66000-r1,R0_BROAD,2000,-300,40000,100,3633,-560463,-154.27002477291495,-202.0,241,0.06633636113404899,0.058693169004926,86
shadow-burnin-v3-r50-tsv2-logging-only-target60-stop60-exit-replay-maxwait66000-r1,R0_BROAD,2000,-300,40000,200,3633,-923763,-254.27002477291495,-302.0,233,0.06413432424993118,0.05661912494915213,86
shadow-burnin-v3-r50-tsv2-logging-only-target60-stop60-exit-replay-maxwait66000-r1,R0_BROAD,2000,-500,20000,100,3633,-666280,-183.3966418937517,-202.0,271,0.07459399944949077,0.06649258435721962,94
shadow-burnin-v3-r50-tsv2-logging-only-target60-stop60-exit-replay-maxwait66000-r1,R0_BROAD,2000,-500,20000,200,3633,-1029580,-283.39664189375173,-302.0,255,0.07018992568125516,0.06232879446546745,126
shadow-burnin-v3-r50-tsv2-logging-only-target60-stop60-exit-replay-maxwait66000-r1,R0_BROAD,2000,-500,30000,100,3633,-677602,-186.51307459399945,-202.0,266,0.07321772639691715,0.06519043715340592,86
shadow-burnin-v3-r50-tsv2-logging-only-target60-stop60-exit-replay-maxwait66000-r1,R0_BROAD,2000,-500,30000,200,3633,-1040902,-286.5130745939995,-302.0,252,0.06936416184971098,0.061549106732969795,86
shadow-burnin-v3-r50-tsv2-logging-only-target60-stop60-exit-replay-maxwait66000-r1,R0_BROAD,2000,-500,40000,100,3633,-679950,-187.15937241948802,-202.0,267,0.07349298100743187,0.0654507980189083,86
shadow-burnin-v3-r50-tsv2-logging-only-target60-stop60-exit-replay-maxwait66000-r1,R0_BROAD,2000,-500,40000,200,3633,-1043250,-287.159372419488,-302.0,258,0.07101568951279934,0.06310881267960182,86
shadow-burnin-v3-r50-tsv2-logging-only-target60-stop60-exit-replay-maxwait66000-r1,R0_BROAD,2000,-700,20000,100,3633,-760277,-209.26974951830442,-202.0,284,0.07817230938618222,0.06988206620958527,94
shadow-burnin-v3-r50-tsv2-logging-only-target60-stop60-exit-replay-maxwait66000-r1,R0_BROAD,2000,-700,20000,200,3633,-1123577,-309.2697495183044,-302.0,268,0.0737682356179466,0.06571119334798678,126
shadow-burnin-v3-r50-tsv2-logging-only-target60-stop60-exit-replay-maxwait66000-r1,R0_BROAD,2000,-700,30000,100,3633,-774582,-213.2072667217176,-202.0,286,0.07872281860721167,0.07040400857632372,86
shadow-burnin-v3-r50-tsv2-logging-only-target60-stop60-exit-replay-maxwait66000-r1,R0_BROAD,2000,-700,30000,200,3633,-1137882,-313.2072667217176,-302.0,271,0.07459399944949077,0.06649258435721962,86
shadow-burnin-v3-r50-tsv2-logging-only-target60-stop60-exit-replay-maxwait66000-r1,R0_BROAD,2000,-700,40000,100,3633,-779909,-214.67354803192953,-202.0,288,0.07927332782824112,0.07092607639692639,86
shadow-burnin-v3-r50-tsv2-logging-only-target60-stop60-exit-replay-maxwait66000-r1,R0_BROAD,2000,-700,40000,200,3633,-1143209,-314.67354803192956,-302.0,279,0.07679603633360858,0.06857776714349463,86
shadow-burnin-v3-r50-tsv2-logging-only-target60-stop60-exit-replay-maxwait66000-r1,R0_BROAD,2000,-1000,20000,100,3633,-875602,-241.0134874759152,-202.0,297,0.08175061932287365,0.07327690267156174,94
shadow-burnin-v3-r50-tsv2-logging-only-target60-stop60-exit-replay-maxwait66000-r1,R0_BROAD,2000,-1000,20000,200,3633,-1238902,-341.0134874759152,-302.0,279,0.07679603633360858,0.06857776714349463,126
shadow-burnin-v3-r50-tsv2-logging-only-target60-stop60-exit-replay-maxwait66000-r1,R0_BROAD,2000,-1000,30000,100,3633,-901951,-248.26617120836775,-202.0,301,0.08285163776493257,0.07432249493613377,86
shadow-burnin-v3-r50-tsv2-logging-only-target60-stop60-exit-replay-maxwait66000-r1,R0_BROAD,2000,-1000,30000,200,3633,-1265251,-348.2661712083677,-302.0,286,0.07872281860721167,0.07040400857632372,86
shadow-burnin-v3-r50-tsv2-logging-only-target60-stop60-exit-replay-maxwait66000-r1,R0_BROAD,2000,-1000,40000,100,3633,-914108,-251.61244150839528,-202.0,308,0.08477842003853564,0.07615340262934363,86
shadow-burnin-v3-r50-tsv2-logging-only-target60-stop60-exit-replay-maxwait66000-r1,R0_BROAD,2000,-1000,40000,200,3633,-1277408,-351.61244150839525,-302.0,297,0.08175061932287365,0.07327690267156174,86
shadow-burnin-v3-r50-tsv2-logging-only-target60-stop60-exit-replay-maxwait66000-r1,R0_BROAD,2500,-300,20000,100,3633,-536659,-147.7178640242224,-202.0,252,0.06936416184971098,0.061549106732969795,126
shadow-burnin-v3-r50-tsv2-logging-only-target60-stop60-exit-replay-maxwait66000-r1,R0_BROAD,2500,-300,20000,200,3633,-899959,-247.7178640242224,-302.0,239,0.06578585191301954,0.05817441509314751,126
shadow-burnin-v3-r50-tsv2-logging-only-target60-stop60-exit-replay-maxwait66000-r1,R0_BROAD,2500,-300,30000,100,3633,-527725,-145.25873933388385,-202.0,237,0.06523534269199009,0.05765582184917772,88
shadow-burnin-v3-r50-tsv2-logging-only-target60-stop60-exit-replay-maxwait66000-r1,R0_BROAD,2500,-300,30000,200,3633,-891025,-245.25873933388385,-302.0,226,0.06220754197632811,0.05480651727039353,89
shadow-burnin-v3-r50-tsv2-logging-only-target60-stop60-exit-replay-maxwait66000-r1,R0_BROAD,2500,-300,40000,100,3633,-530329,-145.9755023396642,-202.0,236,0.06496008808147537,0.05739658606552534,86
shadow-burnin-v3-r50-tsv2-logging-only-target60-stop60-exit-replay-maxwait66000-r1,R0_BROAD,2500,-300,40000,200,3633,-893629,-245.9755023396642,-302.0,227,0.06248279658684283,0.055065333076929845,86
shadow-burnin-v3-r50-tsv2-logging-only-target60-stop60-exit-replay-maxwait66000-r1,R0_BROAD,2500,-500,20000,100,3633,-646778,-178.02862647949354,-202.0,268,0.0737682356179466,0.06571119334798678,94
shadow-burnin-v3-r50-tsv2-logging-only-target60-stop60-exit-replay-maxwait66000-r1,R0_BROAD,2500,-500,20000,200,3633,-1010078,-278.02862647949354,-302.0,252,0.06936416184971098,0.061549106732969795,126
shadow-burnin-v3-r50-tsv2-logging-only-target60-stop60-exit-replay-maxwait66000-r1,R0_BROAD,2500,-500,30000,100,3633,-645550,-177.69061381778144,-202.0,260,0.07156619873382879,0.0636290058029678,86
shadow-burnin-v3-r50-tsv2-logging-only-target60-stop60-exit-replay-maxwait66000-r1,R0_BROAD,2500,-500,30000,200,3633,-1008850,-277.69061381778147,-302.0,246,0.06771263418662263,0.05999074467241995,86
shadow-burnin-v3-r50-tsv2-logging-only-target60-stop60-exit-replay-maxwait66000-r1,R0_BROAD,2500,-500,40000,100,3633,-647930,-178.3457197908065,-202.0,262,0.07211670795485825,0.06414934192005273,86
shadow-burnin-v3-r50-tsv2-logging-only-target60-stop60-exit-replay-maxwait66000-r1,R0_BROAD,2500,-500,40000,200,3633,-1011230,-278.34571979080647,-302.0,252,0.06936416184971098,0.061549106732969795,86
shadow-burnin-v3-r50-tsv2-logging-only-target60-stop60-exit-replay-maxwait66000-r1,R0_BROAD,2500,-700,20000,100,3633,-739864,-203.65097715386733,-202.0,281,0.07734654555463805,0.0690993905371989,94
shadow-burnin-v3-r50-tsv2-logging-only-target60-stop60-exit-replay-maxwait66000-r1,R0_BROAD,2500,-700,20000,200,3633,-1103164,-303.6509771538673,-302.0,265,0.07294247178640242,0.06493011092987214,126
shadow-burnin-v3-r50-tsv2-logging-only-target60-stop60-exit-replay-maxwait66000-r1,R0_BROAD,2500,-700,30000,100,3633,-739747,-203.6187723644371,-202.0,280,0.07707129094412331,0.0688385626971878,86
shadow-burnin-v3-r50-tsv2-logging-only-target60-stop60-exit-replay-maxwait66000-r1,R0_BROAD,2500,-700,30000,200,3633,-1103047,-303.6187723644371,-302.0,265,0.07294247178640242,0.06493011092987214,86
shadow-burnin-v3-r50-tsv2-logging-only-target60-stop60-exit-replay-maxwait66000-r1,R0_BROAD,2500,-700,40000,100,3633,-744761,-204.99889898155794,-202.0,283,0.0778970547756675,0.06962114244858646,86
shadow-burnin-v3-r50-tsv2-logging-only-target60-stop60-exit-replay-maxwait66000-r1,R0_BROAD,2500,-700,40000,200,3633,-1108061,-304.99889898155794,-302.0,273,0.07514450867052024,0.06701368081687394,86
shadow-burnin-v3-r50-tsv2-logging-only-target60-stop60-exit-replay-maxwait66000-r1,R0_BROAD,2500,-1000,20000,100,3633,-854093,-235.093036058354,-202.0,294,0.08092485549132948,0.07249302079329377,94
shadow-burnin-v3-r50-tsv2-logging-only-target60-stop60-exit-replay-maxwait66000-r1,R0_BROAD,2500,-1000,20000,200,3633,-1217393,-335.09303605835396,-302.0,276,0.07597027250206441,0.06779557579368692,126
shadow-burnin-v3-r50-tsv2-logging-only-target60-stop60-exit-replay-maxwait66000-r1,R0_BROAD,2500,-1000,30000,100,3633,-864816,-238.0445912469034,-202.0,295,0.0812001101018442,0.07275428473420342,86
shadow-burnin-v3-r50-tsv2-logging-only-target60-stop60-exit-replay-maxwait66000-r1,R0_BROAD,2500,-1000,30000,200,3633,-1228116,-338.0445912469034,-302.0,280,0.07707129094412331,0.0688385626971878,86
shadow-burnin-v3-r50-tsv2-logging-only-target60-stop60-exit-replay-maxwait66000-r1,R0_BROAD,2500,-1000,40000,100,3633,-875487,-240.98183319570603,-202.0,303,0.08340214698596202,0.07484546711380093,86
shadow-burnin-v3-r50-tsv2-logging-only-target60-stop60-exit-replay-maxwait66000-r1,R0_BROAD,2500,-1000,40000,200,3633,-1238787,-340.98183319570603,-302.0,291,0.08009909165978531,0.07170941075862874,86
shadow-burnin-v3-r50-tsv2-logging-only-target60-stop60-exit-replay-maxwait66000-r1,R1_DEV_SIGNER_CONCENTRATION,1000,-300,20000,100,1409,-286285,-203.18310858765082,-202.0,37,0.0262597586941093,0.01911081089370025,197
shadow-burnin-v3-r50-tsv2-logging-only-target60-stop60-exit-replay-maxwait66000-r1,R1_DEV_SIGNER_CONCENTRATION,1000,-300,20000,200,1409,-427185,-303.1831085876508,-302.0,34,0.0241305890702626,0.017318844360992906,197
shadow-burnin-v3-r50-tsv2-logging-only-target60-stop60-exit-replay-maxwait66000-r1,R1_DEV_SIGNER_CONCENTRATION,1000,-300,30000,100,1409,-288837,-204.99432221433642,-202.0,37,0.0262597586941093,0.01911081089370025,197
shadow-burnin-v3-r50-tsv2-logging-only-target60-stop60-exit-replay-maxwait66000-r1,R1_DEV_SIGNER_CONCENTRATION,1000,-300,30000,200,1409,-429737,-304.9943222143364,-302.0,34,0.0241305890702626,0.017318844360992906,197
shadow-burnin-v3-r50-tsv2-logging-only-target60-stop60-exit-replay-maxwait66000-r1,R1_DEV_SIGNER_CONCENTRATION,1000,-300,40000,100,1409,-286682,-203.46486870120654,-202.0,41,0.029098651525904896,0.021521521811422688,197
shadow-burnin-v3-r50-tsv2-logging-only-target60-stop60-exit-replay-maxwait66000-r1,R1_DEV_SIGNER_CONCENTRATION,1000,-300,40000,200,1409,-427582,-303.4648687012065,-302.0,40,0.028388928317955996,0.020916716605050376,197
shadow-burnin-v3-r50-tsv2-logging-only-target60-stop60-exit-replay-maxwait66000-r1,R1_DEV_SIGNER_CONCENTRATION,1000,-500,20000,100,1409,-308247,-218.77004968062457,-202.0,38,0.0269694819020582,0.01971130879984496,197
shadow-burnin-v3-r50-tsv2-logging-only-target60-stop60-exit-replay-maxwait66000-r1,R1_DEV_SIGNER_CONCENTRATION,1000,-500,20000,200,1409,-449147,-318.77004968062454,-302.0,35,0.0248403122782115,0.01791451509710688,197
shadow-burnin-v3-r50-tsv2-logging-only-target60-stop60-exit-replay-maxwait66000-r1,R1_DEV_SIGNER_CONCENTRATION,1000,-500,30000,100,1409,-313982,-222.84031227821148,-202.0,38,0.0269694819020582,0.01971130879984496,197
shadow-burnin-v3-r50-tsv2-logging-only-target60-stop60-exit-replay-maxwait66000-r1,R1_DEV_SIGNER_CONCENTRATION,1000,-500,30000,200,1409,-454882,-322.8403122782115,-302.0,35,0.0248403122782115,0.01791451509710688,197
shadow-burnin-v3-r50-tsv2-logging-only-target60-stop60-exit-replay-maxwait66000-r1,R1_DEV_SIGNER_CONCENTRATION,1000,-500,40000,100,1409,-313218,-222.29808374733855,-202.0,42,0.029808374733853796,0.02212766325389633,197
shadow-burnin-v3-r50-tsv2-logging-only-target60-stop60-exit-replay-maxwait66000-r1,R1_DEV_SIGNER_CONCENTRATION,1000,-500,40000,200,1409,-454118,-322.2980837473385,-302.0,41,0.029098651525904896,0.021521521811422688,197
shadow-burnin-v3-r50-tsv2-logging-only-target60-stop60-exit-replay-maxwait66000-r1,R1_DEV_SIGNER_CONCENTRATION,1000,-700,20000,100,1409,-327369,-232.3413768630234,-202.0,40,0.028388928317955996,0.020916716605050376,164
shadow-burnin-v3-r50-tsv2-logging-only-target60-stop60-exit-replay-maxwait66000-r1,R1_DEV_SIGNER_CONCENTRATION,1000,-700,20000,200,1409,-468269,-332.3413768630234,-302.0,37,0.0262597586941093,0.01911081089370025,164
shadow-burnin-v3-r50-tsv2-logging-only-target60-stop60-exit-replay-maxwait66000-r1,R1_DEV_SIGNER_CONCENTRATION,1000,-700,30000,100,1409,-332208,-235.77572746628815,-202.0,42,0.029808374733853796,0.02212766325389633,164
shadow-burnin-v3-r50-tsv2-logging-only-target60-stop60-exit-replay-maxwait66000-r1,R1_DEV_SIGNER_CONCENTRATION,1000,-700,30000,200,1409,-473108,-335.7757274662882,-302.0,38,0.0269694819020582,0.01971130879984496,164
shadow-burnin-v3-r50-tsv2-logging-only-target60-stop60-exit-replay-maxwait66000-r1,R1_DEV_SIGNER_CONCENTRATION,1000,-700,40000,100,1409,-331304,-235.13413768630235,-202.0,46,0.032647267565649396,0.024564728594810476,164
shadow-burnin-v3-r50-tsv2-logging-only-target60-stop60-exit-replay-maxwait66000-r1,R1_DEV_SIGNER_CONCENTRATION,1000,-700,40000,200,1409,-472204,-335.1341376863023,-302.0,45,0.0319375443577005,0.023953667657829227,164
shadow-burnin-v3-r50-tsv2-logging-only-target60-stop60-exit-replay-maxwait66000-r1,R1_DEV_SIGNER_CONCENTRATION,1000,-1000,20000,100,1409,-341760,-242.55500354861604,-202.0,40,0.028388928317955996,0.020916716605050376,164
shadow-burnin-v3-r50-tsv2-logging-only-target60-stop60-exit-replay-maxwait66000-r1,R1_DEV_SIGNER_CONCENTRATION,1000,-1000,20000,200,1409,-482660,-342.555003548616,-302.0,37,0.0262597586941093,0.01911081089370025,164
shadow-burnin-v3-r50-tsv2-logging-only-target60-stop60-exit-replay-maxwait66000-r1,R1_DEV_SIGNER_CONCENTRATION,1000,-1000,30000,100,1409,-348748,-247.51454932576294,-202.0,42,0.029808374733853796,0.02212766325389633,164
shadow-burnin-v3-r50-tsv2-logging-only-target60-stop60-exit-replay-maxwait66000-r1,R1_DEV_SIGNER_CONCENTRATION,1000,-1000,30000,200,1409,-489648,-347.51454932576297,-302.0,38,0.0269694819020582,0.01971130879984496,164
shadow-burnin-v3-r50-tsv2-logging-only-target60-stop60-exit-replay-maxwait66000-r1,R1_DEV_SIGNER_CONCENTRATION,1000,-1000,40000,100,1409,-347950,-246.94819020581974,-202.0,46,0.032647267565649396,0.024564728594810476,164
shadow-burnin-v3-r50-tsv2-logging-only-target60-stop60-exit-replay-maxwait66000-r1,R1_DEV_SIGNER_CONCENTRATION,1000,-1000,40000,200,1409,-488850,-346.94819020581974,-302.0,45,0.0319375443577005,0.023953667657829227,164
shadow-burnin-v3-r50-tsv2-logging-only-target60-stop60-exit-replay-maxwait66000-r1,R1_DEV_SIGNER_CONCENTRATION,1500,-300,20000,100,1409,-282267,-200.33144073811215,-202.0,35,0.0248403122782115,0.01791451509710688,197
shadow-burnin-v3-r50-tsv2-logging-only-target60-stop60-exit-replay-maxwait66000-r1,R1_DEV_SIGNER_CONCENTRATION,1500,-300,20000,200,1409,-423167,-300.3314407381121,-302.0,32,0.0227111426543648,0.016132809851357403,197
shadow-burnin-v3-r50-tsv2-logging-only-target60-stop60-exit-replay-maxwait66000-r1,R1_DEV_SIGNER_CONCENTRATION,1500,-300,30000,100,1409,-285856,-202.87863733144073,-202.0,34,0.0241305890702626,0.017318844360992906,197
shadow-burnin-v3-r50-tsv2-logging-only-target60-stop60-exit-replay-maxwait66000-r1,R1_DEV_SIGNER_CONCENTRATION,1500,-300,30000,200,1409,-426756,-302.87863733144076,-302.0,31,0.0220014194464159,0.015542603095048286,197
shadow-burnin-v3-r50-tsv2-logging-only-target60-stop60-exit-replay-maxwait66000-r1,R1_DEV_SIGNER_CONCENTRATION,1500,-300,40000,100,1409,-282039,-200.16962384669978,-202.0,37,0.0262597586941093,0.01911081089370025,197
shadow-burnin-v3-r50-tsv2-logging-only-target60-stop60-exit-replay-maxwait66000-r1,R1_DEV_SIGNER_CONCENTRATION,1500,-300,40000,200,1409,-422939,-300.1696238466998,-302.0,36,0.0255500354861604,0.018511859180606948,197
shadow-burnin-v3-r50-tsv2-logging-only-target60-stop60-exit-replay-maxwait66000-r1,R1_DEV_SIGNER_CONCENTRATION,1500,-500,20000,100,1409,-304129,-215.847409510291,-202.0,36,0.0255500354861604,0.018511859180606948,197
shadow-burnin-v3-r50-tsv2-logging-only-target60-stop60-exit-replay-maxwait66000-r1,R1_DEV_SIGNER_CONCENTRATION,1500,-500,20000,200,1409,-445029,-315.84740951029096,-302.0,33,0.0234208658623137,0.01672491740222945,197
shadow-burnin-v3-r50-tsv2-logging-only-target60-stop60-exit-replay-maxwait66000-r1,R1_DEV_SIGNER_CONCENTRATION,1500,-500,30000,100,1409,-311101,-220.79559971611073,-202.0,35,0.0248403122782115,0.01791451509710688,197
shadow-burnin-v3-r50-tsv2-logging-only-target60-stop60-exit-replay-maxwait66000-r1,R1_DEV_SIGNER_CONCENTRATION,1500,-500,30000,200,1409,-452001,-320.7955997161107,-302.0,32,0.0227111426543648,0.016132809851357403,197
shadow-burnin-v3-r50-tsv2-logging-only-target60-stop60-exit-replay-maxwait66000-r1,R1_DEV_SIGNER_CONCENTRATION,1500,-500,40000,100,1409,-308675,-219.0738112136267,-202.0,38,0.0269694819020582,0.01971130879984496,197
shadow-burnin-v3-r50-tsv2-logging-only-target60-stop60-exit-replay-maxwait66000-r1,R1_DEV_SIGNER_CONCENTRATION,1500,-500,40000,200,1409,-449575,-319.0738112136267,-302.0,37,0.0262597586941093,0.01911081089370025,197
shadow-burnin-v3-r50-tsv2-logging-only-target60-stop60-exit-replay-maxwait66000-r1,R1_DEV_SIGNER_CONCENTRATION,1500,-700,20000,100,1409,-323651,-229.7026259758694,-202.0,38,0.0269694819020582,0.01971130879984496,164
shadow-burnin-v3-r50-tsv2-logging-only-target60-stop60-exit-replay-maxwait66000-r1,R1_DEV_SIGNER_CONCENTRATION,1500,-700,20000,200,1409,-464551,-329.7026259758694,-302.0,35,0.0248403122782115,0.01791451509710688,164
shadow-burnin-v3-r50-tsv2-logging-only-target60-stop60-exit-replay-maxwait66000-r1,R1_DEV_SIGNER_CONCENTRATION,1500,-700,30000,100,1409,-330717,-234.71753016323635,-202.0,38,0.0269694819020582,0.01971130879984496,164
shadow-burnin-v3-r50-tsv2-logging-only-target60-stop60-exit-replay-maxwait66000-r1,R1_DEV_SIGNER_CONCENTRATION,1500,-700,30000,200,1409,-471617,-334.71753016323635,-302.0,34,0.0241305890702626,0.017318844360992906,164
shadow-burnin-v3-r50-tsv2-logging-only-target60-stop60-exit-replay-maxwait66000-r1,R1_DEV_SIGNER_CONCENTRATION,1500,-700,40000,100,1409,-328378,-233.05748757984387,-202.0,41,0.029098651525904896,0.021521521811422688,164
shadow-burnin-v3-r50-tsv2-logging-only-target60-stop60-exit-replay-maxwait66000-r1,R1_DEV_SIGNER_CONCENTRATION,1500,-700,40000,200,1409,-469278,-333.05748757984384,-302.0,40,0.028388928317955996,0.020916716605050376,164
shadow-burnin-v3-r50-tsv2-logging-only-target60-stop60-exit-replay-maxwait66000-r1,R1_DEV_SIGNER_CONCENTRATION,1500,-1000,20000,100,1409,-336142,-238.56777856635912,-202.0,39,0.027679205110007096,0.020313295362252043,164
shadow-burnin-v3-r50-tsv2-logging-only-target60-stop60-exit-replay-maxwait66000-r1,R1_DEV_SIGNER_CONCENTRATION,1500,-1000,20000,200,1409,-477042,-338.5677785663591,-302.0,36,0.0255500354861604,0.018511859180606948,164
shadow-burnin-v3-r50-tsv2-logging-only-target60-stop60-exit-replay-maxwait66000-r1,R1_DEV_SIGNER_CONCENTRATION,1500,-1000,30000,100,1409,-345657,-245.3207948899929,-202.0,39,0.027679205110007096,0.020313295362252043,164
shadow-burnin-v3-r50-tsv2-logging-only-target60-stop60-exit-replay-maxwait66000-r1,R1_DEV_SIGNER_CONCENTRATION,1500,-1000,30000,200,1409,-486557,-345.3207948899929,-302.0,35,0.0248403122782115,0.01791451509710688,164
shadow-burnin-v3-r50-tsv2-logging-only-target60-stop60-exit-replay-maxwait66000-r1,R1_DEV_SIGNER_CONCENTRATION,1500,-1000,40000,100,1409,-343724,-243.94889992902768,-202.0,42,0.029808374733853796,0.02212766325389633,164
shadow-burnin-v3-r50-tsv2-logging-only-target60-stop60-exit-replay-maxwait66000-r1,R1_DEV_SIGNER_CONCENTRATION,1500,-1000,40000,200,1409,-484624,-343.9488999290277,-302.0,41,0.029098651525904896,0.021521521811422688,164
shadow-burnin-v3-r50-tsv2-logging-only-target60-stop60-exit-replay-maxwait66000-r1,R1_DEV_SIGNER_CONCENTRATION,2000,-300,20000,100,1409,-278247,-197.47835344215756,-202.0,35,0.0248403122782115,0.01791451509710688,197
shadow-burnin-v3-r50-tsv2-logging-only-target60-stop60-exit-replay-maxwait66000-r1,R1_DEV_SIGNER_CONCENTRATION,2000,-300,20000,200,1409,-419147,-297.4783534421576,-302.0,32,0.0227111426543648,0.016132809851357403,197
shadow-burnin-v3-r50-tsv2-logging-only-target60-stop60-exit-replay-maxwait66000-r1,R1_DEV_SIGNER_CONCENTRATION,2000,-300,30000,100,1409,-282843,-200.7402413058907,-202.0,33,0.0234208658623137,0.01672491740222945,203
shadow-burnin-v3-r50-tsv2-logging-only-target60-stop60-exit-replay-maxwait66000-r1,R1_DEV_SIGNER_CONCENTRATION,2000,-300,30000,200,1409,-423743,-300.7402413058907,-302.0,30,0.021291696238467,0.014954384910453906,203
shadow-burnin-v3-r50-tsv2-logging-only-target60-stop60-exit-replay-maxwait66000-r1,R1_DEV_SIGNER_CONCENTRATION,2000,-300,40000,100,1409,-278660,-197.77146912704046,-202.0,35,0.0248403122782115,0.01791451509710688,203
shadow-burnin-v3-r50-tsv2-logging-only-target60-stop60-exit-replay-maxwait66000-r1,R1_DEV_SIGNER_CONCENTRATION,2000,-300,40000,200,1409,-419560,-297.77146912704046,-302.0,34,0.0241305890702626,0.017318844360992906,203
shadow-burnin-v3-r50-tsv2-logging-only-target60-stop60-exit-replay-maxwait66000-r1,R1_DEV_SIGNER_CONCENTRATION,2000,-500,20000,100,1409,-300374,-213.18239886444286,-202.0,36,0.0255500354861604,0.018511859180606948,197
shadow-burnin-v3-r50-tsv2-logging-only-target60-stop60-exit-replay-maxwait66000-r1,R1_DEV_SIGNER_CONCENTRATION,2000,-500,20000,200,1409,-441274,-313.18239886444286,-302.0,33,0.0234208658623137,0.01672491740222945,197
shadow-burnin-v3-r50-tsv2-logging-only-target60-stop60-exit-replay-maxwait66000-r1,R1_DEV_SIGNER_CONCENTRATION,2000,-500,30000,100,1409,-307788,-218.44428672817602,-202.0,34,0.0241305890702626,0.017318844360992906,203
shadow-burnin-v3-r50-tsv2-logging-only-target60-stop60-exit-replay-maxwait66000-r1,R1_DEV_SIGNER_CONCENTRATION,2000,-500,30000,200,1409,-448688,-318.444286728176,-302.0,31,0.0220014194464159,0.015542603095048286,203
shadow-burnin-v3-r50-tsv2-logging-only-target60-stop60-exit-replay-maxwait66000-r1,R1_DEV_SIGNER_CONCENTRATION,2000,-500,40000,100,1409,-305196,-216.60468417317247,-202.0,36,0.0255500354861604,0.018511859180606948,203
shadow-burnin-v3-r50-tsv2-logging-only-target60-stop60-exit-replay-maxwait66000-r1,R1_DEV_SIGNER_CONCENTRATION,2000,-500,40000,200,1409,-446096,-316.6046841731725,-302.0,35,0.0248403122782115,0.01791451509710688,203
shadow-burnin-v3-r50-tsv2-logging-only-target60-stop60-exit-replay-maxwait66000-r1,R1_DEV_SIGNER_CONCENTRATION,2000,-700,20000,100,1409,-319896,-227.03761533002128,-202.0,38,0.0269694819020582,0.01971130879984496,164
shadow-burnin-v3-r50-tsv2-logging-only-target60-stop60-exit-replay-maxwait66000-r1,R1_DEV_SIGNER_CONCENTRATION,2000,-700,20000,200,1409,-460796,-327.0376153300213,-302.0,35,0.0248403122782115,0.01791451509710688,164
shadow-burnin-v3-r50-tsv2-logging-only-target60-stop60-exit-replay-maxwait66000-r1,R1_DEV_SIGNER_CONCENTRATION,2000,-700,30000,100,1409,-328183,-232.91909155429383,-202.0,37,0.0262597586941093,0.01911081089370025,164
shadow-burnin-v3-r50-tsv2-logging-only-target60-stop60-exit-replay-maxwait66000-r1,R1_DEV_SIGNER_CONCENTRATION,2000,-700,30000,200,1409,-469083,-332.9190915542938,-302.0,33,0.0234208658623137,0.01672491740222945,164
shadow-burnin-v3-r50-tsv2-logging-only-target60-stop60-exit-replay-maxwait66000-r1,R1_DEV_SIGNER_CONCENTRATION,2000,-700,40000,100,1409,-325878,-231.28317955997161,-202.0,39,0.027679205110007096,0.020313295362252043,164
shadow-burnin-v3-r50-tsv2-logging-only-target60-stop60-exit-replay-maxwait66000-r1,R1_DEV_SIGNER_CONCENTRATION,2000,-700,40000,200,1409,-466778,-331.2831795599716,-302.0,38,0.0269694819020582,0.01971130879984496,164
shadow-burnin-v3-r50-tsv2-logging-only-target60-stop60-exit-replay-maxwait66000-r1,R1_DEV_SIGNER_CONCENTRATION,2000,-1000,20000,100,1409,-334887,-237.67707594038325,-202.0,38,0.0269694819020582,0.01971130879984496,164
shadow-burnin-v3-r50-tsv2-logging-only-target60-stop60-exit-replay-maxwait66000-r1,R1_DEV_SIGNER_CONCENTRATION,2000,-1000,20000,200,1409,-475787,-337.67707594038325,-302.0,35,0.0248403122782115,0.01791451509710688,164
shadow-burnin-v3-r50-tsv2-logging-only-target60-stop60-exit-replay-maxwait66000-r1,R1_DEV_SIGNER_CONCENTRATION,2000,-1000,30000,100,1409,-345923,-245.5095812633073,-202.0,37,0.0262597586941093,0.01911081089370025,164
shadow-burnin-v3-r50-tsv2-logging-only-target60-stop60-exit-replay-maxwait66000-r1,R1_DEV_SIGNER_CONCENTRATION,2000,-1000,30000,200,1409,-486823,-345.5095812633073,-302.0,33,0.0234208658623137,0.01672491740222945,164
shadow-burnin-v3-r50-tsv2-logging-only-target60-stop60-exit-replay-maxwait66000-r1,R1_DEV_SIGNER_CONCENTRATION,2000,-1000,40000,100,1409,-344324,-244.374733853797,-202.0,39,0.027679205110007096,0.020313295362252043,164
shadow-burnin-v3-r50-tsv2-logging-only-target60-stop60-exit-replay-maxwait66000-r1,R1_DEV_SIGNER_CONCENTRATION,2000,-1000,40000,200,1409,-485224,-344.374733853797,-302.0,38,0.0269694819020582,0.01971130879984496,164
shadow-burnin-v3-r50-tsv2-logging-only-target60-stop60-exit-replay-maxwait66000-r1,R1_DEV_SIGNER_CONCENTRATION,2500,-300,20000,100,1409,-277100,-196.66430092264017,-202.0,35,0.0248403122782115,0.01791451509710688,197
shadow-burnin-v3-r50-tsv2-logging-only-target60-stop60-exit-replay-maxwait66000-r1,R1_DEV_SIGNER_CONCENTRATION,2500,-300,20000,200,1409,-418000,-296.66430092264017,-302.0,32,0.0227111426543648,0.016132809851357403,197
shadow-burnin-v3-r50-tsv2-logging-only-target60-stop60-exit-replay-maxwait66000-r1,R1_DEV_SIGNER_CONCENTRATION,2500,-300,30000,100,1409,-280197,-198.86231369765792,-202.0,33,0.0234208658623137,0.01672491740222945,203
shadow-burnin-v3-r50-tsv2-logging-only-target60-stop60-exit-replay-maxwait66000-r1,R1_DEV_SIGNER_CONCENTRATION,2500,-300,30000,200,1409,-421097,-298.8623136976579,-302.0,30,0.021291696238467,0.014954384910453906,203
shadow-burnin-v3-r50-tsv2-logging-only-target60-stop60-exit-replay-maxwait66000-r1,R1_DEV_SIGNER_CONCENTRATION,2500,-300,40000,100,1409,-275156,-195.2845990063875,-202.0,35,0.0248403122782115,0.01791451509710688,203
shadow-burnin-v3-r50-tsv2-logging-only-target60-stop60-exit-replay-maxwait66000-r1,R1_DEV_SIGNER_CONCENTRATION,2500,-300,40000,200,1409,-416056,-295.2845990063875,-302.0,34,0.0241305890702626,0.017318844360992906,203
shadow-burnin-v3-r50-tsv2-logging-only-target60-stop60-exit-replay-maxwait66000-r1,R1_DEV_SIGNER_CONCENTRATION,2500,-500,20000,100,1409,-299227,-212.36834634492547,-202.0,36,0.0255500354861604,0.018511859180606948,197
shadow-burnin-v3-r50-tsv2-logging-only-target60-stop60-exit-replay-maxwait66000-r1,R1_DEV_SIGNER_CONCENTRATION,2500,-500,20000,200,1409,-440127,-312.3683463449255,-302.0,33,0.0234208658623137,0.01672491740222945,197
shadow-burnin-v3-r50-tsv2-logging-only-target60-stop60-exit-replay-maxwait66000-r1,R1_DEV_SIGNER_CONCENTRATION,2500,-500,30000,100,1409,-304642,-216.21149751596877,-202.0,34,0.0241305890702626,0.017318844360992906,203
shadow-burnin-v3-r50-tsv2-logging-only-target60-stop60-exit-replay-maxwait66000-r1,R1_DEV_SIGNER_CONCENTRATION,2500,-500,30000,200,1409,-445542,-316.21149751596874,-302.0,31,0.0220014194464159,0.015542603095048286,203
shadow-burnin-v3-r50-tsv2-logging-only-target60-stop60-exit-replay-maxwait66000-r1,R1_DEV_SIGNER_CONCENTRATION,2500,-500,40000,100,1409,-301192,-213.76295244854506,-202.0,36,0.0255500354861604,0.018511859180606948,203
shadow-burnin-v3-r50-tsv2-logging-only-target60-stop60-exit-replay-maxwait66000-r1,R1_DEV_SIGNER_CONCENTRATION,2500,-500,40000,200,1409,-442092,-313.7629524485451,-302.0,35,0.0248403122782115,0.01791451509710688,203
shadow-burnin-v3-r50-tsv2-logging-only-target60-stop60-exit-replay-maxwait66000-r1,R1_DEV_SIGNER_CONCENTRATION,2500,-700,20000,100,1409,-318749,-226.2235628105039,-202.0,38,0.0269694819020582,0.01971130879984496,164
shadow-burnin-v3-r50-tsv2-logging-only-target60-stop60-exit-replay-maxwait66000-r1,R1_DEV_SIGNER_CONCENTRATION,2500,-700,20000,200,1409,-459649,-326.2235628105039,-302.0,35,0.0248403122782115,0.01791451509710688,164
shadow-burnin-v3-r50-tsv2-logging-only-target60-stop60-exit-replay-maxwait66000-r1,R1_DEV_SIGNER_CONCENTRATION,2500,-700,30000,100,1409,-325037,-230.68630234208658,-202.0,37,0.0262597586941093,0.01911081089370025,164
shadow-burnin-v3-r50-tsv2-logging-only-target60-stop60-exit-replay-maxwait66000-r1,R1_DEV_SIGNER_CONCENTRATION,2500,-700,30000,200,1409,-465937,-330.6863023420866,-302.0,33,0.0234208658623137,0.01672491740222945,164
shadow-burnin-v3-r50-tsv2-logging-only-target60-stop60-exit-replay-maxwait66000-r1,R1_DEV_SIGNER_CONCENTRATION,2500,-700,40000,100,1409,-321874,-228.4414478353442,-202.0,39,0.027679205110007096,0.020313295362252043,164
shadow-burnin-v3-r50-tsv2-logging-only-target60-stop60-exit-replay-maxwait66000-r1,R1_DEV_SIGNER_CONCENTRATION,2500,-700,40000,200,1409,-462774,-328.4414478353442,-302.0,38,0.0269694819020582,0.01971130879984496,164
shadow-burnin-v3-r50-tsv2-logging-only-target60-stop60-exit-replay-maxwait66000-r1,R1_DEV_SIGNER_CONCENTRATION,2500,-1000,20000,100,1409,-333740,-236.86302342086586,-202.0,38,0.0269694819020582,0.01971130879984496,164
shadow-burnin-v3-r50-tsv2-logging-only-target60-stop60-exit-replay-maxwait66000-r1,R1_DEV_SIGNER_CONCENTRATION,2500,-1000,20000,200,1409,-474640,-336.8630234208659,-302.0,35,0.0248403122782115,0.01791451509710688,164
shadow-burnin-v3-r50-tsv2-logging-only-target60-stop60-exit-replay-maxwait66000-r1,R1_DEV_SIGNER_CONCENTRATION,2500,-1000,30000,100,1409,-342777,-243.27679205110007,-202.0,37,0.0262597586941093,0.01911081089370025,164
shadow-burnin-v3-r50-tsv2-logging-only-target60-stop60-exit-replay-maxwait66000-r1,R1_DEV_SIGNER_CONCENTRATION,2500,-1000,30000,200,1409,-483677,-343.2767920511001,-302.0,33,0.0234208658623137,0.01672491740222945,164
shadow-burnin-v3-r50-tsv2-logging-only-target60-stop60-exit-replay-maxwait66000-r1,R1_DEV_SIGNER_CONCENTRATION,2500,-1000,40000,100,1409,-340320,-241.53300212916963,-202.0,39,0.027679205110007096,0.020313295362252043,164
shadow-burnin-v3-r50-tsv2-logging-only-target60-stop60-exit-replay-maxwait66000-r1,R1_DEV_SIGNER_CONCENTRATION,2500,-1000,40000,200,1409,-481220,-341.53300212916963,-302.0,38,0.0269694819020582,0.01971130879984496,164
shadow-burnin-v3-r50-tsv2-logging-only-target60-stop60-exit-replay-maxwait66000-r1,R2_BUY_BURST_MARKUP,1000,-300,20000,100,1214,-169284,-139.44316309719935,-208.0,174,0.14332784184514002,0.12474075672740705,38
shadow-burnin-v3-r50-tsv2-logging-only-target60-stop60-exit-replay-maxwait66000-r1,R2_BUY_BURST_MARKUP,1000,-300,20000,200,1214,-290684,-239.44316309719935,-308.0,167,0.13756177924217464,0.11932641158305099,38
shadow-burnin-v3-r50-tsv2-logging-only-target60-stop60-exit-replay-maxwait66000-r1,R2_BUY_BURST_MARKUP,1000,-300,30000,100,1214,-166103,-136.82289950576606,-211.0,178,0.14662273476112025,0.1278395366436107,38
shadow-burnin-v3-r50-tsv2-logging-only-target60-stop60-exit-replay-maxwait66000-r1,R2_BUY_BURST_MARKUP,1000,-300,30000,200,1214,-287503,-236.82289950576606,-311.0,175,0.1441515650741351,0.12551512608404086,38
shadow-burnin-v3-r50-tsv2-logging-only-target60-stop60-exit-replay-maxwait66000-r1,R2_BUY_BURST_MARKUP,1000,-300,40000,100,1214,-155918,-128.4332784184514,-213.0,189,0.1556836902800659,0.13637852774655101,38
shadow-burnin-v3-r50-tsv2-logging-only-target60-stop60-exit-replay-maxwait66000-r1,R2_BUY_BURST_MARKUP,1000,-300,40000,200,1214,-277318,-228.4332784184514,-313.0,188,0.15485996705107083,0.13560123716925213,38
shadow-burnin-v3-r50-tsv2-logging-only-target60-stop60-exit-replay-maxwait66000-r1,R2_BUY_BURST_MARKUP,1000,-500,20000,100,1214,-233384,-192.24382207578253,-206.0,187,0.15403624382207579,0.13482414630987047,38
shadow-burnin-v3-r50-tsv2-logging-only-target60-stop60-exit-replay-maxwait66000-r1,R2_BUY_BURST_MARKUP,1000,-500,20000,200,1214,-354784,-292.24382207578253,-306.0,177,0.1457990115321252,0.12706451756529627,38
shadow-burnin-v3-r50-tsv2-logging-only-target60-stop60-exit-replay-maxwait66000-r1,R2_BUY_BURST_MARKUP,1000,-500,30000,100,1214,-232302,-191.35255354200987,-209.0,198,0.1630971993410214,0.14338292357671487,28
shadow-burnin-v3-r50-tsv2-logging-only-target60-stop60-exit-replay-maxwait66000-r1,R2_BUY_BURST_MARKUP,1000,-500,30000,200,1214,-353702,-291.3525535420099,-309.0,193,0.15897858319604613,0.1394896617797375,28
shadow-burnin-v3-r50-tsv2-logging-only-target60-stop60-exit-replay-maxwait66000-r1,R2_BUY_BURST_MARKUP,1000,-500,40000,100,1214,-220552,-181.67380560131795,-211.0,212,0.17462932454695224,0.15430857418740046,28
shadow-burnin-v3-r50-tsv2-logging-only-target60-stop60-exit-replay-maxwait66000-r1,R2_BUY_BURST_MARKUP,1000,-500,40000,200,1214,-341952,-281.67380560131795,-311.0,210,0.17298187808896212,0.15274562741911352,28
shadow-burnin-v3-r50-tsv2-logging-only-target60-stop60-exit-replay-maxwait66000-r1,R2_BUY_BURST_MARKUP,1000,-700,20000,100,1214,-287608,-236.90939044481055,-204.0,197,0.16227347611202636,0.14260389142513752,38
shadow-burnin-v3-r50-tsv2-logging-only-target60-stop60-exit-replay-maxwait66000-r1,R2_BUY_BURST_MARKUP,1000,-700,20000,200,1214,-409008,-336.9093904448105,-304.0,187,0.15403624382207579,0.13482414630987047,38
shadow-burnin-v3-r50-tsv2-logging-only-target60-stop60-exit-replay-maxwait66000-r1,R2_BUY_BURST_MARKUP,1000,-700,30000,100,1214,-289019,-238.07166392092256,-209.0,214,0.17627677100494235,0.1558722127800929,28
shadow-burnin-v3-r50-tsv2-logging-only-target60-stop60-exit-replay-maxwait66000-r1,R2_BUY_BURST_MARKUP,1000,-700,30000,200,1214,-410419,-338.07166392092256,-309.0,208,0.171334431630972,0.15118338024346326,28
shadow-burnin-v3-r50-tsv2-logging-only-target60-stop60-exit-replay-maxwait66000-r1,R2_BUY_BURST_MARKUP,1000,-700,40000,100,1214,-280727,-231.24135090609556,-209.0,227,0.18698517298187808,0.16605221902579334,28
shadow-burnin-v3-r50-tsv2-logging-only-target60-stop60-exit-replay-maxwait66000-r1,R2_BUY_BURST_MARKUP,1000,-700,40000,200,1214,-402127,-331.24135090609553,-309.0,225,0.18533772652388797,0.1644842609569937,28
shadow-burnin-v3-r50-tsv2-logging-only-target60-stop60-exit-replay-maxwait66000-r1,R2_BUY_BURST_MARKUP,1000,-1000,20000,100,1214,-363406,-299.3459637561779,-202.0,206,0.1696869851729819,0.1496218406155093,27
shadow-burnin-v3-r50-tsv2-logging-only-target60-stop60-exit-replay-maxwait66000-r1,R2_BUY_BURST_MARKUP,1000,-1000,20000,200,1214,-484806,-399.3459637561779,-302.0,194,0.15980230642504117,0.1402679319986629,27
shadow-burnin-v3-r50-tsv2-logging-only-target60-stop60-exit-replay-maxwait66000-r1,R2_BUY_BURST_MARKUP,1000,-1000,30000,100,1214,-372192,-306.5831960461285,-208.0,224,0.18451400329489293,0.16370052356890924,27
shadow-burnin-v3-r50-tsv2-logging-only-target60-stop60-exit-replay-maxwait66000-r1,R2_BUY_BURST_MARKUP,1000,-1000,30000,200,1214,-493592,-406.5831960461285,-308.0,218,0.17957166392092258,0.15900153526440533,27
shadow-burnin-v3-r50-tsv2-logging-only-target60-stop60-exit-replay-maxwait66000-r1,R2_BUY_BURST_MARKUP,1000,-1000,40000,100,1214,-368723,-303.72570016474464,-209.0,240,0.19769357495881384,0.17625924192880835,27
shadow-burnin-v3-r50-tsv2-logging-only-target60-stop60-exit-replay-maxwait66000-r1,R2_BUY_BURST_MARKUP,1000,-1000,40000,200,1214,-490123,-403.72570016474464,-309.0,238,0.19604612850082373,0.17468724138523017,27
shadow-burnin-v3-r50-tsv2-logging-only-target60-stop60-exit-replay-maxwait66000-r1,R2_BUY_BURST_MARKUP,1500,-300,20000,100,1214,-140649,-115.85584843492586,-209.0,163,0.1342668863261944,0.1162375498599442,44
shadow-burnin-v3-r50-tsv2-logging-only-target60-stop60-exit-replay-maxwait66000-r1,R2_BUY_BURST_MARKUP,1500,-300,20000,200,1214,-262049,-215.85584843492586,-309.0,156,0.128500823723229,0.11084129210713772,44
shadow-burnin-v3-r50-tsv2-logging-only-target60-stop60-exit-replay-maxwait66000-r1,R2_BUY_BURST_MARKUP,1500,-300,30000,100,1214,-138962,-114.46622734761121,-212.5,161,0.1326194398682043,0.11469454182951151,44
shadow-burnin-v3-r50-tsv2-logging-only-target60-stop60-exit-replay-maxwait66000-r1,R2_BUY_BURST_MARKUP,1500,-300,30000,200,1214,-260362,-214.4662273476112,-312.5,158,0.1301482701812191,0.11238185022435572,44
shadow-burnin-v3-r50-tsv2-logging-only-target60-stop60-exit-replay-maxwait66000-r1,R2_BUY_BURST_MARKUP,1500,-300,40000,100,1214,-134290,-110.61779242174629,-224.5,162,0.13344316309719934,0.11546592574715923,44
shadow-burnin-v3-r50-tsv2-logging-only-target60-stop60-exit-replay-maxwait66000-r1,R2_BUY_BURST_MARKUP,1500,-300,40000,200,1214,-255690,-210.6177924217463,-324.5,161,0.1326194398682043,0.11469454182951151,44
shadow-burnin-v3-r50-tsv2-logging-only-target60-stop60-exit-replay-maxwait66000-r1,R2_BUY_BURST_MARKUP,1500,-500,20000,100,1214,-204891,-168.77347611202637,-207.0,176,0.14497528830313014,0.12628971354128637,44
shadow-burnin-v3-r50-tsv2-logging-only-target60-stop60-exit-replay-maxwait66000-r1,R2_BUY_BURST_MARKUP,1500,-500,20000,200,1214,-326291,-268.77347611202634,-307.0,166,0.13673805601317957,0.11855384496097292,44
shadow-burnin-v3-r50-tsv2-logging-only-target60-stop60-exit-replay-maxwait66000-r1,R2_BUY_BURST_MARKUP,1500,-500,30000,100,1214,-206799,-170.34514003294893,-210.5,180,0.14827018121911037,0.12939021401778997,28
shadow-burnin-v3-r50-tsv2-logging-only-target60-stop60-exit-replay-maxwait66000-r1,R2_BUY_BURST_MARKUP,1500,-500,30000,200,1214,-328199,-270.3451400329489,-310.5,174,0.14332784184514002,0.12474075672740705,28
shadow-burnin-v3-r50-tsv2-logging-only-target60-stop60-exit-replay-maxwait66000-r1,R2_BUY_BURST_MARKUP,1500,-500,40000,100,1214,-198193,-163.25617792421747,-213.0,185,0.15238879736408567,0.13327056897137088,28
shadow-burnin-v3-r50-tsv2-logging-only-target60-stop60-exit-replay-maxwait66000-r1,R2_BUY_BURST_MARKUP,1500,-500,40000,200,1214,-319593,-263.25617792421747,-313.0,183,0.15074135090609556,0.1317178063597201,28
shadow-burnin-v3-r50-tsv2-logging-only-target60-stop60-exit-replay-maxwait66000-r1,R2_BUY_BURST_MARKUP,1500,-700,20000,100,1214,-258329,-212.79159802306424,-206.0,186,0.15321252059308071,0.1340472564706915,44
shadow-burnin-v3-r50-tsv2-logging-only-target60-stop60-exit-replay-maxwait66000-r1,R2_BUY_BURST_MARKUP,1500,-700,20000,200,1214,-379729,-312.79159802306424,-306.0,176,0.14497528830313014,0.12628971354128637,44
shadow-burnin-v3-r50-tsv2-logging-only-target60-stop60-exit-replay-maxwait66000-r1,R2_BUY_BURST_MARKUP,1500,-700,30000,100,1214,-263330,-216.91103789126853,-209.0,195,0.16062602965403625,0.14104639446943829,28
shadow-burnin-v3-r50-tsv2-logging-only-target60-stop60-exit-replay-maxwait66000-r1,R2_BUY_BURST_MARKUP,1500,-700,30000,200,1214,-384730,-316.9110378912685,-309.0,188,0.15485996705107083,0.13560123716925213,28
shadow-burnin-v3-r50-tsv2-logging-only-target60-stop60-exit-replay-maxwait66000-r1,R2_BUY_BURST_MARKUP,1500,-700,40000,100,1214,-257685,-212.26112026359144,-211.0,200,0.16474464579901152,0.14494154950331803,28
shadow-burnin-v3-r50-tsv2-logging-only-target60-stop60-exit-replay-maxwait66000-r1,R2_BUY_BURST_MARKUP,1500,-700,40000,200,1214,-379085,-312.2611202635914,-311.0,198,0.1630971993410214,0.14338292357671487,28
shadow-burnin-v3-r50-tsv2-logging-only-target60-stop60-exit-replay-maxwait66000-r1,R2_BUY_BURST_MARKUP,1500,-1000,20000,100,1214,-332599,-273.96952224052717,-204.0,196,0.1614497528830313,0.1418250480029517,32
shadow-burnin-v3-r50-tsv2-logging-only-target60-stop60-exit-replay-maxwait66000-r1,R2_BUY_BURST_MARKUP,1500,-1000,20000,200,1214,-453999,-373.96952224052717,-304.0,184,0.1515650741350906,0.1324940851492567,32
shadow-burnin-v3-r50-tsv2-logging-only-target60-stop60-exit-replay-maxwait66000-r1,R2_BUY_BURST_MARKUP,1500,-1000,30000,100,1214,-345214,-284.36079077429986,-209.0,206,0.1696869851729819,0.1496218406155093,28
shadow-burnin-v3-r50-tsv2-logging-only-target60-stop60-exit-replay-maxwait66000-r1,R2_BUY_BURST_MARKUP,1500,-1000,30000,200,1214,-466614,-384.36079077429986,-309.0,199,0.16392092257001648,0.14416214331293237,28
shadow-burnin-v3-r50-tsv2-logging-only-target60-stop60-exit-replay-maxwait66000-r1,R2_BUY_BURST_MARKUP,1500,-1000,40000,100,1214,-343775,-283.17545304777593,-210.0,216,0.17792421746293247,0.1574365356098295,27
shadow-burnin-v3-r50-tsv2-logging-only-target60-stop60-exit-replay-maxwait66000-r1,R2_BUY_BURST_MARKUP,1500,-1000,40000,200,1214,-465175,-383.17545304777593,-310.0,212,0.17462932454695224,0.15430857418740046,27
shadow-burnin-v3-r50-tsv2-logging-only-target60-stop60-exit-replay-maxwait66000-r1,R2_BUY_BURST_MARKUP,2000,-300,20000,100,1214,-124815,-102.81301482701812,-209.0,157,0.12932454695222406,0.11161144621198342,44
shadow-burnin-v3-r50-tsv2-logging-only-target60-stop60-exit-replay-maxwait66000-r1,R2_BUY_BURST_MARKUP,2000,-300,20000,200,1214,-246215,-202.81301482701812,-309.0,150,0.12355848434925865,0.10622573179272765,44
shadow-burnin-v3-r50-tsv2-logging-only-target60-stop60-exit-replay-maxwait66000-r1,R2_BUY_BURST_MARKUP,2000,-300,30000,100,1214,-125588,-103.4497528830313,-215.0,149,0.12273476112026359,0.10545738588003037,44
shadow-burnin-v3-r50-tsv2-logging-only-target60-stop60-exit-replay-maxwait66000-r1,R2_BUY_BURST_MARKUP,2000,-300,30000,200,1214,-246988,-203.4497528830313,-315.0,146,0.12026359143327842,0.10315396024910903,44
shadow-burnin-v3-r50-tsv2-logging-only-target60-stop60-exit-replay-maxwait66000-r1,R2_BUY_BURST_MARKUP,2000,-300,40000,100,1214,-118328,-97.46952224052718,-237.0,147,0.12108731466227347,0.10392149777351564,44
shadow-burnin-v3-r50-tsv2-logging-only-target60-stop60-exit-replay-maxwait66000-r1,R2_BUY_BURST_MARKUP,2000,-300,40000,200,1214,-239728,-197.46952224052717,-337.0,146,0.12026359143327842,0.10315396024910903,44
shadow-burnin-v3-r50-tsv2-logging-only-target60-stop60-exit-replay-maxwait66000-r1,R2_BUY_BURST_MARKUP,2000,-500,20000,100,1214,-190020,-156.52388797364085,-208.0,169,0.13920922570016475,0.12087223668937574,44
shadow-burnin-v3-r50-tsv2-logging-only-target60-stop60-exit-replay-maxwait66000-r1,R2_BUY_BURST_MARKUP,2000,-500,20000,200,1214,-311420,-256.52388797364085,-308.0,159,0.13097199341021418,0.11315250214111595,44
shadow-burnin-v3-r50-tsv2-logging-only-target60-stop60-exit-replay-maxwait66000-r1,R2_BUY_BURST_MARKUP,2000,-500,30000,100,1214,-194953,-160.58731466227349,-211.0,167,0.13756177924217464,0.11932641158305099,31
shadow-burnin-v3-r50-tsv2-logging-only-target60-stop60-exit-replay-maxwait66000-r1,R2_BUY_BURST_MARKUP,2000,-500,30000,200,1214,-316353,-260.58731466227346,-311.0,161,0.1326194398682043,0.11469454182951151,31
shadow-burnin-v3-r50-tsv2-logging-only-target60-stop60-exit-replay-maxwait66000-r1,R2_BUY_BURST_MARKUP,2000,-500,40000,100,1214,-182493,-150.32372322899505,-217.0,169,0.13920922570016475,0.12087223668937574,32
shadow-burnin-v3-r50-tsv2-logging-only-target60-stop60-exit-replay-maxwait66000-r1,R2_BUY_BURST_MARKUP,2000,-500,40000,200,1214,-303893,-250.32372322899505,-317.0,167,0.13756177924217464,0.11932641158305099,32
shadow-burnin-v3-r50-tsv2-logging-only-target60-stop60-exit-replay-maxwait66000-r1,R2_BUY_BURST_MARKUP,2000,-700,20000,100,1214,-242275,-199.56754530477758,-206.0,179,0.14744645799011533,0.12861476928474547,44
shadow-burnin-v3-r50-tsv2-logging-only-target60-stop60-exit-replay-maxwait66000-r1,R2_BUY_BURST_MARKUP,2000,-700,20000,200,1214,-363675,-299.5675453047776,-306.0,169,0.13920922570016475,0.12087223668937574,44
shadow-burnin-v3-r50-tsv2-logging-only-target60-stop60-exit-replay-maxwait66000-r1,R2_BUY_BURST_MARKUP,2000,-700,30000,100,1214,-249885,-205.83607907742999,-210.0,183,0.15074135090609556,0.1317178063597201,31
shadow-burnin-v3-r50-tsv2-logging-only-target60-stop60-exit-replay-maxwait66000-r1,R2_BUY_BURST_MARKUP,2000,-700,30000,200,1214,-371285,-305.83607907743,-310.0,176,0.14497528830313014,0.12628971354128637,31
shadow-burnin-v3-r50-tsv2-logging-only-target60-stop60-exit-replay-maxwait66000-r1,R2_BUY_BURST_MARKUP,2000,-700,40000,100,1214,-237696,-195.79571663920922,-213.0,185,0.15238879736408567,0.13327056897137088,32
shadow-burnin-v3-r50-tsv2-logging-only-target60-stop60-exit-replay-maxwait66000-r1,R2_BUY_BURST_MARKUP,2000,-700,40000,200,1214,-359096,-295.7957166392092,-313.0,183,0.15074135090609556,0.1317178063597201,32
shadow-burnin-v3-r50-tsv2-logging-only-target60-stop60-exit-replay-maxwait66000-r1,R2_BUY_BURST_MARKUP,2000,-1000,20000,100,1214,-315441,-259.83607907743,-205.0,189,0.1556836902800659,0.13637852774655101,32
shadow-burnin-v3-r50-tsv2-logging-only-target60-stop60-exit-replay-maxwait66000-r1,R2_BUY_BURST_MARKUP,2000,-1000,20000,200,1214,-436841,-359.83607907743,-305.0,177,0.1457990115321252,0.12706451756529627,44
shadow-burnin-v3-r50-tsv2-logging-only-target60-stop60-exit-replay-maxwait66000-r1,R2_BUY_BURST_MARKUP,2000,-1000,30000,100,1214,-330278,-272.05766062602964,-209.0,195,0.16062602965403625,0.14104639446943829,31
shadow-burnin-v3-r50-tsv2-logging-only-target60-stop60-exit-replay-maxwait66000-r1,R2_BUY_BURST_MARKUP,2000,-1000,30000,200,1214,-451678,-372.05766062602964,-309.0,188,0.15485996705107083,0.13560123716925213,31
shadow-burnin-v3-r50-tsv2-logging-only-target60-stop60-exit-replay-maxwait66000-r1,R2_BUY_BURST_MARKUP,2000,-1000,40000,100,1214,-321789,-265.0650741350906,-211.0,202,0.16639209225700163,0.1465009167946434,32
shadow-burnin-v3-r50-tsv2-logging-only-target60-stop60-exit-replay-maxwait66000-r1,R2_BUY_BURST_MARKUP,2000,-1000,40000,200,1214,-443189,-365.0650741350906,-311.0,198,0.1630971993410214,0.14338292357671487,32
shadow-burnin-v3-r50-tsv2-logging-only-target60-stop60-exit-replay-maxwait66000-r1,R2_BUY_BURST_MARKUP,2500,-300,20000,100,1214,-119170,-98.16309719934102,-209.0,155,0.12767710049423395,0.11007138994462762,44
shadow-burnin-v3-r50-tsv2-logging-only-target60-stop60-exit-replay-maxwait66000-r1,R2_BUY_BURST_MARKUP,2500,-300,20000,200,1214,-240570,-198.16309719934102,-309.0,148,0.12191103789126853,0.10468930710185796,44
shadow-burnin-v3-r50-tsv2-logging-only-target60-stop60-exit-replay-maxwait66000-r1,R2_BUY_BURST_MARKUP,2500,-300,30000,100,1214,-111605,-91.93163097199341,-216.5,144,0.1186161449752883,0.10161971022804935,44
shadow-burnin-v3-r50-tsv2-logging-only-target60-stop60-exit-replay-maxwait66000-r1,R2_BUY_BURST_MARKUP,2500,-300,30000,200,1214,-233005,-191.9316309719934,-316.5,141,0.11614497528830313,0.09932043491361063,44
shadow-burnin-v3-r50-tsv2-logging-only-target60-stop60-exit-replay-maxwait66000-r1,R2_BUY_BURST_MARKUP,2500,-300,40000,100,1214,-105544,-86.93904448105437,-242.0,143,0.11779242174629324,0.10085300264199212,44
shadow-burnin-v3-r50-tsv2-logging-only-target60-stop60-exit-replay-maxwait66000-r1,R2_BUY_BURST_MARKUP,2500,-300,40000,200,1214,-226944,-186.93904448105437,-342.0,141,0.11614497528830313,0.09932043491361063,44
shadow-burnin-v3-r50-tsv2-logging-only-target60-stop60-exit-replay-maxwait66000-r1,R2_BUY_BURST_MARKUP,2500,-500,20000,100,1214,-183275,-150.9678747940692,-208.0,167,0.13756177924217464,0.11932641158305099,44
shadow-burnin-v3-r50-tsv2-logging-only-target60-stop60-exit-replay-maxwait66000-r1,R2_BUY_BURST_MARKUP,2500,-500,20000,200,1214,-304675,-250.9678747940692,-308.0,157,0.12932454695222406,0.11161144621198342,44
shadow-burnin-v3-r50-tsv2-logging-only-target60-stop60-exit-replay-maxwait66000-r1,R2_BUY_BURST_MARKUP,2500,-500,30000,100,1214,-179638,-147.97199341021417,-212.0,162,0.13344316309719934,0.11546592574715923,31
shadow-burnin-v3-r50-tsv2-logging-only-target60-stop60-exit-replay-maxwait66000-r1,R2_BUY_BURST_MARKUP,2500,-500,30000,200,1214,-301038,-247.97199341021417,-312.0,156,0.128500823723229,0.11084129210713772,31
shadow-burnin-v3-r50-tsv2-logging-only-target60-stop60-exit-replay-maxwait66000-r1,R2_BUY_BURST_MARKUP,2500,-500,40000,100,1214,-167814,-138.23228995057661,-219.0,165,0.13591433278418452,0.1177815112800587,32
shadow-burnin-v3-r50-tsv2-logging-only-target60-stop60-exit-replay-maxwait66000-r1,R2_BUY_BURST_MARKUP,2500,-500,40000,200,1214,-289214,-238.23228995057661,-319.0,162,0.13344316309719934,0.11546592574715923,32
shadow-burnin-v3-r50-tsv2-logging-only-target60-stop60-exit-replay-maxwait66000-r1,R2_BUY_BURST_MARKUP,2500,-700,20000,100,1214,-235119,-193.67298187808896,-207.0,177,0.1457990115321252,0.12706451756529627,44
shadow-burnin-v3-r50-tsv2-logging-only-target60-stop60-exit-replay-maxwait66000-r1,R2_BUY_BURST_MARKUP,2500,-700,20000,200,1214,-356519,-293.672981878089,-307.0,167,0.13756177924217464,0.11932641158305099,44
shadow-burnin-v3-r50-tsv2-logging-only-target60-stop60-exit-replay-maxwait66000-r1,R2_BUY_BURST_MARKUP,2500,-700,30000,100,1214,-232787,-191.7520593080725,-210.0,178,0.14662273476112025,0.1278395366436107,31
shadow-burnin-v3-r50-tsv2-logging-only-target60-stop60-exit-replay-maxwait66000-r1,R2_BUY_BURST_MARKUP,2500,-700,30000,200,1214,-354187,-291.7520593080725,-310.0,171,0.14085667215815487,0.12241897292941437,31
shadow-burnin-v3-r50-tsv2-logging-only-target60-stop60-exit-replay-maxwait66000-r1,R2_BUY_BURST_MARKUP,2500,-700,40000,100,1214,-220889,-181.9514003294893,-213.0,181,0.14909390444810544,0.1301658693920156,32
shadow-burnin-v3-r50-tsv2-logging-only-target60-stop60-exit-replay-maxwait66000-r1,R2_BUY_BURST_MARKUP,2500,-700,40000,200,1214,-342289,-281.9514003294893,-313.0,178,0.14662273476112025,0.1278395366436107,32
shadow-burnin-v3-r50-tsv2-logging-only-target60-stop60-exit-replay-maxwait66000-r1,R2_BUY_BURST_MARKUP,2500,-1000,20000,100,1214,-307689,-253.45057660626028,-205.0,187,0.15403624382207579,0.13482414630987047,32
shadow-burnin-v3-r50-tsv2-logging-only-target60-stop60-exit-replay-maxwait66000-r1,R2_BUY_BURST_MARKUP,2500,-1000,20000,200,1214,-429089,-353.4505766062603,-305.0,175,0.1441515650741351,0.12551512608404086,44
shadow-burnin-v3-r50-tsv2-logging-only-target60-stop60-exit-replay-maxwait66000-r1,R2_BUY_BURST_MARKUP,2500,-1000,30000,100,1214,-311880,-256.9028006589786,-210.0,190,0.15650741350906094,0.13715601675653694,31
shadow-burnin-v3-r50-tsv2-logging-only-target60-stop60-exit-replay-maxwait66000-r1,R2_BUY_BURST_MARKUP,2500,-1000,30000,200,1214,-433280,-356.9028006589786,-310.0,183,0.15074135090609556,0.1317178063597201,31
shadow-burnin-v3-r50-tsv2-logging-only-target60-stop60-exit-replay-maxwait66000-r1,R2_BUY_BURST_MARKUP,2500,-1000,40000,100,1214,-302509,-249.1836902800659,-211.0,198,0.1630971993410214,0.14338292357671487,32
shadow-burnin-v3-r50-tsv2-logging-only-target60-stop60-exit-replay-maxwait66000-r1,R2_BUY_BURST_MARKUP,2500,-1000,40000,200,1214,-423909,-349.1836902800659,-311.0,193,0.15897858319604613,0.1394896617797375,32
shadow-burnin-v3-r50-tsv2-logging-only-target60-stop60-exit-replay-maxwait66000-r1,R3_SCAMBOT_COORDINATION,1000,-300,20000,100,3023,-543225,-179.69732054250744,-202.0,200,0.06615944426066821,0.05783800476773854,108
shadow-burnin-v3-r50-tsv2-logging-only-target60-stop60-exit-replay-maxwait66000-r1,R3_SCAMBOT_COORDINATION,1000,-300,20000,200,3023,-845525,-279.69732054250744,-302.0,193,0.06384386371154482,0.05567045543539092,108
shadow-burnin-v3-r50-tsv2-logging-only-target60-stop60-exit-replay-maxwait66000-r1,R3_SCAMBOT_COORDINATION,1000,-300,30000,100,3023,-547077,-180.9715514389679,-202.0,202,0.0668210387032749,0.05845787844067974,108
shadow-burnin-v3-r50-tsv2-logging-only-target60-stop60-exit-replay-maxwait66000-r1,R3_SCAMBOT_COORDINATION,1000,-300,30000,200,3023,-849377,-280.97155143896794,-302.0,195,0.0645054581541515,0.05628943117242565,108
shadow-burnin-v3-r50-tsv2-logging-only-target60-stop60-exit-replay-maxwait66000-r1,R3_SCAMBOT_COORDINATION,1000,-300,40000,100,3023,-540959,-178.94773403903406,-202.0,214,0.07079060535891499,0.062182226333068774,93
shadow-burnin-v3-r50-tsv2-logging-only-target60-stop60-exit-replay-maxwait66000-r1,R3_SCAMBOT_COORDINATION,1000,-300,40000,200,3023,-843259,-278.94773403903406,-302.0,209,0.06913661925239828,0.06062937226723612,93
shadow-burnin-v3-r50-tsv2-logging-only-target60-stop60-exit-replay-maxwait66000-r1,R3_SCAMBOT_COORDINATION,1000,-500,20000,100,3023,-625350,-206.8640423420443,-202.0,212,0.0701290109163083,0.061560909912090456,81
shadow-burnin-v3-r50-tsv2-logging-only-target60-stop60-exit-replay-maxwait66000-r1,R3_SCAMBOT_COORDINATION,1000,-500,20000,200,3023,-927650,-306.86404234204434,-302.0,203,0.06715183592457824,0.05876790872239325,108
shadow-burnin-v3-r50-tsv2-logging-only-target60-stop60-exit-replay-maxwait66000-r1,R3_SCAMBOT_COORDINATION,1000,-500,30000,100,3023,-635427,-210.1974859411181,-202.0,219,0.0724445914654317,0.06373651531804767,108
shadow-burnin-v3-r50-tsv2-logging-only-target60-stop60-exit-replay-maxwait66000-r1,R3_SCAMBOT_COORDINATION,1000,-500,30000,200,3023,-937727,-310.1974859411181,-302.0,210,0.06946741647370162,0.06093982604154597,108
shadow-burnin-v3-r50-tsv2-logging-only-target60-stop60-exit-replay-maxwait66000-r1,R3_SCAMBOT_COORDINATION,1000,-500,40000,100,3023,-632136,-209.1088322858088,-202.0,233,0.07707575256367846,0.068095784944256,93
shadow-burnin-v3-r50-tsv2-logging-only-target60-stop60-exit-replay-maxwait66000-r1,R3_SCAMBOT_COORDINATION,1000,-500,40000,200,3023,-934436,-309.1088322858088,-302.0,227,0.07509096923585842,0.0662262510589222,93
shadow-burnin-v3-r50-tsv2-logging-only-target60-stop60-exit-replay-maxwait66000-r1,R3_SCAMBOT_COORDINATION,1000,-700,20000,100,3023,-697926,-230.8719814753556,-202.0,222,0.07343698312934172,0.06466975866677466,81
shadow-burnin-v3-r50-tsv2-logging-only-target60-stop60-exit-replay-maxwait66000-r1,R3_SCAMBOT_COORDINATION,1000,-700,20000,200,3023,-1000226,-330.8719814753556,-302.0,213,0.07045980813761164,0.06187153924247178,108
shadow-burnin-v3-r50-tsv2-logging-only-target60-stop60-exit-replay-maxwait66000-r1,R3_SCAMBOT_COORDINATION,1000,-700,30000,100,3023,-710205,-234.93384055573932,-202.0,232,0.07674495534237512,0.06778406653986559,108
shadow-burnin-v3-r50-tsv2-logging-only-target60-stop60-exit-replay-maxwait66000-r1,R3_SCAMBOT_COORDINATION,1000,-700,30000,200,3023,-1012505,-334.9338405557393,-302.0,222,0.07343698312934172,0.06466975866677466,108
shadow-burnin-v3-r50-tsv2-logging-only-target60-stop60-exit-replay-maxwait66000-r1,R3_SCAMBOT_COORDINATION,1000,-700,40000,100,3023,-712212,-235.59775057889513,-202.0,246,0.0813761164406219,0.07215266495084459,93
shadow-burnin-v3-r50-tsv2-logging-only-target60-stop60-exit-replay-maxwait66000-r1,R3_SCAMBOT_COORDINATION,1000,-700,40000,200,3023,-1014512,-335.59775057889516,-302.0,240,0.07939133311280185,0.07027922691687566,93
shadow-burnin-v3-r50-tsv2-logging-only-target60-stop60-exit-replay-maxwait66000-r1,R3_SCAMBOT_COORDINATION,1000,-1000,20000,100,3023,-786257,-260.091630830301,-202.0,230,0.07608336089976844,0.06716078411524984,81
shadow-burnin-v3-r50-tsv2-logging-only-target60-stop60-exit-replay-maxwait66000-r1,R3_SCAMBOT_COORDINATION,1000,-1000,20000,200,3023,-1088557,-360.091630830301,-302.0,219,0.0724445914654317,0.06373651531804767,108
shadow-burnin-v3-r50-tsv2-logging-only-target60-stop60-exit-replay-maxwait66000-r1,R3_SCAMBOT_COORDINATION,1000,-1000,30000,100,3023,-804804,-266.2269268938141,-202.0,240,0.07939133311280185,0.07027922691687566,98
shadow-burnin-v3-r50-tsv2-logging-only-target60-stop60-exit-replay-maxwait66000-r1,R3_SCAMBOT_COORDINATION,1000,-1000,30000,200,3023,-1107104,-366.2269268938141,-302.0,230,0.07608336089976844,0.06716078411524984,98
shadow-burnin-v3-r50-tsv2-logging-only-target60-stop60-exit-replay-maxwait66000-r1,R3_SCAMBOT_COORDINATION,1000,-1000,40000,100,3023,-815978,-269.92325504465765,-202.0,254,0.08402249421104863,0.074653228175125,93
shadow-burnin-v3-r50-tsv2-logging-only-target60-stop60-exit-replay-maxwait66000-r1,R3_SCAMBOT_COORDINATION,1000,-1000,40000,200,3023,-1118278,-369.92325504465765,-302.0,248,0.08203771088322859,0.07277752643103226,93
shadow-burnin-v3-r50-tsv2-logging-only-target60-stop60-exit-replay-maxwait66000-r1,R3_SCAMBOT_COORDINATION,1500,-300,20000,100,3023,-507779,-167.9718822361892,-202.0,187,0.06185908038372478,0.053815132928605465,108
shadow-burnin-v3-r50-tsv2-logging-only-target60-stop60-exit-replay-maxwait66000-r1,R3_SCAMBOT_COORDINATION,1500,-300,20000,200,3023,-810079,-267.97188223618923,-302.0,180,0.05954349983460139,0.05165374698065951,108
shadow-burnin-v3-r50-tsv2-logging-only-target60-stop60-exit-replay-maxwait66000-r1,R3_SCAMBOT_COORDINATION,1500,-300,30000,100,3023,-513306,-169.8001984783328,-202.0,184,0.06086668871981475,0.05288839895181125,108
shadow-burnin-v3-r50-tsv2-logging-only-target60-stop60-exit-replay-maxwait66000-r1,R3_SCAMBOT_COORDINATION,1500,-300,30000,200,3023,-815606,-269.8001984783328,-302.0,177,0.05855110817069137,0.050728522298688634,108
shadow-burnin-v3-r50-tsv2-logging-only-target60-stop60-exit-replay-maxwait66000-r1,R3_SCAMBOT_COORDINATION,1500,-300,40000,100,3023,-511927,-169.34402911015547,-202.0,188,0.062189877605028115,0.05412418332505998,93
shadow-burnin-v3-r50-tsv2-logging-only-target60-stop60-exit-replay-maxwait66000-r1,R3_SCAMBOT_COORDINATION,1500,-300,40000,200,3023,-814227,-269.3440291101555,-302.0,183,0.060535891498511414,0.052579628450243394,93
shadow-burnin-v3-r50-tsv2-logging-only-target60-stop60-exit-replay-maxwait66000-r1,R3_SCAMBOT_COORDINATION,1500,-500,20000,100,3023,-589804,-195.10552431359577,-202.0,199,0.06582864703936486,0.05752816223967388,81
shadow-burnin-v3-r50-tsv2-logging-only-target60-stop60-exit-replay-maxwait66000-r1,R3_SCAMBOT_COORDINATION,1500,-500,20000,200,3023,-892104,-295.10552431359577,-302.0,190,0.0628514720476348,0.05474248964067626,108
shadow-burnin-v3-r50-tsv2-logging-only-target60-stop60-exit-replay-maxwait66000-r1,R3_SCAMBOT_COORDINATION,1500,-500,30000,100,3023,-602336,-199.25107509096924,-202.0,200,0.06615944426066821,0.05783800476773854,108
shadow-burnin-v3-r50-tsv2-logging-only-target60-stop60-exit-replay-maxwait66000-r1,R3_SCAMBOT_COORDINATION,1500,-500,30000,200,3023,-904636,-299.2510750909692,-302.0,191,0.06318226926893813,0.055051744555321816,108
shadow-burnin-v3-r50-tsv2-logging-only-target60-stop60-exit-replay-maxwait66000-r1,R3_SCAMBOT_COORDINATION,1500,-500,40000,100,3023,-602231,-199.2163413827324,-202.0,207,0.0684750248097916,0.06000864298915116,93
shadow-burnin-v3-r50-tsv2-logging-only-target60-stop60-exit-replay-maxwait66000-r1,R3_SCAMBOT_COORDINATION,1500,-500,40000,200,3023,-904531,-299.21634138273237,-302.0,201,0.06649024148197155,0.05814791031281593,93
shadow-burnin-v3-r50-tsv2-logging-only-target60-stop60-exit-replay-maxwait66000-r1,R3_SCAMBOT_COORDINATION,1500,-700,20000,100,3023,-662694,-219.2173337743963,-202.0,209,0.06913661925239828,0.06062937226723612,81
shadow-burnin-v3-r50-tsv2-logging-only-target60-stop60-exit-replay-maxwait66000-r1,R3_SCAMBOT_COORDINATION,1500,-700,20000,200,3023,-964994,-319.2173337743963,-302.0,200,0.06615944426066821,0.05783800476773854,108
shadow-burnin-v3-r50-tsv2-logging-only-target60-stop60-exit-replay-maxwait66000-r1,R3_SCAMBOT_COORDINATION,1500,-700,30000,100,3023,-677613,-224.15249751902084,-202.0,212,0.0701290109163083,0.061560909912090456,108
shadow-burnin-v3-r50-tsv2-logging-only-target60-stop60-exit-replay-maxwait66000-r1,R3_SCAMBOT_COORDINATION,1500,-700,30000,200,3023,-979913,-324.1524975190208,-302.0,202,0.0668210387032749,0.05845787844067974,108
shadow-burnin-v3-r50-tsv2-logging-only-target60-stop60-exit-replay-maxwait66000-r1,R3_SCAMBOT_COORDINATION,1500,-700,40000,100,3023,-682424,-225.74396295071122,-202.0,220,0.07277538868673503,0.0640475413052915,93
shadow-burnin-v3-r50-tsv2-logging-only-target60-stop60-exit-replay-maxwait66000-r1,R3_SCAMBOT_COORDINATION,1500,-700,40000,200,3023,-984724,-325.7439629507112,-302.0,214,0.07079060535891499,0.062182226333068774,93
shadow-burnin-v3-r50-tsv2-logging-only-target60-stop60-exit-replay-maxwait66000-r1,R3_SCAMBOT_COORDINATION,1500,-1000,20000,100,3023,-747897,-247.40224942110487,-202.0,219,0.0724445914654317,0.06373651531804767,81
shadow-burnin-v3-r50-tsv2-logging-only-target60-stop60-exit-replay-maxwait66000-r1,R3_SCAMBOT_COORDINATION,1500,-1000,20000,200,3023,-1050197,-347.40224942110484,-302.0,208,0.06880582203109493,0.060318977784995356,108
shadow-burnin-v3-r50-tsv2-logging-only-target60-stop60-exit-replay-maxwait66000-r1,R3_SCAMBOT_COORDINATION,1500,-1000,30000,100,3023,-769523,-254.55607012901092,-202.0,222,0.07343698312934172,0.06466975866677466,98
shadow-burnin-v3-r50-tsv2-logging-only-target60-stop60-exit-replay-maxwait66000-r1,R3_SCAMBOT_COORDINATION,1500,-1000,30000,200,3023,-1071823,-354.5560701290109,-302.0,212,0.0701290109163083,0.061560909912090456,98
shadow-burnin-v3-r50-tsv2-logging-only-target60-stop60-exit-replay-maxwait66000-r1,R3_SCAMBOT_COORDINATION,1500,-1000,40000,100,3023,-783933,-259.3228580879921,-202.0,231,0.07641415812107179,0.06747239949528838,93
shadow-burnin-v3-r50-tsv2-logging-only-target60-stop60-exit-replay-maxwait66000-r1,R3_SCAMBOT_COORDINATION,1500,-1000,40000,200,3023,-1086233,-359.3228580879921,-302.0,224,0.07409857757194839,0.06529219427290103,93
shadow-burnin-v3-r50-tsv2-logging-only-target60-stop60-exit-replay-maxwait66000-r1,R3_SCAMBOT_COORDINATION,2000,-300,20000,100,3023,-490668,-162.31161098246776,-202.0,179,0.05921270261329805,0.05134526501908392,115
shadow-burnin-v3-r50-tsv2-logging-only-target60-stop60-exit-replay-maxwait66000-r1,R3_SCAMBOT_COORDINATION,2000,-300,20000,200,3023,-792968,-262.31161098246776,-302.0,172,0.05689712206417466,0.0491879834025381,115
shadow-burnin-v3-r50-tsv2-logging-only-target60-stop60-exit-replay-maxwait66000-r1,R3_SCAMBOT_COORDINATION,2000,-300,30000,100,3023,-500073,-165.42275884882568,-202.0,170,0.05623552762156798,0.04857230784965942,109
shadow-burnin-v3-r50-tsv2-logging-only-target60-stop60-exit-replay-maxwait66000-r1,R3_SCAMBOT_COORDINATION,2000,-300,30000,200,3023,-802373,-265.42275884882565,-302.0,163,0.053919947072444595,0.04641996866692278,109
shadow-burnin-v3-r50-tsv2-logging-only-target60-stop60-exit-replay-maxwait66000-r1,R3_SCAMBOT_COORDINATION,2000,-300,40000,100,3023,-496753,-164.32451207409858,-202.0,172,0.05689712206417466,0.0491879834025381,96
shadow-burnin-v3-r50-tsv2-logging-only-target60-stop60-exit-replay-maxwait66000-r1,R3_SCAMBOT_COORDINATION,2000,-300,40000,200,3023,-799053,-264.32451207409855,-302.0,167,0.05524313595765796,0.0476493890554156,96
shadow-burnin-v3-r50-tsv2-logging-only-target60-stop60-exit-replay-maxwait66000-r1,R3_SCAMBOT_COORDINATION,2000,-500,20000,100,3023,-574521,-190.04995038041682,-202.0,190,0.0628514720476348,0.05474248964067626,115
shadow-burnin-v3-r50-tsv2-logging-only-target60-stop60-exit-replay-maxwait66000-r1,R3_SCAMBOT_COORDINATION,2000,-500,20000,200,3023,-876821,-290.0499503804168,-302.0,181,0.05987429705590473,0.05196230191346767,115
shadow-burnin-v3-r50-tsv2-logging-only-target60-stop60-exit-replay-maxwait66000-r1,R3_SCAMBOT_COORDINATION,2000,-500,30000,100,3023,-590531,-195.3460138934833,-202.0,185,0.061197485941118096,0.05319724021952819,109
shadow-burnin-v3-r50-tsv2-logging-only-target60-stop60-exit-replay-maxwait66000-r1,R3_SCAMBOT_COORDINATION,2000,-500,30000,200,3023,-892831,-295.3460138934833,-302.0,176,0.058220310949388024,0.05042026270431239,109
shadow-burnin-v3-r50-tsv2-logging-only-target60-stop60-exit-replay-maxwait66000-r1,R3_SCAMBOT_COORDINATION,2000,-500,40000,100,3023,-587719,-194.4158121071783,-202.0,190,0.0628514720476348,0.05474248964067626,96
shadow-burnin-v3-r50-tsv2-logging-only-target60-stop60-exit-replay-maxwait66000-r1,R3_SCAMBOT_COORDINATION,2000,-500,40000,200,3023,-890019,-294.4158121071783,-302.0,184,0.06086668871981475,0.05288839895181125,96
shadow-burnin-v3-r50-tsv2-logging-only-target60-stop60-exit-replay-maxwait66000-r1,R3_SCAMBOT_COORDINATION,2000,-700,20000,100,3023,-647328,-214.13430367184915,-202.0,200,0.06615944426066821,0.05783800476773854,115
shadow-burnin-v3-r50-tsv2-logging-only-target60-stop60-exit-replay-maxwait66000-r1,R3_SCAMBOT_COORDINATION,2000,-700,20000,200,3023,-949628,-314.1343036718492,-302.0,191,0.06318226926893813,0.055051744555321816,115
shadow-burnin-v3-r50-tsv2-logging-only-target60-stop60-exit-replay-maxwait66000-r1,R3_SCAMBOT_COORDINATION,2000,-700,30000,100,3023,-665688,-220.2077406549785,-202.0,198,0.06549784981806153,0.057218383168230025,109
shadow-burnin-v3-r50-tsv2-logging-only-target60-stop60-exit-replay-maxwait66000-r1,R3_SCAMBOT_COORDINATION,2000,-700,30000,200,3023,-967988,-320.2077406549785,-302.0,188,0.062189877605028115,0.05412418332505998,109
shadow-burnin-v3-r50-tsv2-logging-only-target60-stop60-exit-replay-maxwait66000-r1,R3_SCAMBOT_COORDINATION,2000,-700,40000,100,3023,-665602,-220.1792920939464,-202.0,204,0.06748263314588157,0.05907800073421918,93
shadow-burnin-v3-r50-tsv2-logging-only-target60-stop60-exit-replay-maxwait66000-r1,R3_SCAMBOT_COORDINATION,2000,-700,40000,200,3023,-967902,-320.1792920939464,-302.0,198,0.06549784981806153,0.057218383168230025,93
shadow-burnin-v3-r50-tsv2-logging-only-target60-stop60-exit-replay-maxwait66000-r1,R3_SCAMBOT_COORDINATION,2000,-1000,20000,100,3023,-734374,-242.92887859741978,-202.0,209,0.06913661925239828,0.06062937226723612,115
shadow-burnin-v3-r50-tsv2-logging-only-target60-stop60-exit-replay-maxwait66000-r1,R3_SCAMBOT_COORDINATION,2000,-1000,20000,200,3023,-1036674,-342.9288785974198,-302.0,198,0.06549784981806153,0.057218383168230025,115
shadow-burnin-v3-r50-tsv2-logging-only-target60-stop60-exit-replay-maxwait66000-r1,R3_SCAMBOT_COORDINATION,2000,-1000,30000,100,3023,-759707,-251.3089646046973,-202.0,208,0.06880582203109493,0.060318977784995356,98
shadow-burnin-v3-r50-tsv2-logging-only-target60-stop60-exit-replay-maxwait66000-r1,R3_SCAMBOT_COORDINATION,2000,-1000,30000,200,3023,-1062007,-351.30896460469734,-302.0,198,0.06549784981806153,0.057218383168230025,98
shadow-burnin-v3-r50-tsv2-logging-only-target60-stop60-exit-replay-maxwait66000-r1,R3_SCAMBOT_COORDINATION,2000,-1000,40000,100,3023,-769214,-254.4538537876282,-202.0,215,0.07112140258021833,0.06249297081191505,93
shadow-burnin-v3-r50-tsv2-logging-only-target60-stop60-exit-replay-maxwait66000-r1,R3_SCAMBOT_COORDINATION,2000,-1000,40000,200,3023,-1071514,-354.4538537876282,-302.0,208,0.06880582203109493,0.060318977784995356,93
shadow-burnin-v3-r50-tsv2-logging-only-target60-stop60-exit-replay-maxwait66000-r1,R3_SCAMBOT_COORDINATION,2500,-300,20000,100,3023,-471217,-155.87727423089646,-202.0,178,0.058881905391994706,0.0510368565990295,115
shadow-burnin-v3-r50-tsv2-logging-only-target60-stop60-exit-replay-maxwait66000-r1,R3_SCAMBOT_COORDINATION,2500,-300,20000,200,3023,-773517,-255.87727423089646,-302.0,171,0.05656632484287132,0.048880106425154064,115
shadow-burnin-v3-r50-tsv2-logging-only-target60-stop60-exit-replay-maxwait66000-r1,R3_SCAMBOT_COORDINATION,2500,-300,30000,100,3023,-469099,-155.17664571617598,-202.0,169,0.05590473040026464,0.04826458832339982,109
shadow-burnin-v3-r50-tsv2-logging-only-target60-stop60-exit-replay-maxwait66000-r1,R3_SCAMBOT_COORDINATION,2500,-300,30000,200,3023,-771399,-255.17664571617598,-302.0,162,0.05358914985114125,0.04611282143008459,109
shadow-burnin-v3-r50-tsv2-logging-only-target60-stop60-exit-replay-maxwait66000-r1,R3_SCAMBOT_COORDINATION,2500,-300,40000,100,3023,-463064,-153.18028448561031,-202.0,171,0.05656632484287132,0.048880106425154064,96
shadow-burnin-v3-r50-tsv2-logging-only-target60-stop60-exit-replay-maxwait66000-r1,R3_SCAMBOT_COORDINATION,2500,-300,40000,200,3023,-765364,-253.18028448561031,-302.0,166,0.054912338736354614,0.0473419106564203,96
shadow-burnin-v3-r50-tsv2-logging-only-target60-stop60-exit-replay-maxwait66000-r1,R3_SCAMBOT_COORDINATION,2500,-500,20000,100,3023,-553570,-183.1194177968905,-202.0,189,0.06252067482633146,0.054433302397594106,115
shadow-burnin-v3-r50-tsv2-logging-only-target60-stop60-exit-replay-maxwait66000-r1,R3_SCAMBOT_COORDINATION,2500,-500,20000,200,3023,-855870,-283.1194177968905,-302.0,180,0.05954349983460139,0.05165374698065951,115
shadow-burnin-v3-r50-tsv2-logging-only-target60-stop60-exit-replay-maxwait66000-r1,R3_SCAMBOT_COORDINATION,2500,-500,30000,100,3023,-557195,-184.31855772411512,-202.0,184,0.06086668871981475,0.05288839895181125,109
shadow-burnin-v3-r50-tsv2-logging-only-target60-stop60-exit-replay-maxwait66000-r1,R3_SCAMBOT_COORDINATION,2500,-500,30000,200,3023,-859495,-284.3185577241151,-302.0,175,0.057889513728084686,0.05011207841036933,109
shadow-burnin-v3-r50-tsv2-logging-only-target60-stop60-exit-replay-maxwait66000-r1,R3_SCAMBOT_COORDINATION,2500,-500,40000,100,3023,-551335,-182.38008600727753,-202.0,189,0.06252067482633146,0.054433302397594106,96
shadow-burnin-v3-r50-tsv2-logging-only-target60-stop60-exit-replay-maxwait66000-r1,R3_SCAMBOT_COORDINATION,2500,-500,40000,200,3023,-853635,-282.38008600727755,-302.0,183,0.060535891498511414,0.052579628450243394,96
shadow-burnin-v3-r50-tsv2-logging-only-target60-stop60-exit-replay-maxwait66000-r1,R3_SCAMBOT_COORDINATION,2500,-700,20000,100,3023,-625493,-206.9113463446907,-202.0,199,0.06582864703936486,0.05752816223967388,115
shadow-burnin-v3-r50-tsv2-logging-only-target60-stop60-exit-replay-maxwait66000-r1,R3_SCAMBOT_COORDINATION,2500,-700,20000,200,3023,-927793,-306.9113463446907,-302.0,190,0.0628514720476348,0.05474248964067626,115
shadow-burnin-v3-r50-tsv2-logging-only-target60-stop60-exit-replay-maxwait66000-r1,R3_SCAMBOT_COORDINATION,2500,-700,30000,100,3023,-630017,-208.40787297386703,-202.0,197,0.06516705259675819,0.05690866799849112,109
shadow-burnin-v3-r50-tsv2-logging-only-target60-stop60-exit-replay-maxwait66000-r1,R3_SCAMBOT_COORDINATION,2500,-700,30000,200,3023,-932317,-308.40787297386703,-302.0,187,0.06185908038372478,0.053815132928605465,109
shadow-burnin-v3-r50-tsv2-logging-only-target60-stop60-exit-replay-maxwait66000-r1,R3_SCAMBOT_COORDINATION,2500,-700,40000,100,3023,-625218,-206.82037710883228,-202.0,203,0.06715183592457824,0.05876790872239325,93
shadow-burnin-v3-r50-tsv2-logging-only-target60-stop60-exit-replay-maxwait66000-r1,R3_SCAMBOT_COORDINATION,2500,-700,40000,200,3023,-927518,-306.8203771088323,-302.0,197,0.06516705259675819,0.05690866799849112,93
shadow-burnin-v3-r50-tsv2-logging-only-target60-stop60-exit-replay-maxwait66000-r1,R3_SCAMBOT_COORDINATION,2500,-1000,20000,100,3023,-711039,-235.20972543830632,-202.0,208,0.06880582203109493,0.060318977784995356,115
shadow-burnin-v3-r50-tsv2-logging-only-target60-stop60-exit-replay-maxwait66000-r1,R3_SCAMBOT_COORDINATION,2500,-1000,20000,200,3023,-1013339,-335.2097254383063,-302.0,197,0.06516705259675819,0.05690866799849112,115
shadow-burnin-v3-r50-tsv2-logging-only-target60-stop60-exit-replay-maxwait66000-r1,R3_SCAMBOT_COORDINATION,2500,-1000,30000,100,3023,-722036,-238.84750248097916,-202.0,207,0.0684750248097916,0.06000864298915116,98
shadow-burnin-v3-r50-tsv2-logging-only-target60-stop60-exit-replay-maxwait66000-r1,R3_SCAMBOT_COORDINATION,2500,-1000,30000,200,3023,-1024336,-338.8475024809792,-302.0,197,0.06516705259675819,0.05690866799849112,98
shadow-burnin-v3-r50-tsv2-logging-only-target60-stop60-exit-replay-maxwait66000-r1,R3_SCAMBOT_COORDINATION,2500,-1000,40000,100,3023,-725724,-240.0674826331459,-202.0,214,0.07079060535891499,0.062182226333068774,93
shadow-burnin-v3-r50-tsv2-logging-only-target60-stop60-exit-replay-maxwait66000-r1,R3_SCAMBOT_COORDINATION,2500,-1000,40000,200,3023,-1028024,-340.06748263314586,-302.0,207,0.0684750248097916,0.06000864298915116,93
shadow-burnin-v3-r50-tsv2-logging-only-target60-stop60-exit-replay-maxwait66000-r1,R4_MARKUP_WITH_DUMP_RISK,1000,-300,20000,100,983,-126435,-128.62156663275687,-210.0,156,0.15869786368260427,0.13719033126875566,30
shadow-burnin-v3-r50-tsv2-logging-only-target60-stop60-exit-replay-maxwait66000-r1,R4_MARKUP_WITH_DUMP_RISK,1000,-300,20000,200,983,-224735,-228.62156663275687,-310.0,151,0.1536113936927772,0.13242258765703205,30
shadow-burnin-v3-r50-tsv2-logging-only-target60-stop60-exit-replay-maxwait66000-r1,R4_MARKUP_WITH_DUMP_RISK,1000,-300,30000,100,983,-126161,-128.34282807731435,-215.0,156,0.15869786368260427,0.13719033126875566,30
shadow-burnin-v3-r50-tsv2-logging-only-target60-stop60-exit-replay-maxwait66000-r1,R4_MARKUP_WITH_DUMP_RISK,1000,-300,30000,200,983,-224461,-228.34282807731435,-315.0,155,0.15768056968463887,0.1362361163308744,30
shadow-burnin-v3-r50-tsv2-logging-only-target60-stop60-exit-replay-maxwait66000-r1,R4_MARKUP_WITH_DUMP_RISK,1000,-300,40000,100,983,-116566,-118.58189216683621,-221.0,165,0.167853509664293,0.14579272804767635,30
shadow-burnin-v3-r50-tsv2-logging-only-target60-stop60-exit-replay-maxwait66000-r1,R4_MARKUP_WITH_DUMP_RISK,1000,-300,40000,200,983,-214866,-218.5818921668362,-321.0,165,0.167853509664293,0.14579272804767635,30
shadow-burnin-v3-r50-tsv2-logging-only-target60-stop60-exit-replay-maxwait66000-r1,R4_MARKUP_WITH_DUMP_RISK,1000,-500,20000,100,983,-182670,-185.82909460834182,-209.0,169,0.17192268565615462,0.1496240873376426,30
shadow-burnin-v3-r50-tsv2-logging-only-target60-stop60-exit-replay-maxwait66000-r1,R4_MARKUP_WITH_DUMP_RISK,1000,-500,20000,200,983,-280970,-285.8290946083418,-309.0,161,0.16378433367243134,0.14196627502591883,30
shadow-burnin-v3-r50-tsv2-logging-only-target60-stop60-exit-replay-maxwait66000-r1,R4_MARKUP_WITH_DUMP_RISK,1000,-500,30000,100,983,-183924,-187.10478128179045,-211.0,175,0.1780264496439471,0.15538002730630396,23
shadow-burnin-v3-r50-tsv2-logging-only-target60-stop60-exit-replay-maxwait66000-r1,R4_MARKUP_WITH_DUMP_RISK,1000,-500,30000,200,983,-282224,-287.10478128179045,-311.0,172,0.17497456765005087,0.1525007436353812,23
shadow-burnin-v3-r50-tsv2-logging-only-target60-stop60-exit-replay-maxwait66000-r1,R4_MARKUP_WITH_DUMP_RISK,1000,-500,40000,100,983,-171315,-174.27772126144455,-213.0,187,0.19023397761953204,0.1669224149806612,23
shadow-burnin-v3-r50-tsv2-logging-only-target60-stop60-exit-replay-maxwait66000-r1,R4_MARKUP_WITH_DUMP_RISK,1000,-500,40000,200,983,-269615,-274.2777212614446,-313.0,186,0.18921668362156663,0.1659590517983835,23
shadow-burnin-v3-r50-tsv2-logging-only-target60-stop60-exit-replay-maxwait66000-r1,R4_MARKUP_WITH_DUMP_RISK,1000,-700,20000,100,983,-229865,-233.84028484231942,-208.0,179,0.18209562563580875,0.1592230685352893,30
shadow-burnin-v3-r50-tsv2-logging-only-target60-stop60-exit-replay-maxwait66000-r1,R4_MARKUP_WITH_DUMP_RISK,1000,-700,20000,200,983,-328165,-333.8402848423194,-308.0,171,0.17395727365208546,0.1515415636059951,30
shadow-burnin-v3-r50-tsv2-logging-only-target60-stop60-exit-replay-maxwait66000-r1,R4_MARKUP_WITH_DUMP_RISK,1000,-700,30000,100,983,-232441,-236.46083418107833,-210.0,191,0.1943031536113937,0.17077850159033112,23
shadow-burnin-v3-r50-tsv2-logging-only-target60-stop60-exit-replay-maxwait66000-r1,R4_MARKUP_WITH_DUMP_RISK,1000,-700,30000,200,983,-330741,-336.4608341810783,-310.0,187,0.19023397761953204,0.1669224149806612,23
shadow-burnin-v3-r50-tsv2-logging-only-target60-stop60-exit-replay-maxwait66000-r1,R4_MARKUP_WITH_DUMP_RISK,1000,-700,40000,100,983,-221376,-225.20447609359104,-211.0,202,0.20549338758901323,0.18140379897641548,23
shadow-burnin-v3-r50-tsv2-logging-only-target60-stop60-exit-replay-maxwait66000-r1,R4_MARKUP_WITH_DUMP_RISK,1000,-700,40000,200,983,-319676,-325.20447609359104,-311.0,201,0.20447609359104782,0.18043662038267233,23
shadow-burnin-v3-r50-tsv2-logging-only-target60-stop60-exit-replay-maxwait66000-r1,R4_MARKUP_WITH_DUMP_RISK,1000,-1000,20000,100,983,-297243,-302.38351983723294,-207.0,188,0.19125127161749747,0.16788604314552513,23
shadow-burnin-v3-r50-tsv2-logging-only-target60-stop60-exit-replay-maxwait66000-r1,R4_MARKUP_WITH_DUMP_RISK,1000,-1000,20000,200,983,-395543,-402.38351983723294,-307.0,178,0.18107833163784334,0.15826188569402458,23
shadow-burnin-v3-r50-tsv2-logging-only-target60-stop60-exit-replay-maxwait66000-r1,R4_MARKUP_WITH_DUMP_RISK,1000,-1000,30000,100,983,-305568,-310.852492370295,-209.0,201,0.20447609359104782,0.18043662038267233,23
shadow-burnin-v3-r50-tsv2-logging-only-target60-stop60-exit-replay-maxwait66000-r1,R4_MARKUP_WITH_DUMP_RISK,1000,-1000,30000,200,983,-403868,-410.852492370295,-309.0,197,0.20040691759918616,0.17657036286416242,23
shadow-burnin-v3-r50-tsv2-logging-only-target60-stop60-exit-replay-maxwait66000-r1,R4_MARKUP_WITH_DUMP_RISK,1000,-1000,40000,100,983,-298592,-303.7558494404883,-210.0,214,0.21770091556459817,0.1930285283285909,23
shadow-burnin-v3-r50-tsv2-logging-only-target60-stop60-exit-replay-maxwait66000-r1,R4_MARKUP_WITH_DUMP_RISK,1000,-1000,40000,200,983,-396892,-403.7558494404883,-310.0,213,0.21668362156663276,0.19205851765486034,23
shadow-burnin-v3-r50-tsv2-logging-only-target60-stop60-exit-replay-maxwait66000-r1,R4_MARKUP_WITH_DUMP_RISK,1500,-300,20000,100,983,-100286,-102.02034587995931,-211.0,145,0.14750762970498474,0.1267125872391917,36
shadow-burnin-v3-r50-tsv2-logging-only-target60-stop60-exit-replay-maxwait66000-r1,R4_MARKUP_WITH_DUMP_RISK,1500,-300,20000,200,983,-198586,-202.0203458799593,-311.0,140,0.14242115971515767,0.12196408842531438,36
shadow-burnin-v3-r50-tsv2-logging-only-target60-stop60-exit-replay-maxwait66000-r1,R4_MARKUP_WITH_DUMP_RISK,1500,-300,30000,100,983,-103354,-105.1414038657172,-228.0,139,0.14140386571719227,0.12101549890147119,36
shadow-burnin-v3-r50-tsv2-logging-only-target60-stop60-exit-replay-maxwait66000-r1,R4_MARKUP_WITH_DUMP_RISK,1500,-300,30000,200,983,-201654,-205.1414038657172,-328.0,138,0.14038657171922686,0.12006728713554582,36
shadow-burnin-v3-r50-tsv2-logging-only-target60-stop60-exit-replay-maxwait66000-r1,R4_MARKUP_WITH_DUMP_RISK,1500,-300,40000,100,983,-98500,-100.20345879959308,-267.0,139,0.14140386571719227,0.12101549890147119,36
shadow-burnin-v3-r50-tsv2-logging-only-target60-stop60-exit-replay-maxwait66000-r1,R4_MARKUP_WITH_DUMP_RISK,1500,-300,40000,200,983,-196800,-200.20345879959308,-367.0,139,0.14140386571719227,0.12101549890147119,36
shadow-burnin-v3-r50-tsv2-logging-only-target60-stop60-exit-replay-maxwait66000-r1,R4_MARKUP_WITH_DUMP_RISK,1500,-500,20000,100,983,-156663,-159.37232960325534,-210.0,158,0.1607324516785351,0.13909974239994724,36
shadow-burnin-v3-r50-tsv2-logging-only-target60-stop60-exit-replay-maxwait66000-r1,R4_MARKUP_WITH_DUMP_RISK,1500,-500,20000,200,983,-254963,-259.37232960325537,-310.0,150,0.1525940996948118,0.13147005158558744,36
shadow-burnin-v3-r50-tsv2-logging-only-target60-stop60-exit-replay-maxwait66000-r1,R4_MARKUP_WITH_DUMP_RISK,1500,-500,30000,100,983,-162755,-165.56968463886062,-213.0,157,0.15971515768056968,0.138144874131704,24
shadow-burnin-v3-r50-tsv2-logging-only-target60-stop60-exit-replay-maxwait66000-r1,R4_MARKUP_WITH_DUMP_RISK,1500,-500,30000,200,983,-261055,-265.5696846388606,-313.0,153,0.15564598168870802,0.13432868051208846,24
shadow-burnin-v3-r50-tsv2-logging-only-target60-stop60-exit-replay-maxwait66000-r1,R4_MARKUP_WITH_DUMP_RISK,1500,-500,40000,100,983,-152318,-154.95218718209563,-221.0,161,0.16378433367243134,0.14196627502591883,24
shadow-burnin-v3-r50-tsv2-logging-only-target60-stop60-exit-replay-maxwait66000-r1,R4_MARKUP_WITH_DUMP_RISK,1500,-500,40000,200,983,-250618,-254.95218718209563,-321.0,160,0.16276703967446593,0.14101044526980214,24
shadow-burnin-v3-r50-tsv2-logging-only-target60-stop60-exit-replay-maxwait66000-r1,R4_MARKUP_WITH_DUMP_RISK,1500,-700,20000,100,983,-203072,-206.58392675483213,-209.0,168,0.17090539165818922,0.1486657952015631,36
shadow-burnin-v3-r50-tsv2-logging-only-target60-stop60-exit-replay-maxwait66000-r1,R4_MARKUP_WITH_DUMP_RISK,1500,-700,20000,200,983,-301372,-306.58392675483213,-309.0,160,0.16276703967446593,0.14101044526980214,36
shadow-burnin-v3-r50-tsv2-logging-only-target60-stop60-exit-replay-maxwait66000-r1,R4_MARKUP_WITH_DUMP_RISK,1500,-700,30000,100,983,-211086,-214.73652085452696,-211.0,172,0.17497456765005087,0.1525007436353812,24
shadow-burnin-v3-r50-tsv2-logging-only-target60-stop60-exit-replay-maxwait66000-r1,R4_MARKUP_WITH_DUMP_RISK,1500,-700,30000,200,983,-309386,-314.736520854527,-311.0,167,0.1698880976602238,0.14770780318355078,24
shadow-burnin-v3-r50-tsv2-logging-only-target60-stop60-exit-replay-maxwait66000-r1,R4_MARKUP_WITH_DUMP_RISK,1500,-700,40000,100,983,-201496,-204.98067141403865,-214.0,176,0.1790437436419125,0.15634036322469994,24
shadow-burnin-v3-r50-tsv2-logging-only-target60-stop60-exit-replay-maxwait66000-r1,R4_MARKUP_WITH_DUMP_RISK,1500,-700,40000,200,983,-299796,-304.9806714140387,-314.0,175,0.1780264496439471,0.15538002730630396,24
shadow-burnin-v3-r50-tsv2-logging-only-target60-stop60-exit-replay-maxwait66000-r1,R4_MARKUP_WITH_DUMP_RISK,1500,-1000,20000,100,983,-268922,-273.5727365208545,-208.0,178,0.18107833163784334,0.15826188569402458,27
shadow-burnin-v3-r50-tsv2-logging-only-target60-stop60-exit-replay-maxwait66000-r1,R4_MARKUP_WITH_DUMP_RISK,1500,-1000,20000,200,983,-367222,-373.5727365208545,-308.0,168,0.17090539165818922,0.1486657952015631,27
shadow-burnin-v3-r50-tsv2-logging-only-target60-stop60-exit-replay-maxwait66000-r1,R4_MARKUP_WITH_DUMP_RISK,1500,-1000,30000,100,983,-282924,-287.8168870803662,-210.0,183,0.1861648016276704,0.1630705685270935,24
shadow-burnin-v3-r50-tsv2-logging-only-target60-stop60-exit-replay-maxwait66000-r1,R4_MARKUP_WITH_DUMP_RISK,1500,-1000,30000,200,983,-381224,-387.8168870803662,-310.0,178,0.18107833163784334,0.15826188569402458,24
shadow-burnin-v3-r50-tsv2-logging-only-target60-stop60-exit-replay-maxwait66000-r1,R4_MARKUP_WITH_DUMP_RISK,1500,-1000,40000,100,983,-276506,-281.2878942014242,-211.0,191,0.1943031536113937,0.17077850159033112,24
shadow-burnin-v3-r50-tsv2-logging-only-target60-stop60-exit-replay-maxwait66000-r1,R4_MARKUP_WITH_DUMP_RISK,1500,-1000,40000,200,983,-374806,-381.2878942014242,-311.0,188,0.19125127161749747,0.16788604314552513,24
shadow-burnin-v3-r50-tsv2-logging-only-target60-stop60-exit-replay-maxwait66000-r1,R4_MARKUP_WITH_DUMP_RISK,2000,-300,20000,100,983,-86023,-87.51068158697863,-211.0,139,0.14140386571719227,0.12101549890147119,36
shadow-burnin-v3-r50-tsv2-logging-only-target60-stop60-exit-replay-maxwait66000-r1,R4_MARKUP_WITH_DUMP_RISK,2000,-300,20000,200,983,-184323,-187.51068158697865,-311.0,134,0.1363173957273652,0.11627828674720725,36
shadow-burnin-v3-r50-tsv2-logging-only-target60-stop60-exit-replay-maxwait66000-r1,R4_MARKUP_WITH_DUMP_RISK,2000,-300,30000,100,983,-90891,-92.46286876907426,-241.0,128,0.13021363173957273,0.11060672766943573,38
shadow-burnin-v3-r50-tsv2-logging-only-target60-stop60-exit-replay-maxwait66000-r1,R4_MARKUP_WITH_DUMP_RISK,2000,-300,30000,200,983,-189191,-192.46286876907428,-341.0,127,0.12919633774160733,0.10966291051306236,38
shadow-burnin-v3-r50-tsv2-logging-only-target60-stop60-exit-replay-maxwait66000-r1,R4_MARKUP_WITH_DUMP_RISK,2000,-300,40000,100,983,-84059,-85.51271617497457,-327.0,125,0.1271617497456765,0.10777654970217936,36
shadow-burnin-v3-r50-tsv2-logging-only-target60-stop60-exit-replay-maxwait66000-r1,R4_MARKUP_WITH_DUMP_RISK,2000,-300,40000,200,983,-182359,-185.51271617497457,-427.0,125,0.1271617497456765,0.10777654970217936,36
shadow-burnin-v3-r50-tsv2-logging-only-target60-stop60-exit-replay-maxwait66000-r1,R4_MARKUP_WITH_DUMP_RISK,2000,-500,20000,100,983,-143363,-145.84231943031537,-210.0,151,0.1536113936927772,0.13242258765703205,36
shadow-burnin-v3-r50-tsv2-logging-only-target60-stop60-exit-replay-maxwait66000-r1,R4_MARKUP_WITH_DUMP_RISK,2000,-500,20000,200,983,-241663,-245.84231943031537,-310.0,143,0.14547304170905392,0.1248120903520378,36
shadow-burnin-v3-r50-tsv2-logging-only-target60-stop60-exit-replay-maxwait66000-r1,R4_MARKUP_WITH_DUMP_RISK,2000,-500,30000,100,983,-151620,-154.24211597151577,-217.0,145,0.14750762970498474,0.1267125872391917,38
shadow-burnin-v3-r50-tsv2-logging-only-target60-stop60-exit-replay-maxwait66000-r1,R4_MARKUP_WITH_DUMP_RISK,2000,-500,30000,200,983,-249920,-254.24211597151577,-317.0,141,0.14343845371312308,0.12291305235874607,38
shadow-burnin-v3-r50-tsv2-logging-only-target60-stop60-exit-replay-maxwait66000-r1,R4_MARKUP_WITH_DUMP_RISK,2000,-500,40000,100,983,-137939,-140.32451678535097,-243.0,146,0.14852492370295015,0.12766337499390404,31
shadow-burnin-v3-r50-tsv2-logging-only-target60-stop60-exit-replay-maxwait66000-r1,R4_MARKUP_WITH_DUMP_RISK,2000,-500,40000,200,983,-236239,-240.32451678535097,-343.0,145,0.14750762970498474,0.1267125872391917,31
shadow-burnin-v3-r50-tsv2-logging-only-target60-stop60-exit-replay-maxwait66000-r1,R4_MARKUP_WITH_DUMP_RISK,2000,-700,20000,100,983,-188589,-191.8504577822991,-209.0,161,0.16378433367243134,0.14196627502591883,36
shadow-burnin-v3-r50-tsv2-logging-only-target60-stop60-exit-replay-maxwait66000-r1,R4_MARKUP_WITH_DUMP_RISK,2000,-700,20000,200,983,-286889,-291.8504577822991,-309.0,153,0.15564598168870802,0.13432868051208846,36
shadow-burnin-v3-r50-tsv2-logging-only-target60-stop60-exit-replay-maxwait66000-r1,R4_MARKUP_WITH_DUMP_RISK,2000,-700,30000,100,983,-198152,-201.57884028484233,-212.0,161,0.16378433367243134,0.14196627502591883,38
shadow-burnin-v3-r50-tsv2-logging-only-target60-stop60-exit-replay-maxwait66000-r1,R4_MARKUP_WITH_DUMP_RISK,2000,-700,30000,200,983,-296452,-301.57884028484233,-312.0,156,0.15869786368260427,0.13719033126875566,38
shadow-burnin-v3-r50-tsv2-logging-only-target60-stop60-exit-replay-maxwait66000-r1,R4_MARKUP_WITH_DUMP_RISK,2000,-700,40000,100,983,-182628,-185.78636826042725,-219.0,162,0.16480162767039674,0.14292242049471263,31
shadow-burnin-v3-r50-tsv2-logging-only-target60-stop60-exit-replay-maxwait66000-r1,R4_MARKUP_WITH_DUMP_RISK,2000,-700,40000,200,983,-280928,-285.78636826042725,-319.0,161,0.16378433367243134,0.14196627502591883,31
shadow-burnin-v3-r50-tsv2-logging-only-target60-stop60-exit-replay-maxwait66000-r1,R4_MARKUP_WITH_DUMP_RISK,2000,-1000,20000,100,983,-253335,-257.71617497456765,-209.0,171,0.17395727365208546,0.1515415636059951,27
shadow-burnin-v3-r50-tsv2-logging-only-target60-stop60-exit-replay-maxwait66000-r1,R4_MARKUP_WITH_DUMP_RISK,2000,-1000,20000,200,983,-351635,-357.71617497456765,-309.0,161,0.16378433367243134,0.14196627502591883,35
shadow-burnin-v3-r50-tsv2-logging-only-target60-stop60-exit-replay-maxwait66000-r1,R4_MARKUP_WITH_DUMP_RISK,2000,-1000,30000,100,983,-268199,-272.83723296032554,-211.0,173,0.17599186164801628,0.15346021557585177,33
shadow-burnin-v3-r50-tsv2-logging-only-target60-stop60-exit-replay-maxwait66000-r1,R4_MARKUP_WITH_DUMP_RISK,2000,-1000,30000,200,983,-366499,-372.83723296032554,-311.0,168,0.17090539165818922,0.1486657952015631,33
shadow-burnin-v3-r50-tsv2-logging-only-target60-stop60-exit-replay-maxwait66000-r1,R4_MARKUP_WITH_DUMP_RISK,2000,-1000,40000,100,983,-255341,-259.75686673448627,-213.0,178,0.18107833163784334,0.15826188569402458,31
shadow-burnin-v3-r50-tsv2-logging-only-target60-stop60-exit-replay-maxwait66000-r1,R4_MARKUP_WITH_DUMP_RISK,2000,-1000,40000,200,983,-353641,-359.75686673448627,-313.0,175,0.1780264496439471,0.15538002730630396,31
shadow-burnin-v3-r50-tsv2-logging-only-target60-stop60-exit-replay-maxwait66000-r1,R4_MARKUP_WITH_DUMP_RISK,2500,-300,20000,100,983,-80399,-81.78942014242116,-211.0,137,0.13936927772126145,0.11911945653580146,36
shadow-burnin-v3-r50-tsv2-logging-only-target60-stop60-exit-replay-maxwait66000-r1,R4_MARKUP_WITH_DUMP_RISK,2500,-300,20000,200,983,-178699,-181.78942014242116,-311.0,132,0.1342828077314344,0.1143861447079796,36
shadow-burnin-v3-r50-tsv2-logging-only-target60-stop60-exit-replay-maxwait66000-r1,R4_MARKUP_WITH_DUMP_RISK,2500,-300,30000,100,983,-76546,-77.86978636826042,-253.0,124,0.12614445574771108,0.10683401465229493,38
shadow-burnin-v3-r50-tsv2-logging-only-target60-stop60-exit-replay-maxwait66000-r1,R4_MARKUP_WITH_DUMP_RISK,2500,-300,30000,200,983,-174846,-177.86978636826043,-353.0,123,0.12512716174974567,0.10589191571811968,38
shadow-burnin-v3-r50-tsv2-logging-only-target60-stop60-exit-replay-maxwait66000-r1,R4_MARKUP_WITH_DUMP_RISK,2500,-300,40000,100,983,-71381,-72.61546286876907,-347.0,121,0.12309257375381485,0.1040090443651834,36
shadow-burnin-v3-r50-tsv2-logging-only-target60-stop60-exit-replay-maxwait66000-r1,R4_MARKUP_WITH_DUMP_RISK,2500,-300,40000,200,983,-169681,-172.61546286876907,-447.0,120,0.12207527975584945,0.10306828126115647,36
shadow-burnin-v3-r50-tsv2-logging-only-target60-stop60-exit-replay-maxwait66000-r1,R4_MARKUP_WITH_DUMP_RISK,2500,-500,20000,100,983,-136639,-139.00203458799592,-210.0,149,0.1515768056968464,0.13051785943773458,36
shadow-burnin-v3-r50-tsv2-logging-only-target60-stop60-exit-replay-maxwait66000-r1,R4_MARKUP_WITH_DUMP_RISK,2500,-500,20000,200,983,-234939,-239.00203458799592,-310.0,141,0.14343845371312308,0.12291305235874607,36
shadow-burnin-v3-r50-tsv2-logging-only-target60-stop60-exit-replay-maxwait66000-r1,R4_MARKUP_WITH_DUMP_RISK,2500,-500,30000,100,983,-135943,-138.29399796541202,-219.0,141,0.14343845371312308,0.12291305235874607,38
shadow-burnin-v3-r50-tsv2-logging-only-target60-stop60-exit-replay-maxwait66000-r1,R4_MARKUP_WITH_DUMP_RISK,2500,-500,30000,200,983,-234243,-238.29399796541202,-319.0,137,0.13936927772126145,0.11911945653580146,38
shadow-burnin-v3-r50-tsv2-logging-only-target60-stop60-exit-replay-maxwait66000-r1,R4_MARKUP_WITH_DUMP_RISK,2500,-500,40000,100,983,-123366,-125.49949135300102,-253.0,142,0.14445574771108852,0.12386238741191508,31
shadow-burnin-v3-r50-tsv2-logging-only-target60-stop60-exit-replay-maxwait66000-r1,R4_MARKUP_WITH_DUMP_RISK,2500,-500,40000,200,983,-221666,-225.49949135300102,-353.0,140,0.14242115971515767,0.12196408842531438,31
shadow-burnin-v3-r50-tsv2-logging-only-target60-stop60-exit-replay-maxwait66000-r1,R4_MARKUP_WITH_DUMP_RISK,2500,-700,20000,100,983,-181454,-184.59206510681588,-209.0,159,0.1617497456765005,0.14005493359319748,36
shadow-burnin-v3-r50-tsv2-logging-only-target60-stop60-exit-replay-maxwait66000-r1,R4_MARKUP_WITH_DUMP_RISK,2500,-700,20000,200,983,-279754,-284.5920651068159,-309.0,151,0.1536113936927772,0.13242258765703205,36
shadow-burnin-v3-r50-tsv2-logging-only-target60-stop60-exit-replay-maxwait66000-r1,R4_MARKUP_WITH_DUMP_RISK,2500,-700,30000,100,983,-180692,-183.81688708036623,-213.0,157,0.15971515768056968,0.138144874131704,38
shadow-burnin-v3-r50-tsv2-logging-only-target60-stop60-exit-replay-maxwait66000-r1,R4_MARKUP_WITH_DUMP_RISK,2500,-700,30000,200,983,-278992,-283.8168870803662,-313.0,152,0.15462868769074262,0.1333754648761361,38
shadow-burnin-v3-r50-tsv2-logging-only-target60-stop60-exit-replay-maxwait66000-r1,R4_MARKUP_WITH_DUMP_RISK,2500,-700,40000,100,983,-165927,-168.79654120040692,-221.0,158,0.1607324516785351,0.13909974239994724,31
shadow-burnin-v3-r50-tsv2-logging-only-target60-stop60-exit-replay-maxwait66000-r1,R4_MARKUP_WITH_DUMP_RISK,2500,-700,40000,200,983,-264227,-268.7965412004069,-321.0,156,0.15869786368260427,0.13719033126875566,31
shadow-burnin-v3-r50-tsv2-logging-only-target60-stop60-exit-replay-maxwait66000-r1,R4_MARKUP_WITH_DUMP_RISK,2500,-1000,20000,100,983,-245604,-249.85147507629705,-209.0,169,0.17192268565615462,0.1496240873376426,27
shadow-burnin-v3-r50-tsv2-logging-only-target60-stop60-exit-replay-maxwait66000-r1,R4_MARKUP_WITH_DUMP_RISK,2500,-1000,20000,200,983,-343904,-349.85147507629705,-309.0,159,0.1617497456765005,0.14005493359319748,35
shadow-burnin-v3-r50-tsv2-logging-only-target60-stop60-exit-replay-maxwait66000-r1,R4_MARKUP_WITH_DUMP_RISK,2500,-1000,30000,100,983,-249439,-253.7527975584944,-211.0,169,0.17192268565615462,0.1496240873376426,33
shadow-burnin-v3-r50-tsv2-logging-only-target60-stop60-exit-replay-maxwait66000-r1,R4_MARKUP_WITH_DUMP_RISK,2500,-1000,30000,200,983,-347739,-353.7527975584944,-311.0,164,0.16683621566632756,0.14483564928336728,33
shadow-burnin-v3-r50-tsv2-logging-only-target60-stop60-exit-replay-maxwait66000-r1,R4_MARKUP_WITH_DUMP_RISK,2500,-1000,40000,100,983,-236167,-240.25127161749745,-213.0,174,0.1770091556459817,0.15441997744938746,31
shadow-burnin-v3-r50-tsv2-logging-only-target60-stop60-exit-replay-maxwait66000-r1,R4_MARKUP_WITH_DUMP_RISK,2500,-1000,40000,200,983,-334467,-340.2512716174975,-313.0,170,0.17293997965412003,0.15058267749461432,31
