scope,classifier,target_bps,stop_bps,max_hold_ms,segment,retained_count,precision_cost100,wilson_lower95_cost100,cost100_sum_pnl_bps,cost100_avg_pnl_bps,cost100_median_pnl_bps,cost200_sum_pnl_bps,cost200_avg_pnl_bps,cost200_median_pnl_bps,target_rate,stop_rate,timeout_rate,negative_timeout_rate,max_consecutive_losses_cost100
shadow-burnin-v3-r50-tsv2-logging-only-target60-stop60-exit-replay-maxwait66000-r1,R0_BROAD,1000,-300,20000,train,1211,0.07101568951279934,0.057865217721383165,-208762,-172.38810900082575,-202.0,-329862,-272.38810900082575,-302.0,0.05037159372419488,0.16432700247729148,0.7853014037985137,0.7580511973575558,59
shadow-burnin-v3-r50-tsv2-logging-only-target60-stop60-exit-replay-maxwait66000-r1,R0_BROAD,1000,-300,20000,validation,1211,0.08670520231213873,0.07213420657153433,-203952,-168.41618497109826,-202.0,-325052,-268.4161849710983,-302.0,0.0611065235342692,0.22047894302229562,0.7184145334434352,0.6812551610239471,63
shadow-burnin-v3-r50-tsv2-logging-only-target60-stop60-exit-replay-maxwait66000-r1,R0_BROAD,1000,-300,20000,holdout,1211,0.07431874483897605,0.06085430868839517,-217587,-179.67547481420314,-202.0,-338687,-279.67547481420314,-302.0,0.04376548307184145,0.20891824938067713,0.7473162675474814,0.70355078447564,48
shadow-burnin-v3-r50-tsv2-logging-only-target60-stop60-exit-replay-maxwait66000-r1,R0_BROAD,1000,-300,30000,train,1211,0.07762180016515277,0.06385177264019104,-201986,-166.7927332782824,-202.0,-323086,-266.7927332782824,-302.0,0.061932287365813375,0.1833195706028076,0.7547481420313791,0.7341040462427746,52
shadow-burnin-v3-r50-tsv2-logging-only-target60-stop60-exit-replay-maxwait66000-r1,R0_BROAD,1000,-300,30000,validation,1211,0.08670520231213873,0.07213420657153433,-206790,-170.75970272502065,-202.0,-327890,-270.75970272502065,-302.0,0.06771263418662263,0.24525185796862098,0.6870355078447564,0.6581337737407101,66
shadow-burnin-v3-r50-tsv2-logging-only-target60-stop60-exit-replay-maxwait66000-r1,R0_BROAD,1000,-300,30000,holdout,1211,0.06936416184971098,0.05637397754180501,-224266,-185.1907514450867,-202.0,-345366,-285.19075144508673,-302.0,0.0495458298926507,0.2320396366639141,0.7184145334434352,0.6878612716763006,83
shadow-burnin-v3-r50-tsv2-logging-only-target60-stop60-exit-replay-maxwait66000-r1,R0_BROAD,1000,-300,40000,train,1211,0.07844756399669695,0.0646023893621868,-201519,-166.40710156895128,-202.0,-322619,-266.4071015689513,-302.0,0.06936416184971098,0.19322873658133774,0.7374071015689513,0.7233691164327003,52
shadow-burnin-v3-r50-tsv2-logging-only-target60-stop60-exit-replay-maxwait66000-r1,R0_BROAD,1000,-300,40000,validation,1211,0.09248554913294797,0.0774321099069659,-202537,-167.24772914946325,-202.0,-323637,-267.2477291494632,-302.0,0.0726672171758877,0.25681255161023947,0.6705202312138728,0.6416184971098265,66
shadow-burnin-v3-r50-tsv2-logging-only-target60-stop60-exit-replay-maxwait66000-r1,R0_BROAD,1000,-300,40000,holdout,1211,0.07597027250206441,0.06235202534594069,-220568,-182.13707679603633,-202.0,-341668,-282.13707679603635,-302.0,0.05615194054500413,0.24690338563170933,0.6969446738232865,0.6672171758876961,77
shadow-burnin-v3-r50-tsv2-logging-only-target60-stop60-exit-replay-maxwait66000-r1,R0_BROAD,1000,-500,20000,train,1211,0.07184145334434351,0.05861167715251853,-242664,-200.3831544178365,-202.0,-363764,-300.3831544178365,-302.0,0.05119735755573906,0.14037985136251033,0.8084227910817506,0.7803468208092486,59
shadow-burnin-v3-r50-tsv2-logging-only-target60-stop60-exit-replay-maxwait66000-r1,R0_BROAD,1000,-500,20000,validation,1211,0.0916597853014038,0.07667405997990749,-246773,-203.77621800165153,-202.0,-367873,-303.7762180016515,-302.0,0.06358381502890173,0.1907514450867052,0.7456647398843931,0.7060280759702725,63
shadow-burnin-v3-r50-tsv2-logging-only-target60-stop60-exit-replay-maxwait66000-r1,R0_BROAD,1000,-500,20000,holdout,1211,0.08257638315441784,0.06836262755195366,-251130,-207.3740710156895,-202.0,-372230,-307.37407101568954,-302.0,0.04706853839801817,0.17671345995045418,0.7762180016515277,0.726672171758877,48
shadow-burnin-v3-r50-tsv2-logging-only-target60-stop60-exit-replay-maxwait66000-r1,R0_BROAD,1000,-500,30000,train,1211,0.08009909165978531,0.06610507377745177,-237932,-196.47563996696945,-202.0,-359032,-296.4756399669694,-302.0,0.06275805119735756,0.15359207266721717,0.7836498761354252,0.7597027250206441,52
shadow-burnin-v3-r50-tsv2-logging-only-target60-stop60-exit-replay-maxwait66000-r1,R0_BROAD,1000,-500,30000,validation,1211,0.09413707679603633,0.07894937316722159,-251799,-207.92650701899257,-202.0,-372899,-307.9265070189926,-302.0,0.07184145334434351,0.2097440132122213,0.7184145334434352,0.6862097440132122,66
shadow-burnin-v3-r50-tsv2-logging-only-target60-stop60-exit-replay-maxwait66000-r1,R0_BROAD,1000,-500,30000,holdout,1211,0.08009909165978531,0.06610507377745177,-260524,-215.1312964492155,-202.0,-381624,-315.13129644921554,-302.0,0.05532617671345995,0.1981833195706028,0.7464905037159373,0.7109826589595376,59
shadow-burnin-v3-r50-tsv2-logging-only-target60-stop60-exit-replay-maxwait66000-r1,R0_BROAD,1000,-500,40000,train,1211,0.08175061932287365,0.06760964797590915,-238456,-196.9083402146986,-202.0,-359556,-296.90834021469857,-302.0,0.07101568951279934,0.16432700247729148,0.7646573080099092,0.7473162675474814,52
shadow-burnin-v3-r50-tsv2-logging-only-target60-stop60-exit-replay-maxwait66000-r1,R0_BROAD,1000,-500,40000,validation,1211,0.10074318744838975,0.08503329643453869,-247830,-204.64905037159372,-202.0,-368930,-304.6490503715937,-302.0,0.07762180016515277,0.21965317919075145,0.7027250206440958,0.6705202312138728,66
shadow-burnin-v3-r50-tsv2-logging-only-target60-stop60-exit-replay-maxwait66000-r1,R0_BROAD,1000,-500,40000,holdout,1211,0.08670520231213873,0.07213420657153433,-258094,-213.12469033856317,-202.0,-379194,-313.1246903385632,-302.0,0.06440957886044592,0.21222130470685385,0.7233691164327003,0.6903385631709331,77
shadow-burnin-v3-r50-tsv2-logging-only-target60-stop60-exit-replay-maxwait66000-r1,R0_BROAD,1000,-700,20000,train,1211,0.07431874483897605,0.06085430868839517,-270053,-223.0,-202.0,-391153,-323.0,-302.0,0.05284888521882741,0.1147811725846408,0.8323699421965318,0.8034682080924855,59
shadow-burnin-v3-r50-tsv2-logging-only-target60-stop60-exit-replay-maxwait66000-r1,R0_BROAD,1000,-700,20000,validation,1211,0.09661436829066887,0.08122810919843602,-282850,-233.56729975227086,-202.0,-403950,-333.56729975227086,-302.0,0.06523534269199009,0.15111478117258464,0.7836498761354252,0.740710156895128,50
shadow-burnin-v3-r50-tsv2-logging-only-target60-stop60-exit-replay-maxwait66000-r1,R0_BROAD,1000,-700,20000,holdout,1211,0.08587943848059455,0.07137901940503262,-282830,-233.55078447563997,-202.0,-403930,-333.55078447563994,-302.0,0.04872006606110652,0.1453344343517754,0.805945499587118,0.7547481420313791,48
shadow-burnin-v3-r50-tsv2-logging-only-target60-stop60-exit-replay-maxwait66000-r1,R0_BROAD,1000,-700,30000,train,1211,0.08587943848059455,0.07137901940503262,-263153,-217.30222956234516,-202.0,-384253,-317.3022295623452,-302.0,0.06688687035507845,0.1255161023947151,0.8075970272502064,0.781998348472337,51
shadow-burnin-v3-r50-tsv2-logging-only-target60-stop60-exit-replay-maxwait66000-r1,R0_BROAD,1000,-700,30000,validation,1211,0.10074318744838975,0.08503329643453869,-288684,-238.38480594549958,-202.0,-409784,-338.3848059454996,-302.0,0.07514450867052024,0.17093311312964493,0.7539223781998349,0.717588769611891,66
shadow-burnin-v3-r50-tsv2-logging-only-target60-stop60-exit-replay-maxwait66000-r1,R0_BROAD,1000,-700,30000,holdout,1211,0.08422791081750619,0.0698699406525906,-296904,-245.17258464079273,-202.0,-418004,-345.1725846407927,-302.0,0.057803468208092484,0.16680429397192403,0.7753922378199835,0.7374071015689513,48
shadow-burnin-v3-r50-tsv2-logging-only-target60-stop60-exit-replay-maxwait66000-r1,R0_BROAD,1000,-700,40000,train,1211,0.0875309661436829,0.07288981822350803,-265223,-219.01156069364163,-202.0,-386323,-319.0115606936416,-302.0,0.07679603633360858,0.13625103220478943,0.786952931461602,0.7696118909991743,51
shadow-burnin-v3-r50-tsv2-logging-only-target60-stop60-exit-replay-maxwait66000-r1,R0_BROAD,1000,-700,40000,validation,1211,0.10652353426919901,0.09037505991190155,-288001,-237.82080924855492,-202.0,-409101,-337.8208092485549,-302.0,0.08092485549132948,0.18249380677126342,0.7365813377374071,0.7018992568125516,66
shadow-burnin-v3-r50-tsv2-logging-only-target60-stop60-exit-replay-maxwait66000-r1,R0_BROAD,1000,-700,40000,holdout,1211,0.0916597853014038,0.07667405997990749,-294991,-243.59289843104872,-202.0,-416091,-343.5928984310487,-302.0,0.0685383980181668,0.18084227910817507,0.7506193228736582,0.7159372419488026,77
shadow-burnin-v3-r50-tsv2-logging-only-target60-stop60-exit-replay-maxwait66000-r1,R0_BROAD,1000,-1000,20000,train,1211,0.07762180016515277,0.06385177264019104,-301366,-248.85714285714286,-202.0,-422466,-348.85714285714283,-302.0,0.054500412881915775,0.10074318744838975,0.8447563996696945,0.8142031379025598,59
shadow-burnin-v3-r50-tsv2-logging-only-target60-stop60-exit-replay-maxwait66000-r1,R0_BROAD,1000,-1000,20000,validation,1211,0.10074318744838975,0.08503329643453869,-324990,-268.36498761354255,-202.0,-446090,-368.36498761354255,-302.0,0.06688687035507845,0.13129644921552436,0.8018166804293972,0.7563996696944674,50
shadow-burnin-v3-r50-tsv2-logging-only-target60-stop60-exit-replay-maxwait66000-r1,R0_BROAD,1000,-1000,20000,holdout,1211,0.08835672997522709,0.0736458489895035,-325780,-269.01734104046244,-202.0,-446880,-369.01734104046244,-302.0,0.05037159372419488,0.13129644921552436,0.8183319570602807,0.7663088356729976,48
shadow-burnin-v3-r50-tsv2-logging-only-target60-stop60-exit-replay-maxwait66000-r1,R0_BROAD,1000,-1000,30000,train,1211,0.09000825763831544,0.07515914698758513,-295793,-244.25516102394715,-202.0,-416893,-344.25516102394715,-302.0,0.07018992568125516,0.10817506193228736,0.8216350123864574,0.7952105697770437,51
shadow-burnin-v3-r50-tsv2-logging-only-target60-stop60-exit-replay-maxwait66000-r1,R0_BROAD,1000,-1000,30000,validation,1211,0.10487200660611065,0.08884717603465121,-335745,-277.24607762180017,-202.0,-456845,-377.24607762180017,-302.0,0.07762180016515277,0.15028901734104047,0.7720891824938068,0.7341040462427746,66
shadow-burnin-v3-r50-tsv2-logging-only-target60-stop60-exit-replay-maxwait66000-r1,R0_BROAD,1000,-1000,30000,holdout,1211,0.08670520231213873,0.07213420657153433,-346052,-285.757225433526,-202.0,-467152,-385.757225433526,-302.0,0.06028075970272502,0.1486374896779521,0.7910817506193228,0.7530966143682907,48
shadow-burnin-v3-r50-tsv2-logging-only-target60-stop60-exit-replay-maxwait66000-r1,R0_BROAD,1000,-1000,40000,train,1211,0.09248554913294797,0.0774321099069659,-298223,-246.2617671345995,-202.0,-419323,-346.2617671345995,-302.0,0.08092485549132948,0.11395540875309662,0.8051197357555739,0.786952931461602,51
shadow-burnin-v3-r50-tsv2-logging-only-target60-stop60-exit-replay-maxwait66000-r1,R0_BROAD,1000,-1000,40000,validation,1211,0.11230388109000826,0.09573266022412574,-336050,-277.49793559042115,-202.0,-457150,-377.49793559042115,-302.0,0.08505367464905036,0.16267547481420314,0.7522708505367465,0.7159372419488026,66
shadow-burnin-v3-r50-tsv2-logging-only-target60-stop60-exit-replay-maxwait66000-r1,R0_BROAD,1000,-1000,40000,holdout,1211,0.09413707679603633,0.07894937316722159,-349244,-288.39306358381504,-202.0,-470344,-388.39306358381504,-302.0,0.07101568951279934,0.16184971098265896,0.7671345995045417,0.731626754748142,77
shadow-burnin-v3-r50-tsv2-logging-only-target60-stop60-exit-replay-maxwait66000-r1,R0_BROAD,1500,-300,20000,train,1211,0.06606110652353427,0.053398472976369,-192611,-159.05119735755574,-202.0,-313711,-259.05119735755574,-302.0,0.037159372419488024,0.1676300578034682,0.7952105697770437,0.7580511973575558,80
shadow-burnin-v3-r50-tsv2-logging-only-target60-stop60-exit-replay-maxwait66000-r1,R0_BROAD,1500,-300,20000,validation,1211,0.08340214698596202,0.06911606046082723,-180253,-148.8464079273328,-202.0,-301353,-248.8464079273328,-302.0,0.04706853839801817,0.22378199834847234,0.7291494632535095,0.6812551610239471,63
shadow-burnin-v3-r50-tsv2-logging-only-target60-stop60-exit-replay-maxwait66000-r1,R0_BROAD,1500,-300,20000,holdout,1211,0.06936416184971098,0.05637397754180501,-206823,-170.7869529314616,-202.0,-327923,-270.7869529314616,-302.0,0.027250206440957887,0.2138728323699422,0.7588769611890999,0.70355078447564,48
shadow-burnin-v3-r50-tsv2-logging-only-target60-stop60-exit-replay-maxwait66000-r1,R0_BROAD,1500,-300,30000,train,1211,0.07101568951279934,0.057865217721383165,-184219,-152.121387283237,-202.0,-305319,-252.121387283237,-302.0,0.04459124690338563,0.18909991742361684,0.7663088356729976,0.7349298100743188,80
shadow-burnin-v3-r50-tsv2-logging-only-target60-stop60-exit-replay-maxwait66000-r1,R0_BROAD,1500,-300,30000,validation,1211,0.08175061932287365,0.06760964797590915,-182575,-150.76383154417837,-202.0,-303675,-250.76383154417837,-302.0,0.053674649050371594,0.250206440957886,0.6961189099917423,0.6581337737407101,66
shadow-burnin-v3-r50-tsv2-logging-only-target60-stop60-exit-replay-maxwait66000-r1,R0_BROAD,1500,-300,30000,holdout,1211,0.06275805119735756,0.05043280933847261,-213548,-176.3402146985962,-202.0,-334648,-276.3402146985962,-302.0,0.033856317093311314,0.23864574731626756,0.7274979355904211,0.6878612716763006,88
shadow-burnin-v3-r50-tsv2-logging-only-target60-stop60-exit-replay-maxwait66000-r1,R0_BROAD,1500,-300,40000,train,1211,0.06606110652353427,0.053398472976369,-191058,-157.76878612716763,-202.0,-312158,-257.76878612716763,-302.0,0.0495458298926507,0.20478943022295623,0.7456647398843931,0.7233691164327003,80
shadow-burnin-v3-r50-tsv2-logging-only-target60-stop60-exit-replay-maxwait66000-r1,R0_BROAD,1500,-300,40000,validation,1211,0.08505367464905036,0.07062426222227225,-180062,-148.68868703550785,-203.0,-301162,-248.68868703550785,-303.0,0.057803468208092484,0.26424442609413706,0.6779521056977704,0.6416184971098265,66
shadow-burnin-v3-r50-tsv2-logging-only-target60-stop60-exit-replay-maxwait66000-r1,R0_BROAD,1500,-300,40000,holdout,1211,0.06771263418662263,0.054885036844010304,-209786,-173.233691164327,-202.0,-330886,-273.233691164327,-302.0,0.03963666391412056,0.2543352601156069,0.7060280759702725,0.6680429397192403,77
shadow-burnin-v3-r50-tsv2-logging-only-target60-stop60-exit-replay-maxwait66000-r1,R0_BROAD,1500,-500,20000,train,1211,0.06688687035507845,0.054141452791000425,-226813,-187.29397192402973,-202.0,-347913,-287.29397192402973,-302.0,0.037985136251032205,0.14368290668868702,0.8183319570602807,0.7803468208092486,80
shadow-burnin-v3-r50-tsv2-logging-only-target60-stop60-exit-replay-maxwait66000-r1,R0_BROAD,1500,-500,20000,validation,1211,0.08835672997522709,0.0736458489895035,-223499,-184.5573905862923,-202.0,-344599,-284.55739058629234,-302.0,0.04789430222956235,0.19405450041288191,0.7580511973575558,0.7060280759702725,63
shadow-burnin-v3-r50-tsv2-logging-only-target60-stop60-exit-replay-maxwait66000-r1,R0_BROAD,1500,-500,20000,holdout,1211,0.07762180016515277,0.06385177264019104,-239566,-197.82493806771262,-202.0,-360666,-297.82493806771265,-302.0,0.0305532617671346,0.18166804293971925,0.7877786952931461,0.726672171758877,48
shadow-burnin-v3-r50-tsv2-logging-only-target60-stop60-exit-replay-maxwait66000-r1,R0_BROAD,1500,-500,30000,train,1211,0.07349298100743187,0.060106231012301344,-221065,-182.5474814203138,-202.0,-342165,-282.5474814203138,-302.0,0.04541701073492981,0.1593724194880264,0.7952105697770437,0.7605284888521883,64
shadow-burnin-v3-r50-tsv2-logging-only-target60-stop60-exit-replay-maxwait66000-r1,R0_BROAD,1500,-500,30000,validation,1211,0.08918249380677126,0.07440229362081692,-227881,-188.1758876961189,-202.0,-348981,-288.17588769611893,-302.0,0.05615194054500413,0.2138728323699422,0.7299752270850537,0.6870355078447564,66
shadow-burnin-v3-r50-tsv2-logging-only-target60-stop60-exit-replay-maxwait66000-r1,R0_BROAD,1500,-500,30000,holdout,1211,0.0726672171758877,0.05935868441374413,-249747,-206.23203963666393,-202.0,-370847,-306.2320396366639,-302.0,0.038810900082576386,0.20478943022295623,0.7563996696944674,0.7118084227910817,63
shadow-burnin-v3-r50-tsv2-logging-only-target60-stop60-exit-replay-maxwait66000-r1,R0_BROAD,1500,-500,40000,train,1211,0.06936416184971098,0.05637397754180501,-230170,-190.06606110652353,-202.0,-351270,-290.06606110652353,-302.0,0.05037159372419488,0.17588769611891,0.7737407101568952,0.7473162675474814,64
shadow-burnin-v3-r50-tsv2-logging-only-target60-stop60-exit-replay-maxwait66000-r1,R0_BROAD,1500,-500,40000,validation,1211,0.09331131296449216,0.07819054916572014,-224781,-185.61601981833195,-202.0,-345881,-285.61601981833195,-302.0,0.0611065235342692,0.22625928984310487,0.7126341866226259,0.671345995045417,66
shadow-burnin-v3-r50-tsv2-logging-only-target60-stop60-exit-replay-maxwait66000-r1,R0_BROAD,1500,-500,40000,holdout,1211,0.07844756399669695,0.0646023893621868,-244880,-202.2130470685384,-202.0,-365980,-302.2130470685384,-302.0,0.04706853839801817,0.21965317919075145,0.7332782824112304,0.6911643270024773,77
shadow-burnin-v3-r50-tsv2-logging-only-target60-stop60-exit-replay-maxwait66000-r1,R0_BROAD,1500,-700,20000,train,1211,0.06936416184971098,0.05637397754180501,-254002,-209.7456647398844,-202.0,-375102,-309.7456647398844,-302.0,0.03963666391412056,0.1180842279108175,0.8422791081750619,0.8034682080924855,80
shadow-burnin-v3-r50-tsv2-logging-only-target60-stop60-exit-replay-maxwait66000-r1,R0_BROAD,1500,-700,20000,validation,1211,0.09331131296449216,0.07819054916572014,-259290,-214.11230388109,-202.0,-380390,-314.11230388109,-302.0,0.04872006606110652,0.15359207266721717,0.7976878612716763,0.7415359207266722,50
shadow-burnin-v3-r50-tsv2-logging-only-target60-stop60-exit-replay-maxwait66000-r1,R0_BROAD,1500,-700,20000,holdout,1211,0.08092485549132948,0.06685712793265393,-271466,-224.16680429397192,-202.0,-392566,-324.16680429397195,-302.0,0.03220478943022296,0.15028901734104047,0.8175061932287366,0.7547481420313791,48
shadow-burnin-v3-r50-tsv2-logging-only-target60-stop60-exit-replay-maxwait66000-r1,R0_BROAD,1500,-700,30000,train,1211,0.07927332782824112,0.06535349202639522,-245401,-202.6432700247729,-202.0,-366501,-302.6432700247729,-302.0,0.04872006606110652,0.13129644921552436,0.8199834847233691,0.782824112303881,56
shadow-burnin-v3-r50-tsv2-logging-only-target60-stop60-exit-replay-maxwait66000-r1,R0_BROAD,1500,-700,30000,validation,1211,0.0957886044591247,0.0804681575321484,-263075,-217.2378199834847,-202.0,-384175,-317.2378199834847,-302.0,0.058629232039636665,0.17423616845582163,0.7671345995045417,0.7184145334434352,66
shadow-burnin-v3-r50-tsv2-logging-only-target60-stop60-exit-replay-maxwait66000-r1,R0_BROAD,1500,-700,30000,holdout,1211,0.07597027250206441,0.06235202534594069,-288017,-237.8340214698596,-202.0,-409117,-337.83402146985964,-302.0,0.04046242774566474,0.17341040462427745,0.7861271676300579,0.7390586292320397,49
shadow-burnin-v3-r50-tsv2-logging-only-target60-stop60-exit-replay-maxwait66000-r1,R0_BROAD,1500,-700,40000,train,1211,0.07514450867052024,0.061602909406307166,-257071,-212.27993393889346,-202.0,-378171,-312.27993393889346,-302.0,0.053674649050371594,0.14781172584640792,0.7985136251032204,0.7696118909991743,56
shadow-burnin-v3-r50-tsv2-logging-only-target60-stop60-exit-replay-maxwait66000-r1,R0_BROAD,1500,-700,40000,validation,1211,0.09991742361684558,0.0842715484659229,-262352,-216.6407927332783,-202.0,-383452,-316.64079273327826,-302.0,0.06523534269199009,0.18827415359207267,0.7464905037159373,0.7027250206440958,66
shadow-burnin-v3-r50-tsv2-logging-only-target60-stop60-exit-replay-maxwait66000-r1,R0_BROAD,1500,-700,40000,holdout,1211,0.08257638315441784,0.06836262755195366,-283277,-233.91990090834022,-202.0,-404377,-333.9199009083402,-302.0,0.05037159372419488,0.18909991742361684,0.7605284888521883,0.7167630057803468,77
shadow-burnin-v3-r50-tsv2-logging-only-target60-stop60-exit-replay-maxwait66000-r1,R0_BROAD,1500,-1000,20000,train,1211,0.07349298100743187,0.060106231012301344,-283369,-233.99587118084227,-202.0,-404469,-333.9958711808423,-302.0,0.04128819157720892,0.10322047894302229,0.8554913294797688,0.8142031379025598,73
shadow-burnin-v3-r50-tsv2-logging-only-target60-stop60-exit-replay-maxwait66000-r1,R0_BROAD,1500,-1000,20000,validation,1211,0.09744013212221304,0.08198842820764117,-301649,-249.09083402146985,-202.0,-422749,-349.09083402146985,-302.0,0.0495458298926507,0.1337737407101569,0.8166804293971924,0.7572254335260116,50
shadow-burnin-v3-r50-tsv2-logging-only-target60-stop60-exit-replay-maxwait66000-r1,R0_BROAD,1500,-1000,20000,holdout,1211,0.08422791081750619,0.0698699406525906,-312969,-258.43848059454996,-202.0,-434069,-358.43848059454996,-302.0,0.033856317093311314,0.1337737407101569,0.8323699421965318,0.7679603633360859,48
shadow-burnin-v3-r50-tsv2-logging-only-target60-stop60-exit-replay-maxwait66000-r1,R0_BROAD,1500,-1000,30000,train,1211,0.08422791081750619,0.0698699406525906,-276370,-228.21635012386457,-202.0,-397470,-328.2163501238646,-302.0,0.05202312138728324,0.11312964492155243,0.8348472336911643,0.7960363336085879,56
shadow-burnin-v3-r50-tsv2-logging-only-target60-stop60-exit-replay-maxwait66000-r1,R0_BROAD,1500,-1000,30000,validation,1211,0.09991742361684558,0.0842715484659229,-309913,-255.91494632535094,-202.0,-431013,-355.91494632535097,-302.0,0.06028075970272502,0.15359207266721717,0.7861271676300579,0.7349298100743188,66
shadow-burnin-v3-r50-tsv2-logging-only-target60-stop60-exit-replay-maxwait66000-r1,R0_BROAD,1500,-1000,30000,holdout,1211,0.07927332782824112,0.06535349202639522,-335770,-277.2667217175888,-202.0,-456870,-377.2667217175888,-302.0,0.042939719240297276,0.15441783649876134,0.8026424442609413,0.7547481420313791,49
shadow-burnin-v3-r50-tsv2-logging-only-target60-stop60-exit-replay-maxwait66000-r1,R0_BROAD,1500,-1000,40000,train,1211,0.08092485549132948,0.06685712793265393,-290463,-239.8538398018167,-202.0,-411563,-339.85383980181666,-302.0,0.05697770437654831,0.12469033856317094,0.8183319570602807,0.786952931461602,56
shadow-burnin-v3-r50-tsv2-logging-only-target60-stop60-exit-replay-maxwait66000-r1,R0_BROAD,1500,-1000,40000,validation,1211,0.10734929810074319,0.09113948793243792,-307703,-254.09000825763832,-202.0,-428803,-354.0900082576383,-302.0,0.06936416184971098,0.16597853014037986,0.7646573080099092,0.717588769611891,66
shadow-burnin-v3-r50-tsv2-logging-only-target60-stop60-exit-replay-maxwait66000-r1,R0_BROAD,1500,-1000,40000,holdout,1211,0.08587943848059455,0.07137901940503262,-336530,-277.89430222956236,-202.0,-457630,-377.89430222956236,-302.0,0.053674649050371594,0.16928158546655656,0.7770437654830719,0.7324525185796862,77
shadow-burnin-v3-r50-tsv2-logging-only-target60-stop60-exit-replay-maxwait66000-r1,R0_BROAD,2000,-300,20000,train,1211,0.06440957886044592,0.051914368045497546,-181594,-149.95375722543352,-202.0,-302694,-249.95375722543352,-302.0,0.021469859620148638,0.16928158546655656,0.8092485549132948,0.7580511973575558,80
shadow-burnin-v3-r50-tsv2-logging-only-target60-stop60-exit-replay-maxwait66000-r1,R0_BROAD,2000,-300,20000,validation,1211,0.07762180016515277,0.06385177264019104,-173690,-143.42691990090833,-202.0,-294790,-243.42691990090833,-302.0,0.028075970272502065,0.22873658133773742,0.7431874483897605,0.6812551610239471,81
shadow-burnin-v3-r50-tsv2-logging-only-target60-stop60-exit-replay-maxwait66000-r1,R0_BROAD,2000,-300,20000,holdout,1211,0.0685383980181668,0.055629215030295304,-199277,-164.55573905862923,-202.0,-320377,-264.55573905862923,-302.0,0.016515276630883566,0.21469859620148637,0.7687861271676301,0.70355078447564,48
shadow-burnin-v3-r50-tsv2-logging-only-target60-stop60-exit-replay-maxwait66000-r1,R0_BROAD,2000,-300,30000,train,1211,0.06523534269199009,0.052656107815081815,-176726,-145.93393889347647,-202.0,-297826,-245.93393889347647,-302.0,0.03137902559867878,0.1948802642444261,0.7737407101568952,0.7349298100743188,80
shadow-burnin-v3-r50-tsv2-logging-only-target60-stop60-exit-replay-maxwait66000-r1,R0_BROAD,2000,-300,30000,validation,1211,0.07431874483897605,0.06085430868839517,-175930,-145.2766308835673,-202.0,-297030,-245.2766308835673,-302.0,0.037159372419488024,0.25763831544178367,0.7052023121387283,0.6581337737407101,66
shadow-burnin-v3-r50-tsv2-logging-only-target60-stop60-exit-replay-maxwait66000-r1,R0_BROAD,2000,-300,30000,holdout,1211,0.0611065235342692,0.04895388979460639,-205367,-169.58464079273327,-202.0,-326467,-269.5846407927333,-302.0,0.023121387283236993,0.2402972749793559,0.7365813377374071,0.6878612716763006,88
shadow-burnin-v3-r50-tsv2-logging-only-target60-stop60-exit-replay-maxwait66000-r1,R0_BROAD,2000,-300,40000,train,1211,0.058629232039636665,0.04674067756995318,-185779,-153.40957886044592,-202.0,-306879,-253.40957886044592,-302.0,0.03550784475639967,0.21222130470685385,0.7522708505367465,0.7233691164327003,80
shadow-burnin-v3-r50-tsv2-logging-only-target60-stop60-exit-replay-maxwait66000-r1,R0_BROAD,2000,-300,40000,validation,1211,0.07679603633360858,0.0631016488947731,-173288,-143.09496284062757,-204.0,-294388,-243.09496284062757,-304.0,0.04128819157720892,0.27167630057803466,0.6870355078447564,0.6416184971098265,66
shadow-burnin-v3-r50-tsv2-logging-only-target60-stop60-exit-replay-maxwait66000-r1,R0_BROAD,2000,-300,40000,holdout,1211,0.06358381502890173,0.051173264743669386,-201396,-166.30553261767133,-202.0,-322496,-266.30553261767136,-302.0,0.0305532617671346,0.25763831544178367,0.7118084227910817,0.6680429397192403,77
shadow-burnin-v3-r50-tsv2-logging-only-target60-stop60-exit-replay-maxwait66000-r1,R0_BROAD,2000,-500,20000,train,1211,0.06523534269199009,0.052656107815081815,-215696,-178.1139554087531,-202.0,-336796,-278.1139554087531,-302.0,0.022295623451692816,0.1453344343517754,0.8323699421965318,0.7803468208092486,80
shadow-burnin-v3-r50-tsv2-logging-only-target60-stop60-exit-replay-maxwait66000-r1,R0_BROAD,2000,-500,20000,validation,1211,0.08257638315441784,0.06836262755195366,-218401,-180.3476465730801,-202.0,-339501,-280.3476465730801,-302.0,0.028075970272502065,0.19900908340214699,0.772914946325351,0.7060280759702725,63
shadow-burnin-v3-r50-tsv2-logging-only-target60-stop60-exit-replay-maxwait66000-r1,R0_BROAD,2000,-500,20000,holdout,1211,0.07597027250206441,0.06235202534594069,-232183,-191.72832369942196,-202.0,-353283,-291.728323699422,-302.0,0.018992568125516102,0.18249380677126342,0.7985136251032204,0.726672171758877,48
shadow-burnin-v3-r50-tsv2-logging-only-target60-stop60-exit-replay-maxwait66000-r1,R0_BROAD,2000,-500,30000,train,1211,0.06771263418662263,0.054885036844010304,-214472,-177.10322047894303,-202.0,-335572,-277.103220478943,-302.0,0.03220478943022296,0.16515276630883569,0.8026424442609413,0.7605284888521883,72
shadow-burnin-v3-r50-tsv2-logging-only-target60-stop60-exit-replay-maxwait66000-r1,R0_BROAD,2000,-500,30000,validation,1211,0.08175061932287365,0.06760964797590915,-221664,-183.04211395540875,-202.0,-342764,-283.04211395540875,-302.0,0.038810900082576386,0.2213047068538398,0.7398843930635838,0.6870355078447564,66
shadow-burnin-v3-r50-tsv2-logging-only-target60-stop60-exit-replay-maxwait66000-r1,R0_BROAD,2000,-500,30000,holdout,1211,0.07018992568125516,0.05711931485540696,-241466,-199.39388934764656,-202.0,-362566,-299.39388934764656,-302.0,0.027250206440957887,0.20726672171758878,0.7654830718414534,0.7118084227910817,65
shadow-burnin-v3-r50-tsv2-logging-only-target60-stop60-exit-replay-maxwait66000-r1,R0_BROAD,2000,-500,40000,train,1211,0.061932287365813375,0.04969301362761665,-226191,-186.78034682080926,-202.0,-347291,-286.78034682080926,-302.0,0.03633360858794385,0.1833195706028076,0.7803468208092486,0.7473162675474814,72
shadow-burnin-v3-r50-tsv2-logging-only-target60-stop60-exit-replay-maxwait66000-r1,R0_BROAD,2000,-500,40000,validation,1211,0.08505367464905036,0.07062426222227225,-217807,-179.85714285714286,-203.0,-338907,-279.85714285714283,-303.0,0.04459124690338563,0.2336911643270025,0.7217175887696119,0.671345995045417,66
shadow-burnin-v3-r50-tsv2-logging-only-target60-stop60-exit-replay-maxwait66000-r1,R0_BROAD,2000,-500,40000,holdout,1211,0.07349298100743187,0.060106231012301344,-235952,-194.84062758051198,-202.0,-357052,-294.840627580512,-302.0,0.03550784475639967,0.22378199834847234,0.740710156895128,0.6911643270024773,77
shadow-burnin-v3-r50-tsv2-logging-only-target60-stop60-exit-replay-maxwait66000-r1,R0_BROAD,2000,-700,20000,train,1211,0.06771263418662263,0.054885036844010304,-242285,-200.07018992568126,-202.0,-363385,-300.07018992568123,-302.0,0.023947151114781174,0.11973575557390587,0.856317093311313,0.8034682080924855,80
shadow-burnin-v3-r50-tsv2-logging-only-target60-stop60-exit-replay-maxwait66000-r1,R0_BROAD,2000,-700,20000,validation,1211,0.0875309661436829,0.07288981822350803,-254709,-210.32947976878611,-202.0,-375809,-310.32947976878614,-302.0,0.028901734104046242,0.15772089182493806,0.8133773740710157,0.7423616845582164,50
shadow-burnin-v3-r50-tsv2-logging-only-target60-stop60-exit-replay-maxwait66000-r1,R0_BROAD,2000,-700,20000,holdout,1211,0.07927332782824112,0.06535349202639522,-263283,-217.40957886044592,-202.0,-384383,-317.4095788604459,-302.0,0.02064409578860446,0.15111478117258464,0.8282411230388109,0.7547481420313791,48
shadow-burnin-v3-r50-tsv2-logging-only-target60-stop60-exit-replay-maxwait66000-r1,R0_BROAD,2000,-700,30000,train,1211,0.07349298100743187,0.060106231012301344,-238011,-196.54087530966143,-202.0,-359111,-296.54087530966143,-302.0,0.03550784475639967,0.13625103220478943,0.8282411230388109,0.7836498761354252,65
shadow-burnin-v3-r50-tsv2-logging-only-target60-stop60-exit-replay-maxwait66000-r1,R0_BROAD,2000,-700,30000,validation,1211,0.08835672997522709,0.0736458489895035,-258236,-213.24194880264244,-202.0,-379336,-313.24194880264247,-302.0,0.04046242774566474,0.18084227910817507,0.7786952931461602,0.7192402972749794,66
shadow-burnin-v3-r50-tsv2-logging-only-target60-stop60-exit-replay-maxwait66000-r1,R0_BROAD,2000,-700,30000,holdout,1211,0.07431874483897605,0.06085430868839517,-278335,-229.8389760528489,-202.0,-399435,-329.83897605284886,-302.0,0.028901734104046242,0.1750619322873658,0.7960363336085879,0.7390586292320397,65
shadow-burnin-v3-r50-tsv2-logging-only-target60-stop60-exit-replay-maxwait66000-r1,R0_BROAD,2000,-700,40000,train,1211,0.0685383980181668,0.055629215030295304,-250192,-206.59950454170107,-202.0,-371292,-306.5995045417011,-302.0,0.04046242774566474,0.15441783649876134,0.8051197357555739,0.7696118909991743,65
shadow-burnin-v3-r50-tsv2-logging-only-target60-stop60-exit-replay-maxwait66000-r1,R0_BROAD,2000,-700,40000,validation,1211,0.0916597853014038,0.07667405997990749,-255757,-211.19488026424443,-202.0,-376857,-311.19488026424443,-302.0,0.04789430222956235,0.19570602807597026,0.7563996696944674,0.7027250206440958,66
shadow-burnin-v3-r50-tsv2-logging-only-target60-stop60-exit-replay-maxwait66000-r1,R0_BROAD,2000,-700,40000,holdout,1211,0.07762180016515277,0.06385177264019104,-273960,-226.2262592898431,-202.0,-395060,-326.2262592898431,-302.0,0.037985136251032205,0.19240297274979357,0.7696118909991743,0.717588769611891,77
shadow-burnin-v3-r50-tsv2-logging-only-target60-stop60-exit-replay-maxwait66000-r1,R0_BROAD,2000,-1000,20000,train,1211,0.07101568951279934,0.057865217721383165,-274705,-226.8414533443435,-202.0,-395805,-326.8414533443435,-302.0,0.023947151114781174,0.10569777043765483,0.870355078447564,0.8142031379025598,73
shadow-burnin-v3-r50-tsv2-logging-only-target60-stop60-exit-replay-maxwait66000-r1,R0_BROAD,2000,-1000,20000,validation,1211,0.0916597853014038,0.07667405997990749,-297423,-245.60115606936415,-202.0,-418523,-345.60115606936415,-302.0,0.02972749793559042,0.1370767960363336,0.833195706028076,0.7588769611890999,50
shadow-burnin-v3-r50-tsv2-logging-only-target60-stop60-exit-replay-maxwait66000-r1,R0_BROAD,2000,-1000,20000,holdout,1211,0.08257638315441784,0.06836262755195366,-303474,-250.59785301403798,-202.0,-424574,-350.597853014038,-302.0,0.022295623451692816,0.1337737407101569,0.8439306358381503,0.7687861271676301,48
shadow-burnin-v3-r50-tsv2-logging-only-target60-stop60-exit-replay-maxwait66000-r1,R0_BROAD,2000,-1000,30000,train,1211,0.07762180016515277,0.06385177264019104,-271780,-224.4260941370768,-202.0,-392880,-324.4260941370768,-302.0,0.037985136251032205,0.11890999174236168,0.8431048720066061,0.7968620974401321,65
shadow-burnin-v3-r50-tsv2-logging-only-target60-stop60-exit-replay-maxwait66000-r1,R0_BROAD,2000,-1000,30000,validation,1211,0.09248554913294797,0.0774321099069659,-306858,-253.39223781998348,-202.0,-427958,-353.3922378199835,-302.0,0.04128819157720892,0.16019818331957061,0.7985136251032204,0.7357555739058629,66
shadow-burnin-v3-r50-tsv2-logging-only-target60-stop60-exit-replay-maxwait66000-r1,R0_BROAD,2000,-1000,30000,holdout,1211,0.07844756399669695,0.0646023893621868,-323313,-266.9801816680429,-202.0,-444413,-366.9801816680429,-302.0,0.03137902559867878,0.15524360033030554,0.8133773740710157,0.7547481420313791,65
shadow-burnin-v3-r50-tsv2-logging-only-target60-stop60-exit-replay-maxwait66000-r1,R0_BROAD,2000,-1000,40000,train,1211,0.07349298100743187,0.060106231012301344,-286984,-236.98100743187447,-202.0,-408084,-336.9810074318745,-302.0,0.042939719240297276,0.13212221304706853,0.8249380677126342,0.786952931461602,65
shadow-burnin-v3-r50-tsv2-logging-only-target60-stop60-exit-replay-maxwait66000-r1,R0_BROAD,2000,-1000,40000,validation,1211,0.0990916597853014,0.0835101518401984,-302473,-249.77126341866227,-202.0,-423573,-349.7712634186623,-302.0,0.05119735755573906,0.17258464079273328,0.7762180016515277,0.7184145334434352,66
shadow-burnin-v3-r50-tsv2-logging-only-target60-stop60-exit-replay-maxwait66000-r1,R0_BROAD,2000,-1000,40000,holdout,1211,0.08175061932287365,0.06760964797590915,-324651,-268.08505367464903,-202.0,-445751,-368.08505367464903,-302.0,0.04128819157720892,0.1717588769611891,0.786952931461602,0.7332782824112304,77
shadow-burnin-v3-r50-tsv2-logging-only-target60-stop60-exit-replay-maxwait66000-r1,R0_BROAD,2500,-300,20000,train,1211,0.06440957886044592,0.051914368045497546,-174806,-144.34847233691164,-202.0,-295906,-244.34847233691164,-302.0,0.016515276630883566,0.16928158546655656,0.8142031379025598,0.7580511973575558,80
shadow-burnin-v3-r50-tsv2-logging-only-target60-stop60-exit-replay-maxwait66000-r1,R0_BROAD,2500,-300,20000,validation,1211,0.07762180016515277,0.06385177264019104,-160713,-132.71098265895955,-202.0,-281813,-232.71098265895955,-302.0,0.022295623451692816,0.22873658133773742,0.7489677952105698,0.6812551610239471,81
shadow-burnin-v3-r50-tsv2-logging-only-target60-stop60-exit-replay-maxwait66000-r1,R0_BROAD,2500,-300,20000,holdout,1211,0.06606110652353427,0.053398472976369,-201140,-166.09413707679604,-202.0,-322240,-266.094137076796,-302.0,0.00990916597853014,0.21635012386457472,0.7737407101568952,0.7043765483071841,48
shadow-burnin-v3-r50-tsv2-logging-only-target60-stop60-exit-replay-maxwait66000-r1,R0_BROAD,2500,-300,30000,train,1211,0.06358381502890173,0.051173264743669386,-167558,-138.36333608587944,-202.0,-288658,-238.36333608587944,-302.0,0.023121387283236993,0.19653179190751446,0.7803468208092486,0.7349298100743188,80
shadow-burnin-v3-r50-tsv2-logging-only-target60-stop60-exit-replay-maxwait66000-r1,R0_BROAD,2500,-300,30000,validation,1211,0.07349298100743187,0.060106231012301344,-159412,-131.63666391412056,-202.0,-280512,-231.63666391412056,-302.0,0.0305532617671346,0.25763831544178367,0.7118084227910817,0.6581337737407101,66
shadow-burnin-v3-r50-tsv2-logging-only-target60-stop60-exit-replay-maxwait66000-r1,R0_BROAD,2500,-300,30000,holdout,1211,0.058629232039636665,0.04674067756995318,-200755,-165.77621800165153,-202.0,-321855,-265.7762180016515,-302.0,0.018166804293971925,0.24194880264244426,0.7398843930635838,0.6886870355078447,88
shadow-burnin-v3-r50-tsv2-logging-only-target60-stop60-exit-replay-maxwait66000-r1,R0_BROAD,2500,-300,40000,train,1211,0.05697770437654831,0.04526880458605072,-179410,-148.15028901734104,-202.0,-300510,-248.15028901734104,-302.0,0.028075970272502065,0.2138728323699422,0.7580511973575558,0.7233691164327003,80
shadow-burnin-v3-r50-tsv2-logging-only-target60-stop60-exit-replay-maxwait66000-r1,R0_BROAD,2500,-300,40000,validation,1211,0.07679603633360858,0.0631016488947731,-155150,-128.11725846407927,-204.0,-276250,-228.11725846407927,-304.0,0.03468208092485549,0.27167630057803466,0.6936416184971098,0.6416184971098265,66
shadow-burnin-v3-r50-tsv2-logging-only-target60-stop60-exit-replay-maxwait66000-r1,R0_BROAD,2500,-300,40000,holdout,1211,0.0611065235342692,0.04895388979460639,-195769,-161.65895953757226,-202.0,-316869,-261.65895953757223,-302.0,0.022295623451692816,0.259289843104872,0.7184145334434352,0.6688687035507844,77
shadow-burnin-v3-r50-tsv2-logging-only-target60-stop60-exit-replay-maxwait66000-r1,R0_BROAD,2500,-500,20000,train,1211,0.06523534269199009,0.052656107815081815,-208408,-172.09578860445913,-202.0,-329508,-272.09578860445913,-302.0,0.017341040462427744,0.1453344343517754,0.8373245251857968,0.7803468208092486,80
shadow-burnin-v3-r50-tsv2-logging-only-target60-stop60-exit-replay-maxwait66000-r1,R0_BROAD,2500,-500,20000,validation,1211,0.08257638315441784,0.06836262755195366,-205424,-169.6317093311313,-202.0,-326524,-269.6317093311313,-302.0,0.022295623451692816,0.19900908340214699,0.7786952931461602,0.7060280759702725,63
shadow-burnin-v3-r50-tsv2-logging-only-target60-stop60-exit-replay-maxwait66000-r1,R0_BROAD,2500,-500,20000,holdout,1211,0.07349298100743187,0.060106231012301344,-232946,-192.35838150289018,-202.0,-354046,-292.35838150289015,-302.0,0.012386457473162676,0.18414533443435177,0.8034682080924855,0.7274979355904211,48
shadow-burnin-v3-r50-tsv2-logging-only-target60-stop60-exit-replay-maxwait66000-r1,R0_BROAD,2500,-500,30000,train,1211,0.06606110652353427,0.053398472976369,-204934,-169.22708505367464,-202.0,-326034,-269.22708505367467,-302.0,0.023947151114781174,0.16597853014037986,0.8100743187448389,0.7613542526837325,72
shadow-burnin-v3-r50-tsv2-logging-only-target60-stop60-exit-replay-maxwait66000-r1,R0_BROAD,2500,-500,30000,validation,1211,0.08092485549132948,0.06685712793265393,-205224,-169.46655656482247,-202.0,-326324,-269.46655656482244,-302.0,0.03137902559867878,0.2213047068538398,0.7473162675474814,0.6870355078447564,66
shadow-burnin-v3-r50-tsv2-logging-only-target60-stop60-exit-replay-maxwait66000-r1,R0_BROAD,2500,-500,30000,holdout,1211,0.06771263418662263,0.054885036844010304,-235392,-194.37819983484724,-202.0,-356492,-294.37819983484724,-302.0,0.021469859620148638,0.20891824938067713,0.7696118909991743,0.7126341866226259,65
shadow-burnin-v3-r50-tsv2-logging-only-target60-stop60-exit-replay-maxwait66000-r1,R0_BROAD,2500,-500,40000,train,1211,0.06028075970272502,0.04821545042672207,-219722,-181.43848059454996,-202.0,-340822,-281.43848059454996,-302.0,0.028901734104046242,0.18497109826589594,0.7861271676300579,0.7473162675474814,72
shadow-burnin-v3-r50-tsv2-logging-only-target60-stop60-exit-replay-maxwait66000-r1,R0_BROAD,2500,-500,40000,validation,1211,0.08505367464905036,0.07062426222227225,-199450,-164.69859620148637,-203.0,-320550,-264.6985962014864,-303.0,0.03633360858794385,0.2336911643270025,0.7299752270850537,0.671345995045417,66
shadow-burnin-v3-r50-tsv2-logging-only-target60-stop60-exit-replay-maxwait66000-r1,R0_BROAD,2500,-500,40000,holdout,1211,0.07101568951279934,0.057865217721383165,-228758,-188.90008257638314,-202.0,-349858,-288.90008257638317,-302.0,0.026424442609413706,0.2254335260115607,0.7481420313790256,0.6919900908340215,77
shadow-burnin-v3-r50-tsv2-logging-only-target60-stop60-exit-replay-maxwait66000-r1,R0_BROAD,2500,-700,20000,train,1211,0.06771263418662263,0.054885036844010304,-234378,-193.54087530966143,-202.0,-355478,-293.54087530966143,-302.0,0.018166804293971925,0.11973575557390587,0.8620974401321222,0.8034682080924855,80
shadow-burnin-v3-r50-tsv2-logging-only-target60-stop60-exit-replay-maxwait66000-r1,R0_BROAD,2500,-700,20000,validation,1211,0.0875309661436829,0.07288981822350803,-241424,-199.3592072667217,-202.0,-362524,-299.35920726672174,-302.0,0.022295623451692816,0.15772089182493806,0.8199834847233691,0.7423616845582164,50
shadow-burnin-v3-r50-tsv2-logging-only-target60-stop60-exit-replay-maxwait66000-r1,R0_BROAD,2500,-700,20000,holdout,1211,0.07679603633360858,0.0631016488947731,-264062,-218.05284888521882,-202.0,-385162,-318.05284888521885,-302.0,0.013212221304706853,0.152766308835673,0.8340214698596201,0.7555739058629232,48
shadow-burnin-v3-r50-tsv2-logging-only-target60-stop60-exit-replay-maxwait66000-r1,R0_BROAD,2500,-700,30000,train,1211,0.07184145334434351,0.05861167715251853,-226838,-187.31461601981835,-202.0,-347938,-287.31461601981835,-302.0,0.026424442609413706,0.1370767960363336,0.8364987613542527,0.7844756399669695,65
shadow-burnin-v3-r50-tsv2-logging-only-target60-stop60-exit-replay-maxwait66000-r1,R0_BROAD,2500,-700,30000,validation,1211,0.0875309661436829,0.07288981822350803,-241248,-199.21387283236993,-202.0,-362348,-299.21387283236993,-302.0,0.03220478943022296,0.18084227910817507,0.786952931461602,0.7192402972749794,66
shadow-burnin-v3-r50-tsv2-logging-only-target60-stop60-exit-replay-maxwait66000-r1,R0_BROAD,2500,-700,30000,holdout,1211,0.07184145334434351,0.05861167715251853,-271661,-224.32782824112303,-202.0,-392761,-324.32782824112303,-302.0,0.023121387283236993,0.17671345995045418,0.8001651527663088,0.7398843930635838,65
shadow-burnin-v3-r50-tsv2-logging-only-target60-stop60-exit-replay-maxwait66000-r1,R0_BROAD,2500,-700,40000,train,1211,0.06688687035507845,0.054141452791000425,-241428,-199.36251032204788,-202.0,-362528,-299.3625103220479,-302.0,0.03303055326176713,0.15524360033030554,0.8117258464079273,0.7704376548307185,65
shadow-burnin-v3-r50-tsv2-logging-only-target60-stop60-exit-replay-maxwait66000-r1,R0_BROAD,2500,-700,40000,validation,1211,0.0916597853014038,0.07667405997990749,-236650,-195.41701073492982,-202.0,-357750,-295.4170107349298,-302.0,0.038810900082576386,0.19570602807597026,0.7654830718414534,0.7027250206440958,66
shadow-burnin-v3-r50-tsv2-logging-only-target60-stop60-exit-replay-maxwait66000-r1,R0_BROAD,2500,-700,40000,holdout,1211,0.07514450867052024,0.061602909406307166,-266683,-220.21717588769613,-202.0,-387783,-320.2171758876961,-302.0,0.028075970272502065,0.19405450041288191,0.7778695293146161,0.7184145334434352,77
shadow-burnin-v3-r50-tsv2-logging-only-target60-stop60-exit-replay-maxwait66000-r1,R0_BROAD,2500,-1000,20000,train,1211,0.07101568951279934,0.057865217721383165,-266798,-220.3121387283237,-202.0,-387898,-320.3121387283237,-302.0,0.018166804293971925,0.10569777043765483,0.8761354252683733,0.8142031379025598,73
shadow-burnin-v3-r50-tsv2-logging-only-target60-stop60-exit-replay-maxwait66000-r1,R0_BROAD,2500,-1000,20000,validation,1211,0.0916597853014038,0.07667405997990749,-283638,-234.21800165152766,-202.0,-404738,-334.2180016515277,-302.0,0.023121387283236993,0.1370767960363336,0.8398018166804294,0.7588769611890999,50
shadow-burnin-v3-r50-tsv2-logging-only-target60-stop60-exit-replay-maxwait66000-r1,R0_BROAD,2500,-1000,20000,holdout,1211,0.08009909165978531,0.06610507377745177,-303657,-250.74896779521058,-202.0,-424757,-350.74896779521055,-302.0,0.01486374896779521,0.13459950454170108,0.8505367464905037,0.7704376548307185,48
shadow-burnin-v3-r50-tsv2-logging-only-target60-stop60-exit-replay-maxwait66000-r1,R0_BROAD,2500,-1000,30000,train,1211,0.07597027250206441,0.06235202534594069,-259707,-214.45664739884393,-202.0,-380807,-314.4566473988439,-302.0,0.028075970272502065,0.11973575557390587,0.8521882741535921,0.7976878612716763,65
shadow-burnin-v3-r50-tsv2-logging-only-target60-stop60-exit-replay-maxwait66000-r1,R0_BROAD,2500,-1000,30000,validation,1211,0.0916597853014038,0.07667405997990749,-289370,-238.9512799339389,-202.0,-410470,-338.9512799339389,-302.0,0.03303055326176713,0.16019818331957061,0.8067712634186622,0.7357555739058629,66
shadow-burnin-v3-r50-tsv2-logging-only-target60-stop60-exit-replay-maxwait66000-r1,R0_BROAD,2500,-1000,30000,holdout,1211,0.07597027250206441,0.06235202534594069,-315739,-260.72584640792735,-202.0,-436839,-360.72584640792735,-302.0,0.02559867877786953,0.1568951279933939,0.8175061932287366,0.7555739058629232,65
shadow-burnin-v3-r50-tsv2-logging-only-target60-stop60-exit-replay-maxwait66000-r1,R0_BROAD,2500,-1000,40000,train,1211,0.07184145334434351,0.05861167715251853,-277753,-229.35838150289018,-202.0,-398853,-329.35838150289015,-302.0,0.03468208092485549,0.1329479768786127,0.8323699421965318,0.7877786952931461,65
shadow-burnin-v3-r50-tsv2-logging-only-target60-stop60-exit-replay-maxwait66000-r1,R0_BROAD,2500,-1000,40000,validation,1211,0.0990916597853014,0.0835101518401984,-281760,-232.66721717588769,-202.0,-402860,-332.6672171758877,-302.0,0.04128819157720892,0.17258464079273328,0.7861271676300579,0.7184145334434352,66
shadow-burnin-v3-r50-tsv2-logging-only-target60-stop60-exit-replay-maxwait66000-r1,R0_BROAD,2500,-1000,40000,holdout,1211,0.07927332782824112,0.06535349202639522,-315974,-260.9199009083402,-202.0,-437074,-360.9199009083402,-302.0,0.03137902559867878,0.17341040462427745,0.7952105697770437,0.7341040462427746,77
shadow-burnin-v3-r50-tsv2-logging-only-target60-stop60-exit-replay-maxwait66000-r1,R1_DEV_SIGNER_CONCENTRATION,1000,-300,20000,train,440,0.025,0.014015850273079312,-90210,-205.02272727272728,-202.0,-134210,-305.02272727272725,-302.0,0.013636363636363636,0.08636363636363636,0.9,0.884090909090909,109
shadow-burnin-v3-r50-tsv2-logging-only-target60-stop60-exit-replay-maxwait66000-r1,R1_DEV_SIGNER_CONCENTRATION,1000,-300,20000,validation,485,0.024742268041237112,0.014209208419620905,-101485,-209.24742268041237,-202.0,-149985,-309.2474226804124,-302.0,0.012371134020618556,0.12783505154639174,0.8597938144329897,0.8371134020618557,158
shadow-burnin-v3-r50-tsv2-logging-only-target60-stop60-exit-replay-maxwait66000-r1,R1_DEV_SIGNER_CONCENTRATION,1000,-300,20000,holdout,484,0.028925619834710745,0.017307187171542195,-94590,-195.43388429752065,-202.0,-142990,-295.43388429752065,-302.0,0.010330578512396695,0.06198347107438017,0.9276859504132231,0.8987603305785123,106
shadow-burnin-v3-r50-tsv2-logging-only-target60-stop60-exit-replay-maxwait66000-r1,R1_DEV_SIGNER_CONCENTRATION,1000,-300,30000,train,440,0.02727272727272727,0.015668697215033382,-90048,-204.65454545454546,-202.0,-134048,-304.6545454545454,-302.0,0.015909090909090907,0.09545454545454546,0.8886363636363637,0.875,109
shadow-burnin-v3-r50-tsv2-logging-only-target60-stop60-exit-replay-maxwait66000-r1,R1_DEV_SIGNER_CONCENTRATION,1000,-300,30000,validation,485,0.024742268041237112,0.014209208419620905,-102545,-211.43298969072166,-202.0,-151045,-311.4329896907216,-302.0,0.01443298969072165,0.1422680412371134,0.843298969072165,0.822680412371134,158
shadow-burnin-v3-r50-tsv2-logging-only-target60-stop60-exit-replay-maxwait66000-r1,R1_DEV_SIGNER_CONCENTRATION,1000,-300,30000,holdout,484,0.026859504132231406,0.015762838452850314,-96244,-198.8512396694215,-202.0,-144644,-298.8512396694215,-302.0,0.010330578512396695,0.07644628099173553,0.9132231404958677,0.8884297520661157,106
shadow-burnin-v3-r50-tsv2-logging-only-target60-stop60-exit-replay-maxwait66000-r1,R1_DEV_SIGNER_CONCENTRATION,1000,-300,40000,train,440,0.025,0.014015850273079312,-91177,-207.22045454545454,-202.0,-135177,-307.2204545454546,-302.0,0.01818181818181818,0.1,0.8818181818181818,0.8727272727272727,109
shadow-burnin-v3-r50-tsv2-logging-only-target60-stop60-exit-replay-maxwait66000-r1,R1_DEV_SIGNER_CONCENTRATION,1000,-300,40000,validation,485,0.024742268041237112,0.014209208419620905,-102356,-211.04329896907217,-202.0,-150856,-311.04329896907217,-302.0,0.018556701030927835,0.14845360824742268,0.8329896907216495,0.8164948453608247,173
shadow-burnin-v3-r50-tsv2-logging-only-target60-stop60-exit-replay-maxwait66000-r1,R1_DEV_SIGNER_CONCENTRATION,1000,-300,40000,holdout,484,0.0371900826446281,0.02365189022627699,-93149,-192.45661157024793,-202.0,-141549,-292.45661157024796,-302.0,0.01652892561983471,0.08471074380165289,0.8987603305785123,0.8677685950413223,80
shadow-burnin-v3-r50-tsv2-logging-only-target60-stop60-exit-replay-maxwait66000-r1,R1_DEV_SIGNER_CONCENTRATION,1000,-500,20000,train,440,0.025,0.014015850273079312,-97187,-220.87954545454545,-202.0,-141187,-320.87954545454545,-302.0,0.013636363636363636,0.07727272727272727,0.9090909090909091,0.8931818181818182,109
shadow-burnin-v3-r50-tsv2-logging-only-target60-stop60-exit-replay-maxwait66000-r1,R1_DEV_SIGNER_CONCENTRATION,1000,-500,20000,validation,485,0.026804123711340205,0.01573020195766702,-111872,-230.6639175257732,-202.0,-160372,-330.6639175257732,-302.0,0.01443298969072165,0.1154639175257732,0.8701030927835052,0.8474226804123711,108
shadow-burnin-v3-r50-tsv2-logging-only-target60-stop60-exit-replay-maxwait66000-r1,R1_DEV_SIGNER_CONCENTRATION,1000,-500,20000,holdout,484,0.028925619834710745,0.017307187171542195,-99188,-204.93388429752065,-202.0,-147588,-304.93388429752065,-302.0,0.010330578512396695,0.04338842975206612,0.9462809917355371,0.9173553719008265,106
shadow-burnin-v3-r50-tsv2-logging-only-target60-stop60-exit-replay-maxwait66000-r1,R1_DEV_SIGNER_CONCENTRATION,1000,-500,30000,train,440,0.02727272727272727,0.015668697215033382,-97569,-221.74772727272727,-202.0,-141569,-321.7477272727273,-302.0,0.015909090909090907,0.08181818181818182,0.9022727272727272,0.8886363636363637,109
shadow-burnin-v3-r50-tsv2-logging-only-target60-stop60-exit-replay-maxwait66000-r1,R1_DEV_SIGNER_CONCENTRATION,1000,-500,30000,validation,485,0.026804123711340205,0.01573020195766702,-114332,-235.7360824742268,-202.0,-162832,-335.7360824742268,-302.0,0.016494845360824743,0.12989690721649486,0.8536082474226804,0.8329896907216495,108
shadow-burnin-v3-r50-tsv2-logging-only-target60-stop60-exit-replay-maxwait66000-r1,R1_DEV_SIGNER_CONCENTRATION,1000,-500,30000,holdout,484,0.026859504132231406,0.015762838452850314,-102081,-210.9111570247934,-202.0,-150481,-310.9111570247934,-302.0,0.010330578512396695,0.05371900826446281,0.9359504132231405,0.9111570247933884,106
shadow-burnin-v3-r50-tsv2-logging-only-target60-stop60-exit-replay-maxwait66000-r1,R1_DEV_SIGNER_CONCENTRATION,1000,-500,40000,train,440,0.025,0.014015850273079312,-99098,-225.22272727272727,-202.0,-143098,-325.2227272727273,-302.0,0.01818181818181818,0.08636363636363636,0.8954545454545455,0.8863636363636364,109
shadow-burnin-v3-r50-tsv2-logging-only-target60-stop60-exit-replay-maxwait66000-r1,R1_DEV_SIGNER_CONCENTRATION,1000,-500,40000,validation,485,0.026804123711340205,0.01573020195766702,-114407,-235.89072164948453,-202.0,-162907,-335.89072164948453,-302.0,0.020618556701030927,0.13195876288659794,0.8474226804123711,0.8309278350515464,123
shadow-burnin-v3-r50-tsv2-logging-only-target60-stop60-exit-replay-maxwait66000-r1,R1_DEV_SIGNER_CONCENTRATION,1000,-500,40000,holdout,484,0.0371900826446281,0.02365189022627699,-99713,-206.01859504132233,-202.0,-148113,-306.0185950413223,-302.0,0.01652892561983471,0.05991735537190083,0.9235537190082644,0.8925619834710744,80
shadow-burnin-v3-r50-tsv2-logging-only-target60-stop60-exit-replay-maxwait66000-r1,R1_DEV_SIGNER_CONCENTRATION,1000,-700,20000,train,440,0.02727272727272727,0.015668697215033382,-102630,-233.25,-202.0,-146630,-333.25,-302.0,0.013636363636363636,0.03409090909090909,0.9522727272727273,0.9340909090909091,76
shadow-burnin-v3-r50-tsv2-logging-only-target60-stop60-exit-replay-maxwait66000-r1,R1_DEV_SIGNER_CONCENTRATION,1000,-700,20000,validation,485,0.0288659793814433,0.017271343938722292,-121718,-250.96494845360826,-202.0,-170218,-350.96494845360826,-302.0,0.01443298969072165,0.0577319587628866,0.9278350515463918,0.9030927835051547,108
shadow-burnin-v3-r50-tsv2-logging-only-target60-stop60-exit-replay-maxwait66000-r1,R1_DEV_SIGNER_CONCENTRATION,1000,-700,20000,holdout,484,0.028925619834710745,0.017307187171542195,-103021,-212.85330578512398,-202.0,-151421,-312.85330578512395,-302.0,0.010330578512396695,0.026859504132231406,0.9628099173553719,0.9338842975206612,106
shadow-burnin-v3-r50-tsv2-logging-only-target60-stop60-exit-replay-maxwait66000-r1,R1_DEV_SIGNER_CONCENTRATION,1000,-700,30000,train,440,0.029545454545454545,0.01734638992053274,-103376,-234.94545454545454,-202.0,-147376,-334.94545454545454,-302.0,0.015909090909090907,0.038636363636363635,0.9454545454545454,0.9295454545454546,92
shadow-burnin-v3-r50-tsv2-logging-only-target60-stop60-exit-replay-maxwait66000-r1,R1_DEV_SIGNER_CONCENTRATION,1000,-700,30000,validation,485,0.030927835051546393,0.01883070211035324,-123788,-255.23298969072164,-202.0,-172288,-355.23298969072164,-302.0,0.018556701030927835,0.06597938144329897,0.9154639175257732,0.8927835051546392,88
shadow-burnin-v3-r50-tsv2-logging-only-target60-stop60-exit-replay-maxwait66000-r1,R1_DEV_SIGNER_CONCENTRATION,1000,-700,30000,holdout,484,0.028925619834710745,0.017307187171542195,-105044,-217.03305785123968,-202.0,-153444,-317.0330578512397,-302.0,0.012396694214876033,0.03305785123966942,0.9545454545454546,0.9297520661157025,106
shadow-burnin-v3-r50-tsv2-logging-only-target60-stop60-exit-replay-maxwait66000-r1,R1_DEV_SIGNER_CONCENTRATION,1000,-700,40000,train,440,0.02727272727272727,0.015668697215033382,-104846,-238.28636363636363,-202.0,-148846,-338.28636363636366,-302.0,0.020454545454545454,0.04318181818181818,0.9363636363636364,0.9272727272727272,92
shadow-burnin-v3-r50-tsv2-logging-only-target60-stop60-exit-replay-maxwait66000-r1,R1_DEV_SIGNER_CONCENTRATION,1000,-700,40000,validation,485,0.030927835051546393,0.01883070211035324,-123259,-254.14226804123712,-202.0,-171759,-354.1422680412371,-302.0,0.02268041237113402,0.06804123711340206,0.9092783505154639,0.8907216494845361,88
shadow-burnin-v3-r50-tsv2-logging-only-target60-stop60-exit-replay-maxwait66000-r1,R1_DEV_SIGNER_CONCENTRATION,1000,-700,40000,holdout,484,0.03925619834710744,0.025273284342900052,-103199,-213.22107438016528,-202.0,-151599,-313.2210743801653,-302.0,0.01859504132231405,0.0371900826446281,0.9442148760330579,0.9132231404958677,80
shadow-burnin-v3-r50-tsv2-logging-only-target60-stop60-exit-replay-maxwait66000-r1,R1_DEV_SIGNER_CONCENTRATION,1000,-1000,20000,train,440,0.02727272727272727,0.015668697215033382,-106849,-242.83863636363637,-202.0,-150849,-342.83863636363634,-302.0,0.013636363636363636,0.029545454545454545,0.9568181818181818,0.9386363636363636,76
shadow-burnin-v3-r50-tsv2-logging-only-target60-stop60-exit-replay-maxwait66000-r1,R1_DEV_SIGNER_CONCENTRATION,1000,-1000,20000,validation,485,0.0288659793814433,0.017271343938722292,-128151,-264.22886597938145,-202.0,-176651,-364.22886597938145,-302.0,0.01443298969072165,0.041237113402061855,0.9443298969072165,0.9195876288659793,108
shadow-burnin-v3-r50-tsv2-logging-only-target60-stop60-exit-replay-maxwait66000-r1,R1_DEV_SIGNER_CONCENTRATION,1000,-1000,20000,holdout,484,0.028925619834710745,0.017307187171542195,-106760,-220.5785123966942,-202.0,-155160,-320.57851239669424,-302.0,0.010330578512396695,0.024793388429752067,0.9648760330578512,0.9359504132231405,106
shadow-burnin-v3-r50-tsv2-logging-only-target60-stop60-exit-replay-maxwait66000-r1,R1_DEV_SIGNER_CONCENTRATION,1000,-1000,30000,train,440,0.029545454545454545,0.01734638992053274,-107696,-244.76363636363635,-202.0,-151696,-344.76363636363635,-302.0,0.015909090909090907,0.029545454545454545,0.9545454545454546,0.9386363636363636,92
shadow-burnin-v3-r50-tsv2-logging-only-target60-stop60-exit-replay-maxwait66000-r1,R1_DEV_SIGNER_CONCENTRATION,1000,-1000,30000,validation,485,0.030927835051546393,0.01883070211035324,-131369,-270.8639175257732,-202.0,-179869,-370.8639175257732,-302.0,0.018556701030927835,0.04742268041237113,0.934020618556701,0.911340206185567,88
shadow-burnin-v3-r50-tsv2-logging-only-target60-stop60-exit-replay-maxwait66000-r1,R1_DEV_SIGNER_CONCENTRATION,1000,-1000,30000,holdout,484,0.028925619834710745,0.017307187171542195,-109683,-226.61776859504133,-202.0,-158083,-326.6177685950413,-302.0,0.012396694214876033,0.030991735537190084,0.9566115702479339,0.9318181818181818,106
shadow-burnin-v3-r50-tsv2-logging-only-target60-stop60-exit-replay-maxwait66000-r1,R1_DEV_SIGNER_CONCENTRATION,1000,-1000,40000,train,440,0.02727272727272727,0.015668697215033382,-108992,-247.70909090909092,-202.0,-152992,-347.7090909090909,-302.0,0.020454545454545454,0.031818181818181815,0.9477272727272728,0.9386363636363636,92
shadow-burnin-v3-r50-tsv2-logging-only-target60-stop60-exit-replay-maxwait66000-r1,R1_DEV_SIGNER_CONCENTRATION,1000,-1000,40000,validation,485,0.030927835051546393,0.01883070211035324,-130857,-269.80824742268044,-202.0,-179357,-369.80824742268044,-302.0,0.02268041237113402,0.04742268041237113,0.9298969072164949,0.911340206185567,88
shadow-burnin-v3-r50-tsv2-logging-only-target60-stop60-exit-replay-maxwait66000-r1,R1_DEV_SIGNER_CONCENTRATION,1000,-1000,40000,holdout,484,0.03925619834710744,0.025273284342900052,-108101,-223.349173553719,-202.0,-156501,-323.349173553719,-302.0,0.01859504132231405,0.030991735537190084,0.9504132231404959,0.9194214876033058,80
shadow-burnin-v3-r50-tsv2-logging-only-target60-stop60-exit-replay-maxwait66000-r1,R1_DEV_SIGNER_CONCENTRATION,1500,-300,20000,train,440,0.020454545454545454,0.010797782343633619,-91251,-207.38863636363635,-202.0,-135251,-307.38863636363635,-302.0,0.006818181818181818,0.09090909090909091,0.9022727272727272,0.884090909090909,109
shadow-burnin-v3-r50-tsv2-logging-only-target60-stop60-exit-replay-maxwait66000-r1,R1_DEV_SIGNER_CONCENTRATION,1500,-300,20000,validation,485,0.024742268041237112,0.014209208419620905,-98765,-203.63917525773195,-202.0,-147265,-303.63917525773195,-302.0,0.010309278350515464,0.12783505154639174,0.8618556701030928,0.8371134020618557,158
shadow-burnin-v3-r50-tsv2-logging-only-target60-stop60-exit-replay-maxwait66000-r1,R1_DEV_SIGNER_CONCENTRATION,1500,-300,20000,holdout,484,0.028925619834710745,0.017307187171542195,-92251,-190.6012396694215,-202.0,-140651,-290.6012396694215,-302.0,0.008264462809917356,0.06198347107438017,0.9297520661157025,0.8987603305785123,106
shadow-burnin-v3-r50-tsv2-logging-only-target60-stop60-exit-replay-maxwait66000-r1,R1_DEV_SIGNER_CONCENTRATION,1500,-300,30000,train,440,0.020454545454545454,0.010797782343633619,-91948,-208.97272727272727,-202.0,-135948,-308.9727272727273,-302.0,0.00909090909090909,0.10227272727272728,0.8886363636363637,0.875,109
shadow-burnin-v3-r50-tsv2-logging-only-target60-stop60-exit-replay-maxwait66000-r1,R1_DEV_SIGNER_CONCENTRATION,1500,-300,30000,validation,485,0.024742268041237112,0.014209208419620905,-99478,-205.10927835051547,-202.0,-147978,-305.10927835051547,-302.0,0.012371134020618556,0.1422680412371134,0.845360824742268,0.822680412371134,158
shadow-burnin-v3-r50-tsv2-logging-only-target60-stop60-exit-replay-maxwait66000-r1,R1_DEV_SIGNER_CONCENTRATION,1500,-300,30000,holdout,484,0.026859504132231406,0.015762838452850314,-94430,-195.10330578512398,-202.0,-142830,-295.10330578512395,-302.0,0.008264462809917356,0.07644628099173553,0.9152892561983471,0.8884297520661157,106
shadow-burnin-v3-r50-tsv2-logging-only-target60-stop60-exit-replay-maxwait66000-r1,R1_DEV_SIGNER_CONCENTRATION,1500,-300,40000,train,440,0.01818181818181818,0.009241167177335865,-92882,-211.09545454545454,-202.0,-136882,-311.0954545454546,-302.0,0.00909090909090909,0.10681818181818181,0.884090909090909,0.8727272727272727,109
shadow-burnin-v3-r50-tsv2-logging-only-target60-stop60-exit-replay-maxwait66000-r1,R1_DEV_SIGNER_CONCENTRATION,1500,-300,40000,validation,485,0.024742268041237112,0.014209208419620905,-98289,-202.6577319587629,-202.0,-146789,-302.6577319587629,-302.0,0.016494845360824743,0.14845360824742268,0.8350515463917526,0.8164948453608247,173
shadow-burnin-v3-r50-tsv2-logging-only-target60-stop60-exit-replay-maxwait66000-r1,R1_DEV_SIGNER_CONCENTRATION,1500,-300,40000,holdout,484,0.03512396694214876,0.022043448465952156,-90868,-187.74380165289256,-202.0,-139268,-287.74380165289256,-302.0,0.014462809917355372,0.08471074380165289,0.9008264462809917,0.8698347107438017,80
shadow-burnin-v3-r50-tsv2-logging-only-target60-stop60-exit-replay-maxwait66000-r1,R1_DEV_SIGNER_CONCENTRATION,1500,-500,20000,train,440,0.020454545454545454,0.010797782343633619,-98628,-224.15454545454546,-202.0,-142628,-324.1545454545454,-302.0,0.006818181818181818,0.08181818181818182,0.9113636363636364,0.8931818181818182,109
shadow-burnin-v3-r50-tsv2-logging-only-target60-stop60-exit-replay-maxwait66000-r1,R1_DEV_SIGNER_CONCENTRATION,1500,-500,20000,validation,485,0.026804123711340205,0.01573020195766702,-108652,-224.02474226804125,-202.0,-157152,-324.0247422680412,-302.0,0.012371134020618556,0.1154639175257732,0.8721649484536083,0.8474226804123711,108
shadow-burnin-v3-r50-tsv2-logging-only-target60-stop60-exit-replay-maxwait66000-r1,R1_DEV_SIGNER_CONCENTRATION,1500,-500,20000,holdout,484,0.028925619834710745,0.017307187171542195,-96849,-200.1012396694215,-202.0,-145249,-300.1012396694215,-302.0,0.008264462809917356,0.04338842975206612,0.9483471074380165,0.9173553719008265,106
shadow-burnin-v3-r50-tsv2-logging-only-target60-stop60-exit-replay-maxwait66000-r1,R1_DEV_SIGNER_CONCENTRATION,1500,-500,30000,train,440,0.020454545454545454,0.010797782343633619,-100069,-227.42954545454546,-202.0,-144069,-327.42954545454546,-302.0,0.00909090909090909,0.08863636363636364,0.9022727272727272,0.8886363636363637,109
shadow-burnin-v3-r50-tsv2-logging-only-target60-stop60-exit-replay-maxwait66000-r1,R1_DEV_SIGNER_CONCENTRATION,1500,-500,30000,validation,485,0.026804123711340205,0.01573020195766702,-110765,-228.38144329896906,-202.0,-159265,-328.3814432989691,-302.0,0.01443298969072165,0.12989690721649486,0.8556701030927835,0.8329896907216495,108
shadow-burnin-v3-r50-tsv2-logging-only-target60-stop60-exit-replay-maxwait66000-r1,R1_DEV_SIGNER_CONCENTRATION,1500,-500,30000,holdout,484,0.026859504132231406,0.015762838452850314,-100267,-207.16322314049586,-202.0,-148667,-307.16322314049586,-302.0,0.008264462809917356,0.05371900826446281,0.9380165289256198,0.9111570247933884,106
shadow-burnin-v3-r50-tsv2-logging-only-target60-stop60-exit-replay-maxwait66000-r1,R1_DEV_SIGNER_CONCENTRATION,1500,-500,40000,train,440,0.01818181818181818,0.009241167177335865,-101403,-230.46136363636364,-202.0,-145403,-330.4613636363636,-302.0,0.00909090909090909,0.09318181818181819,0.8977272727272727,0.8863636363636364,109
shadow-burnin-v3-r50-tsv2-logging-only-target60-stop60-exit-replay-maxwait66000-r1,R1_DEV_SIGNER_CONCENTRATION,1500,-500,40000,validation,485,0.026804123711340205,0.01573020195766702,-109840,-226.4742268041237,-202.0,-158340,-326.4742268041237,-302.0,0.018556701030927835,0.13195876288659794,0.8494845360824742,0.8309278350515464,123
shadow-burnin-v3-r50-tsv2-logging-only-target60-stop60-exit-replay-maxwait66000-r1,R1_DEV_SIGNER_CONCENTRATION,1500,-500,40000,holdout,484,0.03512396694214876,0.022043448465952156,-97432,-201.30578512396696,-202.0,-145832,-301.3057851239669,-302.0,0.014462809917355372,0.05991735537190083,0.9256198347107438,0.8946280991735537,80
shadow-burnin-v3-r50-tsv2-logging-only-target60-stop60-exit-replay-maxwait66000-r1,R1_DEV_SIGNER_CONCENTRATION,1500,-700,20000,train,440,0.022727272727272728,0.012390941152736548,-104471,-237.4340909090909,-202.0,-148471,-337.4340909090909,-302.0,0.006818181818181818,0.038636363636363635,0.9545454545454546,0.9340909090909091,76
shadow-burnin-v3-r50-tsv2-logging-only-target60-stop60-exit-replay-maxwait66000-r1,R1_DEV_SIGNER_CONCENTRATION,1500,-700,20000,validation,485,0.0288659793814433,0.017271343938722292,-118498,-244.32577319587628,-202.0,-166998,-344.3257731958763,-302.0,0.012371134020618556,0.0577319587628866,0.9298969072164949,0.9030927835051547,108
shadow-burnin-v3-r50-tsv2-logging-only-target60-stop60-exit-replay-maxwait66000-r1,R1_DEV_SIGNER_CONCENTRATION,1500,-700,20000,holdout,484,0.028925619834710745,0.017307187171542195,-100682,-208.0206611570248,-202.0,-149082,-308.0206611570248,-302.0,0.008264462809917356,0.026859504132231406,0.9648760330578512,0.9338842975206612,106
shadow-burnin-v3-r50-tsv2-logging-only-target60-stop60-exit-replay-maxwait66000-r1,R1_DEV_SIGNER_CONCENTRATION,1500,-700,30000,train,440,0.022727272727272728,0.012390941152736548,-106476,-241.9909090909091,-202.0,-150476,-341.9909090909091,-302.0,0.00909090909090909,0.045454545454545456,0.9454545454545454,0.9295454545454546,92
shadow-burnin-v3-r50-tsv2-logging-only-target60-stop60-exit-replay-maxwait66000-r1,R1_DEV_SIGNER_CONCENTRATION,1500,-700,30000,validation,485,0.030927835051546393,0.01883070211035324,-119721,-246.84742268041236,-202.0,-168221,-346.84742268041236,-302.0,0.016494845360824743,0.06597938144329897,0.9175257731958762,0.8927835051546392,88
shadow-burnin-v3-r50-tsv2-logging-only-target60-stop60-exit-replay-maxwait66000-r1,R1_DEV_SIGNER_CONCENTRATION,1500,-700,30000,holdout,484,0.026859504132231406,0.015762838452850314,-104520,-215.9504132231405,-202.0,-152920,-315.9504132231405,-302.0,0.008264462809917356,0.03305785123966942,0.9586776859504132,0.9318181818181818,106
shadow-burnin-v3-r50-tsv2-logging-only-target60-stop60-exit-replay-maxwait66000-r1,R1_DEV_SIGNER_CONCENTRATION,1500,-700,40000,train,440,0.020454545454545454,0.010797782343633619,-107568,-244.47272727272727,-202.0,-151568,-344.4727272727273,-302.0,0.00909090909090909,0.05,0.9409090909090909,0.9272727272727272,92
shadow-burnin-v3-r50-tsv2-logging-only-target60-stop60-exit-replay-maxwait66000-r1,R1_DEV_SIGNER_CONCENTRATION,1500,-700,40000,validation,485,0.030927835051546393,0.01883070211035324,-118192,-243.69484536082473,-202.0,-166692,-343.69484536082473,-302.0,0.020618556701030927,0.06804123711340206,0.911340206185567,0.8907216494845361,88
shadow-burnin-v3-r50-tsv2-logging-only-target60-stop60-exit-replay-maxwait66000-r1,R1_DEV_SIGNER_CONCENTRATION,1500,-700,40000,holdout,484,0.03512396694214876,0.022043448465952156,-102618,-212.0206611570248,-202.0,-151018,-312.0206611570248,-302.0,0.014462809917355372,0.03925619834710744,0.9462809917355371,0.9152892561983471,80
shadow-burnin-v3-r50-tsv2-logging-only-target60-stop60-exit-replay-maxwait66000-r1,R1_DEV_SIGNER_CONCENTRATION,1500,-1000,20000,train,440,0.025,0.014015850273079312,-106790,-242.70454545454547,-202.0,-150790,-342.70454545454544,-302.0,0.00909090909090909,0.031818181818181815,0.9590909090909091,0.9386363636363636,76
shadow-burnin-v3-r50-tsv2-logging-only-target60-stop60-exit-replay-maxwait66000-r1,R1_DEV_SIGNER_CONCENTRATION,1500,-1000,20000,validation,485,0.0288659793814433,0.017271343938722292,-124931,-257.5896907216495,-202.0,-173431,-357.5896907216495,-302.0,0.012371134020618556,0.041237113402061855,0.9463917525773196,0.9195876288659793,108
shadow-burnin-v3-r50-tsv2-logging-only-target60-stop60-exit-replay-maxwait66000-r1,R1_DEV_SIGNER_CONCENTRATION,1500,-1000,20000,holdout,484,0.028925619834710745,0.017307187171542195,-104421,-215.74586776859505,-202.0,-152821,-315.745867768595,-302.0,0.008264462809917356,0.024793388429752067,0.9669421487603306,0.9359504132231405,106
shadow-burnin-v3-r50-tsv2-logging-only-target60-stop60-exit-replay-maxwait66000-r1,R1_DEV_SIGNER_CONCENTRATION,1500,-1000,30000,train,440,0.025,0.014015850273079312,-109196,-248.1727272727273,-202.0,-153196,-348.1727272727273,-302.0,0.011363636363636364,0.03409090909090909,0.9545454545454546,0.9386363636363636,92
shadow-burnin-v3-r50-tsv2-logging-only-target60-stop60-exit-replay-maxwait66000-r1,R1_DEV_SIGNER_CONCENTRATION,1500,-1000,30000,validation,485,0.030927835051546393,0.01883070211035324,-127302,-262.47835051546394,-202.0,-175802,-362.47835051546394,-302.0,0.016494845360824743,0.04742268041237113,0.9360824742268041,0.911340206185567,88
shadow-burnin-v3-r50-tsv2-logging-only-target60-stop60-exit-replay-maxwait66000-r1,R1_DEV_SIGNER_CONCENTRATION,1500,-1000,30000,holdout,484,0.026859504132231406,0.015762838452850314,-109159,-225.53512396694214,-202.0,-157559,-325.53512396694214,-302.0,0.008264462809917356,0.030991735537190084,0.9607438016528925,0.9338842975206612,106
shadow-burnin-v3-r50-tsv2-logging-only-target60-stop60-exit-replay-maxwait66000-r1,R1_DEV_SIGNER_CONCENTRATION,1500,-1000,40000,train,440,0.022727272727272728,0.012390941152736548,-110114,-250.2590909090909,-202.0,-154114,-350.2590909090909,-302.0,0.011363636363636364,0.03636363636363636,0.9522727272727273,0.9386363636363636,92
shadow-burnin-v3-r50-tsv2-logging-only-target60-stop60-exit-replay-maxwait66000-r1,R1_DEV_SIGNER_CONCENTRATION,1500,-1000,40000,validation,485,0.030927835051546393,0.01883070211035324,-125790,-259.36082474226805,-202.0,-174290,-359.36082474226805,-302.0,0.020618556701030927,0.04742268041237113,0.931958762886598,0.911340206185567,88
shadow-burnin-v3-r50-tsv2-logging-only-target60-stop60-exit-replay-maxwait66000-r1,R1_DEV_SIGNER_CONCENTRATION,1500,-1000,40000,holdout,484,0.03512396694214876,0.022043448465952156,-107820,-222.76859504132233,-202.0,-156220,-322.7685950413223,-302.0,0.014462809917355372,0.03305785123966942,0.9524793388429752,0.9214876033057852,80
shadow-burnin-v3-r50-tsv2-logging-only-target60-stop60-exit-replay-maxwait66000-r1,R1_DEV_SIGNER_CONCENTRATION,2000,-300,20000,train,440,0.020454545454545454,0.010797782343633619,-90589,-205.8840909090909,-202.0,-134589,-305.8840909090909,-302.0,0.0022727272727272726,0.09090909090909091,0.9068181818181819,0.884090909090909,109
shadow-burnin-v3-r50-tsv2-logging-only-target60-stop60-exit-replay-maxwait66000-r1,R1_DEV_SIGNER_CONCENTRATION,2000,-300,20000,validation,485,0.024742268041237112,0.014209208419620905,-97063,-200.1298969072165,-202.0,-145563,-300.1298969072165,-302.0,0.004123711340206186,0.12783505154639174,0.8680412371134021,0.8371134020618557,158
shadow-burnin-v3-r50-tsv2-logging-only-target60-stop60-exit-replay-maxwait66000-r1,R1_DEV_SIGNER_CONCENTRATION,2000,-300,20000,holdout,484,0.028925619834710745,0.017307187171542195,-90595,-187.1797520661157,-202.0,-138995,-287.1797520661157,-302.0,0.006198347107438017,0.06198347107438017,0.9318181818181818,0.8987603305785123,106
shadow-burnin-v3-r50-tsv2-logging-only-target60-stop60-exit-replay-maxwait66000-r1,R1_DEV_SIGNER_CONCENTRATION,2000,-300,30000,train,440,0.01818181818181818,0.009241167177335865,-92753,-210.80227272727274,-202.0,-136753,-310.80227272727274,-302.0,0.004545454545454545,0.10454545454545454,0.8909090909090909,0.875,115
shadow-burnin-v3-r50-tsv2-logging-only-target60-stop60-exit-replay-maxwait66000-r1,R1_DEV_SIGNER_CONCENTRATION,2000,-300,30000,validation,485,0.024742268041237112,0.014209208419620905,-97316,-200.6515463917526,-202.0,-145816,-300.65154639175256,-302.0,0.008247422680412371,0.1422680412371134,0.8494845360824742,0.822680412371134,158
shadow-burnin-v3-r50-tsv2-logging-only-target60-stop60-exit-replay-maxwait66000-r1,R1_DEV_SIGNER_CONCENTRATION,2000,-300,30000,holdout,484,0.026859504132231406,0.015762838452850314,-92774,-191.6818181818182,-202.0,-141174,-291.6818181818182,-302.0,0.006198347107438017,0.07644628099173553,0.9173553719008265,0.8884297520661157,106
shadow-burnin-v3-r50-tsv2-logging-only-target60-stop60-exit-replay-maxwait66000-r1,R1_DEV_SIGNER_CONCENTRATION,2000,-300,40000,train,440,0.015909090909090907,0.007727265610225778,-93687,-212.925,-202.0,-137687,-312.925,-302.0,0.004545454545454545,0.10909090909090909,0.8863636363636364,0.8727272727272727,115
shadow-burnin-v3-r50-tsv2-logging-only-target60-stop60-exit-replay-maxwait66000-r1,R1_DEV_SIGNER_CONCENTRATION,2000,-300,40000,validation,485,0.024742268041237112,0.014209208419620905,-94961,-195.7958762886598,-202.0,-143461,-295.79587628865977,-302.0,0.012371134020618556,0.14845360824742268,0.8391752577319588,0.8164948453608247,173
shadow-burnin-v3-r50-tsv2-logging-only-target60-stop60-exit-replay-maxwait66000-r1,R1_DEV_SIGNER_CONCENTRATION,2000,-300,40000,holdout,484,0.03305785123966942,0.020449012200659315,-90012,-185.97520661157026,-202.0,-138412,-285.97520661157023,-302.0,0.010330578512396695,0.08677685950413223,0.9028925619834711,0.8698347107438017,86
shadow-burnin-v3-r50-tsv2-logging-only-target60-stop60-exit-replay-maxwait66000-r1,R1_DEV_SIGNER_CONCENTRATION,2000,-500,20000,train,440,0.020454545454545454,0.010797782343633619,-97966,-222.65,-202.0,-141966,-322.65,-302.0,0.0022727272727272726,0.08181818181818182,0.9159090909090909,0.8931818181818182,109
shadow-burnin-v3-r50-tsv2-logging-only-target60-stop60-exit-replay-maxwait66000-r1,R1_DEV_SIGNER_CONCENTRATION,2000,-500,20000,validation,485,0.026804123711340205,0.01573020195766702,-107215,-221.06185567010309,-202.0,-155715,-321.0618556701031,-302.0,0.004123711340206186,0.1154639175257732,0.8804123711340206,0.8474226804123711,108
shadow-burnin-v3-r50-tsv2-logging-only-target60-stop60-exit-replay-maxwait66000-r1,R1_DEV_SIGNER_CONCENTRATION,2000,-500,20000,holdout,484,0.028925619834710745,0.017307187171542195,-95193,-196.6797520661157,-202.0,-143593,-296.6797520661157,-302.0,0.006198347107438017,0.04338842975206612,0.9504132231404959,0.9173553719008265,106
shadow-burnin-v3-r50-tsv2-logging-only-target60-stop60-exit-replay-maxwait66000-r1,R1_DEV_SIGNER_CONCENTRATION,2000,-500,30000,train,440,0.01818181818181818,0.009241167177335865,-101074,-229.71363636363637,-202.0,-145074,-329.71363636363634,-302.0,0.004545454545454545,0.09090909090909091,0.9045454545454545,0.8886363636363637,115
shadow-burnin-v3-r50-tsv2-logging-only-target60-stop60-exit-replay-maxwait66000-r1,R1_DEV_SIGNER_CONCENTRATION,2000,-500,30000,validation,485,0.026804123711340205,0.01573020195766702,-108103,-222.89278350515463,-202.0,-156603,-322.8927835051546,-302.0,0.010309278350515464,0.12989690721649486,0.8597938144329897,0.8329896907216495,108
shadow-burnin-v3-r50-tsv2-logging-only-target60-stop60-exit-replay-maxwait66000-r1,R1_DEV_SIGNER_CONCENTRATION,2000,-500,30000,holdout,484,0.026859504132231406,0.015762838452850314,-98611,-203.7417355371901,-202.0,-147011,-303.7417355371901,-302.0,0.006198347107438017,0.05371900826446281,0.9400826446280992,0.9111570247933884,106
shadow-burnin-v3-r50-tsv2-logging-only-target60-stop60-exit-replay-maxwait66000-r1,R1_DEV_SIGNER_CONCENTRATION,2000,-500,40000,train,440,0.015909090909090907,0.007727265610225778,-102408,-232.74545454545455,-202.0,-146408,-332.74545454545455,-302.0,0.004545454545454545,0.09545454545454546,0.9,0.8863636363636364,115
shadow-burnin-v3-r50-tsv2-logging-only-target60-stop60-exit-replay-maxwait66000-r1,R1_DEV_SIGNER_CONCENTRATION,2000,-500,40000,validation,485,0.026804123711340205,0.01573020195766702,-106012,-218.58144329896908,-202.0,-154512,-318.5814432989691,-302.0,0.01443298969072165,0.13195876288659794,0.8536082474226804,0.8309278350515464,123
shadow-burnin-v3-r50-tsv2-logging-only-target60-stop60-exit-replay-maxwait66000-r1,R1_DEV_SIGNER_CONCENTRATION,2000,-500,40000,holdout,484,0.03305785123966942,0.020449012200659315,-96776,-199.9504132231405,-202.0,-145176,-299.9504132231405,-302.0,0.010330578512396695,0.06198347107438017,0.9276859504132231,0.8946280991735537,86
shadow-burnin-v3-r50-tsv2-logging-only-target60-stop60-exit-replay-maxwait66000-r1,R1_DEV_SIGNER_CONCENTRATION,2000,-700,20000,train,440,0.022727272727272728,0.012390941152736548,-103809,-235.92954545454546,-202.0,-147809,-335.92954545454546,-302.0,0.0022727272727272726,0.038636363636363635,0.9590909090909091,0.9340909090909091,76
shadow-burnin-v3-r50-tsv2-logging-only-target60-stop60-exit-replay-maxwait66000-r1,R1_DEV_SIGNER_CONCENTRATION,2000,-700,20000,validation,485,0.0288659793814433,0.017271343938722292,-117061,-241.36288659793814,-202.0,-165561,-341.36288659793814,-302.0,0.004123711340206186,0.0577319587628866,0.9381443298969072,0.9030927835051547,108
shadow-burnin-v3-r50-tsv2-logging-only-target60-stop60-exit-replay-maxwait66000-r1,R1_DEV_SIGNER_CONCENTRATION,2000,-700,20000,holdout,484,0.028925619834710745,0.017307187171542195,-99026,-204.599173553719,-202.0,-147426,-304.599173553719,-302.0,0.006198347107438017,0.026859504132231406,0.9669421487603306,0.9338842975206612,106
shadow-burnin-v3-r50-tsv2-logging-only-target60-stop60-exit-replay-maxwait66000-r1,R1_DEV_SIGNER_CONCENTRATION,2000,-700,30000,train,440,0.020454545454545454,0.010797782343633619,-107681,-244.72954545454544,-202.0,-151681,-344.7295454545455,-302.0,0.004545454545454545,0.04772727272727273,0.9477272727272728,0.9295454545454546,92
shadow-burnin-v3-r50-tsv2-logging-only-target60-stop60-exit-replay-maxwait66000-r1,R1_DEV_SIGNER_CONCENTRATION,2000,-700,30000,validation,485,0.030927835051546393,0.01883070211035324,-117638,-242.55257731958764,-202.0,-166138,-342.5525773195876,-302.0,0.010309278350515464,0.06597938144329897,0.9237113402061856,0.8927835051546392,88
shadow-burnin-v3-r50-tsv2-logging-only-target60-stop60-exit-replay-maxwait66000-r1,R1_DEV_SIGNER_CONCENTRATION,2000,-700,30000,holdout,484,0.026859504132231406,0.015762838452850314,-102864,-212.52892561983472,-202.0,-151264,-312.5289256198347,-302.0,0.006198347107438017,0.03305785123966942,0.9607438016528925,0.9318181818181818,106
shadow-burnin-v3-r50-tsv2-logging-only-target60-stop60-exit-replay-maxwait66000-r1,R1_DEV_SIGNER_CONCENTRATION,2000,-700,40000,train,440,0.01818181818181818,0.009241167177335865,-108773,-247.21136363636364,-202.0,-152773,-347.2113636363636,-302.0,0.004545454545454545,0.05227272727272727,0.9431818181818182,0.9272727272727272,92
shadow-burnin-v3-r50-tsv2-logging-only-target60-stop60-exit-replay-maxwait66000-r1,R1_DEV_SIGNER_CONCENTRATION,2000,-700,40000,validation,485,0.030927835051546393,0.01883070211035324,-114943,-236.9958762886598,-202.0,-163443,-336.9958762886598,-302.0,0.01443298969072165,0.06804123711340206,0.9175257731958762,0.8907216494845361,88
shadow-burnin-v3-r50-tsv2-logging-only-target60-stop60-exit-replay-maxwait66000-r1,R1_DEV_SIGNER_CONCENTRATION,2000,-700,40000,holdout,484,0.03305785123966942,0.020449012200659315,-102162,-211.0785123966942,-202.0,-150562,-311.07851239669424,-302.0,0.010330578512396695,0.04132231404958678,0.9483471074380165,0.9152892561983471,86
shadow-burnin-v3-r50-tsv2-logging-only-target60-stop60-exit-replay-maxwait66000-r1,R1_DEV_SIGNER_CONCENTRATION,2000,-1000,20000,train,440,0.022727272727272728,0.012390941152736548,-108628,-246.88181818181818,-202.0,-152628,-346.8818181818182,-302.0,0.0022727272727272726,0.03409090909090909,0.9636363636363636,0.9386363636363636,76
shadow-burnin-v3-r50-tsv2-logging-only-target60-stop60-exit-replay-maxwait66000-r1,R1_DEV_SIGNER_CONCENTRATION,2000,-1000,20000,validation,485,0.0288659793814433,0.017271343938722292,-123494,-254.62680412371134,-202.0,-171994,-354.62680412371134,-302.0,0.004123711340206186,0.041237113402061855,0.954639175257732,0.9195876288659793,108
shadow-burnin-v3-r50-tsv2-logging-only-target60-stop60-exit-replay-maxwait66000-r1,R1_DEV_SIGNER_CONCENTRATION,2000,-1000,20000,holdout,484,0.028925619834710745,0.017307187171542195,-102765,-212.32438016528926,-202.0,-151165,-312.32438016528926,-302.0,0.006198347107438017,0.024793388429752067,0.96900826446281,0.9359504132231405,106
shadow-burnin-v3-r50-tsv2-logging-only-target60-stop60-exit-replay-maxwait66000-r1,R1_DEV_SIGNER_CONCENTRATION,2000,-1000,30000,train,440,0.020454545454545454,0.010797782343633619,-113201,-257.275,-202.0,-157201,-357.275,-302.0,0.004545454545454545,0.038636363636363635,0.9568181818181818,0.9386363636363636,92
shadow-burnin-v3-r50-tsv2-logging-only-target60-stop60-exit-replay-maxwait66000-r1,R1_DEV_SIGNER_CONCENTRATION,2000,-1000,30000,validation,485,0.030927835051546393,0.01883070211035324,-125219,-258.1835051546392,-202.0,-173719,-358.1835051546392,-302.0,0.010309278350515464,0.04742268041237113,0.9422680412371134,0.911340206185567,88
shadow-burnin-v3-r50-tsv2-logging-only-target60-stop60-exit-replay-maxwait66000-r1,R1_DEV_SIGNER_CONCENTRATION,2000,-1000,30000,holdout,484,0.026859504132231406,0.015762838452850314,-107503,-222.11363636363637,-202.0,-155903,-322.1136363636364,-302.0,0.006198347107438017,0.030991735537190084,0.9628099173553719,0.9338842975206612,106
shadow-burnin-v3-r50-tsv2-logging-only-target60-stop60-exit-replay-maxwait66000-r1,R1_DEV_SIGNER_CONCENTRATION,2000,-1000,40000,train,440,0.01818181818181818,0.009241167177335865,-114119,-259.36136363636365,-202.0,-158119,-359.36136363636365,-302.0,0.004545454545454545,0.04090909090909091,0.9545454545454546,0.9386363636363636,92
shadow-burnin-v3-r50-tsv2-logging-only-target60-stop60-exit-replay-maxwait66000-r1,R1_DEV_SIGNER_CONCENTRATION,2000,-1000,40000,validation,485,0.030927835051546393,0.01883070211035324,-122541,-252.66185567010308,-202.0,-171041,-352.6618556701031,-302.0,0.01443298969072165,0.04742268041237113,0.9381443298969072,0.911340206185567,88
shadow-burnin-v3-r50-tsv2-logging-only-target60-stop60-exit-replay-maxwait66000-r1,R1_DEV_SIGNER_CONCENTRATION,2000,-1000,40000,holdout,484,0.03305785123966942,0.020449012200659315,-107664,-222.44628099173553,-202.0,-156064,-322.44628099173553,-302.0,0.010330578512396695,0.03512396694214876,0.9545454545454546,0.9214876033057852,86
shadow-burnin-v3-r50-tsv2-logging-only-target60-stop60-exit-replay-maxwait66000-r1,R1_DEV_SIGNER_CONCENTRATION,2500,-300,20000,train,440,0.020454545454545454,0.010797782343633619,-90089,-204.74772727272727,-202.0,-134089,-304.7477272727273,-302.0,0.0022727272727272726,0.09090909090909091,0.9068181818181819,0.884090909090909,109
shadow-burnin-v3-r50-tsv2-logging-only-target60-stop60-exit-replay-maxwait66000-r1,R1_DEV_SIGNER_CONCENTRATION,2500,-300,20000,validation,485,0.024742268041237112,0.014209208419620905,-97633,-201.30515463917527,-202.0,-146133,-301.30515463917527,-302.0,0.0,0.12783505154639174,0.8721649484536083,0.8371134020618557,158
shadow-burnin-v3-r50-tsv2-logging-only-target60-stop60-exit-replay-maxwait66000-r1,R1_DEV_SIGNER_CONCENTRATION,2500,-300,20000,holdout,484,0.028925619834710745,0.017307187171542195,-89378,-184.66528925619835,-202.0,-137778,-284.6652892561983,-302.0,0.004132231404958678,0.06198347107438017,0.9338842975206612,0.8987603305785123,106
shadow-burnin-v3-r50-tsv2-logging-only-target60-stop60-exit-replay-maxwait66000-r1,R1_DEV_SIGNER_CONCENTRATION,2500,-300,30000,train,440,0.01818181818181818,0.009241167177335865,-91753,-208.52954545454546,-202.0,-135753,-308.5295454545454,-302.0,0.004545454545454545,0.10454545454545454,0.8909090909090909,0.875,115
shadow-burnin-v3-r50-tsv2-logging-only-target60-stop60-exit-replay-maxwait66000-r1,R1_DEV_SIGNER_CONCENTRATION,2500,-300,30000,validation,485,0.024742268041237112,0.014209208419620905,-96888,-199.76907216494845,-202.0,-145388,-299.76907216494845,-302.0,0.004123711340206186,0.1422680412371134,0.8536082474226804,0.822680412371134,158
shadow-burnin-v3-r50-tsv2-logging-only-target60-stop60-exit-replay-maxwait66000-r1,R1_DEV_SIGNER_CONCENTRATION,2500,-300,30000,holdout,484,0.026859504132231406,0.015762838452850314,-91556,-189.16528925619835,-202.0,-139956,-289.1652892561983,-302.0,0.004132231404958678,0.07644628099173553,0.9194214876033058,0.8884297520661157,106
shadow-burnin-v3-r50-tsv2-logging-only-target60-stop60-exit-replay-maxwait66000-r1,R1_DEV_SIGNER_CONCENTRATION,2500,-300,40000,train,440,0.015909090909090907,0.007727265610225778,-92687,-210.65227272727273,-202.0,-136687,-310.6522727272727,-302.0,0.004545454545454545,0.10909090909090909,0.8863636363636364,0.8727272727272727,115
shadow-burnin-v3-r50-tsv2-logging-only-target60-stop60-exit-replay-maxwait66000-r1,R1_DEV_SIGNER_CONCENTRATION,2500,-300,40000,validation,485,0.024742268041237112,0.014209208419620905,-94670,-195.1958762886598,-202.0,-143170,-295.1958762886598,-302.0,0.008247422680412371,0.14845360824742268,0.843298969072165,0.8164948453608247,173
shadow-burnin-v3-r50-tsv2-logging-only-target60-stop60-exit-replay-maxwait66000-r1,R1_DEV_SIGNER_CONCENTRATION,2500,-300,40000,holdout,484,0.03305785123966942,0.020449012200659315,-87799,-181.40289256198346,-202.0,-136199,-281.4028925619835,-302.0,0.008264462809917356,0.08677685950413223,0.9049586776859504,0.8698347107438017,86
shadow-burnin-v3-r50-tsv2-logging-only-target60-stop60-exit-replay-maxwait66000-r1,R1_DEV_SIGNER_CONCENTRATION,2500,-500,20000,train,440,0.020454545454545454,0.010797782343633619,-97466,-221.51363636363635,-202.0,-141466,-321.51363636363635,-302.0,0.0022727272727272726,0.08181818181818182,0.9159090909090909,0.8931818181818182,109
shadow-burnin-v3-r50-tsv2-logging-only-target60-stop60-exit-replay-maxwait66000-r1,R1_DEV_SIGNER_CONCENTRATION,2500,-500,20000,validation,485,0.026804123711340205,0.01573020195766702,-107785,-222.23711340206185,-202.0,-156285,-322.2371134020619,-302.0,0.0,0.1154639175257732,0.8845360824742268,0.8474226804123711,108
shadow-burnin-v3-r50-tsv2-logging-only-target60-stop60-exit-replay-maxwait66000-r1,R1_DEV_SIGNER_CONCENTRATION,2500,-500,20000,holdout,484,0.028925619834710745,0.017307187171542195,-93976,-194.16528925619835,-202.0,-142376,-294.1652892561983,-302.0,0.004132231404958678,0.04338842975206612,0.9524793388429752,0.9173553719008265,106
shadow-burnin-v3-r50-tsv2-logging-only-target60-stop60-exit-replay-maxwait66000-r1,R1_DEV_SIGNER_CONCENTRATION,2500,-500,30000,train,440,0.01818181818181818,0.009241167177335865,-100074,-227.4409090909091,-202.0,-144074,-327.4409090909091,-302.0,0.004545454545454545,0.09090909090909091,0.9045454545454545,0.8886363636363637,115
shadow-burnin-v3-r50-tsv2-logging-only-target60-stop60-exit-replay-maxwait66000-r1,R1_DEV_SIGNER_CONCENTRATION,2500,-500,30000,validation,485,0.026804123711340205,0.01573020195766702,-107175,-220.97938144329896,-202.0,-155675,-320.97938144329896,-302.0,0.006185567010309278,0.12989690721649486,0.8639175257731959,0.8329896907216495,108
shadow-burnin-v3-r50-tsv2-logging-only-target60-stop60-exit-replay-maxwait66000-r1,R1_DEV_SIGNER_CONCENTRATION,2500,-500,30000,holdout,484,0.026859504132231406,0.015762838452850314,-97393,-201.22520661157026,-202.0,-145793,-301.22520661157023,-302.0,0.004132231404958678,0.05371900826446281,0.9421487603305785,0.9111570247933884,106
shadow-burnin-v3-r50-tsv2-logging-only-target60-stop60-exit-replay-maxwait66000-r1,R1_DEV_SIGNER_CONCENTRATION,2500,-500,40000,train,440,0.015909090909090907,0.007727265610225778,-101408,-230.47272727272727,-202.0,-145408,-330.4727272727273,-302.0,0.004545454545454545,0.09545454545454546,0.9,0.8863636363636364,115
shadow-burnin-v3-r50-tsv2-logging-only-target60-stop60-exit-replay-maxwait66000-r1,R1_DEV_SIGNER_CONCENTRATION,2500,-500,40000,validation,485,0.026804123711340205,0.01573020195766702,-105221,-216.95051546391753,-202.0,-153721,-316.9505154639175,-302.0,0.010309278350515464,0.13195876288659794,0.8577319587628865,0.8309278350515464,123
shadow-burnin-v3-r50-tsv2-logging-only-target60-stop60-exit-replay-maxwait66000-r1,R1_DEV_SIGNER_CONCENTRATION,2500,-500,40000,holdout,484,0.03305785123966942,0.020449012200659315,-94563,-195.37809917355372,-202.0,-142963,-295.3780991735537,-302.0,0.008264462809917356,0.06198347107438017,0.9297520661157025,0.8946280991735537,86
shadow-burnin-v3-r50-tsv2-logging-only-target60-stop60-exit-replay-maxwait66000-r1,R1_DEV_SIGNER_CONCENTRATION,2500,-700,20000,train,440,0.022727272727272728,0.012390941152736548,-103309,-234.7931818181818,-202.0,-147309,-334.79318181818184,-302.0,0.0022727272727272726,0.038636363636363635,0.9590909090909091,0.9340909090909091,76
shadow-burnin-v3-r50-tsv2-logging-only-target60-stop60-exit-replay-maxwait66000-r1,R1_DEV_SIGNER_CONCENTRATION,2500,-700,20000,validation,485,0.0288659793814433,0.017271343938722292,-117631,-242.5381443298969,-202.0,-166131,-342.5381443298969,-302.0,0.0,0.0577319587628866,0.9422680412371134,0.9030927835051547,108
shadow-burnin-v3-r50-tsv2-logging-only-target60-stop60-exit-replay-maxwait66000-r1,R1_DEV_SIGNER_CONCENTRATION,2500,-700,20000,holdout,484,0.028925619834710745,0.017307187171542195,-97809,-202.08471074380165,-202.0,-146209,-302.0847107438017,-302.0,0.004132231404958678,0.026859504132231406,0.96900826446281,0.9338842975206612,106
shadow-burnin-v3-r50-tsv2-logging-only-target60-stop60-exit-replay-maxwait66000-r1,R1_DEV_SIGNER_CONCENTRATION,2500,-700,30000,train,440,0.020454545454545454,0.010797782343633619,-106681,-242.4568181818182,-202.0,-150681,-342.45681818181816,-302.0,0.004545454545454545,0.04772727272727273,0.9477272727272728,0.9295454545454546,92
shadow-burnin-v3-r50-tsv2-logging-only-target60-stop60-exit-replay-maxwait66000-r1,R1_DEV_SIGNER_CONCENTRATION,2500,-700,30000,validation,485,0.030927835051546393,0.01883070211035324,-116710,-240.63917525773195,-202.0,-165210,-340.63917525773195,-302.0,0.006185567010309278,0.06597938144329897,0.9278350515463918,0.8927835051546392,88
shadow-burnin-v3-r50-tsv2-logging-only-target60-stop60-exit-replay-maxwait66000-r1,R1_DEV_SIGNER_CONCENTRATION,2500,-700,30000,holdout,484,0.026859504132231406,0.015762838452850314,-101646,-210.01239669421489,-202.0,-150046,-310.0123966942149,-302.0,0.004132231404958678,0.03305785123966942,0.9628099173553719,0.9318181818181818,106
shadow-burnin-v3-r50-tsv2-logging-only-target60-stop60-exit-replay-maxwait66000-r1,R1_DEV_SIGNER_CONCENTRATION,2500,-700,40000,train,440,0.01818181818181818,0.009241167177335865,-107773,-244.93863636363636,-202.0,-151773,-344.93863636363636,-302.0,0.004545454545454545,0.05227272727272727,0.9431818181818182,0.9272727272727272,92
shadow-burnin-v3-r50-tsv2-logging-only-target60-stop60-exit-replay-maxwait66000-r1,R1_DEV_SIGNER_CONCENTRATION,2500,-700,40000,validation,485,0.030927835051546393,0.01883070211035324,-114152,-235.36494845360824,-202.0,-162652,-335.36494845360824,-302.0,0.010309278350515464,0.06804123711340206,0.9216494845360824,0.8907216494845361,88
shadow-burnin-v3-r50-tsv2-logging-only-target60-stop60-exit-replay-maxwait66000-r1,R1_DEV_SIGNER_CONCENTRATION,2500,-700,40000,holdout,484,0.03305785123966942,0.020449012200659315,-99949,-206.50619834710744,-202.0,-148349,-306.50619834710744,-302.0,0.008264462809917356,0.04132231404958678,0.9504132231404959,0.9152892561983471,86
shadow-burnin-v3-r50-tsv2-logging-only-target60-stop60-exit-replay-maxwait66000-r1,R1_DEV_SIGNER_CONCENTRATION,2500,-1000,20000,train,440,0.022727272727272728,0.012390941152736548,-108128,-245.74545454545455,-202.0,-152128,-345.74545454545455,-302.0,0.0022727272727272726,0.03409090909090909,0.9636363636363636,0.9386363636363636,76
shadow-burnin-v3-r50-tsv2-logging-only-target60-stop60-exit-replay-maxwait66000-r1,R1_DEV_SIGNER_CONCENTRATION,2500,-1000,20000,validation,485,0.0288659793814433,0.017271343938722292,-124064,-255.8020618556701,-202.0,-172564,-355.8020618556701,-302.0,0.0,0.041237113402061855,0.9587628865979382,0.9195876288659793,108
shadow-burnin-v3-r50-tsv2-logging-only-target60-stop60-exit-replay-maxwait66000-r1,R1_DEV_SIGNER_CONCENTRATION,2500,-1000,20000,holdout,484,0.028925619834710745,0.017307187171542195,-101548,-209.8099173553719,-202.0,-149948,-309.8099173553719,-302.0,0.004132231404958678,0.024793388429752067,0.9710743801652892,0.9359504132231405,106
shadow-burnin-v3-r50-tsv2-logging-only-target60-stop60-exit-replay-maxwait66000-r1,R1_DEV_SIGNER_CONCENTRATION,2500,-1000,30000,train,440,0.020454545454545454,0.010797782343633619,-112201,-255.00227272727273,-202.0,-156201,-355.0022727272727,-302.0,0.004545454545454545,0.038636363636363635,0.9568181818181818,0.9386363636363636,92
shadow-burnin-v3-r50-tsv2-logging-only-target60-stop60-exit-replay-maxwait66000-r1,R1_DEV_SIGNER_CONCENTRATION,2500,-1000,30000,validation,485,0.030927835051546393,0.01883070211035324,-124291,-256.27010309278353,-202.0,-172791,-356.27010309278353,-302.0,0.006185567010309278,0.04742268041237113,0.9463917525773196,0.911340206185567,88
shadow-burnin-v3-r50-tsv2-logging-only-target60-stop60-exit-replay-maxwait66000-r1,R1_DEV_SIGNER_CONCENTRATION,2500,-1000,30000,holdout,484,0.026859504132231406,0.015762838452850314,-106285,-219.59710743801654,-202.0,-154685,-319.5971074380165,-302.0,0.004132231404958678,0.030991735537190084,0.9648760330578512,0.9338842975206612,106
shadow-burnin-v3-r50-tsv2-logging-only-target60-stop60-exit-replay-maxwait66000-r1,R1_DEV_SIGNER_CONCENTRATION,2500,-1000,40000,train,440,0.01818181818181818,0.009241167177335865,-113119,-257.08863636363634,-202.0,-157119,-357.08863636363634,-302.0,0.004545454545454545,0.04090909090909091,0.9545454545454546,0.9386363636363636,92
shadow-burnin-v3-r50-tsv2-logging-only-target60-stop60-exit-replay-maxwait66000-r1,R1_DEV_SIGNER_CONCENTRATION,2500,-1000,40000,validation,485,0.030927835051546393,0.01883070211035324,-121750,-251.03092783505156,-202.0,-170250,-351.03092783505156,-302.0,0.010309278350515464,0.04742268041237113,0.9422680412371134,0.911340206185567,88
shadow-burnin-v3-r50-tsv2-logging-only-target60-stop60-exit-replay-maxwait66000-r1,R1_DEV_SIGNER_CONCENTRATION,2500,-1000,40000,holdout,484,0.03305785123966942,0.020449012200659315,-105451,-217.87396694214877,-202.0,-153851,-317.87396694214874,-302.0,0.008264462809917356,0.03512396694214876,0.9566115702479339,0.9214876033057852,86
shadow-burnin-v3-r50-tsv2-logging-only-target60-stop60-exit-replay-maxwait66000-r1,R2_BUY_BURST_MARKUP,1000,-300,20000,train,361,0.12742382271468145,0.09690706235147815,-51137,-141.65373961218836,-204.0,-87237,-241.65373961218836,-304.0,0.08310249307479224,0.26038781163434904,0.6565096952908587,0.6066481994459834,38
shadow-burnin-v3-r50-tsv2-logging-only-target60-stop60-exit-replay-maxwait66000-r1,R2_BUY_BURST_MARKUP,1000,-300,20000,validation,422,0.15402843601895735,0.12272277512574734,-53674,-127.18957345971565,-206.0,-95874,-227.18957345971563,-306.0,0.11848341232227488,0.3767772511848341,0.504739336492891,0.45734597156398105,24
shadow-burnin-v3-r50-tsv2-logging-only-target60-stop60-exit-replay-maxwait66000-r1,R2_BUY_BURST_MARKUP,1000,-300,20000,holdout,431,0.14617169373549885,0.11594597121224913,-64473,-149.58932714617168,-217.0,-107573,-249.58932714617168,-317.0,0.09048723897911833,0.4222737819025522,0.4872389791183295,0.41067285382830626,27
shadow-burnin-v3-r50-tsv2-logging-only-target60-stop60-exit-replay-maxwait66000-r1,R2_BUY_BURST_MARKUP,1000,-300,30000,train,361,0.1440443213296399,0.11156736444602958,-44458,-123.15235457063712,-208.0,-80558,-223.15235457063713,-308.0,0.11080332409972299,0.29362880886426596,0.5955678670360111,0.556786703601108,38
shadow-burnin-v3-r50-tsv2-logging-only-target60-stop60-exit-replay-maxwait66000-r1,R2_BUY_BURST_MARKUP,1000,-300,30000,validation,422,0.15639810426540285,0.12485956009828429,-54432,-128.98578199052133,-210.0,-96632,-228.98578199052133,-310.0,0.13033175355450238,0.4146919431279621,0.4549763033175355,0.4194312796208531,24
shadow-burnin-v3-r50-tsv2-logging-only-target60-stop60-exit-replay-maxwait66000-r1,R2_BUY_BURST_MARKUP,1000,-300,30000,holdout,431,0.13921113689095127,0.10970638070687447,-67213,-155.94663573085847,-267.0,-110313,-255.94663573085847,-367.0,0.10440835266821345,0.46403712296983757,0.43155452436194897,0.3851508120649652,32
shadow-burnin-v3-r50-tsv2-logging-only-target60-stop60-exit-replay-maxwait66000-r1,R2_BUY_BURST_MARKUP,1000,-300,40000,train,361,0.14958448753462603,0.11649075387087378,-40866,-113.202216066482,-208.0,-76966,-213.20221606648198,-308.0,0.13573407202216067,0.3074792243767313,0.556786703601108,0.5373961218836565,38
shadow-burnin-v3-r50-tsv2-logging-only-target60-stop60-exit-replay-maxwait66000-r1,R2_BUY_BURST_MARKUP,1000,-300,40000,validation,422,0.17061611374407584,0.13773583384555713,-48940,-115.97156398104265,-211.0,-91140,-215.97156398104266,-311.0,0.14218009478672985,0.4312796208530806,0.4265402843601896,0.3909952606635071,24
shadow-burnin-v3-r50-tsv2-logging-only-target60-stop60-exit-replay-maxwait66000-r1,R2_BUY_BURST_MARKUP,1000,-300,40000,holdout,431,0.14617169373549885,0.11594597121224913,-66112,-153.39211136890953,-340.0,-109212,-253.39211136890953,-440.0,0.11600928074245939,0.4895591647331787,0.39443155452436196,0.35498839907192575,22
shadow-burnin-v3-r50-tsv2-logging-only-target60-stop60-exit-replay-maxwait66000-r1,R2_BUY_BURST_MARKUP,1000,-500,20000,train,361,0.12742382271468145,0.09690706235147815,-67687,-187.49861495844874,-203.0,-103787,-287.49861495844874,-303.0,0.08310249307479224,0.22714681440443213,0.6897506925207756,0.6371191135734072,38
shadow-burnin-v3-r50-tsv2-logging-only-target60-stop60-exit-replay-maxwait66000-r1,R2_BUY_BURST_MARKUP,1000,-500,20000,validation,422,0.16350710900473933,0.13128606719651087,-79015,-187.239336492891,-205.5,-121215,-287.23933649289097,-305.5,0.12085308056872038,0.3246445497630332,0.5545023696682464,0.5,24
shadow-burnin-v3-r50-tsv2-logging-only-target60-stop60-exit-replay-maxwait66000-r1,R2_BUY_BURST_MARKUP,1000,-500,20000,holdout,431,0.16705336426914152,0.13481095041079266,-86682,-201.1183294663573,-210.0,-129782,-301.1183294663573,-310.0,0.09976798143851508,0.3689095127610209,0.531322505800464,0.4408352668213457,25
shadow-burnin-v3-r50-tsv2-logging-only-target60-stop60-exit-replay-maxwait66000-r1,R2_BUY_BURST_MARKUP,1000,-500,30000,train,361,0.14958448753462603,0.11649075387087378,-61183,-169.4819944598338,-208.0,-97283,-269.4819944598338,-308.0,0.11080332409972299,0.2548476454293629,0.6343490304709142,0.5844875346260388,28
shadow-burnin-v3-r50-tsv2-logging-only-target60-stop60-exit-replay-maxwait66000-r1,R2_BUY_BURST_MARKUP,1000,-500,30000,validation,422,0.17061611374407584,0.13773583384555713,-80663,-191.14454976303318,-209.0,-122863,-291.1445497630332,-309.0,0.13744075829383887,0.36018957345971564,0.5023696682464455,0.4597156398104265,24
shadow-burnin-v3-r50-tsv2-logging-only-target60-stop60-exit-replay-maxwait66000-r1,R2_BUY_BURST_MARKUP,1000,-500,30000,holdout,431,0.16705336426914152,0.13481095041079266,-90456,-209.87470997679813,-231.0,-133556,-309.87470997679816,-331.0,0.12064965197215777,0.41067285382830626,0.46867749419953597,0.41067285382830626,20
shadow-burnin-v3-r50-tsv2-logging-only-target60-stop60-exit-replay-maxwait66000-r1,R2_BUY_BURST_MARKUP,1000,-500,40000,train,361,0.15789473684210525,0.12390733121874148,-57018,-157.94459833795014,-208.0,-93118,-257.94459833795014,-308.0,0.13850415512465375,0.26869806094182824,0.592797783933518,0.5623268698060941,28
shadow-burnin-v3-r50-tsv2-logging-only-target60-stop60-exit-replay-maxwait66000-r1,R2_BUY_BURST_MARKUP,1000,-500,40000,validation,422,0.1895734597156398,0.15504060275265197,-73840,-174.97630331753555,-210.0,-116040,-274.97630331753555,-310.0,0.15165876777251186,0.3815165876777251,0.466824644549763,0.4218009478672986,24
shadow-burnin-v3-r50-tsv2-logging-only-target60-stop60-exit-replay-maxwait66000-r1,R2_BUY_BURST_MARKUP,1000,-500,40000,holdout,431,0.1740139211136891,0.14114384951866807,-89694,-208.10672853828305,-270.0,-132794,-308.10672853828305,-370.0,0.13921113689095127,0.4385150812064965,0.4222737819025522,0.37819025522041766,20
shadow-burnin-v3-r50-tsv2-logging-only-target60-stop60-exit-replay-maxwait66000-r1,R2_BUY_BURST_MARKUP,1000,-700,20000,train,361,0.13019390581717452,0.09933832361904033,-80763,-223.7202216066482,-202.0,-116863,-323.7202216066482,-302.0,0.08587257617728532,0.20221606648199447,0.7119113573407202,0.6592797783933518,38
shadow-burnin-v3-r50-tsv2-logging-only-target60-stop60-exit-replay-maxwait66000-r1,R2_BUY_BURST_MARKUP,1000,-700,20000,validation,422,0.17535545023696683,0.14204803248502204,-98487,-233.38151658767774,-203.5,-140687,-333.3815165876777,-303.5,0.12559241706161137,0.2843601895734597,0.590047393364929,0.5284360189573459,24
shadow-burnin-v3-r50-tsv2-logging-only-target60-stop60-exit-replay-maxwait66000-r1,R2_BUY_BURST_MARKUP,1000,-700,20000,holdout,431,0.17633410672853828,0.14325942140296072,-108358,-251.41067285382832,-208.0,-151458,-351.4106728538283,-308.0,0.10440835266821345,0.3109048723897912,0.5846867749419954,0.4895591647331787,25
shadow-burnin-v3-r50-tsv2-logging-only-target60-stop60-exit-replay-maxwait66000-r1,R2_BUY_BURST_MARKUP,1000,-700,30000,train,361,0.16066481994459833,0.12638756271137702,-72614,-201.14681440443212,-206.0,-108714,-301.1468144044321,-306.0,0.11911357340720222,0.22714681440443213,0.6537396121883656,0.6011080332409973,28
shadow-burnin-v3-r50-tsv2-logging-only-target60-stop60-exit-replay-maxwait66000-r1,R2_BUY_BURST_MARKUP,1000,-700,30000,validation,422,0.1872037914691943,0.15286954650392715,-100795,-238.85071090047393,-206.0,-142995,-338.8507109004739,-306.0,0.14454976303317535,0.32701421800947866,0.5284360189573459,0.476303317535545,24
shadow-burnin-v3-r50-tsv2-logging-only-target60-stop60-exit-replay-maxwait66000-r1,R2_BUY_BURST_MARKUP,1000,-700,30000,holdout,431,0.17865429234338748,0.14537723698095772,-115610,-268.2366589327146,-217.0,-158710,-368.2366589327146,-317.0,0.12761020881670534,0.35266821345707655,0.5197215777262181,0.4547563805104408,20
shadow-burnin-v3-r50-tsv2-logging-only-target60-stop60-exit-replay-maxwait66000-r1,R2_BUY_BURST_MARKUP,1000,-700,40000,train,361,0.16897506925207756,0.13385123445005018,-68840,-190.69252077562328,-205.0,-104940,-290.6925207756233,-305.0,0.14958448753462603,0.2409972299168975,0.6094182825484764,0.5789473684210527,28
shadow-burnin-v3-r50-tsv2-logging-only-target60-stop60-exit-replay-maxwait66000-r1,R2_BUY_BURST_MARKUP,1000,-700,40000,validation,422,0.2014218009478673,0.1659279272513175,-97248,-230.44549763033174,-209.0,-139448,-330.4454976303318,-309.0,0.15876777251184834,0.35545023696682465,0.48578199052132703,0.43601895734597157,24
shadow-burnin-v3-r50-tsv2-logging-only-target60-stop60-exit-replay-maxwait66000-r1,R2_BUY_BURST_MARKUP,1000,-700,40000,holdout,431,0.18793503480278423,0.15387027743881634,-114639,-265.98375870069606,-243.0,-157739,-365.98375870069606,-343.0,0.15081206496519722,0.3851508120649652,0.46403712296983757,0.41531322505800466,20
shadow-burnin-v3-r50-tsv2-logging-only-target60-stop60-exit-replay-maxwait66000-r1,R2_BUY_BURST_MARKUP,1000,-1000,20000,train,361,0.13850415512465375,0.10666168884082422,-96569,-267.5041551246537,-202.0,-132669,-367.5041551246537,-302.0,0.0886426592797784,0.18282548476454294,0.7285318559556787,0.6703601108033241,26
shadow-burnin-v3-r50-tsv2-logging-only-target60-stop60-exit-replay-maxwait66000-r1,R2_BUY_BURST_MARKUP,1000,-1000,20000,validation,422,0.18246445497630331,0.148534087380948,-127088,-301.1563981042654,-202.0,-169288,-401.1563981042654,-302.0,0.12796208530805686,0.24881516587677724,0.6232227488151659,0.556872037914692,24
shadow-burnin-v3-r50-tsv2-logging-only-target60-stop60-exit-replay-maxwait66000-r1,R2_BUY_BURST_MARKUP,1000,-1000,20000,holdout,431,0.18329466357308585,0.14961946537344198,-139749,-324.24361948955914,-207.0,-182849,-424.24361948955914,-307.0,0.10904872389791183,0.28306264501160094,0.6078886310904872,0.5104408352668214,25
shadow-burnin-v3-r50-tsv2-logging-only-target60-stop60-exit-replay-maxwait66000-r1,R2_BUY_BURST_MARKUP,1000,-1000,30000,train,361,0.17174515235457063,0.13634653473270916,-87920,-243.54570637119113,-204.0,-124020,-343.54570637119116,-304.0,0.12742382271468145,0.1994459833795014,0.6731301939058172,0.6177285318559557,26
shadow-burnin-v3-r50-tsv2-logging-only-target60-stop60-exit-replay-maxwait66000-r1,R2_BUY_BURST_MARKUP,1000,-1000,30000,validation,422,0.1943127962085308,0.15938921215151727,-133349,-315.99289099526067,-205.0,-175549,-415.99289099526067,-305.0,0.14928909952606634,0.2962085308056872,0.5545023696682464,0.5,24
shadow-burnin-v3-r50-tsv2-logging-only-target60-stop60-exit-replay-maxwait66000-r1,R2_BUY_BURST_MARKUP,1000,-1000,30000,holdout,431,0.18561484918793503,0.1517438138958678,-150923,-350.16937354988397,-213.0,-194023,-450.16937354988397,-313.0,0.1345707656612529,0.31786542923433875,0.5475638051044084,0.48259860788863107,20
shadow-burnin-v3-r50-tsv2-logging-only-target60-stop60-exit-replay-maxwait66000-r1,R2_BUY_BURST_MARKUP,1000,-1000,40000,train,361,0.18282548476454294,0.1463629622410823,-83340,-230.85872576177286,-203.0,-119440,-330.85872576177286,-303.0,0.16066481994459833,0.2077562326869806,0.631578947368421,0.5983379501385041,26
shadow-burnin-v3-r50-tsv2-logging-only-target60-stop60-exit-replay-maxwait66000-r1,R2_BUY_BURST_MARKUP,1000,-1000,40000,validation,422,0.2132701421800948,0.1768661154790772,-130544,-309.34597156398104,-207.5,-172744,-409.34597156398104,-307.5,0.16824644549763032,0.32701421800947866,0.504739336492891,0.45260663507109006,24
shadow-burnin-v3-r50-tsv2-logging-only-target60-stop60-exit-replay-maxwait66000-r1,R2_BUY_BURST_MARKUP,1000,-1000,40000,holdout,431,0.19489559164733178,0.1602620655436203,-154839,-359.25522041763344,-231.0,-197939,-459.25522041763344,-331.0,0.15777262180974477,0.35266821345707655,0.4895591647331787,0.4385150812064965,20
shadow-burnin-v3-r50-tsv2-logging-only-target60-stop60-exit-replay-maxwait66000-r1,R2_BUY_BURST_MARKUP,1500,-300,20000,train,361,0.11911357340720222,0.08964477514136542,-43442,-120.33795013850416,-204.0,-79542,-220.33795013850417,-304.0,0.055401662049861494,0.2631578947368421,0.6814404432132964,0.6066481994459834,44
shadow-burnin-v3-r50-tsv2-logging-only-target60-stop60-exit-replay-maxwait66000-r1,R2_BUY_BURST_MARKUP,1500,-300,20000,validation,422,0.14691943127962084,0.116329280416903,-39431,-93.43838862559242,-207.0,-81631,-193.4383886255924,-307.0,0.08530805687203792,0.38388625592417064,0.5308056872037915,0.45734597156398105,24
shadow-burnin-v3-r50-tsv2-logging-only-target60-stop60-exit-replay-maxwait66000-r1,R2_BUY_BURST_MARKUP,1500,-300,20000,holdout,431,0.1345707656612529,0.10556145594878293,-57776,-134.05104408352668,-220.0,-100876,-234.05104408352668,-320.0,0.05568445475638051,0.43387470997679817,0.5104408352668214,0.41067285382830626,34
shadow-burnin-v3-r50-tsv2-logging-only-target60-stop60-exit-replay-maxwait66000-r1,R2_BUY_BURST_MARKUP,1500,-300,30000,train,361,0.13019390581717452,0.09933832361904033,-37398,-103.59556786703601,-209.0,-73498,-203.595567867036,-309.0,0.07202216066481995,0.3047091412742382,0.6232686980609419,0.5595567867036011,44
shadow-burnin-v3-r50-tsv2-logging-only-target60-stop60-exit-replay-maxwait66000-r1,R2_BUY_BURST_MARKUP,1500,-300,30000,validation,422,0.14454976303317535,0.11420391742865646,-40953,-97.04502369668246,-211.0,-83153,-197.04502369668248,-311.0,0.0995260663507109,0.4265402843601896,0.47393364928909953,0.4194312796208531,24
shadow-burnin-v3-r50-tsv2-logging-only-target60-stop60-exit-replay-maxwait66000-r1,R2_BUY_BURST_MARKUP,1500,-300,30000,holdout,431,0.12296983758700696,0.09525476823068661,-60611,-140.62877030162414,-305.0,-103711,-240.62877030162414,-405.0,0.07192575406032482,0.4802784222737819,0.44779582366589327,0.3851508120649652,32
shadow-burnin-v3-r50-tsv2-logging-only-target60-stop60-exit-replay-maxwait66000-r1,R2_BUY_BURST_MARKUP,1500,-300,40000,train,361,0.11911357340720222,0.08964477514136542,-39001,-108.03601108033241,-209.0,-75101,-208.0360110803324,-309.0,0.0886426592797784,0.33518005540166207,0.5761772853185596,0.5373961218836565,44
shadow-burnin-v3-r50-tsv2-logging-only-target60-stop60-exit-replay-maxwait66000-r1,R2_BUY_BURST_MARKUP,1500,-300,40000,validation,422,0.15165876777251186,0.12058876486670601,-36266,-85.93838862559242,-214.5,-78466,-185.9383886255924,-314.5,0.11137440758293839,0.45023696682464454,0.43838862559241704,0.3909952606635071,24
shadow-burnin-v3-r50-tsv2-logging-only-target60-stop60-exit-replay-maxwait66000-r1,R2_BUY_BURST_MARKUP,1500,-300,40000,holdout,431,0.12761020881670534,0.09936755215518146,-59023,-136.94431554524363,-400.0,-102123,-236.94431554524363,-500.0,0.08120649651972157,0.505800464037123,0.41299303944315546,0.35730858468677495,30
shadow-burnin-v3-r50-tsv2-logging-only-target60-stop60-exit-replay-maxwait66000-r1,R2_BUY_BURST_MARKUP,1500,-500,20000,train,361,0.11911357340720222,0.08964477514136542,-60192,-166.73684210526315,-204.0,-96292,-266.7368421052632,-304.0,0.055401662049861494,0.2299168975069252,0.7146814404432132,0.6371191135734072,44
shadow-burnin-v3-r50-tsv2-logging-only-target60-stop60-exit-replay-maxwait66000-r1,R2_BUY_BURST_MARKUP,1500,-500,20000,validation,422,0.15639810426540285,0.12485956009828429,-65714,-155.72037914691944,-206.0,-107914,-255.72037914691944,-306.0,0.08530805687203792,0.33175355450236965,0.5829383886255924,0.5,24
shadow-burnin-v3-r50-tsv2-logging-only-target60-stop60-exit-replay-maxwait66000-r1,R2_BUY_BURST_MARKUP,1500,-500,20000,holdout,431,0.1554524361948956,0.12430448937720977,-78985,-183.2598607888631,-213.0,-122085,-283.25986078886314,-313.0,0.06496519721577726,0.3805104408352668,0.5545243619489559,0.4408352668213457,32
shadow-burnin-v3-r50-tsv2-logging-only-target60-stop60-exit-replay-maxwait66000-r1,R2_BUY_BURST_MARKUP,1500,-500,30000,train,361,0.13573407202216067,0.10421576331809097,-54923,-152.14127423822714,-208.0,-91023,-252.14127423822714,-308.0,0.07202216066481995,0.2659279778393352,0.6620498614958449,0.5872576177285319,28
shadow-burnin-v3-r50-tsv2-logging-only-target60-stop60-exit-replay-maxwait66000-r1,R2_BUY_BURST_MARKUP,1500,-500,30000,validation,422,0.15876777251184834,0.1269990692600801,-68281,-161.80331753554503,-209.5,-110481,-261.80331753554503,-309.5,0.1018957345971564,0.3696682464454976,0.5284360189573459,0.46208530805687204,24
shadow-burnin-v3-r50-tsv2-logging-only-target60-stop60-exit-replay-maxwait66000-r1,R2_BUY_BURST_MARKUP,1500,-500,30000,holdout,431,0.14849187935034802,0.11803152216822833,-83595,-193.95591647331787,-253.0,-126695,-293.95591647331787,-353.0,0.08584686774941995,0.42691415313225056,0.4872389791183295,0.41299303944315546,20
shadow-burnin-v3-r50-tsv2-logging-only-target60-stop60-exit-replay-maxwait66000-r1,R2_BUY_BURST_MARKUP,1500,-500,40000,train,361,0.12742382271468145,0.09690706235147815,-57028,-157.97229916897507,-209.0,-93128,-257.97229916897504,-309.0,0.0886426592797784,0.296398891966759,0.6149584487534626,0.5623268698060941,28
shadow-burnin-v3-r50-tsv2-logging-only-target60-stop60-exit-replay-maxwait66000-r1,R2_BUY_BURST_MARKUP,1500,-500,40000,validation,422,0.17061611374407584,0.13773583384555713,-61392,-145.478672985782,-211.0,-103592,-245.478672985782,-311.0,0.11611374407582939,0.3981042654028436,0.48578199052132703,0.42417061611374407,24
shadow-burnin-v3-r50-tsv2-logging-only-target60-stop60-exit-replay-maxwait66000-r1,R2_BUY_BURST_MARKUP,1500,-500,40000,holdout,431,0.1554524361948956,0.12430448937720977,-79773,-185.08816705336426,-319.0,-122873,-285.08816705336426,-419.0,0.10208816705336426,0.4547563805104408,0.4431554524361949,0.3805104408352668,20
shadow-burnin-v3-r50-tsv2-logging-only-target60-stop60-exit-replay-maxwait66000-r1,R2_BUY_BURST_MARKUP,1500,-700,20000,train,361,0.12188365650969529,0.09206014018789306,-72968,-202.1274238227147,-202.0,-109068,-302.12742382271466,-302.0,0.05817174515235457,0.20498614958448755,0.7368421052631579,0.6592797783933518,44
shadow-burnin-v3-r50-tsv2-logging-only-target60-stop60-exit-replay-maxwait66000-r1,R2_BUY_BURST_MARKUP,1500,-700,20000,validation,422,0.16824644549763032,0.135583400062169,-84700,-200.71090047393366,-204.5,-126900,-300.71090047393363,-304.5,0.08767772511848342,0.2890995260663507,0.6232227488151659,0.5308056872037915,24
shadow-burnin-v3-r50-tsv2-logging-only-target60-stop60-exit-replay-maxwait66000-r1,R2_BUY_BURST_MARKUP,1500,-700,20000,holdout,431,0.16473317865429235,0.13270471375705944,-100661,-233.5522041763341,-210.0,-143761,-333.5522041763341,-310.0,0.06960556844547564,0.3225058004640371,0.6078886310904872,0.4895591647331787,32
shadow-burnin-v3-r50-tsv2-logging-only-target60-stop60-exit-replay-maxwait66000-r1,R2_BUY_BURST_MARKUP,1500,-700,30000,train,361,0.14681440443213298,0.11402689634257347,-65869,-182.46260387811634,-208.0,-101969,-282.46260387811634,-308.0,0.07756232686980609,0.23822714681440443,0.6842105263157895,0.6038781163434903,28
shadow-burnin-v3-r50-tsv2-logging-only-target60-stop60-exit-replay-maxwait66000-r1,R2_BUY_BURST_MARKUP,1500,-700,30000,validation,422,0.17535545023696683,0.14204803248502204,-87022,-206.2132701421801,-207.5,-129222,-306.2132701421801,-307.5,0.1066350710900474,0.3341232227488152,0.5592417061611374,0.4786729857819905,24
shadow-burnin-v3-r50-tsv2-logging-only-target60-stop60-exit-replay-maxwait66000-r1,R2_BUY_BURST_MARKUP,1500,-700,30000,holdout,431,0.15777262180974477,0.12640075157583794,-110439,-256.23897911832944,-234.0,-153539,-356.23897911832944,-334.0,0.09048723897911833,0.3689095127610209,0.5406032482598608,0.4593967517401392,20
shadow-burnin-v3-r50-tsv2-logging-only-target60-stop60-exit-replay-maxwait66000-r1,R2_BUY_BURST_MARKUP,1500,-700,40000,train,361,0.13850415512465375,0.10666168884082422,-69367,-192.15235457063713,-209.0,-105467,-292.1523545706371,-309.0,0.09418282548476455,0.26869806094182824,0.6371191135734072,0.5789473684210527,28
shadow-burnin-v3-r50-tsv2-logging-only-target60-stop60-exit-replay-maxwait66000-r1,R2_BUY_BURST_MARKUP,1500,-700,40000,validation,422,0.1848341232227488,0.15070069728336505,-82500,-195.49763033175356,-210.0,-124700,-295.49763033175356,-310.0,0.12559241706161137,0.3696682464454976,0.504739336492891,0.43838862559241704,24
shadow-burnin-v3-r50-tsv2-logging-only-target60-stop60-exit-replay-maxwait66000-r1,R2_BUY_BURST_MARKUP,1500,-700,40000,holdout,431,0.16705336426914152,0.13481095041079266,-105818,-245.51740139211137,-281.0,-148918,-345.51740139211137,-381.0,0.11136890951276102,0.4037122969837587,0.48491879350348027,0.4176334106728538,20
shadow-burnin-v3-r50-tsv2-logging-only-target60-stop60-exit-replay-maxwait66000-r1,R2_BUY_BURST_MARKUP,1500,-1000,20000,train,361,0.13019390581717452,0.09933832361904033,-88574,-245.3573407202216,-202.0,-124674,-345.3573407202216,-302.0,0.060941828254847646,0.18559556786703602,0.7534626038781164,0.6703601108033241,28
shadow-burnin-v3-r50-tsv2-logging-only-target60-stop60-exit-replay-maxwait66000-r1,R2_BUY_BURST_MARKUP,1500,-1000,20000,validation,422,0.17535545023696683,0.14204803248502204,-113720,-269.478672985782,-203.5,-155920,-369.478672985782,-303.5,0.08767772511848342,0.25355450236966826,0.6587677725118484,0.5592417061611374,24
shadow-burnin-v3-r50-tsv2-logging-only-target60-stop60-exit-replay-maxwait66000-r1,R2_BUY_BURST_MARKUP,1500,-1000,20000,holdout,431,0.1740139211136891,0.14114384951866807,-130305,-302.33178654292345,-208.0,-173405,-402.33178654292345,-308.0,0.07424593967517401,0.2877030162412993,0.6380510440835266,0.5150812064965197,32
shadow-burnin-v3-r50-tsv2-logging-only-target60-stop60-exit-replay-maxwait66000-r1,R2_BUY_BURST_MARKUP,1500,-1000,30000,train,361,0.15789473684210525,0.12390733121874148,-81604,-226.04986149584488,-206.0,-117704,-326.0498614958449,-306.0,0.08310249307479224,0.21052631578947367,0.7063711911357341,0.6204986149584487,28
shadow-burnin-v3-r50-tsv2-logging-only-target60-stop60-exit-replay-maxwait66000-r1,R2_BUY_BURST_MARKUP,1500,-1000,30000,validation,422,0.18246445497630331,0.148534087380948,-119553,-283.3009478672986,-206.0,-161753,-383.3009478672986,-306.0,0.10900473933649289,0.3033175355450237,0.5876777251184834,0.5023696682464455,24
shadow-burnin-v3-r50-tsv2-logging-only-target60-stop60-exit-replay-maxwait66000-r1,R2_BUY_BURST_MARKUP,1500,-1000,30000,holdout,431,0.16705336426914152,0.13481095041079266,-144057,-334.23897911832944,-223.0,-187157,-434.23897911832944,-323.0,0.09744779582366589,0.33178654292343385,0.5707656612529002,0.4872389791183295,20
shadow-burnin-v3-r50-tsv2-logging-only-target60-stop60-exit-replay-maxwait66000-r1,R2_BUY_BURST_MARKUP,1500,-1000,40000,train,361,0.1523545706371191,0.11895884000593536,-86059,-238.3905817174515,-208.0,-122159,-338.39058171745154,-308.0,0.0997229916897507,0.23545706371191136,0.6648199445983379,0.5983379501385041,27
shadow-burnin-v3-r50-tsv2-logging-only-target60-stop60-exit-replay-maxwait66000-r1,R2_BUY_BURST_MARKUP,1500,-1000,40000,validation,422,0.2014218009478673,0.1659279272513175,-113298,-268.478672985782,-209.0,-155498,-368.478672985782,-309.0,0.13507109004739337,0.3341232227488152,0.5308056872037915,0.45734597156398105,24
shadow-burnin-v3-r50-tsv2-logging-only-target60-stop60-exit-replay-maxwait66000-r1,R2_BUY_BURST_MARKUP,1500,-1000,40000,holdout,431,0.17633410672853828,0.14325942140296072,-144418,-335.07656612529,-255.0,-187518,-435.07656612529,-355.0,0.12064965197215777,0.3689095127610209,0.5104408352668214,0.4408352668213457,20
shadow-burnin-v3-r50-tsv2-logging-only-target60-stop60-exit-replay-maxwait66000-r1,R2_BUY_BURST_MARKUP,2000,-300,20000,train,361,0.11911357340720222,0.08964477514136542,-36720,-101.7174515235457,-204.0,-72820,-201.71745152354572,-304.0,0.030470914127423823,0.2631578947368421,0.7063711911357341,0.6066481994459834,44
shadow-burnin-v3-r50-tsv2-logging-only-target60-stop60-exit-replay-maxwait66000-r1,R2_BUY_BURST_MARKUP,2000,-300,20000,validation,422,0.13507109004739337,0.10573306572040247,-36964,-87.59241706161137,-209.0,-79164,-187.59241706161137,-309.0,0.045023696682464455,0.3933649289099526,0.5616113744075829,0.45734597156398105,31
shadow-burnin-v3-r50-tsv2-logging-only-target60-stop60-exit-replay-maxwait66000-r1,R2_BUY_BURST_MARKUP,2000,-300,20000,holdout,431,0.13225058004640372,0.10349362217143028,-51131,-118.63341067285383,-222.0,-94231,-218.63341067285384,-322.0,0.03480278422273782,0.4361948955916473,0.5290023201856149,0.41067285382830626,34
shadow-burnin-v3-r50-tsv2-logging-only-target60-stop60-exit-replay-maxwait66000-r1,R2_BUY_BURST_MARKUP,2000,-300,30000,train,361,0.12188365650969529,0.09206014018789306,-33037,-91.51523545706371,-209.0,-69137,-191.5152354570637,-309.0,0.05263157894736842,0.31301939058171746,0.6343490304709142,0.5595567867036011,44
shadow-burnin-v3-r50-tsv2-logging-only-target60-stop60-exit-replay-maxwait66000-r1,R2_BUY_BURST_MARKUP,2000,-300,30000,validation,422,0.12796208530805686,0.09941392716553947,-39276,-93.07109004739337,-212.0,-81476,-193.07109004739337,-312.0,0.06635071090047394,0.4431279620853081,0.490521327014218,0.4194312796208531,24
shadow-burnin-v3-r50-tsv2-logging-only-target60-stop60-exit-replay-maxwait66000-r1,R2_BUY_BURST_MARKUP,2000,-300,30000,holdout,431,0.11832946635730858,0.09115590534268297,-53275,-123.60788863109049,-319.0,-96375,-223.60788863109047,-419.0,0.05104408352668213,0.48491879350348027,0.46403712296983757,0.3851508120649652,32
shadow-burnin-v3-r50-tsv2-logging-only-target60-stop60-exit-replay-maxwait66000-r1,R2_BUY_BURST_MARKUP,2000,-300,40000,train,361,0.11080332409972299,0.0824330204109933,-32788,-90.82548476454294,-210.0,-68888,-190.82548476454295,-310.0,0.060941828254847646,0.34349030470914127,0.5955678670360111,0.5373961218836565,44
shadow-burnin-v3-r50-tsv2-logging-only-target60-stop60-exit-replay-maxwait66000-r1,R2_BUY_BURST_MARKUP,2000,-300,40000,validation,422,0.13270142180094788,0.10362332959515934,-34862,-82.61137440758294,-232.5,-77062,-182.61137440758293,-332.5,0.07582938388625593,0.466824644549763,0.45734597156398105,0.3909952606635071,32
shadow-burnin-v3-r50-tsv2-logging-only-target60-stop60-exit-replay-maxwait66000-r1,R2_BUY_BURST_MARKUP,2000,-300,40000,holdout,431,0.11832946635730858,0.09115590534268297,-50678,-117.58236658932715,-400.0,-93778,-217.58236658932714,-500.0,0.06728538283062645,0.5127610208816705,0.419953596287703,0.35730858468677495,30
shadow-burnin-v3-r50-tsv2-logging-only-target60-stop60-exit-replay-maxwait66000-r1,R2_BUY_BURST_MARKUP,2000,-500,20000,train,361,0.11911357340720222,0.08964477514136542,-53470,-148.1163434903047,-204.0,-89570,-248.1163434903047,-304.0,0.030470914127423823,0.2299168975069252,0.739612188365651,0.6371191135734072,44
shadow-burnin-v3-r50-tsv2-logging-only-target60-stop60-exit-replay-maxwait66000-r1,R2_BUY_BURST_MARKUP,2000,-500,20000,validation,422,0.14454976303317535,0.11420391742865646,-64047,-151.77014218009478,-207.0,-106247,-251.77014218009478,-307.0,0.045023696682464455,0.3412322274881517,0.6137440758293838,0.5,24
shadow-burnin-v3-r50-tsv2-logging-only-target60-stop60-exit-replay-maxwait66000-r1,R2_BUY_BURST_MARKUP,2000,-500,20000,holdout,431,0.15081206496519722,0.12011982611008498,-72503,-168.22041763341068,-213.0,-115603,-268.22041763341065,-313.0,0.04176334106728538,0.382830626450116,0.5754060324825986,0.4408352668213457,32
shadow-burnin-v3-r50-tsv2-logging-only-target60-stop60-exit-replay-maxwait66000-r1,R2_BUY_BURST_MARKUP,2000,-500,30000,train,361,0.12742382271468145,0.09690706235147815,-51162,-141.7229916897507,-209.0,-87262,-241.7229916897507,-309.0,0.05263157894736842,0.2742382271468144,0.6731301939058172,0.5872576177285319,28
shadow-burnin-v3-r50-tsv2-logging-only-target60-stop60-exit-replay-maxwait66000-r1,R2_BUY_BURST_MARKUP,2000,-500,30000,validation,422,0.14218009478672985,0.11208155179257849,-67632,-160.2654028436019,-211.0,-109832,-260.2654028436019,-311.0,0.06635071090047394,0.3862559241706161,0.54739336492891,0.46208530805687204,24
shadow-burnin-v3-r50-tsv2-logging-only-target60-stop60-exit-replay-maxwait66000-r1,R2_BUY_BURST_MARKUP,2000,-500,30000,holdout,431,0.14153132250580047,0.11178334387350551,-76159,-176.7030162412993,-266.0,-119259,-276.7030162412993,-366.0,0.06264501160092807,0.43387470997679817,0.5034802784222738,0.41299303944315546,23
shadow-burnin-v3-r50-tsv2-logging-only-target60-stop60-exit-replay-maxwait66000-r1,R2_BUY_BURST_MARKUP,2000,-500,40000,train,361,0.11911357340720222,0.08964477514136542,-51415,-142.42382271468145,-209.0,-87515,-242.42382271468145,-309.0,0.060941828254847646,0.3047091412742382,0.6343490304709142,0.5623268698060941,28
shadow-burnin-v3-r50-tsv2-logging-only-target60-stop60-exit-replay-maxwait66000-r1,R2_BUY_BURST_MARKUP,2000,-500,40000,validation,422,0.15165876777251186,0.12058876486670601,-60388,-143.0995260663507,-212.5,-102588,-243.0995260663507,-312.5,0.08056872037914692,0.4146919431279621,0.504739336492891,0.42417061611374407,32
shadow-burnin-v3-r50-tsv2-logging-only-target60-stop60-exit-replay-maxwait66000-r1,R2_BUY_BURST_MARKUP,2000,-500,40000,holdout,431,0.14385150812064965,0.113863226617042,-70690,-164.0139211136891,-337.0,-113790,-264.0139211136891,-437.0,0.08120649651972157,0.46403712296983757,0.4547563805104408,0.3805104408352668,21
shadow-burnin-v3-r50-tsv2-logging-only-target60-stop60-exit-replay-maxwait66000-r1,R2_BUY_BURST_MARKUP,2000,-700,20000,train,361,0.12188365650969529,0.09206014018789306,-65746,-182.1218836565097,-202.0,-101846,-282.1218836565097,-302.0,0.0332409972299169,0.20498614958448755,0.7617728531855956,0.6592797783933518,44
shadow-burnin-v3-r50-tsv2-logging-only-target60-stop60-exit-replay-maxwait66000-r1,R2_BUY_BURST_MARKUP,2000,-700,20000,validation,422,0.15639810426540285,0.12485956009828429,-83150,-197.03791469194312,-206.0,-125350,-297.0379146919431,-306.0,0.04739336492890995,0.2962085308056872,0.6563981042654028,0.533175355450237,24
shadow-burnin-v3-r50-tsv2-logging-only-target60-stop60-exit-replay-maxwait66000-r1,R2_BUY_BURST_MARKUP,2000,-700,20000,holdout,431,0.16009280742459397,0.12849957232082085,-93379,-216.65661252900233,-211.0,-136479,-316.6566125290023,-311.0,0.04640371229698376,0.3248259860788863,0.62877030162413,0.4895591647331787,32
shadow-burnin-v3-r50-tsv2-logging-only-target60-stop60-exit-replay-maxwait66000-r1,R2_BUY_BURST_MARKUP,2000,-700,30000,train,361,0.13850415512465375,0.10666168884082422,-61511,-170.3905817174515,-208.0,-97611,-270.39058171745154,-308.0,0.05817174515235457,0.24376731301939059,0.6980609418282548,0.6066481994459834,28
shadow-burnin-v3-r50-tsv2-logging-only-target60-stop60-exit-replay-maxwait66000-r1,R2_BUY_BURST_MARKUP,2000,-700,30000,validation,422,0.15876777251184834,0.1269990692600801,-86772,-205.6208530805687,-209.0,-128972,-305.62085308056874,-309.0,0.07109004739336493,0.34834123222748814,0.580568720379147,0.48104265402843605,24
shadow-burnin-v3-r50-tsv2-logging-only-target60-stop60-exit-replay-maxwait66000-r1,R2_BUY_BURST_MARKUP,2000,-700,30000,holdout,431,0.1531322505800464,0.12221083166859358,-101602,-235.7354988399072,-242.0,-144702,-335.73549883990717,-342.0,0.06728538283062645,0.37354988399071926,0.5591647331786543,0.4593967517401392,23
shadow-burnin-v3-r50-tsv2-logging-only-target60-stop60-exit-replay-maxwait66000-r1,R2_BUY_BURST_MARKUP,2000,-700,40000,train,361,0.1329639889196676,0.10177460049368896,-60654,-168.01662049861497,-209.0,-96754,-268.01662049861494,-309.0,0.06925207756232687,0.2742382271468144,0.6565096952908587,0.5789473684210527,28
shadow-burnin-v3-r50-tsv2-logging-only-target60-stop60-exit-replay-maxwait66000-r1,R2_BUY_BURST_MARKUP,2000,-700,40000,validation,422,0.16587677725118483,0.1334334637946306,-80896,-191.69668246445497,-211.0,-123096,-291.69668246445497,-311.0,0.09004739336492891,0.3862559241706161,0.523696682464455,0.43838862559241704,32
shadow-burnin-v3-r50-tsv2-logging-only-target60-stop60-exit-replay-maxwait66000-r1,R2_BUY_BURST_MARKUP,2000,-700,40000,holdout,431,0.1554524361948956,0.12430448937720977,-96146,-223.07656612529001,-305.0,-139246,-323.07656612529,-405.0,0.08816705336426914,0.41067285382830626,0.5011600928074246,0.419953596287703,21
shadow-burnin-v3-r50-tsv2-logging-only-target60-stop60-exit-replay-maxwait66000-r1,R2_BUY_BURST_MARKUP,2000,-1000,20000,train,361,0.13019390581717452,0.09933832361904033,-81305,-225.22160664819944,-202.0,-117405,-325.22160664819944,-302.0,0.0332409972299169,0.18559556786703602,0.7811634349030471,0.6703601108033241,28
shadow-burnin-v3-r50-tsv2-logging-only-target60-stop60-exit-replay-maxwait66000-r1,R2_BUY_BURST_MARKUP,2000,-1000,20000,validation,422,0.16350710900473933,0.13128606719651087,-112425,-266.40995260663504,-205.0,-154625,-366.40995260663504,-305.0,0.04739336492890995,0.25829383886255924,0.6943127962085308,0.5639810426540285,24
shadow-burnin-v3-r50-tsv2-logging-only-target60-stop60-exit-replay-maxwait66000-r1,R2_BUY_BURST_MARKUP,2000,-1000,20000,holdout,431,0.16937354988399073,0.13691957739219035,-121711,-282.3921113689095,-209.0,-164811,-382.3921113689095,-309.0,0.05104408352668213,0.2877030162412993,0.6612529002320185,0.5174013921113689,32
shadow-burnin-v3-r50-tsv2-logging-only-target60-stop60-exit-replay-maxwait66000-r1,R2_BUY_BURST_MARKUP,2000,-1000,30000,train,361,0.14958448753462603,0.11649075387087378,-76846,-212.86980609418282,-207.0,-112946,-312.8698060941828,-307.0,0.06371191135734072,0.21606648199445982,0.7202216066481995,0.6232686980609419,28
shadow-burnin-v3-r50-tsv2-logging-only-target60-stop60-exit-replay-maxwait66000-r1,R2_BUY_BURST_MARKUP,2000,-1000,30000,validation,422,0.16587677725118483,0.1334334637946306,-120987,-286.6990521327014,-209.0,-163187,-386.6990521327014,-309.0,0.07109004739336493,0.3175355450236967,0.6113744075829384,0.504739336492891,24
shadow-burnin-v3-r50-tsv2-logging-only-target60-stop60-exit-replay-maxwait66000-r1,R2_BUY_BURST_MARKUP,2000,-1000,30000,holdout,431,0.16473317865429235,0.13270471375705944,-132445,-307.2969837587007,-227.0,-175545,-407.2969837587007,-327.0,0.07424593967517401,0.33410672853828305,0.5916473317865429,0.4872389791183295,23
shadow-burnin-v3-r50-tsv2-logging-only-target60-stop60-exit-replay-maxwait66000-r1,R2_BUY_BURST_MARKUP,2000,-1000,40000,train,361,0.14681440443213298,0.11402689634257347,-76946,-213.14681440443212,-208.0,-113046,-313.1468144044321,-308.0,0.07479224376731301,0.2409972299168975,0.6842105263157895,0.5983379501385041,27
shadow-burnin-v3-r50-tsv2-logging-only-target60-stop60-exit-replay-maxwait66000-r1,R2_BUY_BURST_MARKUP,2000,-1000,40000,validation,422,0.18246445497630331,0.148534087380948,-112959,-267.67535545023696,-210.0,-155159,-367.67535545023696,-310.0,0.0971563981042654,0.34834123222748814,0.5545023696682464,0.4597156398104265,32
shadow-burnin-v3-r50-tsv2-logging-only-target60-stop60-exit-replay-maxwait66000-r1,R2_BUY_BURST_MARKUP,2000,-1000,40000,holdout,431,0.16705336426914152,0.13481095041079266,-131884,-305.9953596287703,-267.0,-174984,-405.9953596287703,-367.0,0.09744779582366589,0.37354988399071926,0.5290023201856149,0.4431554524361949,21
shadow-burnin-v3-r50-tsv2-logging-only-target60-stop60-exit-replay-maxwait66000-r1,R2_BUY_BURST_MARKUP,2500,-300,20000,train,361,0.11911357340720222,0.08964477514136542,-37089,-102.73961218836565,-204.0,-73189,-202.73961218836564,-304.0,0.019390581717451522,0.2631578947368421,0.7174515235457064,0.6066481994459834,44
shadow-burnin-v3-r50-tsv2-logging-only-target60-stop60-exit-replay-maxwait66000-r1,R2_BUY_BURST_MARKUP,2500,-300,20000,validation,422,0.13507109004739337,0.10573306572040247,-29451,-69.78909952606635,-209.0,-71651,-169.78909952606634,-309.0,0.037914691943127965,0.3933649289099526,0.5687203791469194,0.45734597156398105,31
shadow-burnin-v3-r50-tsv2-logging-only-target60-stop60-exit-replay-maxwait66000-r1,R2_BUY_BURST_MARKUP,2500,-300,20000,holdout,431,0.12761020881670534,0.09936755215518146,-52630,-122.11136890951276,-230.0,-95730,-222.11136890951275,-330.0,0.02088167053364269,0.4408352668213457,0.5382830626450116,0.41067285382830626,34
shadow-burnin-v3-r50-tsv2-logging-only-target60-stop60-exit-replay-maxwait66000-r1,R2_BUY_BURST_MARKUP,2500,-300,30000,train,361,0.11634349030470914,0.08723501860497945,-33315,-92.28531855955679,-209.0,-69415,-192.2853185595568,-309.0,0.027700831024930747,0.3185595567867036,0.6537396121883656,0.5595567867036011,44
shadow-burnin-v3-r50-tsv2-logging-only-target60-stop60-exit-replay-maxwait66000-r1,R2_BUY_BURST_MARKUP,2500,-300,30000,validation,422,0.12559241706161137,0.09731441583636867,-29229,-69.26303317535545,-212.0,-71429,-169.26303317535545,-312.0,0.05687203791469194,0.4431279620853081,0.5,0.4194312796208531,24
shadow-burnin-v3-r50-tsv2-logging-only-target60-stop60-exit-replay-maxwait66000-r1,R2_BUY_BURST_MARKUP,2500,-300,30000,holdout,431,0.1136890951276102,0.08707165955129165,-49061,-113.83062645011601,-340.0,-92161,-213.830626450116,-440.0,0.03944315545243619,0.4895591647331787,0.4709976798143852,0.3851508120649652,32
shadow-burnin-v3-r50-tsv2-logging-only-target60-stop60-exit-replay-maxwait66000-r1,R2_BUY_BURST_MARKUP,2500,-300,40000,train,361,0.10526315789473684,0.07765563029048667,-36551,-101.24930747922437,-210.0,-72651,-201.24930747922437,-310.0,0.038781163434903045,0.3490304709141274,0.6121883656509696,0.5373961218836565,44
shadow-burnin-v3-r50-tsv2-logging-only-target60-stop60-exit-replay-maxwait66000-r1,R2_BUY_BURST_MARKUP,2500,-300,40000,validation,422,0.13270142180094788,0.10362332959515934,-22544,-53.4218009478673,-232.5,-64744,-153.4218009478673,-332.5,0.06635071090047394,0.466824644549763,0.466824644549763,0.3909952606635071,32
shadow-burnin-v3-r50-tsv2-logging-only-target60-stop60-exit-replay-maxwait66000-r1,R2_BUY_BURST_MARKUP,2500,-300,40000,holdout,431,0.1136890951276102,0.08707165955129165,-46449,-107.77030162412993,-400.0,-89549,-207.77030162412993,-500.0,0.04640371229698376,0.5174013921113689,0.4361948955916473,0.35730858468677495,30
shadow-burnin-v3-r50-tsv2-logging-only-target60-stop60-exit-replay-maxwait66000-r1,R2_BUY_BURST_MARKUP,2500,-500,20000,train,361,0.11911357340720222,0.08964477514136542,-53839,-149.13850415512465,-204.0,-89939,-249.13850415512465,-304.0,0.019390581717451522,0.2299168975069252,0.7506925207756233,0.6371191135734072,44
shadow-burnin-v3-r50-tsv2-logging-only-target60-stop60-exit-replay-maxwait66000-r1,R2_BUY_BURST_MARKUP,2500,-500,20000,validation,422,0.14454976303317535,0.11420391742865646,-56534,-133.96682464454977,-207.0,-98734,-233.96682464454977,-307.0,0.037914691943127965,0.3412322274881517,0.6208530805687204,0.5,24
shadow-burnin-v3-r50-tsv2-logging-only-target60-stop60-exit-replay-maxwait66000-r1,R2_BUY_BURST_MARKUP,2500,-500,20000,holdout,431,0.14617169373549885,0.11594597121224913,-72902,-169.1461716937355,-214.0,-116002,-269.1461716937355,-314.0,0.027842227378190254,0.3874709976798144,0.5846867749419954,0.4408352668213457,32
shadow-burnin-v3-r50-tsv2-logging-only-target60-stop60-exit-replay-maxwait66000-r1,R2_BUY_BURST_MARKUP,2500,-500,30000,train,361,0.12188365650969529,0.09206014018789306,-51570,-142.85318559556788,-209.0,-87670,-242.85318559556788,-309.0,0.027700831024930747,0.2770083102493075,0.6952908587257618,0.590027700831025,28
shadow-burnin-v3-r50-tsv2-logging-only-target60-stop60-exit-replay-maxwait66000-r1,R2_BUY_BURST_MARKUP,2500,-500,30000,validation,422,0.13981042654028436,0.10996224488927919,-57585,-136.45734597156397,-211.0,-99785,-236.45734597156397,-311.0,0.05687203791469194,0.3862559241706161,0.556872037914692,0.46208530805687204,24
shadow-burnin-v3-r50-tsv2-logging-only-target60-stop60-exit-replay-maxwait66000-r1,R2_BUY_BURST_MARKUP,2500,-500,30000,holdout,431,0.1368909512761021,0.10763239720377234,-70483,-163.5336426914153,-267.0,-113583,-263.5336426914153,-367.0,0.048723897911832945,0.4385150812064965,0.5127610208816705,0.41299303944315546,23
shadow-burnin-v3-r50-tsv2-logging-only-target60-stop60-exit-replay-maxwait66000-r1,R2_BUY_BURST_MARKUP,2500,-500,40000,train,361,0.11357340720221606,0.08483104039715444,-55578,-153.9556786703601,-209.0,-91678,-253.9556786703601,-309.0,0.038781163434903045,0.31024930747922436,0.6509695290858726,0.5623268698060941,28
shadow-burnin-v3-r50-tsv2-logging-only-target60-stop60-exit-replay-maxwait66000-r1,R2_BUY_BURST_MARKUP,2500,-500,40000,validation,422,0.15165876777251186,0.12058876486670601,-47342,-112.18483412322274,-212.5,-89542,-212.18483412322274,-312.5,0.06872037914691943,0.4146919431279621,0.5165876777251185,0.42417061611374407,32
shadow-burnin-v3-r50-tsv2-logging-only-target60-stop60-exit-replay-maxwait66000-r1,R2_BUY_BURST_MARKUP,2500,-500,40000,holdout,431,0.13921113689095127,0.10970638070687447,-64894,-150.5661252900232,-347.0,-107994,-250.5661252900232,-447.0,0.058004640371229696,0.46867749419953597,0.4733178654292343,0.3805104408352668,21
shadow-burnin-v3-r50-tsv2-logging-only-target60-stop60-exit-replay-maxwait66000-r1,R2_BUY_BURST_MARKUP,2500,-700,20000,train,361,0.12188365650969529,0.09206014018789306,-65996,-182.81440443213296,-202.0,-102096,-282.81440443213296,-302.0,0.019390581717451522,0.20498614958448755,0.775623268698061,0.6592797783933518,44
shadow-burnin-v3-r50-tsv2-logging-only-target60-stop60-exit-replay-maxwait66000-r1,R2_BUY_BURST_MARKUP,2500,-700,20000,validation,422,0.15639810426540285,0.12485956009828429,-75329,-178.5047393364929,-206.0,-117529,-278.5047393364929,-306.0,0.037914691943127965,0.2962085308056872,0.6658767772511849,0.533175355450237,24
shadow-burnin-v3-r50-tsv2-logging-only-target60-stop60-exit-replay-maxwait66000-r1,R2_BUY_BURST_MARKUP,2500,-700,20000,holdout,431,0.1554524361948956,0.12430448937720977,-93794,-217.61948955916472,-211.0,-136894,-317.6194895591647,-311.0,0.030162412993039442,0.3294663573085847,0.6403712296983759,0.4895591647331787,32
shadow-burnin-v3-r50-tsv2-logging-only-target60-stop60-exit-replay-maxwait66000-r1,R2_BUY_BURST_MARKUP,2500,-700,30000,train,361,0.1329639889196676,0.10177460049368896,-61284,-169.7617728531856,-208.0,-97384,-269.7617728531856,-308.0,0.030470914127423823,0.24653739612188366,0.7229916897506925,0.6094182825484764,28
shadow-burnin-v3-r50-tsv2-logging-only-target60-stop60-exit-replay-maxwait66000-r1,R2_BUY_BURST_MARKUP,2500,-700,30000,validation,422,0.15639810426540285,0.12485956009828429,-76177,-180.51421800947867,-209.0,-118377,-280.51421800947867,-309.0,0.05924170616113744,0.34834123222748814,0.5924170616113744,0.48104265402843605,24
shadow-burnin-v3-r50-tsv2-logging-only-target60-stop60-exit-replay-maxwait66000-r1,R2_BUY_BURST_MARKUP,2500,-700,30000,holdout,431,0.14849187935034802,0.11803152216822833,-95326,-221.1740139211137,-249.0,-138426,-321.17401392111367,-349.0,0.05336426914153132,0.37819025522041766,0.568445475638051,0.4593967517401392,23
shadow-burnin-v3-r50-tsv2-logging-only-target60-stop60-exit-replay-maxwait66000-r1,R2_BUY_BURST_MARKUP,2500,-700,40000,train,361,0.12742382271468145,0.09690706235147815,-63522,-175.9612188365651,-209.0,-99622,-275.9612188365651,-309.0,0.04709141274238227,0.2770083102493075,0.6759002770083102,0.5817174515235457,28
shadow-burnin-v3-r50-tsv2-logging-only-target60-stop60-exit-replay-maxwait66000-r1,R2_BUY_BURST_MARKUP,2500,-700,40000,validation,422,0.16587677725118483,0.1334334637946306,-67100,-159.0047393364929,-211.0,-109300,-259.0047393364929,-311.0,0.07582938388625593,0.3862559241706161,0.5379146919431279,0.43838862559241704,32
shadow-burnin-v3-r50-tsv2-logging-only-target60-stop60-exit-replay-maxwait66000-r1,R2_BUY_BURST_MARKUP,2500,-700,40000,holdout,431,0.15081206496519722,0.12011982611008498,-90267,-209.43619489559165,-319.0,-133367,-309.43619489559165,-419.0,0.06264501160092807,0.41531322505800466,0.5220417633410673,0.419953596287703,21
shadow-burnin-v3-r50-tsv2-logging-only-target60-stop60-exit-replay-maxwait66000-r1,R2_BUY_BURST_MARKUP,2500,-1000,20000,train,361,0.13019390581717452,0.09933832361904033,-81555,-225.91412742382272,-202.0,-117655,-325.9141274238227,-302.0,0.019390581717451522,0.18559556786703602,0.7950138504155124,0.6703601108033241,28
shadow-burnin-v3-r50-tsv2-logging-only-target60-stop60-exit-replay-maxwait66000-r1,R2_BUY_BURST_MARKUP,2500,-1000,20000,validation,422,0.16350710900473933,0.13128606719651087,-104604,-247.87677725118485,-205.0,-146804,-347.8767772511848,-305.0,0.037914691943127965,0.25829383886255924,0.7037914691943128,0.5639810426540285,24
shadow-burnin-v3-r50-tsv2-logging-only-target60-stop60-exit-replay-maxwait66000-r1,R2_BUY_BURST_MARKUP,2500,-1000,20000,holdout,431,0.16473317865429235,0.13270471375705944,-121530,-281.9721577726218,-210.0,-164630,-381.9721577726218,-310.0,0.03480278422273782,0.2900232018561485,0.6751740139211136,0.5197215777262181,32
shadow-burnin-v3-r50-tsv2-logging-only-target60-stop60-exit-replay-maxwait66000-r1,R2_BUY_BURST_MARKUP,2500,-1000,30000,train,361,0.1440443213296399,0.11156736444602958,-76219,-211.13296398891967,-208.0,-112319,-311.13296398891964,-308.0,0.0332409972299169,0.2188365650969529,0.7479224376731302,0.6260387811634349,28
shadow-burnin-v3-r50-tsv2-logging-only-target60-stop60-exit-replay-maxwait66000-r1,R2_BUY_BURST_MARKUP,2500,-1000,30000,validation,422,0.16350710900473933,0.13128606719651087,-110392,-261.5924170616114,-209.0,-152592,-361.5924170616114,-309.0,0.05924170616113744,0.3175355450236967,0.6232227488151659,0.504739336492891,24
shadow-burnin-v3-r50-tsv2-logging-only-target60-stop60-exit-replay-maxwait66000-r1,R2_BUY_BURST_MARKUP,2500,-1000,30000,holdout,431,0.16009280742459397,0.12849957232082085,-125269,-290.6473317865429,-233.0,-168369,-390.6473317865429,-333.0,0.060324825986078884,0.33874709976798145,0.6009280742459396,0.4872389791183295,23
shadow-burnin-v3-r50-tsv2-logging-only-target60-stop60-exit-replay-maxwait66000-r1,R2_BUY_BURST_MARKUP,2500,-1000,40000,train,361,0.14127423822714683,0.10911225978367328,-79847,-221.18282548476455,-208.0,-115947,-321.1828254847645,-308.0,0.04986149584487535,0.24376731301939059,0.7063711911357341,0.6011080332409973,27
shadow-burnin-v3-r50-tsv2-logging-only-target60-stop60-exit-replay-maxwait66000-r1,R2_BUY_BURST_MARKUP,2500,-1000,40000,validation,422,0.18246445497630331,0.148534087380948,-98057,-232.36255924170615,-210.0,-140257,-332.36255924170615,-310.0,0.08056872037914692,0.34834123222748814,0.5710900473933649,0.4597156398104265,32
shadow-burnin-v3-r50-tsv2-logging-only-target60-stop60-exit-replay-maxwait66000-r1,R2_BUY_BURST_MARKUP,2500,-1000,40000,holdout,431,0.16241299303944315,0.13060090730066465,-124605,-289.10672853828305,-281.0,-167705,-389.10672853828305,-381.0,0.07192575406032482,0.37819025522041766,0.5498839907192575,0.4431554524361949,21
shadow-burnin-v3-r50-tsv2-logging-only-target60-stop60-exit-replay-maxwait66000-r1,R3_SCAMBOT_COORDINATION,1000,-300,20000,train,1005,0.0527363184079602,0.040542660244456914,-189916,-188.97114427860697,-202.0,-290416,-288.97114427860697,-302.0,0.03482587064676617,0.15124378109452735,0.8139303482587065,0.7890547263681592,79
shadow-burnin-v3-r50-tsv2-logging-only-target60-stop60-exit-replay-maxwait66000-r1,R3_SCAMBOT_COORDINATION,1000,-300,20000,validation,1006,0.07554671968190854,0.060782165120053924,-173424,-172.389662027833,-202.0,-274024,-272.389662027833,-302.0,0.055666003976143144,0.19383697813121273,0.7504970178926441,0.7186878727634195,67
shadow-burnin-v3-r50-tsv2-logging-only-target60-stop60-exit-replay-maxwait66000-r1,R3_SCAMBOT_COORDINATION,1000,-300,20000,holdout,1012,0.07015810276679842,0.0559932162520723,-179885,-177.75197628458497,-202.0,-281085,-277.751976284585,-302.0,0.044466403162055336,0.18675889328063242,0.7687747035573123,0.7302371541501976,44
shadow-burnin-v3-r50-tsv2-logging-only-target60-stop60-exit-replay-maxwait66000-r1,R3_SCAMBOT_COORDINATION,1000,-300,30000,train,1005,0.05771144278606965,0.044907409363364806,-186867,-185.93731343283582,-202.0,-287367,-285.9373134328358,-302.0,0.04378109452736319,0.1681592039800995,0.7880597014925373,0.7681592039800995,79
shadow-burnin-v3-r50-tsv2-logging-only-target60-stop60-exit-replay-maxwait66000-r1,R3_SCAMBOT_COORDINATION,1000,-300,30000,validation,1006,0.07554671968190854,0.060782165120053924,-176009,-174.95924453280318,-202.0,-276609,-274.95924453280315,-302.0,0.06063618290258449,0.21868787276341947,0.7206759443339961,0.6958250497017893,67
shadow-burnin-v3-r50-tsv2-logging-only-target60-stop60-exit-replay-maxwait66000-r1,R3_SCAMBOT_COORDINATION,1000,-300,30000,holdout,1012,0.06719367588932806,0.053348058983364165,-184201,-182.01679841897234,-202.0,-285401,-282.0167984189723,-302.0,0.05039525691699605,0.2075098814229249,0.7420948616600791,0.7144268774703557,69
shadow-burnin-v3-r50-tsv2-logging-only-target60-stop60-exit-replay-maxwait66000-r1,R3_SCAMBOT_COORDINATION,1000,-300,40000,train,1005,0.05870646766169154,0.045784004727661295,-186403,-185.47562189054727,-202.0,-286903,-285.47562189054725,-302.0,0.04975124378109453,0.1781094527363184,0.7721393034825871,0.7572139303482587,79
shadow-burnin-v3-r50-tsv2-logging-only-target60-stop60-exit-replay-maxwait66000-r1,R3_SCAMBOT_COORDINATION,1000,-300,40000,validation,1006,0.0805168986083499,0.06525518987802316,-173559,-172.52385685884693,-202.0,-274159,-272.5238568588469,-302.0,0.06560636182902585,0.22962226640159045,0.7047713717693836,0.679920477137177,80
shadow-burnin-v3-r50-tsv2-logging-only-target60-stop60-exit-replay-maxwait66000-r1,R3_SCAMBOT_COORDINATION,1000,-300,40000,holdout,1012,0.07312252964426877,0.058646326988659195,-180997,-178.850790513834,-202.0,-282197,-278.850790513834,-302.0,0.05632411067193676,0.22233201581027667,0.7213438735177866,0.6936758893280632,71
shadow-burnin-v3-r50-tsv2-logging-only-target60-stop60-exit-replay-maxwait66000-r1,R3_SCAMBOT_COORDINATION,1000,-500,20000,train,1005,0.05373134328358209,0.04141307769213954,-215477,-214.4049751243781,-202.0,-315977,-314.4049751243781,-302.0,0.03582089552238806,0.12835820895522387,0.835820895522388,0.8099502487562189,79
shadow-burnin-v3-r50-tsv2-logging-only-target60-stop60-exit-replay-maxwait66000-r1,R3_SCAMBOT_COORDINATION,1000,-500,20000,validation,1006,0.07852882703777336,0.06346365926634683,-206223,-204.993041749503,-202.0,-306823,-304.993041749503,-302.0,0.05666003976143141,0.16699801192842942,0.7763419483101391,0.742544731610338,59
shadow-burnin-v3-r50-tsv2-logging-only-target60-stop60-exit-replay-maxwait66000-r1,R3_SCAMBOT_COORDINATION,1000,-500,20000,holdout,1012,0.07806324110671936,0.06308468429557716,-203650,-201.23517786561266,-202.0,-304850,-301.2351778656126,-302.0,0.04743083003952569,0.15612648221343872,0.7964426877470355,0.7519762845849802,44
shadow-burnin-v3-r50-tsv2-logging-only-target60-stop60-exit-replay-maxwait66000-r1,R3_SCAMBOT_COORDINATION,1000,-500,30000,train,1005,0.05970149253731343,0.04666174830545512,-214212,-213.14626865671642,-202.0,-314712,-313.1462686567164,-302.0,0.04477611940298507,0.1383084577114428,0.8169154228855722,0.7950248756218905,75
shadow-burnin-v3-r50-tsv2-logging-only-target60-stop60-exit-replay-maxwait66000-r1,R3_SCAMBOT_COORDINATION,1000,-500,30000,validation,1006,0.08151093439363817,0.06615207657009715,-209942,-208.68986083499007,-202.0,-310542,-308.68986083499004,-302.0,0.0636182902584493,0.1848906560636183,0.7514910536779325,0.7236580516898609,67
shadow-burnin-v3-r50-tsv2-logging-only-target60-stop60-exit-replay-maxwait66000-r1,R3_SCAMBOT_COORDINATION,1000,-500,30000,holdout,1012,0.07608695652173914,0.061306954110599,-211273,-208.7677865612648,-202.0,-312473,-308.7677865612648,-302.0,0.05632411067193676,0.17391304347826086,0.7697628458498024,0.7391304347826086,53
shadow-burnin-v3-r50-tsv2-logging-only-target60-stop60-exit-replay-maxwait66000-r1,R3_SCAMBOT_COORDINATION,1000,-500,40000,train,1005,0.061691542288557215,0.0484205756960595,-214509,-213.44179104477612,-202.0,-315009,-313.4417910447761,-302.0,0.051741293532338306,0.14925373134328357,0.7990049751243781,0.7820895522388059,71
shadow-burnin-v3-r50-tsv2-logging-only-target60-stop60-exit-replay-maxwait66000-r1,R3_SCAMBOT_COORDINATION,1000,-500,40000,validation,1006,0.0874751491053678,0.07154834813174116,-207997,-206.75646123260438,-202.0,-308597,-306.75646123260435,-302.0,0.06958250497017893,0.19582504970178927,0.7345924453280318,0.7067594433399602,80
shadow-burnin-v3-r50-tsv2-logging-only-target60-stop60-exit-replay-maxwait66000-r1,R3_SCAMBOT_COORDINATION,1000,-500,40000,holdout,1012,0.08201581027667984,0.06664921021902176,-209630,-207.14426877470356,-202.0,-310830,-307.14426877470356,-302.0,0.06422924901185771,0.18873517786561264,0.7470355731225297,0.717391304347826,71
shadow-burnin-v3-r50-tsv2-logging-only-target60-stop60-exit-replay-maxwait66000-r1,R3_SCAMBOT_COORDINATION,1000,-700,20000,train,1005,0.05572139303482587,0.043157774358729,-237349,-236.1681592039801,-202.0,-337849,-336.1681592039801,-302.0,0.03681592039800995,0.10049751243781095,0.8626865671641791,0.835820895522388,79
shadow-burnin-v3-r50-tsv2-logging-only-target60-stop60-exit-replay-maxwait66000-r1,R3_SCAMBOT_COORDINATION,1000,-700,20000,validation,1006,0.08250497017892644,0.06704969443831497,-233954,-232.55864811133202,-202.0,-334554,-332.558648111332,-302.0,0.05765407554671968,0.13220675944333996,0.8101391650099403,0.7733598409542743,59
shadow-burnin-v3-r50-tsv2-logging-only-target60-stop60-exit-replay-maxwait66000-r1,R3_SCAMBOT_COORDINATION,1000,-700,20000,holdout,1012,0.08201581027667984,0.06664921021902176,-226623,-223.93577075098815,-202.0,-327823,-323.9357707509881,-302.0,0.04940711462450593,0.13142292490118576,0.8191699604743083,0.7727272727272727,44
shadow-burnin-v3-r50-tsv2-logging-only-target60-stop60-exit-replay-maxwait66000-r1,R3_SCAMBOT_COORDINATION,1000,-700,30000,train,1005,0.06368159203980099,0.05018369288018632,-234600,-233.43283582089552,-202.0,-335100,-333.43283582089555,-302.0,0.04776119402985075,0.10746268656716418,0.844776119402985,0.8218905472636816,75
shadow-burnin-v3-r50-tsv2-logging-only-target60-stop60-exit-replay-maxwait66000-r1,R3_SCAMBOT_COORDINATION,1000,-700,30000,validation,1006,0.08648111332007952,0.0706472455814367,-238485,-237.06262425447315,-202.0,-339085,-337.0626242544732,-302.0,0.06560636182902585,0.1481113320079523,0.7862823061630219,0.7544731610337972,67
shadow-burnin-v3-r50-tsv2-logging-only-target60-stop60-exit-replay-maxwait66000-r1,R3_SCAMBOT_COORDINATION,1000,-700,30000,holdout,1012,0.0800395256916996,0.06486547023463733,-237120,-234.3083003952569,-202.0,-338320,-334.30830039525694,-302.0,0.05928853754940711,0.14624505928853754,0.7944664031620553,0.7618577075098815,53
shadow-burnin-v3-r50-tsv2-logging-only-target60-stop60-exit-replay-maxwait66000-r1,R3_SCAMBOT_COORDINATION,1000,-700,40000,train,1005,0.06567164179104477,0.051950916244217986,-236576,-235.39900497512437,-202.0,-337076,-335.3990049751244,-302.0,0.05572139303482587,0.11840796019900497,0.8258706467661692,0.808955223880597,71
shadow-burnin-v3-r50-tsv2-logging-only-target60-stop60-exit-replay-maxwait66000-r1,R3_SCAMBOT_COORDINATION,1000,-700,40000,validation,1006,0.09244532803180915,0.07606363893390623,-238390,-236.96819085487078,-202.0,-338990,-336.9681908548708,-302.0,0.07157057654075547,0.16003976143141152,0.768389662027833,0.7375745526838966,68
shadow-burnin-v3-r50-tsv2-logging-only-target60-stop60-exit-replay-maxwait66000-r1,R3_SCAMBOT_COORDINATION,1000,-700,40000,holdout,1012,0.08596837944664032,0.07022517480696339,-237246,-234.4328063241107,-202.0,-338446,-334.4328063241107,-302.0,0.06818181818181818,0.16106719367588934,0.7707509881422925,0.7401185770750988,71
shadow-burnin-v3-r50-tsv2-logging-only-target60-stop60-exit-replay-maxwait66000-r1,R3_SCAMBOT_COORDINATION,1000,-1000,20000,train,1005,0.056716417910447764,0.04403198968860237,-264600,-263.2835820895522,-202.0,-365100,-363.2835820895522,-302.0,0.03681592039800995,0.09054726368159204,0.872636815920398,0.844776119402985,79
shadow-burnin-v3-r50-tsv2-logging-only-target60-stop60-exit-replay-maxwait66000-r1,R3_SCAMBOT_COORDINATION,1000,-1000,20000,validation,1006,0.08648111332007952,0.0706472455814367,-263841,-262.26739562624255,-202.0,-364441,-362.26739562624255,-302.0,0.05964214711729622,0.11530815109343936,0.8250497017892644,0.7862823061630219,59
shadow-burnin-v3-r50-tsv2-logging-only-target60-stop60-exit-replay-maxwait66000-r1,R3_SCAMBOT_COORDINATION,1000,-1000,20000,holdout,1012,0.08498023715415019,0.0693301510897263,-257816,-254.7588932806324,-202.0,-359016,-354.75889328063244,-302.0,0.05138339920948617,0.11857707509881422,0.8300395256916996,0.782608695652174,44
shadow-burnin-v3-r50-tsv2-logging-only-target60-stop60-exit-replay-maxwait66000-r1,R3_SCAMBOT_COORDINATION,1000,-1000,30000,train,1005,0.06467661691542288,0.051066802221956274,-262237,-260.9323383084577,-202.0,-362737,-360.9323383084577,-302.0,0.04875621890547264,0.09353233830845771,0.8577114427860697,0.8348258706467662,75
shadow-burnin-v3-r50-tsv2-logging-only-target60-stop60-exit-replay-maxwait66000-r1,R3_SCAMBOT_COORDINATION,1000,-1000,30000,validation,1006,0.09045725646123261,0.07425560562500888,-271247,-269.6292246520875,-202.0,-371847,-369.6292246520875,-302.0,0.06858846918489066,0.13220675944333996,0.7992047713717694,0.7664015904572564,59
shadow-burnin-v3-r50-tsv2-logging-only-target60-stop60-exit-replay-maxwait66000-r1,R3_SCAMBOT_COORDINATION,1000,-1000,30000,holdout,1012,0.08300395256916997,0.06754215783724911,-271320,-268.102766798419,-202.0,-372520,-368.102766798419,-302.0,0.06225296442687747,0.13043478260869565,0.8073122529644269,0.7747035573122529,44
shadow-burnin-v3-r50-tsv2-logging-only-target60-stop60-exit-replay-maxwait66000-r1,R3_SCAMBOT_COORDINATION,1000,-1000,40000,train,1005,0.06666666666666667,0.05283601409064915,-265571,-264.2497512437811,-202.0,-366071,-364.2497512437811,-302.0,0.056716417910447764,0.09850746268656717,0.844776119402985,0.8278606965174129,71
shadow-burnin-v3-r50-tsv2-logging-only-target60-stop60-exit-replay-maxwait66000-r1,R3_SCAMBOT_COORDINATION,1000,-1000,40000,validation,1006,0.09642147117296222,0.07968704835058658,-274779,-273.1401590457256,-202.0,-375379,-373.1401590457256,-302.0,0.07554671968190854,0.1441351888667992,0.7803180914512923,0.7495029821073559,68
shadow-burnin-v3-r50-tsv2-logging-only-target60-stop60-exit-replay-maxwait66000-r1,R3_SCAMBOT_COORDINATION,1000,-1000,40000,holdout,1012,0.08893280632411067,0.07291422918402997,-275628,-272.3596837944664,-202.0,-376828,-372.3596837944664,-302.0,0.07114624505928854,0.1422924901185771,0.7865612648221344,0.7549407114624506,71
shadow-burnin-v3-r50-tsv2-logging-only-target60-stop60-exit-replay-maxwait66000-r1,R3_SCAMBOT_COORDINATION,1500,-300,20000,train,1005,0.04875621890547264,0.03707467978274225,-180580,-179.681592039801,-202.0,-281080,-279.681592039801,-302.0,0.026865671641791045,0.15422885572139303,0.8189054726368159,0.7890547263681592,79
shadow-burnin-v3-r50-tsv2-logging-only-target60-stop60-exit-replay-maxwait66000-r1,R3_SCAMBOT_COORDINATION,1500,-300,20000,validation,1006,0.07256461232604373,0.05810796769595862,-155360,-154.4333996023857,-202.0,-255960,-254.4333996023857,-302.0,0.041749502982107355,0.19681908548707752,0.7614314115308151,0.7186878727634195,67
shadow-burnin-v3-r50-tsv2-logging-only-target60-stop60-exit-replay-maxwait66000-r1,R3_SCAMBOT_COORDINATION,1500,-300,20000,holdout,1012,0.06422924901185771,0.05071133984579376,-171839,-169.8013833992095,-202.0,-273039,-269.8013833992095,-302.0,0.02865612648221344,0.19268774703557312,0.7786561264822134,0.7302371541501976,44
shadow-burnin-v3-r50-tsv2-logging-only-target60-stop60-exit-replay-maxwait66000-r1,R3_SCAMBOT_COORDINATION,1500,-300,30000,train,1005,0.0527363184079602,0.040542660244456914,-177969,-177.08358208955224,-202.0,-278469,-277.08358208955224,-302.0,0.029850746268656716,0.17313432835820897,0.7970149253731343,0.7681592039800995,79
shadow-burnin-v3-r50-tsv2-logging-only-target60-stop60-exit-replay-maxwait66000-r1,R3_SCAMBOT_COORDINATION,1500,-300,30000,validation,1006,0.0705765407554672,0.05632942460500463,-158260,-157.31610337972168,-202.0,-258860,-257.31610337972165,-302.0,0.04771371769383698,0.22365805168986083,0.7286282306163022,0.6958250497017893,67
shadow-burnin-v3-r50-tsv2-logging-only-target60-stop60-exit-replay-maxwait66000-r1,R3_SCAMBOT_COORDINATION,1500,-300,30000,holdout,1012,0.05928853754940711,0.04633705451784273,-177077,-174.97727272727272,-202.0,-278277,-274.97727272727275,-302.0,0.03458498023715415,0.21541501976284586,0.75,0.7144268774703557,74
shadow-burnin-v3-r50-tsv2-logging-only-target60-stop60-exit-replay-maxwait66000-r1,R3_SCAMBOT_COORDINATION,1500,-300,40000,train,1005,0.04975124378109453,0.037939546470400695,-181285,-180.38308457711443,-202.0,-281785,-280.3830845771144,-302.0,0.03283582089552239,0.18706467661691542,0.7800995024875622,0.7572139303482587,79
shadow-burnin-v3-r50-tsv2-logging-only-target60-stop60-exit-replay-maxwait66000-r1,R3_SCAMBOT_COORDINATION,1500,-300,40000,validation,1006,0.073558648111332,0.058998531529829944,-157114,-156.1769383697813,-203.0,-257714,-256.17693836978134,-303.0,0.05168986083499006,0.23658051689860835,0.7117296222664016,0.679920477137177,80
shadow-burnin-v3-r50-tsv2-logging-only-target60-stop60-exit-replay-maxwait66000-r1,R3_SCAMBOT_COORDINATION,1500,-300,40000,holdout,1012,0.06324110671936758,0.04983440015902652,-173528,-171.47035573122528,-202.0,-274728,-271.4703557312253,-302.0,0.041501976284584984,0.23122529644268774,0.7272727272727273,0.6946640316205533,71
shadow-burnin-v3-r50-tsv2-logging-only-target60-stop60-exit-replay-maxwait66000-r1,R3_SCAMBOT_COORDINATION,1500,-500,20000,train,1005,0.04975124378109453,0.037939546470400695,-206241,-205.21492537313432,-202.0,-306741,-305.21492537313435,-302.0,0.027860696517412936,0.13134328358208955,0.8407960199004975,0.8099502487562189,79
shadow-burnin-v3-r50-tsv2-logging-only-target60-stop60-exit-replay-maxwait66000-r1,R3_SCAMBOT_COORDINATION,1500,-500,20000,validation,1006,0.07554671968190854,0.060782165120053924,-188259,-187.1361829025845,-202.0,-288859,-287.1361829025845,-302.0,0.042743538767395624,0.16998011928429424,0.7872763419483101,0.742544731610338,59
shadow-burnin-v3-r50-tsv2-logging-only-target60-stop60-exit-replay-maxwait66000-r1,R3_SCAMBOT_COORDINATION,1500,-500,20000,holdout,1012,0.07213438735177866,0.0577611009096601,-195304,-192.98814229249012,-202.0,-296504,-292.9881422924901,-302.0,0.03162055335968379,0.16205533596837945,0.8063241106719368,0.7519762845849802,44
shadow-burnin-v3-r50-tsv2-logging-only-target60-stop60-exit-replay-maxwait66000-r1,R3_SCAMBOT_COORDINATION,1500,-500,30000,train,1005,0.05472636815920398,0.04228479328085833,-205814,-204.79004975124377,-202.0,-306314,-304.79004975124377,-302.0,0.030845771144278607,0.14328358208955225,0.8258706467661692,0.7950248756218905,75
shadow-burnin-v3-r50-tsv2-logging-only-target60-stop60-exit-replay-maxwait66000-r1,R3_SCAMBOT_COORDINATION,1500,-500,30000,validation,1006,0.07654075546719682,0.061675204933290366,-191932,-190.7872763419483,-202.0,-292532,-290.7872763419483,-302.0,0.04970178926441352,0.18886679920477137,0.7614314115308151,0.7246520874751491,67
shadow-burnin-v3-r50-tsv2-logging-only-target60-stop60-exit-replay-maxwait66000-r1,R3_SCAMBOT_COORDINATION,1500,-500,30000,holdout,1012,0.06719367588932806,0.053348058983364165,-204590,-202.16403162055337,-202.0,-305790,-302.1640316205534,-302.0,0.039525691699604744,0.18181818181818182,0.7786561264822134,0.7401185770750988,53
shadow-burnin-v3-r50-tsv2-logging-only-target60-stop60-exit-replay-maxwait66000-r1,R3_SCAMBOT_COORDINATION,1500,-500,40000,train,1005,0.0527363184079602,0.040542660244456914,-210566,-209.518407960199,-202.0,-311066,-309.518407960199,-302.0,0.03383084577114428,0.1582089552238806,0.8079601990049752,0.7820895522388059,71
shadow-burnin-v3-r50-tsv2-logging-only-target60-stop60-exit-replay-maxwait66000-r1,R3_SCAMBOT_COORDINATION,1500,-500,40000,validation,1006,0.0805168986083499,0.06525518987802316,-190936,-189.7972166998012,-202.0,-291536,-289.7972166998012,-302.0,0.05467196819085487,0.20178926441351888,0.7435387673956262,0.7077534791252486,80
shadow-burnin-v3-r50-tsv2-logging-only-target60-stop60-exit-replay-maxwait66000-r1,R3_SCAMBOT_COORDINATION,1500,-500,40000,holdout,1012,0.07213438735177866,0.0577611009096601,-200729,-198.348814229249,-202.0,-301929,-298.348814229249,-302.0,0.04841897233201581,0.1976284584980237,0.7539525691699605,0.7183794466403162,71
shadow-burnin-v3-r50-tsv2-logging-only-target60-stop60-exit-replay-maxwait66000-r1,R3_SCAMBOT_COORDINATION,1500,-700,20000,train,1005,0.051741293532338306,0.03967357509620874,-228213,-227.0776119402985,-202.0,-328713,-327.0776119402985,-302.0,0.028855721393034824,0.10348258706467661,0.8676616915422886,0.835820895522388,79
shadow-burnin-v3-r50-tsv2-logging-only-target60-stop60-exit-replay-maxwait66000-r1,R3_SCAMBOT_COORDINATION,1500,-700,20000,validation,1006,0.07952286282306163,0.06435904657952694,-216004,-214.71570576540756,-202.0,-316604,-314.71570576540756,-302.0,0.042743538767395624,0.1341948310139165,0.8230616302186878,0.7743538767395626,59
shadow-burnin-v3-r50-tsv2-logging-only-target60-stop60-exit-replay-maxwait66000-r1,R3_SCAMBOT_COORDINATION,1500,-700,20000,holdout,1012,0.07608695652173914,0.061306954110599,-218477,-215.88636363636363,-202.0,-319677,-315.8863636363636,-302.0,0.03359683794466403,0.1373517786561265,0.8290513833992095,0.7727272727272727,44
shadow-burnin-v3-r50-tsv2-logging-only-target60-stop60-exit-replay-maxwait66000-r1,R3_SCAMBOT_COORDINATION,1500,-700,30000,train,1005,0.05870646766169154,0.045784004727661295,-225702,-224.57910447761193,-202.0,-326202,-324.57910447761196,-302.0,0.03383084577114428,0.11243781094527364,0.8537313432835821,0.8218905472636816,75
shadow-burnin-v3-r50-tsv2-logging-only-target60-stop60-exit-replay-maxwait66000-r1,R3_SCAMBOT_COORDINATION,1500,-700,30000,validation,1006,0.08151093439363817,0.06615207657009715,-219584,-218.27435387673955,-202.0,-320184,-318.27435387673955,-302.0,0.05069582504970179,0.15109343936381708,0.7982107355864811,0.7554671968190855,67
shadow-burnin-v3-r50-tsv2-logging-only-target60-stop60-exit-replay-maxwait66000-r1,R3_SCAMBOT_COORDINATION,1500,-700,30000,holdout,1012,0.07015810276679842,0.0559932162520723,-232327,-229.57213438735178,-202.0,-333527,-329.57213438735175,-302.0,0.041501976284584984,0.1541501976284585,0.8043478260869565,0.7638339920948617,53
shadow-burnin-v3-r50-tsv2-logging-only-target60-stop60-exit-replay-maxwait66000-r1,R3_SCAMBOT_COORDINATION,1500,-700,40000,train,1005,0.056716417910447764,0.04403198968860237,-232750,-231.59203980099502,-202.0,-333250,-331.59203980099505,-302.0,0.03681592039800995,0.12736318407960198,0.835820895522388,0.808955223880597,71
shadow-burnin-v3-r50-tsv2-logging-only-target60-stop60-exit-replay-maxwait66000-r1,R3_SCAMBOT_COORDINATION,1500,-700,40000,validation,1006,0.08648111332007952,0.0706472455814367,-219329,-218.02087475149105,-202.0,-319929,-318.0208747514911,-302.0,0.05765407554671968,0.16500994035785288,0.7773359840954275,0.7385685884691849,68
shadow-burnin-v3-r50-tsv2-logging-only-target60-stop60-exit-replay-maxwait66000-r1,R3_SCAMBOT_COORDINATION,1500,-700,40000,holdout,1012,0.07509881422924901,0.06041926846985316,-230345,-227.61363636363637,-202.0,-331545,-327.6136363636364,-302.0,0.05138339920948617,0.17094861660079053,0.7776679841897233,0.741106719367589,71
shadow-burnin-v3-r50-tsv2-logging-only-target60-stop60-exit-replay-maxwait66000-r1,R3_SCAMBOT_COORDINATION,1500,-1000,20000,train,1005,0.05373134328358209,0.04141307769213954,-253864,-252.60099502487563,-202.0,-354364,-352.6009950248756,-302.0,0.029850746268656716,0.09253731343283582,0.8776119402985074,0.844776119402985,79
shadow-burnin-v3-r50-tsv2-logging-only-target60-stop60-exit-replay-maxwait66000-r1,R3_SCAMBOT_COORDINATION,1500,-1000,20000,validation,1006,0.08349900596421471,0.06794803162409113,-245810,-244.34393638170974,-202.0,-346410,-344.34393638170974,-302.0,0.0437375745526839,0.1172962226640159,0.8389662027833003,0.7872763419483101,59
shadow-burnin-v3-r50-tsv2-logging-only-target60-stop60-exit-replay-maxwait66000-r1,R3_SCAMBOT_COORDINATION,1500,-1000,20000,holdout,1012,0.0800395256916996,0.06486547023463733,-248223,-245.27964426877472,-202.0,-349423,-345.2796442687747,-302.0,0.03557312252964427,0.12154150197628459,0.8428853754940712,0.7845849802371542,44
shadow-burnin-v3-r50-tsv2-logging-only-target60-stop60-exit-replay-maxwait66000-r1,R3_SCAMBOT_COORDINATION,1500,-1000,30000,train,1005,0.06069651741293532,0.04754061373290056,-252568,-251.31144278606965,-202.0,-353068,-351.3114427860697,-302.0,0.03482587064676617,0.09751243781094528,0.8676616915422886,0.8348258706467662,75
shadow-burnin-v3-r50-tsv2-logging-only-target60-stop60-exit-replay-maxwait66000-r1,R3_SCAMBOT_COORDINATION,1500,-1000,30000,validation,1006,0.08548707753479125,0.06974681822112674,-251823,-250.32107355864812,-202.0,-352423,-350.3210735586481,-302.0,0.05268389662027833,0.13518886679920478,0.8121272365805169,0.7673956262425448,59
shadow-burnin-v3-r50-tsv2-logging-only-target60-stop60-exit-replay-maxwait66000-r1,R3_SCAMBOT_COORDINATION,1500,-1000,30000,holdout,1012,0.0741106719367589,0.059532387883075064,-265132,-261.9881422924901,-202.0,-366332,-361.9881422924901,-302.0,0.044466403162055336,0.1373517786561265,0.8181818181818182,0.7766798418972332,44
shadow-burnin-v3-r50-tsv2-logging-only-target60-stop60-exit-replay-maxwait66000-r1,R3_SCAMBOT_COORDINATION,1500,-1000,40000,train,1005,0.05870646766169154,0.045784004727661295,-262174,-260.8696517412935,-202.0,-362674,-360.8696517412935,-302.0,0.03781094527363184,0.10646766169154229,0.8557213930348259,0.8278606965174129,71
shadow-burnin-v3-r50-tsv2-logging-only-target60-stop60-exit-replay-maxwait66000-r1,R3_SCAMBOT_COORDINATION,1500,-1000,40000,validation,1006,0.09145129224652088,0.07515930900285411,-254032,-252.5168986083499,-202.0,-354632,-352.5168986083499,-302.0,0.061630218687872766,0.147117296222664,0.7912524850894632,0.7514910536779325,68
shadow-burnin-v3-r50-tsv2-logging-only-target60-stop60-exit-replay-maxwait66000-r1,R3_SCAMBOT_COORDINATION,1500,-1000,40000,holdout,1012,0.07905138339920949,0.06397470179830217,-267727,-264.552371541502,-202.0,-368927,-364.552371541502,-302.0,0.05533596837944664,0.15118577075098813,0.7934782608695652,0.7559288537549407,71
shadow-burnin-v3-r50-tsv2-logging-only-target60-stop60-exit-replay-maxwait66000-r1,R3_SCAMBOT_COORDINATION,2000,-300,20000,train,1005,0.046766169154228855,0.03534944815667929,-173524,-172.66069651741293,-202.0,-274024,-272.66069651741293,-302.0,0.01791044776119403,0.1562189054726368,0.8258706467661692,0.7890547263681592,115
shadow-burnin-v3-r50-tsv2-logging-only-target60-stop60-exit-replay-maxwait66000-r1,R3_SCAMBOT_COORDINATION,2000,-300,20000,validation,1006,0.06759443339960239,0.053668323908262684,-151346,-150.44333996023857,-202.0,-251946,-250.44333996023857,-302.0,0.02286282306163022,0.20178926441351888,0.7753479125248509,0.7186878727634195,75
shadow-burnin-v3-r50-tsv2-logging-only-target60-stop60-exit-replay-maxwait66000-r1,R3_SCAMBOT_COORDINATION,2000,-300,20000,holdout,1012,0.06324110671936758,0.04983440015902652,-165798,-163.8320158102767,-202.0,-266998,-263.8320158102767,-302.0,0.016798418972332016,0.19367588932806323,0.7895256916996047,0.7302371541501976,44
shadow-burnin-v3-r50-tsv2-logging-only-target60-stop60-exit-replay-maxwait66000-r1,R3_SCAMBOT_COORDINATION,2000,-300,30000,train,1005,0.04776119402985075,0.0362112992206177,-175136,-174.2646766169154,-202.0,-275636,-274.26467661691544,-302.0,0.020895522388059702,0.1781094527363184,0.8009950248756219,0.7681592039800995,89
shadow-burnin-v3-r50-tsv2-logging-only-target60-stop60-exit-replay-maxwait66000-r1,R3_SCAMBOT_COORDINATION,2000,-300,30000,validation,1006,0.0636182902584493,0.05013349440714296,-154203,-153.28330019880715,-202.0,-254803,-253.28330019880715,-302.0,0.03180914512922465,0.23061630218687873,0.7375745526838966,0.6958250497017893,75
shadow-burnin-v3-r50-tsv2-logging-only-target60-stop60-exit-replay-maxwait66000-r1,R3_SCAMBOT_COORDINATION,2000,-300,30000,holdout,1012,0.05731225296442688,0.044594964846500745,-170734,-168.7094861660079,-202.0,-271934,-268.7094861660079,-302.0,0.023715415019762844,0.21739130434782608,0.758893280632411,0.7144268774703557,74
shadow-burnin-v3-r50-tsv2-logging-only-target60-stop60-exit-replay-maxwait66000-r1,R3_SCAMBOT_COORDINATION,2000,-300,40000,train,1005,0.04477611940298507,0.033630519454657906,-178438,-177.5502487562189,-202.0,-278938,-277.5502487562189,-302.0,0.022885572139303482,0.19203980099502488,0.7850746268656716,0.7572139303482587,85
shadow-burnin-v3-r50-tsv2-logging-only-target60-stop60-exit-replay-maxwait66000-r1,R3_SCAMBOT_COORDINATION,2000,-300,40000,validation,1006,0.06660039761431412,0.052783152266110626,-152504,-151.5944333996024,-203.5,-253104,-251.5944333996024,-303.5,0.036779324055666,0.24353876739562624,0.7196819085487077,0.679920477137177,96
shadow-burnin-v3-r50-tsv2-logging-only-target60-stop60-exit-replay-maxwait66000-r1,R3_SCAMBOT_COORDINATION,2000,-300,40000,holdout,1012,0.05928853754940711,0.04633705451784273,-165811,-163.84486166007906,-202.0,-267011,-263.84486166007906,-302.0,0.03260869565217391,0.2341897233201581,0.733201581027668,0.6946640316205533,71
shadow-burnin-v3-r50-tsv2-logging-only-target60-stop60-exit-replay-maxwait66000-r1,R3_SCAMBOT_COORDINATION,2000,-500,20000,train,1005,0.04776119402985075,0.0362112992206177,-199085,-198.09452736318408,-202.0,-299585,-298.09452736318406,-302.0,0.01890547263681592,0.13333333333333333,0.8477611940298507,0.8099502487562189,115
shadow-burnin-v3-r50-tsv2-logging-only-target60-stop60-exit-replay-maxwait66000-r1,R3_SCAMBOT_COORDINATION,2000,-500,20000,validation,1006,0.0705765407554672,0.05632942460500463,-185510,-184.40357852882704,-202.0,-286110,-284.40357852882704,-302.0,0.02286282306163022,0.1749502982107356,0.8021868787276342,0.742544731610338,75
shadow-burnin-v3-r50-tsv2-logging-only-target60-stop60-exit-replay-maxwait66000-r1,R3_SCAMBOT_COORDINATION,2000,-500,20000,holdout,1012,0.07015810276679842,0.0559932162520723,-189926,-187.67391304347825,-202.0,-291126,-287.67391304347825,-302.0,0.018774703557312252,0.16304347826086957,0.8181818181818182,0.7519762845849802,44
shadow-burnin-v3-r50-tsv2-logging-only-target60-stop60-exit-replay-maxwait66000-r1,R3_SCAMBOT_COORDINATION,2000,-500,30000,train,1005,0.04975124378109453,0.037939546470400695,-203481,-202.4686567164179,-202.0,-303981,-302.4686567164179,-302.0,0.021890547263681594,0.1482587064676617,0.8298507462686567,0.7950248756218905,89
shadow-burnin-v3-r50-tsv2-logging-only-target60-stop60-exit-replay-maxwait66000-r1,R3_SCAMBOT_COORDINATION,2000,-500,30000,validation,1006,0.06958250497017893,0.05544147843096302,-188403,-187.279324055666,-202.0,-289003,-287.279324055666,-302.0,0.032803180914512925,0.19582504970178927,0.7713717693836978,0.7246520874751491,75
shadow-burnin-v3-r50-tsv2-logging-only-target60-stop60-exit-replay-maxwait66000-r1,R3_SCAMBOT_COORDINATION,2000,-500,30000,holdout,1012,0.06422924901185771,0.05071133984579376,-198647,-196.2915019762846,-202.0,-299847,-296.29150197628456,-302.0,0.02766798418972332,0.18478260869565216,0.7875494071146245,0.7401185770750988,59
shadow-burnin-v3-r50-tsv2-logging-only-target60-stop60-exit-replay-maxwait66000-r1,R3_SCAMBOT_COORDINATION,2000,-500,40000,train,1005,0.04776119402985075,0.0362112992206177,-208219,-207.1830845771144,-202.0,-308719,-307.1830845771144,-302.0,0.023880597014925373,0.16318407960199005,0.8129353233830846,0.7820895522388059,85
shadow-burnin-v3-r50-tsv2-logging-only-target60-stop60-exit-replay-maxwait66000-r1,R3_SCAMBOT_COORDINATION,2000,-500,40000,validation,1006,0.073558648111332,0.058998531529829944,-186226,-185.11530815109344,-203.0,-286826,-285.1153081510934,-303.0,0.039761431411530816,0.20874751491053678,0.7514910536779325,0.7077534791252486,96
shadow-burnin-v3-r50-tsv2-logging-only-target60-stop60-exit-replay-maxwait66000-r1,R3_SCAMBOT_COORDINATION,2000,-500,40000,holdout,1012,0.06719367588932806,0.053348058983364165,-193274,-190.9822134387352,-202.0,-294474,-290.9822134387352,-302.0,0.036561264822134384,0.2015810276679842,0.7618577075098815,0.7183794466403162,71
shadow-burnin-v3-r50-tsv2-logging-only-target60-stop60-exit-replay-maxwait66000-r1,R3_SCAMBOT_COORDINATION,2000,-700,20000,train,1005,0.04975124378109453,0.037939546470400695,-220957,-219.85771144278607,-202.0,-321457,-319.85771144278607,-302.0,0.01990049751243781,0.1054726368159204,0.8746268656716418,0.835820895522388,115
shadow-burnin-v3-r50-tsv2-logging-only-target60-stop60-exit-replay-maxwait66000-r1,R3_SCAMBOT_COORDINATION,2000,-700,20000,validation,1006,0.07455268389662027,0.05988993574298194,-214072,-212.7952286282306,-202.0,-314672,-312.79522862823063,-302.0,0.02286282306163022,0.13817097415506957,0.8389662027833003,0.7753479125248509,75
shadow-burnin-v3-r50-tsv2-logging-only-target60-stop60-exit-replay-maxwait66000-r1,R3_SCAMBOT_COORDINATION,2000,-700,20000,holdout,1012,0.0741106719367589,0.059532387883075064,-212299,-209.7816205533597,-202.0,-313499,-309.7816205533597,-302.0,0.020750988142292492,0.1383399209486166,0.8409090909090909,0.7727272727272727,44
shadow-burnin-v3-r50-tsv2-logging-only-target60-stop60-exit-replay-maxwait66000-r1,R3_SCAMBOT_COORDINATION,2000,-700,30000,train,1005,0.05373134328358209,0.04141307769213954,-222672,-221.5641791044776,-202.0,-323172,-321.5641791044776,-302.0,0.024875621890547265,0.11641791044776119,0.8587064676616916,0.8228855721393035,89
shadow-burnin-v3-r50-tsv2-logging-only-target60-stop60-exit-replay-maxwait66000-r1,R3_SCAMBOT_COORDINATION,2000,-700,30000,validation,1006,0.07455268389662027,0.05988993574298194,-218033,-216.73260437375745,-202.0,-318633,-316.73260437375745,-302.0,0.032803180914512925,0.15705765407554673,0.8101391650099403,0.7564612326043738,75
shadow-burnin-v3-r50-tsv2-logging-only-target60-stop60-exit-replay-maxwait66000-r1,R3_SCAMBOT_COORDINATION,2000,-700,30000,holdout,1012,0.06818181818181818,0.05422886549322229,-224983,-222.31521739130434,-202.0,-326183,-322.3152173913044,-302.0,0.029644268774703556,0.15612648221343872,0.8142292490118577,0.7638339920948617,59
shadow-burnin-v3-r50-tsv2-logging-only-target60-stop60-exit-replay-maxwait66000-r1,R3_SCAMBOT_COORDINATION,2000,-700,40000,train,1005,0.0527363184079602,0.040542660244456914,-227203,-226.0726368159204,-202.0,-327703,-326.0726368159204,-302.0,0.027860696517412936,0.13134328358208955,0.8407960199004975,0.808955223880597,85
shadow-burnin-v3-r50-tsv2-logging-only-target60-stop60-exit-replay-maxwait66000-r1,R3_SCAMBOT_COORDINATION,2000,-700,40000,validation,1006,0.07952286282306163,0.06435904657952694,-215598,-214.31212723658052,-202.0,-316198,-314.3121272365805,-302.0,0.041749502982107355,0.17196819085487078,0.7862823061630219,0.7385685884691849,68
shadow-burnin-v3-r50-tsv2-logging-only-target60-stop60-exit-replay-maxwait66000-r1,R3_SCAMBOT_COORDINATION,2000,-700,40000,holdout,1012,0.07015810276679842,0.0559932162520723,-222801,-220.1590909090909,-202.0,-324001,-320.15909090909093,-302.0,0.038537549407114624,0.17391304347826086,0.7875494071146245,0.7420948616600791,71
shadow-burnin-v3-r50-tsv2-logging-only-target60-stop60-exit-replay-maxwait66000-r1,R3_SCAMBOT_COORDINATION,2000,-1000,20000,train,1005,0.050746268656716415,0.03880585801190304,-249708,-248.46567164179103,-202.0,-350208,-348.46567164179106,-302.0,0.01990049751243781,0.0955223880597015,0.8845771144278607,0.844776119402985,115
shadow-burnin-v3-r50-tsv2-logging-only-target60-stop60-exit-replay-maxwait66000-r1,R3_SCAMBOT_COORDINATION,2000,-1000,20000,validation,1006,0.07852882703777336,0.06346365926634683,-243933,-242.47813121272367,-202.0,-344533,-342.47813121272367,-302.0,0.02385685884691849,0.12027833001988071,0.8558648111332008,0.7892644135188867,75
shadow-burnin-v3-r50-tsv2-logging-only-target60-stop60-exit-replay-maxwait66000-r1,R3_SCAMBOT_COORDINATION,2000,-1000,20000,holdout,1012,0.07806324110671936,0.06308468429557716,-240733,-237.87845849802372,-202.0,-341933,-337.8784584980237,-302.0,0.022727272727272728,0.12154150197628459,0.8557312252964426,0.7855731225296443,44
shadow-burnin-v3-r50-tsv2-logging-only-target60-stop60-exit-replay-maxwait66000-r1,R3_SCAMBOT_COORDINATION,2000,-1000,30000,train,1005,0.05472636815920398,0.04228479328085833,-253238,-251.9781094527363,-202.0,-353738,-351.9781094527363,-302.0,0.024875621890547265,0.10248756218905472,0.872636815920398,0.835820895522388,89
shadow-burnin-v3-r50-tsv2-logging-only-target60-stop60-exit-replay-maxwait66000-r1,R3_SCAMBOT_COORDINATION,2000,-1000,30000,validation,1006,0.07852882703777336,0.06346365926634683,-251456,-249.9562624254473,-202.0,-352056,-349.95626242544733,-302.0,0.033797216699801194,0.1411530815109344,0.8250497017892644,0.768389662027833,75
shadow-burnin-v3-r50-tsv2-logging-only-target60-stop60-exit-replay-maxwait66000-r1,R3_SCAMBOT_COORDINATION,2000,-1000,30000,holdout,1012,0.07312252964426877,0.058646326988659195,-255013,-251.9891304347826,-202.0,-356213,-351.9891304347826,-302.0,0.03260869565217391,0.1383399209486166,0.8290513833992095,0.7766798418972332,59
shadow-burnin-v3-r50-tsv2-logging-only-target60-stop60-exit-replay-maxwait66000-r1,R3_SCAMBOT_COORDINATION,2000,-1000,40000,train,1005,0.05373134328358209,0.04141307769213954,-260327,-259.0318407960199,-202.0,-360827,-359.0318407960199,-302.0,0.027860696517412936,0.11144278606965174,0.8606965174129353,0.8278606965174129,85
shadow-burnin-v3-r50-tsv2-logging-only-target60-stop60-exit-replay-maxwait66000-r1,R3_SCAMBOT_COORDINATION,2000,-1000,40000,validation,1006,0.08449304174950298,0.06884707661304636,-251566,-250.06560636182903,-202.0,-352166,-350.065606361829,-302.0,0.04473161033797217,0.15308151093439365,0.8021868787276342,0.7524850894632207,68
shadow-burnin-v3-r50-tsv2-logging-only-target60-stop60-exit-replay-maxwait66000-r1,R3_SCAMBOT_COORDINATION,2000,-1000,40000,holdout,1012,0.07509881422924901,0.06041926846985316,-257321,-254.2697628458498,-202.0,-358521,-354.2697628458498,-302.0,0.042490118577075096,0.15316205533596838,0.8043478260869565,0.7569169960474308,71
shadow-burnin-v3-r50-tsv2-logging-only-target60-stop60-exit-replay-maxwait66000-r1,R3_SCAMBOT_COORDINATION,2500,-300,20000,train,1005,0.046766169154228855,0.03534944815667929,-166403,-165.57512437810945,-202.0,-266903,-265.5751243781095,-302.0,0.014925373134328358,0.1562189054726368,0.8288557213930349,0.7890547263681592,115
shadow-burnin-v3-r50-tsv2-logging-only-target60-stop60-exit-replay-maxwait66000-r1,R3_SCAMBOT_COORDINATION,2500,-300,20000,validation,1006,0.06759443339960239,0.053668323908262684,-141253,-140.41053677932405,-202.0,-241853,-240.41053677932405,-302.0,0.019880715705765408,0.20178926441351888,0.7783300198807157,0.7186878727634195,75
shadow-burnin-v3-r50-tsv2-logging-only-target60-stop60-exit-replay-maxwait66000-r1,R3_SCAMBOT_COORDINATION,2500,-300,20000,holdout,1012,0.06225296442687747,0.04895847900028694,-163561,-161.62154150197628,-202.0,-264761,-261.6215415019763,-302.0,0.010869565217391304,0.19367588932806323,0.7954545454545454,0.7312252964426877,44
shadow-burnin-v3-r50-tsv2-logging-only-target60-stop60-exit-replay-maxwait66000-r1,R3_SCAMBOT_COORDINATION,2500,-300,30000,train,1005,0.04776119402985075,0.0362112992206177,-166401,-165.5731343283582,-202.0,-266901,-265.5731343283582,-302.0,0.01890547263681592,0.1781094527363184,0.8029850746268656,0.7681592039800995,89
shadow-burnin-v3-r50-tsv2-logging-only-target60-stop60-exit-replay-maxwait66000-r1,R3_SCAMBOT_COORDINATION,2500,-300,30000,validation,1006,0.0636182902584493,0.05013349440714296,-140176,-139.33996023856858,-202.0,-240776,-239.33996023856858,-302.0,0.0268389662027833,0.23061630218687873,0.742544731610338,0.6958250497017893,75
shadow-burnin-v3-r50-tsv2-logging-only-target60-stop60-exit-replay-maxwait66000-r1,R3_SCAMBOT_COORDINATION,2500,-300,30000,holdout,1012,0.05632411067193676,0.04372565661264275,-162522,-160.59486166007906,-202.0,-263722,-260.59486166007906,-302.0,0.019762845849802372,0.21739130434782608,0.7628458498023716,0.7154150197628458,74
shadow-burnin-v3-r50-tsv2-logging-only-target60-stop60-exit-replay-maxwait66000-r1,R3_SCAMBOT_COORDINATION,2500,-300,40000,train,1005,0.04477611940298507,0.033630519454657906,-169071,-168.22985074626865,-202.0,-269571,-268.22985074626865,-302.0,0.01990049751243781,0.19203980099502488,0.7880597014925373,0.7572139303482587,85
shadow-burnin-v3-r50-tsv2-logging-only-target60-stop60-exit-replay-maxwait66000-r1,R3_SCAMBOT_COORDINATION,2500,-300,40000,validation,1006,0.06660039761431412,0.052783152266110626,-137409,-136.58946322067595,-203.5,-238009,-236.58946322067595,-303.5,0.030815109343936383,0.24353876739562624,0.7256461232604374,0.679920477137177,96
shadow-burnin-v3-r50-tsv2-logging-only-target60-stop60-exit-replay-maxwait66000-r1,R3_SCAMBOT_COORDINATION,2500,-300,40000,holdout,1012,0.058300395256917,0.0454654399089623,-156584,-154.72727272727272,-202.0,-257784,-254.72727272727272,-302.0,0.024703557312252964,0.2341897233201581,0.741106719367589,0.6956521739130435,71
shadow-burnin-v3-r50-tsv2-logging-only-target60-stop60-exit-replay-maxwait66000-r1,R3_SCAMBOT_COORDINATION,2500,-500,20000,train,1005,0.04776119402985075,0.0362112992206177,-191464,-190.51144278606967,-202.0,-291964,-290.51144278606967,-302.0,0.015920398009950248,0.13333333333333333,0.8507462686567164,0.8099502487562189,115
shadow-burnin-v3-r50-tsv2-logging-only-target60-stop60-exit-replay-maxwait66000-r1,R3_SCAMBOT_COORDINATION,2500,-500,20000,validation,1006,0.0705765407554672,0.05632942460500463,-175417,-174.3707753479125,-202.0,-276017,-274.3707753479125,-302.0,0.019880715705765408,0.1749502982107356,0.805168986083499,0.742544731610338,75
shadow-burnin-v3-r50-tsv2-logging-only-target60-stop60-exit-replay-maxwait66000-r1,R3_SCAMBOT_COORDINATION,2500,-500,20000,holdout,1012,0.0691699604743083,0.05511059055590134,-186689,-184.47529644268775,-202.0,-287889,-284.47529644268775,-302.0,0.012845849802371542,0.16304347826086957,0.8241106719367589,0.7529644268774703,44
shadow-burnin-v3-r50-tsv2-logging-only-target60-stop60-exit-replay-maxwait66000-r1,R3_SCAMBOT_COORDINATION,2500,-500,30000,train,1005,0.04975124378109453,0.037939546470400695,-194246,-193.27960199004974,-202.0,-294746,-293.27960199004974,-302.0,0.01990049751243781,0.1482587064676617,0.8318407960199005,0.7950248756218905,89
shadow-burnin-v3-r50-tsv2-logging-only-target60-stop60-exit-replay-maxwait66000-r1,R3_SCAMBOT_COORDINATION,2500,-500,30000,validation,1006,0.06958250497017893,0.05544147843096302,-173876,-172.8389662027833,-202.0,-274476,-272.8389662027833,-302.0,0.027833001988071572,0.19582504970178927,0.7763419483101391,0.7246520874751491,75
shadow-burnin-v3-r50-tsv2-logging-only-target60-stop60-exit-replay-maxwait66000-r1,R3_SCAMBOT_COORDINATION,2500,-500,30000,holdout,1012,0.06324110671936758,0.04983440015902652,-189073,-186.8310276679842,-202.0,-290273,-286.8310276679842,-302.0,0.022727272727272728,0.18478260869565216,0.7924901185770751,0.741106719367589,59
shadow-burnin-v3-r50-tsv2-logging-only-target60-stop60-exit-replay-maxwait66000-r1,R3_SCAMBOT_COORDINATION,2500,-500,40000,train,1005,0.04776119402985075,0.0362112992206177,-198352,-197.36517412935322,-202.0,-298852,-297.36517412935325,-302.0,0.020895522388059702,0.16318407960199005,0.8159203980099502,0.7820895522388059,85
shadow-burnin-v3-r50-tsv2-logging-only-target60-stop60-exit-replay-maxwait66000-r1,R3_SCAMBOT_COORDINATION,2500,-500,40000,validation,1006,0.073558648111332,0.058998531529829944,-169903,-168.889662027833,-203.0,-270503,-268.889662027833,-303.0,0.032803180914512925,0.20874751491053678,0.7584493041749503,0.7077534791252486,96
shadow-burnin-v3-r50-tsv2-logging-only-target60-stop60-exit-replay-maxwait66000-r1,R3_SCAMBOT_COORDINATION,2500,-500,40000,holdout,1012,0.06620553359683795,0.05246818959102442,-183080,-180.9090909090909,-202.0,-284280,-280.90909090909093,-302.0,0.02766798418972332,0.2015810276679842,0.7707509881422925,0.7193675889328063,71
shadow-burnin-v3-r50-tsv2-logging-only-target60-stop60-exit-replay-maxwait66000-r1,R3_SCAMBOT_COORDINATION,2500,-700,20000,train,1005,0.04975124378109453,0.037939546470400695,-212836,-211.7771144278607,-202.0,-313336,-311.7771144278607,-302.0,0.01691542288557214,0.1054726368159204,0.8776119402985074,0.835820895522388,115
shadow-burnin-v3-r50-tsv2-logging-only-target60-stop60-exit-replay-maxwait66000-r1,R3_SCAMBOT_COORDINATION,2500,-700,20000,validation,1006,0.07455268389662027,0.05988993574298194,-203979,-202.7624254473161,-202.0,-304579,-302.7624254473161,-302.0,0.019880715705765408,0.13817097415506957,0.841948310139165,0.7753479125248509,75
shadow-burnin-v3-r50-tsv2-logging-only-target60-stop60-exit-replay-maxwait66000-r1,R3_SCAMBOT_COORDINATION,2500,-700,20000,holdout,1012,0.07312252964426877,0.058646326988659195,-208678,-206.20355731225297,-202.0,-309878,-306.20355731225294,-302.0,0.01383399209486166,0.1383399209486166,0.8478260869565217,0.7737154150197628,44
shadow-burnin-v3-r50-tsv2-logging-only-target60-stop60-exit-replay-maxwait66000-r1,R3_SCAMBOT_COORDINATION,2500,-700,30000,train,1005,0.05373134328358209,0.04141307769213954,-212102,-211.04676616915424,-202.0,-312602,-311.04676616915424,-302.0,0.021890547263681594,0.11641791044776119,0.8616915422885573,0.8228855721393035,89
shadow-burnin-v3-r50-tsv2-logging-only-target60-stop60-exit-replay-maxwait66000-r1,R3_SCAMBOT_COORDINATION,2500,-700,30000,validation,1006,0.07455268389662027,0.05988993574298194,-203506,-202.29224652087476,-202.0,-304106,-302.29224652087476,-302.0,0.027833001988071572,0.15705765407554673,0.8151093439363817,0.7564612326043738,75
shadow-burnin-v3-r50-tsv2-logging-only-target60-stop60-exit-replay-maxwait66000-r1,R3_SCAMBOT_COORDINATION,2500,-700,30000,holdout,1012,0.06719367588932806,0.053348058983364165,-214409,-211.86660079051384,-202.0,-315609,-311.8666007905138,-302.0,0.024703557312252964,0.15612648221343872,0.8191699604743083,0.7648221343873518,59
shadow-burnin-v3-r50-tsv2-logging-only-target60-stop60-exit-replay-maxwait66000-r1,R3_SCAMBOT_COORDINATION,2500,-700,40000,train,1005,0.0527363184079602,0.040542660244456914,-215336,-214.2646766169154,-202.0,-315836,-314.26467661691544,-302.0,0.024875621890547265,0.13134328358208955,0.8437810945273632,0.808955223880597,85
shadow-burnin-v3-r50-tsv2-logging-only-target60-stop60-exit-replay-maxwait66000-r1,R3_SCAMBOT_COORDINATION,2500,-700,40000,validation,1006,0.07952286282306163,0.06435904657952694,-198275,-197.0924453280318,-202.0,-298875,-297.09244532803183,-302.0,0.03479125248508946,0.17196819085487078,0.7932405566600398,0.7385685884691849,68
shadow-burnin-v3-r50-tsv2-logging-only-target60-stop60-exit-replay-maxwait66000-r1,R3_SCAMBOT_COORDINATION,2500,-700,40000,holdout,1012,0.0691699604743083,0.05511059055590134,-211607,-209.09782608695653,-202.0,-312807,-309.0978260869565,-302.0,0.029644268774703556,0.17391304347826086,0.7964426877470355,0.7430830039525692,71
shadow-burnin-v3-r50-tsv2-logging-only-target60-stop60-exit-replay-maxwait66000-r1,R3_SCAMBOT_COORDINATION,2500,-1000,20000,train,1005,0.050746268656716415,0.03880585801190304,-241587,-240.38507462686567,-202.0,-342087,-340.3850746268657,-302.0,0.01691542288557214,0.0955223880597015,0.8875621890547264,0.844776119402985,115
shadow-burnin-v3-r50-tsv2-logging-only-target60-stop60-exit-replay-maxwait66000-r1,R3_SCAMBOT_COORDINATION,2500,-1000,20000,validation,1006,0.07852882703777336,0.06346365926634683,-233340,-231.94831013916502,-202.0,-333940,-331.948310139165,-302.0,0.020874751491053677,0.12027833001988071,0.8588469184890656,0.7892644135188867,75
shadow-burnin-v3-r50-tsv2-logging-only-target60-stop60-exit-replay-maxwait66000-r1,R3_SCAMBOT_COORDINATION,2500,-1000,20000,holdout,1012,0.07707509881422925,0.06219543063001812,-236112,-233.31225296442688,-202.0,-337312,-333.3122529644269,-302.0,0.015810276679841896,0.12154150197628459,0.8626482213438735,0.7865612648221344,44
shadow-burnin-v3-r50-tsv2-logging-only-target60-stop60-exit-replay-maxwait66000-r1,R3_SCAMBOT_COORDINATION,2500,-1000,30000,train,1005,0.05472636815920398,0.04228479328085833,-242668,-241.46069651741294,-202.0,-343168,-341.46069651741294,-302.0,0.021890547263681594,0.10248756218905472,0.8756218905472637,0.835820895522388,89
shadow-burnin-v3-r50-tsv2-logging-only-target60-stop60-exit-replay-maxwait66000-r1,R3_SCAMBOT_COORDINATION,2500,-1000,30000,validation,1006,0.07852882703777336,0.06346365926634683,-236429,-235.01888667992048,-202.0,-337029,-335.01888667992046,-302.0,0.02882703777335984,0.1411530815109344,0.8300198807157058,0.768389662027833,75
shadow-burnin-v3-r50-tsv2-logging-only-target60-stop60-exit-replay-maxwait66000-r1,R3_SCAMBOT_COORDINATION,2500,-1000,30000,holdout,1012,0.07213438735177866,0.0577611009096601,-242939,-240.0583003952569,-202.0,-344139,-340.05830039525694,-302.0,0.02766798418972332,0.1383399209486166,0.83399209486166,0.7776679841897233,59
shadow-burnin-v3-r50-tsv2-logging-only-target60-stop60-exit-replay-maxwait66000-r1,R3_SCAMBOT_COORDINATION,2500,-1000,40000,train,1005,0.05373134328358209,0.04141307769213954,-248460,-247.22388059701493,-202.0,-348960,-347.2238805970149,-302.0,0.024875621890547265,0.11144278606965174,0.863681592039801,0.8278606965174129,85
shadow-burnin-v3-r50-tsv2-logging-only-target60-stop60-exit-replay-maxwait66000-r1,R3_SCAMBOT_COORDINATION,2500,-1000,40000,validation,1006,0.08449304174950298,0.06884707661304636,-233137,-231.7465208747515,-202.0,-333737,-331.74652087475147,-302.0,0.036779324055666,0.15308151093439365,0.8101391650099403,0.7524850894632207,68
shadow-burnin-v3-r50-tsv2-logging-only-target60-stop60-exit-replay-maxwait66000-r1,R3_SCAMBOT_COORDINATION,2500,-1000,40000,holdout,1012,0.0741106719367589,0.059532387883075064,-244127,-241.2322134387352,-202.0,-345327,-341.2322134387352,-302.0,0.03359683794466403,0.15316205533596838,0.8132411067193676,0.7579051383399209,71
shadow-burnin-v3-r50-tsv2-logging-only-target60-stop60-exit-replay-maxwait66000-r1,R4_MARKUP_WITH_DUMP_RISK,1000,-300,20000,train,284,0.14084507042253522,0.10516712138830321,-37068,-130.5211267605634,-208.0,-65468,-230.5211267605634,-308.0,0.09507042253521127,0.28169014084507044,0.6232394366197183,0.573943661971831,30
shadow-burnin-v3-r50-tsv2-logging-only-target60-stop60-exit-replay-maxwait66000-r1,R4_MARKUP_WITH_DUMP_RISK,1000,-300,20000,validation,333,0.17417417417417416,0.1372183784071531,-35461,-106.48948948948949,-209.0,-68761,-206.4894894894895,-309.0,0.14714714714714713,0.40540540540540543,0.44744744744744747,0.4084084084084084,19
shadow-burnin-v3-r50-tsv2-logging-only-target60-stop60-exit-replay-maxwait66000-r1,R4_MARKUP_WITH_DUMP_RISK,1000,-300,20000,holdout,366,0.15846994535519127,0.12463104533876662,-53906,-147.28415300546447,-248.0,-90506,-247.28415300546447,-348.0,0.09562841530054644,0.47540983606557374,0.42896174863387976,0.3442622950819672,24
shadow-burnin-v3-r50-tsv2-logging-only-target60-stop60-exit-replay-maxwait66000-r1,R4_MARKUP_WITH_DUMP_RISK,1000,-300,30000,train,284,0.15845070422535212,0.12057836050244464,-31125,-109.59507042253522,-209.0,-59525,-209.5950704225352,-309.0,0.1267605633802817,0.3204225352112676,0.5528169014084507,0.5176056338028169,30
shadow-burnin-v3-r50-tsv2-logging-only-target60-stop60-exit-replay-maxwait66000-r1,R4_MARKUP_WITH_DUMP_RISK,1000,-300,30000,validation,333,0.17117117117117117,0.13452302236020316,-37483,-112.56156156156156,-211.0,-70783,-212.56156156156158,-311.0,0.15315315315315314,0.43843843843843844,0.4084084084084084,0.3813813813813814,19
shadow-burnin-v3-r50-tsv2-logging-only-target60-stop60-exit-replay-maxwait66000-r1,R4_MARKUP_WITH_DUMP_RISK,1000,-300,30000,holdout,366,0.14754098360655737,0.11487320112948161,-57553,-157.2486338797814,-400.0,-94153,-257.24863387978144,-500.0,0.11202185792349727,0.5191256830601093,0.36885245901639346,0.319672131147541,25
shadow-burnin-v3-r50-tsv2-logging-only-target60-stop60-exit-replay-maxwait66000-r1,R4_MARKUP_WITH_DUMP_RISK,1000,-300,40000,train,284,0.16549295774647887,0.12679420814501308,-27723,-97.61619718309859,-209.0,-56123,-197.6161971830986,-309.0,0.15492957746478872,0.33098591549295775,0.5140845070422535,0.5,30
shadow-burnin-v3-r50-tsv2-logging-only-target60-stop60-exit-replay-maxwait66000-r1,R4_MARKUP_WITH_DUMP_RISK,1000,-300,40000,validation,333,0.18618618618618618,0.14804206467975872,-32279,-96.93393393393393,-212.0,-65579,-196.93393393393393,-312.0,0.16516516516516516,0.45045045045045046,0.3843843843843844,0.35435435435435436,19
shadow-burnin-v3-r50-tsv2-logging-only-target60-stop60-exit-replay-maxwait66000-r1,R4_MARKUP_WITH_DUMP_RISK,1000,-300,40000,holdout,366,0.15300546448087432,0.11974416691679478,-56564,-154.54644808743168,-400.0,-93164,-254.54644808743168,-500.0,0.12295081967213115,0.5409836065573771,0.3360655737704918,0.2978142076502732,19
shadow-burnin-v3-r50-tsv2-logging-only-target60-stop60-exit-replay-maxwait66000-r1,R4_MARKUP_WITH_DUMP_RISK,1000,-500,20000,train,284,0.14084507042253522,0.10516712138830321,-51353,-180.82042253521126,-208.0,-79753,-280.82042253521126,-308.0,0.09507042253521127,0.25,0.6549295774647887,0.602112676056338,30
shadow-burnin-v3-r50-tsv2-logging-only-target60-stop60-exit-replay-maxwait66000-r1,R4_MARKUP_WITH_DUMP_RISK,1000,-500,20000,validation,333,0.18618618618618618,0.14804206467975872,-56510,-169.6996996996997,-209.0,-89810,-269.6996996996997,-309.0,0.15015015015015015,0.35135135135135137,0.4984984984984985,0.45045045045045046,19
shadow-burnin-v3-r50-tsv2-logging-only-target60-stop60-exit-replay-maxwait66000-r1,R4_MARKUP_WITH_DUMP_RISK,1000,-500,20000,holdout,366,0.1830601092896175,0.14680250784017812,-74807,-204.39071038251367,-216.5,-111407,-304.39071038251365,-316.5,0.10655737704918032,0.4180327868852459,0.47540983606557374,0.3743169398907104,22
shadow-burnin-v3-r50-tsv2-logging-only-target60-stop60-exit-replay-maxwait66000-r1,R4_MARKUP_WITH_DUMP_RISK,1000,-500,30000,train,284,0.1619718309859155,0.12368281028833163,-46084,-162.26760563380282,-209.0,-74484,-262.2676056338028,-309.0,0.1267605633802817,0.28169014084507044,0.5915492957746479,0.545774647887324,23
shadow-burnin-v3-r50-tsv2-logging-only-target60-stop60-exit-replay-maxwait66000-r1,R4_MARKUP_WITH_DUMP_RISK,1000,-500,30000,validation,333,0.1891891891891892,0.15075815482555227,-58679,-176.2132132132132,-210.0,-91979,-276.21321321321324,-310.0,0.16216216216216217,0.3843843843843844,0.45345345345345345,0.4174174174174174,19
shadow-burnin-v3-r50-tsv2-logging-only-target60-stop60-exit-replay-maxwait66000-r1,R4_MARKUP_WITH_DUMP_RISK,1000,-500,30000,holdout,366,0.18032786885245902,0.14432532713074028,-79161,-216.28688524590163,-286.0,-115761,-316.28688524590166,-386.0,0.13114754098360656,0.4644808743169399,0.40437158469945356,0.34153005464480873,21
shadow-burnin-v3-r50-tsv2-logging-only-target60-stop60-exit-replay-maxwait66000-r1,R4_MARKUP_WITH_DUMP_RISK,1000,-500,40000,train,284,0.17253521126760563,0.13303716194305637,-41926,-147.6267605633803,-209.0,-70326,-247.6267605633803,-309.0,0.15845070422535212,0.29225352112676056,0.5492957746478874,0.5246478873239436,23
shadow-burnin-v3-r50-tsv2-logging-only-target60-stop60-exit-replay-maxwait66000-r1,R4_MARKUP_WITH_DUMP_RISK,1000,-500,40000,validation,333,0.21021021021021022,0.16987685580161357,-51478,-154.58858858858858,-211.0,-84778,-254.58858858858858,-311.0,0.17717717717717718,0.3993993993993994,0.42342342342342343,0.3813813813813814,19
shadow-burnin-v3-r50-tsv2-logging-only-target60-stop60-exit-replay-maxwait66000-r1,R4_MARKUP_WITH_DUMP_RISK,1000,-500,40000,holdout,366,0.18579234972677597,0.14928290963074534,-77911,-212.87158469945356,-462.5,-114511,-312.87158469945354,-562.5,0.15027322404371585,0.4890710382513661,0.36065573770491804,0.31693989071038253,19
shadow-burnin-v3-r50-tsv2-logging-only-target60-stop60-exit-replay-maxwait66000-r1,R4_MARKUP_WITH_DUMP_RISK,1000,-700,20000,train,284,0.1443661971830986,0.10823386512295834,-62335,-219.4894366197183,-207.5,-90735,-319.48943661971833,-307.5,0.09859154929577464,0.22183098591549297,0.6795774647887324,0.6267605633802817,30
shadow-burnin-v3-r50-tsv2-logging-only-target60-stop60-exit-replay-maxwait66000-r1,R4_MARKUP_WITH_DUMP_RISK,1000,-700,20000,validation,333,0.2012012012012012,0.16166103605011106,-71998,-216.21021021021022,-206.0,-105298,-316.2102102102102,-306.0,0.15615615615615616,0.3033033033033033,0.5405405405405406,0.48348348348348347,19
shadow-burnin-v3-r50-tsv2-logging-only-target60-stop60-exit-replay-maxwait66000-r1,R4_MARKUP_WITH_DUMP_RISK,1000,-700,20000,holdout,366,0.19398907103825136,0.15674291117028638,-95532,-261.0163934426229,-212.0,-132132,-361.0163934426229,-312.0,0.11202185792349727,0.3551912568306011,0.5327868852459017,0.4262295081967213,22
shadow-burnin-v3-r50-tsv2-logging-only-target60-stop60-exit-replay-maxwait66000-r1,R4_MARKUP_WITH_DUMP_RISK,1000,-700,30000,train,284,0.176056338028169,0.13616839629487398,-55221,-194.44014084507043,-209.0,-83621,-294.4401408450704,-309.0,0.13732394366197184,0.25,0.6126760563380281,0.5633802816901409,23
shadow-burnin-v3-r50-tsv2-logging-only-target60-stop60-exit-replay-maxwait66000-r1,R4_MARKUP_WITH_DUMP_RISK,1000,-700,30000,validation,333,0.21021021021021022,0.16987685580161357,-74011,-222.25525525525526,-209.0,-107311,-322.25525525525524,-309.0,0.17117117117117117,0.34234234234234234,0.4864864864864865,0.43843843843843844,19
shadow-burnin-v3-r50-tsv2-logging-only-target60-stop60-exit-replay-maxwait66000-r1,R4_MARKUP_WITH_DUMP_RISK,1000,-700,30000,holdout,366,0.19398907103825136,0.15674291117028638,-103209,-281.9918032786885,-247.5,-139809,-381.9918032786885,-347.5,0.13934426229508196,0.40437158469945356,0.4562841530054645,0.38524590163934425,21
shadow-burnin-v3-r50-tsv2-logging-only-target60-stop60-exit-replay-maxwait66000-r1,R4_MARKUP_WITH_DUMP_RISK,1000,-700,40000,train,284,0.18661971830985916,0.14559936110708832,-51054,-179.76760563380282,-209.0,-79454,-279.7676056338028,-309.0,0.17253521126760563,0.2605633802816901,0.5669014084507042,0.5422535211267606,23
shadow-burnin-v3-r50-tsv2-logging-only-target60-stop60-exit-replay-maxwait66000-r1,R4_MARKUP_WITH_DUMP_RISK,1000,-700,40000,validation,333,0.22522522522522523,0.18363899497946107,-69286,-208.06606606606607,-210.0,-102586,-308.06606606606607,-310.0,0.18618618618618618,0.3663663663663664,0.44744744744744747,0.3993993993993994,19
shadow-burnin-v3-r50-tsv2-logging-only-target60-stop60-exit-replay-maxwait66000-r1,R4_MARKUP_WITH_DUMP_RISK,1000,-700,40000,holdout,366,0.20218579234972678,0.16423007023165032,-101036,-276.05464480874315,-309.5,-137636,-376.05464480874315,-409.5,0.16393442622950818,0.4344262295081967,0.4016393442622951,0.3524590163934426,19
shadow-burnin-v3-r50-tsv2-logging-only-target60-stop60-exit-replay-maxwait66000-r1,R4_MARKUP_WITH_DUMP_RISK,1000,-1000,20000,train,284,0.15492957746478872,0.11748104202363187,-75726,-266.64084507042253,-206.0,-104126,-366.64084507042253,-306.0,0.10211267605633803,0.20422535211267606,0.6936619718309859,0.6338028169014085,23
shadow-burnin-v3-r50-tsv2-logging-only-target60-stop60-exit-replay-maxwait66000-r1,R4_MARKUP_WITH_DUMP_RISK,1000,-1000,20000,validation,333,0.21021021021021022,0.16987685580161357,-95618,-287.14114114114113,-205.0,-128918,-387.14114114114113,-305.0,0.15915915915915915,0.2672672672672673,0.5735735735735735,0.5105105105105106,19
shadow-burnin-v3-r50-tsv2-logging-only-target60-stop60-exit-replay-maxwait66000-r1,R4_MARKUP_WITH_DUMP_RISK,1000,-1000,20000,holdout,366,0.20218579234972678,0.16423007023165032,-125899,-343.9863387978142,-211.0,-162499,-443.9863387978142,-311.0,0.11748633879781421,0.3251366120218579,0.5573770491803278,0.44808743169398907,22
shadow-burnin-v3-r50-tsv2-logging-only-target60-stop60-exit-replay-maxwait66000-r1,R4_MARKUP_WITH_DUMP_RISK,1000,-1000,30000,train,284,0.19014084507042253,0.1487549857658631,-68259,-240.34859154929578,-208.0,-96659,-340.34859154929575,-308.0,0.14788732394366197,0.22535211267605634,0.6267605633802817,0.573943661971831,23
shadow-burnin-v3-r50-tsv2-logging-only-target60-stop60-exit-replay-maxwait66000-r1,R4_MARKUP_WITH_DUMP_RISK,1000,-1000,30000,validation,333,0.21921921921921922,0.17812408316819128,-99811,-299.73273273273276,-207.0,-133111,-399.73273273273276,-307.0,0.17717717717717718,0.30930930930930933,0.5135135135135135,0.4624624624624625,19
shadow-burnin-v3-r50-tsv2-logging-only-target60-stop60-exit-replay-maxwait66000-r1,R4_MARKUP_WITH_DUMP_RISK,1000,-1000,30000,holdout,366,0.20218579234972678,0.16423007023165032,-137498,-375.6775956284153,-226.5,-174098,-475.6775956284153,-326.5,0.14754098360655737,0.366120218579235,0.48633879781420764,0.41530054644808745,21
shadow-burnin-v3-r50-tsv2-logging-only-target60-stop60-exit-replay-maxwait66000-r1,R4_MARKUP_WITH_DUMP_RISK,1000,-1000,40000,train,284,0.20422535211267606,0.1614340854145944,-62928,-221.57746478873239,-207.5,-91328,-321.5774647887324,-307.5,0.18661971830985916,0.2323943661971831,0.5809859154929577,0.5528169014084507,23
shadow-burnin-v3-r50-tsv2-logging-only-target60-stop60-exit-replay-maxwait66000-r1,R4_MARKUP_WITH_DUMP_RISK,1000,-1000,40000,validation,333,0.23723723723723725,0.19470736956621396,-96313,-289.2282282282282,-209.0,-129613,-389.2282282282282,-309.0,0.1981981981981982,0.33633633633633636,0.46546546546546547,0.4174174174174174,19
shadow-burnin-v3-r50-tsv2-logging-only-target60-stop60-exit-replay-maxwait66000-r1,R4_MARKUP_WITH_DUMP_RISK,1000,-1000,40000,holdout,366,0.2103825136612022,0.1717431652724445,-139351,-380.74043715846994,-267.0,-175951,-480.74043715846994,-367.0,0.1721311475409836,0.4016393442622951,0.4262295081967213,0.3743169398907104,19
shadow-burnin-v3-r50-tsv2-logging-only-target60-stop60-exit-replay-maxwait66000-r1,R4_MARKUP_WITH_DUMP_RISK,1500,-300,20000,train,284,0.13028169014084506,0.09601725107746009,-29947,-105.44718309859155,-208.5,-58347,-205.44718309859155,-308.5,0.06690140845070422,0.2852112676056338,0.647887323943662,0.573943661971831,36
shadow-burnin-v3-r50-tsv2-logging-only-target60-stop60-exit-replay-maxwait66000-r1,R4_MARKUP_WITH_DUMP_RISK,1500,-300,20000,validation,333,0.16516516516516516,0.12914559325221486,-21718,-65.21921921921921,-210.0,-55018,-165.2192192192192,-310.0,0.10510510510510511,0.4144144144144144,0.4804804804804805,0.4084084084084084,19
shadow-burnin-v3-r50-tsv2-logging-only-target60-stop60-exit-replay-maxwait66000-r1,R4_MARKUP_WITH_DUMP_RISK,1500,-300,20000,holdout,366,0.1448087431693989,0.11244390674365784,-48621,-132.84426229508196,-289.5,-85221,-232.84426229508196,-389.5,0.060109289617486336,0.4890710382513661,0.45081967213114754,0.3442622950819672,29
shadow-burnin-v3-r50-tsv2-logging-only-target60-stop60-exit-replay-maxwait66000-r1,R4_MARKUP_WITH_DUMP_RISK,1500,-300,30000,train,284,0.14084507042253522,0.10516712138830321,-25044,-88.1830985915493,-210.0,-53444,-188.18309859154928,-310.0,0.0880281690140845,0.3345070422535211,0.5774647887323944,0.5211267605633803,36
shadow-burnin-v3-r50-tsv2-logging-only-target60-stop60-exit-replay-maxwait66000-r1,R4_MARKUP_WITH_DUMP_RISK,1500,-300,30000,validation,333,0.15615615615615616,0.12111410037954552,-25571,-76.7897897897898,-212.0,-58871,-176.78978978978978,-312.0,0.11711711711711711,0.45345345345345345,0.4294294294294294,0.3813813813813814,19
shadow-burnin-v3-r50-tsv2-logging-only-target60-stop60-exit-replay-maxwait66000-r1,R4_MARKUP_WITH_DUMP_RISK,1500,-300,30000,holdout,366,0.1284153005464481,0.097961112014603,-52739,-144.09562841530055,-400.0,-89339,-244.09562841530055,-500.0,0.07650273224043716,0.5382513661202186,0.38524590163934425,0.319672131147541,25
shadow-burnin-v3-r50-tsv2-logging-only-target60-stop60-exit-replay-maxwait66000-r1,R4_MARKUP_WITH_DUMP_RISK,1500,-300,40000,train,284,0.13028169014084506,0.09601725107746009,-26107,-91.92605633802818,-211.0,-54507,-191.92605633802816,-311.0,0.1056338028169014,0.3626760563380282,0.5316901408450704,0.5,36
shadow-burnin-v3-r50-tsv2-logging-only-target60-stop60-exit-replay-maxwait66000-r1,R4_MARKUP_WITH_DUMP_RISK,1500,-300,40000,validation,333,0.16216216216216217,0.1264637082899746,-21672,-65.08108108108108,-233.0,-54972,-165.0810810810811,-333.0,0.12912912912912913,0.4744744744744745,0.3963963963963964,0.35435435435435436,19
shadow-burnin-v3-r50-tsv2-logging-only-target60-stop60-exit-replay-maxwait66000-r1,R4_MARKUP_WITH_DUMP_RISK,1500,-300,40000,holdout,366,0.13114754098360656,0.10036329086029505,-50721,-138.58196721311475,-400.0,-87321,-238.58196721311475,-500.0,0.08743169398907104,0.5601092896174863,0.3524590163934426,0.3005464480874317,24
shadow-burnin-v3-r50-tsv2-logging-only-target60-stop60-exit-replay-maxwait66000-r1,R4_MARKUP_WITH_DUMP_RISK,1500,-500,20000,train,284,0.13028169014084506,0.09601725107746009,-44432,-156.45070422535213,-208.0,-72832,-256.4507042253521,-308.0,0.06690140845070422,0.2535211267605634,0.6795774647887324,0.602112676056338,36
shadow-burnin-v3-r50-tsv2-logging-only-target60-stop60-exit-replay-maxwait66000-r1,R4_MARKUP_WITH_DUMP_RISK,1500,-500,20000,validation,333,0.17717717717717718,0.13991804336642083,-43709,-131.25825825825825,-209.0,-77009,-231.25825825825825,-309.0,0.10510510510510511,0.36036036036036034,0.5345345345345346,0.45045045045045046,19
shadow-burnin-v3-r50-tsv2-logging-only-target60-stop60-exit-replay-maxwait66000-r1,R4_MARKUP_WITH_DUMP_RISK,1500,-500,20000,holdout,366,0.16939890710382513,0.13444996863131303,-68522,-187.21857923497268,-221.0,-105122,-287.21857923497265,-321.0,0.07103825136612021,0.43169398907103823,0.4972677595628415,0.3743169398907104,27
shadow-burnin-v3-r50-tsv2-logging-only-target60-stop60-exit-replay-maxwait66000-r1,R4_MARKUP_WITH_DUMP_RISK,1500,-500,30000,train,284,0.1443661971830986,0.10823386512295834,-40803,-143.67253521126761,-209.0,-69203,-243.67253521126761,-309.0,0.0880281690140845,0.29577464788732394,0.6161971830985915,0.5492957746478874,24
shadow-burnin-v3-r50-tsv2-logging-only-target60-stop60-exit-replay-maxwait66000-r1,R4_MARKUP_WITH_DUMP_RISK,1500,-500,30000,validation,333,0.17417417417417416,0.1372183784071531,-47864,-143.73573573573574,-211.0,-81164,-243.73573573573574,-311.0,0.12012012012012012,0.3963963963963964,0.48348348348348347,0.42042042042042044,19
shadow-burnin-v3-r50-tsv2-logging-only-target60-stop60-exit-replay-maxwait66000-r1,R4_MARKUP_WITH_DUMP_RISK,1500,-500,30000,holdout,366,0.15846994535519127,0.12463104533876662,-74088,-202.4262295081967,-439.5,-110688,-302.42622950819674,-539.5,0.09289617486338798,0.48360655737704916,0.42349726775956287,0.3442622950819672,21
shadow-burnin-v3-r50-tsv2-logging-only-target60-stop60-exit-replay-maxwait66000-r1,R4_MARKUP_WITH_DUMP_RISK,1500,-500,40000,train,284,0.13732394366197184,0.10210859600397917,-41985,-147.83450704225353,-210.0,-70385,-247.83450704225353,-310.0,0.1056338028169014,0.323943661971831,0.5704225352112676,0.5246478873239436,24
shadow-burnin-v3-r50-tsv2-logging-only-target60-stop60-exit-replay-maxwait66000-r1,R4_MARKUP_WITH_DUMP_RISK,1500,-500,40000,validation,333,0.18618618618618618,0.14804206467975872,-41097,-123.41441441441441,-212.0,-74397,-223.4144144144144,-312.0,0.13513513513513514,0.42042042042042044,0.4444444444444444,0.3843843843843844,19
shadow-burnin-v3-r50-tsv2-logging-only-target60-stop60-exit-replay-maxwait66000-r1,R4_MARKUP_WITH_DUMP_RISK,1500,-500,40000,holdout,366,0.16393442622950818,0.1295331802067604,-69236,-189.1693989071038,-600.0,-105836,-289.1693989071038,-700.0,0.11202185792349727,0.5081967213114754,0.3797814207650273,0.319672131147541,19
shadow-burnin-v3-r50-tsv2-logging-only-target60-stop60-exit-replay-maxwait66000-r1,R4_MARKUP_WITH_DUMP_RISK,1500,-700,20000,train,284,0.13380281690140844,0.09905854752315664,-55114,-194.06338028169014,-208.0,-83514,-294.0633802816901,-308.0,0.07042253521126761,0.22535211267605634,0.704225352112676,0.6267605633802817,36
shadow-burnin-v3-r50-tsv2-logging-only-target60-stop60-exit-replay-maxwait66000-r1,R4_MARKUP_WITH_DUMP_RISK,1500,-700,20000,validation,333,0.1921921921921922,0.15347816460490504,-58711,-176.3093093093093,-207.0,-92011,-276.3093093093093,-307.0,0.10810810810810811,0.30930930930930933,0.5825825825825826,0.4864864864864865,19
shadow-burnin-v3-r50-tsv2-logging-only-target60-stop60-exit-replay-maxwait66000-r1,R4_MARKUP_WITH_DUMP_RISK,1500,-700,20000,holdout,366,0.18032786885245902,0.14432532713074028,-89247,-243.84426229508196,-216.5,-125847,-343.844262295082,-316.5,0.07650273224043716,0.36885245901639346,0.5546448087431693,0.4262295081967213,27
shadow-burnin-v3-r50-tsv2-logging-only-target60-stop60-exit-replay-maxwait66000-r1,R4_MARKUP_WITH_DUMP_RISK,1500,-700,30000,train,284,0.15845070422535212,0.12057836050244464,-49455,-174.13732394366198,-209.0,-77855,-274.13732394366195,-309.0,0.09507042253521127,0.2640845070422535,0.6408450704225352,0.5669014084507042,24
shadow-burnin-v3-r50-tsv2-logging-only-target60-stop60-exit-replay-maxwait66000-r1,R4_MARKUP_WITH_DUMP_RISK,1500,-700,30000,validation,333,0.19519519519519518,0.15620202514494008,-61805,-185.60060060060061,-209.0,-95105,-285.6006006006006,-309.0,0.12612612612612611,0.35135135135135137,0.5225225225225225,0.44144144144144143,19
shadow-burnin-v3-r50-tsv2-logging-only-target60-stop60-exit-replay-maxwait66000-r1,R4_MARKUP_WITH_DUMP_RISK,1500,-700,30000,holdout,366,0.16939890710382513,0.13444996863131303,-99826,-272.74863387978144,-343.5,-136426,-372.74863387978144,-443.5,0.09836065573770492,0.42349726775956287,0.4781420765027322,0.3907103825136612,21
shadow-burnin-v3-r50-tsv2-logging-only-target60-stop60-exit-replay-maxwait66000-r1,R4_MARKUP_WITH_DUMP_RISK,1500,-700,40000,train,284,0.15140845070422534,0.11439104831558491,-51430,-181.09154929577466,-209.5,-79830,-281.09154929577466,-309.5,0.11267605633802817,0.29225352112676056,0.5950704225352113,0.5422535211267606,24
shadow-burnin-v3-r50-tsv2-logging-only-target60-stop60-exit-replay-maxwait66000-r1,R4_MARKUP_WITH_DUMP_RISK,1500,-700,40000,validation,333,0.2042042042042042,0.164396061310877,-56605,-169.98498498498498,-211.0,-89905,-269.984984984985,-311.0,0.14714714714714713,0.3843843843843844,0.46846846846846846,0.4024024024024024,19
shadow-burnin-v3-r50-tsv2-logging-only-target60-stop60-exit-replay-maxwait66000-r1,R4_MARKUP_WITH_DUMP_RISK,1500,-700,40000,holdout,366,0.17759562841530055,0.1418514235347394,-93461,-255.35792349726776,-462.5,-130061,-355.35792349726773,-562.5,0.12295081967213115,0.4562841530054645,0.4207650273224044,0.3551912568306011,19
shadow-burnin-v3-r50-tsv2-logging-only-target60-stop60-exit-replay-maxwait66000-r1,R4_MARKUP_WITH_DUMP_RISK,1500,-1000,20000,train,284,0.1443661971830986,0.10823386512295834,-68305,-240.5105633802817,-206.5,-96705,-340.51056338028167,-306.5,0.07394366197183098,0.20774647887323944,0.7183098591549296,0.6338028169014085,24
shadow-burnin-v3-r50-tsv2-logging-only-target60-stop60-exit-replay-maxwait66000-r1,R4_MARKUP_WITH_DUMP_RISK,1500,-1000,20000,validation,333,0.2012012012012012,0.16166103605011106,-82750,-248.4984984984985,-206.0,-116050,-348.4984984984985,-306.0,0.10810810810810811,0.2732732732732733,0.6186186186186187,0.5135135135135135,19
shadow-burnin-v3-r50-tsv2-logging-only-target60-stop60-exit-replay-maxwait66000-r1,R4_MARKUP_WITH_DUMP_RISK,1500,-1000,20000,holdout,366,0.1912568306010929,0.15425316242490913,-117867,-322.0409836065574,-213.0,-154467,-422.0409836065574,-313.0,0.08196721311475409,0.33060109289617484,0.587431693989071,0.453551912568306,27
shadow-burnin-v3-r50-tsv2-logging-only-target60-stop60-exit-replay-maxwait66000-r1,R4_MARKUP_WITH_DUMP_RISK,1500,-1000,30000,train,284,0.17253521126760563,0.13303716194305637,-62922,-221.55633802816902,-209.0,-91322,-321.556338028169,-309.0,0.10211267605633803,0.23943661971830985,0.6584507042253521,0.5774647887323944,24
shadow-burnin-v3-r50-tsv2-logging-only-target60-stop60-exit-replay-maxwait66000-r1,R4_MARKUP_WITH_DUMP_RISK,1500,-1000,30000,validation,333,0.2042042042042042,0.164396061310877,-87582,-263.009009009009,-209.0,-120882,-363.009009009009,-309.0,0.12912912912912913,0.3183183183183183,0.5525525525525525,0.46546546546546547,19
shadow-burnin-v3-r50-tsv2-logging-only-target60-stop60-exit-replay-maxwait66000-r1,R4_MARKUP_WITH_DUMP_RISK,1500,-1000,30000,holdout,366,0.18032786885245902,0.14432532713074028,-132420,-361.8032786885246,-261.5,-169020,-461.8032786885246,-361.5,0.10655737704918032,0.3825136612021858,0.5109289617486339,0.4207650273224044,21
shadow-burnin-v3-r50-tsv2-logging-only-target60-stop60-exit-replay-maxwait66000-r1,R4_MARKUP_WITH_DUMP_RISK,1500,-1000,40000,train,284,0.16901408450704225,0.1299123803326009,-65196,-229.56338028169014,-209.0,-93596,-329.5633802816901,-309.0,0.11971830985915492,0.2640845070422535,0.6161971830985915,0.5528169014084507,24
shadow-burnin-v3-r50-tsv2-logging-only-target60-stop60-exit-replay-maxwait66000-r1,R4_MARKUP_WITH_DUMP_RISK,1500,-1000,40000,validation,333,0.2222222222222222,0.18087989538115865,-81134,-243.64564564564566,-210.0,-114434,-343.64564564564563,-310.0,0.15915915915915915,0.34534534534534533,0.4954954954954955,0.42342342342342343,19
shadow-burnin-v3-r50-tsv2-logging-only-target60-stop60-exit-replay-maxwait66000-r1,R4_MARKUP_WITH_DUMP_RISK,1500,-1000,40000,holdout,366,0.1885245901639344,0.1517664785098241,-130176,-355.672131147541,-343.5,-166776,-455.672131147541,-443.5,0.13387978142076504,0.4207650273224044,0.4453551912568306,0.3770491803278688,19
shadow-burnin-v3-r50-tsv2-logging-only-target60-stop60-exit-replay-maxwait66000-r1,R4_MARKUP_WITH_DUMP_RISK,2000,-300,20000,train,284,0.13028169014084506,0.09601725107746009,-23529,-82.84859154929578,-208.5,-51929,-182.84859154929578,-308.5,0.03873239436619718,0.2852112676056338,0.676056338028169,0.573943661971831,36
shadow-burnin-v3-r50-tsv2-logging-only-target60-stop60-exit-replay-maxwait66000-r1,R4_MARKUP_WITH_DUMP_RISK,2000,-300,20000,validation,333,0.15015015015015015,0.11578410161851721,-19751,-59.312312312312315,-211.0,-53051,-159.31231231231232,-311.0,0.05405405405405406,0.4264264264264264,0.5195195195195195,0.4084084084084084,26
shadow-burnin-v3-r50-tsv2-logging-only-target60-stop60-exit-replay-maxwait66000-r1,R4_MARKUP_WITH_DUMP_RISK,2000,-300,20000,holdout,366,0.14207650273224043,0.11001886420788162,-42743,-116.78415300546447,-313.0,-79343,-216.78415300546447,-413.0,0.03825136612021858,0.4918032786885246,0.46994535519125685,0.3442622950819672,29
shadow-burnin-v3-r50-tsv2-logging-only-target60-stop60-exit-replay-maxwait66000-r1,R4_MARKUP_WITH_DUMP_RISK,2000,-300,30000,train,284,0.13028169014084506,0.09601725107746009,-21183,-74.58802816901408,-210.0,-49583,-174.58802816901408,-310.0,0.06338028169014084,0.34507042253521125,0.5915492957746479,0.5211267605633803,36
shadow-burnin-v3-r50-tsv2-logging-only-target60-stop60-exit-replay-maxwait66000-r1,R4_MARKUP_WITH_DUMP_RISK,2000,-300,30000,validation,333,0.13513513513513514,0.10255135419328826,-25394,-76.25825825825825,-233.0,-58694,-176.25825825825825,-333.0,0.07507507507507508,0.4744744744744745,0.45045045045045046,0.3813813813813814,26
shadow-burnin-v3-r50-tsv2-logging-only-target60-stop60-exit-replay-maxwait66000-r1,R4_MARKUP_WITH_DUMP_RISK,2000,-300,30000,holdout,366,0.12568306010928962,0.09556386546949806,-44314,-121.07650273224044,-400.0,-80914,-221.07650273224044,-500.0,0.05737704918032787,0.5409836065573771,0.4016393442622951,0.319672131147541,25
shadow-burnin-v3-r50-tsv2-logging-only-target60-stop60-exit-replay-maxwait66000-r1,R4_MARKUP_WITH_DUMP_RISK,2000,-300,40000,train,284,0.11971830985915492,0.08694890717133415,-20446,-71.99295774647888,-212.0,-48846,-171.99295774647888,-312.0,0.07394366197183098,0.3732394366197183,0.5528169014084507,0.5,36
shadow-burnin-v3-r50-tsv2-logging-only-target60-stop60-exit-replay-maxwait66000-r1,R4_MARKUP_WITH_DUMP_RISK,2000,-300,40000,validation,333,0.13813813813813813,0.10518681792493659,-22064,-66.25825825825825,-383.0,-55364,-166.25825825825825,-483.0,0.08708708708708708,0.4954954954954955,0.4174174174174174,0.35435435435435436,27
shadow-burnin-v3-r50-tsv2-logging-only-target60-stop60-exit-replay-maxwait66000-r1,R4_MARKUP_WITH_DUMP_RISK,2000,-300,40000,holdout,366,0.12295081967213115,0.09317168587040017,-41549,-113.52185792349727,-400.0,-78149,-213.52185792349727,-500.0,0.07650273224043716,0.5655737704918032,0.35792349726775957,0.3005464480874317,24
shadow-burnin-v3-r50-tsv2-logging-only-target60-stop60-exit-replay-maxwait66000-r1,R4_MARKUP_WITH_DUMP_RISK,2000,-500,20000,train,284,0.13028169014084506,0.09601725107746009,-38014,-133.85211267605635,-208.0,-66414,-233.85211267605635,-308.0,0.03873239436619718,0.2535211267605634,0.7077464788732394,0.602112676056338,36
shadow-burnin-v3-r50-tsv2-logging-only-target60-stop60-exit-replay-maxwait66000-r1,R4_MARKUP_WITH_DUMP_RISK,2000,-500,20000,validation,333,0.16216216216216217,0.1264637082899746,-42542,-127.75375375375376,-210.0,-75842,-227.75375375375376,-310.0,0.05405405405405406,0.37237237237237236,0.5735735735735735,0.45045045045045046,19
shadow-burnin-v3-r50-tsv2-logging-only-target60-stop60-exit-replay-maxwait66000-r1,R4_MARKUP_WITH_DUMP_RISK,2000,-500,20000,holdout,366,0.16393442622950818,0.1295331802067604,-62807,-171.60382513661202,-225.5,-99407,-271.60382513661204,-325.5,0.04644808743169399,0.4344262295081967,0.5191256830601093,0.3743169398907104,27
shadow-burnin-v3-r50-tsv2-logging-only-target60-stop60-exit-replay-maxwait66000-r1,R4_MARKUP_WITH_DUMP_RISK,2000,-500,30000,train,284,0.13380281690140844,0.09905854752315664,-37542,-132.19014084507043,-210.0,-65942,-232.19014084507043,-310.0,0.06338028169014084,0.30633802816901406,0.6302816901408451,0.5492957746478874,24
shadow-burnin-v3-r50-tsv2-logging-only-target60-stop60-exit-replay-maxwait66000-r1,R4_MARKUP_WITH_DUMP_RISK,2000,-500,30000,validation,333,0.15315315315315314,0.11844659278098883,-48715,-146.2912912912913,-212.0,-82015,-246.2912912912913,-312.0,0.07507507507507508,0.4174174174174174,0.5075075075075075,0.42042042042042044,26
shadow-burnin-v3-r50-tsv2-logging-only-target60-stop60-exit-replay-maxwait66000-r1,R4_MARKUP_WITH_DUMP_RISK,2000,-500,30000,holdout,366,0.15300546448087432,0.11974416691679478,-65363,-178.58743169398906,-491.0,-101963,-278.58743169398906,-591.0,0.07103825136612021,0.4890710382513661,0.43989071038251365,0.3442622950819672,21
shadow-burnin-v3-r50-tsv2-logging-only-target60-stop60-exit-replay-maxwait66000-r1,R4_MARKUP_WITH_DUMP_RISK,2000,-500,40000,train,284,0.1267605633802817,0.09298499989612122,-36924,-130.01408450704224,-210.5,-65324,-230.01408450704224,-310.5,0.07394366197183098,0.3345070422535211,0.5915492957746479,0.5246478873239436,24
shadow-burnin-v3-r50-tsv2-logging-only-target60-stop60-exit-replay-maxwait66000-r1,R4_MARKUP_WITH_DUMP_RISK,2000,-500,40000,validation,333,0.16216216216216217,0.1264637082899746,-41889,-125.7927927927928,-219.0,-75189,-225.7927927927928,-319.0,0.09309309309309309,0.44144144144144143,0.46546546546546547,0.3843843843843844,27
shadow-burnin-v3-r50-tsv2-logging-only-target60-stop60-exit-replay-maxwait66000-r1,R4_MARKUP_WITH_DUMP_RISK,2000,-500,40000,holdout,366,0.15300546448087432,0.11974416691679478,-59126,-161.54644808743168,-600.0,-95726,-261.5464480874317,-700.0,0.09289617486338798,0.5163934426229508,0.3907103825136612,0.319672131147541,23
shadow-burnin-v3-r50-tsv2-logging-only-target60-stop60-exit-replay-maxwait66000-r1,R4_MARKUP_WITH_DUMP_RISK,2000,-700,20000,train,284,0.13380281690140844,0.09905854752315664,-48196,-169.70422535211267,-208.0,-76596,-269.7042253521127,-308.0,0.04225352112676056,0.22535211267605634,0.7323943661971831,0.6267605633802817,36
shadow-burnin-v3-r50-tsv2-logging-only-target60-stop60-exit-replay-maxwait66000-r1,R4_MARKUP_WITH_DUMP_RISK,2000,-700,20000,validation,333,0.17717717717717718,0.13991804336642083,-57661,-173.15615615615616,-209.0,-90961,-273.15615615615616,-309.0,0.057057057057057055,0.3183183183183183,0.6246246246246246,0.4894894894894895,19
shadow-burnin-v3-r50-tsv2-logging-only-target60-stop60-exit-replay-maxwait66000-r1,R4_MARKUP_WITH_DUMP_RISK,2000,-700,20000,holdout,366,0.17486338797814208,0.1393808552305277,-82732,-226.04371584699453,-217.0,-119332,-326.04371584699453,-317.0,0.05191256830601093,0.37158469945355194,0.5765027322404371,0.4262295081967213,27
shadow-burnin-v3-r50-tsv2-logging-only-target60-stop60-exit-replay-maxwait66000-r1,R4_MARKUP_WITH_DUMP_RISK,2000,-700,30000,train,284,0.14788732394366197,0.11130858387523199,-45597,-160.55281690140845,-209.0,-73997,-260.55281690140845,-309.0,0.07042253521126761,0.2711267605633803,0.6584507042253521,0.5704225352112676,24
shadow-burnin-v3-r50-tsv2-logging-only-target60-stop60-exit-replay-maxwait66000-r1,R4_MARKUP_WITH_DUMP_RISK,2000,-700,30000,validation,333,0.17417417417417416,0.1372183784071531,-63055,-189.35435435435434,-211.0,-96355,-289.35435435435437,-311.0,0.08108108108108109,0.36936936936936937,0.5495495495495496,0.4444444444444444,26
shadow-burnin-v3-r50-tsv2-logging-only-target60-stop60-exit-replay-maxwait66000-r1,R4_MARKUP_WITH_DUMP_RISK,2000,-700,30000,holdout,366,0.16666666666666666,0.13198977848718255,-89500,-244.53551912568307,-359.0,-126100,-344.53551912568304,-459.0,0.07650273224043716,0.4262295081967213,0.4972677595628415,0.3907103825136612,21
shadow-burnin-v3-r50-tsv2-logging-only-target60-stop60-exit-replay-maxwait66000-r1,R4_MARKUP_WITH_DUMP_RISK,2000,-700,40000,train,284,0.1443661971830986,0.10823386512295834,-43269,-152.3556338028169,-210.0,-71669,-252.3556338028169,-310.0,0.08450704225352113,0.2992957746478873,0.6161971830985915,0.5422535211267606,24
shadow-burnin-v3-r50-tsv2-logging-only-target60-stop60-exit-replay-maxwait66000-r1,R4_MARKUP_WITH_DUMP_RISK,2000,-700,40000,validation,333,0.18018018018018017,0.14262193282059743,-56797,-170.56156156156158,-212.0,-90097,-270.5615615615616,-312.0,0.10510510510510511,0.40540540540540543,0.4894894894894895,0.4024024024024024,27
shadow-burnin-v3-r50-tsv2-logging-only-target60-stop60-exit-replay-maxwait66000-r1,R4_MARKUP_WITH_DUMP_RISK,2000,-700,40000,holdout,366,0.16666666666666666,0.13198977848718255,-82562,-225.5792349726776,-553.0,-119162,-325.57923497267757,-653.0,0.10109289617486339,0.46174863387978143,0.4371584699453552,0.35792349726775957,19
shadow-burnin-v3-r50-tsv2-logging-only-target60-stop60-exit-replay-maxwait66000-r1,R4_MARKUP_WITH_DUMP_RISK,2000,-1000,20000,train,284,0.1443661971830986,0.10823386512295834,-61340,-215.98591549295776,-206.5,-89740,-315.98591549295776,-306.5,0.04225352112676056,0.20774647887323944,0.75,0.6338028169014085,24
shadow-burnin-v3-r50-tsv2-logging-only-target60-stop60-exit-replay-maxwait66000-r1,R4_MARKUP_WITH_DUMP_RISK,2000,-1000,20000,validation,333,0.18618618618618618,0.14804206467975872,-81955,-246.11111111111111,-208.0,-115255,-346.1111111111111,-308.0,0.057057057057057055,0.27927927927927926,0.6636636636636637,0.5195195195195195,19
shadow-burnin-v3-r50-tsv2-logging-only-target60-stop60-exit-replay-maxwait66000-r1,R4_MARKUP_WITH_DUMP_RISK,2000,-1000,20000,holdout,366,0.18579234972677597,0.14928290963074534,-110040,-300.655737704918,-213.0,-146640,-400.655737704918,-313.0,0.05737704918032787,0.33060109289617484,0.6120218579234973,0.4562841530054645,27
shadow-burnin-v3-r50-tsv2-logging-only-target60-stop60-exit-replay-maxwait66000-r1,R4_MARKUP_WITH_DUMP_RISK,2000,-1000,30000,train,284,0.1619718309859155,0.12368281028833163,-58664,-206.56338028169014,-209.0,-87064,-306.5633802816901,-309.0,0.07746478873239436,0.24647887323943662,0.676056338028169,0.5809859154929577,24
shadow-burnin-v3-r50-tsv2-logging-only-target60-stop60-exit-replay-maxwait66000-r1,R4_MARKUP_WITH_DUMP_RISK,2000,-1000,30000,validation,333,0.1831831831831832,0.14532996581765908,-90516,-271.8198198198198,-210.0,-123816,-371.8198198198198,-310.0,0.08108108108108109,0.33633633633633636,0.5825825825825826,0.46846846846846846,21
shadow-burnin-v3-r50-tsv2-logging-only-target60-stop60-exit-replay-maxwait66000-r1,R4_MARKUP_WITH_DUMP_RISK,2000,-1000,30000,holdout,366,0.18032786885245902,0.14432532713074028,-119019,-325.1885245901639,-261.5,-155619,-425.1885245901639,-361.5,0.08469945355191257,0.3825136612021858,0.5327868852459017,0.4207650273224044,21
shadow-burnin-v3-r50-tsv2-logging-only-target60-stop60-exit-replay-maxwait66000-r1,R4_MARKUP_WITH_DUMP_RISK,2000,-1000,40000,train,284,0.1619718309859155,0.12368281028833163,-56635,-199.41901408450704,-209.0,-85035,-299.41901408450707,-309.0,0.09154929577464789,0.2711267605633803,0.6373239436619719,0.5528169014084507,24
shadow-burnin-v3-r50-tsv2-logging-only-target60-stop60-exit-replay-maxwait66000-r1,R4_MARKUP_WITH_DUMP_RISK,2000,-1000,40000,validation,333,0.1981981981981982,0.15892967020649076,-82591,-248.02102102102103,-211.0,-115891,-348.021021021021,-311.0,0.11411411411411411,0.3633633633633634,0.5225225225225225,0.4264264264264264,27
shadow-burnin-v3-r50-tsv2-logging-only-target60-stop60-exit-replay-maxwait66000-r1,R4_MARKUP_WITH_DUMP_RISK,2000,-1000,40000,holdout,366,0.18032786885245902,0.14432532713074028,-116115,-317.25409836065575,-385.5,-152715,-417.25409836065575,-485.5,0.11202185792349727,0.42349726775956287,0.4644808743169399,0.3797814207650273,19
shadow-burnin-v3-r50-tsv2-logging-only-target60-stop60-exit-replay-maxwait66000-r1,R4_MARKUP_WITH_DUMP_RISK,2500,-300,20000,train,284,0.13028169014084506,0.09601725107746009,-23898,-84.14788732394366,-208.5,-52298,-184.14788732394365,-308.5,0.02464788732394366,0.2852112676056338,0.6901408450704225,0.573943661971831,36
shadow-burnin-v3-r50-tsv2-logging-only-target60-stop60-exit-replay-maxwait66000-r1,R4_MARKUP_WITH_DUMP_RISK,2500,-300,20000,validation,333,0.15015015015015015,0.11578410161851721,-12042,-36.16216216216216,-211.0,-45342,-136.16216216216216,-311.0,0.04804804804804805,0.4264264264264264,0.5255255255255256,0.4084084084084084,26
shadow-burnin-v3-r50-tsv2-logging-only-target60-stop60-exit-replay-maxwait66000-r1,R4_MARKUP_WITH_DUMP_RISK,2500,-300,20000,holdout,366,0.1366120218579235,0.10518194031911574,-44459,-121.47267759562841,-343.5,-81059,-221.47267759562843,-443.5,0.02459016393442623,0.4972677595628415,0.4781420765027322,0.3442622950819672,29
shadow-burnin-v3-r50-tsv2-logging-only-target60-stop60-exit-replay-maxwait66000-r1,R4_MARKUP_WITH_DUMP_RISK,2500,-300,30000,train,284,0.12323943661971831,0.0899621070103476,-21849,-76.9330985915493,-210.5,-50249,-176.93309859154928,-310.5,0.035211267605633804,0.352112676056338,0.6126760563380281,0.5211267605633803,36
shadow-burnin-v3-r50-tsv2-logging-only-target60-stop60-exit-replay-maxwait66000-r1,R4_MARKUP_WITH_DUMP_RISK,2500,-300,30000,validation,333,0.13513513513513514,0.10255135419328826,-14379,-43.18018018018018,-233.0,-47679,-143.18018018018017,-333.0,0.06606606606606606,0.4744744744744745,0.4594594594594595,0.3813813813813814,26
shadow-burnin-v3-r50-tsv2-logging-only-target60-stop60-exit-replay-maxwait66000-r1,R4_MARKUP_WITH_DUMP_RISK,2500,-300,30000,holdout,366,0.12021857923497267,0.09078471515907276,-40318,-110.1584699453552,-400.0,-76918,-210.1584699453552,-500.0,0.04644808743169399,0.546448087431694,0.40710382513661203,0.319672131147541,25
shadow-burnin-v3-r50-tsv2-logging-only-target60-stop60-exit-replay-maxwait66000-r1,R4_MARKUP_WITH_DUMP_RISK,2500,-300,40000,train,284,0.11267605633802817,0.08095304751828382,-24709,-87.00352112676056,-212.5,-53109,-187.00352112676057,-312.5,0.045774647887323945,0.38028169014084506,0.573943661971831,0.5,36
shadow-burnin-v3-r50-tsv2-logging-only-target60-stop60-exit-replay-maxwait66000-r1,R4_MARKUP_WITH_DUMP_RISK,2500,-300,40000,validation,333,0.13813813813813813,0.10518681792493659,-9139,-27.444444444444443,-383.0,-42439,-127.44444444444444,-483.0,0.07807807807807808,0.4954954954954955,0.4264264264264264,0.35435435435435436,27
shadow-burnin-v3-r50-tsv2-logging-only-target60-stop60-exit-replay-maxwait66000-r1,R4_MARKUP_WITH_DUMP_RISK,2500,-300,40000,holdout,366,0.11748633879781421,0.08840310313837736,-37533,-102.54918032786885,-400.0,-74133,-202.54918032786884,-500.0,0.0546448087431694,0.5710382513661202,0.3743169398907104,0.3005464480874317,24
shadow-burnin-v3-r50-tsv2-logging-only-target60-stop60-exit-replay-maxwait66000-r1,R4_MARKUP_WITH_DUMP_RISK,2500,-500,20000,train,284,0.13028169014084506,0.09601725107746009,-38383,-135.15140845070422,-208.0,-66783,-235.15140845070422,-308.0,0.02464788732394366,0.2535211267605634,0.721830985915493,0.602112676056338,36
shadow-burnin-v3-r50-tsv2-logging-only-target60-stop60-exit-replay-maxwait66000-r1,R4_MARKUP_WITH_DUMP_RISK,2500,-500,20000,validation,333,0.16216216216216217,0.1264637082899746,-34833,-104.6036036036036,-210.0,-68133,-204.6036036036036,-310.0,0.04804804804804805,0.37237237237237236,0.5795795795795796,0.45045045045045046,19
shadow-burnin-v3-r50-tsv2-logging-only-target60-stop60-exit-replay-maxwait66000-r1,R4_MARKUP_WITH_DUMP_RISK,2500,-500,20000,holdout,366,0.15846994535519127,0.12463104533876662,-63423,-173.28688524590163,-231.5,-100023,-273.28688524590166,-331.5,0.03278688524590164,0.43989071038251365,0.5273224043715847,0.3743169398907104,27
shadow-burnin-v3-r50-tsv2-logging-only-target60-stop60-exit-replay-maxwait66000-r1,R4_MARKUP_WITH_DUMP_RISK,2500,-500,30000,train,284,0.1267605633802817,0.09298499989612122,-38338,-134.99295774647888,-210.0,-66738,-234.99295774647888,-310.0,0.035211267605633804,0.30985915492957744,0.6549295774647887,0.5528169014084507,28
shadow-burnin-v3-r50-tsv2-logging-only-target60-stop60-exit-replay-maxwait66000-r1,R4_MARKUP_WITH_DUMP_RISK,2500,-500,30000,validation,333,0.15315315315315314,0.11844659278098883,-37700,-113.21321321321321,-212.0,-71000,-213.2132132132132,-312.0,0.06606606606606606,0.4174174174174174,0.5165165165165165,0.42042042042042044,26
shadow-burnin-v3-r50-tsv2-logging-only-target60-stop60-exit-replay-maxwait66000-r1,R4_MARKUP_WITH_DUMP_RISK,2500,-500,30000,holdout,366,0.14754098360655737,0.11487320112948161,-59905,-163.67486338797815,-516.5,-96505,-263.6748633879781,-616.5,0.05737704918032787,0.49453551912568305,0.44808743169398907,0.3442622950819672,21
shadow-burnin-v3-r50-tsv2-logging-only-target60-stop60-exit-replay-maxwait66000-r1,R4_MARKUP_WITH_DUMP_RISK,2500,-500,40000,train,284,0.11971830985915492,0.08694890717133415,-41587,-146.43309859154928,-211.0,-69987,-246.43309859154928,-311.0,0.045774647887323945,0.3415492957746479,0.6126760563380281,0.5246478873239436,24
shadow-burnin-v3-r50-tsv2-logging-only-target60-stop60-exit-replay-maxwait66000-r1,R4_MARKUP_WITH_DUMP_RISK,2500,-500,40000,validation,333,0.16216216216216217,0.1264637082899746,-28236,-84.7927927927928,-219.0,-61536,-184.7927927927928,-319.0,0.08108108108108109,0.44144144144144143,0.4774774774774775,0.3843843843843844,27
shadow-burnin-v3-r50-tsv2-logging-only-target60-stop60-exit-replay-maxwait66000-r1,R4_MARKUP_WITH_DUMP_RISK,2500,-500,40000,holdout,366,0.14754098360655737,0.11487320112948161,-53543,-146.29234972677597,-600.0,-90143,-246.29234972677597,-700.0,0.06830601092896176,0.5218579234972678,0.4098360655737705,0.319672131147541,23
shadow-burnin-v3-r50-tsv2-logging-only-target60-stop60-exit-replay-maxwait66000-r1,R4_MARKUP_WITH_DUMP_RISK,2500,-700,20000,train,284,0.13380281690140844,0.09905854752315664,-48446,-170.58450704225353,-208.0,-76846,-270.5845070422535,-308.0,0.02464788732394366,0.22535211267605634,0.75,0.6267605633802817,36
shadow-burnin-v3-r50-tsv2-logging-only-target60-stop60-exit-replay-maxwait66000-r1,R4_MARKUP_WITH_DUMP_RISK,2500,-700,20000,validation,333,0.17717717717717718,0.13991804336642083,-49644,-149.0810810810811,-209.0,-82944,-249.0810810810811,-309.0,0.04804804804804805,0.3183183183183183,0.6336336336336337,0.4894894894894895,19
shadow-burnin-v3-r50-tsv2-logging-only-target60-stop60-exit-replay-maxwait66000-r1,R4_MARKUP_WITH_DUMP_RISK,2500,-700,20000,holdout,366,0.16939890710382513,0.13444996863131303,-83364,-227.7704918032787,-218.0,-119964,-327.7704918032787,-318.0,0.03551912568306011,0.3770491803278688,0.587431693989071,0.4262295081967213,27
shadow-burnin-v3-r50-tsv2-logging-only-target60-stop60-exit-replay-maxwait66000-r1,R4_MARKUP_WITH_DUMP_RISK,2500,-700,30000,train,284,0.14084507042253522,0.10516712138830321,-45758,-161.11971830985917,-209.5,-74158,-261.11971830985914,-309.5,0.03873239436619718,0.2746478873239437,0.6866197183098591,0.573943661971831,28
shadow-burnin-v3-r50-tsv2-logging-only-target60-stop60-exit-replay-maxwait66000-r1,R4_MARKUP_WITH_DUMP_RISK,2500,-700,30000,validation,333,0.17417417417417416,0.1372183784071531,-51492,-154.63063063063063,-211.0,-84792,-254.63063063063063,-311.0,0.06906906906906907,0.36936936936936937,0.5615615615615616,0.4444444444444444,26
shadow-burnin-v3-r50-tsv2-logging-only-target60-stop60-exit-replay-maxwait66000-r1,R4_MARKUP_WITH_DUMP_RISK,2500,-700,30000,holdout,366,0.16120218579234974,0.12708024457471043,-83442,-227.98360655737704,-395.0,-120042,-327.9836065573771,-495.0,0.06284153005464481,0.43169398907103823,0.505464480874317,0.3907103825136612,21
shadow-burnin-v3-r50-tsv2-logging-only-target60-stop60-exit-replay-maxwait66000-r1,R4_MARKUP_WITH_DUMP_RISK,2500,-700,40000,train,284,0.13732394366197184,0.10210859600397917,-46637,-164.21478873239437,-210.0,-75037,-264.21478873239437,-310.0,0.056338028169014086,0.3028169014084507,0.6408450704225352,0.545774647887324,24
shadow-burnin-v3-r50-tsv2-logging-only-target60-stop60-exit-replay-maxwait66000-r1,R4_MARKUP_WITH_DUMP_RISK,2500,-700,40000,validation,333,0.18018018018018017,0.14262193282059743,-42394,-127.30930930930931,-212.0,-75694,-227.3093093093093,-312.0,0.09009009009009009,0.40540540540540543,0.5045045045045045,0.4024024024024024,27
shadow-burnin-v3-r50-tsv2-logging-only-target60-stop60-exit-replay-maxwait66000-r1,R4_MARKUP_WITH_DUMP_RISK,2500,-700,40000,holdout,366,0.16120218579234974,0.12708024457471043,-76896,-210.0983606557377,-590.5,-113496,-310.0983606557377,-690.5,0.07377049180327869,0.4672131147540984,0.45901639344262296,0.35792349726775957,19
shadow-burnin-v3-r50-tsv2-logging-only-target60-stop60-exit-replay-maxwait66000-r1,R4_MARKUP_WITH_DUMP_RISK,2500,-1000,20000,train,284,0.1443661971830986,0.10823386512295834,-61590,-216.8661971830986,-206.5,-89990,-316.86619718309856,-306.5,0.02464788732394366,0.20774647887323944,0.7676056338028169,0.6338028169014085,24
shadow-burnin-v3-r50-tsv2-logging-only-target60-stop60-exit-replay-maxwait66000-r1,R4_MARKUP_WITH_DUMP_RISK,2500,-1000,20000,validation,333,0.18618618618618618,0.14804206467975872,-73938,-222.03603603603602,-208.0,-107238,-322.036036036036,-308.0,0.04804804804804805,0.27927927927927926,0.6726726726726727,0.5195195195195195,19
shadow-burnin-v3-r50-tsv2-logging-only-target60-stop60-exit-replay-maxwait66000-r1,R4_MARKUP_WITH_DUMP_RISK,2500,-1000,20000,holdout,366,0.18032786885245902,0.14432532713074028,-110076,-300.75409836065575,-215.0,-146676,-400.75409836065575,-315.0,0.040983606557377046,0.3333333333333333,0.6256830601092896,0.45901639344262296,27
shadow-burnin-v3-r50-tsv2-logging-only-target60-stop60-exit-replay-maxwait66000-r1,R4_MARKUP_WITH_DUMP_RISK,2500,-1000,30000,train,284,0.15492957746478872,0.11748104202363187,-58425,-205.7218309859155,-209.0,-86825,-305.7218309859155,-309.0,0.04225352112676056,0.25,0.7077464788732394,0.5845070422535211,24
shadow-burnin-v3-r50-tsv2-logging-only-target60-stop60-exit-replay-maxwait66000-r1,R4_MARKUP_WITH_DUMP_RISK,2500,-1000,30000,validation,333,0.1831831831831832,0.14532996581765908,-78953,-237.0960960960961,-210.0,-112253,-337.0960960960961,-310.0,0.06906906906906907,0.33633633633633636,0.5945945945945946,0.46846846846846846,21
shadow-burnin-v3-r50-tsv2-logging-only-target60-stop60-exit-replay-maxwait66000-r1,R4_MARKUP_WITH_DUMP_RISK,2500,-1000,30000,holdout,366,0.17486338797814208,0.1393808552305277,-112061,-306.1775956284153,-267.0,-148661,-406.1775956284153,-367.0,0.07103825136612021,0.3879781420765027,0.5409836065573771,0.4207650273224044,21
shadow-burnin-v3-r50-tsv2-logging-only-target60-stop60-exit-replay-maxwait66000-r1,R4_MARKUP_WITH_DUMP_RISK,2500,-1000,40000,train,284,0.15492957746478872,0.11748104202363187,-60036,-211.3943661971831,-209.0,-88436,-311.3943661971831,-309.0,0.05985915492957746,0.2746478873239437,0.6654929577464789,0.5563380281690141,24
shadow-burnin-v3-r50-tsv2-logging-only-target60-stop60-exit-replay-maxwait66000-r1,R4_MARKUP_WITH_DUMP_RISK,2500,-1000,40000,validation,333,0.1981981981981982,0.15892967020649076,-67082,-201.44744744744744,-211.0,-100382,-301.4474474474475,-311.0,0.0960960960960961,0.3633633633633634,0.5405405405405406,0.4264264264264264,27
shadow-burnin-v3-r50-tsv2-logging-only-target60-stop60-exit-replay-maxwait66000-r1,R4_MARKUP_WITH_DUMP_RISK,2500,-1000,40000,holdout,366,0.17486338797814208,0.1393808552305277,-109049,-297.948087431694,-437.0,-145649,-397.948087431694,-537.0,0.08469945355191257,0.42896174863387976,0.48633879781420764,0.3797814207650273,19
