mask_name,target_bps,stop_bps,max_hold_ms,pass_r49,pass_r50,passing_both,absolute_profitable_both_cost100_200,r49_delta_sum_bps,r49_delta_avg_bps,r49_delta_median_bps,r49_action_precision,r49_wilson_lower,r49_target_cut_damage_ratio,r49_aggregate_target_cut_guard,r49_segment_target_cut_guard,r49_target_cut_count_guard,r49_public_row_verdict,r50_delta_sum_bps,r50_delta_avg_bps,r50_delta_median_bps,r50_action_precision,r50_wilson_lower,r50_target_cut_damage_ratio,r50_aggregate_target_cut_guard,r50_segment_target_cut_guard,r50_target_cut_count_guard,r50_public_row_verdict
M0_ALL,1000,-6000,30000,False,False,False,False,207479,43.698188711036224,0.0,0.6010498687664042,0.5723686459361212,0.34491332098967975,False,False,False,TARGET_CUT_RISK_UNRESOLVED / INCONCLUSIVE_RESEARCH,277094,75.79157549234135,0.0,0.6562173458725182,0.6255540300823789,0.2636291915602824,False,False,False,TARGET_CUT_RISK_UNRESOLVED / INCONCLUSIVE_RESEARCH
M0_ALL,1000,-6000,60000,False,False,False,False,403508,84.98483572030328,0.0,0.6425368353619475,0.6184390544618463,0.406359116900717,False,False,False,TARGET_CUT_RISK_UNRESOLVED / INCONCLUSIVE_RESEARCH,436118,119.2882932166302,0.0,0.6885865457294029,0.6631180995805054,0.33841248428733484,False,False,False,TARGET_CUT_RISK_UNRESOLVED / INCONCLUSIVE_RESEARCH
M0_ALL,1000,-6000,120000,False,False,False,False,612366,128.97346251053074,0.0,0.7021716649431231,0.6814062050101617,0.41836353065575055,False,False,False,TARGET_CUT_RISK_UNRESOLVED / INCONCLUSIVE_RESEARCH,553071,151.27762582056891,0.0,0.7283090563647878,0.705833800916527,0.3644824996062563,False,False,False,TARGET_CUT_RISK_UNRESOLVED / INCONCLUSIVE_RESEARCH
M0_ALL,1000,-5000,30000,False,False,False,False,199155,41.94502948609941,0.0,0.6015971606033718,0.5727160358984946,0.35695487657964314,False,False,False,TARGET_CUT_RISK_UNRESOLVED / INCONCLUSIVE_RESEARCH,253563,69.35530634573304,0.0,0.6542553191489362,0.6232786000288754,0.27970756978934747,False,False,False,TARGET_CUT_RISK_UNRESOLVED / INCONCLUSIVE_RESEARCH
M0_ALL,1000,-5000,60000,False,False,False,False,372951,78.54907329401854,0.0,0.6439688715953308,0.6197389944623442,0.4275503424059596,False,False,False,TARGET_CUT_RISK_UNRESOLVED / INCONCLUSIVE_RESEARCH,414750,113.44365426695842,0.0,0.6896551724137931,0.6640287888646029,0.34149331232718155,False,False,False,TARGET_CUT_RISK_UNRESOLVED / INCONCLUSIVE_RESEARCH
M0_ALL,1000,-5000,120000,False,False,False,False,589340,124.12384161752317,0.0,0.7054830287206266,0.6846723558933387,0.42533938251654035,False,False,False,TARGET_CUT_RISK_UNRESOLVED / INCONCLUSIVE_RESEARCH,529214,144.75218818380745,0.0,0.7294871794871794,0.706899431244736,0.36990762110108566,False,False,False,TARGET_CUT_RISK_UNRESOLVED / INCONCLUSIVE_RESEARCH
M0_ALL,1000,-3000,30000,False,False,False,False,143105,30.14005897219882,0.0,0.6015037593984962,0.5717716105162097,0.40564008563948956,False,False,True,TARGET_CUT_RISK_UNRESOLVED / INCONCLUSIVE_RESEARCH,179323,49.04896061269147,0.0,0.6520763187429854,0.6202086209865758,0.30890728142490304,False,False,True,TARGET_CUT_RISK_UNRESOLVED / INCONCLUSIVE_RESEARCH
M0_ALL,1000,-3000,60000,False,False,False,False,237653,50.05328559393429,0.0,0.6428571428571429,0.6180194576552701,0.4961614069466752,False,False,False,TARGET_CUT_RISK_UNRESOLVED / INCONCLUSIVE_RESEARCH,288461,78.90071115973741,0.0,0.6946011281224819,0.668408143090752,0.38689203354297697,False,False,True,TARGET_CUT_RISK_UNRESOLVED / INCONCLUSIVE_RESEARCH
M0_ALL,1000,-3000,120000,False,False,False,False,387351,81.58192923336142,0.0,0.7062975027144408,0.6850859815111797,0.5011161411620364,False,False,False,TARGET_CUT_RISK_UNRESOLVED / INCONCLUSIVE_RESEARCH,402193,110.0090262582057,0.0,0.7419571045576407,0.7191532046656243,0.38920644147344396,False,False,True,TARGET_CUT_RISK_UNRESOLVED / INCONCLUSIVE_RESEARCH
M0_ALL,1000,-2000,30000,False,False,False,False,79050,16.649115417017693,0.0,0.6028225806451613,0.5720327020858464,0.4910670897292971,False,False,True,TARGET_CUT_RISK_UNRESOLVED / INCONCLUSIVE_RESEARCH,112636,30.808533916849015,0.0,0.66270783847981,0.6300987045270353,0.37104392330828145,False,False,True,TARGET_CUT_RISK_UNRESOLVED / INCONCLUSIVE_RESEARCH
M0_ALL,1000,-2000,60000,False,False,False,False,133127,28.03854254422915,0.0,0.6449746926970354,0.6193852852190006,0.5779870747158115,False,False,True,TARGET_CUT_RISK_UNRESOLVED / INCONCLUSIVE_RESEARCH,199123,54.46471553610503,0.0,0.7076663858466723,0.6811548076684905,0.44385617938837046,False,False,True,TARGET_CUT_RISK_UNRESOLVED / INCONCLUSIVE_RESEARCH
M0_ALL,1000,-2000,120000,False,False,False,False,238898,50.315501263689974,0.0,0.7100456621004566,0.6883578230788726,0.5815624374924261,False,False,False,TARGET_CUT_RISK_UNRESOLVED / INCONCLUSIVE_RESEARCH,290828,79.54814004376368,0.0,0.7533101045296168,0.730349238944284,0.4342825022250212,False,False,True,TARGET_CUT_RISK_UNRESOLVED / INCONCLUSIVE_RESEARCH
M0_ALL,1000,-1500,30000,False,False,False,False,56566,11.913647851727044,0.0,0.6102941176470589,0.5789309688616668,0.5217591156587155,False,False,True,TARGET_CUT_RISK_UNRESOLVED / INCONCLUSIVE_RESEARCH,105768,28.929978118161927,0.0,0.6836861768368617,0.6507117984657234,0.3657527204181304,False,False,True,TARGET_CUT_RISK_UNRESOLVED / INCONCLUSIVE_RESEARCH
M0_ALL,1000,-1500,60000,False,False,False,False,82891,17.45808761583825,0.0,0.6497386109036595,0.6237913290232983,0.6334875873704507,False,False,True,TARGET_CUT_RISK_UNRESOLVED / INCONCLUSIVE_RESEARCH,159988,43.76039387308534,0.0,0.7200349956255468,0.6933023755627044,0.45063843039551543,False,False,True,TARGET_CUT_RISK_UNRESOLVED / INCONCLUSIVE_RESEARCH
M0_ALL,1000,-1500,120000,False,False,False,False,180837,38.08698399326032,0.0,0.7186400937866354,0.6968296116304286,0.6071960220273642,False,False,True,TARGET_CUT_RISK_UNRESOLVED / INCONCLUSIVE_RESEARCH,245307,67.09710065645514,0.0,0.7680115273775217,0.7450841466923478,0.4245388193441172,False,False,True,TARGET_CUT_RISK_UNRESOLVED / INCONCLUSIVE_RESEARCH
M0_ALL,1000,-1000,30000,False,False,False,False,42468,8.944397641112047,0.0,0.6214039125431531,0.5886874322839349,0.5446107263088651,False,False,True,TARGET_CUT_RISK_UNRESOLVED / INCONCLUSIVE_RESEARCH,65469,17.907275711159738,0.0,0.6865671641791045,0.6521817021072113,0.41400038782237736,False,False,True,TARGET_CUT_RISK_UNRESOLVED / INCONCLUSIVE_RESEARCH
M0_ALL,1000,-1000,60000,False,False,False,False,55217,11.629528222409435,0.0,0.6629213483146067,0.6362088200057935,0.6350531299582166,False,False,True,TARGET_CUT_RISK_UNRESOLVED / INCONCLUSIVE_RESEARCH,98343,26.899070021881837,0.0,0.7268475210477081,0.699360166399606,0.5054680945938796,False,False,True,TARGET_CUT_RISK_UNRESOLVED / INCONCLUSIVE_RESEARCH
M0_ALL,1000,-1000,120000,False,False,False,False,136254,28.697135636057286,0.0,0.7330429371499689,0.7108773860829171,0.6034791591847231,False,False,True,TARGET_CUT_RISK_UNRESOLVED / INCONCLUSIVE_RESEARCH,165053,45.145787746170676,0.0,0.7776085300837776,0.7543235248295019,0.4627173428444048,False,False,True,TARGET_CUT_RISK_UNRESOLVED / INCONCLUSIVE_RESEARCH
M0_ALL,1000,-700,30000,False,False,False,False,24307,5.119418702611626,0.0,0.6352657004830918,0.6019240775525684,0.5665629850710489,False,False,True,TARGET_CUT_RISK_UNRESOLVED / INCONCLUSIVE_RESEARCH,33473,9.155634573304157,0.0,0.6836158192090396,0.6484464760557149,0.49539423389874127,False,False,True,TARGET_CUT_RISK_UNRESOLVED / INCONCLUSIVE_RESEARCH
M0_ALL,1000,-700,60000,False,False,False,False,23266,4.90016849199663,0.0,0.6769358867610324,0.6499598096487658,0.6814550453802469,False,False,True,TARGET_CUT_RISK_UNRESOLVED / INCONCLUSIVE_RESEARCH,49532,13.548140043763675,0.0,0.7299128751210068,0.702021785458219,0.6064135219894286,False,False,True,TARGET_CUT_RISK_UNRESOLVED / INCONCLUSIVE_RESEARCH
M0_ALL,1000,-700,120000,False,False,False,False,90553,19.071819713563606,0.0,0.7456647398843931,0.723447186031816,0.6426215206782803,False,False,True,TARGET_CUT_RISK_UNRESOLVED / INCONCLUSIVE_RESEARCH,102204,27.955142231947484,0.0,0.7817896389324961,0.7582806432139189,0.5466254361825867,False,False,True,TARGET_CUT_RISK_UNRESOLVED / INCONCLUSIVE_RESEARCH
M0_ALL,1000,-500,30000,False,False,False,False,4813,1.0136899747262005,0.0,0.6469104665825978,0.613010835218845,0.6312007866395163,False,False,True,TARGET_CUT_RISK_UNRESOLVED / INCONCLUSIVE_RESEARCH,19830,5.423960612691466,0.0,0.7016248153618907,0.6661000122977402,0.5345088209406452,False,False,True,TARGET_CUT_RISK_UNRESOLVED / INCONCLUSIVE_RESEARCH
M0_ALL,1000,-500,60000,False,False,False,False,-8103,-1.7066133108677337,0.0,0.6862068965517242,0.6589258022653236,0.7671348562013958,False,False,True,TARGET_CUT_RISK_UNRESOLVED / INCONCLUSIVE_RESEARCH,25447,6.960339168490153,0.0,0.7469879518072289,0.7190753349819368,0.6707234277955191,False,False,True,TARGET_CUT_RISK_UNRESOLVED / INCONCLUSIVE_RESEARCH
M0_ALL,1000,-500,120000,False,False,False,False,39080,8.23083403538332,0.0,0.753315649867374,0.7309327394646964,0.7302356148378931,False,False,True,TARGET_CUT_RISK_UNRESOLVED / INCONCLUSIVE_RESEARCH,66158,18.095733041575492,0.0,0.7954729183508489,0.7720966921280021,0.5959236769730061,False,False,True,TARGET_CUT_RISK_UNRESOLVED / INCONCLUSIVE_RESEARCH
M0_ALL,1000,-300,30000,False,False,False,False,-22199,-4.675442291491154,0.0,0.6493150684931507,0.6139996322225377,0.8405269358466316,False,False,True,TARGET_CUT_RISK_UNRESOLVED / INCONCLUSIVE_RESEARCH,-4681,-1.2803610503282277,0.0,0.7160686427457098,0.679955566741919,0.7225158484986018,False,False,True,TARGET_CUT_RISK_UNRESOLVED / INCONCLUSIVE_RESEARCH
M0_ALL,1000,-300,60000,False,False,False,False,-49368,-10.397641112047177,0.0,0.6918819188191881,0.6637587618080935,1.015847706615082,False,False,True,TARGET_CUT_RISK_UNRESOLVED / INCONCLUSIVE_RESEARCH,-10176,-2.7833698030634575,0.0,0.7592008412197687,0.731018087028287,0.8719819011584818,False,False,True,TARGET_CUT_RISK_UNRESOLVED / INCONCLUSIVE_RESEARCH
M0_ALL,1000,-300,120000,False,False,False,False,-29504,-6.213984835720304,0.0,0.7659873506676037,0.7432915600891129,0.9806284311291346,False,False,True,TARGET_CUT_RISK_UNRESOLVED / INCONCLUSIVE_RESEARCH,5945,1.62609409190372,0.0,0.8048780487804879,0.7813855460130668,0.7971772835116944,False,False,True,TARGET_CUT_RISK_UNRESOLVED / INCONCLUSIVE_RESEARCH
M0_ALL,1000,-200,30000,False,False,False,False,-36825,-7.755897219882056,0.0,0.6489675516224189,0.6122930086390016,1.1161182216834824,False,False,True,TARGET_CUT_RISK_UNRESOLVED / INCONCLUSIVE_RESEARCH,-23871,-6.5292669584245075,0.0,0.7123966942148761,0.6750770699575469,1.0616254036598494,False,False,True,TARGET_CUT_RISK_UNRESOLVED / INCONCLUSIVE_RESEARCH
M0_ALL,1000,-200,60000,False,False,False,False,-71917,-15.146798652064026,0.0,0.6994163424124513,0.6706876609664619,1.3671168121330002,False,False,True,TARGET_CUT_RISK_UNRESOLVED / INCONCLUSIVE_RESEARCH,-39298,-10.74890590809628,0.0,0.7566079295154186,0.7276525782989347,1.2485338334672977,False,False,True,TARGET_CUT_RISK_UNRESOLVED / INCONCLUSIVE_RESEARCH
M0_ALL,1000,-200,120000,False,False,False,False,-76082,-16.024010109519796,0.0,0.7738619676945668,0.7508929970557695,1.3969668915046511,False,False,True,TARGET_CUT_RISK_UNRESOLVED / INCONCLUSIVE_RESEARCH,-36782,-10.060722100656456,0.0,0.8063102541630149,0.782367589640047,1.1866317650570595,False,False,True,TARGET_CUT_RISK_UNRESOLVED / INCONCLUSIVE_RESEARCH
M0_ALL,1500,-6000,30000,False,False,False,False,192082,40.45534962089301,0.0,0.6013456686291001,0.5732319491351383,0.3405181361986642,False,False,False,TARGET_CUT_RISK_UNRESOLVED / INCONCLUSIVE_RESEARCH,276930,75.74671772428884,0.0,0.6569416498993964,0.626875879186628,0.2493784752301474,True,False,True,TARGET_CUT_RISK_UNRESOLVED / INCONCLUSIVE_RESEARCH
M0_ALL,1500,-6000,60000,False,False,False,False,390122,82.16554338668914,0.0,0.6438271604938272,0.6201932580242643,0.42199217433846453,False,False,False,TARGET_CUT_RISK_UNRESOLVED / INCONCLUSIVE_RESEARCH,469745,128.48605032822758,0.0,0.6912408759124088,0.6662713601926951,0.32976444671159844,False,False,False,TARGET_CUT_RISK_UNRESOLVED / INCONCLUSIVE_RESEARCH
M0_ALL,1500,-6000,120000,False,False,False,False,616817,129.9109098567818,0.0,0.7076228686058175,0.6872743721210641,0.44300415289086553,False,False,False,TARGET_CUT_RISK_UNRESOLVED / INCONCLUSIVE_RESEARCH,616381,168.59436542669584,0.0,0.7363245236631838,0.7143754941919033,0.36526973877054597,False,False,False,TARGET_CUT_RISK_UNRESOLVED / INCONCLUSIVE_RESEARCH
M0_ALL,1500,-5000,30000,False,False,False,False,184257,38.807287278854254,0.0,0.6027280477408354,0.5744335049403322,0.3528750660694912,False,False,False,TARGET_CUT_RISK_UNRESOLVED / INCONCLUSIVE_RESEARCH,251435,68.77324945295405,0.0,0.6550665301944729,0.6247049265613357,0.2645154732054231,False,False,True,TARGET_CUT_RISK_UNRESOLVED / INCONCLUSIVE_RESEARCH
M0_ALL,1500,-5000,60000,False,False,False,False,353622,74.47809604043807,0.0,0.6452217364147408,0.6214635044378165,0.4447008205010949,False,False,False,TARGET_CUT_RISK_UNRESOLVED / INCONCLUSIVE_RESEARCH,442479,121.02817286652079,0.0,0.6923076923076923,0.6671898256854591,0.33363232743175936,False,False,False,TARGET_CUT_RISK_UNRESOLVED / INCONCLUSIVE_RESEARCH
M0_ALL,1500,-5000,120000,False,False,False,False,582747,122.73525695029485,0.0,0.710886075949367,0.6904979406778284,0.4582328005258538,False,False,False,TARGET_CUT_RISK_UNRESOLVED / INCONCLUSIVE_RESEARCH,585965,160.27489059080963,0.0,0.7373988799004356,0.71533603815368,0.37161663003368284,False,False,False,TARGET_CUT_RISK_UNRESOLVED / INCONCLUSIVE_RESEARCH
M0_ALL,1500,-3000,30000,False,False,False,False,118139,24.8818449873631,0.0,0.6025293586269196,0.5733944084946463,0.411800847797629,False,False,True,TARGET_CUT_RISK_UNRESOLVED / INCONCLUSIVE_RESEARCH,172536,47.1925601750547,0.0,0.6526429341963322,0.6214195647168907,0.29194506686674304,False,False,True,TARGET_CUT_RISK_UNRESOLVED / INCONCLUSIVE_RESEARCH
M0_ALL,1500,-3000,60000,False,False,False,False,198580,41.82392586352148,0.0,0.6430446194225722,0.6186587593051384,0.527409865399752,False,False,True,TARGET_CUT_RISK_UNRESOLVED / INCONCLUSIVE_RESEARCH,309533,84.66438730853392,0.0,0.6977466977466977,0.6720990948664874,0.37206008583690986,False,False,True,TARGET_CUT_RISK_UNRESOLVED / INCONCLUSIVE_RESEARCH
M0_ALL,1500,-3000,120000,False,False,False,False,350287,73.7756950294861,0.0,0.7120253164556962,0.6912303791573586,0.5452566912447007,False,False,True,TARGET_CUT_RISK_UNRESOLVED / INCONCLUSIVE_RESEARCH,433221,118.49589715536105,0.0,0.7503250975292588,0.7280881079240696,0.40100317966889204,False,False,True,TARGET_CUT_RISK_UNRESOLVED / INCONCLUSIVE_RESEARCH
M0_ALL,1500,-2000,30000,False,False,False,False,54991,11.581929233361416,0.0,0.6050338818973863,0.5748870723286854,0.4918935569833977,False,False,True,TARGET_CUT_RISK_UNRESOLVED / INCONCLUSIVE_RESEARCH,106237,29.058260393873084,0.0,0.6647662485746865,0.6328643231131951,0.349115836982546,False,False,True,TARGET_CUT_RISK_UNRESOLVED / INCONCLUSIVE_RESEARCH
M0_ALL,1500,-2000,60000,False,False,False,False,90208,18.99915754001685,0.0,0.6466480446927374,0.6215278006878365,0.6147914898277703,False,False,True,TARGET_CUT_RISK_UNRESOLVED / INCONCLUSIVE_RESEARCH,215390,58.91411378555799,0.0,0.7118506493506493,0.6859330531754868,0.41422934372489595,False,False,True,TARGET_CUT_RISK_UNRESOLVED / INCONCLUSIVE_RESEARCH
M0_ALL,1500,-2000,120000,False,False,False,False,188674,39.73757371524852,0.0,0.7162687395891172,0.695005403797804,0.634238230072141,False,False,True,TARGET_CUT_RISK_UNRESOLVED / INCONCLUSIVE_RESEARCH,312831,85.56646608315098,0.0,0.7635135135135135,0.741200046812976,0.44506597863033,False,False,True,TARGET_CUT_RISK_UNRESOLVED / INCONCLUSIVE_RESEARCH
M0_ALL,1500,-1500,30000,False,False,False,False,29324,6.176074136478517,0.0,0.6112789526686808,0.5805867469417079,0.5254247097674736,False,False,True,TARGET_CUT_RISK_UNRESOLVED / INCONCLUSIVE_RESEARCH,100682,27.538840262582056,0.0,0.684964200477327,0.6527292716842739,0.35276903943229204,False,False,True,TARGET_CUT_RISK_UNRESOLVED / INCONCLUSIVE_RESEARCH
M0_ALL,1500,-1500,60000,False,False,False,False,33858,7.131002527379949,0.0,0.6507936507936508,0.6253106800178462,0.680892874806291,False,False,True,TARGET_CUT_RISK_UNRESOLVED / INCONCLUSIVE_RESEARCH,160599,43.927516411378555,0.0,0.7222222222222222,0.6960672526099847,0.4465181179959011,False,False,True,TARGET_CUT_RISK_UNRESOLVED / INCONCLUSIVE_RESEARCH
M0_ALL,1500,-1500,120000,False,False,False,False,120722,25.42586352148273,0.0,0.7233314318311466,0.7019189100823148,0.6806420483889564,False,False,True,TARGET_CUT_RISK_UNRESOLVED / INCONCLUSIVE_RESEARCH,249559,68.2601203501094,0.0,0.7752965806001396,0.7529664757014045,0.45607557486945777,False,False,True,TARGET_CUT_RISK_UNRESOLVED / INCONCLUSIVE_RESEARCH
M0_ALL,1500,-1000,30000,False,False,False,False,16134,3.3980623420387532,0.0,0.6204620462046204,0.5884709655980104,0.5504924132368311,False,False,True,TARGET_CUT_RISK_UNRESOLVED / INCONCLUSIVE_RESEARCH,52603,14.388129102844639,0.0,0.6865284974093264,0.6529488789751602,0.4231158625826859,False,False,True,TARGET_CUT_RISK_UNRESOLVED / INCONCLUSIVE_RESEARCH
M0_ALL,1500,-1000,60000,False,False,False,False,10844,2.2839090143218197,0.0,0.6622773044151821,0.6360317274924323,0.7021861361673407,False,False,True,TARGET_CUT_RISK_UNRESOLVED / INCONCLUSIVE_RESEARCH,89282,24.420678336980306,0.0,0.7286612758310872,0.7017851142223589,0.5135181834482534,False,False,True,TARGET_CUT_RISK_UNRESOLVED / INCONCLUSIVE_RESEARCH
M0_ALL,1500,-1000,120000,False,False,False,False,76071,16.021693344566135,0.0,0.7354721549636803,0.71367381177819,0.6969565234973694,False,False,True,TARGET_CUT_RISK_UNRESOLVED / INCONCLUSIVE_RESEARCH,161705,44.23003282275711,0.0,0.7840825350036846,0.761404953977725,0.5017461041484153,False,False,True,TARGET_CUT_RISK_UNRESOLVED / INCONCLUSIVE_RESEARCH
M0_ALL,1500,-700,30000,False,False,False,False,3463,0.7293597304128054,0.0,0.6339491916859122,0.6013392013979739,0.5628393757326311,False,False,True,TARGET_CUT_RISK_UNRESOLVED / INCONCLUSIVE_RESEARCH,20411,5.582877461706784,0.0,0.6846361185983828,0.6503242904008746,0.5171735632412245,False,False,True,TARGET_CUT_RISK_UNRESOLVED / INCONCLUSIVE_RESEARCH
M0_ALL,1500,-700,60000,False,False,False,False,-13455,-2.8338247683235047,0.0,0.6773934030571199,0.650893364826775,0.7367717551622419,False,False,True,TARGET_CUT_RISK_UNRESOLVED / INCONCLUSIVE_RESEARCH,44197,12.088894967177243,0.0,0.7358139534883721,0.7086516535805084,0.5977153530558479,False,False,True,TARGET_CUT_RISK_UNRESOLVED / INCONCLUSIVE_RESEARCH
M0_ALL,1500,-700,120000,False,False,False,False,40057,8.436604886267903,0.0,0.7492182614133833,0.7273920997367589,0.7335450083924574,False,False,True,TARGET_CUT_RISK_UNRESOLVED / INCONCLUSIVE_RESEARCH,100855,27.586159737417944,0.0,0.7922374429223744,0.7694648014185477,0.5770909725859962,False,False,True,TARGET_CUT_RISK_UNRESOLVED / INCONCLUSIVE_RESEARCH
M0_ALL,1500,-500,30000,False,False,False,False,-13379,-2.8178180286436394,0.0,0.6450060168471721,0.611872676793846,0.6180844892147038,False,False,True,TARGET_CUT_RISK_UNRESOLVED / INCONCLUSIVE_RESEARCH,6311,1.726203501094092,0.0,0.70042194092827,0.6657478337779229,0.5741148512218834,False,False,True,TARGET_CUT_RISK_UNRESOLVED / INCONCLUSIVE_RESEARCH
M0_ALL,1500,-500,60000,False,False,False,False,-45502,-9.583403538331929,0.0,0.685785536159601,0.6589978102246198,0.8371242873535588,False,False,True,TARGET_CUT_RISK_UNRESOLVED / INCONCLUSIVE_RESEARCH,19888,5.439824945295404,0.0,0.7514450867052023,0.7242589780425193,0.6559234655928595,False,False,True,TARGET_CUT_RISK_UNRESOLVED / INCONCLUSIVE_RESEARCH
M0_ALL,1500,-500,120000,False,False,False,False,-5887,-1.2398904802021904,0.0,0.7575757575757576,0.7356285767144856,0.8181961195595175,False,False,True,TARGET_CUT_RISK_UNRESOLVED / INCONCLUSIVE_RESEARCH,62013,16.961980306345733,0.0,0.8042286609240408,0.7815668299271175,0.6312865741832876,False,False,True,TARGET_CUT_RISK_UNRESOLVED / INCONCLUSIVE_RESEARCH
M0_ALL,1500,-300,30000,False,False,False,False,-39455,-8.309814658803706,0.0,0.6466753585397653,0.6121925603096674,0.8207340310426381,False,False,True,TARGET_CUT_RISK_UNRESOLVED / INCONCLUSIVE_RESEARCH,-19916,-5.447483588621444,0.0,0.711738484398217,0.6763917327646283,0.7716128550260861,False,False,True,TARGET_CUT_RISK_UNRESOLVED / INCONCLUSIVE_RESEARCH
M0_ALL,1500,-300,60000,False,False,False,False,-82384,-17.351305812973884,0.0,0.6906666666666667,0.6630463368076241,1.0667219089580091,False,False,True,TARGET_CUT_RISK_UNRESOLVED / INCONCLUSIVE_RESEARCH,-16470,-4.50492341356674,0.0,0.7636363636363637,0.7361843594335872,0.8300732201748813,False,False,True,TARGET_CUT_RISK_UNRESOLVED / INCONCLUSIVE_RESEARCH
M0_ALL,1500,-300,120000,False,False,False,False,-73265,-15.430707666385846,0.0,0.7691256830601093,0.7468525260351927,1.086133439372852,False,False,True,TARGET_CUT_RISK_UNRESOLVED / INCONCLUSIVE_RESEARCH,3393,0.9280634573304157,0.0,0.8140293637846656,0.7912810516928319,0.7933929432543764,False,False,True,TARGET_CUT_RISK_UNRESOLVED / INCONCLUSIVE_RESEARCH
M0_ALL,1500,-200,30000,False,False,False,False,-52375,-11.030960404380792,0.0,0.6456582633053222,0.6098799134820748,1.0093367204436938,False,False,True,TARGET_CUT_RISK_UNRESOLVED / INCONCLUSIVE_RESEARCH,-39433,-10.785831509846828,0.0,0.7080062794348508,0.6715344596277767,1.0935315315315315,False,False,True,TARGET_CUT_RISK_UNRESOLVED / INCONCLUSIVE_RESEARCH
M0_ALL,1500,-200,60000,False,False,False,False,-100895,-21.25,0.0,0.697565543071161,0.6693509994428987,1.34184835037623,False,False,True,TARGET_CUT_RISK_UNRESOLVED / INCONCLUSIVE_RESEARCH,-48505,-13.26723194748359,0.0,0.7600422832980972,0.7318115480785593,1.1281726705142783,False,False,True,TARGET_CUT_RISK_UNRESOLVED / INCONCLUSIVE_RESEARCH
M0_ALL,1500,-200,120000,False,False,False,False,-113529,-23.910909856781803,0.0,0.7774607703281027,0.7549462458289402,1.4304647086486255,False,False,True,TARGET_CUT_RISK_UNRESOLVED / INCONCLUSIVE_RESEARCH,-43502,-11.898796498905908,0.0,0.8147833474936279,0.7915785337300767,1.1373372569223112,False,False,True,TARGET_CUT_RISK_UNRESOLVED / INCONCLUSIVE_RESEARCH
M0_ALL,2000,-6000,30000,False,False,False,False,172855,36.405855096882895,0.0,0.6006546644844517,0.5729205679284063,0.35639969182326736,False,False,False,TARGET_CUT_RISK_UNRESOLVED / INCONCLUSIVE_RESEARCH,275490,75.35284463894968,0.0,0.656188605108055,0.6264728746390893,0.25224368718598483,False,False,True,TARGET_CUT_RISK_UNRESOLVED / INCONCLUSIVE_RESEARCH
M0_ALL,2000,-6000,60000,False,False,False,False,368029,77.51242628475147,0.0,0.6458957459556621,0.622640754082318,0.4246388951078104,False,False,False,TARGET_CUT_RISK_UNRESOLVED / INCONCLUSIVE_RESEARCH,475484,130.05579868708972,0.0,0.6936744847192609,0.6690878568235326,0.33798397414315534,False,False,False,TARGET_CUT_RISK_UNRESOLVED / INCONCLUSIVE_RESEARCH
M0_ALL,2000,-6000,120000,False,False,False,False,616679,129.8818449873631,0.0,0.7137964774951077,0.6938152884460653,0.45045014111975606,False,False,False,TARGET_CUT_RISK_UNRESOLVED / INCONCLUSIVE_RESEARCH,616802,168.70951859956236,0.0,0.737252549490102,0.715596365872827,0.3966450412137255,False,False,False,TARGET_CUT_RISK_UNRESOLVED / INCONCLUSIVE_RESEARCH
M0_ALL,2000,-5000,30000,False,False,False,False,164030,34.547177759056446,0.0,0.6019900497512438,0.5740823298189359,0.369114629319003,False,False,True,TARGET_CUT_RISK_UNRESOLVED / INCONCLUSIVE_RESEARCH,248653,68.01230853391685,0.0,0.6543456543456544,0.6243444924166061,0.267171835620926,False,False,True,TARGET_CUT_RISK_UNRESOLVED / INCONCLUSIVE_RESEARCH
M0_ALL,2000,-5000,60000,False,False,False,False,327529,68.98251895534962,0.0,0.6472727272727272,0.6238996792165711,0.4475064348919111,False,False,False,TARGET_CUT_RISK_UNRESOLVED / INCONCLUSIVE_RESEARCH,447534,122.41083150984683,0.0,0.6947444204463643,0.670016602470646,0.34144417535064586,False,False,True,TARGET_CUT_RISK_UNRESOLVED / INCONCLUSIVE_RESEARCH
M0_ALL,2000,-5000,120000,False,False,False,False,575330,121.17312552653749,0.0,0.717037037037037,0.6970216257314357,0.46790913029701436,False,False,False,TARGET_CUT_RISK_UNRESOLVED / INCONCLUSIVE_RESEARCH,585507,160.1496170678337,0.0,0.7389192471159685,0.7171684177679172,0.4030261832534196,False,False,True,TARGET_CUT_RISK_UNRESOLVED / INCONCLUSIVE_RESEARCH
M0_ALL,2000,-3000,30000,False,False,False,False,96606,20.346672283066553,0.0,0.6019332161687171,0.5731961280719451,0.4205034658883619,False,False,True,TARGET_CUT_RISK_UNRESOLVED / INCONCLUSIVE_RESEARCH,169664,46.40700218818381,0.0,0.6519453207150369,0.6211135930073932,0.28975432627825576,False,False,True,TARGET_CUT_RISK_UNRESOLVED / INCONCLUSIVE_RESEARCH
M0_ALL,2000,-3000,60000,False,False,False,False,168252,35.436394271272114,0.0,0.6452229299363057,0.6212283791023875,0.5307823987337894,False,False,True,TARGET_CUT_RISK_UNRESOLVED / INCONCLUSIVE_RESEARCH,297788,81.45185995623632,0.0,0.6993957703927492,0.6741498456238413,0.3849385153683453,False,False,True,TARGET_CUT_RISK_UNRESOLVED / INCONCLUSIVE_RESEARCH
M0_ALL,2000,-3000,120000,False,False,False,False,332222,69.9709351305813,0.0,0.7188465499485067,0.6984349540357323,0.5559551244244495,False,False,True,TARGET_CUT_RISK_UNRESOLVED / INCONCLUSIVE_RESEARCH,420562,115.03336980306345,0.0,0.7522179974651457,0.7303214924795821,0.43847204566468573,False,False,True,TARGET_CUT_RISK_UNRESOLVED / INCONCLUSIVE_RESEARCH
M0_ALL,2000,-2000,30000,False,False,False,False,33307,7.0149536647009265,0.0,0.6048918156161807,0.5751760895056841,0.4883046104392332,False,False,True,TARGET_CUT_RISK_UNRESOLVED / INCONCLUSIVE_RESEARCH,98000,26.805251641137854,0.0,0.6637069922308546,0.6322212780032662,0.34421874717961987,False,False,True,TARGET_CUT_RISK_UNRESOLVED / INCONCLUSIVE_RESEARCH
M0_ALL,2000,-2000,60000,False,False,False,False,61462,12.944818871103623,0.0,0.6494915254237288,0.6247823595772721,0.601501484433508,False,False,True,TARGET_CUT_RISK_UNRESOLVED / INCONCLUSIVE_RESEARCH,197606,54.04978118161926,0.0,0.7137223974763407,0.6882262925353592,0.4343880410078118,False,False,True,TARGET_CUT_RISK_UNRESOLVED / INCONCLUSIVE_RESEARCH
M0_ALL,2000,-2000,120000,False,False,False,False,165628,34.88374052232519,0.0,0.7234273318872018,0.7025628390011207,0.6406072246700242,False,False,True,TARGET_CUT_RISK_UNRESOLVED / INCONCLUSIVE_RESEARCH,291363,79.69447483588621,0.0,0.7656352863726136,0.7436792511896819,0.49309467086025727,False,False,True,TARGET_CUT_RISK_UNRESOLVED / INCONCLUSIVE_RESEARCH
M0_ALL,2000,-1500,30000,False,False,False,False,1783,0.37552653748946924,0.0,0.6099706744868035,0.5797232559995161,0.5385997782281191,False,False,True,TARGET_CUT_RISK_UNRESOLVED / INCONCLUSIVE_RESEARCH,94166,25.75656455142232,0.0,0.6844547563805105,0.6526704827819858,0.3516424020566702,False,False,True,TARGET_CUT_RISK_UNRESOLVED / INCONCLUSIVE_RESEARCH
M0_ALL,2000,-1500,60000,False,False,False,False,-5078,-1.069502948609941,0.0,0.6529041287613716,0.6278418313926589,0.6755737069631932,False,False,True,TARGET_CUT_RISK_UNRESOLVED / INCONCLUSIVE_RESEARCH,145439,39.780908096280086,0.0,0.7244480784955029,0.6987343097216598,0.46144019878689246,False,False,True,TARGET_CUT_RISK_UNRESOLVED / INCONCLUSIVE_RESEARCH
M0_ALL,2000,-1500,120000,False,False,False,False,83815,17.652695871946083,0.0,0.7293986636971047,0.7083784363837272,0.7026674133290667,False,False,True,TARGET_CUT_RISK_UNRESOLVED / INCONCLUSIVE_RESEARCH,231670,63.36706783369803,0.0,0.7775510204081633,0.7555827238164614,0.5022418841798426,False,False,True,TARGET_CUT_RISK_UNRESOLVED / INCONCLUSIVE_RESEARCH
M0_ALL,2000,-1000,30000,False,False,False,False,-6795,-1.431128896377422,0.0,0.6198083067092651,0.5883308036722245,0.5735036143422856,False,False,True,TARGET_CUT_RISK_UNRESOLVED / INCONCLUSIVE_RESEARCH,45931,12.563183807439826,0.0,0.6863979848866498,0.6532945786782821,0.4240933259265138,False,False,True,TARGET_CUT_RISK_UNRESOLVED / INCONCLUSIVE_RESEARCH
M0_ALL,2000,-1000,60000,False,False,False,False,-25715,-5.415964616680708,0.0,0.6631657914478619,0.6373572186291873,0.7101755438394171,False,False,True,TARGET_CUT_RISK_UNRESOLVED / INCONCLUSIVE_RESEARCH,77051,21.075218818380744,0.0,0.7321116928446771,0.7057271675351472,0.5417032535354469,False,False,True,TARGET_CUT_RISK_UNRESOLVED / INCONCLUSIVE_RESEARCH
M0_ALL,2000,-1000,120000,False,False,False,False,43283,9.116048862679023,0.0,0.7402597402597403,0.7188516062287837,0.7166006416616575,False,False,True,TARGET_CUT_RISK_UNRESOLVED / INCONCLUSIVE_RESEARCH,141821,38.79130196936543,0.0,0.7866379310344828,0.7643426466020519,0.5734243496140375,False,False,True,TARGET_CUT_RISK_UNRESOLVED / INCONCLUSIVE_RESEARCH
M0_ALL,2000,-700,30000,False,False,False,False,-15217,-3.2049283909014323,0.0,0.6328125,0.6007450563565533,0.5771045122808024,False,False,True,TARGET_CUT_RISK_UNRESOLVED / INCONCLUSIVE_RESEARCH,13314,3.6416849015317285,0.0,0.6858638743455497,0.6520893829771226,0.5048932847475274,False,False,True,TARGET_CUT_RISK_UNRESOLVED / INCONCLUSIVE_RESEARCH
M0_ALL,2000,-700,60000,False,False,False,False,-45207,-9.521272114574558,0.0,0.6786271450858035,0.6525623982877385,0.7350149121137128,False,False,True,TARGET_CUT_RISK_UNRESOLVED / INCONCLUSIVE_RESEARCH,31875,8.718544857768052,0.0,0.7396021699819169,0.7129407661861272,0.6198679001705782,False,False,True,TARGET_CUT_RISK_UNRESOLVED / INCONCLUSIVE_RESEARCH
M0_ALL,2000,-700,120000,False,False,False,False,9524,2.0058972198820557,0.0,0.753968253968254,0.7325324323062873,0.7450234777923178,False,False,True,TARGET_CUT_RISK_UNRESOLVED / INCONCLUSIVE_RESEARCH,84066,22.99398249452954,0.0,0.7958426132145509,0.773489625002868,0.6434317939289352,False,False,True,TARGET_CUT_RISK_UNRESOLVED / INCONCLUSIVE_RESEARCH
M0_ALL,2000,-500,30000,False,False,False,False,-31165,-6.563816343723673,0.0,0.6441860465116279,0.6116121482515003,0.6459517613794656,False,False,True,TARGET_CUT_RISK_UNRESOLVED / INCONCLUSIVE_RESEARCH,2920,0.7986870897155361,0.0,0.703551912568306,0.6694748671100552,0.5207669095877933,False,False,True,TARGET_CUT_RISK_UNRESOLVED / INCONCLUSIVE_RESEARCH
M0_ALL,2000,-500,60000,False,False,False,False,-77104,-16.239258635214828,0.0,0.6870967741935484,0.6607445386696444,0.8318892065388671,False,False,True,TARGET_CUT_RISK_UNRESOLVED / INCONCLUSIVE_RESEARCH,11136,3.0459518599562365,0.0,0.7563261480787254,0.7296776725801792,0.6603163128570421,False,False,True,TARGET_CUT_RISK_UNRESOLVED / INCONCLUSIVE_RESEARCH
M0_ALL,2000,-500,120000,False,False,False,False,-36804,-7.751474304970514,0.0,0.7619647355163728,0.740401824023735,0.8309824355264676,False,False,True,TARGET_CUT_RISK_UNRESOLVED / INCONCLUSIVE_RESEARCH,50581,13.835065645514224,0.0,0.8081039755351682,0.7858731277517532,0.6843909889015509,False,False,True,TARGET_CUT_RISK_UNRESOLVED / INCONCLUSIVE_RESEARCH
M0_ALL,2000,-300,30000,False,False,False,False,-56969,-11.998525695029485,0.0,0.6452830188679245,0.611400273952327,0.8434463073484728,False,False,True,TARGET_CUT_RISK_UNRESOLVED / INCONCLUSIVE_RESEARCH,-24199,-6.618982494529541,0.0,0.7138728323699421,0.6790912042890805,0.6769997543802194,False,False,True,TARGET_CUT_RISK_UNRESOLVED / INCONCLUSIVE_RESEARCH
M0_ALL,2000,-300,60000,False,False,False,False,-111523,-23.488416175231677,0.0,0.6919758412424504,0.6647986661868734,1.0489575298465363,False,False,True,TARGET_CUT_RISK_UNRESOLVED / INCONCLUSIVE_RESEARCH,-24505,-6.702680525164114,0.0,0.767944936086529,0.74102121839576,0.8208248986268403,False,False,True,TARGET_CUT_RISK_UNRESOLVED / INCONCLUSIVE_RESEARCH
M0_ALL,2000,-300,120000,False,False,False,False,-101122,-21.29780960404381,0.0,0.7736982643524699,0.7518241706999321,1.0856671215749087,False,False,True,TARGET_CUT_RISK_UNRESOLVED / INCONCLUSIVE_RESEARCH,-10247,-2.802789934354486,0.0,0.8165869218500797,0.7942111388535239,0.8661243915416905,False,False,True,TARGET_CUT_RISK_UNRESOLVED / INCONCLUSIVE_RESEARCH
M0_ALL,2000,-200,30000,False,False,False,False,-67843,-14.288753159224937,0.0,0.6450742240215924,0.6099549727889129,0.9867259119623882,False,False,True,TARGET_CUT_RISK_UNRESOLVED / INCONCLUSIVE_RESEARCH,-44316,-12.12144420131291,0.0,0.7103658536585366,0.6745100742599552,0.896547401846771,False,False,True,TARGET_CUT_RISK_UNRESOLVED / INCONCLUSIVE_RESEARCH
M0_ALL,2000,-200,60000,False,False,False,False,-123627,-26.037700084245998,0.0,0.7,0.6722613937714099,1.2309545294048414,False,False,True,TARGET_CUT_RISK_UNRESOLVED / INCONCLUSIVE_RESEARCH,-56860,-15.552516411378555,0.0,0.7654320987654321,0.7377811069784468,1.066836463613133,False,False,True,TARGET_CUT_RISK_UNRESOLVED / INCONCLUSIVE_RESEARCH
M0_ALL,2000,-200,120000,False,False,False,False,-134618,-28.35256950294861,0.0,0.7831241283124128,0.7610526209584167,1.346464723881169,False,False,True,TARGET_CUT_RISK_UNRESOLVED / INCONCLUSIVE_RESEARCH,-57367,-15.691192560175054,0.0,0.8181063122923588,0.7953161982224125,1.1826695762865975,False,False,True,TARGET_CUT_RISK_UNRESOLVED / INCONCLUSIVE_RESEARCH
M0_ALL,3000,-6000,30000,False,False,False,False,144208,30.372367312552655,0.0,0.608,0.5806448332434505,0.3027930130619617,False,False,True,TARGET_CUT_RISK_UNRESOLVED / INCONCLUSIVE_RESEARCH,259118,70.87472647702407,0.0,0.659903381642512,0.6304979071211676,0.22465846833925088,True,False,True,TARGET_CUT_RISK_UNRESOLVED / INCONCLUSIVE_RESEARCH
M0_ALL,3000,-6000,60000,False,False,False,False,303002,63.8167649536647,0.0,0.6486013986013986,0.6257042474945802,0.43678266524065695,False,False,False,TARGET_CUT_RISK_UNRESOLVED / INCONCLUSIVE_RESEARCH,479288,131.09628008752736,0.0,0.700486448922863,0.6763121159471597,0.30444950993744596,False,False,True,TARGET_CUT_RISK_UNRESOLVED / INCONCLUSIVE_RESEARCH
M0_ALL,3000,-6000,120000,False,False,False,False,548647,115.55328559393429,0.0,0.7190635451505016,0.6994203377924858,0.4819462607821895,False,False,False,TARGET_CUT_RISK_UNRESOLVED / INCONCLUSIVE_RESEARCH,631467,172.7207330415755,0.0,0.7483870967741936,0.7272467672590364,0.39270936174367765,False,False,True,TARGET_CUT_RISK_UNRESOLVED / INCONCLUSIVE_RESEARCH
M0_ALL,3000,-5000,30000,False,False,False,False,135383,28.5136899747262,0.0,0.6094003241491086,0.5818797344248586,0.3129187878748461,False,False,True,TARGET_CUT_RISK_UNRESOLVED / INCONCLUSIVE_RESEARCH,231281,63.26066739606127,0.0,0.6581532416502947,0.6284698545110927,0.23775397210506016,True,False,True,TARGET_CUT_RISK_UNRESOLVED / INCONCLUSIVE_RESEARCH
M0_ALL,3000,-5000,60000,False,False,False,False,258816,54.51053074978938,0.0,0.6499705362404242,0.6269611777627755,0.46002397509295984,False,False,True,TARGET_CUT_RISK_UNRESOLVED / INCONCLUSIVE_RESEARCH,445622,121.88785557986871,0.0,0.7016185784658691,0.6773112568883122,0.3130752068887269,False,False,True,TARGET_CUT_RISK_UNRESOLVED / INCONCLUSIVE_RESEARCH
M0_ALL,3000,-5000,120000,False,False,False,False,499154,105.12931760741365,0.0,0.7222757955641272,0.7026029571613976,0.504160529063061,False,False,True,TARGET_CUT_RISK_UNRESOLVED / INCONCLUSIVE_RESEARCH,593498,162.33533916849015,0.0,0.75,0.7287654310660827,0.39891935761056446,False,False,True,TARGET_CUT_RISK_UNRESOLVED / INCONCLUSIVE_RESEARCH
M0_ALL,3000,-3000,30000,False,False,False,False,74713,15.735678180286437,0.0,0.6103004291845494,0.5819775073573332,0.3434312683802315,False,False,True,TARGET_CUT_RISK_UNRESOLVED / INCONCLUSIVE_RESEARCH,151790,41.51805251641138,0.0,0.65599173553719,0.6255022956417934,0.25667814449641024,False,False,True,TARGET_CUT_RISK_UNRESOLVED / INCONCLUSIVE_RESEARCH
M0_ALL,3000,-3000,60000,False,False,False,False,109347,23.03011794439764,0.0,0.6501547987616099,0.6265634502039199,0.5328536409926367,False,False,True,TARGET_CUT_RISK_UNRESOLVED / INCONCLUSIVE_RESEARCH,287730,78.70076586433261,0.0,0.7064896755162242,0.6816963641332217,0.3443215697060434,False,False,True,TARGET_CUT_RISK_UNRESOLVED / INCONCLUSIVE_RESEARCH
M0_ALL,3000,-3000,120000,False,False,False,False,250883,52.83972198820556,0.0,0.7254901960784313,0.7054574666343296,0.5962457653295279,False,False,True,TARGET_CUT_RISK_UNRESOLVED / INCONCLUSIVE_RESEARCH,419797,114.82412472647702,0.0,0.7628482972136222,0.7414957341484631,0.4304729350002362,False,False,True,TARGET_CUT_RISK_UNRESOLVED / INCONCLUSIVE_RESEARCH
M0_ALL,3000,-2000,30000,False,False,False,False,9000,1.8955349620893007,0.0,0.6134067952249771,0.5841338020682327,0.3934621054848512,False,False,True,TARGET_CUT_RISK_UNRESOLVED / INCONCLUSIVE_RESEARCH,78994,21.606673960612692,0.0,0.6673936750272628,0.6362566495754489,0.29572931698614885,False,False,True,TARGET_CUT_RISK_UNRESOLVED / INCONCLUSIVE_RESEARCH
M0_ALL,3000,-2000,60000,False,False,False,False,-755,-0.15901432181971356,0.0,0.6545814106789717,0.630289808827601,0.6096483639815674,False,False,True,TARGET_CUT_RISK_UNRESOLVED / INCONCLUSIVE_RESEARCH,183944,50.3129102844639,0.0,0.7205542725173211,0.695529277935295,0.39891606434257915,False,False,True,TARGET_CUT_RISK_UNRESOLVED / INCONCLUSIVE_RESEARCH
M0_ALL,3000,-2000,120000,False,False,False,False,78124,16.454085930918282,0.0,0.7309322033898306,0.7104741210555157,0.686363563552874,False,False,True,TARGET_CUT_RISK_UNRESOLVED / INCONCLUSIVE_RESEARCH,287314,78.58698030634574,0.0,0.7767052767052767,0.7553315434145977,0.47802756529512375,False,False,True,TARGET_CUT_RISK_UNRESOLVED / INCONCLUSIVE_RESEARCH
M0_ALL,3000,-1500,30000,False,False,False,False,-17593,-3.7053496208930077,0.0,0.6189111747851003,0.5891098370334772,0.404868233649479,False,False,True,TARGET_CUT_RISK_UNRESOLVED / INCONCLUSIVE_RESEARCH,69412,18.985776805251643,0.0,0.6856492027334852,0.6541882347977318,0.30293929054357105,False,False,True,TARGET_CUT_RISK_UNRESOLVED / INCONCLUSIVE_RESEARCH
M0_ALL,3000,-1500,60000,False,False,False,False,-60455,-12.732729570345409,0.0,0.6587193460490464,0.6340787920747414,0.6595453393964329,False,False,True,TARGET_CUT_RISK_UNRESOLVED / INCONCLUSIVE_RESEARCH,123183,33.693380743982495,0.0,0.7294493216280926,0.7041779366764802,0.4374742428659021,False,False,True,TARGET_CUT_RISK_UNRESOLVED / INCONCLUSIVE_RESEARCH
M0_ALL,3000,-1500,120000,False,False,False,False,9108,1.9182813816343725,0.0,0.7384196185286104,0.7178276737636619,0.7369740903313322,False,False,True,TARGET_CUT_RISK_UNRESOLVED / INCONCLUSIVE_RESEARCH,224922,61.52133479212254,0.0,0.7878989361702128,0.7665187455983568,0.48425861335098963,False,False,True,TARGET_CUT_RISK_UNRESOLVED / INCONCLUSIVE_RESEARCH
M0_ALL,3000,-1000,30000,False,False,False,False,-23198,-4.8858466722830665,0.0,0.6299376299376299,0.5989668541261961,0.41490177549203117,False,False,True,TARGET_CUT_RISK_UNRESOLVED / INCONCLUSIVE_RESEARCH,22769,6.227844638949672,0.0,0.6876543209876543,0.6549156613826544,0.37235511388620174,False,False,True,TARGET_CUT_RISK_UNRESOLVED / INCONCLUSIVE_RESEARCH
M0_ALL,3000,-1000,60000,False,False,False,False,-74112,-15.609098567818029,0.0,0.6703216374269005,0.6449639888679882,0.695123236934868,False,False,True,TARGET_CUT_RISK_UNRESOLVED / INCONCLUSIVE_RESEARCH,56130,15.352844638949671,0.0,0.7380546075085325,0.712133070453644,0.5132622339350446,False,False,True,TARGET_CUT_RISK_UNRESOLVED / INCONCLUSIVE_RESEARCH
M0_ALL,3000,-1000,120000,False,False,False,False,-31081,-6.5461246840775065,0.0,0.7484094852515906,0.7274205735226477,0.7677581469929701,False,False,True,TARGET_CUT_RISK_UNRESOLVED / INCONCLUSIVE_RESEARCH,137174,37.52024070021882,0.0,0.8001407459535539,0.7785518284941368,0.5370273305877948,False,False,True,TARGET_CUT_RISK_UNRESOLVED / INCONCLUSIVE_RESEARCH
M0_ALL,3000,-700,30000,False,False,False,False,-37535,-7.905433866891323,0.0,0.6420021762785637,0.6104744938489561,0.4769036433323816,False,False,True,TARGET_CUT_RISK_UNRESOLVED / INCONCLUSIVE_RESEARCH,-8649,-2.3657002188183807,0.0,0.6880616174582799,0.654672338412217,0.4272515699837467,False,False,True,TARGET_CUT_RISK_UNRESOLVED / INCONCLUSIVE_RESEARCH
M0_ALL,3000,-700,60000,False,False,False,False,-98178,-20.67775905644482,0.0,0.6841305998481397,0.6585198454127587,0.7330120845836957,False,False,True,TARGET_CUT_RISK_UNRESOLVED / INCONCLUSIVE_RESEARCH,11992,3.280087527352298,0.0,0.7462422634836428,0.7200769728505622,0.5909815487676591,False,False,True,TARGET_CUT_RISK_UNRESOLVED / INCONCLUSIVE_RESEARCH
M0_ALL,3000,-700,120000,False,False,False,False,-71282,-15.013058129738837,0.0,0.7597130902570233,0.7386595270394499,0.8250419217526765,False,False,True,TARGET_CUT_RISK_UNRESOLVED / INCONCLUSIVE_RESEARCH,71232,19.483588621444202,0.0,0.8072727272727273,0.7855794585749334,0.6047323044679432,False,False,True,TARGET_CUT_RISK_UNRESOLVED / INCONCLUSIVE_RESEARCH
M0_ALL,3000,-500,30000,False,False,False,False,-56886,-11.981044650379108,0.0,0.6519274376417233,0.6198924005767832,0.5524550533916078,False,False,True,TARGET_CUT_RISK_UNRESOLVED / INCONCLUSIVE_RESEARCH,-18428,-5.040481400437637,0.0,0.7054886211512718,0.6718164188663215,0.47252241894688435,False,False,True,TARGET_CUT_RISK_UNRESOLVED / INCONCLUSIVE_RESEARCH
M0_ALL,3000,-500,60000,False,False,False,False,-130666,-27.52021903959562,0.0,0.6912804399057345,0.6653594649906335,0.8280368457408946,False,False,True,TARGET_CUT_RISK_UNRESOLVED / INCONCLUSIVE_RESEARCH,-9906,-2.7095185995623634,0.0,0.7626031164069661,0.7364614790488834,0.6394564797362838,False,False,True,TARGET_CUT_RISK_UNRESOLVED / INCONCLUSIVE_RESEARCH
M0_ALL,3000,-500,120000,False,False,False,False,-118170,-24.888374052232518,0.0,0.7661937075879087,0.7449750058643393,0.9255709398120129,False,False,True,TARGET_CUT_RISK_UNRESOLVED / INCONCLUSIVE_RESEARCH,37914,10.370350109409191,0.0,0.8198198198198198,0.798269354794752,0.6399480438570971,False,False,True,TARGET_CUT_RISK_UNRESOLVED / INCONCLUSIVE_RESEARCH
M0_ALL,3000,-300,30000,False,False,False,False,-80077,-16.86541701769166,0.0,0.6544117647058824,0.6211274247438392,0.6677294099580996,False,False,True,TARGET_CUT_RISK_UNRESOLVED / INCONCLUSIVE_RESEARCH,-44215,-12.093818380743983,0.0,0.7157001414427157,0.6813539128371514,0.6002479680396748,False,False,True,TARGET_CUT_RISK_UNRESOLVED / INCONCLUSIVE_RESEARCH
M0_ALL,3000,-300,60000,False,False,False,False,-156692,-33.0016849199663,0.0,0.6966386554621848,0.6699211878876529,1.0207846269270795,False,False,True,TARGET_CUT_RISK_UNRESOLVED / INCONCLUSIVE_RESEARCH,-45892,-12.552516411378555,0.0,0.7738209817131858,0.7474009713077796,0.7976160574854485,False,False,True,TARGET_CUT_RISK_UNRESOLVED / INCONCLUSIVE_RESEARCH
M0_ALL,3000,-300,120000,False,False,False,False,-167697,-35.319502948609944,0.0,0.7789404839764552,0.7574563369349341,1.1575057182390647,False,False,True,TARGET_CUT_RISK_UNRESOLVED / INCONCLUSIVE_RESEARCH,-29593,-8.094365426695843,0.0,0.8260188087774295,0.8042481941797348,0.8322772226969315,False,False,True,TARGET_CUT_RISK_UNRESOLVED / INCONCLUSIVE_RESEARCH
M0_ALL,3000,-200,30000,False,False,False,False,-84298,-17.75442291491154,0.0,0.6557161629434954,0.6212522341538654,0.7165671119020798,False,False,True,TARGET_CUT_RISK_UNRESOLVED / INCONCLUSIVE_RESEARCH,-63639,-17.40672866520788,0.0,0.7119402985074627,0.6765181100721658,0.7570130765601751,False,False,True,TARGET_CUT_RISK_UNRESOLVED / INCONCLUSIVE_RESEARCH
M0_ALL,3000,-200,60000,False,False,False,False,-153660,-32.36310025273799,0.0,0.7061946902654868,0.6789735889700104,1.091050511310815,False,False,True,TARGET_CUT_RISK_UNRESOLVED / INCONCLUSIVE_RESEARCH,-77175,-21.10913566739606,0.0,0.771399798590131,0.7442646279394651,0.9947177473748482,False,False,True,TARGET_CUT_RISK_UNRESOLVED / INCONCLUSIVE_RESEARCH
M0_ALL,3000,-200,120000,False,False,False,False,-181882,-38.30707666385847,0.0,0.7903005464480874,0.768701076018518,1.3414256394663828,False,False,True,TARGET_CUT_RISK_UNRESOLVED / INCONCLUSIVE_RESEARCH,-77147,-21.10147702407002,0.0,0.8277551020408164,0.8055939126936938,1.096455686017575,False,False,True,TARGET_CUT_RISK_UNRESOLVED / INCONCLUSIVE_RESEARCH
M0_ALL,5000,-6000,30000,False,False,False,False,94781,19.962299915754002,0.0,0.6083860759493671,0.581187731427583,0.22308145630993656,True,True,True,INCONCLUSIVE_RESEARCH,238353,65.19502188183807,0.0,0.6634615384615384,0.634188398770929,0.147969847160466,True,True,True,INCONCLUSIVE_RESEARCH
M0_ALL,5000,-6000,60000,False,False,False,False,158503,33.38310867733782,0.0,0.6482326111744584,0.6255833804066131,0.381670321404168,False,False,True,TARGET_CUT_RISK_UNRESOLVED / INCONCLUSIVE_RESEARCH,471248,128.89715536105032,0.0,0.7076183939601922,0.6837410758608232,0.2530685461025968,False,False,True,TARGET_CUT_RISK_UNRESOLVED / INCONCLUSIVE_RESEARCH
M0_ALL,5000,-6000,120000,False,False,False,False,414874,87.37868576242629,0.0,0.725398313027179,0.7060698743115378,0.46776626818985995,False,False,True,TARGET_CUT_RISK_UNRESOLVED / INCONCLUSIVE_RESEARCH,597928,163.54704595185996,0.0,0.7578034682080925,0.7370588522170956,0.3851193385724206,False,False,True,TARGET_CUT_RISK_UNRESOLVED / INCONCLUSIVE_RESEARCH
M0_ALL,5000,-5000,30000,False,False,False,False,83956,17.682392586352147,0.0,0.6097756410256411,0.5824147932659367,0.2310631524206948,True,True,True,INCONCLUSIVE_RESEARCH,214567,58.68900437636761,0.0,0.6627565982404692,0.6332248470005966,0.1559969679219929,True,True,True,INCONCLUSIVE_RESEARCH
M0_ALL,5000,-5000,60000,False,False,False,False,110301,23.231044650379108,0.0,0.649365628604383,0.626598606776618,0.40244156291609395,False,False,True,TARGET_CUT_RISK_UNRESOLVED / INCONCLUSIVE_RESEARCH,442462,121.02352297592998,0.0,0.7095205003474635,0.6855310586273033,0.25867616942951394,False,False,True,TARGET_CUT_RISK_UNRESOLVED / INCONCLUSIVE_RESEARCH
M0_ALL,5000,-5000,120000,False,False,False,False,357757,75.34898904802021,0.0,0.7284768211920529,0.7091164372294402,0.48988153670237106,False,False,True,TARGET_CUT_RISK_UNRESOLVED / INCONCLUSIVE_RESEARCH,566447,154.9362691466083,0.0,0.7600936220011703,0.7392789644413116,0.38290605894016677,False,False,True,TARGET_CUT_RISK_UNRESOLVED / INCONCLUSIVE_RESEARCH
M0_ALL,5000,-3000,30000,False,False,False,False,24148,5.085930918281382,0.0,0.6103565365025467,0.5821923712589802,0.2490237337710325,True,False,True,TARGET_CUT_RISK_UNRESOLVED / INCONCLUSIVE_RESEARCH,136922,37.451312910284464,0.0,0.6608427543679343,0.6305151751548207,0.16009229943654413,True,False,True,TARGET_CUT_RISK_UNRESOLVED / INCONCLUSIVE_RESEARCH
M0_ALL,5000,-3000,60000,False,False,False,False,-36993,-7.791280539174389,0.0,0.6486650485436893,0.6252951583018254,0.45065666380644553,False,False,True,TARGET_CUT_RISK_UNRESOLVED / INCONCLUSIVE_RESEARCH,268130,73.33971553610503,0.0,0.7150145772594753,0.6905542537712137,0.287060751972134,False,False,True,TARGET_CUT_RISK_UNRESOLVED / INCONCLUSIVE_RESEARCH
M0_ALL,5000,-3000,120000,False,False,False,False,85843,18.07982308340354,0.0,0.7308641975308642,0.711123420888615,0.5817476769650198,False,False,True,TARGET_CUT_RISK_UNRESOLVED / INCONCLUSIVE_RESEARCH,368248,100.72428884026259,0.0,0.773365913255956,0.7524590582120193,0.41887382121354966,False,False,True,TARGET_CUT_RISK_UNRESOLVED / INCONCLUSIVE_RESEARCH
M0_ALL,5000,-2000,30000,False,False,False,False,-36221,-7.628685762426285,0.0,0.6139872842870118,0.5848818309681016,0.2597943683297922,False,False,True,TARGET_CUT_RISK_UNRESOLVED / INCONCLUSIVE_RESEARCH,60015,16.41548140043764,0.0,0.6720955483170467,0.6411168325273341,0.18381138474137954,True,False,True,TARGET_CUT_RISK_UNRESOLVED / INCONCLUSIVE_RESEARCH
M0_ALL,5000,-2000,60000,False,False,False,False,-136820,-28.816343723673125,0.0,0.6539456662354464,0.6298774362550132,0.5223448791143608,False,False,True,TARGET_CUT_RISK_UNRESOLVED / INCONCLUSIVE_RESEARCH,159160,43.53391684901532,0.0,0.7288651942117289,0.7041779734846849,0.3358582065864508,False,False,True,TARGET_CUT_RISK_UNRESOLVED / INCONCLUSIVE_RESEARCH
M0_ALL,5000,-2000,120000,False,False,False,False,-62733,-13.212510530749789,0.0,0.7378843147472642,0.7177463354454214,0.6596220413416451,False,False,True,TARGET_CUT_RISK_UNRESOLVED / INCONCLUSIVE_RESEARCH,248678,68.0191466083151,0.0,0.7888040712468194,0.7679357068261166,0.4483243071763613,False,False,True,TARGET_CUT_RISK_UNRESOLVED / INCONCLUSIVE_RESEARCH
M0_ALL,5000,-1500,30000,False,False,False,False,-56581,-11.916807076663858,0.0,0.619452313503305,0.589828171479413,0.24648281386252793,True,False,True,TARGET_CUT_RISK_UNRESOLVED / INCONCLUSIVE_RESEARCH,48385,13.234409190371991,0.0,0.6893424036281179,0.6580363214070951,0.17123172738713738,True,True,True,INCONCLUSIVE_RESEARCH
M0_ALL,5000,-1500,60000,False,False,False,False,-183919,-38.73609941027801,0.0,0.6584224598930482,0.6340126559244231,0.5634734840481724,False,False,True,TARGET_CUT_RISK_UNRESOLVED / INCONCLUSIVE_RESEARCH,103494,28.307986870897157,0.0,0.7377567140600316,0.712834199373777,0.3635694129759261,False,False,True,TARGET_CUT_RISK_UNRESOLVED / INCONCLUSIVE_RESEARCH
M0_ALL,5000,-1500,120000,False,False,False,False,-106475,-22.425231676495365,0.0,0.7467811158798283,0.7265463271983572,0.6956170501488107,False,False,True,TARGET_CUT_RISK_UNRESOLVED / INCONCLUSIVE_RESEARCH,192245,52.58342450765864,0.0,0.799474030243261,0.778608793354434,0.45205745025840144,False,False,True,TARGET_CUT_RISK_UNRESOLVED / INCONCLUSIVE_RESEARCH
M0_ALL,5000,-1000,30000,False,False,False,False,-61921,-13.041491154170178,0.0,0.6300102774922919,0.5992182593617895,0.30521399026421675,False,False,True,TARGET_CUT_RISK_UNRESOLVED / INCONCLUSIVE_RESEARCH,4147,1.1342997811816193,0.0,0.6924969249692496,0.65993313503939,0.20572866761207567,True,False,True,TARGET_CUT_RISK_UNRESOLVED / INCONCLUSIVE_RESEARCH
M0_ALL,5000,-1000,60000,False,False,False,False,-193443,-40.74199663016007,0.0,0.669059583632448,0.6439138708074514,0.5991890361505903,False,False,True,TARGET_CUT_RISK_UNRESOLVED / INCONCLUSIVE_RESEARCH,45406,12.419584245076587,0.0,0.7474662162162162,0.7219457084753749,0.40122930984415833,False,False,True,TARGET_CUT_RISK_UNRESOLVED / INCONCLUSIVE_RESEARCH
M0_ALL,5000,-1000,120000,False,False,False,False,-149729,-31.535172704296546,0.0,0.7555555555555555,0.7349052847734617,0.7704205986177339,False,False,True,TARGET_CUT_RISK_UNRESOLVED / INCONCLUSIVE_RESEARCH,114407,31.292943107221006,0.0,0.8132404181184669,0.7922498648997857,0.4911440069085836,False,False,True,TARGET_CUT_RISK_UNRESOLVED / INCONCLUSIVE_RESEARCH
M0_ALL,5000,-700,30000,False,False,False,False,-72618,-15.294439764111205,0.0,0.6426264800861141,0.6112807332821312,0.34152543079372755,False,False,True,TARGET_CUT_RISK_UNRESOLVED / INCONCLUSIVE_RESEARCH,-28546,-7.807986870897155,0.0,0.6930946291560103,0.6598906613506056,0.2520136468918891,False,False,True,TARGET_CUT_RISK_UNRESOLVED / INCONCLUSIVE_RESEARCH
M0_ALL,5000,-700,60000,False,False,False,False,-205249,-43.228517270429656,0.0,0.6828358208955224,0.6574263142034925,0.6594110081560405,False,False,True,TARGET_CUT_RISK_UNRESOLVED / INCONCLUSIVE_RESEARCH,-2694,-0.736870897155361,0.0,0.7556917688266199,0.7299411194659897,0.46484375,False,False,True,TARGET_CUT_RISK_UNRESOLVED / INCONCLUSIVE_RESEARCH
M0_ALL,5000,-700,120000,False,False,False,False,-190444,-40.11036225779276,0.0,0.7665094339622641,0.7457869664097249,0.8378271425956163,False,False,True,TARGET_CUT_RISK_UNRESOLVED / INCONCLUSIVE_RESEARCH,53629,14.668763676148796,0.0,0.8206051873198847,0.7995439383392391,0.5349583689985216,False,False,True,TARGET_CUT_RISK_UNRESOLVED / INCONCLUSIVE_RESEARCH
M0_ALL,5000,-500,30000,False,False,False,False,-90224,-19.002527379949452,0.0,0.6524663677130045,0.6206232903960133,0.39221797039845097,False,False,True,TARGET_CUT_RISK_UNRESOLVED / INCONCLUSIVE_RESEARCH,-36562,-10.00054704595186,0.0,0.7106666666666667,0.6772055252112323,0.27006463690754773,False,False,True,TARGET_CUT_RISK_UNRESOLVED / INCONCLUSIVE_RESEARCH
M0_ALL,5000,-500,60000,False,False,False,False,-225996,-47.59814658803707,0.0,0.6895752895752896,0.6638467110153317,0.7184076147302844,False,False,True,TARGET_CUT_RISK_UNRESOLVED / INCONCLUSIVE_RESEARCH,-26608,-7.277899343544858,0.0,0.7713248638838476,0.745611289672488,0.5112037972346226,False,False,True,TARGET_CUT_RISK_UNRESOLVED / INCONCLUSIVE_RESEARCH
M0_ALL,5000,-500,120000,False,False,False,False,-232301,-48.92607413647852,0.0,0.7723676202069385,0.7514711035416276,0.9349147352596678,False,False,True,TARGET_CUT_RISK_UNRESOLVED / INCONCLUSIVE_RESEARCH,8149,2.228938730853392,0.0,0.8303571428571429,0.8093566616330462,0.5946883761744751,False,False,True,TARGET_CUT_RISK_UNRESOLVED / INCONCLUSIVE_RESEARCH
M0_ALL,5000,-300,30000,False,False,False,False,-112179,-23.626579612468408,0.0,0.6549636803874092,0.6218945393902842,0.49262251463402834,False,False,True,TARGET_CUT_RISK_UNRESOLVED / INCONCLUSIVE_RESEARCH,-59011,-16.14086433260394,0.0,0.7211267605633803,0.6870182657330349,0.32914418832761155,False,False,True,TARGET_CUT_RISK_UNRESOLVED / INCONCLUSIVE_RESEARCH
M0_ALL,5000,-300,60000,False,False,False,False,-248535,-52.34519797809604,0.0,0.6942148760330579,0.6676737165685761,0.8812899964798585,False,False,True,TARGET_CUT_RISK_UNRESOLVED / INCONCLUSIVE_RESEARCH,-62459,-17.083971553610503,0.0,0.7819047619047619,0.7559238036271438,0.6191112711417143,False,False,True,TARGET_CUT_RISK_UNRESOLVED / INCONCLUSIVE_RESEARCH
M0_ALL,5000,-300,120000,False,False,False,False,-279655,-58.89953664700927,0.0,0.7837314396384765,0.7625405805622989,1.2074449170957844,False,False,True,TARGET_CUT_RISK_UNRESOLVED / INCONCLUSIVE_RESEARCH,-58954,-16.12527352297593,0.0,0.8361801242236024,0.8149731255263952,0.7602118742899276,False,False,True,TARGET_CUT_RISK_UNRESOLVED / INCONCLUSIVE_RESEARCH
M0_ALL,5000,-200,30000,False,False,False,False,-114182,-24.04844144903117,0.0,0.6558441558441559,0.6215881715544367,0.5410973395158589,False,False,True,TARGET_CUT_RISK_UNRESOLVED / INCONCLUSIVE_RESEARCH,-76788,-21.00328227571116,0.0,0.7176820208023774,0.6825131068315823,0.3744307351648728,False,False,True,TARGET_CUT_RISK_UNRESOLVED / INCONCLUSIVE_RESEARCH
M0_ALL,5000,-200,60000,False,False,False,False,-238944,-50.32518955349621,0.0,0.70147954743255,0.6743842139649757,0.9754925074465516,False,False,True,TARGET_CUT_RISK_UNRESOLVED / INCONCLUSIVE_RESEARCH,-91198,-24.944748358862146,0.0,0.7798804780876494,0.753211768249921,0.7267501100698157,False,False,True,TARGET_CUT_RISK_UNRESOLVED / INCONCLUSIVE_RESEARCH
M0_ALL,5000,-200,120000,False,False,False,False,-291230,-61.33740522325189,0.0,0.7923128792987189,0.7709247605138692,1.424646373901249,False,False,True,TARGET_CUT_RISK_UNRESOLVED / INCONCLUSIVE_RESEARCH,-104564,-28.600656455142232,0.0,0.8383185125303153,0.8167599053143768,0.9540567251200603,False,False,True,TARGET_CUT_RISK_UNRESOLVED / INCONCLUSIVE_RESEARCH
M0_ALL,6000,-6000,30000,False,False,False,False,74017,15.589090143218197,0.0,0.6080441640378549,0.5808860254957314,0.21583860190968374,True,False,True,TARGET_CUT_RISK_UNRESOLVED / INCONCLUSIVE_RESEARCH,223488,61.12910284463895,0.0,0.6628242074927954,0.6335544293690394,0.145954973371964,True,False,True,TARGET_CUT_RISK_UNRESOLVED / INCONCLUSIVE_RESEARCH
M0_ALL,6000,-6000,60000,False,False,False,False,119805,25.23272957034541,0.0,0.6490929705215419,0.6265194090405621,0.3322865440170547,False,False,True,TARGET_CUT_RISK_UNRESOLVED / INCONCLUSIVE_RESEARCH,460279,125.89688183807439,0.0,0.7088174982911825,0.685015091624781,0.2190399368881049,True,False,True,TARGET_CUT_RISK_UNRESOLVED / INCONCLUSIVE_RESEARCH
M0_ALL,6000,-6000,120000,False,False,False,False,426059,89.7344144903117,0.0,0.7295158286778398,0.7103330535808028,0.40633133215612643,False,False,True,TARGET_CUT_RISK_UNRESOLVED / INCONCLUSIVE_RESEARCH,571588,156.34245076586433,0.0,0.7597701149425288,0.7391381027103509,0.3766901769759775,False,False,True,TARGET_CUT_RISK_UNRESOLVED / INCONCLUSIVE_RESEARCH
M0_ALL,6000,-5000,30000,False,False,False,False,63192,13.309182813816344,0.0,0.6094249201277955,0.582104952153114,0.22355210398626693,True,False,True,TARGET_CUT_RISK_UNRESOLVED / INCONCLUSIVE_RESEARCH,199702,54.62308533916849,0.0,0.662109375,0.6325811768862475,0.1538727905454295,True,False,True,TARGET_CUT_RISK_UNRESOLVED / INCONCLUSIVE_RESEARCH
M0_ALL,6000,-5000,60000,False,False,False,False,71603,15.080665543386688,0.0,0.6502293577981652,0.6275393031421866,0.35021410057301033,False,False,True,TARGET_CUT_RISK_UNRESOLVED / INCONCLUSIVE_RESEARCH,431404,117.99890590809628,0.0,0.7107266435986159,0.686813588623613,0.22216765752837467,True,False,True,TARGET_CUT_RISK_UNRESOLVED / INCONCLUSIVE_RESEARCH
M0_ALL,6000,-5000,120000,False,False,False,False,367359,77.37131423757371,0.0,0.7326127819548872,0.7134010531541722,0.42531336629987154,False,False,True,TARGET_CUT_RISK_UNRESOLVED / INCONCLUSIVE_RESEARCH,541149,148.01668490153173,0.0,0.7620709714950553,0.7413711559919685,0.3721409327530558,False,False,True,TARGET_CUT_RISK_UNRESOLVED / INCONCLUSIVE_RESEARCH
M0_ALL,6000,-3000,30000,False,False,False,False,5384,1.1339511373209772,0.0,0.6099830795262268,0.5818634916523635,0.2359033215262242,True,False,True,TARGET_CUT_RISK_UNRESOLVED / INCONCLUSIVE_RESEARCH,124057,33.9324398249453,0.0,0.660164271047228,0.6298408447998457,0.15315266970753957,True,False,True,TARGET_CUT_RISK_UNRESOLVED / INCONCLUSIVE_RESEARCH
M0_ALL,6000,-3000,60000,False,False,False,False,-70178,-14.780539174389217,0.0,0.649577804583836,0.6262909569319298,0.3779702964758113,False,False,True,TARGET_CUT_RISK_UNRESOLVED / INCONCLUSIVE_RESEARCH,258072,70.58862144420131,0.0,0.716255442670537,0.6918773426861564,0.23466243211299878,True,False,True,TARGET_CUT_RISK_UNRESOLVED / INCONCLUSIVE_RESEARCH
M0_ALL,6000,-3000,120000,False,False,False,False,97591,20.554128053917438,0.0,0.7356547327121138,0.7160835714773433,0.4979999774136354,False,False,True,TARGET_CUT_RISK_UNRESOLVED / INCONCLUSIVE_RESEARCH,351402,96.11652078774617,0.0,0.775820170109356,0.7550441056772237,0.3959112735075787,False,False,True,TARGET_CUT_RISK_UNRESOLVED / INCONCLUSIVE_RESEARCH
M0_ALL,6000,-2000,30000,False,False,False,False,-53496,-11.267059814658804,0.0,0.6135746606334842,0.5845182499096373,0.25358718705053507,False,False,True,TARGET_CUT_RISK_UNRESOLVED / INCONCLUSIVE_RESEARCH,48150,13.170131291028447,0.0,0.6713665943600867,0.6403909368863924,0.17217820503307474,True,False,True,TARGET_CUT_RISK_UNRESOLVED / INCONCLUSIVE_RESEARCH
M0_ALL,6000,-2000,60000,False,False,False,False,-169180,-35.6318449873631,0.0,0.6546623794212219,0.6306745940463915,0.4334853630191795,False,False,True,TARGET_CUT_RISK_UNRESOLVED / INCONCLUSIVE_RESEARCH,147811,40.429704595185996,0.0,0.7298937784522003,0.7052801343445302,0.2754159021641499,False,False,True,TARGET_CUT_RISK_UNRESOLVED / INCONCLUSIVE_RESEARCH
M0_ALL,6000,-2000,120000,False,False,False,False,-52526,-11.062763268744735,0.0,0.7427536231884058,0.722793963605172,0.5580293459300377,False,False,True,TARGET_CUT_RISK_UNRESOLVED / INCONCLUSIVE_RESEARCH,242104,66.22100656455142,0.0,0.7916402786573781,0.7709121300934794,0.4175179969470562,False,False,True,TARGET_CUT_RISK_UNRESOLVED / INCONCLUSIVE_RESEARCH
M0_ALL,6000,-1500,30000,False,False,False,False,-70856,-14.923336141533277,0.0,0.6190028222013171,0.5894301093977204,0.2307899443589373,True,False,True,TARGET_CUT_RISK_UNRESOLVED / INCONCLUSIVE_RESEARCH,40927,11.194474835886215,0.0,0.6893424036281179,0.6580363214070951,0.15111813869437543,True,False,True,TARGET_CUT_RISK_UNRESOLVED / INCONCLUSIVE_RESEARCH
M0_ALL,6000,-1500,60000,False,False,False,False,-211779,-44.60383319292334,0.0,0.6591362126245848,0.6348107578824393,0.44990027113523434,False,False,True,TARGET_CUT_RISK_UNRESOLVED / INCONCLUSIVE_RESEARCH,99842,27.309080962800877,0.0,0.7399527186761229,0.7151192099854129,0.29268125118370775,False,False,True,TARGET_CUT_RISK_UNRESOLVED / INCONCLUSIVE_RESEARCH
M0_ALL,6000,-1500,120000,False,False,False,False,-104244,-21.955349620893006,0.0,0.7510660980810234,0.7309998309851979,0.5927462767422433,False,False,True,TARGET_CUT_RISK_UNRESOLVED / INCONCLUSIVE_RESEARCH,191667,52.425328227571114,0.0,0.8027522935779816,0.7820377521903644,0.4194252207866383,False,False,True,TARGET_CUT_RISK_UNRESOLVED / INCONCLUSIVE_RESEARCH
M0_ALL,6000,-1000,30000,False,False,False,False,-72238,-15.214406065711879,0.0,0.6301229508196722,0.5993803535625299,0.27175392559953976,False,False,True,TARGET_CUT_RISK_UNRESOLVED / INCONCLUSIVE_RESEARCH,-2311,-0.6321115973741794,0.0,0.6924969249692496,0.65993313503939,0.1749262197692691,True,False,True,TARGET_CUT_RISK_UNRESOLVED / INCONCLUSIVE_RESEARCH
M0_ALL,6000,-1000,60000,False,False,False,False,-211316,-44.50631844987363,0.0,0.6702355460385439,0.6451817794437673,0.45672176113425494,False,False,True,TARGET_CUT_RISK_UNRESOLVED / INCONCLUSIVE_RESEARCH,43465,11.888676148796499,0.0,0.7495784148397976,0.7241417282432122,0.3136357241810149,False,False,True,TARGET_CUT_RISK_UNRESOLVED / INCONCLUSIVE_RESEARCH
M0_ALL,6000,-1000,120000,False,False,False,False,-150905,-31.78285593934288,0.0,0.7599093997734995,0.7394374377576697,0.6575877197482853,False,False,True,TARGET_CUT_RISK_UNRESOLVED / INCONCLUSIVE_RESEARCH,104642,28.62199124726477,0.0,0.8158443363446838,0.7949855244442986,0.47239061710424424,False,False,True,TARGET_CUT_RISK_UNRESOLVED / INCONCLUSIVE_RESEARCH
M0_ALL,6000,-700,30000,False,False,False,False,-81935,-17.256739679865206,0.0,0.6427038626609443,0.6114105088686389,0.29762389568079256,False,False,True,TARGET_CUT_RISK_UNRESOLVED / INCONCLUSIVE_RESEARCH,-35004,-9.574398249452955,0.0,0.6930946291560103,0.6598906613506056,0.21428124282703503,True,False,True,TARGET_CUT_RISK_UNRESOLVED / INCONCLUSIVE_RESEARCH
M0_ALL,6000,-700,60000,False,False,False,False,-219901,-46.31444818871103,0.0,0.6839762611275965,0.6586642840273975,0.49079413278703016,False,False,True,TARGET_CUT_RISK_UNRESOLVED / INCONCLUSIVE_RESEARCH,-4042,-1.1055798687089715,0.0,0.7587412587412588,0.7331090340638219,0.37014493600607795,False,False,True,TARGET_CUT_RISK_UNRESOLVED / INCONCLUSIVE_RESEARCH
M0_ALL,6000,-700,120000,False,False,False,False,-193293,-40.710404380791914,0.0,0.7709431751611013,0.7504130082283198,0.7140819989768399,False,False,True,TARGET_CUT_RISK_UNRESOLVED / INCONCLUSIVE_RESEARCH,44138,12.072757111597374,0.0,0.8232758620689655,0.8023562495342298,0.522255256119263,False,False,True,TARGET_CUT_RISK_UNRESOLVED / INCONCLUSIVE_RESEARCH
M0_ALL,6000,-500,30000,False,False,False,False,-99728,-21.004212299915753,0.0,0.6525139664804469,0.62072597534472,0.36460915824573015,False,False,True,TARGET_CUT_RISK_UNRESOLVED / INCONCLUSIVE_RESEARCH,-42020,-11.49343544857768,0.0,0.7106666666666667,0.6772055252112323,0.21799461148285415,True,False,True,TARGET_CUT_RISK_UNRESOLVED / INCONCLUSIVE_RESEARCH
M0_ALL,6000,-500,60000,False,False,False,False,-240766,-50.7089300758214,0.0,0.6907137375287797,0.6650877341470572,0.549663582842725,False,False,True,TARGET_CUT_RISK_UNRESOLVED / INCONCLUSIVE_RESEARCH,-27751,-7.590536105032823,0.0,0.7744565217391305,0.7488758035278265,0.4087748009357705,False,False,True,TARGET_CUT_RISK_UNRESOLVED / INCONCLUSIVE_RESEARCH
M0_ALL,6000,-500,120000,False,False,False,False,-248319,-52.299705139005894,0.0,0.7756952841596131,0.7549673312588855,0.8184127054543842,False,False,True,TARGET_CUT_RISK_UNRESOLVED / INCONCLUSIVE_RESEARCH,-48,-0.01312910284463895,0.0,0.8330860534124629,0.8122388455681845,0.5815398234285217,False,False,True,TARGET_CUT_RISK_UNRESOLVED / INCONCLUSIVE_RESEARCH
M0_ALL,6000,-300,30000,False,False,False,False,-120883,-25.45977253580455,0.0,0.6550060313630881,0.6219985609783121,0.4485774695418013,False,False,True,TARGET_CUT_RISK_UNRESOLVED / INCONCLUSIVE_RESEARCH,-63469,-17.36022975929978,0.0,0.7211267605633803,0.6870182657330349,0.2482834722903384,True,False,True,TARGET_CUT_RISK_UNRESOLVED / INCONCLUSIVE_RESEARCH
M0_ALL,6000,-300,60000,False,False,False,False,-261001,-54.97072451558551,0.0,0.6954022988505747,0.6689745645152412,0.6732037772608187,False,False,True,TARGET_CUT_RISK_UNRESOLVED / INCONCLUSIVE_RESEARCH,-71870,-19.658096280087527,0.0,0.7838095238095238,0.7579001635400693,0.5051483949121744,False,False,True,TARGET_CUT_RISK_UNRESOLVED / INCONCLUSIVE_RESEARCH
M0_ALL,6000,-300,120000,False,False,False,False,-300096,-63.20471777590564,0.0,0.7865384615384615,0.7655142029557507,1.070268959741053,False,False,True,TARGET_CUT_RISK_UNRESOLVED / INCONCLUSIVE_RESEARCH,-73678,-20.15262582056893,0.0,0.8387596899224806,0.817690270208752,0.7590567698675806,False,False,True,TARGET_CUT_RISK_UNRESOLVED / INCONCLUSIVE_RESEARCH
M0_ALL,6000,-200,30000,False,False,False,False,-122315,-25.761373209772536,0.0,0.6558861578266494,0.6216986653326011,0.522057273366128,False,False,True,TARGET_CUT_RISK_UNRESOLVED / INCONCLUSIVE_RESEARCH,-80246,-21.949124726477024,0.0,0.7176820208023774,0.6825131068315823,0.2576329996689989,False,False,True,TARGET_CUT_RISK_UNRESOLVED / INCONCLUSIVE_RESEARCH
M0_ALL,6000,-200,60000,False,False,False,False,-257500,-54.23336141533277,0.0,0.7018150388936906,0.6748229638806866,0.8236042546694489,False,False,True,TARGET_CUT_RISK_UNRESOLVED / INCONCLUSIVE_RESEARCH,-99644,-27.25492341356674,0.0,0.7818725099601593,0.7552793243881953,0.6083557477187602,False,False,True,TARGET_CUT_RISK_UNRESOLVED / INCONCLUSIVE_RESEARCH
M0_ALL,6000,-200,120000,False,False,False,False,-322234,-67.86731255265374,0.0,0.7938420348058902,0.7725873890095492,1.294378765985267,False,False,True,TARGET_CUT_RISK_UNRESOLVED / INCONCLUSIVE_RESEARCH,-121820,-33.320568927789935,0.0,0.841000807102502,0.8195895850234945,0.9735996122535783,False,False,True,TARGET_CUT_RISK_UNRESOLVED / INCONCLUSIVE_RESEARCH
M0_ALL,7500,-6000,30000,False,False,False,False,61410,12.933866891322662,0.0,0.6080441640378549,0.5808860254957314,0.1834993540101065,True,True,True,INCONCLUSIVE_RESEARCH,218749,59.83287746170679,0.0,0.6637848222862632,0.6345315617304516,0.10653198915693374,True,True,True,INCONCLUSIVE_RESEARCH
M0_ALL,7500,-6000,60000,False,True,False,False,82549,17.386057287278856,0.0,0.6496598639455783,0.6270933243532962,0.2889620323582588,False,False,True,TARGET_CUT_RISK_UNRESOLVED / INCONCLUSIVE_RESEARCH,506125,138.43681619256017,0.0,0.7129186602870813,0.6892028496342119,0.1375724028725015,True,True,True,PROMISING_OFFLINE_ONLY
M0_ALL,7500,-6000,120000,False,False,False,False,406457,85.60593934288121,0.0,0.7345132743362832,0.7154274298626826,0.37894251601395074,False,False,True,TARGET_CUT_RISK_UNRESOLVED / INCONCLUSIVE_RESEARCH,608380,166.4059080962801,0.0,0.7649425287356322,0.7444483704568152,0.3053389976753865,False,False,True,TARGET_CUT_RISK_UNRESOLVED / INCONCLUSIVE_RESEARCH
M0_ALL,7500,-5000,30000,False,False,False,False,50585,10.653959561920809,0.0,0.6094249201277955,0.582104952153114,0.19005713670368093,True,True,True,INCONCLUSIVE_RESEARCH,194963,53.326859956236326,0.0,0.6630859375,0.6335745388794245,0.1122741371164867,True,True,True,INCONCLUSIVE_RESEARCH
M0_ALL,7500,-5000,60000,False,True,False,False,33347,7.023378264532434,0.0,0.650802752293578,0.6281199035991711,0.30480195599022003,False,False,True,TARGET_CUT_RISK_UNRESOLVED / INCONCLUSIVE_RESEARCH,466299,127.54349015317287,0.0,0.7141868512110726,0.6903480098335002,0.14477040350223275,True,True,True,PROMISING_OFFLINE_ONLY
M0_ALL,7500,-5000,120000,False,False,False,False,344044,72.46082561078349,0.0,0.7376586741889986,0.7185471732506828,0.39709737661386585,False,False,True,TARGET_CUT_RISK_UNRESOLVED / INCONCLUSIVE_RESEARCH,577392,157.92997811816193,0.0,0.7673065735892961,0.7467489412222323,0.3021487308044293,False,False,True,TARGET_CUT_RISK_UNRESOLVED / INCONCLUSIVE_RESEARCH
M0_ALL,7500,-3000,30000,False,False,False,False,-16097,-3.3902695871946085,0.0,0.6099830795262268,0.5818634916523635,0.2122832774049217,True,True,True,REJECTED_FOR_RUNTIME,122318,33.45678336980306,0.0,0.6611909650924025,0.6308852525918582,0.09502170908757951,True,True,True,INCONCLUSIVE_RESEARCH
M0_ALL,7500,-3000,60000,False,True,False,False,-111897,-23.567186183656275,0.0,0.6501809408926418,0.6269017883599419,0.3492123337096112,False,False,True,TARGET_CUT_RISK_UNRESOLVED / INCONCLUSIVE_RESEARCH,291402,79.70514223194748,0.0,0.7198838896952104,0.6955881373560927,0.15155108719288093,True,True,True,PROMISING_OFFLINE_ONLY
M0_ALL,7500,-3000,120000,False,False,False,False,66078,13.917017691659646,0.0,0.7404317958783121,0.720958680033611,0.47049336472365866,False,False,True,TARGET_CUT_RISK_UNRESOLVED / INCONCLUSIVE_RESEARCH,384189,105.08451859956236,0.0,0.7812879708383961,0.7606756752864765,0.30201464885825074,False,False,True,TARGET_CUT_RISK_UNRESOLVED / INCONCLUSIVE_RESEARCH
M0_ALL,7500,-2000,30000,False,False,False,False,-79425,-16.72809604043808,0.0,0.6135746606334842,0.5845182499096373,0.2420321298846932,True,False,True,TARGET_CUT_RISK_UNRESOLVED / INCONCLUSIVE_RESEARCH,47911,13.10475929978118,0.0,0.6724511930585684,0.6414965018821536,0.09364365630533952,True,True,True,INCONCLUSIVE_RESEARCH
M0_ALL,7500,-2000,60000,False,True,False,False,-215840,-45.459140690817186,0.0,0.6546623794212219,0.6306745940463915,0.41479645647360874,False,False,True,TARGET_CUT_RISK_UNRESOLVED / INCONCLUSIVE_RESEARCH,179141,48.99917943107221,0.0,0.7336874051593323,0.7091693827825148,0.16617503649369764,True,True,True,PROMISING_OFFLINE_ONLY
M0_ALL,7500,-2000,120000,False,False,False,False,-86364,-18.18955349620893,0.0,0.7472812014500259,0.7274204188354276,0.5232763347188574,False,False,True,TARGET_CUT_RISK_UNRESOLVED / INCONCLUSIVE_RESEARCH,271573,74.28145514223195,0.0,0.7973400886637112,0.7768021311077472,0.3077155549521001,False,False,True,TARGET_CUT_RISK_UNRESOLVED / INCONCLUSIVE_RESEARCH
M0_ALL,7500,-1500,30000,False,False,False,False,-92765,-19.537700084245998,0.0,0.6190028222013171,0.5894301093977204,0.23016919078110074,True,False,True,TARGET_CUT_RISK_UNRESOLVED / INCONCLUSIVE_RESEARCH,39799,10.8859409190372,0.0,0.6904761904761905,0.6591957029437651,0.10976169675481612,True,False,True,TARGET_CUT_RISK_UNRESOLVED / INCONCLUSIVE_RESEARCH
M0_ALL,7500,-1500,60000,False,False,False,False,-250939,-52.85151642796967,0.0,0.6591362126245848,0.6348107578824393,0.4152019949122369,False,False,True,TARGET_CUT_RISK_UNRESOLVED / INCONCLUSIVE_RESEARCH,106172,29.04048140043764,0.0,0.7415287628053585,0.7167378965846551,0.20157786941707,True,False,True,TARGET_CUT_RISK_UNRESOLVED / INCONCLUSIVE_RESEARCH
M0_ALL,7500,-1500,120000,False,False,False,False,-127582,-26.870682392586353,0.0,0.7557333333333334,0.7357758170810093,0.5375401522025953,False,False,True,TARGET_CUT_RISK_UNRESOLVED / INCONCLUSIVE_RESEARCH,200356,54.80196936542669,0.0,0.8066841415465269,0.786110687206801,0.32947663240284086,False,False,True,TARGET_CUT_RISK_UNRESOLVED / INCONCLUSIVE_RESEARCH
M0_ALL,7500,-1000,30000,False,False,False,False,-92647,-19.51284751474305,0.0,0.6301229508196722,0.5993803535625299,0.2657234469500302,False,False,True,TARGET_CUT_RISK_UNRESOLVED / INCONCLUSIVE_RESEARCH,-3247,-0.888129102844639,0.0,0.6937269372693727,0.6611925010791216,0.14430150526276078,True,False,True,TARGET_CUT_RISK_UNRESOLVED / INCONCLUSIVE_RESEARCH
M0_ALL,7500,-1000,60000,False,False,False,False,-245228,-51.648694187026116,0.0,0.6702355460385439,0.6451817794437673,0.41897979726437834,False,False,True,TARGET_CUT_RISK_UNRESOLVED / INCONCLUSIVE_RESEARCH,49703,13.594912472647703,0.0,0.7512647554806071,0.7258778609997725,0.2190512783039549,True,False,True,TARGET_CUT_RISK_UNRESOLVED / INCONCLUSIVE_RESEARCH
M0_ALL,7500,-1000,120000,False,False,False,False,-171643,-36.150589721988204,0.0,0.7648725212464589,0.7445260549329662,0.5975115202094115,False,False,True,TARGET_CUT_RISK_UNRESOLVED / INCONCLUSIVE_RESEARCH,116383,31.833424507658645,0.0,0.8200138985406532,0.7993206064174879,0.351661447312738,False,False,True,TARGET_CUT_RISK_UNRESOLVED / INCONCLUSIVE_RESEARCH
M0_ALL,7500,-700,30000,False,False,False,False,-100844,-21.239258635214828,0.0,0.6427038626609443,0.6114105088686389,0.2842474007463245,False,False,True,TARGET_CUT_RISK_UNRESOLVED / INCONCLUSIVE_RESEARCH,-36039,-9.857494529540482,0.0,0.6943734015345269,0.6612005608881427,0.17623389322043442,True,False,True,TARGET_CUT_RISK_UNRESOLVED / INCONCLUSIVE_RESEARCH
M0_ALL,7500,-700,60000,False,False,False,False,-248660,-52.3715248525695,0.0,0.6839762611275965,0.6586642840273975,0.4463480706935728,False,False,True,TARGET_CUT_RISK_UNRESOLVED / INCONCLUSIVE_RESEARCH,7468,2.0426695842450764,0.0,0.7613636363636364,0.7358146509197374,0.2680278269697791,False,False,True,TARGET_CUT_RISK_UNRESOLVED / INCONCLUSIVE_RESEARCH
M0_ALL,7500,-700,120000,False,False,False,False,-222195,-46.79759898904802,0.0,0.7749120750293084,0.7544890300659717,0.661237177711216,False,False,True,TARGET_CUT_RISK_UNRESOLVED / INCONCLUSIVE_RESEARCH,61579,16.84327133479212,0.0,0.8275862068965517,0.8068478636621084,0.3584744770853885,False,False,True,TARGET_CUT_RISK_UNRESOLVED / INCONCLUSIVE_RESEARCH
M0_ALL,7500,-500,30000,False,False,False,False,-118637,-24.986731255265376,0.0,0.6525139664804469,0.62072597534472,0.3482220581871866,False,False,True,TARGET_CUT_RISK_UNRESOLVED / INCONCLUSIVE_RESEARCH,-41755,-11.420951859956237,0.0,0.712,0.678576202953266,0.1628940510896948,True,False,True,TARGET_CUT_RISK_UNRESOLVED / INCONCLUSIVE_RESEARCH
M0_ALL,7500,-500,60000,False,False,False,False,-271423,-57.16575400168492,0.0,0.6907137375287797,0.6650877341470572,0.5307757003299476,False,False,True,TARGET_CUT_RISK_UNRESOLVED / INCONCLUSIVE_RESEARCH,-13841,-3.785831509846827,0.0,0.7771739130434783,0.7516891534317564,0.2745468106041241,False,False,True,TARGET_CUT_RISK_UNRESOLVED / INCONCLUSIVE_RESEARCH
M0_ALL,7500,-500,120000,False,False,False,False,-281112,-59.206402695871944,0.0,0.779189352692075,0.7585587453313796,0.787058470090624,False,False,True,TARGET_CUT_RISK_UNRESOLVED / INCONCLUSIVE_RESEARCH,20922,5.722647702407002,0.0,0.8375370919881305,0.8168908912257551,0.38431453485372274,False,False,True,TARGET_CUT_RISK_UNRESOLVED / INCONCLUSIVE_RESEARCH
M0_ALL,7500,-300,30000,False,False,False,False,-139224,-29.322662173546757,0.0,0.6550060313630881,0.6219985609783121,0.4710982858008664,False,False,True,TARGET_CUT_RISK_UNRESOLVED / INCONCLUSIVE_RESEARCH,-63482,-17.36378555798687,0.0,0.7225352112676057,0.6884699775351988,0.22410988767680898,True,False,True,TARGET_CUT_RISK_UNRESOLVED / INCONCLUSIVE_RESEARCH
M0_ALL,7500,-300,60000,False,False,False,False,-291980,-61.49536647009267,0.0,0.6954022988505747,0.6689745645152412,0.6605002246251429,False,False,True,TARGET_CUT_RISK_UNRESOLVED / INCONCLUSIVE_RESEARCH,-67492,-18.460612691466082,0.0,0.7857142857142857,0.7598773036516925,0.37966549807278854,False,False,True,TARGET_CUT_RISK_UNRESOLVED / INCONCLUSIVE_RESEARCH
M0_ALL,7500,-300,120000,False,False,False,False,-326389,-68.74241786015165,0.0,0.7902501603592046,0.7693393550282623,0.9974364048775289,False,False,True,TARGET_CUT_RISK_UNRESOLVED / INCONCLUSIVE_RESEARCH,-65188,-17.830415754923415,0.0,0.8426356589147287,0.8217505201420152,0.543756228076259,False,False,True,TARGET_CUT_RISK_UNRESOLVED / INCONCLUSIVE_RESEARCH
M0_ALL,7500,-200,30000,False,False,False,False,-139156,-29.30834035383319,0.0,0.6558861578266494,0.6216986653326011,0.5376054111033028,False,False,True,TARGET_CUT_RISK_UNRESOLVED / INCONCLUSIVE_RESEARCH,-78859,-21.569748358862146,0.0,0.7191679049034175,0.6840445761840938,0.2097776504550563,True,False,True,TARGET_CUT_RISK_UNRESOLVED / INCONCLUSIVE_RESEARCH
M0_ALL,7500,-200,60000,False,False,False,False,-286979,-60.442080876158386,0.0,0.7018150388936906,0.6748229638806866,0.7989719578604509,False,False,True,TARGET_CUT_RISK_UNRESOLVED / INCONCLUSIVE_RESEARCH,-93966,-25.701859956236323,0.0,0.7838645418326693,0.7573477445173119,0.43807547100088073,False,False,True,TARGET_CUT_RISK_UNRESOLVED / INCONCLUSIVE_RESEARCH
M0_ALL,7500,-200,120000,False,False,False,False,-350846,-73.89342881213142,0.0,0.797722705961152,0.7765945175715452,1.2483053486311049,False,False,True,TARGET_CUT_RISK_UNRESOLVED / INCONCLUSIVE_RESEARCH,-112330,-30.724835886214443,0.0,0.8450363196125908,0.8238232376950575,0.6789171058936272,False,False,True,TARGET_CUT_RISK_UNRESOLVED / INCONCLUSIVE_RESEARCH
M0_ALL,10000,-6000,30000,False,False,False,False,54256,11.427127211457456,0.0,0.6096214511041009,0.5824778205116149,0.13871645409604305,True,True,True,INCONCLUSIVE_RESEARCH,199622,54.60120350109409,0.0,0.6637848222862632,0.6345315617304516,0.12313441926414626,True,True,True,INCONCLUSIVE_RESEARCH
M0_ALL,10000,-6000,60000,False,True,False,False,69314,14.598567818028643,0.0,0.6513605442176871,0.6288152768756942,0.2105051115893982,True,True,True,INCONCLUSIVE_RESEARCH,484935,132.64086433260394,0.0,0.7136021872863978,0.6899010336730579,0.13388893303437244,True,True,True,PROMISING_OFFLINE_ONLY
M0_ALL,10000,-6000,120000,False,False,False,False,461170,97.12931760741365,0.0,0.7382394038192828,0.7192312147065586,0.2354347470466411,True,False,True,TARGET_CUT_RISK_UNRESOLVED / INCONCLUSIVE_RESEARCH,523011,143.0555251641138,0.0,0.7660919540229885,0.7456289839072098,0.32788207153416665,False,False,True,TARGET_CUT_RISK_UNRESOLVED / INCONCLUSIVE_RESEARCH
M0_ALL,10000,-5000,30000,False,False,False,False,43431,9.147219882055602,0.0,0.6110223642172524,0.5837174149960133,0.1436662655688921,True,True,True,INCONCLUSIVE_RESEARCH,175836,48.09518599562363,0.0,0.6630859375,0.6335745388794245,0.12977144969907772,True,True,True,INCONCLUSIVE_RESEARCH
M0_ALL,10000,-5000,60000,False,True,False,False,23681,4.9875737152485256,0.0,0.6530963302752294,0.6304426606184186,0.22122942776627358,True,True,True,INCONCLUSIVE_RESEARCH,444109,121.47401531728666,0.0,0.714878892733564,0.6910550933414354,0.1409847605673769,True,True,True,PROMISING_OFFLINE_ONLY
M0_ALL,10000,-5000,120000,False,False,False,False,409757,86.30096882898063,0.0,0.7418899858956276,0.7228688354629801,0.24084577690319095,True,False,True,TARGET_CUT_RISK_UNRESOLVED / INCONCLUSIVE_RESEARCH,494631,135.29294310722102,0.0,0.7684700407213496,0.7479445815321893,0.3270733780814033,False,False,True,TARGET_CUT_RISK_UNRESOLVED / INCONCLUSIVE_RESEARCH
M0_ALL,10000,-3000,30000,False,False,False,False,-34299,-7.223883740522325,0.0,0.61082910321489,0.5827176402023707,0.17623361005508573,True,True,True,REJECTED_FOR_RUNTIME,108191,29.592724288840262,0.0,0.6611909650924025,0.6308852525918582,0.10614136140147652,True,True,True,INCONCLUSIVE_RESEARCH
M0_ALL,10000,-3000,60000,False,True,False,False,-138280,-29.12384161752317,0.0,0.6519903498190591,0.6287345240517743,0.2788527350154605,False,False,True,TARGET_CUT_RISK_UNRESOLVED / INCONCLUSIVE_RESEARCH,274712,75.14004376367615,0.0,0.7206095791001451,0.696330524680993,0.13806039520599286,True,True,True,PROMISING_OFFLINE_ONLY
M0_ALL,10000,-3000,120000,False,False,False,False,99059,20.863310867733784,0.0,0.7443572129538764,0.7249708820650395,0.3010046130559961,False,False,True,TARGET_CUT_RISK_UNRESOLVED / INCONCLUSIVE_RESEARCH,318943,87.23823851203501,0.0,0.7825030376670717,0.7619278211152135,0.3298760007785858,False,False,True,TARGET_CUT_RISK_UNRESOLVED / INCONCLUSIVE_RESEARCH
M0_ALL,10000,-2000,30000,False,False,False,False,-95127,-20.035172704296546,0.0,0.6144796380090498,0.5854325240319345,0.19066222683082376,True,False,True,TARGET_CUT_RISK_UNRESOLVED / INCONCLUSIVE_RESEARCH,36284,9.924507658643327,0.0,0.6724511930585684,0.6414965018821536,0.1010481016927944,True,True,True,INCONCLUSIVE_RESEARCH
M0_ALL,10000,-2000,60000,False,False,False,False,-239544,-50.45155855096883,0.0,0.6565916398713826,0.6326303863561389,0.31901284024424803,False,False,True,TARGET_CUT_RISK_UNRESOLVED / INCONCLUSIVE_RESEARCH,166451,45.52817286652079,0.0,0.7344461305007587,0.7099474998842547,0.14161059841035925,True,False,True,TARGET_CUT_RISK_UNRESOLVED / INCONCLUSIVE_RESEARCH
M0_ALL,10000,-2000,120000,False,False,False,False,-57055,-12.016638584667229,0.0,0.7514241325737959,0.7316610921692799,0.31934320430420454,False,False,True,TARGET_CUT_RISK_UNRESOLVED / INCONCLUSIVE_RESEARCH,224515,61.41001094091904,0.0,0.798606713109563,0.7781118464184583,0.32991603266316333,False,False,True,TARGET_CUT_RISK_UNRESOLVED / INCONCLUSIVE_RESEARCH
M0_ALL,10000,-1500,30000,False,False,False,False,-108174,-22.783066554338667,0.0,0.6199435559736595,0.5903812952111528,0.18776332506161347,True,False,True,TARGET_CUT_RISK_UNRESOLVED / INCONCLUSIVE_RESEARCH,28172,7.705689277899343,0.0,0.6904761904761905,0.6591957029437651,0.11844060274077428,True,True,True,INCONCLUSIVE_RESEARCH
M0_ALL,10000,-1500,60000,False,False,False,False,-276860,-58.31086773378264,0.0,0.6611295681063123,0.6368329502482324,0.3201085124748243,False,False,True,TARGET_CUT_RISK_UNRESOLVED / INCONCLUSIVE_RESEARCH,92982,25.432713347921226,0.0,0.7423167848699763,0.7175473915266778,0.17183243099641812,True,False,True,TARGET_CUT_RISK_UNRESOLVED / INCONCLUSIVE_RESEARCH
M0_ALL,10000,-1500,120000,False,False,False,False,-111640,-23.513058129738837,0.0,0.7594666666666666,0.7396027487922008,0.33382419635681027,False,False,True,TARGET_CUT_RISK_UNRESOLVED / INCONCLUSIVE_RESEARCH,162798,44.52899343544858,0.0,0.8079947575360419,0.7874690242171711,0.3430863196640329,False,False,True,TARGET_CUT_RISK_UNRESOLVED / INCONCLUSIVE_RESEARCH
M0_ALL,10000,-1000,30000,False,False,False,False,-114130,-24.03748946925021,0.0,0.6301229508196722,0.5993803535625299,0.23279261327757741,True,False,True,TARGET_CUT_RISK_UNRESOLVED / INCONCLUSIVE_RESEARCH,-14874,-4.068380743982495,0.0,0.6937269372693727,0.6611925010791216,0.15571148920830138,True,False,True,TARGET_CUT_RISK_UNRESOLVED / INCONCLUSIVE_RESEARCH
M0_ALL,10000,-1000,60000,False,False,False,False,-278176,-58.58803706823926,0.0,0.6716630977872948,0.6466325077312671,0.39656205091737196,False,False,True,TARGET_CUT_RISK_UNRESOLVED / INCONCLUSIVE_RESEARCH,38423,10.509573304157549,0.0,0.7521079258010118,0.7267461137875698,0.19458100269562068,True,False,True,TARGET_CUT_RISK_UNRESOLVED / INCONCLUSIVE_RESEARCH
M0_ALL,10000,-1000,120000,False,False,False,False,-173941,-36.63458298230834,0.0,0.7682719546742209,0.748017679645287,0.39002746701924657,False,False,True,TARGET_CUT_RISK_UNRESOLVED / INCONCLUSIVE_RESEARCH,82396,22.537199124726477,0.0,0.8214037526059764,0.8007665027560614,0.3735329294981891,False,False,True,TARGET_CUT_RISK_UNRESOLVED / INCONCLUSIVE_RESEARCH
M0_ALL,10000,-700,30000,False,False,False,False,-119827,-25.23736310025274,0.0,0.6427038626609443,0.6114105088686389,0.2348511922076411,True,False,True,TARGET_CUT_RISK_UNRESOLVED / INCONCLUSIVE_RESEARCH,-47666,-13.037746170678338,0.0,0.6943734015345269,0.6612005608881427,0.19016878522758104,True,False,True,TARGET_CUT_RISK_UNRESOLVED / INCONCLUSIVE_RESEARCH
M0_ALL,10000,-700,60000,False,False,False,False,-278118,-58.57582139848357,0.0,0.685459940652819,0.660175094501338,0.45449425257929904,False,False,True,TARGET_CUT_RISK_UNRESOLVED / INCONCLUSIVE_RESEARCH,-4112,-1.12472647702407,0.0,0.7622377622377622,0.7367168063947407,0.23817928445153377,True,False,True,TARGET_CUT_RISK_UNRESOLVED / INCONCLUSIVE_RESEARCH
M0_ALL,10000,-700,120000,False,False,False,False,-220716,-46.48609941027801,0.0,0.7784290738569754,0.7581085676225797,0.4210659915772832,False,False,True,TARGET_CUT_RISK_UNRESOLVED / INCONCLUSIVE_RESEARCH,38700,10.585339168490153,0.0,0.8290229885057471,0.8083460606886231,0.38187424904905487,False,False,True,TARGET_CUT_RISK_UNRESOLVED / INCONCLUSIVE_RESEARCH
M0_ALL,10000,-500,30000,False,False,False,False,-137620,-28.984835720303284,0.0,0.6525139664804469,0.62072597534472,0.2877084022704712,False,False,True,TARGET_CUT_RISK_UNRESOLVED / INCONCLUSIVE_RESEARCH,-50882,-13.917396061269146,0.0,0.712,0.678576202953266,0.16426816209558118,True,True,True,REJECTED_FOR_RUNTIME
M0_ALL,10000,-500,60000,False,False,False,False,-298781,-62.92775905644482,0.0,0.6922486569455104,0.6666525314885867,0.532017387767553,False,False,True,TARGET_CUT_RISK_UNRESOLVED / INCONCLUSIVE_RESEARCH,-20621,-5.6403172866520785,0.0,0.7780797101449275,0.7526272690569494,0.22099256259899924,True,False,True,TARGET_CUT_RISK_UNRESOLVED / INCONCLUSIVE_RESEARCH
M0_ALL,10000,-500,120000,False,False,False,False,-276999,-58.340143218197134,0.0,0.7828191167574108,0.7622985122511858,0.4995279858058589,False,False,True,TARGET_CUT_RISK_UNRESOLVED / INCONCLUSIVE_RESEARCH,5343,1.4614332603938731,0.0,0.8390207715133531,0.8184427262585249,0.3939468371725297,False,False,True,TARGET_CUT_RISK_UNRESOLVED / INCONCLUSIVE_RESEARCH
M0_ALL,10000,-300,30000,False,False,False,False,-158207,-33.320766638584665,0.0,0.6550060313630881,0.6219985609783121,0.38923133079428923,False,False,True,TARGET_CUT_RISK_UNRESOLVED / INCONCLUSIVE_RESEARCH,-72609,-19.86022975929978,0.0,0.7225352112676057,0.6884699775351988,0.22600039172606426,True,False,True,TARGET_CUT_RISK_UNRESOLVED / INCONCLUSIVE_RESEARCH
M0_ALL,10000,-300,60000,False,False,False,False,-315157,-66.3767902274642,0.0,0.6970443349753694,0.6706505880665474,0.6823939160720575,False,False,True,TARGET_CUT_RISK_UNRESOLVED / INCONCLUSIVE_RESEARCH,-74472,-20.36980306345733,0.0,0.7866666666666666,0.7608661686227944,0.3057383076297916,False,False,True,TARGET_CUT_RISK_UNRESOLVED / INCONCLUSIVE_RESEARCH
M0_ALL,10000,-300,120000,False,False,False,False,-325409,-68.5360151642797,0.0,0.7934573444515716,0.7726526109454527,0.613862467278356,False,False,True,TARGET_CUT_RISK_UNRESOLVED / INCONCLUSIVE_RESEARCH,-79638,-21.782822757111596,0.0,0.8441860465116279,0.8233757917499234,0.5532343778632949,False,False,True,TARGET_CUT_RISK_UNRESOLVED / INCONCLUSIVE_RESEARCH
M0_ALL,10000,-200,30000,False,False,False,False,-157179,-33.10425442291491,0.0,0.6558861578266494,0.6216986653326011,0.4964511595221363,False,False,True,TARGET_CUT_RISK_UNRESOLVED / INCONCLUSIVE_RESEARCH,-86359,-23.62117067833698,0.0,0.7191679049034175,0.6840445761840938,0.2924149937195619,False,False,True,TARGET_CUT_RISK_UNRESOLVED / INCONCLUSIVE_RESEARCH
M0_ALL,10000,-200,60000,False,False,False,False,-318056,-66.98736310025274,0.0,0.7026793431287813,0.6757063187461734,0.8655981291400773,False,False,True,TARGET_CUT_RISK_UNRESOLVED / INCONCLUSIVE_RESEARCH,-98546,-26.954595185995622,0.0,0.7848605577689243,0.7583822812538874,0.328823699582069,False,False,True,TARGET_CUT_RISK_UNRESOLVED / INCONCLUSIVE_RESEARCH
M0_ALL,10000,-200,120000,False,False,False,False,-355566,-74.88753159224937,0.0,0.8004018754186202,0.7793677780607698,0.7610602784212025,False,False,True,TARGET_CUT_RISK_UNRESOLVED / INCONCLUSIVE_RESEARCH,-124480,-34.048140043763674,0.0,0.8466505246166263,0.8255180182286512,0.6774428460013343,False,False,True,TARGET_CUT_RISK_UNRESOLVED / INCONCLUSIVE_RESEARCH
M1_NEGATIVE_OR_FLAT_ONLY,1000,-6000,30000,False,False,False,False,149469,31.480412805391744,0.0,0.6352583586626139,0.6047575071740084,0.36152745802548814,False,False,False,TARGET_CUT_RISK_UNRESOLVED / INCONCLUSIVE_RESEARCH,237450,64.9480306345733,0.0,0.6867749419953596,0.655041865226412,0.25000466548474387,False,False,True,TARGET_CUT_RISK_UNRESOLVED / INCONCLUSIVE_RESEARCH
M1_NEGATIVE_OR_FLAT_ONLY,1000,-6000,60000,False,False,False,False,322446,67.91196293176074,0.0,0.68,0.654871580415006,0.4190488379307419,False,False,False,TARGET_CUT_RISK_UNRESOLVED / INCONCLUSIVE_RESEARCH,362568,99.1706783369803,0.0,0.7182044887780549,0.6921191151074015,0.3440515043421088,False,False,False,TARGET_CUT_RISK_UNRESOLVED / INCONCLUSIVE_RESEARCH
M1_NEGATIVE_OR_FLAT_ONLY,1000,-6000,120000,False,False,False,False,512913,108.02716933445662,0.0,0.7399540757749713,0.7188427450225844,0.4165238210345668,False,False,False,TARGET_CUT_RISK_UNRESOLVED / INCONCLUSIVE_RESEARCH,477744,130.67396061269147,0.0,0.7570543702684102,0.7343439645802056,0.36683736672755746,False,False,False,TARGET_CUT_RISK_UNRESOLVED / INCONCLUSIVE_RESEARCH
M1_NEGATIVE_OR_FLAT_ONLY,1000,-5000,30000,False,False,False,False,143664,30.257792754844147,0.0,0.6364572605561277,0.6057191642098998,0.3748448810109389,False,False,False,TARGET_CUT_RISK_UNRESOLVED / INCONCLUSIVE_RESEARCH,217126,59.38894967177243,0.0,0.685207100591716,0.6531143065159594,0.26567310695640534,False,False,True,TARGET_CUT_RISK_UNRESOLVED / INCONCLUSIVE_RESEARCH
M1_NEGATIVE_OR_FLAT_ONLY,1000,-5000,60000,False,False,False,False,295905,62.32203032855939,0.0,0.6821533923303835,0.656884694424132,0.4430840196336561,False,False,False,TARGET_CUT_RISK_UNRESOLVED / INCONCLUSIVE_RESEARCH,345745,94.56920131291028,0.0,0.719831223628692,0.6935833314863971,0.3455208068215708,False,False,True,TARGET_CUT_RISK_UNRESOLVED / INCONCLUSIVE_RESEARCH
M1_NEGATIVE_OR_FLAT_ONLY,1000,-5000,120000,False,False,False,False,493680,103.97641112047178,0.0,0.7440510737086478,0.7229184255372866,0.42304166082316913,False,False,False,TARGET_CUT_RISK_UNRESOLVED / INCONCLUSIVE_RESEARCH,459320,125.63457330415756,0.0,0.7587168758716876,0.7358994089836965,0.37071859988402367,False,False,False,TARGET_CUT_RISK_UNRESOLVED / INCONCLUSIVE_RESEARCH
M1_NEGATIVE_OR_FLAT_ONLY,1000,-3000,30000,False,False,False,False,103858,21.874052232518956,0.0,0.6387665198237885,0.6069980596130385,0.4215458261584763,False,False,True,TARGET_CUT_RISK_UNRESOLVED / INCONCLUSIVE_RESEARCH,155652,42.574398249452955,0.0,0.6846733668341709,0.6515732968745537,0.2843608655549815,False,False,True,TARGET_CUT_RISK_UNRESOLVED / INCONCLUSIVE_RESEARCH
M1_NEGATIVE_OR_FLAT_ONLY,1000,-3000,60000,False,False,False,False,185618,39.09393428812131,0.0,0.6830218068535826,0.6570574275903175,0.511572152187988,False,False,True,TARGET_CUT_RISK_UNRESOLVED / INCONCLUSIVE_RESEARCH,243321,66.5538840262582,0.0,0.7270294380017841,0.700208837853204,0.3831365653862472,False,False,True,TARGET_CUT_RISK_UNRESOLVED / INCONCLUSIVE_RESEARCH
M1_NEGATIVE_OR_FLAT_ONLY,1000,-3000,120000,False,False,False,False,323733,68.18302443133952,0.0,0.7466666666666667,0.7251249553661724,0.49441158383031525,False,False,True,TARGET_CUT_RISK_UNRESOLVED / INCONCLUSIVE_RESEARCH,355710,97.29485776805252,0.0,0.773792093704246,0.7508556277745915,0.37960959408581246,False,False,True,TARGET_CUT_RISK_UNRESOLVED / INCONCLUSIVE_RESEARCH
M1_NEGATIVE_OR_FLAT_ONLY,1000,-2000,30000,False,False,False,False,53083,11.180075821398484,0.0,0.6435406698564593,0.6104851096045548,0.5122732251797008,False,False,True,TARGET_CUT_RISK_UNRESOLVED / INCONCLUSIVE_RESEARCH,96357,26.355853391684903,0.0,0.6987951807228916,0.6649467817651167,0.33989908873554614,False,False,True,TARGET_CUT_RISK_UNRESOLVED / INCONCLUSIVE_RESEARCH
M1_NEGATIVE_OR_FLAT_ONLY,1000,-2000,60000,False,False,False,False,102187,21.52211457455771,0.0,0.6872393661384487,0.6604344048290455,0.5938750480060456,False,False,True,TARGET_CUT_RISK_UNRESOLVED / INCONCLUSIVE_RESEARCH,167986,45.94803063457331,0.0,0.7432052483598875,0.71615251401857,0.43480858359900343,False,False,True,TARGET_CUT_RISK_UNRESOLVED / INCONCLUSIVE_RESEARCH
M1_NEGATIVE_OR_FLAT_ONLY,1000,-2000,120000,False,False,False,False,203116,42.77927548441449,0.0,0.7516005121638925,0.7295729204450283,0.5665790040051862,False,False,True,TARGET_CUT_RISK_UNRESOLVED / INCONCLUSIVE_RESEARCH,261052,71.40371991247265,0.0,0.787624140565317,0.764643021524682,0.41528096642086926,False,False,True,TARGET_CUT_RISK_UNRESOLVED / INCONCLUSIVE_RESEARCH
M1_NEGATIVE_OR_FLAT_ONLY,1000,-1500,30000,False,False,False,False,36287,7.642586352148273,0.0,0.6545226130653267,0.6208173509806567,0.5424849449579993,False,False,True,TARGET_CUT_RISK_UNRESOLVED / INCONCLUSIVE_RESEARCH,91722,25.088074398249454,0.0,0.7231638418079096,0.6890685021791451,0.325566819130696,False,False,True,TARGET_CUT_RISK_UNRESOLVED / INCONCLUSIVE_RESEARCH
M1_NEGATIVE_OR_FLAT_ONLY,1000,-1500,60000,False,False,False,False,62732,13.212299915754002,0.0,0.6943722943722944,0.6671967763926339,0.6486248752100124,False,False,True,TARGET_CUT_RISK_UNRESOLVED / INCONCLUSIVE_RESEARCH,133978,36.64606126914661,0.0,0.7565982404692082,0.7293730678008156,0.43609380553525084,False,False,True,TARGET_CUT_RISK_UNRESOLVED / INCONCLUSIVE_RESEARCH
M1_NEGATIVE_OR_FLAT_ONLY,1000,-1500,120000,False,False,False,False,157736,33.22156697556866,0.0,0.7612137203166227,0.7391091433848102,0.5802794754332079,False,False,True,TARGET_CUT_RISK_UNRESOLVED / INCONCLUSIVE_RESEARCH,217838,59.58369803063457,0.0,0.8020585906571654,0.7791824482440878,0.40143909940230954,False,False,True,TARGET_CUT_RISK_UNRESOLVED / INCONCLUSIVE_RESEARCH
M1_NEGATIVE_OR_FLAT_ONLY,1000,-1000,30000,False,False,False,False,32267,6.795914069081719,0.0,0.6732117812061711,0.6379353433558048,0.5457696719285683,False,False,True,TARGET_CUT_RISK_UNRESOLVED / INCONCLUSIVE_RESEARCH,58771,16.075218818380744,0.0,0.7305295950155763,0.6949125550184265,0.3494604841061534,False,False,True,TARGET_CUT_RISK_UNRESOLVED / INCONCLUSIVE_RESEARCH
M1_NEGATIVE_OR_FLAT_ONLY,1000,-1000,60000,False,False,False,False,50688,10.675652906486942,0.0,0.7121354656632173,0.6841918846386665,0.6180735506352909,False,False,True,TARGET_CUT_RISK_UNRESOLVED / INCONCLUSIVE_RESEARCH,84776,23.188183807439824,0.0,0.7665615141955836,0.7386363480903756,0.47367132237094395,False,False,True,TARGET_CUT_RISK_UNRESOLVED / INCONCLUSIVE_RESEARCH
M1_NEGATIVE_OR_FLAT_ONLY,1000,-1000,120000,False,False,False,False,127768,26.909856781802866,0.0,0.7771509167842031,0.7547579682645009,0.5479958817822911,False,False,True,TARGET_CUT_RISK_UNRESOLVED / INCONCLUSIVE_RESEARCH,149666,40.9370897155361,0.0,0.8126050420168067,0.7894406103907822,0.42438555942576256,False,False,True,TARGET_CUT_RISK_UNRESOLVED / INCONCLUSIVE_RESEARCH
M1_NEGATIVE_OR_FLAT_ONLY,1000,-700,30000,False,False,False,False,16411,3.456402695871946,0.0,0.6894502228826151,0.6534988641380777,0.5700624624525771,False,False,True,TARGET_CUT_RISK_UNRESOLVED / INCONCLUSIVE_RESEARCH,30332,8.296498905908097,0.0,0.7275693311582382,0.6909896306507052,0.42171357752151895,False,False,True,TARGET_CUT_RISK_UNRESOLVED / INCONCLUSIVE_RESEARCH
M1_NEGATIVE_OR_FLAT_ONLY,1000,-700,60000,False,False,False,False,26808,5.646166807076664,0.0,0.7271835132482827,0.6990208135289764,0.6499187340277088,False,False,True,TARGET_CUT_RISK_UNRESOLVED / INCONCLUSIVE_RESEARCH,43566,11.916301969365426,0.0,0.7699018538713195,0.7415675664334759,0.5690668223787453,False,False,True,TARGET_CUT_RISK_UNRESOLVED / INCONCLUSIVE_RESEARCH
M1_NEGATIVE_OR_FLAT_ONLY,1000,-700,120000,False,False,False,False,92597,19.502316764953665,0.0,0.7903579254930606,0.7679978975045747,0.5642403992131024,False,False,True,TARGET_CUT_RISK_UNRESOLVED / INCONCLUSIVE_RESEARCH,93480,25.568927789934353,0.0,0.8161318300086731,0.7927348077592734,0.5037455457526056,False,False,True,TARGET_CUT_RISK_UNRESOLVED / INCONCLUSIVE_RESEARCH
M1_NEGATIVE_OR_FLAT_ONLY,1000,-500,30000,False,False,False,False,1814,0.38205560235888797,0.0,0.7053291536050157,0.6688093915142346,0.6309680024225295,False,False,True,TARGET_CUT_RISK_UNRESOLVED / INCONCLUSIVE_RESEARCH,16392,4.483588621444201,0.0,0.7444253859348199,0.7074986819573951,0.467417837962844,False,False,True,TARGET_CUT_RISK_UNRESOLVED / INCONCLUSIVE_RESEARCH
M1_NEGATIVE_OR_FLAT_ONLY,1000,-500,60000,False,False,False,False,3046,0.6415332771693345,0.0,0.7385086823289071,0.7100872298245848,0.7164878048780488,False,False,True,TARGET_CUT_RISK_UNRESOLVED / INCONCLUSIVE_RESEARCH,17596,4.812910284463895,0.0,0.782559456398641,0.7541589295082234,0.6621112656693592,False,False,True,TARGET_CUT_RISK_UNRESOLVED / INCONCLUSIVE_RESEARCH
M1_NEGATIVE_OR_FLAT_ONLY,1000,-500,120000,False,False,False,False,50558,10.648272957034541,0.0,0.7993943981831946,0.7769453700138268,0.6270696657294595,False,False,True,TARGET_CUT_RISK_UNRESOLVED / INCONCLUSIVE_RESEARCH,56218,15.37691466083151,0.0,0.8266309204647007,0.8033425761787131,0.5678971942226295,False,False,True,TARGET_CUT_RISK_UNRESOLVED / INCONCLUSIVE_RESEARCH
M1_NEGATIVE_OR_FLAT_ONLY,1000,-300,30000,False,False,False,False,-19170,-4.037489469250211,0.0,0.7130434782608696,0.6747527781433024,0.907178828873309,False,False,True,TARGET_CUT_RISK_UNRESOLVED / INCONCLUSIVE_RESEARCH,-4438,-1.213894967177243,0.0,0.7605118829981719,0.7230094998151998,0.6584352185768317,False,False,True,TARGET_CUT_RISK_UNRESOLVED / INCONCLUSIVE_RESEARCH
M1_NEGATIVE_OR_FLAT_ONLY,1000,-300,60000,False,False,False,False,-30300,-6.381634372367312,0.0,0.7466814159292036,0.7173276151484155,0.9720549379924306,False,False,True,TARGET_CUT_RISK_UNRESOLVED / INCONCLUSIVE_RESEARCH,-11470,-3.137308533916849,0.0,0.7971360381861575,0.7685818475796844,0.8789447022904944,False,False,True,TARGET_CUT_RISK_UNRESOLVED / INCONCLUSIVE_RESEARCH
M1_NEGATIVE_OR_FLAT_ONLY,1000,-300,120000,False,False,False,False,-11242,-2.3677337826453244,0.0,0.8132578819725141,0.7905831137147545,0.8617440516756052,False,False,True,TARGET_CUT_RISK_UNRESOLVED / INCONCLUSIVE_RESEARCH,3767,1.0303610503282277,0.0,0.8376865671641791,0.8144139083763303,0.7649660459416378,False,False,True,TARGET_CUT_RISK_UNRESOLVED / INCONCLUSIVE_RESEARCH
M1_NEGATIVE_OR_FLAT_ONLY,1000,-200,30000,False,False,False,False,-29934,-6.304549283909014,0.0,0.7175572519083969,0.6775361348575989,1.4164099178403755,False,False,True,TARGET_CUT_RISK_UNRESOLVED / INCONCLUSIVE_RESEARCH,-21282,-5.821115973741795,0.0,0.7578125,0.7188729901641425,1.1535618144561854,False,False,True,TARGET_CUT_RISK_UNRESOLVED / INCONCLUSIVE_RESEARCH
M1_NEGATIVE_OR_FLAT_ONLY,1000,-200,60000,False,False,False,False,-49748,-10.477674810446503,0.0,0.7564705882352941,0.7265042984649087,1.4750148342799017,False,False,True,TARGET_CUT_RISK_UNRESOLVED / INCONCLUSIVE_RESEARCH,-37235,-10.184628008752735,0.0,0.7952261306532663,0.7658064090741385,1.4215737861755562,False,False,True,TARGET_CUT_RISK_UNRESOLVED / INCONCLUSIVE_RESEARCH
M1_NEGATIVE_OR_FLAT_ONLY,1000,-200,120000,False,False,False,False,-53719,-11.314026958719461,0.0,0.8225806451612904,0.7997268874766713,1.3498710115410726,False,False,True,TARGET_CUT_RISK_UNRESOLVED / INCONCLUSIVE_RESEARCH,-35073,-9.593271334792123,0.0,0.8401559454191033,0.8164695789059093,1.2493542814839187,False,False,True,TARGET_CUT_RISK_UNRESOLVED / INCONCLUSIVE_RESEARCH
M1_NEGATIVE_OR_FLAT_ONLY,1500,-6000,30000,False,False,False,False,128388,27.040438079191237,0.0,0.6375502008032129,0.6072206476412657,0.34589892583452697,False,False,True,TARGET_CUT_RISK_UNRESOLVED / INCONCLUSIVE_RESEARCH,225186,61.59354485776805,0.0,0.6882217090069284,0.6565959504480516,0.23558361879676304,True,False,True,TARGET_CUT_RISK_UNRESOLVED / INCONCLUSIVE_RESEARCH
M1_NEGATIVE_OR_FLAT_ONLY,1500,-6000,60000,False,False,False,False,305145,64.26811288963775,0.0,0.6882649388048956,0.6634143200623718,0.41775405116696473,False,False,False,TARGET_CUT_RISK_UNRESOLVED / INCONCLUSIVE_RESEARCH,344001,94.0921772428884,0.0,0.7218543046357616,0.6959130482366093,0.3461259190650978,False,False,True,TARGET_CUT_RISK_UNRESOLVED / INCONCLUSIVE_RESEARCH
M1_NEGATIVE_OR_FLAT_ONLY,1500,-6000,120000,False,False,False,False,494193,104.08445661331086,0.0,0.7527065527065527,0.7319841255893655,0.4376182112942448,False,False,False,TARGET_CUT_RISK_UNRESOLVED / INCONCLUSIVE_RESEARCH,460529,125.9652625820569,0.0,0.7666437886067261,0.7442416111617003,0.3831323721433371,False,False,False,TARGET_CUT_RISK_UNRESOLVED / INCONCLUSIVE_RESEARCH
M1_NEGATIVE_OR_FLAT_ONLY,1500,-5000,30000,False,False,False,False,125017,26.3304549283909,0.0,0.639795918367347,0.6092479220494522,0.3584760850736214,False,False,True,TARGET_CUT_RISK_UNRESOLVED / INCONCLUSIVE_RESEARCH,203862,55.760940919037196,0.0,0.6866902237926973,0.6547077989727201,0.2507013641502201,False,False,True,TARGET_CUT_RISK_UNRESOLVED / INCONCLUSIVE_RESEARCH
M1_NEGATIVE_OR_FLAT_ONLY,1500,-5000,60000,False,False,False,False,275677,58.0617101937658,0.0,0.6905109489051094,0.6655275804874113,0.4421057461802446,False,False,True,TARGET_CUT_RISK_UNRESOLVED / INCONCLUSIVE_RESEARCH,325285,88.97292122538293,0.0,0.7235294117647059,0.6974295604121381,0.34764240896594456,False,False,True,TARGET_CUT_RISK_UNRESOLVED / INCONCLUSIVE_RESEARCH
M1_NEGATIVE_OR_FLAT_ONLY,1500,-5000,120000,False,False,False,False,468784,98.73294018534119,0.0,0.7569124423963134,0.7361815362931842,0.45260503953880404,False,False,True,TARGET_CUT_RISK_UNRESOLVED / INCONCLUSIVE_RESEARCH,438077,119.82412472647702,0.0,0.7682672233820459,0.7457536322737041,0.38858785193863726,False,False,True,TARGET_CUT_RISK_UNRESOLVED / INCONCLUSIVE_RESEARCH
M1_NEGATIVE_OR_FLAT_ONLY,1500,-3000,30000,False,False,False,False,79143,16.668702611625946,0.0,0.6422319474835886,0.6106202900189923,0.41562421139911315,False,False,True,TARGET_CUT_RISK_UNRESOLVED / INCONCLUSIVE_RESEARCH,140829,38.51996717724289,0.0,0.685857321652065,0.6528476908687202,0.2675538517133565,False,False,True,TARGET_CUT_RISK_UNRESOLVED / INCONCLUSIVE_RESEARCH
M1_NEGATIVE_OR_FLAT_ONLY,1500,-3000,60000,False,False,False,False,154501,32.54022746419545,0.0,0.6906419180201083,0.6649136940818331,0.5201902052310077,False,False,True,TARGET_CUT_RISK_UNRESOLVED / INCONCLUSIVE_RESEARCH,225242,61.60886214442013,0.0,0.7315555555555555,0.7049042573591225,0.3797667685600708,False,False,True,TARGET_CUT_RISK_UNRESOLVED / INCONCLUSIVE_RESEARCH
M1_NEGATIVE_OR_FLAT_ONLY,1500,-3000,120000,False,False,False,False,285280,60.08424599831508,0.0,0.7604103802051901,0.7392714453064834,0.5318406337311774,False,False,True,TARGET_CUT_RISK_UNRESOLVED / INCONCLUSIVE_RESEARCH,334398,91.46553610503283,0.0,0.7843567251461988,0.7617827945804136,0.40337187279483716,False,False,True,TARGET_CUT_RISK_UNRESOLVED / INCONCLUSIVE_RESEARCH
M1_NEGATIVE_OR_FLAT_ONLY,1500,-2000,30000,False,False,False,False,31275,6.58698399326032,0.0,0.6488095238095238,0.6159181632420412,0.49982817064217316,False,False,True,TARGET_CUT_RISK_UNRESOLVED / INCONCLUSIVE_RESEARCH,81863,22.391411378555798,0.0,0.7009345794392523,0.6671879182997209,0.3233120491900201,False,False,True,TARGET_CUT_RISK_UNRESOLVED / INCONCLUSIVE_RESEARCH
M1_NEGATIVE_OR_FLAT_ONLY,1500,-2000,60000,False,False,False,False,74410,15.671861836562764,0.0,0.6982543640897756,0.6717185684726664,0.5977878020144596,False,False,True,TARGET_CUT_RISK_UNRESOLVED / INCONCLUSIVE_RESEARCH,149396,40.86323851203501,0.0,0.7485981308411215,0.721746614977489,0.4225897915678538,False,False,True,TARGET_CUT_RISK_UNRESOLVED / INCONCLUSIVE_RESEARCH
M1_NEGATIVE_OR_FLAT_ONLY,1500,-2000,120000,False,False,False,False,166676,35.1044650379107,0.0,0.7672634271099744,0.7456812363939657,0.603209363034574,False,False,True,TARGET_CUT_RISK_UNRESOLVED / INCONCLUSIVE_RESEARCH,240105,65.67423413566739,0.0,0.7992366412213741,0.7766841545112089,0.4420489155868566,False,False,True,TARGET_CUT_RISK_UNRESOLVED / INCONCLUSIVE_RESEARCH
M1_NEGATIVE_OR_FLAT_ONLY,1500,-1500,30000,False,False,False,False,12296,2.5897219882055604,0.0,0.65875,0.6252063042381029,0.5323457813228363,False,False,True,TARGET_CUT_RISK_UNRESOLVED / INCONCLUSIVE_RESEARCH,79010,21.61105032822757,0.0,0.7253521126760564,0.6913746099652367,0.3155893536121673,False,False,True,TARGET_CUT_RISK_UNRESOLVED / INCONCLUSIVE_RESEARCH
M1_NEGATIVE_OR_FLAT_ONLY,1500,-1500,60000,False,False,False,False,29832,6.283066554338669,0.0,0.7044079515989629,0.6774733648216593,0.6606806516928003,False,False,True,TARGET_CUT_RISK_UNRESOLVED / INCONCLUSIVE_RESEARCH,107709,29.460886214442013,0.0,0.7602339181286549,0.7331697803637842,0.4559344121674007,False,False,True,TARGET_CUT_RISK_UNRESOLVED / INCONCLUSIVE_RESEARCH
M1_NEGATIVE_OR_FLAT_ONLY,1500,-1500,120000,False,False,False,False,117222,24.68871103622578,0.0,0.7757255936675461,0.754047377833696,0.6340499723541733,False,False,True,TARGET_CUT_RISK_UNRESOLVED / INCONCLUSIVE_RESEARCH,189242,51.76203501094092,0.0,0.8109177215189873,0.7884010115375537,0.44845077366504854,False,False,True,TARGET_CUT_RISK_UNRESOLVED / INCONCLUSIVE_RESEARCH
M1_NEGATIVE_OR_FLAT_ONLY,1500,-1000,30000,False,False,False,False,10312,2.1718618365627633,0.0,0.6759776536312849,0.6408368900912748,0.5339166853638472,False,False,True,TARGET_CUT_RISK_UNRESOLVED / INCONCLUSIVE_RESEARCH,42676,11.672866520787746,0.0,0.7313664596273292,0.6958350115969798,0.3673654497826734,False,False,True,TARGET_CUT_RISK_UNRESOLVED / INCONCLUSIVE_RESEARCH
M1_NEGATIVE_OR_FLAT_ONLY,1500,-1000,60000,False,False,False,False,22211,4.677969671440606,0.0,0.7199248120300752,0.6921896022096715,0.6419860764689167,False,False,True,TARGET_CUT_RISK_UNRESOLVED / INCONCLUSIVE_RESEARCH,55849,15.275984682713348,0.0,0.7683438155136268,0.7405281262010153,0.5194852689081393,False,False,True,TARGET_CUT_RISK_UNRESOLVED / INCONCLUSIVE_RESEARCH
M1_NEGATIVE_OR_FLAT_ONLY,1500,-1000,120000,False,False,False,False,87912,18.51558550968829,0.0,0.7889908256880734,0.766979190326874,0.6198427851001356,False,False,True,TARGET_CUT_RISK_UNRESOLVED / INCONCLUSIVE_RESEARCH,119484,32.681619256017505,0.0,0.8194794290512175,0.7966196398680717,0.48937343856734644,False,False,True,TARGET_CUT_RISK_UNRESOLVED / INCONCLUSIVE_RESEARCH
M1_NEGATIVE_OR_FLAT_ONLY,1500,-700,30000,False,False,False,False,-693,-0.14595619208087615,0.0,0.6928783382789317,0.6570410225032292,0.5342345633905736,False,False,True,TARGET_CUT_RISK_UNRESOLVED / INCONCLUSIVE_RESEARCH,15070,4.12199124726477,0.0,0.7280130293159609,0.691479156960337,0.4677586023738013,False,False,True,TARGET_CUT_RISK_UNRESOLVED / INCONCLUSIVE_RESEARCH
M1_NEGATIVE_OR_FLAT_ONLY,1500,-700,60000,False,False,False,False,1755,0.36962931760741363,0.0,0.7347740667976425,0.706810013872689,0.6635590221688897,False,False,True,TARGET_CUT_RISK_UNRESOLVED / INCONCLUSIVE_RESEARCH,16633,4.549507658643326,0.0,0.7723311546840959,0.7441034459785745,0.6296707473799166,False,False,True,TARGET_CUT_RISK_UNRESOLVED / INCONCLUSIVE_RESEARCH
M1_NEGATIVE_OR_FLAT_ONLY,1500,-700,120000,False,False,False,False,58274,12.273378264532434,0.0,0.801610541727672,0.7796297450762595,0.6406034675101387,False,False,True,TARGET_CUT_RISK_UNRESOLVED / INCONCLUSIVE_RESEARCH,65940,18.036105032822757,0.0,0.8237847222222222,0.8007174559373491,0.5769248258613918,False,False,True,TARGET_CUT_RISK_UNRESOLVED / INCONCLUSIVE_RESEARCH
M1_NEGATIVE_OR_FLAT_ONLY,1500,-500,30000,False,False,False,False,-12387,-2.608887952822241,0.0,0.7089201877934272,0.672533884844289,0.5817325278501357,False,False,True,TARGET_CUT_RISK_UNRESOLVED / INCONCLUSIVE_RESEARCH,3378,0.9239606126914661,0.0,0.7448630136986302,0.7079859916746231,0.5236328626444159,False,False,True,TARGET_CUT_RISK_UNRESOLVED / INCONCLUSIVE_RESEARCH
M1_NEGATIVE_OR_FLAT_ONLY,1500,-500,60000,False,False,False,False,-20224,-4.259477674810446,0.0,0.745658835546476,0.7174556885637129,0.7379661900710777,False,False,True,TARGET_CUT_RISK_UNRESOLVED / INCONCLUSIVE_RESEARCH,-6125,-1.6753282275711159,0.0,0.7850678733031674,0.7567863650148133,0.7379835683788329,False,False,True,TARGET_CUT_RISK_UNRESOLVED / INCONCLUSIVE_RESEARCH
M1_NEGATIVE_OR_FLAT_ONLY,1500,-500,120000,False,False,False,False,20964,4.415332771693344,0.0,0.8104624715693708,0.7884209747369303,0.707389498349132,False,False,True,TARGET_CUT_RISK_UNRESOLVED / INCONCLUSIVE_RESEARCH,33182,9.076039387308533,0.0,0.8345259391771019,0.811604899033461,0.6505552173186856,False,False,True,TARGET_CUT_RISK_UNRESOLVED / INCONCLUSIVE_RESEARCH
M1_NEGATIVE_OR_FLAT_ONLY,1500,-300,30000,False,False,False,False,-32855,-6.919755686604886,0.0,0.7152777777777778,0.6770921404448633,0.8904629593394122,False,False,True,TARGET_CUT_RISK_UNRESOLVED / INCONCLUSIVE_RESEARCH,-15338,-4.195295404814004,0.0,0.7605118829981719,0.7230094998151998,0.7403245668044683,False,False,True,TARGET_CUT_RISK_UNRESOLVED / INCONCLUSIVE_RESEARCH
M1_NEGATIVE_OR_FLAT_ONLY,1500,-300,60000,False,False,False,False,-51050,-10.75189553496209,0.0,0.7522123893805309,0.7230412801261256,1.0107770778488154,False,False,True,TARGET_CUT_RISK_UNRESOLVED / INCONCLUSIVE_RESEARCH,-30976,-8.472647702407002,0.0,0.7995226730310262,0.7710767632413565,1.0055246357832706,False,False,True,TARGET_CUT_RISK_UNRESOLVED / INCONCLUSIVE_RESEARCH
M1_NEGATIVE_OR_FLAT_ONLY,1500,-300,120000,False,False,False,False,-38579,-8.125315922493682,0.0,0.8226720647773279,0.8003792255413652,0.9944828794115071,False,False,True,TARGET_CUT_RISK_UNRESOLVED / INCONCLUSIVE_RESEARCH,-12258,-3.3528446389496716,0.0,0.8457943925233645,0.8229216534177036,0.8478720495762325,False,False,True,TARGET_CUT_RISK_UNRESOLVED / INCONCLUSIVE_RESEARCH
M1_NEGATIVE_OR_FLAT_ONLY,1500,-200,30000,False,False,False,False,-41298,-8.697978096040439,0.0,0.72,0.6801010402557945,1.3395315053568186,False,False,True,TARGET_CUT_RISK_UNRESOLVED / INCONCLUSIVE_RESEARCH,-31909,-8.727844638949671,0.0,0.7578125,0.7188729901641425,1.3526859255092611,False,False,True,TARGET_CUT_RISK_UNRESOLVED / INCONCLUSIVE_RESEARCH
M1_NEGATIVE_OR_FLAT_ONLY,1500,-200,60000,False,False,False,False,-66001,-13.900800336983993,0.0,0.7623529411764706,0.7325983748485356,1.4793106336641957,False,False,True,TARGET_CUT_RISK_UNRESOLVED / INCONCLUSIVE_RESEARCH,-56702,-15.50929978118162,0.0,0.7964824120603015,0.7671201713333042,1.6802596101076142,False,False,True,TARGET_CUT_RISK_UNRESOLVED / INCONCLUSIVE_RESEARCH
M1_NEGATIVE_OR_FLAT_ONLY,1500,-200,120000,False,False,False,False,-75056,-15.807919123841618,0.0,0.8324829931972789,0.8100644522506688,1.5044856859752016,False,False,True,TARGET_CUT_RISK_UNRESOLVED / INCONCLUSIVE_RESEARCH,-51193,-14.00246170678337,0.0,0.84765625,0.8243496823450706,1.434023138341209,False,False,True,TARGET_CUT_RISK_UNRESOLVED / INCONCLUSIVE_RESEARCH
M1_NEGATIVE_OR_FLAT_ONLY,2000,-6000,30000,False,False,False,False,103908,21.88458298230834,0.0,0.639,0.608752162967835,0.3522444685328062,False,False,True,TARGET_CUT_RISK_UNRESOLVED / INCONCLUSIVE_RESEARCH,208565,57.04731947483589,0.0,0.687715269804822,0.6561711260001,0.23215461086270683,True,False,True,TARGET_CUT_RISK_UNRESOLVED / INCONCLUSIVE_RESEARCH
M1_NEGATIVE_OR_FLAT_ONLY,2000,-6000,60000,False,False,False,False,269237,56.70534962089301,0.0,0.6909871244635193,0.6662688800244257,0.41723084343036576,False,False,True,TARGET_CUT_RISK_UNRESOLVED / INCONCLUSIVE_RESEARCH,325816,89.11816192560175,0.0,0.7261513157894737,0.7004045070167862,0.3520117995402705,False,False,True,TARGET_CUT_RISK_UNRESOLVED / INCONCLUSIVE_RESEARCH
M1_NEGATIVE_OR_FLAT_ONLY,2000,-6000,120000,False,False,False,False,460645,97.0187447346251,0.0,0.7602040816326531,0.7397279176596073,0.4480327197029042,False,False,True,TARGET_CUT_RISK_UNRESOLVED / INCONCLUSIVE_RESEARCH,437688,119.71772428884026,0.0,0.7708049113233287,0.7485979134520729,0.4065934989676314,False,False,True,TARGET_CUT_RISK_UNRESOLVED / INCONCLUSIVE_RESEARCH
M1_NEGATIVE_OR_FLAT_ONLY,2000,-5000,30000,False,False,False,False,99537,20.963984835720304,0.0,0.641260162601626,0.610796139700716,0.3656618858611242,False,False,True,TARGET_CUT_RISK_UNRESOLVED / INCONCLUSIVE_RESEARCH,187241,51.21471553610503,0.0,0.6861826697892272,0.6542847904184461,0.24688154706160634,True,False,True,TARGET_CUT_RISK_UNRESOLVED / INCONCLUSIVE_RESEARCH
M1_NEGATIVE_OR_FLAT_ONLY,2000,-5000,60000,False,False,False,False,238769,50.28833192923336,0.0,0.6932559825960841,0.6684081361409452,0.4415398252432193,False,False,True,TARGET_CUT_RISK_UNRESOLVED / INCONCLUSIVE_RESEARCH,306494,83.83315098468272,0.0,0.7278797996661102,0.7019794891498182,0.3531417947302676,False,False,True,TARGET_CUT_RISK_UNRESOLVED / INCONCLUSIVE_RESEARCH
M1_NEGATIVE_OR_FLAT_ONLY,2000,-5000,120000,False,False,False,False,432222,91.0324347093513,0.0,0.7644699140401147,0.7439931833603114,0.46548685528304345,False,False,True,TARGET_CUT_RISK_UNRESOLVED / INCONCLUSIVE_RESEARCH,413159,113.00847921225383,0.0,0.7724757952973721,0.7501621441652646,0.4131890607626434,False,False,True,TARGET_CUT_RISK_UNRESOLVED / INCONCLUSIVE_RESEARCH
M1_NEGATIVE_OR_FLAT_ONLY,2000,-3000,30000,False,False,False,False,57208,12.048862679022747,0.0,0.6441048034934498,0.6125563812627569,0.4082818151387955,False,False,True,TARGET_CUT_RISK_UNRESOLVED / INCONCLUSIVE_RESEARCH,127656,34.91684901531729,0.0,0.6853233830845771,0.6524067848707048,0.2550703999605464,False,False,True,TARGET_CUT_RISK_UNRESOLVED / INCONCLUSIVE_RESEARCH
M1_NEGATIVE_OR_FLAT_ONLY,2000,-3000,60000,False,False,False,False,120794,25.441027801179445,0.0,0.6936104695919938,0.6680010074644602,0.5204928029055431,False,False,True,TARGET_CUT_RISK_UNRESOLVED / INCONCLUSIVE_RESEARCH,201651,55.15618161925602,0.0,0.735216240070609,0.7087612440463127,0.386570672935645,False,False,True,TARGET_CUT_RISK_UNRESOLVED / INCONCLUSIVE_RESEARCH
M1_NEGATIVE_OR_FLAT_ONLY,2000,-3000,120000,False,False,False,False,252655,53.21293176074136,0.0,0.7689530685920578,0.7480823904578128,0.5461111927235968,False,False,True,TARGET_CUT_RISK_UNRESOLVED / INCONCLUSIVE_RESEARCH,311442,85.18654266958424,0.0,0.7893972403776325,0.7670712612480287,0.4265921007431618,False,False,True,TARGET_CUT_RISK_UNRESOLVED / INCONCLUSIVE_RESEARCH
M1_NEGATIVE_OR_FLAT_ONLY,2000,-2000,30000,False,False,False,False,13370,2.8159224936815503,0.0,0.6516052318668252,0.6187801334776428,0.4692773482029345,False,False,True,TARGET_CUT_RISK_UNRESOLVED / INCONCLUSIVE_RESEARCH,67608,18.49234135667396,0.0,0.7002652519893899,0.6666162188392152,0.3037096687158328,False,False,True,TARGET_CUT_RISK_UNRESOLVED / INCONCLUSIVE_RESEARCH
M1_NEGATIVE_OR_FLAT_ONLY,2000,-2000,60000,False,False,False,False,49012,10.322662173546757,0.0,0.7023217247097844,0.6759065870256334,0.5745352744603412,False,False,True,TARGET_CUT_RISK_UNRESOLVED / INCONCLUSIVE_RESEARCH,125567,34.34545951859956,0.0,0.7530176415970288,0.7263926272109115,0.43604468458239987,False,False,True,TARGET_CUT_RISK_UNRESOLVED / INCONCLUSIVE_RESEARCH
M1_NEGATIVE_OR_FLAT_ONLY,2000,-2000,120000,False,False,False,False,140576,29.607413647851725,0.0,0.776500638569604,0.7552052402401284,0.6087213680628052,False,False,True,TARGET_CUT_RISK_UNRESOLVED / INCONCLUSIVE_RESEARCH,216747,59.28528446389497,0.0,0.8050075872534143,0.7827444787208392,0.47088478931026423,False,False,True,TARGET_CUT_RISK_UNRESOLVED / INCONCLUSIVE_RESEARCH
M1_NEGATIVE_OR_FLAT_ONLY,2000,-1500,30000,False,False,False,False,-8966,-1.888374052232519,0.0,0.6604244694132334,0.626932873282223,0.5180758344309615,False,False,True,TARGET_CUT_RISK_UNRESOLVED / INCONCLUSIVE_RESEARCH,65476,17.909190371991247,0.0,0.7244755244755244,0.6905933650079042,0.3004990872821234,False,False,True,TARGET_CUT_RISK_UNRESOLVED / INCONCLUSIVE_RESEARCH
M1_NEGATIVE_OR_FLAT_ONLY,2000,-1500,60000,False,False,False,False,-1455,-0.30644481887110364,0.0,0.7077586206896552,0.6809353721411269,0.6464732354608452,False,False,True,TARGET_CUT_RISK_UNRESOLVED / INCONCLUSIVE_RESEARCH,85248,23.317286652078774,0.0,0.7645348837209303,0.737696960829137,0.461965840837218,False,False,True,TARGET_CUT_RISK_UNRESOLVED / INCONCLUSIVE_RESEARCH
M1_NEGATIVE_OR_FLAT_ONLY,2000,-1500,120000,False,False,False,False,83562,17.599410278011796,0.0,0.7839262187088274,0.762519420773806,0.6583158225486538,False,False,True,TARGET_CUT_RISK_UNRESOLVED / INCONCLUSIVE_RESEARCH,168471,46.080689277899346,0.0,0.8165354330708662,0.7943047961470776,0.4711586956872192,False,False,True,TARGET_CUT_RISK_UNRESOLVED / INCONCLUSIVE_RESEARCH
M1_NEGATIVE_OR_FLAT_ONLY,2000,-1000,30000,False,False,False,False,-6838,-1.4401853411962933,0.0,0.6778242677824268,0.642749417010221,0.5310719786235178,False,False,True,TARGET_CUT_RISK_UNRESOLVED / INCONCLUSIVE_RESEARCH,29056,7.947483588621444,0.0,0.7299382716049383,0.6944721746205818,0.3687948355223002,False,False,True,TARGET_CUT_RISK_UNRESOLVED / INCONCLUSIVE_RESEARCH
M1_NEGATIVE_OR_FLAT_ONLY,2000,-1000,60000,False,False,False,False,-5796,-1.2207245155855098,0.0,0.7213883677298312,0.693717557054582,0.6431859099804306,False,False,True,TARGET_CUT_RISK_UNRESOLVED / INCONCLUSIVE_RESEARCH,35910,9.822210065645514,0.0,0.7726798748696558,0.7450974518357376,0.5533929557641944,False,False,True,TARGET_CUT_RISK_UNRESOLVED / INCONCLUSIVE_RESEARCH
M1_NEGATIVE_OR_FLAT_ONLY,2000,-1000,120000,False,False,False,False,57228,12.0530749789385,0.0,0.7954866008462623,0.7737078367597714,0.6423616583175522,False,False,True,TARGET_CUT_RISK_UNRESOLVED / INCONCLUSIVE_RESEARCH,95994,26.25656455142232,0.0,0.8244147157190636,0.8018230453062425,0.5464518899535779,False,False,True,TARGET_CUT_RISK_UNRESOLVED / INCONCLUSIVE_RESEARCH
M1_NEGATIVE_OR_FLAT_ONLY,2000,-700,30000,False,False,False,False,-13230,-2.786436394271272,0.0,0.6948148148148148,0.6590546674888543,0.5084054607288494,False,False,True,TARGET_CUT_RISK_UNRESOLVED / INCONCLUSIVE_RESEARCH,1350,0.36925601750547044,0.0,0.7265372168284789,0.6900761074935617,0.4661717515206667,False,False,True,TARGET_CUT_RISK_UNRESOLVED / INCONCLUSIVE_RESEARCH
M1_NEGATIVE_OR_FLAT_ONLY,2000,-700,60000,False,False,False,False,-21186,-4.462089300758214,0.0,0.7360157016683022,0.7081015346498029,0.6447647091845327,False,False,True,TARGET_CUT_RISK_UNRESOLVED / INCONCLUSIVE_RESEARCH,-3518,-0.962253829321663,0.0,0.7765726681127982,0.7485694660925505,0.6772518344341908,False,False,True,TARGET_CUT_RISK_UNRESOLVED / INCONCLUSIVE_RESEARCH
M1_NEGATIVE_OR_FLAT_ONLY,2000,-700,120000,False,False,False,False,33255,7.004001684919967,0.0,0.808199121522694,0.786467344560237,0.6517115127564364,False,False,True,TARGET_CUT_RISK_UNRESOLVED / INCONCLUSIVE_RESEARCH,43104,11.789934354485776,0.0,0.828719723183391,0.80592132101664,0.6407552532737794,False,False,True,TARGET_CUT_RISK_UNRESOLVED / INCONCLUSIVE_RESEARCH
M1_NEGATIVE_OR_FLAT_ONLY,2000,-500,30000,False,False,False,False,-22499,-4.738626790227464,0.0,0.7109375,0.6746400418726191,0.5653639779200317,False,False,True,TARGET_CUT_RISK_UNRESOLVED / INCONCLUSIVE_RESEARCH,-5333,-1.4586980306345734,0.0,0.7461669505962522,0.709438250195875,0.46185457174384537,False,False,True,TARGET_CUT_RISK_UNRESOLVED / INCONCLUSIVE_RESEARCH
M1_NEGATIVE_OR_FLAT_ONLY,2000,-500,60000,False,False,False,False,-41048,-8.645324347093513,0.0,0.746938775510204,0.7187905388811778,0.70780303755246,False,False,True,TARGET_CUT_RISK_UNRESOLVED / INCONCLUSIVE_RESEARCH,-23773,-6.50246170678337,0.0,0.7891770011273957,0.761115860165241,0.7761755236694622,False,False,True,TARGET_CUT_RISK_UNRESOLVED / INCONCLUSIVE_RESEARCH
M1_NEGATIVE_OR_FLAT_ONLY,2000,-500,120000,False,False,False,False,-506,-0.10657118786857624,0.0,0.8165276724791509,0.7947306209508594,0.712881039170953,False,False,True,TARGET_CUT_RISK_UNRESOLVED / INCONCLUSIVE_RESEARCH,13949,3.8153719912472646,0.0,0.83942908117752,0.8167836323752101,0.7099069512862616,False,False,True,TARGET_CUT_RISK_UNRESOLVED / INCONCLUSIVE_RESEARCH
M1_NEGATIVE_OR_FLAT_ONLY,2000,-300,30000,False,False,False,False,-41550,-8.75105307497894,0.0,0.7170138888888888,0.6788839937547408,0.8705760835671967,False,False,True,TARGET_CUT_RISK_UNRESOLVED / INCONCLUSIVE_RESEARCH,-22941,-6.274890590809628,0.0,0.7609489051094891,0.7235013028699941,0.6437630051473004,False,False,True,TARGET_CUT_RISK_UNRESOLVED / INCONCLUSIVE_RESEARCH
M1_NEGATIVE_OR_FLAT_ONLY,2000,-300,60000,False,False,False,False,-68264,-14.377422072451559,0.0,0.7533185840707964,0.7241847459499787,0.9719909958496494,False,False,True,TARGET_CUT_RISK_UNRESOLVED / INCONCLUSIVE_RESEARCH,-45207,-12.36515317286652,0.0,0.8033373063170441,0.7750851987814915,1.0784745190685117,False,False,True,TARGET_CUT_RISK_UNRESOLVED / INCONCLUSIVE_RESEARCH
M1_NEGATIVE_OR_FLAT_ONLY,2000,-300,120000,False,False,False,False,-55329,-11.653117101937658,0.0,0.8290113452188006,0.8069915558014431,1.0124960249775954,False,False,True,TARGET_CUT_RISK_UNRESOLVED / INCONCLUSIVE_RESEARCH,-30825,-8.431345733041576,0.0,0.8496732026143791,0.827021116734074,0.9694737222714371,False,False,True,TARGET_CUT_RISK_UNRESOLVED / INCONCLUSIVE_RESEARCH
M1_NEGATIVE_OR_FLAT_ONLY,2000,-200,30000,False,False,False,False,-47593,-10.02379949452401,0.0,0.7219047619047619,0.6820712865266684,1.213668101732933,False,False,True,TARGET_CUT_RISK_UNRESOLVED / INCONCLUSIVE_RESEARCH,-39612,-10.834792122538293,0.0,0.7582846003898636,0.7194055322480393,1.1771467478372317,False,False,True,TARGET_CUT_RISK_UNRESOLVED / INCONCLUSIVE_RESEARCH
M1_NEGATIVE_OR_FLAT_ONLY,2000,-200,60000,False,False,False,False,-78815,-16.599620893007582,0.0,0.7635294117647059,0.7338180807148073,1.3172377768491432,False,False,True,TARGET_CUT_RISK_UNRESOLVED / INCONCLUSIVE_RESEARCH,-70653,-19.325218818380744,0.0,0.8005018820577164,0.7713455246441205,1.8377803008799318,False,False,True,TARGET_CUT_RISK_UNRESOLVED / INCONCLUSIVE_RESEARCH
M1_NEGATIVE_OR_FLAT_ONLY,2000,-200,120000,False,False,False,False,-85370,-17.980202190395957,0.0,0.84,0.8179351143759147,1.4786069651741294,False,False,True,TARGET_CUT_RISK_UNRESOLVED / INCONCLUSIVE_RESEARCH,-69085,-18.896334792122538,0.0,0.8517073170731707,0.8286384991946307,1.6646536929702425,False,False,True,TARGET_CUT_RISK_UNRESOLVED / INCONCLUSIVE_RESEARCH
M1_NEGATIVE_OR_FLAT_ONLY,3000,-6000,30000,False,False,False,False,71862,15.135214827295703,0.0,0.6391650099403579,0.6090110799022789,0.29806633790085113,False,False,True,TARGET_CUT_RISK_UNRESOLVED / INCONCLUSIVE_RESEARCH,192898,52.76203501094092,0.0,0.6887871853546911,0.6573224240243941,0.19321956584084746,True,False,True,TARGET_CUT_RISK_UNRESOLVED / INCONCLUSIVE_RESEARCH
M1_NEGATIVE_OR_FLAT_ONLY,3000,-6000,60000,False,False,False,False,199108,41.935130581297386,0.0,0.6917613636363636,0.6671472796158843,0.4342036153681623,False,False,True,TARGET_CUT_RISK_UNRESOLVED / INCONCLUSIVE_RESEARCH,306730,83.89770240700219,0.0,0.7283142389525368,0.702687086002933,0.30734005129495673,False,False,True,TARGET_CUT_RISK_UNRESOLVED / INCONCLUSIVE_RESEARCH
M1_NEGATIVE_OR_FLAT_ONLY,3000,-6000,120000,False,False,False,False,386617,81.42733782645324,0.0,0.7646396396396397,0.744351737745486,0.4661537439744401,False,False,True,TARGET_CUT_RISK_UNRESOLVED / INCONCLUSIVE_RESEARCH,426345,116.61515317286653,0.0,0.7805706521739131,0.7587131869610029,0.39307272522540637,False,False,True,TARGET_CUT_RISK_UNRESOLVED / INCONCLUSIVE_RESEARCH
M1_NEGATIVE_OR_FLAT_ONLY,3000,-5000,30000,False,False,False,False,67491,14.214616680707666,0.0,0.6414141414141414,0.6110461167238558,0.30921448152438075,False,False,True,TARGET_CUT_RISK_UNRESOLVED / INCONCLUSIVE_RESEARCH,171574,46.929431072210065,0.0,0.6872812135355892,0.6554649540143419,0.20541062198866405,True,False,True,TARGET_CUT_RISK_UNRESOLVED / INCONCLUSIVE_RESEARCH
M1_NEGATIVE_OR_FLAT_ONLY,3000,-5000,60000,False,False,False,False,167640,35.30749789385004,0.0,0.6940244780417567,0.6692827395974545,0.4597604414866672,False,False,True,TARGET_CUT_RISK_UNRESOLVED / INCONCLUSIVE_RESEARCH,284692,77.86980306345733,0.0,0.7300664451827242,0.7042887461763261,0.31462833054038297,False,False,True,TARGET_CUT_RISK_UNRESOLVED / INCONCLUSIVE_RESEARCH
M1_NEGATIVE_OR_FLAT_ONLY,3000,-5000,120000,False,False,False,False,354015,74.56086773378264,0.0,0.7689243027888446,0.7486406371733961,0.48914989142555315,False,False,True,TARGET_CUT_RISK_UNRESOLVED / INCONCLUSIVE_RESEARCH,399467,109.26340262582058,0.0,0.7822191592005513,0.7602521686951119,0.3984597057458726,False,False,True,TARGET_CUT_RISK_UNRESOLVED / INCONCLUSIVE_RESEARCH
M1_NEGATIVE_OR_FLAT_ONLY,3000,-3000,30000,False,False,False,False,31868,6.711878685762426,0.0,0.6449511400651465,0.6135026530021457,0.3301030525570953,False,False,True,TARGET_CUT_RISK_UNRESOLVED / INCONCLUSIVE_RESEARCH,114482,31.313457330415755,0.0,0.6864931846344485,0.6536657527421142,0.20635779651015249,True,False,True,TARGET_CUT_RISK_UNRESOLVED / INCONCLUSIVE_RESEARCH
M1_NEGATIVE_OR_FLAT_ONLY,3000,-3000,60000,False,False,False,False,61818,13.019797809604043,0.0,0.6957186544342507,0.6702410837463693,0.5334777295874218,False,False,True,TARGET_CUT_RISK_UNRESOLVED / INCONCLUSIVE_RESEARCH,179117,48.99261487964989,0.0,0.7374890254609306,0.7111684870682645,0.3295188012608871,False,False,True,TARGET_CUT_RISK_UNRESOLVED / INCONCLUSIVE_RESEARCH
M1_NEGATIVE_OR_FLAT_ONLY,3000,-3000,120000,False,False,False,False,175378,36.93723673125527,0.0,0.7734608487746563,0.7527894246380595,0.5747639602702547,False,False,True,TARGET_CUT_RISK_UNRESOLVED / INCONCLUSIVE_RESEARCH,298826,81.73577680525165,0.0,0.7988422575976846,0.776892400986746,0.4032055247041551,False,False,True,TARGET_CUT_RISK_UNRESOLVED / INCONCLUSIVE_RESEARCH
M1_NEGATIVE_OR_FLAT_ONLY,3000,-2000,30000,False,False,False,False,-10980,-2.312552653748947,0.0,0.6520710059171597,0.6193328283733441,0.37209196032725445,False,False,True,TARGET_CUT_RISK_UNRESOLVED / INCONCLUSIVE_RESEARCH,55302,15.12636761487965,0.0,0.701058201058201,0.667475415984379,0.23062579926570687,True,False,True,TARGET_CUT_RISK_UNRESOLVED / INCONCLUSIVE_RESEARCH
M1_NEGATIVE_OR_FLAT_ONLY,3000,-2000,60000,False,False,False,False,-5068,-1.067396798652064,0.0,0.7046204620462047,0.6783223056407476,0.5955166071522645,False,False,True,TARGET_CUT_RISK_UNRESOLVED / INCONCLUSIVE_RESEARCH,102742,28.10229759299781,0.0,0.755083179297597,0.728586544431193,0.3880994294418018,False,False,True,TARGET_CUT_RISK_UNRESOLVED / INCONCLUSIVE_RESEARCH
M1_NEGATIVE_OR_FLAT_ONLY,3000,-2000,120000,False,False,False,False,67255,14.16491154170177,0.0,0.7814485387547649,0.7603605744898589,0.6410856392140101,False,False,True,TARGET_CUT_RISK_UNRESOLVED / INCONCLUSIVE_RESEARCH,208048,56.905908096280086,0.0,0.8146747352496218,0.792827956196665,0.437412543616355,False,False,True,TARGET_CUT_RISK_UNRESOLVED / INCONCLUSIVE_RESEARCH
M1_NEGATIVE_OR_FLAT_ONLY,3000,-1500,30000,False,False,False,False,-26385,-5.557076663858466,0.0,0.6612702366127023,0.6278368473597481,0.3652702895910489,False,False,True,TARGET_CUT_RISK_UNRESOLVED / INCONCLUSIVE_RESEARCH,52061,14.239879649890591,0.0,0.7238493723849372,0.6899965215720522,0.216029713320735,True,False,True,TARGET_CUT_RISK_UNRESOLVED / INCONCLUSIVE_RESEARCH
M1_NEGATIVE_OR_FLAT_ONLY,3000,-1500,60000,False,False,False,False,-45695,-9.624052232518956,0.0,0.710232158211522,0.6835012389685716,0.6409737002778904,False,False,True,TARGET_CUT_RISK_UNRESOLVED / INCONCLUSIVE_RESEARCH,60497,16.547319474835888,0.0,0.7654440154440154,0.7386907412842547,0.42706155928154366,False,False,True,TARGET_CUT_RISK_UNRESOLVED / INCONCLUSIVE_RESEARCH
M1_NEGATIVE_OR_FLAT_ONLY,3000,-1500,120000,False,False,False,False,27299,5.749578770008425,0.0,0.7902695595003287,0.7690911833187656,0.673869354442808,False,False,True,TARGET_CUT_RISK_UNRESOLVED / INCONCLUSIVE_RESEARCH,162141,44.34928884026258,0.0,0.8256087981146897,0.803793412048554,0.4207300108395414,False,False,True,TARGET_CUT_RISK_UNRESOLVED / INCONCLUSIVE_RESEARCH
M1_NEGATIVE_OR_FLAT_ONLY,3000,-1000,30000,False,False,False,False,-19452,-4.096882898062342,0.0,0.6787204450625869,0.6437155252813116,0.3360873450103428,False,False,True,TARGET_CUT_RISK_UNRESOLVED / INCONCLUSIVE_RESEARCH,17233,4.713621444201313,0.0,0.7292307692307692,0.6937974224342048,0.28032522183958963,False,False,True,TARGET_CUT_RISK_UNRESOLVED / INCONCLUSIVE_RESEARCH
M1_NEGATIVE_OR_FLAT_ONLY,3000,-1000,60000,False,False,False,False,-38112,-8.026958719460826,0.0,0.7247191011235955,0.6971619366299687,0.6375661579767617,False,False,True,TARGET_CUT_RISK_UNRESOLVED / INCONCLUSIVE_RESEARCH,16306,4.460065645514224,0.0,0.7752341311134235,0.7477763680732064,0.5071528961849752,False,False,True,TARGET_CUT_RISK_UNRESOLVED / INCONCLUSIVE_RESEARCH
M1_NEGATIVE_OR_FLAT_ONLY,3000,-1000,120000,False,False,False,False,11049,2.3270850884582983,0.0,0.8007042253521127,0.7791278359068812,0.664272803768491,False,False,True,TARGET_CUT_RISK_UNRESOLVED / INCONCLUSIVE_RESEARCH,89182,24.393326039387308,0.0,0.8345864661654135,0.8124740365101742,0.48481598503383533,False,False,True,TARGET_CUT_RISK_UNRESOLVED / INCONCLUSIVE_RESEARCH
M1_NEGATIVE_OR_FLAT_ONLY,3000,-700,30000,False,False,False,False,-30008,-6.320134793597304,0.0,0.6942392909896603,0.6585184772329704,0.4092991902931476,False,False,True,TARGET_CUT_RISK_UNRESOLVED / INCONCLUSIVE_RESEARCH,-9674,-2.646061269146608,0.0,0.7269789983844911,0.6905631456803907,0.3391538329421194,False,False,True,TARGET_CUT_RISK_UNRESOLVED / INCONCLUSIVE_RESEARCH
M1_NEGATIVE_OR_FLAT_ONLY,3000,-700,60000,False,False,False,False,-57276,-12.06318449873631,0.0,0.7375122428991185,0.7096696580745347,0.6745502744732293,False,False,True,TARGET_CUT_RISK_UNRESOLVED / INCONCLUSIVE_RESEARCH,-19206,-5.25328227571116,0.0,0.7800650054171181,0.7522129702945051,0.6122686743672757,False,False,True,TARGET_CUT_RISK_UNRESOLVED / INCONCLUSIVE_RESEARCH
M1_NEGATIVE_OR_FLAT_ONLY,3000,-700,120000,False,False,False,False,-16388,-3.451558550968829,0.0,0.8114035087719298,0.7898126264577198,0.7024082568807339,False,False,True,TARGET_CUT_RISK_UNRESOLVED / INCONCLUSIVE_RESEARCH,39452,10.791028446389497,0.0,0.8391003460207612,0.8168011763730803,0.5504285765235964,False,False,True,TARGET_CUT_RISK_UNRESOLVED / INCONCLUSIVE_RESEARCH
M1_NEGATIVE_OR_FLAT_ONLY,3000,-500,30000,False,False,False,False,-39960,-8.416175231676496,0.0,0.7087227414330218,0.6724182659203977,0.48794085565386014,False,False,True,TARGET_CUT_RISK_UNRESOLVED / INCONCLUSIVE_RESEARCH,-15423,-4.218544857768053,0.0,0.7465986394557823,0.7099191393597817,0.35857052498418723,False,False,True,TARGET_CUT_RISK_UNRESOLVED / INCONCLUSIVE_RESEARCH
M1_NEGATIVE_OR_FLAT_ONLY,3000,-500,60000,False,False,False,False,-71407,-15.0393850042123,0.0,0.7474541751527495,0.7193517253833279,0.7289472251707901,False,False,True,TARGET_CUT_RISK_UNRESOLVED / INCONCLUSIVE_RESEARCH,-37940,-10.37746170678337,0.0,0.793918918918919,0.7660759889910005,0.713982250755287,False,False,True,TARGET_CUT_RISK_UNRESOLVED / INCONCLUSIVE_RESEARCH
M1_NEGATIVE_OR_FLAT_ONLY,3000,-500,120000,False,False,False,False,-45714,-9.62805391743892,0.0,0.8183194549583649,0.7966133606602414,0.765223475976385,False,False,True,TARGET_CUT_RISK_UNRESOLVED / INCONCLUSIVE_RESEARCH,7382,2.0191466083150984,0.0,0.848349687778769,0.8261653243156183,0.619084873235176,False,False,True,TARGET_CUT_RISK_UNRESOLVED / INCONCLUSIVE_RESEARCH
M1_NEGATIVE_OR_FLAT_ONLY,3000,-300,30000,False,False,False,False,-55998,-11.79401853411963,0.0,0.7157712305025996,0.6776355186436424,0.6751637043966323,False,False,True,TARGET_CUT_RISK_UNRESOLVED / INCONCLUSIVE_RESEARCH,-31369,-8.580142231947484,0.0,0.761384335154827,0.7239913664598706,0.4769392492663484,False,False,True,TARGET_CUT_RISK_UNRESOLVED / INCONCLUSIVE_RESEARCH
M1_NEGATIVE_OR_FLAT_ONLY,3000,-300,60000,False,False,False,False,-92242,-19.42754844144903,0.0,0.7535911602209945,0.7244831839894706,1.063643381836897,False,False,True,TARGET_CUT_RISK_UNRESOLVED / INCONCLUSIVE_RESEARCH,-59042,-16.149343544857768,0.0,0.805952380952381,0.7778407533063423,1.0031172321128654,False,False,True,TARGET_CUT_RISK_UNRESOLVED / INCONCLUSIVE_RESEARCH
M1_NEGATIVE_OR_FLAT_ONLY,3000,-300,120000,False,False,False,False,-94209,-19.841828138163436,0.0,0.8299595141700404,0.8079921645157376,1.1051599884692995,False,False,True,TARGET_CUT_RISK_UNRESOLVED / INCONCLUSIVE_RESEARCH,-42957,-11.74972647702407,0.0,0.8552754435107376,0.8329344642402405,0.9180019862039348,False,False,True,TARGET_CUT_RISK_UNRESOLVED / INCONCLUSIVE_RESEARCH
M1_NEGATIVE_OR_FLAT_ONLY,3000,-200,30000,False,False,False,False,-55618,-11.713984835720304,0.0,0.7219047619047619,0.6820712865266684,0.7860786512788973,False,False,True,TARGET_CUT_RISK_UNRESOLVED / INCONCLUSIVE_RESEARCH,-48047,-13.141958424507658,0.0,0.7582846003898636,0.7194055322480393,0.8722364626722204,False,False,True,TARGET_CUT_RISK_UNRESOLVED / INCONCLUSIVE_RESEARCH
M1_NEGATIVE_OR_FLAT_ONLY,3000,-200,60000,False,False,False,False,-92307,-19.44123841617523,0.0,0.7647058823529411,0.7350380869638488,1.3572083906751742,False,False,True,TARGET_CUT_RISK_UNRESOLVED / INCONCLUSIVE_RESEARCH,-83695,-22.89250547045952,0.0,0.8030112923462986,0.7739736358406678,1.68469317994295,False,False,True,TARGET_CUT_RISK_UNRESOLVED / INCONCLUSIVE_RESEARCH
M1_NEGATIVE_OR_FLAT_ONLY,3000,-200,120000,False,False,False,False,-114113,-24.03390901432182,0.0,0.8417021276595744,0.8197218082533327,1.6010903653517883,False,False,True,TARGET_CUT_RISK_UNRESOLVED / INCONCLUSIVE_RESEARCH,-80988,-22.152078774617067,0.0,0.857421875,0.8346692151433521,1.5930389077623228,False,False,True,TARGET_CUT_RISK_UNRESOLVED / INCONCLUSIVE_RESEARCH
M1_NEGATIVE_OR_FLAT_ONLY,5000,-6000,30000,False,False,False,False,50300,10.593934288121314,0.0,0.6396039603960396,0.6095167845487562,0.19776062944469663,True,False,True,TARGET_CUT_RISK_UNRESOLVED / INCONCLUSIVE_RESEARCH,170791,46.715262582056894,0.0,0.6891428571428572,0.6577044835125296,0.1431150245678954,True,False,True,TARGET_CUT_RISK_UNRESOLVED / INCONCLUSIVE_RESEARCH
M1_NEGATIVE_OR_FLAT_ONLY,5000,-6000,60000,False,False,False,False,114924,24.204717775905646,0.0,0.6939929328621908,0.6694833205161446,0.3634554278264404,False,False,True,TARGET_CUT_RISK_UNRESOLVED / INCONCLUSIVE_RESEARCH,288670,78.95787746170679,0.0,0.7330612244897959,0.7075889661407275,0.2627784408617596,False,False,True,TARGET_CUT_RISK_UNRESOLVED / INCONCLUSIVE_RESEARCH
M1_NEGATIVE_OR_FLAT_ONLY,5000,-6000,120000,False,False,False,False,325219,68.49599831508003,0.0,0.7717330342120022,0.7516793036978877,0.4071677522689073,False,False,True,TARGET_CUT_RISK_UNRESOLVED / INCONCLUSIVE_RESEARCH,406694,111.24015317286653,0.0,0.7880839539607312,0.7665089144081956,0.3693493715691274,False,False,True,TARGET_CUT_RISK_UNRESOLVED / INCONCLUSIVE_RESEARCH
M1_NEGATIVE_OR_FLAT_ONLY,5000,-5000,30000,False,False,False,False,43929,9.252106149957877,0.0,0.641851106639839,0.6115514185604061,0.2059405171862583,True,False,True,TARGET_CUT_RISK_UNRESOLVED / INCONCLUSIVE_RESEARCH,154518,42.26422319474836,0.0,0.6888111888111889,0.6570483313559369,0.15127895827533946,True,False,True,TARGET_CUT_RISK_UNRESOLVED / INCONCLUSIVE_RESEARCH
M1_NEGATIVE_OR_FLAT_ONLY,5000,-5000,60000,False,False,False,False,80440,16.941870261162595,0.0,0.6960573476702508,0.6714093131906835,0.385902768365968,False,False,True,TARGET_CUT_RISK_UNRESOLVED / INCONCLUSIVE_RESEARCH,274395,75.05333698030634,0.0,0.7357083678541839,0.7101123232964378,0.2664451991899412,False,False,True,TARGET_CUT_RISK_UNRESOLVED / INCONCLUSIVE_RESEARCH
M1_NEGATIVE_OR_FLAT_ONLY,5000,-5000,120000,False,False,False,False,285091,60.0444397641112,0.0,0.7759500850822462,0.7558989658196534,0.42932628094479525,False,False,True,TARGET_CUT_RISK_UNRESOLVED / INCONCLUSIVE_RESEARCH,389945,106.65891684901531,0.0,0.790521978021978,0.7688687400454471,0.36205502564358116,False,False,True,TARGET_CUT_RISK_UNRESOLVED / INCONCLUSIVE_RESEARCH
M1_NEGATIVE_OR_FLAT_ONLY,5000,-3000,30000,False,False,False,False,9168,1.9309182813816343,0.0,0.645021645021645,0.6136261087115137,0.2092595639535723,True,False,True,TARGET_CUT_RISK_UNRESOLVED / INCONCLUSIVE_RESEARCH,99970,27.344091903719914,0.0,0.6881188118811881,0.65534942037414,0.14481091191095297,True,False,True,TARGET_CUT_RISK_UNRESOLVED / INCONCLUSIVE_RESEARCH
M1_NEGATIVE_OR_FLAT_ONLY,5000,-3000,60000,False,False,False,False,-18881,-3.9766217354675653,0.0,0.6979405034324943,0.6725374571845911,0.4201941687227096,False,False,True,TARGET_CUT_RISK_UNRESOLVED / INCONCLUSIVE_RESEARCH,156912,42.91903719912472,0.0,0.7432077125328659,0.717072602309887,0.28399938156170396,False,False,True,TARGET_CUT_RISK_UNRESOLVED / INCONCLUSIVE_RESEARCH
M1_NEGATIVE_OR_FLAT_ONLY,5000,-3000,120000,False,False,False,False,106528,22.436394271272114,0.0,0.7804295942720764,0.7599823673933106,0.4948942326435615,False,False,True,TARGET_CUT_RISK_UNRESOLVED / INCONCLUSIVE_RESEARCH,276116,75.52407002188184,0.0,0.8072202166064982,0.7856063918904788,0.369641138164403,False,False,True,TARGET_CUT_RISK_UNRESOLVED / INCONCLUSIVE_RESEARCH
M1_NEGATIVE_OR_FLAT_ONLY,5000,-2000,30000,False,False,False,False,-28336,-5.967986520640269,0.0,0.6528925619834711,0.6202075939922482,0.1921024183367226,True,False,True,TARGET_CUT_RISK_UNRESOLVED / INCONCLUSIVE_RESEARCH,39679,10.853118161925602,0.0,0.7023809523809523,0.668832718673786,0.16369086674102748,True,False,True,TARGET_CUT_RISK_UNRESOLVED / INCONCLUSIVE_RESEARCH
M1_NEGATIVE_OR_FLAT_ONLY,5000,-2000,60000,False,False,False,False,-75106,-15.818449873631003,0.0,0.7073371805441055,0.6811102986208578,0.47799316107701717,False,False,True,TARGET_CUT_RISK_UNRESOLVED / INCONCLUSIVE_RESEARCH,82543,22.577407002188185,0.0,0.7606284658040665,0.7343099238295921,0.3340850848241295,False,False,True,TARGET_CUT_RISK_UNRESOLVED / INCONCLUSIVE_RESEARCH
M1_NEGATIVE_OR_FLAT_ONLY,5000,-2000,120000,False,False,False,False,18124,3.8171861836562764,0.0,0.7890724269377383,0.7682264481000285,0.5397622845982468,False,False,True,TARGET_CUT_RISK_UNRESOLVED / INCONCLUSIVE_RESEARCH,194927,53.31701312910285,0.0,0.8229954614220878,0.8014939307853105,0.3808123406675984,False,False,True,TARGET_CUT_RISK_UNRESOLVED / INCONCLUSIVE_RESEARCH
M1_NEGATIVE_OR_FLAT_ONLY,5000,-1500,30000,False,True,False,False,-37508,-7.899747262005055,0.0,0.662111801242236,0.628736467086303,0.14299454512977644,True,True,True,REJECTED_FOR_RUNTIME,35890,9.816739606126914,0.0,0.7238493723849372,0.6899965215720522,0.13115676892766676,True,True,True,PROMISING_OFFLINE_ONLY
M1_NEGATIVE_OR_FLAT_ONLY,5000,-1500,60000,False,False,False,False,-101938,-21.46967144060657,0.0,0.7139175257731959,0.6872848722770453,0.5016165826456755,False,False,True,TARGET_CUT_RISK_UNRESOLVED / INCONCLUSIVE_RESEARCH,41723,11.412199124726477,0.0,0.770048309178744,0.7434413905850156,0.3676989563871747,False,False,True,TARGET_CUT_RISK_UNRESOLVED / INCONCLUSIVE_RESEARCH
M1_NEGATIVE_OR_FLAT_ONLY,5000,-1500,120000,False,False,False,False,-4402,-0.9271272114574558,0.0,0.7988165680473372,0.7779284271061354,0.5524789723314216,False,False,True,TARGET_CUT_RISK_UNRESOLVED / INCONCLUSIVE_RESEARCH,151492,41.43654266958424,0.0,0.8325471698113207,0.8110334045476046,0.3597892880796881,False,False,True,TARGET_CUT_RISK_UNRESOLVED / INCONCLUSIVE_RESEARCH
M1_NEGATIVE_OR_FLAT_ONLY,5000,-1000,30000,False,False,False,False,-30310,-6.38374052232519,0.0,0.6791666666666667,0.6441966293407957,0.19041491068106828,True,False,True,TARGET_CUT_RISK_UNRESOLVED / INCONCLUSIVE_RESEARCH,2532,0.6925601750547046,0.0,0.7292307692307692,0.6937974224342048,0.18644527956789506,True,False,True,TARGET_CUT_RISK_UNRESOLVED / INCONCLUSIVE_RESEARCH
M1_NEGATIVE_OR_FLAT_ONLY,5000,-1000,60000,False,False,False,False,-88172,-18.57034540859309,0.0,0.7275280898876404,0.7000457838050917,0.5000804690194275,False,False,True,TARGET_CUT_RISK_UNRESOLVED / INCONCLUSIVE_RESEARCH,4075,1.1146061269146608,0.0,0.7802083333333333,0.7529246538022345,0.41001401018684613,False,False,True,TARGET_CUT_RISK_UNRESOLVED / INCONCLUSIVE_RESEARCH
M1_NEGATIVE_OR_FLAT_ONLY,5000,-1000,120000,False,False,False,False,-18258,-3.845408593091828,0.0,0.8083157152924595,0.787013538019507,0.5754998833542794,False,False,True,TARGET_CUT_RISK_UNRESOLVED / INCONCLUSIVE_RESEARCH,78922,21.586980306345733,0.0,0.8411371237458194,0.8193322885866069,0.40877520312970206,False,False,True,TARGET_CUT_RISK_UNRESOLVED / INCONCLUSIVE_RESEARCH
M1_NEGATIVE_OR_FLAT_ONLY,5000,-700,30000,False,False,False,False,-41774,-8.798230834035383,0.0,0.6946902654867256,0.6590081464658681,0.24969009668983277,True,False,True,TARGET_CUT_RISK_UNRESOLVED / INCONCLUSIVE_RESEARCH,-24227,-6.62664113785558,0.0,0.7269789983844911,0.6905631456803907,0.2490028816243965,True,False,True,TARGET_CUT_RISK_UNRESOLVED / INCONCLUSIVE_RESEARCH
M1_NEGATIVE_OR_FLAT_ONLY,5000,-700,60000,False,False,False,False,-102485,-21.584877843302444,0.0,0.7394711067580804,0.7116859850341832,0.5745215473961987,False,False,True,TARGET_CUT_RISK_UNRESOLVED / INCONCLUSIVE_RESEARCH,-31958,-8.74124726477024,0.0,0.7852494577006508,0.7575879225690847,0.5120186589462569,False,False,True,TARGET_CUT_RISK_UNRESOLVED / INCONCLUSIVE_RESEARCH
M1_NEGATIVE_OR_FLAT_ONLY,5000,-700,120000,False,False,False,False,-50579,-10.652695871946083,0.0,0.8185808339429408,0.7972687175375247,0.6233771163920735,False,False,True,TARGET_CUT_RISK_UNRESOLVED / INCONCLUSIVE_RESEARCH,35597,9.73659737417943,0.0,0.8458874458874459,0.8239213259537009,0.44641905657420466,False,False,True,TARGET_CUT_RISK_UNRESOLVED / INCONCLUSIVE_RESEARCH
M1_NEGATIVE_OR_FLAT_ONLY,5000,-500,30000,False,False,False,False,-49781,-10.484625105307497,0.0,0.7091757387247278,0.6729135926207541,0.2863815709936584,False,False,True,TARGET_CUT_RISK_UNRESOLVED / INCONCLUSIVE_RESEARCH,-27613,-7.552789934354486,0.0,0.7465986394557823,0.7099191393597817,0.25917773561037316,False,False,True,TARGET_CUT_RISK_UNRESOLVED / INCONCLUSIVE_RESEARCH
M1_NEGATIVE_OR_FLAT_ONLY,5000,-500,60000,False,False,False,False,-102743,-21.63921651221567,0.0,0.7494908350305499,0.7214529243520053,0.5593281254238207,False,False,True,TARGET_CUT_RISK_UNRESOLVED / INCONCLUSIVE_RESEARCH,-48057,-13.144693654266959,0.0,0.7993235625704622,0.7717010763183045,0.6012537816174407,False,False,True,TARGET_CUT_RISK_UNRESOLVED / INCONCLUSIVE_RESEARCH
M1_NEGATIVE_OR_FLAT_ONLY,5000,-500,120000,False,False,False,False,-66479,-14.001474304970515,0.0,0.825,0.803567183612654,0.6198354305432285,False,False,True,TARGET_CUT_RISK_UNRESOLVED / INCONCLUSIVE_RESEARCH,-1487,-0.4067286652078775,0.0,0.8535714285714285,0.8316581397993252,0.5044529262086515,False,False,True,TARGET_CUT_RISK_UNRESOLVED / INCONCLUSIVE_RESEARCH
M1_NEGATIVE_OR_FLAT_ONLY,5000,-300,30000,False,False,False,False,-64102,-13.50084245998315,0.0,0.7162629757785467,0.6781770766773273,0.40063890295687404,False,False,True,TARGET_CUT_RISK_UNRESOLVED / INCONCLUSIVE_RESEARCH,-39621,-10.837253829321662,0.0,0.761384335154827,0.7239913664598706,0.33660374052822917,False,False,True,TARGET_CUT_RISK_UNRESOLVED / INCONCLUSIVE_RESEARCH
M1_NEGATIVE_OR_FLAT_ONLY,5000,-300,60000,False,False,False,False,-119934,-25.25989890480202,0.0,0.7558011049723757,0.7267684151334517,0.7812865087153605,False,False,True,TARGET_CUT_RISK_UNRESOLVED / INCONCLUSIVE_RESEARCH,-66624,-18.22319474835886,0.0,0.8104886769964244,0.7825771710587627,0.819406468822941,False,False,True,TARGET_CUT_RISK_UNRESOLVED / INCONCLUSIVE_RESEARCH
M1_NEGATIVE_OR_FLAT_ONLY,5000,-300,120000,False,False,False,False,-109530,-23.06866048862679,0.0,0.8363047001620746,0.8146228203654758,0.8821760270392197,False,False,True,TARGET_CUT_RISK_UNRESOLVED / INCONCLUSIVE_RESEARCH,-50887,-13.918763676148796,0.0,0.8598130841121495,0.837720979721523,0.7270418132082845,False,False,True,TARGET_CUT_RISK_UNRESOLVED / INCONCLUSIVE_RESEARCH
M1_NEGATIVE_OR_FLAT_ONLY,5000,-200,30000,False,False,False,False,-63387,-13.350252737994944,0.0,0.7219047619047619,0.6820712865266684,0.556058029738432,False,False,True,TARGET_CUT_RISK_UNRESOLVED / INCONCLUSIVE_RESEARCH,-56299,-15.399070021881839,0.0,0.7582846003898636,0.7194055322480393,0.6155879525793015,False,False,True,TARGET_CUT_RISK_UNRESOLVED / INCONCLUSIVE_RESEARCH
M1_NEGATIVE_OR_FLAT_ONLY,5000,-200,60000,False,False,False,False,-111823,-23.551600673967986,0.0,0.7656065959952886,0.735954236790047,0.9579840693940531,False,False,True,TARGET_CUT_RISK_UNRESOLVED / INCONCLUSIVE_RESEARCH,-89533,-24.48933260393873,0.0,0.8077889447236181,0.7789630758075684,1.3167185634350198,False,False,True,TARGET_CUT_RISK_UNRESOLVED / INCONCLUSIVE_RESEARCH
M1_NEGATIVE_OR_FLAT_ONLY,5000,-200,120000,False,False,False,False,-126015,-26.540648694187027,0.0,0.8465473145780051,0.8247929004316992,1.2082044667886238,False,False,True,TARGET_CUT_RISK_UNRESOLVED / INCONCLUSIVE_RESEARCH,-87274,-23.87144420131291,0.0,0.8621700879765396,0.8396871427120504,1.2194105577911027,False,False,True,TARGET_CUT_RISK_UNRESOLVED / INCONCLUSIVE_RESEARCH
M1_NEGATIVE_OR_FLAT_ONLY,6000,-6000,30000,False,False,False,False,40298,8.487363100252738,0.0,0.6399604352126608,0.6098933632946607,0.18552068942832708,True,False,True,TARGET_CUT_RISK_UNRESOLVED / INCONCLUSIVE_RESEARCH,161747,44.24152078774617,0.0,0.6891428571428572,0.6577044835125296,0.13801462594450783,True,False,True,TARGET_CUT_RISK_UNRESOLVED / INCONCLUSIVE_RESEARCH
M1_NEGATIVE_OR_FLAT_ONLY,6000,-6000,60000,False,False,False,False,91332,19.235888795282225,0.0,0.6951305575158786,0.6706604166769542,0.3296953603814257,False,False,True,TARGET_CUT_RISK_UNRESOLVED / INCONCLUSIVE_RESEARCH,293576,80.29978118161925,0.0,0.7345276872964169,0.7091259700823619,0.2220286043495559,True,False,True,TARGET_CUT_RISK_UNRESOLVED / INCONCLUSIVE_RESEARCH
M1_NEGATIVE_OR_FLAT_ONLY,6000,-6000,120000,False,False,False,False,324492,68.34288121314238,0.0,0.7747899159663866,0.7548333781064214,0.36237231383769664,False,False,True,TARGET_CUT_RISK_UNRESOLVED / INCONCLUSIVE_RESEARCH,400875,109.64852297592998,0.0,0.7900067521944631,0.7685259249909555,0.34530111238972,False,False,True,TARGET_CUT_RISK_UNRESOLVED / INCONCLUSIVE_RESEARCH
M1_NEGATIVE_OR_FLAT_ONLY,6000,-5000,30000,False,False,False,False,33927,7.145534962089301,0.0,0.6422110552763819,0.6119320192173916,0.19319414409579896,True,False,True,TARGET_CUT_RISK_UNRESOLVED / INCONCLUSIVE_RESEARCH,145474,39.790481400437635,0.0,0.6888111888111889,0.6570483313559369,0.14588760965303602,True,False,True,TARGET_CUT_RISK_UNRESOLVED / INCONCLUSIVE_RESEARCH
M1_NEGATIVE_OR_FLAT_ONLY,6000,-5000,60000,False,False,False,False,56848,11.973041280539174,0.0,0.6972083035075161,0.6726008098802474,0.3499638504982344,False,False,True,TARGET_CUT_RISK_UNRESOLVED / INCONCLUSIVE_RESEARCH,279212,76.37089715536105,0.0,0.7371900826446282,0.7116665250679496,0.22243622247302505,True,False,True,TARGET_CUT_RISK_UNRESOLVED / INCONCLUSIVE_RESEARCH
M1_NEGATIVE_OR_FLAT_ONLY,6000,-5000,120000,False,False,False,False,281664,59.32266217354675,0.0,0.7790368271954674,0.7590864094299535,0.3826671693768988,False,False,True,TARGET_CUT_RISK_UNRESOLVED / INCONCLUSIVE_RESEARCH,385721,105.50355579868709,0.0,0.7924657534246575,0.7709093141114611,0.3343112380010795,False,False,True,TARGET_CUT_RISK_UNRESOLVED / INCONCLUSIVE_RESEARCH
M1_NEGATIVE_OR_FLAT_ONLY,6000,-3000,30000,False,False,False,False,1166,0.2455770850884583,0.0,0.6454054054054054,0.6140329743772783,0.1873744371319709,True,False,True,TARGET_CUT_RISK_UNRESOLVED / INCONCLUSIVE_RESEARCH,92926,25.417396061269148,0.0,0.6881188118811881,0.65534942037414,0.13183705122941472,True,False,True,TARGET_CUT_RISK_UNRESOLVED / INCONCLUSIVE_RESEARCH
M1_NEGATIVE_OR_FLAT_ONLY,6000,-3000,60000,False,False,False,False,-37001,-7.7929654591406905,0.0,0.6991622239146992,0.6738038210319979,0.36292976694332985,False,False,True,TARGET_CUT_RISK_UNRESOLVED / INCONCLUSIVE_RESEARCH,162729,44.51012035010941,0.0,0.7447552447552448,0.718700085801645,0.2176255669333548,True,False,True,TARGET_CUT_RISK_UNRESOLVED / INCONCLUSIVE_RESEARCH
M1_NEGATIVE_OR_FLAT_ONLY,6000,-3000,120000,False,False,False,False,104139,21.933235046335298,0.0,0.7836710369487485,0.7633344983151055,0.4355681166885945,False,False,True,TARGET_CUT_RISK_UNRESOLVED / INCONCLUSIVE_RESEARCH,281328,76.94967177242889,0.0,0.8097982708933718,0.7883074008746469,0.3205265576801582,False,False,True,TARGET_CUT_RISK_UNRESOLVED / INCONCLUSIVE_RESEARCH
M1_NEGATIVE_OR_FLAT_ONLY,6000,-2000,30000,False,False,False,False,-34849,-7.33972198820556,0.0,0.6533018867924528,0.6206434765103017,0.1793885195278394,True,False,True,TARGET_CUT_RISK_UNRESOLVED / INCONCLUSIVE_RESEARCH,33635,9.199945295404815,0.0,0.7023809523809523,0.668832718673786,0.14209615510793255,True,False,True,TARGET_CUT_RISK_UNRESOLVED / INCONCLUSIVE_RESEARCH
M1_NEGATIVE_OR_FLAT_ONLY,6000,-2000,60000,False,False,False,False,-91401,-19.250421229991577,0.0,0.7084019769357496,0.682210023305528,0.40710381278342683,False,False,True,TARGET_CUT_RISK_UNRESOLVED / INCONCLUSIVE_RESEARCH,87069,23.815371991247265,0.0,0.7619926199261993,0.7357438271738251,0.25540299620141105,False,False,True,TARGET_CUT_RISK_UNRESOLVED / INCONCLUSIVE_RESEARCH
M1_NEGATIVE_OR_FLAT_ONLY,6000,-2000,120000,False,False,False,False,22010,4.635636057287279,0.0,0.7923809523809524,0.7716500371739384,0.4573981683928324,False,False,True,TARGET_CUT_RISK_UNRESOLVED / INCONCLUSIVE_RESEARCH,204816,56.0218818380744,0.0,0.8255287009063444,0.8041524075784068,0.3270066024143575,False,False,True,TARGET_CUT_RISK_UNRESOLVED / INCONCLUSIVE_RESEARCH
M1_NEGATIVE_OR_FLAT_ONLY,6000,-1500,30000,False,False,False,False,-41021,-8.639637742207245,0.0,0.6625310173697271,0.6291846538416094,0.11385141014719757,True,True,True,REJECTED_FOR_RUNTIME,31846,8.710612691466084,0.0,0.7238493723849372,0.6899965215720522,0.0946383338024205,True,False,True,TARGET_CUT_RISK_UNRESOLVED / INCONCLUSIVE_RESEARCH
M1_NEGATIVE_OR_FLAT_ONLY,6000,-1500,60000,False,False,False,False,-113233,-23.848567818028645,0.0,0.7150214592274678,0.6884268231830338,0.39938847889746343,False,False,True,TARGET_CUT_RISK_UNRESOLVED / INCONCLUSIVE_RESEARCH,48308,13.213347921225383,0.0,0.7722007722007722,0.7456832532518348,0.276075901494338,False,False,True,TARGET_CUT_RISK_UNRESOLVED / INCONCLUSIVE_RESEARCH
M1_NEGATIVE_OR_FLAT_ONLY,6000,-1500,120000,False,False,False,False,-95,-0.020008424599831508,0.0,0.8022339027595269,0.7814727984854042,0.4502674195411938,False,False,True,TARGET_CUT_RISK_UNRESOLVED / INCONCLUSIVE_RESEARCH,160948,44.02297592997812,0.0,0.8350353495679497,0.813644793249514,0.3157691922512551,False,False,True,TARGET_CUT_RISK_UNRESOLVED / INCONCLUSIVE_RESEARCH
M1_NEGATIVE_OR_FLAT_ONLY,6000,-1000,30000,False,False,False,False,-33823,-7.12363100252738,0.0,0.6796116504854369,0.6446764403070232,0.15160515209913888,True,True,True,REJECTED_FOR_RUNTIME,-1512,-0.4135667396061269,0.0,0.7292307692307692,0.6937974224342048,0.1345326722203964,True,False,True,TARGET_CUT_RISK_UNRESOLVED / INCONCLUSIVE_RESEARCH
M1_NEGATIVE_OR_FLAT_ONLY,6000,-1000,60000,False,False,False,False,-93435,-19.678812131423758,0.0,0.7287184284377923,0.7012814351830335,0.35744305287047157,False,False,True,TARGET_CUT_RISK_UNRESOLVED / INCONCLUSIVE_RESEARCH,10664,2.9168490153172866,0.0,0.7822916666666667,0.7550887258721155,0.29524591160556873,False,False,True,TARGET_CUT_RISK_UNRESOLVED / INCONCLUSIVE_RESEARCH
M1_NEGATIVE_OR_FLAT_ONLY,6000,-1000,120000,False,False,False,False,-14198,-2.9903117101937657,0.0,0.8112676056338028,0.7900858517880134,0.4637035229556076,False,False,True,TARGET_CUT_RISK_UNRESOLVED / INCONCLUSIVE_RESEARCH,86178,23.571663019693656,0.0,0.8436454849498328,0.8219653739730071,0.35430202089091495,False,False,True,TARGET_CUT_RISK_UNRESOLVED / INCONCLUSIVE_RESEARCH
M1_NEGATIVE_OR_FLAT_ONLY,6000,-700,30000,False,False,False,False,-45287,-9.538121314237573,0.0,0.695139911634757,0.659496417866478,0.1987956624656132,True,False,True,TARGET_CUT_RISK_UNRESOLVED / INCONCLUSIVE_RESEARCH,-28271,-7.732768052516412,0.0,0.7269789983844911,0.6905631456803907,0.1796721436613805,True,False,True,TARGET_CUT_RISK_UNRESOLVED / INCONCLUSIVE_RESEARCH
M1_NEGATIVE_OR_FLAT_ONLY,6000,-700,60000,False,False,False,False,-106223,-22.372156697556868,0.0,0.7407045009784736,0.7129698973752668,0.4044700103672837,False,False,True,TARGET_CUT_RISK_UNRESOLVED / INCONCLUSIVE_RESEARCH,-25476,-6.968271334792123,0.0,0.7885032537960954,0.7609742856212293,0.39128132823065637,False,False,True,TARGET_CUT_RISK_UNRESOLVED / INCONCLUSIVE_RESEARCH
M1_NEGATIVE_OR_FLAT_ONLY,6000,-700,120000,False,False,False,False,-45694,-9.623841617523167,0.0,0.8216374269005848,0.8004591542832579,0.48510624921413303,False,False,True,TARGET_CUT_RISK_UNRESOLVED / INCONCLUSIVE_RESEARCH,45139,12.346553610503282,0.0,0.8484848484848485,0.826653720605012,0.38632679779308626,False,False,True,TARGET_CUT_RISK_UNRESOLVED / INCONCLUSIVE_RESEARCH
M1_NEGATIVE_OR_FLAT_ONLY,6000,-500,30000,False,False,False,False,-53443,-11.255897219882055,0.0,0.7096273291925466,0.6734074280978857,0.2731878324321948,False,False,True,TARGET_CUT_RISK_UNRESOLVED / INCONCLUSIVE_RESEARCH,-30657,-8.38539387308534,0.0,0.7465986394557823,0.7099191393597817,0.1546110056925996,True,False,True,TARGET_CUT_RISK_UNRESOLVED / INCONCLUSIVE_RESEARCH
M1_NEGATIVE_OR_FLAT_ONLY,6000,-500,60000,False,False,False,False,-106199,-22.36710193765796,0.0,0.7507629704984741,0.7227804747920825,0.41622964020598324,False,False,True,TARGET_CUT_RISK_UNRESOLVED / INCONCLUSIVE_RESEARCH,-42170,-11.534463894967177,0.0,0.8027057497181511,0.7752352117780851,0.47488008664706793,False,False,True,TARGET_CUT_RISK_UNRESOLVED / INCONCLUSIVE_RESEARCH
M1_NEGATIVE_OR_FLAT_ONLY,6000,-500,120000,False,False,False,False,-73163,-15.409224936815502,0.0,0.8266464799394398,0.8052932172318306,0.5077350947331827,False,False,True,TARGET_CUT_RISK_UNRESOLVED / INCONCLUSIVE_RESEARCH,10655,2.9143873085339167,0.0,0.85625,0.8344845579981315,0.41028688440246136,False,False,True,TARGET_CUT_RISK_UNRESOLVED / INCONCLUSIVE_RESEARCH
M1_NEGATIVE_OR_FLAT_ONLY,6000,-300,30000,False,False,False,False,-66764,-14.06149957877001,0.0,0.7167530224525043,0.6787168236420207,0.3577618945605391,False,False,True,TARGET_CUT_RISK_UNRESOLVED / INCONCLUSIVE_RESEARCH,-41665,-11.396334792122538,0.0,0.761384335154827,0.7239913664598706,0.133677894091367,True,False,True,TARGET_CUT_RISK_UNRESOLVED / INCONCLUSIVE_RESEARCH
M1_NEGATIVE_OR_FLAT_ONLY,6000,-300,60000,False,False,False,False,-120817,-25.445871946082562,0.0,0.7571743929359823,0.7282055412016216,0.5707701821321479,False,False,True,TARGET_CUT_RISK_UNRESOLVED / INCONCLUSIVE_RESEARCH,-64521,-17.647975929978116,0.0,0.8128724672228844,0.7850776241248855,0.6482093773652552,False,False,True,TARGET_CUT_RISK_UNRESOLVED / INCONCLUSIVE_RESEARCH
M1_NEGATIVE_OR_FLAT_ONLY,6000,-300,120000,False,False,False,False,-115737,-24.375947767481044,0.0,0.8380566801619433,0.8164672706692677,0.7446569500790635,False,False,True,TARGET_CUT_RISK_UNRESOLVED / INCONCLUSIVE_RESEARCH,-42529,-11.632658643326039,0.0,0.8616822429906542,0.8396993014182721,0.5948640750907642,False,False,True,TARGET_CUT_RISK_UNRESOLVED / INCONCLUSIVE_RESEARCH
M1_NEGATIVE_OR_FLAT_ONLY,6000,-200,30000,False,False,False,False,-66378,-13.980202190395957,0.0,0.7224334600760456,0.6826574905000848,0.6643761301989151,False,False,True,TARGET_CUT_RISK_UNRESOLVED / INCONCLUSIVE_RESEARCH,-58343,-15.958150984682714,0.0,0.7582846003898636,0.7194055322480393,0.24447292534444087,True,False,True,TARGET_CUT_RISK_UNRESOLVED / INCONCLUSIVE_RESEARCH
M1_NEGATIVE_OR_FLAT_ONLY,6000,-200,60000,False,False,False,False,-119596,-25.18871103622578,0.0,0.7658823529411765,0.7362583951435087,1.0198469781307982,False,False,True,TARGET_CUT_RISK_UNRESOLVED / INCONCLUSIVE_RESEARCH,-87465,-23.923687089715536,0.0,0.8103015075376885,0.7815996225422001,1.1393096366139988,False,False,True,TARGET_CUT_RISK_UNRESOLVED / INCONCLUSIVE_RESEARCH
M1_NEGATIVE_OR_FLAT_ONLY,6000,-200,120000,False,False,False,False,-142502,-30.013058129738837,0.0,0.8466780238500852,0.8249400723685717,1.1242104432045479,False,False,True,TARGET_CUT_RISK_UNRESOLVED / INCONCLUSIVE_RESEARCH,-82348,-22.524070021881837,0.0,0.8641251221896383,0.8417604764852016,1.0661989937625977,False,False,True,TARGET_CUT_RISK_UNRESOLVED / INCONCLUSIVE_RESEARCH
M1_NEGATIVE_OR_FLAT_ONLY,7500,-6000,30000,False,False,False,False,44532,9.37910699241786,0.0,0.6399604352126608,0.6098933632946607,0.13525864526456594,True,True,True,INCONCLUSIVE_RESEARCH,155214,42.45459518599562,0.0,0.6891428571428572,0.6577044835125296,0.10551477787606436,True,True,True,INCONCLUSIVE_RESEARCH
M1_NEGATIVE_OR_FLAT_ONLY,7500,-6000,60000,False,True,False,False,81489,17.16280539174389,0.0,0.6958362738179252,0.6713797661833527,0.27392742119232216,False,False,True,TARGET_CUT_RISK_UNRESOLVED / INCONCLUSIVE_RESEARCH,323870,88.58588621444201,0.0,0.737785016286645,0.7124702651998763,0.13254519121638922,True,True,True,PROMISING_OFFLINE_ONLY
M1_NEGATIVE_OR_FLAT_ONLY,7500,-6000,120000,False,False,False,False,325524,68.56023588879528,0.0,0.7785874439461884,0.75873364033085,0.33089022212359886,False,False,True,TARGET_CUT_RISK_UNRESOLVED / INCONCLUSIVE_RESEARCH,434421,118.82412472647702,0.0,0.7933828494260635,0.7720162336665973,0.2892894160464124,False,False,True,TARGET_CUT_RISK_UNRESOLVED / INCONCLUSIVE_RESEARCH
M1_NEGATIVE_OR_FLAT_ONLY,7500,-5000,30000,False,False,False,False,38161,8.037278854254422,0.0,0.6422110552763819,0.6119320192173916,0.14085317537341552,True,True,True,INCONCLUSIVE_RESEARCH,138941,38.00355579868709,0.0,0.6888111888111889,0.6570483313559369,0.1115338220283938,True,False,True,TARGET_CUT_RISK_UNRESOLVED / INCONCLUSIVE_RESEARCH
M1_NEGATIVE_OR_FLAT_ONLY,7500,-5000,60000,False,True,False,False,46005,9.689342881213143,0.0,0.6979241231209735,0.673330741849277,0.29111475272510234,False,False,True,TARGET_CUT_RISK_UNRESOLVED / INCONCLUSIVE_RESEARCH,299555,81.9351750547046,0.0,0.7396694214876033,0.7142134117515965,0.13999208924621817,True,True,True,PROMISING_OFFLINE_ONLY
M1_NEGATIVE_OR_FLAT_ONLY,7500,-5000,120000,False,False,False,False,279696,58.908171861836564,0.0,0.7828798185941043,0.7630365997530586,0.3501037483701326,False,False,True,TARGET_CUT_RISK_UNRESOLVED / INCONCLUSIVE_RESEARCH,418218,114.3922319474836,0.0,0.7958904109589041,0.7744522138184263,0.28371162802653055,False,False,True,TARGET_CUT_RISK_UNRESOLVED / INCONCLUSIVE_RESEARCH
M1_NEGATIVE_OR_FLAT_ONLY,7500,-3000,30000,False,False,False,False,-3474,-0.7316764953664701,0.0,0.6454054054054054,0.6140329743772783,0.14715679482738714,True,False,True,TARGET_CUT_RISK_UNRESOLVED / INCONCLUSIVE_RESEARCH,89393,24.451039387308533,0.0,0.6881188118811881,0.65534942037414,0.07880114958259203,True,True,True,INCONCLUSIVE_RESEARCH
M1_NEGATIVE_OR_FLAT_ONLY,7500,-3000,60000,False,True,False,False,-51307,-10.806023588879528,0.0,0.6999238385376999,0.6745810609337436,0.32928812732609364,False,False,True,TARGET_CUT_RISK_UNRESOLVED / INCONCLUSIVE_RESEARCH,184319,50.415481400437635,0.0,0.7473776223776224,0.7213991191496513,0.1325603906768324,True,True,True,PROMISING_OFFLINE_ONLY
M1_NEGATIVE_OR_FLAT_ONLY,7500,-3000,120000,False,False,False,False,95681,20.151853411962932,0.0,0.7871198568872988,0.7668834791671781,0.4078668607168188,False,False,True,TARGET_CUT_RISK_UNRESOLVED / INCONCLUSIVE_RESEARCH,311873,85.30443107221006,0.0,0.8134005763688761,0.7920500247324384,0.2494597299564387,True,False,True,TARGET_CUT_RISK_UNRESOLVED / INCONCLUSIVE_RESEARCH
M1_NEGATIVE_OR_FLAT_ONLY,7500,-2000,30000,False,False,False,False,-43937,-9.253791069924178,0.0,0.6533018867924528,0.6206434765103017,0.1547826481360391,True,False,True,TARGET_CUT_RISK_UNRESOLVED / INCONCLUSIVE_RESEARCH,31602,8.643873085339168,0.0,0.7023809523809523,0.668832718673786,0.06443146775145987,True,False,True,TARGET_CUT_RISK_UNRESOLVED / INCONCLUSIVE_RESEARCH
M1_NEGATIVE_OR_FLAT_ONLY,7500,-2000,60000,False,False,False,False,-110648,-23.304128053917438,0.0,0.7084019769357496,0.682210023305528,0.39104653738860734,False,False,True,TARGET_CUT_RISK_UNRESOLVED / INCONCLUSIVE_RESEARCH,108659,29.720733041575492,0.0,0.764760147601476,0.7386030684655265,0.1349899965841995,True,False,True,TARGET_CUT_RISK_UNRESOLVED / INCONCLUSIVE_RESEARCH
M1_NEGATIVE_OR_FLAT_ONLY,7500,-2000,120000,False,False,False,False,16570,3.4898904802021904,0.0,0.795425667090216,0.7747893589496424,0.4150187840498653,False,False,True,TARGET_CUT_RISK_UNRESOLVED / INCONCLUSIVE_RESEARCH,230901,63.15672866520788,0.0,0.8293051359516617,0.808093215330759,0.2439675497572122,True,False,True,TARGET_CUT_RISK_UNRESOLVED / INCONCLUSIVE_RESEARCH
M1_NEGATIVE_OR_FLAT_ONLY,7500,-1500,30000,False,False,False,False,-46089,-9.70703454085931,0.0,0.6625310173697271,0.6291846538416094,0.10474201496707061,True,True,True,REJECTED_FOR_RUNTIME,28924,7.911378555798687,0.0,0.7238493723849372,0.6899965215720522,0.07896747215632664,True,False,True,TARGET_CUT_RISK_UNRESOLVED / INCONCLUSIVE_RESEARCH
M1_NEGATIVE_OR_FLAT_ONLY,7500,-1500,60000,False,False,False,False,-124980,-26.322662173546757,0.0,0.7150214592274678,0.6884268231830338,0.3583496799069229,False,False,True,TARGET_CUT_RISK_UNRESOLVED / INCONCLUSIVE_RESEARCH,53398,14.605579868708972,0.0,0.7731660231660231,0.7466829398210789,0.17217642427467567,True,False,True,TARGET_CUT_RISK_UNRESOLVED / INCONCLUSIVE_RESEARCH
M1_NEGATIVE_OR_FLAT_ONLY,7500,-1500,120000,False,False,False,False,5465,1.1510109519797809,0.0,0.8053911900065747,0.7847359122478773,0.37705706416689944,False,False,True,TARGET_CUT_RISK_UNRESOLVED / INCONCLUSIVE_RESEARCH,172253,47.11515317286652,0.0,0.8373919874312648,0.8161112767512351,0.2713115674704312,False,False,True,TARGET_CUT_RISK_UNRESOLVED / INCONCLUSIVE_RESEARCH
M1_NEGATIVE_OR_FLAT_ONLY,7500,-1000,30000,False,False,False,False,-38891,-8.191027801179445,0.0,0.6796116504854369,0.6446764403070232,0.13947503232259167,True,True,True,REJECTED_FOR_RUNTIME,-4434,-1.2128008752735229,0.0,0.7292307692307692,0.6937974224342048,0.11225583355957876,True,False,True,TARGET_CUT_RISK_UNRESOLVED / INCONCLUSIVE_RESEARCH
M1_NEGATIVE_OR_FLAT_ONLY,7500,-1000,60000,False,False,False,False,-102934,-21.67944397641112,0.0,0.7287184284377923,0.7012814351830335,0.32508577410653566,False,False,True,TARGET_CUT_RISK_UNRESOLVED / INCONCLUSIVE_RESEARCH,18384,5.028446389496717,0.0,0.7833333333333333,0.7561711243011531,0.16660322513668765,True,False,True,TARGET_CUT_RISK_UNRESOLVED / INCONCLUSIVE_RESEARCH
M1_NEGATIVE_OR_FLAT_ONLY,7500,-1000,120000,False,False,False,False,-7833,-1.6497472620050548,0.0,0.8146582100070472,0.793600447618215,0.3802027167407026,False,False,True,TARGET_CUT_RISK_UNRESOLVED / INCONCLUSIVE_RESEARCH,101983,27.89469365426696,0.0,0.8461538461538461,0.8246003034043546,0.2764555532439742,False,False,True,TARGET_CUT_RISK_UNRESOLVED / INCONCLUSIVE_RESEARCH
M1_NEGATIVE_OR_FLAT_ONLY,7500,-700,30000,False,False,False,False,-50355,-10.605518112889637,0.0,0.695139911634757,0.659496417866478,0.18288977032819398,True,False,True,TARGET_CUT_RISK_UNRESOLVED / INCONCLUSIVE_RESEARCH,-31193,-8.532002188183807,0.0,0.7269789983844911,0.6905631456803907,0.14992080303810995,True,False,True,TARGET_CUT_RISK_UNRESOLVED / INCONCLUSIVE_RESEARCH
M1_NEGATIVE_OR_FLAT_ONLY,7500,-700,60000,False,False,False,False,-112722,-23.74094355518113,0.0,0.7407045009784736,0.7129698973752668,0.3467504101619511,False,False,True,TARGET_CUT_RISK_UNRESOLVED / INCONCLUSIVE_RESEARCH,-12548,-3.4321663019693656,0.0,0.7906724511930586,0.7632332392192992,0.2205779605300835,True,False,True,TARGET_CUT_RISK_UNRESOLVED / INCONCLUSIVE_RESEARCH
M1_NEGATIVE_OR_FLAT_ONLY,7500,-700,120000,False,False,False,False,-49334,-10.390480202190396,0.0,0.8237015362106803,0.8026013713739057,0.4071068251119951,False,False,True,TARGET_CUT_RISK_UNRESOLVED / INCONCLUSIVE_RESEARCH,64544,17.654266958424508,0.0,0.8510822510822511,0.8293882053119408,0.26876274037157316,False,False,True,TARGET_CUT_RISK_UNRESOLVED / INCONCLUSIVE_RESEARCH
M1_NEGATIVE_OR_FLAT_ONLY,7500,-500,30000,False,False,False,False,-58511,-12.323294018534119,0.0,0.7096273291925466,0.6734074280978857,0.251329728779287,False,False,True,TARGET_CUT_RISK_UNRESOLVED / INCONCLUSIVE_RESEARCH,-32079,-8.774343544857768,0.0,0.7465986394557823,0.7099191393597817,0.09619228336495889,True,False,True,TARGET_CUT_RISK_UNRESOLVED / INCONCLUSIVE_RESEARCH
M1_NEGATIVE_OR_FLAT_ONLY,7500,-500,60000,False,False,False,False,-114596,-24.13563605728728,0.0,0.7507629704984741,0.7227804747920825,0.41479506560472057,False,False,True,TARGET_CUT_RISK_UNRESOLVED / INCONCLUSIVE_RESEARCH,-28142,-7.697483588621444,0.0,0.8049605411499436,0.7775929407760654,0.23443246035356066,True,False,True,TARGET_CUT_RISK_UNRESOLVED / INCONCLUSIVE_RESEARCH
M1_NEGATIVE_OR_FLAT_ONLY,7500,-500,120000,False,False,False,False,-79894,-16.82687447346251,0.0,0.828030303030303,0.8067288906416612,0.4728519781014358,False,False,True,TARGET_CUT_RISK_UNRESOLVED / INCONCLUSIVE_RESEARCH,32689,8.941192560175054,0.0,0.8589285714285714,0.8373133838221427,0.27267183865050165,False,False,True,TARGET_CUT_RISK_UNRESOLVED / INCONCLUSIVE_RESEARCH
M1_NEGATIVE_OR_FLAT_ONLY,7500,-300,30000,False,False,False,False,-71264,-15.00926705981466,0.0,0.7167530224525043,0.6787168236420207,0.4454008997604534,False,False,True,TARGET_CUT_RISK_UNRESOLVED / INCONCLUSIVE_RESEARCH,-43165,-11.806619256017505,0.0,0.761384335154827,0.7239913664598706,0.166527966361526,True,False,True,TARGET_CUT_RISK_UNRESOLVED / INCONCLUSIVE_RESEARCH
M1_NEGATIVE_OR_FLAT_ONLY,7500,-300,60000,False,False,False,False,-126214,-26.58256107834878,0.0,0.7571743929359823,0.7282055412016216,0.5332936632947134,False,False,True,TARGET_CUT_RISK_UNRESOLVED / INCONCLUSIVE_RESEARCH,-59825,-16.36351203501094,0.0,0.8140643623361145,0.786328450041783,0.40271762882911516,False,False,True,TARGET_CUT_RISK_UNRESOLVED / INCONCLUSIVE_RESEARCH
M1_NEGATIVE_OR_FLAT_ONLY,7500,-300,120000,False,False,False,False,-118168,-24.887952822240944,0.0,0.839546191247974,0.8180191111273091,0.6525721634752787,False,False,True,TARGET_CUT_RISK_UNRESOLVED / INCONCLUSIVE_RESEARCH,-29138,-7.969912472647702,0.0,0.8635514018691589,0.8416788808352582,0.469793147286548,False,False,True,TARGET_CUT_RISK_UNRESOLVED / INCONCLUSIVE_RESEARCH
M1_NEGATIVE_OR_FLAT_ONLY,7500,-200,30000,False,False,False,False,-70878,-14.927969671440607,0.0,0.7224334600760456,0.6826574905000848,0.827124773960217,False,False,True,TARGET_CUT_RISK_UNRESOLVED / INCONCLUSIVE_RESEARCH,-59843,-16.36843544857768,0.0,0.7582846003898636,0.7194055322480393,0.3045498237744313,False,False,True,TARGET_CUT_RISK_UNRESOLVED / INCONCLUSIVE_RESEARCH
M1_NEGATIVE_OR_FLAT_ONLY,7500,-200,60000,False,False,False,False,-124993,-26.325400168491996,0.0,0.7658823529411765,0.7362583951435087,0.9528842746054579,False,False,True,TARGET_CUT_RISK_UNRESOLVED / INCONCLUSIVE_RESEARCH,-82869,-22.666575492341355,0.0,0.8115577889447236,0.7829185685098529,0.7080684596577017,False,False,True,TARGET_CUT_RISK_UNRESOLVED / INCONCLUSIVE_RESEARCH
M1_NEGATIVE_OR_FLAT_ONLY,7500,-200,120000,False,False,False,False,-146533,-30.862047177759056,0.0,0.8482523444160273,0.8265860239839374,1.0990261660380334,False,False,True,TARGET_CUT_RISK_UNRESOLVED / INCONCLUSIVE_RESEARCH,-69157,-18.916028446389497,0.0,0.8660801564027371,0.8438352484626407,0.8426978747664143,False,False,True,TARGET_CUT_RISK_UNRESOLVED / INCONCLUSIVE_RESEARCH
M1_NEGATIVE_OR_FLAT_ONLY,10000,-6000,30000,False,False,False,False,47676,10.04128053917439,0.0,0.6409495548961425,0.6108964806508922,0.09809652984265202,True,True,True,INCONCLUSIVE_RESEARCH,142714,39.0355579868709,0.0,0.6891428571428572,0.6577044835125296,0.13365025130604868,True,False,True,TARGET_CUT_RISK_UNRESOLVED / INCONCLUSIVE_RESEARCH
M1_NEGATIVE_OR_FLAT_ONLY,10000,-6000,60000,False,True,False,False,72967,15.367944397641113,0.0,0.6965419901199718,0.6720991819509824,0.15946604086682442,True,True,True,INCONCLUSIVE_RESEARCH,322379,88.17806345733041,0.0,0.738599348534202,0.7133066089607746,0.13035667100320752,True,True,True,PROMISING_OFFLINE_ONLY
M1_NEGATIVE_OR_FLAT_ONLY,10000,-6000,120000,False,False,False,False,375720,79.13226621735467,0.0,0.780829596412556,0.7610409344332741,0.2030417573878767,True,False,True,TARGET_CUT_RISK_UNRESOLVED / INCONCLUSIVE_RESEARCH,391570,107.10339168490154,0.0,0.7940580688723835,0.7727145550005273,0.30324488453770776,False,False,True,TARGET_CUT_RISK_UNRESOLVED / INCONCLUSIVE_RESEARCH
M1_NEGATIVE_OR_FLAT_ONLY,10000,-5000,30000,False,False,False,False,41305,8.699452401010952,0.0,0.6432160804020101,0.6129516665823841,0.10215075844696347,True,True,True,INCONCLUSIVE_RESEARCH,126441,34.584518599562365,0.0,0.6888111888111889,0.6570483313559369,0.14127427118055308,True,False,True,TARGET_CUT_RISK_UNRESOLVED / INCONCLUSIVE_RESEARCH
M1_NEGATIVE_OR_FLAT_ONLY,10000,-5000,60000,False,True,False,False,36483,7.683866891322662,0.0,0.698639942734431,0.6740607428725682,0.1696563233295073,True,True,True,INCONCLUSIVE_RESEARCH,297064,81.25382932166302,0.0,0.740495867768595,0.7150625998433306,0.13780687310209144,True,True,True,PROMISING_OFFLINE_ONLY
M1_NEGATIVE_OR_FLAT_ONLY,10000,-5000,120000,False,False,False,False,327892,69.05897219882056,0.0,0.7851473922902494,0.7653720048059167,0.21505630769652825,True,False,True,TARGET_CUT_RISK_UNRESOLVED / INCONCLUSIVE_RESEARCH,379367,103.76559080962801,0.0,0.7965753424657535,0.7751610663937162,0.29382249144786615,False,False,True,TARGET_CUT_RISK_UNRESOLVED / INCONCLUSIVE_RESEARCH
M1_NEGATIVE_OR_FLAT_ONLY,10000,-3000,30000,False,False,False,False,-11378,-2.3963774220724514,0.0,0.6454054054054054,0.6140329743772783,0.12922583997228956,True,True,True,REJECTED_FOR_RUNTIME,81893,22.3996170678337,0.0,0.6881188118811881,0.65534942037414,0.10161032799598559,True,False,True,TARGET_CUT_RISK_UNRESOLVED / INCONCLUSIVE_RESEARCH
M1_NEGATIVE_OR_FLAT_ONLY,10000,-3000,60000,False,True,False,False,-73546,-15.48989048020219,0.0,0.6999238385376999,0.6745810609337436,0.2231401126314506,True,False,True,TARGET_CUT_RISK_UNRESOLVED / INCONCLUSIVE_RESEARCH,187328,51.23851203501094,0.0,0.7482517482517482,0.7222990643939757,0.116631623743594,True,True,True,PROMISING_OFFLINE_ONLY
M1_NEGATIVE_OR_FLAT_ONLY,10000,-3000,120000,False,False,False,False,119149,25.09456613310868,0.0,0.7889087656529516,0.7687283930915031,0.2708797852904265,False,False,True,TARGET_CUT_RISK_UNRESOLVED / INCONCLUSIVE_RESEARCH,288037,78.7847374179431,0.0,0.8141210374639769,0.7927988914857544,0.25954041480856693,False,False,True,TARGET_CUT_RISK_UNRESOLVED / INCONCLUSIVE_RESEARCH
M1_NEGATIVE_OR_FLAT_ONLY,10000,-2000,30000,False,False,False,False,-49341,-10.39195450716091,0.0,0.6533018867924528,0.6206434765103017,0.12185386909374044,True,False,True,TARGET_CUT_RISK_UNRESOLVED / INCONCLUSIVE_RESEARCH,26602,7.2762582056892775,0.0,0.7023809523809523,0.668832718673786,0.08493537169477068,True,False,True,TARGET_CUT_RISK_UNRESOLVED / INCONCLUSIVE_RESEARCH
M1_NEGATIVE_OR_FLAT_ONLY,10000,-2000,60000,False,False,False,False,-127887,-26.9349199663016,0.0,0.7084019769357496,0.682210023305528,0.24002495738707008,True,False,True,TARGET_CUT_RISK_UNRESOLVED / INCONCLUSIVE_RESEARCH,115668,31.63785557986871,0.0,0.7656826568265682,0.7395564775402169,0.10170487662716145,True,False,True,TARGET_CUT_RISK_UNRESOLVED / INCONCLUSIVE_RESEARCH
M1_NEGATIVE_OR_FLAT_ONLY,10000,-2000,120000,False,False,False,False,38417,8.091196293176074,0.0,0.7973316391359594,0.7767596932578705,0.25355060816160063,False,False,True,TARGET_CUT_RISK_UNRESOLVED / INCONCLUSIVE_RESEARCH,217753,59.560448577680525,0.0,0.8300604229607251,0.8088818033173231,0.24934861772277792,True,False,True,TARGET_CUT_RISK_UNRESOLVED / INCONCLUSIVE_RESEARCH
M1_NEGATIVE_OR_FLAT_ONLY,10000,-1500,30000,False,False,False,False,-51200,-10.783487784330244,0.0,0.6625310173697271,0.6291846538416094,0.09282514907532081,True,True,True,REJECTED_FOR_RUNTIME,23924,6.543763676148797,0.0,0.7238493723849372,0.6899965215720522,0.10409714124884403,True,False,True,TARGET_CUT_RISK_UNRESOLVED / INCONCLUSIVE_RESEARCH
M1_NEGATIVE_OR_FLAT_ONLY,10000,-1500,60000,False,False,False,False,-142936,-30.1044650379107,0.0,0.7150214592274678,0.6884268231830338,0.20011859462558385,True,False,True,TARGET_CUT_RISK_UNRESOLVED / INCONCLUSIVE_RESEARCH,59907,16.3859409190372,0.0,0.7741312741312741,0.7476828179856868,0.129758101747852,True,False,True,TARGET_CUT_RISK_UNRESOLVED / INCONCLUSIVE_RESEARCH
M1_NEGATIVE_OR_FLAT_ONLY,10000,-1500,120000,False,False,False,False,13945,2.9370261162594775,0.0,0.8067061143984221,0.7860984427884853,0.24683526833280886,True,False,True,TARGET_CUT_RISK_UNRESOLVED / INCONCLUSIVE_RESEARCH,163605,44.74972647702407,0.0,0.8381775333857031,0.8169337711719626,0.2674358510555828,False,False,True,TARGET_CUT_RISK_UNRESOLVED / INCONCLUSIVE_RESEARCH
M1_NEGATIVE_OR_FLAT_ONLY,10000,-1000,30000,False,False,False,False,-44002,-9.26748104465038,0.0,0.6796116504854369,0.6446764403070232,0.12360646939721416,True,True,True,REJECTED_FOR_RUNTIME,-9434,-2.5804157549234135,0.0,0.7292307692307692,0.6937974224342048,0.1479787948501779,True,False,True,TARGET_CUT_RISK_UNRESOLVED / INCONCLUSIVE_RESEARCH
M1_NEGATIVE_OR_FLAT_ONLY,10000,-1000,60000,False,False,False,False,-120417,-25.361625947767482,0.0,0.7287184284377923,0.7012814351830335,0.2720662963161072,False,False,True,TARGET_CUT_RISK_UNRESOLVED / INCONCLUSIVE_RESEARCH,26803,7.331236323851203,0.0,0.784375,0.7572537659930446,0.13277089329725444,True,False,True,TARGET_CUT_RISK_UNRESOLVED / INCONCLUSIVE_RESEARCH
M1_NEGATIVE_OR_FLAT_ONLY,10000,-1000,120000,False,False,False,False,-7245,-1.525905644481887,0.0,0.8160676532769556,0.7950653963315869,0.2774452768593312,False,False,True,TARGET_CUT_RISK_UNRESOLVED / INCONCLUSIVE_RESEARCH,93994,25.70951859956236,0.0,0.846989966555184,0.8254790292969777,0.2730681447668732,False,False,True,TARGET_CUT_RISK_UNRESOLVED / INCONCLUSIVE_RESEARCH
M1_NEGATIVE_OR_FLAT_ONLY,10000,-700,30000,False,False,False,False,-55466,-11.681971356360572,0.0,0.695139911634757,0.659496417866478,0.1620817606039281,True,False,True,TARGET_CUT_RISK_UNRESOLVED / INCONCLUSIVE_RESEARCH,-36193,-9.899617067833699,0.0,0.7269789983844911,0.6905631456803907,0.1976298162248812,True,False,True,TARGET_CUT_RISK_UNRESOLVED / INCONCLUSIVE_RESEARCH
M1_NEGATIVE_OR_FLAT_ONLY,10000,-700,60000,False,False,False,False,-128615,-27.088247683235046,0.0,0.7407045009784736,0.7129698973752668,0.3583708266650562,False,False,True,TARGET_CUT_RISK_UNRESOLVED / INCONCLUSIVE_RESEARCH,-4429,-1.2114332603938731,0.0,0.7917570498915402,0.7643631341527442,0.17586494229913135,True,False,True,TARGET_CUT_RISK_UNRESOLVED / INCONCLUSIVE_RESEARCH
M1_NEGATIVE_OR_FLAT_ONLY,10000,-700,120000,False,False,False,False,-47435,-9.990522325189554,0.0,0.825164594001463,0.804126122734072,0.28596381043441854,False,False,True,TARGET_CUT_RISK_UNRESOLVED / INCONCLUSIVE_RESEARCH,62663,17.13977024070022,0.0,0.8519480519480519,0.8303001723617122,0.2770242578430084,False,False,True,TARGET_CUT_RISK_UNRESOLVED / INCONCLUSIVE_RESEARCH
M1_NEGATIVE_OR_FLAT_ONLY,10000,-500,30000,False,False,False,False,-63622,-13.399747262005056,0.0,0.7096273291925466,0.6734074280978857,0.22273506527759462,True,False,True,TARGET_CUT_RISK_UNRESOLVED / INCONCLUSIVE_RESEARCH,-34579,-9.458150984682714,0.0,0.7465986394557823,0.7099191393597817,0.1278178368121442,True,False,True,TARGET_CUT_RISK_UNRESOLVED / INCONCLUSIVE_RESEARCH
M1_NEGATIVE_OR_FLAT_ONLY,10000,-500,60000,False,False,False,False,-127989,-26.956402695871947,0.0,0.7507629704984741,0.7227804747920825,0.4135025950913188,False,False,True,TARGET_CUT_RISK_UNRESOLVED / INCONCLUSIVE_RESEARCH,-17723,-4.847647702407002,0.0,0.8060879368658399,0.7787723032555018,0.1553005556879232,True,False,True,TARGET_CUT_RISK_UNRESOLVED / INCONCLUSIVE_RESEARCH
M1_NEGATIVE_OR_FLAT_ONLY,10000,-500,120000,False,False,False,False,-74561,-15.703664700926707,0.0,0.8295454545454546,0.8083105989300854,0.33519007978657706,False,False,True,TARGET_CUT_RISK_UNRESOLVED / INCONCLUSIVE_RESEARCH,35608,9.73960612691466,0.0,0.8598214285714286,0.8382568705532867,0.2582969409983943,False,False,True,TARGET_CUT_RISK_UNRESOLVED / INCONCLUSIVE_RESEARCH
M1_NEGATIVE_OR_FLAT_ONLY,10000,-300,30000,False,False,False,False,-76375,-16.085720303285594,0.0,0.7167530224525043,0.6787168236420207,0.39472607942041404,False,False,True,TARGET_CUT_RISK_UNRESOLVED / INCONCLUSIVE_RESEARCH,-45665,-12.490426695842451,0.0,0.761384335154827,0.7239913664598706,0.22127808681179098,True,False,True,TARGET_CUT_RISK_UNRESOLVED / INCONCLUSIVE_RESEARCH
M1_NEGATIVE_OR_FLAT_ONLY,10000,-300,60000,False,False,False,False,-135026,-28.438500421229993,0.0,0.7571743929359823,0.7282055412016216,0.5905935337837049,False,False,True,TARGET_CUT_RISK_UNRESOLVED / INCONCLUSIVE_RESEARCH,-49606,-13.568380743982495,0.0,0.8152562574493445,0.7875796794624137,0.26689738069134955,False,False,True,TARGET_CUT_RISK_UNRESOLVED / INCONCLUSIVE_RESEARCH
M1_NEGATIVE_OR_FLAT_ONLY,10000,-300,120000,False,False,False,False,-116035,-24.43871103622578,0.0,0.8403565640194489,0.8188686402508188,0.4340064216910453,False,False,True,TARGET_CUT_RISK_UNRESOLVED / INCONCLUSIVE_RESEARCH,-26419,-7.2262035010940915,0.0,0.8644859813084113,0.8426691489112779,0.4451524204848901,False,False,True,TARGET_CUT_RISK_UNRESOLVED / INCONCLUSIVE_RESEARCH
M1_NEGATIVE_OR_FLAT_ONLY,10000,-200,30000,False,False,False,False,-75989,-16.00442291491154,0.0,0.7224334600760456,0.6826574905000848,0.7330198915009042,False,False,True,TARGET_CUT_RISK_UNRESOLVED / INCONCLUSIVE_RESEARCH,-62343,-17.052242888402628,0.0,0.7582846003898636,0.7194055322480393,0.4046779878244153,False,False,True,TARGET_CUT_RISK_UNRESOLVED / INCONCLUSIVE_RESEARCH
M1_NEGATIVE_OR_FLAT_ONLY,10000,-200,60000,False,False,False,False,-133805,-28.18133951137321,0.0,0.7658823529411765,0.7362583951435087,1.0552671628411199,False,False,True,TARGET_CUT_RISK_UNRESOLVED / INCONCLUSIVE_RESEARCH,-72750,-19.89879649890591,0.0,0.8128140703517588,0.784237967421474,0.4694157277267975,False,False,True,TARGET_CUT_RISK_UNRESOLVED / INCONCLUSIVE_RESEARCH
M1_NEGATIVE_OR_FLAT_ONLY,10000,-200,120000,False,False,False,False,-142000,-29.907329401853413,0.0,0.8491048593350383,0.8274829195299858,0.6644438902088448,False,False,True,TARGET_CUT_RISK_UNRESOLVED / INCONCLUSIVE_RESEARCH,-66538,-18.199671772428886,0.0,0.8670576735092864,0.844873181997699,0.7986433924675078,False,False,True,TARGET_CUT_RISK_UNRESOLVED / INCONCLUSIVE_RESEARCH
M2_LOW_PROFIT_ONLY,1000,-6000,30000,False,False,False,False,165891,34.93913226621736,0.0,0.6122448979591837,0.5828095468838878,0.3604326923076923,False,False,False,TARGET_CUT_RISK_UNRESOLVED / INCONCLUSIVE_RESEARCH,265285,72.56154266958424,0.0,0.6766004415011038,0.6454507439476971,0.2517495153226081,False,False,True,TARGET_CUT_RISK_UNRESOLVED / INCONCLUSIVE_RESEARCH
M2_LOW_PROFIT_ONLY,1000,-6000,60000,False,False,False,False,346077,72.88900589721989,0.0,0.6585858585858586,0.6340868650926462,0.42196260559309834,False,False,False,TARGET_CUT_RISK_UNRESOLVED / INCONCLUSIVE_RESEARCH,408201,111.652352297593,0.0,0.7069102462271644,0.6811681904245136,0.337490847919145,False,False,False,TARGET_CUT_RISK_UNRESOLVED / INCONCLUSIVE_RESEARCH
M2_LOW_PROFIT_ONLY,1000,-6000,120000,False,False,False,False,542031,114.15985678180286,0.0,0.7180592991913747,0.6971493340427652,0.4345114115187956,False,False,False,TARGET_CUT_RISK_UNRESOLVED / INCONCLUSIVE_RESEARCH,523772,143.2636761487965,0.0,0.7463672391017173,0.7238464452390996,0.36428308130346543,False,False,False,TARGET_CUT_RISK_UNRESOLVED / INCONCLUSIVE_RESEARCH
M2_LOW_PROFIT_ONLY,1000,-5000,30000,False,False,False,False,159733,33.6421651221567,0.0,0.6129943502824858,0.5833435039365314,0.3727372574543384,False,False,False,TARGET_CUT_RISK_UNRESOLVED / INCONCLUSIVE_RESEARCH,242231,66.25574398249454,0.0,0.6749156355455568,0.6434294231520516,0.2676897134745617,False,False,True,TARGET_CUT_RISK_UNRESOLVED / INCONCLUSIVE_RESEARCH
M2_LOW_PROFIT_ONLY,1000,-5000,60000,False,False,False,False,318766,67.136899747262,0.0,0.660300136425648,0.6356655334732523,0.4443080135679175,False,False,False,TARGET_CUT_RISK_UNRESOLVED / INCONCLUSIVE_RESEARCH,387980,106.12144420131291,0.0,0.7082997582594682,0.6823983998733814,0.3401611505066151,False,False,False,TARGET_CUT_RISK_UNRESOLVED / INCONCLUSIVE_RESEARCH
M2_LOW_PROFIT_ONLY,1000,-5000,120000,False,False,False,False,521605,109.8578348778433,0.0,0.721677559912854,0.7007307255590369,0.44169995740320744,False,False,False,TARGET_CUT_RISK_UNRESOLVED / INCONCLUSIVE_RESEARCH,501936,137.2910284463895,0.0,0.7478260869565218,0.7251970429068174,0.3691514236911494,False,False,False,TARGET_CUT_RISK_UNRESOLVED / INCONCLUSIVE_RESEARCH
M2_LOW_PROFIT_ONLY,1000,-3000,30000,False,False,False,False,111827,23.552443133951137,0.0,0.6136136136136137,0.5830389366538257,0.42299818143276324,False,False,True,TARGET_CUT_RISK_UNRESOLVED / INCONCLUSIVE_RESEARCH,170757,46.70596280087528,0.0,0.6738095238095239,0.6413767361274345,0.29308888456704296,False,False,True,TARGET_CUT_RISK_UNRESOLVED / INCONCLUSIVE_RESEARCH
M2_LOW_PROFIT_ONLY,1000,-3000,60000,False,False,False,False,196736,41.43555181128897,0.0,0.6599713055954088,0.6346942053135929,0.5150992500423487,False,False,False,TARGET_CUT_RISK_UNRESOLVED / INCONCLUSIVE_RESEARCH,268432,73.42231947483589,0.0,0.7145284621920136,0.6880612578487337,0.38390105577544403,False,False,True,TARGET_CUT_RISK_UNRESOLVED / INCONCLUSIVE_RESEARCH
M2_LOW_PROFIT_ONLY,1000,-3000,120000,False,False,False,False,337555,71.0941449031171,0.0,0.7231990924560409,0.7018458800686483,0.5193967114919863,False,False,False,TARGET_CUT_RISK_UNRESOLVED / INCONCLUSIVE_RESEARCH,383610,104.92614879649891,0.0,0.7617379117028732,0.7389499485986176,0.3846674657514884,False,False,True,TARGET_CUT_RISK_UNRESOLVED / INCONCLUSIVE_RESEARCH
M2_LOW_PROFIT_ONLY,1000,-2000,30000,False,False,False,False,54967,11.57687447346251,0.0,0.61596548004315,0.5842387430078033,0.5142976384071841,False,False,True,TARGET_CUT_RISK_UNRESOLVED / INCONCLUSIVE_RESEARCH,106072,29.01312910284464,0.0,0.6864728192161821,0.6533069755916621,0.3523778965029342,False,False,True,TARGET_CUT_RISK_UNRESOLVED / INCONCLUSIVE_RESEARCH
M2_LOW_PROFIT_ONLY,1000,-2000,60000,False,False,False,False,104647,22.04022746419545,0.0,0.6633511859219586,0.6372860720254927,0.5975150585770915,False,False,True,TARGET_CUT_RISK_UNRESOLVED / INCONCLUSIVE_RESEARCH,183096,50.08096280087528,0.0,0.7292965271593945,0.7025603404340589,0.44061006946819214,False,False,True,TARGET_CUT_RISK_UNRESOLVED / INCONCLUSIVE_RESEARCH
M2_LOW_PROFIT_ONLY,1000,-2000,120000,False,False,False,False,205020,43.18028643639427,0.0,0.7280334728033473,0.7062068308373786,0.5994088269564748,False,False,True,TARGET_CUT_RISK_UNRESOLVED / INCONCLUSIVE_RESEARCH,277613,75.93353391684902,0.0,0.7744525547445256,0.7515716289809571,0.4270802239318462,False,False,True,TARGET_CUT_RISK_UNRESOLVED / INCONCLUSIVE_RESEARCH
M2_LOW_PROFIT_ONLY,1000,-1500,30000,False,False,False,False,35556,7.488626790227464,0.0,0.6245772266065389,0.5922373846334096,0.5473663496789484,False,False,True,TARGET_CUT_RISK_UNRESOLVED / INCONCLUSIVE_RESEARCH,100887,27.594912472647703,0.0,0.7101063829787234,0.6766754322043722,0.3399595640352304,False,False,True,TARGET_CUT_RISK_UNRESOLVED / INCONCLUSIVE_RESEARCH
M2_LOW_PROFIT_ONLY,1000,-1500,60000,False,False,False,False,58645,12.351516427969672,0.0,0.6690419635787807,0.6426123557809604,0.657285107392392,False,False,True,TARGET_CUT_RISK_UNRESOLVED / INCONCLUSIVE_RESEARCH,144860,39.62253829321663,0.0,0.742354031510658,0.7154315691666413,0.4471215481362214,False,False,True,TARGET_CUT_RISK_UNRESOLVED / INCONCLUSIVE_RESEARCH
M2_LOW_PROFIT_ONLY,1000,-1500,120000,False,False,False,False,152745,32.17038753159225,0.0,0.7369391518131531,0.7150046572507405,0.6249279943001804,False,False,True,TARGET_CUT_RISK_UNRESOLVED / INCONCLUSIVE_RESEARCH,230416,63.02407002188184,0.0,0.7891156462585034,0.7663128210791745,0.41839709658063035,False,False,True,TARGET_CUT_RISK_UNRESOLVED / INCONCLUSIVE_RESEARCH
M2_LOW_PROFIT_ONLY,1000,-1000,30000,False,False,False,False,26670,5.617101937657961,0.0,0.6380597014925373,0.6042580962859033,0.5666198843541234,False,False,True,TARGET_CUT_RISK_UNRESOLVED / INCONCLUSIVE_RESEARCH,62966,17.222647702407002,0.0,0.7157434402332361,0.6808611370303217,0.37736399341516846,False,False,True,TARGET_CUT_RISK_UNRESOLVED / INCONCLUSIVE_RESEARCH
M2_LOW_PROFIT_ONLY,1000,-1000,60000,False,False,False,False,40271,8.48167649536647,0.0,0.6846153846153846,0.6574223991604341,0.6456684529935763,False,False,True,TARGET_CUT_RISK_UNRESOLVED / INCONCLUSIVE_RESEARCH,89513,24.483862144420133,0.0,0.7514910536779325,0.7238637024237228,0.4943608553534446,False,False,True,TARGET_CUT_RISK_UNRESOLVED / INCONCLUSIVE_RESEARCH
M2_LOW_PROFIT_ONLY,1000,-1000,120000,False,False,False,False,116525,24.54191238416175,0.0,0.7526178010471204,0.7303671127598397,0.6138889564434933,False,False,True,TARGET_CUT_RISK_UNRESOLVED / INCONCLUSIVE_RESEARCH,156562,42.82330415754923,0.0,0.799839871897518,0.7767454889379082,0.449303984869626,False,False,True,TARGET_CUT_RISK_UNRESOLVED / INCONCLUSIVE_RESEARCH
M2_LOW_PROFIT_ONLY,1000,-700,30000,False,False,False,False,10961,2.3085509688289805,0.0,0.6531413612565445,0.6187004386767468,0.5897739688125204,False,False,True,TARGET_CUT_RISK_UNRESOLVED / INCONCLUSIVE_RESEARCH,31227,8.541301969365426,0.0,0.7123287671232876,0.676559028251177,0.4597873884643299,False,False,True,TARGET_CUT_RISK_UNRESOLVED / INCONCLUSIVE_RESEARCH
M2_LOW_PROFIT_ONLY,1000,-700,60000,False,False,False,False,10754,2.2649536647009265,0.0,0.6980461811722913,0.6705941534573281,0.6955992060776127,False,False,True,TARGET_CUT_RISK_UNRESOLVED / INCONCLUSIVE_RESEARCH,42889,11.731126914660832,0.0,0.7541152263374485,0.7260789997714443,0.6005616964544277,False,False,True,TARGET_CUT_RISK_UNRESOLVED / INCONCLUSIVE_RESEARCH
M2_LOW_PROFIT_ONLY,1000,-700,120000,False,False,False,False,73765,15.536015164279696,0.0,0.7647058823529411,0.7424192041152193,0.6557736640310354,False,False,True,TARGET_CUT_RISK_UNRESOLVED / INCONCLUSIVE_RESEARCH,94689,25.8996170678337,0.0,0.8028052805280528,0.7794634480220087,0.5383626659913825,False,False,True,TARGET_CUT_RISK_UNRESOLVED / INCONCLUSIVE_RESEARCH
M2_LOW_PROFIT_ONLY,1000,-500,30000,False,False,False,False,-5333,-1.1232097725358046,0.0,0.6666666666666666,0.6316518004168111,0.6586882597178124,False,False,True,TARGET_CUT_RISK_UNRESOLVED / INCONCLUSIVE_RESEARCH,17882,4.891137855579869,0.0,0.7304625199362041,0.6944051708595314,0.4960815306900706,False,False,True,TARGET_CUT_RISK_UNRESOLVED / INCONCLUSIVE_RESEARCH
M2_LOW_PROFIT_ONLY,1000,-500,60000,False,False,False,False,-16215,-3.415122156697557,0.0,0.7087557603686636,0.6810229544260487,0.7814725984166772,False,False,True,TARGET_CUT_RISK_UNRESOLVED / INCONCLUSIVE_RESEARCH,19609,5.363512035010941,0.0,0.7713675213675214,0.7433869216873676,0.6713488153213214,False,False,True,TARGET_CUT_RISK_UNRESOLVED / INCONCLUSIVE_RESEARCH
M2_LOW_PROFIT_ONLY,1000,-500,120000,False,False,False,False,27190,5.726621735467566,0.0,0.7734265734265734,0.7510140091776042,0.7454929418319677,False,False,True,TARGET_CUT_RISK_UNRESOLVED / INCONCLUSIVE_RESEARCH,59448,16.260393873085338,0.0,0.8163265306122449,0.7931777387755515,0.5903370775431275,False,False,True,TARGET_CUT_RISK_UNRESOLVED / INCONCLUSIVE_RESEARCH
M2_LOW_PROFIT_ONLY,1000,-300,30000,False,False,False,False,-30367,-6.395745577085089,0.0,0.6696696696696697,0.6330655849304831,0.9361262445989104,False,False,True,TARGET_CUT_RISK_UNRESOLVED / INCONCLUSIVE_RESEARCH,-5669,-1.550601750547046,0.0,0.7461928934010152,0.7095945115187606,0.6952920110691095,False,False,True,TARGET_CUT_RISK_UNRESOLVED / INCONCLUSIVE_RESEARCH
M2_LOW_PROFIT_ONLY,1000,-300,60000,False,False,False,False,-54380,-11.453243470935131,0.0,0.7155599603567889,0.6869463064177638,1.074081439864764,False,False,True,TARGET_CUT_RISK_UNRESOLVED / INCONCLUSIVE_RESEARCH,-14314,-3.915207877461707,0.0,0.7845117845117845,0.7563234179797688,0.9001075998222264,False,False,True,TARGET_CUT_RISK_UNRESOLVED / INCONCLUSIVE_RESEARCH
M2_LOW_PROFIT_ONLY,1000,-300,120000,False,False,False,False,-37694,-7.938921651221567,0.0,0.787360594795539,0.7646907057068622,1.03266959075677,False,False,True,TARGET_CUT_RISK_UNRESOLVED / INCONCLUSIVE_RESEARCH,972,0.2658643326039387,0.0,0.8262411347517731,0.8030320640580227,0.8087724912004333,False,False,True,TARGET_CUT_RISK_UNRESOLVED / INCONCLUSIVE_RESEARCH
M2_LOW_PROFIT_ONLY,1000,-200,30000,False,False,False,False,-42669,-8.986731255265376,0.0,0.6715447154471544,0.633461783748943,1.3530902913889977,False,False,True,TARGET_CUT_RISK_UNRESOLVED / INCONCLUSIVE_RESEARCH,-23559,-6.443927789934355,0.0,0.7441441441441441,0.7062502117389516,1.108096599549851,False,False,True,TARGET_CUT_RISK_UNRESOLVED / INCONCLUSIVE_RESEARCH
M2_LOW_PROFIT_ONLY,1000,-200,60000,False,False,False,False,-74105,-15.607624262847514,0.0,0.7253668763102725,0.6961830918428871,1.5320037333595324,False,False,True,TARGET_CUT_RISK_UNRESOLVED / INCONCLUSIVE_RESEARCH,-41805,-11.434628008752735,0.0,0.7830188679245284,0.7540331769155798,1.379643402167404,False,False,True,TARGET_CUT_RISK_UNRESOLVED / INCONCLUSIVE_RESEARCH
M2_LOW_PROFIT_ONLY,1000,-200,120000,False,False,False,False,-81148,-17.090985678180285,0.0,0.796887159533074,0.7740202512581595,1.5614540680078333,False,False,True,TARGET_CUT_RISK_UNRESOLVED / INCONCLUSIVE_RESEARCH,-40024,-10.947483588621445,0.0,0.8287037037037037,0.8050779504420565,1.2740614861733355,False,False,True,TARGET_CUT_RISK_UNRESOLVED / INCONCLUSIVE_RESEARCH
M2_LOW_PROFIT_ONLY,1500,-6000,30000,False,False,False,False,135391,28.515374894692503,0.0,0.6134067952249771,0.5841338020682327,0.3526308335852175,False,False,True,TARGET_CUT_RISK_UNRESOLVED / INCONCLUSIVE_RESEARCH,258055,70.58397155361051,0.0,0.6812705366922235,0.6503386580566537,0.2334982238853385,True,False,True,TARGET_CUT_RISK_UNRESOLVED / INCONCLUSIVE_RESEARCH
M2_LOW_PROFIT_ONLY,1500,-6000,60000,False,False,False,False,321136,67.63605728727886,0.0,0.6666666666666666,0.6424362794965205,0.4286571270411085,False,False,False,TARGET_CUT_RISK_UNRESOLVED / INCONCLUSIVE_RESEARCH,391551,107.09819474835886,0.0,0.7123719464144996,0.6868553694569994,0.33882440743270553,False,False,False,TARGET_CUT_RISK_UNRESOLVED / INCONCLUSIVE_RESEARCH
M2_LOW_PROFIT_ONLY,1500,-6000,120000,False,False,False,False,527095,111.01411120471778,0.0,0.7323717948717948,0.7118556290526237,0.45301981903002597,False,False,False,TARGET_CUT_RISK_UNRESOLVED / INCONCLUSIVE_RESEARCH,511135,139.80716630196937,0.0,0.757715036112935,0.7355653303124748,0.3816798859058723,False,False,False,TARGET_CUT_RISK_UNRESOLVED / INCONCLUSIVE_RESEARCH
M2_LOW_PROFIT_ONLY,1500,-5000,30000,False,False,False,False,131667,27.731044650379108,0.0,0.6150978564771669,0.5856227658302742,0.3645481661149169,False,False,True,TARGET_CUT_RISK_UNRESOLVED / INCONCLUSIVE_RESEARCH,234001,64.00464989059081,0.0,0.6796875,0.6484243203359308,0.24836205496825042,True,False,True,TARGET_CUT_RISK_UNRESOLVED / INCONCLUSIVE_RESEARCH
M2_LOW_PROFIT_ONLY,1500,-5000,60000,False,False,False,False,289898,61.05686604886268,0.0,0.6684636118598383,0.6441039813148081,0.45212252124024754,False,False,False,TARGET_CUT_RISK_UNRESOLVED / INCONCLUSIVE_RESEARCH,369437,101.04950765864332,0.0,0.7138289368505196,0.6881586589464979,0.34141313455456074,False,False,True,TARGET_CUT_RISK_UNRESOLVED / INCONCLUSIVE_RESEARCH
M2_LOW_PROFIT_ONLY,1500,-5000,120000,False,False,False,False,499412,105.18365627632687,0.0,0.7361036157582299,0.7155623276763193,0.46807334809396817,False,False,False,TARGET_CUT_RISK_UNRESOLVED / INCONCLUSIVE_RESEARCH,484271,132.45924507658643,0.0,0.759148369926813,0.7368876157058614,0.388383316170194,False,False,True,TARGET_CUT_RISK_UNRESOLVED / INCONCLUSIVE_RESEARCH
M2_LOW_PROFIT_ONLY,1500,-3000,30000,False,False,False,False,77693,16.363310867733784,0.0,0.6156901688182721,0.5852606107054502,0.42583630300766434,False,False,True,TARGET_CUT_RISK_UNRESOLVED / INCONCLUSIVE_RESEARCH,159814,43.71280087527352,0.0,0.6784869976359338,0.646268425287717,0.27077978690881915,False,False,True,TARGET_CUT_RISK_UNRESOLVED / INCONCLUSIVE_RESEARCH
M2_LOW_PROFIT_ONLY,1500,-3000,60000,False,False,False,False,154979,32.64090143218197,0.0,0.6673773987206824,0.642332415044026,0.5347879678805244,False,False,True,TARGET_CUT_RISK_UNRESOLVED / INCONCLUSIVE_RESEARCH,253187,69.25246170678336,0.0,0.7209106239460371,0.6947005912711197,0.37847406746493717,False,False,True,TARGET_CUT_RISK_UNRESOLVED / INCONCLUSIVE_RESEARCH
M2_LOW_PROFIT_ONLY,1500,-3000,120000,False,False,False,False,295879,62.316554338668915,0.0,0.7384441939120632,0.7174936934904932,0.5538693595689577,False,False,True,TARGET_CUT_RISK_UNRESOLVED / INCONCLUSIVE_RESEARCH,364859,99.79731947483589,0.0,0.7740585774058577,0.7516978774916708,0.41004501773344565,False,False,True,TARGET_CUT_RISK_UNRESOLVED / INCONCLUSIVE_RESEARCH
M2_LOW_PROFIT_ONLY,1500,-2000,30000,False,False,False,False,23740,5.0,0.0,0.6195069667738478,0.5879237350957307,0.5136819337884584,False,False,True,TARGET_CUT_RISK_UNRESOLVED / INCONCLUSIVE_RESEARCH,97084,26.554704595185996,0.0,0.6934673366834171,0.660572687703525,0.3253327156019518,False,False,True,TARGET_CUT_RISK_UNRESOLVED / INCONCLUSIVE_RESEARCH
M2_LOW_PROFIT_ONLY,1500,-2000,60000,False,False,False,False,63044,13.278011794439765,0.0,0.6730038022813688,0.6471767243366366,0.619912947476619,False,False,True,TARGET_CUT_RISK_UNRESOLVED / INCONCLUSIVE_RESEARCH,172150,47.08698030634573,0.0,0.7374005305039788,0.710982007486845,0.41877355654727494,False,False,True,TARGET_CUT_RISK_UNRESOLVED / INCONCLUSIVE_RESEARCH
M2_LOW_PROFIT_ONLY,1500,-2000,120000,False,False,False,False,157357,33.141743892165124,0.0,0.7444907683144729,0.7230870277270277,0.6382202499612046,False,False,True,TARGET_CUT_RISK_UNRESOLVED / INCONCLUSIVE_RESEARCH,262708,71.8566739606127,0.0,0.7885174418604651,0.766152762191923,0.4511677319233293,False,False,True,TARGET_CUT_RISK_UNRESOLVED / INCONCLUSIVE_RESEARCH
M2_LOW_PROFIT_ONLY,1500,-1500,30000,False,False,False,False,2146,0.45197978096040436,0.0,0.6270996640537514,0.5949019428646536,0.5509529742562255,False,False,True,TARGET_CUT_RISK_UNRESOLVED / INCONCLUSIVE_RESEARCH,94153,25.75300875273523,0.0,0.7173051519154557,0.6841919851498249,0.3209281415803155,False,False,True,TARGET_CUT_RISK_UNRESOLVED / INCONCLUSIVE_RESEARCH
M2_LOW_PROFIT_ONLY,1500,-1500,60000,False,False,False,False,13197,2.779486099410278,0.0,0.6784869976359338,0.6522841840792616,0.6885294262254782,False,False,True,TARGET_CUT_RISK_UNRESOLVED / INCONCLUSIVE_RESEARCH,124258,33.98741794310722,0.0,0.7488500459981601,0.7222233708618577,0.45232519626016165,False,False,True,TARGET_CUT_RISK_UNRESOLVED / INCONCLUSIVE_RESEARCH
M2_LOW_PROFIT_ONLY,1500,-1500,120000,False,False,False,False,98654,20.778011794439763,0.0,0.7522992029429798,0.7307727847726273,0.6820186007034604,False,False,True,TARGET_CUT_RISK_UNRESOLVED / INCONCLUSIVE_RESEARCH,206557,56.49808533916849,0.0,0.800601956358164,0.7782680687368709,0.46083377078985444,False,False,True,TARGET_CUT_RISK_UNRESOLVED / INCONCLUSIVE_RESEARCH
M2_LOW_PROFIT_ONLY,1500,-1000,30000,False,False,False,False,-4704,-0.9907329401853412,0.0,0.6390605686032138,0.6053801577506321,0.572521448603559,False,False,True,TARGET_CUT_RISK_UNRESOLVED / INCONCLUSIVE_RESEARCH,50952,13.936542669584245,0.0,0.7221418234442837,0.6875846399112051,0.3810372549264,False,False,True,TARGET_CUT_RISK_UNRESOLVED / INCONCLUSIVE_RESEARCH
M2_LOW_PROFIT_ONLY,1500,-1000,60000,False,False,False,False,-1133,-0.2386267902274642,0.0,0.6919148936170213,0.6649259303177516,0.6975760449740904,False,False,True,TARGET_CUT_RISK_UNRESOLVED / INCONCLUSIVE_RESEARCH,65070,17.798140043763677,0.0,0.757396449704142,0.7300730070741246,0.5168842540996657,False,False,True,TARGET_CUT_RISK_UNRESOLVED / INCONCLUSIVE_RESEARCH
M2_LOW_PROFIT_ONLY,1500,-1000,120000,False,False,False,False,62092,13.077506318449874,0.0,0.7655127367733507,0.7436418718017522,0.6899507769294625,False,False,True,TARGET_CUT_RISK_UNRESOLVED / INCONCLUSIVE_RESEARCH,131516,35.972647702407,0.0,0.8103585657370518,0.7877353014560194,0.5023507764859397,False,False,True,TARGET_CUT_RISK_UNRESOLVED / INCONCLUSIVE_RESEARCH
M2_LOW_PROFIT_ONLY,1500,-700,30000,False,False,False,False,-15383,-3.2398904802021904,0.0,0.6544980443285529,0.6201497718859939,0.5864549878686731,False,False,True,TARGET_CUT_RISK_UNRESOLVED / INCONCLUSIVE_RESEARCH,18546,5.072757111597374,0.0,0.7186081694402421,0.6831402396706274,0.48559284337468495,False,False,True,TARGET_CUT_RISK_UNRESOLVED / INCONCLUSIVE_RESEARCH
M2_LOW_PROFIT_ONLY,1500,-700,60000,False,False,False,False,-25989,-5.473673125526537,0.0,0.7056737588652482,0.6784160864479506,0.7404477532476752,False,False,True,TARGET_CUT_RISK_UNRESOLVED / INCONCLUSIVE_RESEARCH,18340,5.016411378555799,0.0,0.7607361963190185,0.7330106062638424,0.6322846206281789,False,False,True,TARGET_CUT_RISK_UNRESOLVED / INCONCLUSIVE_RESEARCH
M2_LOW_PROFIT_ONLY,1500,-700,120000,False,False,False,False,24956,5.256107834877843,0.0,0.777552400270453,0.7556531823421324,0.7363244680074195,False,False,True,TARGET_CUT_RISK_UNRESOLVED / INCONCLUSIVE_RESEARCH,69585,19.033096280087527,0.0,0.8141447368421053,0.7913040034777391,0.5993384077532415,False,False,True,TARGET_CUT_RISK_UNRESOLVED / INCONCLUSIVE_RESEARCH
M2_LOW_PROFIT_ONLY,1500,-500,30000,False,False,False,False,-28774,-6.060235888795282,0.0,0.6680327868852459,0.6331189279827953,0.6540472159693412,False,False,True,TARGET_CUT_RISK_UNRESOLVED / INCONCLUSIVE_RESEARCH,7234,1.9786652078774618,0.0,0.7369255150554676,0.7012113988328587,0.5338314520266804,False,False,True,TARGET_CUT_RISK_UNRESOLVED / INCONCLUSIVE_RESEARCH
M2_LOW_PROFIT_ONLY,1500,-500,60000,False,False,False,False,-51275,-10.799283909014322,0.0,0.7159926470588235,0.6884741632132577,0.8421324141488751,False,False,True,TARGET_CUT_RISK_UNRESOLVED / INCONCLUSIVE_RESEARCH,-1134,-0.31017505470459517,0.0,0.778131634819533,0.7504982371412686,0.6981896173665169,False,False,True,TARGET_CUT_RISK_UNRESOLVED / INCONCLUSIVE_RESEARCH
M2_LOW_PROFIT_ONLY,1500,-500,120000,False,False,False,False,-17090,-3.5994102780117943,0.0,0.7861635220125787,0.7641685342453415,0.8311943450615629,False,False,True,TARGET_CUT_RISK_UNRESOLVED / INCONCLUSIVE_RESEARCH,39548,10.817286652078774,0.0,0.8279661016949152,0.805376737778577,0.6492344213649852,False,False,True,TARGET_CUT_RISK_UNRESOLVED / INCONCLUSIVE_RESEARCH
M2_LOW_PROFIT_ONLY,1500,-300,30000,False,False,False,False,-51826,-10.915332771693345,0.0,0.6706586826347305,0.6341318559612844,0.9843660155096585,False,False,True,TARGET_CUT_RISK_UNRESOLVED / INCONCLUSIVE_RESEARCH,-15203,-4.158369803063457,0.0,0.7525252525252525,0.7162721755694564,0.7471643457927617,False,False,True,TARGET_CUT_RISK_UNRESOLVED / INCONCLUSIVE_RESEARCH
M2_LOW_PROFIT_ONLY,1500,-300,60000,False,False,False,False,-87337,-18.394481887110363,0.0,0.7210682492581603,0.692626569041565,1.1761579717211117,False,False,True,TARGET_CUT_RISK_UNRESOLVED / INCONCLUSIVE_RESEARCH,-32965,-9.016684901531729,0.0,0.7910614525139665,0.763210506075939,0.951941309255079,False,False,True,TARGET_CUT_RISK_UNRESOLVED / INCONCLUSIVE_RESEARCH
M2_LOW_PROFIT_ONLY,1500,-300,120000,False,False,False,False,-80656,-16.98736310025274,0.0,0.7985130111524164,0.7762401462035905,1.1804259769057774,False,False,True,TARGET_CUT_RISK_UNRESOLVED / INCONCLUSIVE_RESEARCH,-14240,-3.894967177242888,0.0,0.8380530973451328,0.8154337890925676,0.862607195974811,False,False,True,TARGET_CUT_RISK_UNRESOLVED / INCONCLUSIVE_RESEARCH
M2_LOW_PROFIT_ONLY,1500,-200,30000,False,False,False,False,-61307,-12.912173546756529,0.0,0.6726094003241491,0.6346135294118846,1.3887014739464396,False,False,True,TARGET_CUT_RISK_UNRESOLVED / INCONCLUSIVE_RESEARCH,-32820,-8.977024070021882,0.0,0.7508960573476703,0.7133775265677503,1.2077046082279401,False,False,True,TARGET_CUT_RISK_UNRESOLVED / INCONCLUSIVE_RESEARCH
M2_LOW_PROFIT_ONLY,1500,-200,60000,False,False,False,False,-101265,-21.327927548441448,0.0,0.7311715481171548,0.7021835096742128,1.625665533388928,False,False,True,TARGET_CUT_RISK_UNRESOLVED / INCONCLUSIVE_RESEARCH,-60617,-16.580142231947484,0.0,0.7887323943661971,0.7600572741226221,1.4772857751356556,False,False,True,TARGET_CUT_RISK_UNRESOLVED / INCONCLUSIVE_RESEARCH
M2_LOW_PROFIT_ONLY,1500,-200,120000,False,False,False,False,-117110,-24.665122156697556,0.0,0.8085603112840467,0.7861416306466815,1.7245906954125465,False,False,True,TARGET_CUT_RISK_UNRESOLVED / INCONCLUSIVE_RESEARCH,-55631,-15.216356673960613,0.0,0.8401109057301294,0.8170751861955714,1.3824249764500067,False,False,True,TARGET_CUT_RISK_UNRESOLVED / INCONCLUSIVE_RESEARCH
M2_LOW_PROFIT_ONLY,2000,-6000,30000,False,False,False,False,105306,22.179022746419545,0.0,0.6146118721461187,0.5854324233565373,0.3673141306737802,False,False,True,TARGET_CUT_RISK_UNRESOLVED / INCONCLUSIVE_RESEARCH,243870,66.70404814004377,0.0,0.6811751904243744,0.6503445722690463,0.23209808813652308,True,False,True,TARGET_CUT_RISK_UNRESOLVED / INCONCLUSIVE_RESEARCH
M2_LOW_PROFIT_ONLY,2000,-6000,60000,False,False,False,False,278727,58.70408593091828,0.0,0.6697490092470277,0.6456555918986935,0.42969751146226826,False,False,False,TARGET_CUT_RISK_UNRESOLVED / INCONCLUSIVE_RESEARCH,373549,102.17423413566739,0.0,0.7167449139280125,0.691420623983942,0.3439719172158436,False,False,True,TARGET_CUT_RISK_UNRESOLVED / INCONCLUSIVE_RESEARCH
M2_LOW_PROFIT_ONLY,2000,-6000,120000,False,False,False,False,493530,103.94481887110362,0.0,0.7408390865639937,0.7205717489164434,0.45760360237914943,False,False,False,TARGET_CUT_RISK_UNRESOLVED / INCONCLUSIVE_RESEARCH,483534,132.25765864332604,0.0,0.7620599739243807,0.7401128930796428,0.41019612434419694,False,False,True,TARGET_CUT_RISK_UNRESOLVED / INCONCLUSIVE_RESEARCH
M2_LOW_PROFIT_ONLY,2000,-5000,30000,False,False,False,False,100582,21.18407750631845,0.0,0.6163113994439295,0.5869320598374747,0.3803036811133542,False,False,True,TARGET_CUT_RISK_UNRESOLVED / INCONCLUSIVE_RESEARCH,218816,59.85120350109409,0.0,0.6796008869179601,0.6484422234992591,0.24705283745574694,True,False,True,TARGET_CUT_RISK_UNRESOLVED / INCONCLUSIVE_RESEARCH
M2_LOW_PROFIT_ONLY,2000,-5000,60000,False,False,False,False,245489,51.70366470092671,0.0,0.671571906354515,0.647352226916446,0.4536031385002021,False,False,True,TARGET_CUT_RISK_UNRESOLVED / INCONCLUSIVE_RESEARCH,349829,95.68626914660831,0.0,0.7182539682539683,0.6927806827598174,0.3465840554841863,False,False,True,TARGET_CUT_RISK_UNRESOLVED / INCONCLUSIVE_RESEARCH
M2_LOW_PROFIT_ONLY,2000,-5000,120000,False,False,False,False,461774,97.25652906486941,0.0,0.7446351931330472,0.7243500372479669,0.47484858695265686,False,False,True,TARGET_CUT_RISK_UNRESOLVED / INCONCLUSIVE_RESEARCH,453593,124.06810722100657,0.0,0.7635402906208718,0.7414867536175204,0.4186248280657205,False,False,True,TARGET_CUT_RISK_UNRESOLVED / INCONCLUSIVE_RESEARCH
M2_LOW_PROFIT_ONLY,2000,-3000,30000,False,False,False,False,50153,10.562973883740522,0.0,0.6172106824925816,0.5868585919181486,0.4306112466809284,False,False,True,TARGET_CUT_RISK_UNRESOLVED / INCONCLUSIVE_RESEARCH,146077,39.955415754923415,0.0,0.6784037558685446,0.6462994673619689,0.26337741242760304,False,False,True,TARGET_CUT_RISK_UNRESOLVED / INCONCLUSIVE_RESEARCH
M2_LOW_PROFIT_ONLY,2000,-3000,60000,False,False,False,False,111771,23.540648694187027,0.0,0.6706713780918728,0.6457508773149383,0.5386070780039489,False,False,True,TARGET_CUT_RISK_UNRESOLVED / INCONCLUSIVE_RESEARCH,226779,62.02926695842451,0.0,0.7246861924686192,0.6986713734393598,0.3856357687963665,False,False,True,TARGET_CUT_RISK_UNRESOLVED / INCONCLUSIVE_RESEARCH
M2_LOW_PROFIT_ONLY,2000,-3000,120000,False,False,False,False,256185,53.956402695871944,0.0,0.7478944413250983,0.7272091960330819,0.5624330918484235,False,False,True,TARGET_CUT_RISK_UNRESOLVED / INCONCLUSIVE_RESEARCH,334143,91.39578774617068,0.0,0.7792387543252595,0.7571288412622837,0.44185280911351354,False,False,True,TARGET_CUT_RISK_UNRESOLVED / INCONCLUSIVE_RESEARCH
M2_LOW_PROFIT_ONLY,2000,-2000,30000,False,False,False,False,230,0.04844144903117102,0.0,0.6217948717948718,0.5902897471110837,0.5008199660871775,False,False,True,TARGET_CUT_RISK_UNRESOLVED / INCONCLUSIVE_RESEARCH,81265,22.227844638949673,0.0,0.6932668329177057,0.6604936067978873,0.31365651626557683,False,False,True,TARGET_CUT_RISK_UNRESOLVED / INCONCLUSIVE_RESEARCH
M2_LOW_PROFIT_ONLY,2000,-2000,60000,False,False,False,False,27645,5.822451558550969,0.0,0.6772727272727272,0.6515687819289804,0.6034673536965013,False,False,True,TARGET_CUT_RISK_UNRESOLVED / INCONCLUSIVE_RESEARCH,145004,39.661925601750546,0.0,0.7418788410886743,0.7156820292652128,0.4316143799649926,False,False,True,TARGET_CUT_RISK_UNRESOLVED / INCONCLUSIVE_RESEARCH
M2_LOW_PROFIT_ONLY,2000,-2000,120000,False,False,False,False,121989,25.692712721145746,0.0,0.7546048722519311,0.7334814479638653,0.6402748588766076,False,False,True,TARGET_CUT_RISK_UNRESOLVED / INCONCLUSIVE_RESEARCH,231090,63.20842450765864,0.0,0.7943722943722944,0.7722950777648132,0.490722569433961,False,False,True,TARGET_CUT_RISK_UNRESOLVED / INCONCLUSIVE_RESEARCH
M2_LOW_PROFIT_ONLY,2000,-1500,30000,False,False,False,False,-24721,-5.206613310867734,0.0,0.6283482142857143,0.5962212611906751,0.5557028348485038,False,False,True,TARGET_CUT_RISK_UNRESOLVED / INCONCLUSIVE_RESEARCH,78555,21.486597374179432,0.0,0.7169069462647444,0.6839164933321387,0.31526697895338834,False,False,True,TARGET_CUT_RISK_UNRESOLVED / INCONCLUSIVE_RESEARCH
M2_LOW_PROFIT_ONLY,2000,-1500,60000,False,False,False,False,-28591,-6.021693344566133,0.0,0.6821036106750392,0.6560187275543419,0.6817097682576616,False,False,True,TARGET_CUT_RISK_UNRESOLVED / INCONCLUSIVE_RESEARCH,98480,26.936542669584245,0.0,0.753199268738574,0.7267940237432573,0.4577641191504761,False,False,True,TARGET_CUT_RISK_UNRESOLVED / INCONCLUSIVE_RESEARCH
M2_LOW_PROFIT_ONLY,2000,-1500,120000,False,False,False,False,54726,11.526116259477675,0.0,0.7614678899082569,0.7402121244677883,0.7004700383155078,False,False,True,TARGET_CUT_RISK_UNRESOLVED / INCONCLUSIVE_RESEARCH,178026,48.69420131291029,0.0,0.806282722513089,0.7842332990929568,0.49627699566495237,False,False,True,TARGET_CUT_RISK_UNRESOLVED / INCONCLUSIVE_RESEARCH
M2_LOW_PROFIT_ONLY,2000,-1000,30000,False,False,False,False,-27459,-5.783277169334457,0.0,0.6403940886699507,0.606797113518319,0.5928177158627941,False,False,True,TARGET_CUT_RISK_UNRESOLVED / INCONCLUSIVE_RESEARCH,36522,9.98960612691466,0.0,0.7223021582733813,0.6878526340495502,0.38232410505288184,False,False,True,TARGET_CUT_RISK_UNRESOLVED / INCONCLUSIVE_RESEARCH
M2_LOW_PROFIT_ONLY,2000,-1000,60000,False,False,False,False,-40329,-8.493892165122157,0.0,0.6938083121289228,0.6669049063159315,0.7116699914505558,False,False,True,TARGET_CUT_RISK_UNRESOLVED / INCONCLUSIVE_RESEARCH,43331,11.852024070021882,0.0,0.7625122669283612,0.735428906899506,0.545163825577929,False,False,True,TARGET_CUT_RISK_UNRESOLVED / INCONCLUSIVE_RESEARCH
M2_LOW_PROFIT_ONLY,2000,-1000,120000,False,False,False,False,21600,4.549283909014322,0.0,0.7731421121251629,0.7515172672705599,0.7081657931047045,False,False,True,TARGET_CUT_RISK_UNRESOLVED / INCONCLUSIVE_RESEARCH,102600,28.063457330415755,0.0,0.8160190325138779,0.7936843093356134,0.5699921515614482,False,False,True,TARGET_CUT_RISK_UNRESOLVED / INCONCLUSIVE_RESEARCH
M2_LOW_PROFIT_ONLY,2000,-700,30000,False,False,False,False,-33525,-7.060867733782645,0.0,0.6558441558441559,0.6215881715544367,0.5930581860816839,False,False,True,TARGET_CUT_RISK_UNRESOLVED / INCONCLUSIVE_RESEARCH,3716,1.0164113785557987,0.0,0.718796992481203,0.6834450212901229,0.48446806784062324,False,False,True,TARGET_CUT_RISK_UNRESOLVED / INCONCLUSIVE_RESEARCH
M2_LOW_PROFIT_ONLY,2000,-700,60000,False,False,False,False,-59709,-12.575610783487784,0.0,0.7073386383731212,0.6801560927233639,0.7462027707255365,False,False,True,TARGET_CUT_RISK_UNRESOLVED / INCONCLUSIVE_RESEARCH,-3911,-1.0697483588621444,0.0,0.7657841140529531,0.7382915550378442,0.6720470041031262,False,False,True,TARGET_CUT_RISK_UNRESOLVED / INCONCLUSIVE_RESEARCH
M2_LOW_PROFIT_ONLY,2000,-700,120000,False,False,False,False,-9771,-2.0579191238416175,0.0,0.7852802160702228,0.7636430719324532,0.7426872397467343,False,False,True,TARGET_CUT_RISK_UNRESOLVED / INCONCLUSIVE_RESEARCH,41023,11.220733041575492,0.0,0.8198198198198198,0.7972695176450276,0.6780528721004223,False,False,True,TARGET_CUT_RISK_UNRESOLVED / INCONCLUSIVE_RESEARCH
M2_LOW_PROFIT_ONLY,2000,-500,30000,False,False,False,False,-44491,-9.370471777590565,0.0,0.6693877551020408,0.634574457290385,0.6783262474002908,False,False,True,TARGET_CUT_RISK_UNRESOLVED / INCONCLUSIVE_RESEARCH,-2287,-0.62554704595186,0.0,0.7397476340694006,0.7042220549022555,0.47842651581145895,False,False,True,TARGET_CUT_RISK_UNRESOLVED / INCONCLUSIVE_RESEARCH
M2_LOW_PROFIT_ONLY,2000,-500,60000,False,False,False,False,-82633,-17.40374894692502,0.0,0.7176901924839597,0.6902527570605534,0.8539243004760246,False,False,True,TARGET_CUT_RISK_UNRESOLVED / INCONCLUSIVE_RESEARCH,-19867,-5.434080962800875,0.0,0.783068783068783,0.7556729244639985,0.7294072596086019,False,False,True,TARGET_CUT_RISK_UNRESOLVED / INCONCLUSIVE_RESEARCH
M2_LOW_PROFIT_ONLY,2000,-500,120000,False,False,False,False,-49789,-10.486310025273799,0.0,0.793440334961619,0.771708494286245,0.843889777540804,False,False,True,TARGET_CUT_RISK_UNRESOLVED / INCONCLUSIVE_RESEARCH,16889,4.6195295404814,0.0,0.8336148648648649,0.8113293320451879,0.7188371538953849,False,False,True,TARGET_CUT_RISK_UNRESOLVED / INCONCLUSIVE_RESEARCH
M2_LOW_PROFIT_ONLY,2000,-300,30000,False,False,False,False,-66171,-13.936604886267903,0.0,0.6716417910447762,0.6351919714187451,1.0298977304136852,False,False,True,TARGET_CUT_RISK_UNRESOLVED / INCONCLUSIVE_RESEARCH,-23816,-6.514223194748359,0.0,0.7546218487394958,0.7184850906301807,0.6640548313213591,False,False,True,TARGET_CUT_RISK_UNRESOLVED / INCONCLUSIVE_RESEARCH
M2_LOW_PROFIT_ONLY,2000,-300,60000,False,False,False,False,-114830,-24.1849199663016,0.0,0.7226061204343535,0.6942340597405712,1.2009571686334295,False,False,True,TARGET_CUT_RISK_UNRESOLVED / INCONCLUSIVE_RESEARCH,-48481,-13.260667396061269,0.0,0.7957589285714286,0.7681253738406131,1.0096830496603706,False,False,True,TARGET_CUT_RISK_UNRESOLVED / INCONCLUSIVE_RESEARCH
M2_LOW_PROFIT_ONLY,2000,-300,120000,False,False,False,False,-108584,-22.869418702611625,0.0,0.8060921248142645,0.7841120678674178,1.215362367206185,False,False,True,TARGET_CUT_RISK_UNRESOLVED / INCONCLUSIVE_RESEARCH,-36507,-9.985503282275712,0.0,0.8426171529619806,0.8202384315502149,0.9972553251384066,False,False,True,TARGET_CUT_RISK_UNRESOLVED / INCONCLUSIVE_RESEARCH
M2_LOW_PROFIT_ONLY,2000,-200,30000,False,False,False,False,-72710,-15.313816343723673,0.0,0.6747572815533981,0.6368417120066555,1.3868988264171205,False,False,True,TARGET_CUT_RISK_UNRESOLVED / INCONCLUSIVE_RESEARCH,-41133,-11.25082056892779,0.0,0.7531305903398927,0.7157386206847454,1.0522055037473539,False,False,True,TARGET_CUT_RISK_UNRESOLVED / INCONCLUSIVE_RESEARCH
M2_LOW_PROFIT_ONLY,2000,-200,60000,False,False,False,False,-121531,-25.59625105307498,0.0,0.7335423197492164,0.7046387049102218,1.5696888114656742,False,False,True,TARGET_CUT_RISK_UNRESOLVED / INCONCLUSIVE_RESEARCH,-75453,-20.63812910284464,0.0,0.7936694021101993,0.7652251869433837,1.5834670361726955,False,False,True,TARGET_CUT_RISK_UNRESOLVED / INCONCLUSIVE_RESEARCH
M2_LOW_PROFIT_ONLY,2000,-200,120000,False,False,False,False,-135590,-28.557287278854254,0.0,0.8178988326848249,0.7958605110502784,1.69963621750809,False,False,True,TARGET_CUT_RISK_UNRESOLVED / INCONCLUSIVE_RESEARCH,-76823,-21.01285557986871,0.0,0.8448753462603878,0.8220989414333659,1.613578933368799,False,False,True,TARGET_CUT_RISK_UNRESOLVED / INCONCLUSIVE_RESEARCH
M2_LOW_PROFIT_ONLY,3000,-6000,30000,False,False,False,False,70912,14.935130581297388,0.0,0.6158038147138964,0.5867172454172105,0.31576146020322876,False,False,True,TARGET_CUT_RISK_UNRESOLVED / INCONCLUSIVE_RESEARCH,223893,61.23987964989059,0.0,0.6822125813449024,0.651454848983877,0.20028029764558009,True,True,True,INCONCLUSIVE_RESEARCH
M2_LOW_PROFIT_ONLY,3000,-6000,60000,False,False,False,False,214853,45.25126368997473,0.0,0.672346002621232,0.648389706632126,0.4366770433391345,False,False,True,TARGET_CUT_RISK_UNRESOLVED / INCONCLUSIVE_RESEARCH,363754,99.49507658643326,0.0,0.7216174183514774,0.696488597041761,0.3034297340330024,False,False,True,TARGET_CUT_RISK_UNRESOLVED / INCONCLUSIVE_RESEARCH
M2_LOW_PROFIT_ONLY,3000,-6000,120000,False,False,False,False,415264,87.46082561078349,0.0,0.746441750131787,0.7263799306574384,0.4752326503681013,False,False,True,TARGET_CUT_RISK_UNRESOLVED / INCONCLUSIVE_RESEARCH,480801,131.51012035010942,0.0,0.7731691510045366,0.7516101634972807,0.3891034302007691,False,False,True,TARGET_CUT_RISK_UNRESOLVED / INCONCLUSIVE_RESEARCH
M2_LOW_PROFIT_ONLY,3000,-5000,30000,False,False,False,False,66188,13.940185341196294,0.0,0.6175115207373272,0.588227237744257,0.32664652669174743,False,False,True,TARGET_CUT_RISK_UNRESOLVED / INCONCLUSIVE_RESEARCH,198839,54.38703501094092,0.0,0.6806629834254143,0.6495791327474267,0.213123090400188,True,False,True,TARGET_CUT_RISK_UNRESOLVED / INCONCLUSIVE_RESEARCH
M2_LOW_PROFIT_ONLY,3000,-5000,60000,False,False,False,False,179929,37.89574557708509,0.0,0.6741871267418713,0.650107408779104,0.4610121284621872,False,False,True,TARGET_CUT_RISK_UNRESOLVED / INCONCLUSIVE_RESEARCH,336318,91.99070021881838,0.0,0.723186119873817,0.6979132223901489,0.311773859572065,False,False,True,TARGET_CUT_RISK_UNRESOLVED / INCONCLUSIVE_RESEARCH
M2_LOW_PROFIT_ONLY,3000,-5000,120000,False,False,False,False,378334,79.68281381634372,0.0,0.7502662406815761,0.7301916631392608,0.4975230166985553,False,False,True,TARGET_CUT_RISK_UNRESOLVED / INCONCLUSIVE_RESEARCH,447186,122.31564551422319,0.0,0.7746386333771353,0.7529713916412639,0.3962620449920707,False,False,True,TARGET_CUT_RISK_UNRESOLVED / INCONCLUSIVE_RESEARCH
M2_LOW_PROFIT_ONLY,3000,-3000,30000,False,False,False,False,21368,4.500421229991575,0.0,0.6190944881889764,0.5888389075574041,0.35735279452903174,False,False,True,TARGET_CUT_RISK_UNRESOLVED / INCONCLUSIVE_RESEARCH,128593,35.173140043763674,0.0,0.6795321637426901,0.6475091717713134,0.22353224517499207,True,False,True,TARGET_CUT_RISK_UNRESOLVED / INCONCLUSIVE_RESEARCH
M2_LOW_PROFIT_ONLY,3000,-3000,60000,False,False,False,False,51527,10.852358887952823,0.0,0.6746143057503506,0.6498560395670676,0.54181512090603,False,False,True,TARGET_CUT_RISK_UNRESOLVED / INCONCLUSIVE_RESEARCH,211685,57.90071115973742,0.0,0.7298420615128844,0.7040475539529647,0.33396092614847006,False,False,True,TARGET_CUT_RISK_UNRESOLVED / INCONCLUSIVE_RESEARCH
M2_LOW_PROFIT_ONLY,3000,-3000,120000,False,False,False,False,172612,36.35467565290649,0.0,0.754180602006689,0.7337271020264986,0.589997833025118,False,False,True,TARGET_CUT_RISK_UNRESOLVED / INCONCLUSIVE_RESEARCH,322812,88.2964989059081,0.0,0.7900894700619409,0.7683984872434975,0.4114803018915961,False,False,True,TARGET_CUT_RISK_UNRESOLVED / INCONCLUSIVE_RESEARCH
M2_LOW_PROFIT_ONLY,3000,-2000,30000,False,False,False,False,-28565,-6.0162173546756526,0.0,0.6234042553191489,0.5919863404548831,0.4111192991075084,False,False,True,TARGET_CUT_RISK_UNRESOLVED / INCONCLUSIVE_RESEARCH,64649,17.682986870897157,0.0,0.6940298507462687,0.6613167518369892,0.25436953807740326,False,False,True,TARGET_CUT_RISK_UNRESOLVED / INCONCLUSIVE_RESEARCH
M2_LOW_PROFIT_ONLY,3000,-2000,60000,False,False,False,False,-31624,-6.660488626790228,0.0,0.6814759036144579,0.6559252131441109,0.6179699067589739,False,False,True,TARGET_CUT_RISK_UNRESOLVED / INCONCLUSIVE_RESEARCH,128178,35.05962800875273,0.0,0.7469458987783595,0.7209780490749117,0.3873868781969205,False,False,True,TARGET_CUT_RISK_UNRESOLVED / INCONCLUSIVE_RESEARCH
M2_LOW_PROFIT_ONLY,3000,-2000,120000,False,False,False,False,38372,8.081718618365628,0.0,0.761370348493798,0.7404890858168772,0.6731846810575894,False,False,True,TARGET_CUT_RISK_UNRESOLVED / INCONCLUSIVE_RESEARCH,219085,59.92478118161926,0.0,0.805316091954023,0.7836868543871481,0.4503272338292683,False,False,True,TARGET_CUT_RISK_UNRESOLVED / INCONCLUSIVE_RESEARCH
M2_LOW_PROFIT_ONLY,3000,-1500,30000,False,False,False,False,-47085,-9.916807076663858,0.0,0.6302895322939867,0.5982243455974786,0.4176123337918386,False,False,True,TARGET_CUT_RISK_UNRESOLVED / INCONCLUSIVE_RESEARCH,60830,16.638402625820568,0.0,0.7163398692810458,0.6833774861323186,0.2482607373952317,True,False,True,TARGET_CUT_RISK_UNRESOLVED / INCONCLUSIVE_RESEARCH
M2_LOW_PROFIT_ONLY,3000,-1500,60000,False,False,False,False,-75520,-15.90564448188711,0.0,0.6872556684910086,0.6613190277193424,0.6643655425270318,False,False,True,TARGET_CUT_RISK_UNRESOLVED / INCONCLUSIVE_RESEARCH,79789,21.824124726477024,0.0,0.7572727272727273,0.731069728638164,0.422351098552058,False,False,True,TARGET_CUT_RISK_UNRESOLVED / INCONCLUSIVE_RESEARCH
M2_LOW_PROFIT_ONLY,3000,-1500,120000,False,False,False,False,-8833,-1.8603622577927548,0.0,0.7701219512195122,0.7491411182930001,0.7130904490659241,False,False,True,TARGET_CUT_RISK_UNRESOLVED / INCONCLUSIVE_RESEARCH,172864,47.282275711159734,0.0,0.8174366616989568,0.7958718921439552,0.434810521658054,False,False,True,TARGET_CUT_RISK_UNRESOLVED / INCONCLUSIVE_RESEARCH
M2_LOW_PROFIT_ONLY,3000,-1000,30000,False,False,False,False,-45518,-9.586773378264532,0.0,0.6425061425061425,0.6089836608696092,0.41906179069554295,False,False,True,TARGET_CUT_RISK_UNRESOLVED / INCONCLUSIVE_RESEARCH,21389,5.850382932166302,0.0,0.7216642754662841,0.6872459883449284,0.309125630716103,False,False,True,TARGET_CUT_RISK_UNRESOLVED / INCONCLUSIVE_RESEARCH
M2_LOW_PROFIT_ONLY,3000,-1000,60000,False,False,False,False,-79038,-16.646588037068238,0.0,0.6996615905245347,0.672916173686094,0.6974952720743794,False,False,True,TARGET_CUT_RISK_UNRESOLVED / INCONCLUSIVE_RESEARCH,28787,7.87390590809628,0.0,0.7683284457478006,0.7414999608622052,0.4963180208564122,False,False,True,TARGET_CUT_RISK_UNRESOLVED / INCONCLUSIVE_RESEARCH
M2_LOW_PROFIT_ONLY,3000,-1000,120000,False,False,False,False,-33079,-6.966933445661331,0.0,0.7807417046193884,0.759371339874024,0.726018136156385,False,False,True,TARGET_CUT_RISK_UNRESOLVED / INCONCLUSIVE_RESEARCH,97456,26.65645514223195,0.0,0.8283227848101266,0.8065468264868655,0.48765392388641393,False,False,True,TARGET_CUT_RISK_UNRESOLVED / INCONCLUSIVE_RESEARCH
M2_LOW_PROFIT_ONLY,3000,-700,30000,False,False,False,False,-56048,-11.804549283909015,0.0,0.6567357512953368,0.6225410911121334,0.5072985677763422,False,False,True,TARGET_CUT_RISK_UNRESOLVED / INCONCLUSIVE_RESEARCH,-10618,-2.9042669584245075,0.0,0.7192192192192193,0.6839076766409391,0.3799348091590705,False,False,True,TARGET_CUT_RISK_UNRESOLVED / INCONCLUSIVE_RESEARCH
M2_LOW_PROFIT_ONLY,3000,-700,60000,False,False,False,False,-102392,-21.565290648694187,0.0,0.7116402116402116,0.6845948516109454,0.7586770953953174,False,False,True,TARGET_CUT_RISK_UNRESOLVED / INCONCLUSIVE_RESEARCH,-15739,-4.304978118161926,0.0,0.7725888324873097,0.7453829093434949,0.6048100397273283,False,False,True,TARGET_CUT_RISK_UNRESOLVED / INCONCLUSIVE_RESEARCH
M2_LOW_PROFIT_ONLY,3000,-700,120000,False,False,False,False,-68185,-14.36078348778433,0.0,0.7911051212938005,0.7696836316670861,0.7911733829766388,False,False,True,TARGET_CUT_RISK_UNRESOLVED / INCONCLUSIVE_RESEARCH,37539,10.26777899343545,0.0,0.8323793949304987,0.8104112240830567,0.5633964748960899,False,False,True,TARGET_CUT_RISK_UNRESOLVED / INCONCLUSIVE_RESEARCH
M2_LOW_PROFIT_ONLY,3000,-500,30000,False,False,False,False,-67897,-14.300126368997473,0.0,0.6689280868385346,0.6341535802881665,0.6138546831829909,False,False,True,TARGET_CUT_RISK_UNRESOLVED / INCONCLUSIVE_RESEARCH,-15606,-4.268599562363239,0.0,0.7401574803149606,0.7046756944854949,0.41655321198919215,False,False,True,TARGET_CUT_RISK_UNRESOLVED / INCONCLUSIVE_RESEARCH
M2_LOW_PROFIT_ONLY,3000,-500,60000,False,False,False,False,-120385,-25.354886267902273,0.0,0.7212065813528337,0.6938966333474172,0.856747897962092,False,False,True,TARGET_CUT_RISK_UNRESOLVED / INCONCLUSIVE_RESEARCH,-35754,-9.779540481400439,0.0,0.7888067581837381,0.761670785628181,0.6917864205669084,False,False,True,TARGET_CUT_RISK_UNRESOLVED / INCONCLUSIVE_RESEARCH
M2_LOW_PROFIT_ONLY,3000,-500,120000,False,False,False,False,-104768,-22.06571187868576,0.0,0.7980501392757661,0.7765035820945035,0.8967167813812412,False,False,True,TARGET_CUT_RISK_UNRESOLVED / INCONCLUSIVE_RESEARCH,8890,2.4316192560175054,0.0,0.8438818565400844,0.8221081998626423,0.6047765758468001,False,False,True,TARGET_CUT_RISK_UNRESOLVED / INCONCLUSIVE_RESEARCH
M2_LOW_PROFIT_ONLY,3000,-300,30000,False,False,False,False,-86764,-18.27379949452401,0.0,0.6721311475409836,0.6357197373597334,0.8763613068545804,False,False,True,TARGET_CUT_RISK_UNRESOLVED / INCONCLUSIVE_RESEARCH,-35473,-9.702680525164114,0.0,0.7550335570469798,0.7189450920820182,0.5718024657345547,False,False,True,TARGET_CUT_RISK_UNRESOLVED / INCONCLUSIVE_RESEARCH
M2_LOW_PROFIT_ONLY,3000,-300,60000,False,False,False,False,-146001,-30.75,0.0,0.7261083743842365,0.6978593401926155,1.2423346598446088,False,False,True,TARGET_CUT_RISK_UNRESOLVED / INCONCLUSIVE_RESEARCH,-64436,-17.62472647702407,0.0,0.799554565701559,0.7721195158111493,0.9716757253310878,False,False,True,TARGET_CUT_RISK_UNRESOLVED / INCONCLUSIVE_RESEARCH
M2_LOW_PROFIT_ONLY,3000,-300,120000,False,False,False,False,-157235,-33.11604886267902,0.0,0.8100890207715133,0.7882806170324193,1.300337081386293,False,False,True,TARGET_CUT_RISK_UNRESOLVED / INCONCLUSIVE_RESEARCH,-50671,-13.85968271334792,0.0,0.8498233215547704,0.8278308868159479,0.8946421048600207,False,False,True,TARGET_CUT_RISK_UNRESOLVED / INCONCLUSIVE_RESEARCH
M2_LOW_PROFIT_ONLY,3000,-200,30000,False,False,False,False,-85980,-18.108677337826453,0.0,0.6763754045307443,0.638497217851807,1.0605054371245342,False,False,True,TARGET_CUT_RISK_UNRESOLVED / INCONCLUSIVE_RESEARCH,-51797,-14.167669584245077,0.0,0.7531305903398927,0.7157386206847454,0.8704731391956062,False,False,True,TARGET_CUT_RISK_UNRESOLVED / INCONCLUSIVE_RESEARCH
M2_LOW_PROFIT_ONLY,3000,-200,60000,False,False,False,False,-142816,-30.079191238416175,0.0,0.7369519832985386,0.7081646519939264,1.5515266581592952,False,False,True,TARGET_CUT_RISK_UNRESOLVED / INCONCLUSIVE_RESEARCH,-89815,-24.566466083150985,0.0,0.797423887587822,0.7691633221709546,1.4818079419284476,False,False,True,TARGET_CUT_RISK_UNRESOLVED / INCONCLUSIVE_RESEARCH
M2_LOW_PROFIT_ONLY,3000,-200,120000,False,False,False,False,-173804,-36.60572872788543,0.0,0.8219284603421462,0.800069421904854,1.7996566612911615,False,False,True,TARGET_CUT_RISK_UNRESOLVED / INCONCLUSIVE_RESEARCH,-90058,-24.63293216630197,0.0,0.8522622345337026,0.8298845807508274,1.438315986191502,False,False,True,TARGET_CUT_RISK_UNRESOLVED / INCONCLUSIVE_RESEARCH
M2_LOW_PROFIT_ONLY,5000,-6000,30000,False,False,False,False,35160,7.405223251895535,0.0,0.6157323688969258,0.5867115623136844,0.22751480465800247,True,False,True,TARGET_CUT_RISK_UNRESOLVED / INCONCLUSIVE_RESEARCH,198368,54.2582056892779,0.0,0.6836403033586133,0.6529296401278541,0.15620930069720218,True,False,True,TARGET_CUT_RISK_UNRESOLVED / INCONCLUSIVE_RESEARCH
M2_LOW_PROFIT_ONLY,5000,-6000,60000,False,False,False,False,117240,24.69250210614996,0.0,0.6747066492829205,0.6508515380707374,0.36131809740160126,False,False,True,TARGET_CUT_RISK_UNRESOLVED / INCONCLUSIVE_RESEARCH,341764,93.48030634573304,0.0,0.7269200930954228,0.701950051663916,0.2501548030696231,False,False,True,TARGET_CUT_RISK_UNRESOLVED / INCONCLUSIVE_RESEARCH
M2_LOW_PROFIT_ONLY,5000,-6000,120000,False,False,False,False,333945,70.33382476832351,0.0,0.7553805774278215,0.7355760359064936,0.433374520195242,False,False,True,TARGET_CUT_RISK_UNRESOLVED / INCONCLUSIVE_RESEARCH,446365,122.09108315098469,0.0,0.7810077519379846,0.759724124118537,0.3741101697495557,False,False,True,TARGET_CUT_RISK_UNRESOLVED / INCONCLUSIVE_RESEARCH
M2_LOW_PROFIT_ONLY,5000,-5000,30000,False,False,False,False,28436,5.989048020219039,0.0,0.6174311926605505,0.588214011913738,0.236181650899219,True,False,True,TARGET_CUT_RISK_UNRESOLVED / INCONCLUSIVE_RESEARCH,178365,48.786925601750546,0.0,0.6832229580573952,0.6522105052136659,0.16537576061794051,True,False,True,TARGET_CUT_RISK_UNRESOLVED / INCONCLUSIVE_RESEARCH
M2_LOW_PROFIT_ONLY,5000,-5000,60000,False,False,False,False,79300,16.701769165964617,0.0,0.6763540290620872,0.652366147695441,0.3822768345323741,False,False,True,TARGET_CUT_RISK_UNRESOLVED / INCONCLUSIVE_RESEARCH,322091,88.09928884026259,0.0,0.7293469708890638,0.7042571195526148,0.25445556543574704,False,False,True,TARGET_CUT_RISK_UNRESOLVED / INCONCLUSIVE_RESEARCH
M2_LOW_PROFIT_ONLY,5000,-5000,120000,False,False,False,False,289489,60.97072451558551,0.0,0.7591511936339522,0.7393334014599436,0.45548575722980006,False,False,True,TARGET_CUT_RISK_UNRESOLVED / INCONCLUSIVE_RESEARCH,422879,115.66712253829321,0.0,0.7832351015062213,0.7618714667007525,0.37007102194724606,False,False,True,TARGET_CUT_RISK_UNRESOLVED / INCONCLUSIVE_RESEARCH
M2_LOW_PROFIT_ONLY,5000,-3000,30000,False,False,False,False,-15522,-3.269165964616681,0.0,0.6186274509803922,0.5884266968622921,0.25203343053530514,False,False,True,TARGET_CUT_RISK_UNRESOLVED / INCONCLUSIVE_RESEARCH,110663,30.26887308533917,0.0,0.6822429906542056,0.6502969697420393,0.16901718878824076,True,False,True,TARGET_CUT_RISK_UNRESOLVED / INCONCLUSIVE_RESEARCH
M2_LOW_PROFIT_ONLY,5000,-3000,60000,False,False,False,False,-44279,-9.325821398483573,0.0,0.676923076923077,0.6522385953823489,0.4251860780473105,False,False,True,TARGET_CUT_RISK_UNRESOLVED / INCONCLUSIVE_RESEARCH,185977,50.86898249452954,0.0,0.7360995850622407,0.7104922528434258,0.2740749400450413,False,False,True,TARGET_CUT_RISK_UNRESOLVED / INCONCLUSIVE_RESEARCH
M2_LOW_PROFIT_ONLY,5000,-3000,120000,False,False,False,False,80744,17.005897219882055,0.0,0.7630700778642937,0.7428684250999166,0.5349357376888446,False,False,True,TARGET_CUT_RISK_UNRESOLVED / INCONCLUSIVE_RESEARCH,284208,77.73741794310722,0.0,0.7987637362637363,0.7773961772052022,0.39012039829575373,False,False,True,TARGET_CUT_RISK_UNRESOLVED / INCONCLUSIVE_RESEARCH
M2_LOW_PROFIT_ONLY,5000,-2000,30000,False,False,False,False,-60111,-12.66027801179444,0.0,0.623541887592789,0.5921762592065093,0.2545692348352907,False,False,True,TARGET_CUT_RISK_UNRESOLVED / INCONCLUSIVE_RESEARCH,45608,12.474835886214443,0.0,0.6965174129353234,0.6638648813212431,0.19619479587679417,True,False,True,TARGET_CUT_RISK_UNRESOLVED / INCONCLUSIVE_RESEARCH
M2_LOW_PROFIT_ONLY,5000,-2000,60000,False,False,False,False,-117769,-24.80391743892165,0.0,0.6842105263157895,0.6587290049886786,0.49297044370930165,False,False,True,TARGET_CUT_RISK_UNRESOLVED / INCONCLUSIVE_RESEARCH,103459,28.298413566739605,0.0,0.7530541012216405,0.7272688940317485,0.3210691770173071,False,False,True,TARGET_CUT_RISK_UNRESOLVED / INCONCLUSIVE_RESEARCH
M2_LOW_PROFIT_ONLY,5000,-2000,120000,False,False,False,False,-33777,-7.113942712721146,0.0,0.7709563164108618,0.750345669167882,0.6016555923137425,False,False,True,TARGET_CUT_RISK_UNRESOLVED / INCONCLUSIVE_RESEARCH,191070,52.26203501094092,0.0,0.8139367816091954,0.7926392364220881,0.4086567655988891,False,False,True,TARGET_CUT_RISK_UNRESOLVED / INCONCLUSIVE_RESEARCH
M2_LOW_PROFIT_ONLY,5000,-1500,30000,False,True,False,False,-72398,-15.24810446503791,0.0,0.6304106548279689,0.5984012112655843,0.22592010936343,True,False,True,TARGET_CUT_RISK_UNRESOLVED / INCONCLUSIVE_RESEARCH,41241,11.280361050328228,0.0,0.7176470588235294,0.68472240656596,0.17601252184168195,True,True,True,PROMISING_OFFLINE_ONLY
M2_LOW_PROFIT_ONLY,5000,-1500,60000,False,False,False,False,-148396,-31.25442291491154,0.0,0.6908665105386417,0.6650200970809064,0.5243700810241139,False,False,True,TARGET_CUT_RISK_UNRESOLVED / INCONCLUSIVE_RESEARCH,57665,15.772702407002189,0.0,0.7625113739763422,0.7364651746749339,0.3551720409762954,False,False,True,TARGET_CUT_RISK_UNRESOLVED / INCONCLUSIVE_RESEARCH
M2_LOW_PROFIT_ONLY,5000,-1500,120000,False,False,False,False,-59348,-12.499578770008425,0.0,0.7806215722120659,0.7599566855430364,0.6214513042799126,False,False,True,TARGET_CUT_RISK_UNRESOLVED / INCONCLUSIVE_RESEARCH,150200,41.08315098468271,0.0,0.8247576435495898,0.8034901585283946,0.39381742633754613,False,False,True,TARGET_CUT_RISK_UNRESOLVED / INCONCLUSIVE_RESEARCH
M2_LOW_PROFIT_ONLY,5000,-1000,30000,False,False,False,False,-70566,-14.862257792754844,0.0,0.6421568627450981,0.6086706992778044,0.29846382077550715,False,False,True,TARGET_CUT_RISK_UNRESOLVED / INCONCLUSIVE_RESEARCH,5270,1.4414660831509847,0.0,0.7230989956958394,0.6887252670174506,0.21818613485280153,True,False,True,TARGET_CUT_RISK_UNRESOLVED / INCONCLUSIVE_RESEARCH
M2_LOW_PROFIT_ONLY,5000,-1000,60000,False,False,False,False,-146231,-30.79844144903117,0.0,0.702451394759087,0.6757779566279573,0.5535881835627814,False,False,True,TARGET_CUT_RISK_UNRESOLVED / INCONCLUSIVE_RESEARCH,17835,4.87828227571116,0.0,0.7749510763209393,0.7483452842433445,0.3830413677436515,False,False,True,TARGET_CUT_RISK_UNRESOLVED / INCONCLUSIVE_RESEARCH
M2_LOW_PROFIT_ONLY,5000,-1000,120000,False,False,False,False,-78683,-16.571819713563606,0.0,0.7905009759271308,0.7694444067178118,0.6669109405048663,False,False,True,TARGET_CUT_RISK_UNRESOLVED / INCONCLUSIVE_RESEARCH,85460,23.37527352297593,0.0,0.836104513064133,0.8146753454355339,0.4217824235140321,False,False,True,TARGET_CUT_RISK_UNRESOLVED / INCONCLUSIVE_RESEARCH
M2_LOW_PROFIT_ONLY,5000,-700,30000,False,False,False,False,-77162,-16.251474304970515,0.0,0.6571798188874515,0.6230157603154332,0.3473213918620746,False,False,True,TARGET_CUT_RISK_UNRESOLVED / INCONCLUSIVE_RESEARCH,-26589,-7.272702407002188,0.0,0.7207207207207207,0.685455914463451,0.28903099900003226,False,False,True,TARGET_CUT_RISK_UNRESOLVED / INCONCLUSIVE_RESEARCH
M2_LOW_PROFIT_ONLY,5000,-700,60000,False,False,False,False,-159702,-33.63563605728728,0.0,0.7142857142857143,0.6873035149781275,0.6316643951790345,False,False,True,TARGET_CUT_RISK_UNRESOLVED / INCONCLUSIVE_RESEARCH,-27812,-7.607221006564552,0.0,0.7794715447154471,0.7525073749271171,0.47962000411123834,False,False,True,TARGET_CUT_RISK_UNRESOLVED / INCONCLUSIVE_RESEARCH
M2_LOW_PROFIT_ONLY,5000,-700,120000,False,False,False,False,-112671,-23.730202190395957,0.0,0.8010788941335132,0.7799955593986667,0.7271681524998973,False,False,True,TARGET_CUT_RISK_UNRESOLVED / INCONCLUSIVE_RESEARCH,31348,8.574398249452955,0.0,0.8404255319148937,0.8188305945786039,0.4737780765444886,False,False,True,TARGET_CUT_RISK_UNRESOLVED / INCONCLUSIVE_RESEARCH
M2_LOW_PROFIT_ONLY,5000,-500,30000,False,False,False,False,-87066,-18.337405223251896,0.0,0.6693766937669376,0.6346354569452509,0.4156045721798196,False,False,True,TARGET_CUT_RISK_UNRESOLVED / INCONCLUSIVE_RESEARCH,-29214,-7.990700218818381,0.0,0.7417322834645669,0.7063077231121253,0.3154100549800215,False,False,True,TARGET_CUT_RISK_UNRESOLVED / INCONCLUSIVE_RESEARCH
M2_LOW_PROFIT_ONLY,5000,-500,60000,False,False,False,False,-164022,-34.545492839090144,0.0,0.7239488117001828,0.6967095919981265,0.6595688048975247,False,False,True,TARGET_CUT_RISK_UNRESOLVED / INCONCLUSIVE_RESEARCH,-49092,-13.427789934354486,0.0,0.7949260042283298,0.7680287245005454,0.5659837614523465,False,False,True,TARGET_CUT_RISK_UNRESOLVED / INCONCLUSIVE_RESEARCH
M2_LOW_PROFIT_ONLY,5000,-500,120000,False,False,False,False,-136628,-28.775905644481888,0.0,0.8076655052264808,0.7864624591338667,0.7784080963387144,False,False,True,TARGET_CUT_RISK_UNRESOLVED / INCONCLUSIVE_RESEARCH,-4479,-1.225109409190372,0.0,0.8496621621621622,0.8281751346739284,0.5263947453778787,False,False,True,TARGET_CUT_RISK_UNRESOLVED / INCONCLUSIVE_RESEARCH
M2_LOW_PROFIT_ONLY,5000,-300,30000,False,False,False,False,-104216,-21.94945240101095,0.0,0.6726190476190477,0.636245984194734,0.6103707995365005,False,False,True,TARGET_CUT_RISK_UNRESOLVED / INCONCLUSIVE_RESEARCH,-45143,-12.347647702407002,0.0,0.7567114093959731,0.7206915758759151,0.429734955426655,False,False,True,TARGET_CUT_RISK_UNRESOLVED / INCONCLUSIVE_RESEARCH
M2_LOW_PROFIT_ONLY,5000,-300,60000,False,False,False,False,-184194,-38.79401853411963,0.0,0.729064039408867,0.7008962432047613,0.9036797556883518,False,False,True,TARGET_CUT_RISK_UNRESOLVED / INCONCLUSIVE_RESEARCH,-75439,-20.634299781181618,0.0,0.8049052396878483,0.7776950805272795,0.770304637194957,False,False,True,TARGET_CUT_RISK_UNRESOLVED / INCONCLUSIVE_RESEARCH
M2_LOW_PROFIT_ONLY,5000,-300,120000,False,False,False,False,-182634,-38.46545914069082,0.0,0.8195991091314031,0.7981648234670619,1.1148539688227916,False,False,True,TARGET_CUT_RISK_UNRESOLVED / INCONCLUSIVE_RESEARCH,-63301,-17.314277899343544,0.0,0.8549955791335102,0.8332728932297084,0.7676373734767895,False,False,True,TARGET_CUT_RISK_UNRESOLVED / INCONCLUSIVE_RESEARCH
M2_LOW_PROFIT_ONLY,5000,-200,30000,False,False,False,False,-101097,-21.292544229149115,0.0,0.6763754045307443,0.638497217851807,0.763808268484956,False,False,True,TARGET_CUT_RISK_UNRESOLVED / INCONCLUSIVE_RESEARCH,-59520,-16.280087527352297,0.0,0.7549194991055456,0.7176017955026825,0.576576321161261,False,False,True,TARGET_CUT_RISK_UNRESOLVED / INCONCLUSIVE_RESEARCH
M2_LOW_PROFIT_ONLY,5000,-200,60000,False,False,False,False,-169490,-35.69713563605729,0.0,0.7387669801462905,0.7100186902090837,1.0871873452204062,False,False,True,TARGET_CUT_RISK_UNRESOLVED / INCONCLUSIVE_RESEARCH,-97174,-26.579321663019694,0.0,0.8030480656506448,0.7750261532180878,1.082580165903182,False,False,True,TARGET_CUT_RISK_UNRESOLVED / INCONCLUSIVE_RESEARCH
M2_LOW_PROFIT_ONLY,5000,-200,120000,False,False,False,False,-196366,-41.357624262847516,0.0,0.8294392523364486,0.8078908047342493,1.5381456358287022,False,False,True,TARGET_CUT_RISK_UNRESOLVED / INCONCLUSIVE_RESEARCH,-99144,-27.11816192560175,0.0,0.8576709796672828,0.8355858692741518,1.1716535837712143,False,False,True,TARGET_CUT_RISK_UNRESOLVED / INCONCLUSIVE_RESEARCH
M2_LOW_PROFIT_ONLY,6000,-6000,30000,False,False,False,False,26696,5.622577927548441,0.0,0.6169828364950316,0.5879884871190809,0.21450710373839194,True,False,True,TARGET_CUT_RISK_UNRESOLVED / INCONCLUSIVE_RESEARCH,187503,51.286378555798684,0.0,0.6829004329004329,0.6521911359197543,0.14574026467675627,True,False,True,TARGET_CUT_RISK_UNRESOLVED / INCONCLUSIVE_RESEARCH
M2_LOW_PROFIT_ONLY,6000,-6000,60000,False,False,False,False,92980,19.582982308340355,0.0,0.6764322916666666,0.6526208979803721,0.32745028189922226,False,False,True,TARGET_CUT_RISK_UNRESOLVED / INCONCLUSIVE_RESEARCH,341189,93.3230306345733,0.0,0.7277648878576953,0.7028553445045801,0.21744882584249017,True,False,True,TARGET_CUT_RISK_UNRESOLVED / INCONCLUSIVE_RESEARCH
M2_LOW_PROFIT_ONLY,6000,-6000,120000,False,False,False,False,349672,73.64616680707667,0.0,0.7593078133193497,0.7396114754598547,0.36867673659917116,False,False,True,TARGET_CUT_RISK_UNRESOLVED / INCONCLUSIVE_RESEARCH,442569,121.05278993435448,0.0,0.7830006439150032,0.76181486623005,0.3493462755826674,False,False,True,TARGET_CUT_RISK_UNRESOLVED / INCONCLUSIVE_RESEARCH
M2_LOW_PROFIT_ONLY,6000,-5000,30000,False,False,False,False,19972,4.2064026958719465,0.0,0.618698441796517,0.5895085267182413,0.22266598557345713,True,False,True,TARGET_CUT_RISK_UNRESOLVED / INCONCLUSIVE_RESEARCH,167500,45.81509846827134,0.0,0.6824696802646086,0.6514587349702243,0.15429239498548128,True,False,True,TARGET_CUT_RISK_UNRESOLVED / INCONCLUSIVE_RESEARCH
M2_LOW_PROFIT_ONLY,6000,-5000,60000,False,False,False,False,55040,11.592249368155013,0.0,0.6781002638522428,0.6541572448981606,0.34634845229533057,False,False,True,TARGET_CUT_RISK_UNRESOLVED / INCONCLUSIVE_RESEARCH,321427,87.91766958424508,0.0,0.7301960784313726,0.7051680532583491,0.2190095168818573,True,False,True,TARGET_CUT_RISK_UNRESOLVED / INCONCLUSIVE_RESEARCH
M2_LOW_PROFIT_ONLY,6000,-5000,120000,False,False,False,False,302297,63.66828138163437,0.0,0.7631160572337043,0.7434101645897455,0.3879715064009849,False,False,True,TARGET_CUT_RISK_UNRESOLVED / INCONCLUSIVE_RESEARCH,420125,114.91384026258206,0.0,0.7852480417754569,0.7639847203184106,0.34198604869481225,False,False,True,TARGET_CUT_RISK_UNRESOLVED / INCONCLUSIVE_RESEARCH
M2_LOW_PROFIT_ONLY,6000,-3000,30000,False,False,False,False,-21986,-4.630581297388374,0.0,0.6199804113614104,0.5898098181483568,0.22975417078114443,True,False,True,TARGET_CUT_RISK_UNRESOLVED / INCONCLUSIVE_RESEARCH,101798,27.844091903719914,0.0,0.6814469078179697,0.6495028219900731,0.14933593101627995,True,False,True,TARGET_CUT_RISK_UNRESOLVED / INCONCLUSIVE_RESEARCH
M2_LOW_PROFIT_ONLY,6000,-3000,60000,False,False,False,False,-63067,-13.28285593934288,0.0,0.6787709497206704,0.6541353303429867,0.3692587921256587,False,False,True,TARGET_CUT_RISK_UNRESOLVED / INCONCLUSIVE_RESEARCH,186313,50.96088621444201,0.0,0.7369727047146402,0.711432432018735,0.22031765823152807,True,False,True,TARGET_CUT_RISK_UNRESOLVED / INCONCLUSIVE_RESEARCH
M2_LOW_PROFIT_ONLY,6000,-3000,120000,False,False,False,False,98205,20.68344566133109,0.0,0.7677777777777778,0.7477133612756275,0.4472910916412603,False,False,True,TARGET_CUT_RISK_UNRESOLVED / INCONCLUSIVE_RESEARCH,288890,79.01805251641137,0.0,0.8013698630136986,0.7801256206721523,0.3426801148291744,False,False,True,TARGET_CUT_RISK_UNRESOLVED / INCONCLUSIVE_RESEARCH
M2_LOW_PROFIT_ONLY,6000,-2000,30000,False,False,False,False,-65086,-13.708087615838247,0.0,0.625,0.5936689998823393,0.23984168508716783,True,False,True,TARGET_CUT_RISK_UNRESOLVED / INCONCLUSIVE_RESEARCH,37743,10.323577680525164,0.0,0.6956521739130435,0.6629992479394751,0.16651103090962188,True,False,True,TARGET_CUT_RISK_UNRESOLVED / INCONCLUSIVE_RESEARCH
M2_LOW_PROFIT_ONLY,6000,-2000,60000,False,False,False,False,-134732,-28.376579612468408,0.0,0.6859504132231405,0.660510710376779,0.4233393368358134,False,False,True,TARGET_CUT_RISK_UNRESOLVED / INCONCLUSIVE_RESEARCH,102504,28.037199124726477,0.0,0.7536988685813751,0.7279680139352012,0.25906161793683763,False,False,True,TARGET_CUT_RISK_UNRESOLVED / INCONCLUSIVE_RESEARCH
M2_LOW_PROFIT_ONLY,6000,-2000,120000,False,False,False,False,-14260,-3.003369839932603,0.0,0.775811209439528,0.7553461855664126,0.4897028912051104,False,False,True,TARGET_CUT_RISK_UNRESOLVED / INCONCLUSIVE_RESEARCH,208429,57.01012035010941,0.0,0.8172043010752689,0.7960604171754785,0.34482410483659276,False,False,True,TARGET_CUT_RISK_UNRESOLVED / INCONCLUSIVE_RESEARCH
M2_LOW_PROFIT_ONLY,6000,-1500,30000,False,False,False,False,-74373,-15.664069081718619,0.0,0.6319290465631929,0.5999579113251722,0.1961618652799299,True,False,True,TARGET_CUT_RISK_UNRESOLVED / INCONCLUSIVE_RESEARCH,37783,10.334518599562363,0.0,0.7176470588235294,0.68472240656596,0.13164409873524197,True,False,True,TARGET_CUT_RISK_UNRESOLVED / INCONCLUSIVE_RESEARCH
M2_LOW_PROFIT_ONLY,6000,-1500,60000,False,False,False,False,-160359,-33.7740101095198,0.0,0.6926677067082684,0.6668669443940767,0.426947383626449,False,False,True,TARGET_CUT_RISK_UNRESOLVED / INCONCLUSIVE_RESEARCH,64698,17.696389496717725,0.0,0.7645454545454545,0.7385785177632954,0.26845745839124463,False,False,True,TARGET_CUT_RISK_UNRESOLVED / INCONCLUSIVE_RESEARCH
M2_LOW_PROFIT_ONLY,6000,-1500,120000,False,False,False,False,-46408,-9.774220724515585,0.0,0.7850182704019488,0.764494886071429,0.5020629223447908,False,False,True,TARGET_CUT_RISK_UNRESOLVED / INCONCLUSIVE_RESEARCH,173055,47.334518599562365,0.0,0.8286140089418778,0.8075209044215909,0.3226813086425913,False,False,True,TARGET_CUT_RISK_UNRESOLVED / INCONCLUSIVE_RESEARCH
M2_LOW_PROFIT_ONLY,6000,-1000,30000,False,False,False,False,-72541,-15.278222409435552,0.0,0.6438188494492044,0.6103794912259495,0.2589005599991434,False,False,True,TARGET_CUT_RISK_UNRESOLVED / INCONCLUSIVE_RESEARCH,2812,0.7691466083150985,0.0,0.7230989956958394,0.6887252670174506,0.14980397886380792,True,False,True,TARGET_CUT_RISK_UNRESOLVED / INCONCLUSIVE_RESEARCH
M2_LOW_PROFIT_ONLY,6000,-1000,60000,False,False,False,False,-152162,-32.04759898904802,0.0,0.7043918918918919,0.677772663979564,0.4187357742082331,False,False,True,TARGET_CUT_RISK_UNRESOLVED / INCONCLUSIVE_RESEARCH,25872,7.076586433260394,0.0,0.776908023483366,0.7503737889651524,0.27134822574771666,False,False,True,TARGET_CUT_RISK_UNRESOLVED / INCONCLUSIVE_RESEARCH
M2_LOW_PROFIT_ONLY,6000,-1000,120000,False,False,False,False,-69735,-14.687236731255265,0.0,0.7945383615084526,0.7736237276435374,0.5383093683224636,False,False,True,TARGET_CUT_RISK_UNRESOLVED / INCONCLUSIVE_RESEARCH,97622,26.701859956236323,0.0,0.8392715756136183,0.8179918347040986,0.35503860564717077,False,False,True,TARGET_CUT_RISK_UNRESOLVED / INCONCLUSIVE_RESEARCH
M2_LOW_PROFIT_ONLY,6000,-700,30000,False,False,False,False,-78137,-16.45682392586352,0.0,0.6589147286821705,0.6248049908012799,0.2898741426565035,False,False,True,TARGET_CUT_RISK_UNRESOLVED / INCONCLUSIVE_RESEARCH,-29047,-7.945021881838074,0.0,0.7207207207207207,0.685455914463451,0.1984452114447921,True,False,True,TARGET_CUT_RISK_UNRESOLVED / INCONCLUSIVE_RESEARCH
M2_LOW_PROFIT_ONLY,6000,-700,60000,False,False,False,False,-163112,-34.35383319292334,0.0,0.7162995594713656,0.6893783325836647,0.4660989956044423,False,False,True,TARGET_CUT_RISK_UNRESOLVED / INCONCLUSIVE_RESEARCH,-19882,-5.438183807439825,0.0,0.782520325203252,0.7556728586061282,0.35857888648007546,False,False,True,TARGET_CUT_RISK_UNRESOLVED / INCONCLUSIVE_RESEARCH
M2_LOW_PROFIT_ONLY,6000,-700,120000,False,False,False,False,-105241,-22.165332771693343,0.0,0.805256064690027,0.7843306062934321,0.5785043764892126,False,False,True,TARGET_CUT_RISK_UNRESOLVED / INCONCLUSIVE_RESEARCH,45496,12.444201312910284,0.0,0.8436988543371522,0.8222647619828438,0.3966191140921317,False,False,True,TARGET_CUT_RISK_UNRESOLVED / INCONCLUSIVE_RESEARCH
M2_LOW_PROFIT_ONLY,6000,-500,30000,False,False,False,False,-88228,-18.582139848357205,0.0,0.6711772665764547,0.6364973566607246,0.3856976976250522,False,False,True,TARGET_CUT_RISK_UNRESOLVED / INCONCLUSIVE_RESEARCH,-30672,-8.389496717724288,0.0,0.7417322834645669,0.7063077231121253,0.18778754968545586,True,False,True,TARGET_CUT_RISK_UNRESOLVED / INCONCLUSIVE_RESEARCH
M2_LOW_PROFIT_ONLY,6000,-500,60000,False,False,False,False,-167350,-35.24641954507161,0.0,0.726027397260274,0.6988553568520192,0.5118226406806958,False,False,True,TARGET_CUT_RISK_UNRESOLVED / INCONCLUSIVE_RESEARCH,-41757,-11.421498905908097,0.0,0.7980972515856237,0.771334920264217,0.4347834530976889,False,False,True,TARGET_CUT_RISK_UNRESOLVED / INCONCLUSIVE_RESEARCH
M2_LOW_PROFIT_ONLY,6000,-500,120000,False,False,False,False,-141167,-29.73188711036226,0.0,0.8105849582172702,0.7894999877229266,0.6450092792028757,False,False,True,TARGET_CUT_RISK_UNRESOLVED / INCONCLUSIVE_RESEARCH,10163,2.7798140043763677,0.0,0.8530405405405406,0.831731431234143,0.43435622346398706,False,False,True,TARGET_CUT_RISK_UNRESOLVED / INCONCLUSIVE_RESEARCH
M2_LOW_PROFIT_ONLY,6000,-300,30000,False,False,False,False,-104578,-22.025695029486098,0.0,0.674591381872214,0.6382894292694852,0.5451354213950673,False,False,True,TARGET_CUT_RISK_UNRESOLVED / INCONCLUSIVE_RESEARCH,-45601,-12.472921225382931,0.0,0.7567114093959731,0.7206915758759151,0.20330920726177643,True,False,True,TARGET_CUT_RISK_UNRESOLVED / INCONCLUSIVE_RESEARCH
M2_LOW_PROFIT_ONLY,6000,-300,60000,False,False,False,False,-184149,-38.78454085930918,0.0,0.7312992125984252,0.7032080833200891,0.6777727792460965,False,False,True,TARGET_CUT_RISK_UNRESOLVED / INCONCLUSIVE_RESEARCH,-71888,-19.663019693654267,0.0,0.8071348940914158,0.7800272876110086,0.5886843722705658,False,False,True,TARGET_CUT_RISK_UNRESOLVED / INCONCLUSIVE_RESEARCH
M2_LOW_PROFIT_ONLY,6000,-300,120000,False,False,False,False,-186096,-39.194608256107834,0.0,0.8227002967359051,0.8014034861189376,0.932747427513441,False,False,True,TARGET_CUT_RISK_UNRESOLVED / INCONCLUSIVE_RESEARCH,-52643,-14.399070021881839,0.0,0.8576480990274093,0.8360724053984638,0.6380670536988245,False,False,True,TARGET_CUT_RISK_UNRESOLVED / INCONCLUSIVE_RESEARCH
M2_LOW_PROFIT_ONLY,6000,-200,30000,False,False,False,False,-100888,-21.248525695029485,0.0,0.678513731825525,0.6407170022237018,0.7609464783077811,False,False,True,TARGET_CUT_RISK_UNRESOLVED / INCONCLUSIVE_RESEARCH,-58978,-16.13183807439825,0.0,0.7549194991055456,0.7176017955026825,0.1730551145384441,True,False,True,TARGET_CUT_RISK_UNRESOLVED / INCONCLUSIVE_RESEARCH
M2_LOW_PROFIT_ONLY,6000,-200,60000,False,False,False,False,-175435,-36.949241786015165,0.0,0.7400835073068893,0.7113905946710266,1.024688509460083,False,False,True,TARGET_CUT_RISK_UNRESOLVED / INCONCLUSIVE_RESEARCH,-92658,-25.344091903719914,0.0,0.8053927315357562,0.7774799747346036,0.8613625535969509,False,False,True,TARGET_CUT_RISK_UNRESOLVED / INCONCLUSIVE_RESEARCH
M2_LOW_PROFIT_ONLY,6000,-200,120000,False,False,False,False,-209308,-44.08340353833193,0.0,0.8311284046692607,0.8096644873962203,1.346278973132392,False,False,True,TARGET_CUT_RISK_UNRESOLVED / INCONCLUSIVE_RESEARCH,-91018,-24.89551422319475,0.0,0.8604436229205176,0.8385179586279154,1.0068666564370108,False,False,True,TARGET_CUT_RISK_UNRESOLVED / INCONCLUSIVE_RESEARCH
M2_LOW_PROFIT_ONLY,7500,-6000,30000,False,False,False,False,25337,5.336352148272957,0.0,0.6169828364950316,0.5879884871190809,0.166106437018811,True,True,True,INCONCLUSIVE_RESEARCH,179278,49.036652078774615,0.0,0.6829004329004329,0.6521911359197543,0.10834341959168159,True,True,True,INCONCLUSIVE_RESEARCH
M2_LOW_PROFIT_ONLY,7500,-6000,60000,False,True,False,False,81240,17.110362257792755,0.0,0.6770833333333334,0.6532825716572437,0.27231914592316897,False,False,True,TARGET_CUT_RISK_UNRESOLVED / INCONCLUSIVE_RESEARCH,384205,105.08889496717724,0.0,0.731631863882444,0.7068193541988909,0.12541341491988536,True,True,True,PROMISING_OFFLINE_ONLY
M2_LOW_PROFIT_ONLY,7500,-6000,120000,False,False,False,False,336001,70.76684919966301,0.0,0.7628541448058762,0.7432425249718613,0.34324007650467814,False,False,True,TARGET_CUT_RISK_UNRESOLVED / INCONCLUSIVE_RESEARCH,485564,132.8129102844639,0.0,0.7868641339343206,0.7658015077976938,0.2828613881620606,False,False,True,TARGET_CUT_RISK_UNRESOLVED / INCONCLUSIVE_RESEARCH
M2_LOW_PROFIT_ONLY,7500,-5000,30000,False,False,False,False,18613,3.9201769165964615,0.0,0.618698441796517,0.5895085267182413,0.17242437599640778,True,True,True,INCONCLUSIVE_RESEARCH,159275,43.56537199124727,0.0,0.6824696802646086,0.6514587349702243,0.11470107953209686,True,False,True,TARGET_CUT_RISK_UNRESOLVED / INCONCLUSIVE_RESEARCH
M2_LOW_PROFIT_ONLY,7500,-5000,60000,False,True,False,False,42300,8.909014321819713,0.0,0.6787598944591029,0.6548278424851401,0.28833801088733124,False,False,True,TARGET_CUT_RISK_UNRESOLVED / INCONCLUSIVE_RESEARCH,353492,96.68818380743983,0.0,0.7333333333333333,0.7083855263146684,0.13260732590174243,True,True,True,PROMISING_OFFLINE_ONLY
M2_LOW_PROFIT_ONLY,7500,-5000,120000,False,False,False,False,285626,60.15711878685762,0.0,0.7667020148462355,0.7470842291190171,0.3618320622241799,False,False,True,TARGET_CUT_RISK_UNRESOLVED / INCONCLUSIVE_RESEARCH,461071,126.11351203501094,0.0,0.7891644908616188,0.7680283954807029,0.27963612636731117,False,False,True,TARGET_CUT_RISK_UNRESOLVED / INCONCLUSIVE_RESEARCH
M2_LOW_PROFIT_ONLY,7500,-3000,30000,False,False,False,False,-32219,-6.785804549283909,0.0,0.6199804113614104,0.5898098181483568,0.18972506626474717,True,True,True,REJECTED_FOR_RUNTIME,96573,26.414934354485776,0.0,0.6814469078179697,0.6495028219900731,0.09030848392003418,True,True,True,INCONCLUSIVE_RESEARCH
M2_LOW_PROFIT_ONLY,7500,-3000,60000,False,True,False,False,-79270,-16.695450716090985,0.0,0.6794692737430168,0.6548456058977427,0.33134829996570125,False,False,True,TARGET_CUT_RISK_UNRESOLVED / INCONCLUSIVE_RESEARCH,217625,59.52543763676149,0.0,0.7402812241521919,0.7148312303669434,0.12817708798285998,True,True,True,PROMISING_OFFLINE_ONLY
M2_LOW_PROFIT_ONLY,7500,-3000,120000,False,False,False,False,75044,15.805391743892166,0.0,0.7709838799332963,0.7510013078156709,0.42635368709477006,False,False,True,TARGET_CUT_RISK_UNRESOLVED / INCONCLUSIVE_RESEARCH,325884,89.13676148796499,0.0,0.8054794520547945,0.7843846203092434,0.2572626758794704,False,False,True,TARGET_CUT_RISK_UNRESOLVED / INCONCLUSIVE_RESEARCH
M2_LOW_PROFIT_ONLY,7500,-2000,30000,False,False,False,False,-79767,-16.80012636899747,0.0,0.625,0.5936689998823393,0.21286663557150873,True,False,True,TARGET_CUT_RISK_UNRESOLVED / INCONCLUSIVE_RESEARCH,34018,9.304704595185996,0.0,0.6956521739130435,0.6629992479394751,0.08288956110716514,True,False,True,TARGET_CUT_RISK_UNRESOLVED / INCONCLUSIVE_RESEARCH
M2_LOW_PROFIT_ONLY,7500,-2000,60000,False,False,False,False,-155876,-32.82982308340354,0.0,0.6859504132231405,0.660510710376779,0.3981206939944002,False,False,True,TARGET_CUT_RISK_UNRESOLVED / INCONCLUSIVE_RESEARCH,132816,36.328227571115974,0.0,0.7571801566579635,0.7315566610228106,0.1321971480637621,True,False,True,TARGET_CUT_RISK_UNRESOLVED / INCONCLUSIVE_RESEARCH
M2_LOW_PROFIT_ONLY,7500,-2000,120000,False,False,False,False,-34403,-7.245787700084246,0.0,0.7786304604486423,0.7582419371395893,0.4568054497026078,False,False,True,TARGET_CUT_RISK_UNRESOLVED / INCONCLUSIVE_RESEARCH,240001,65.64578774617068,0.0,0.821505376344086,0.8005360920666197,0.25004107592827757,False,False,True,TARGET_CUT_RISK_UNRESOLVED / INCONCLUSIVE_RESEARCH
M2_LOW_PROFIT_ONLY,7500,-1500,30000,False,False,False,False,-85034,-17.90943555181129,0.0,0.6319290465631929,0.5999579113251722,0.18212683449210226,True,False,True,TARGET_CUT_RISK_UNRESOLVED / INCONCLUSIVE_RESEARCH,33169,9.072483588621445,0.0,0.7176470588235294,0.68472240656596,0.09968045023131587,True,False,True,TARGET_CUT_RISK_UNRESOLVED / INCONCLUSIVE_RESEARCH
M2_LOW_PROFIT_ONLY,7500,-1500,60000,False,False,False,False,-174003,-36.647641112047175,0.0,0.6926677067082684,0.6668669443940767,0.3780121098311124,False,False,True,TARGET_CUT_RISK_UNRESOLVED / INCONCLUSIVE_RESEARCH,70510,19.286105032822757,0.0,0.7654545454545455,0.7395178240609548,0.16767325075326414,True,False,True,TARGET_CUT_RISK_UNRESOLVED / INCONCLUSIVE_RESEARCH
M2_LOW_PROFIT_ONLY,7500,-1500,120000,False,False,False,False,-55551,-11.699873631002527,0.0,0.7879341864716636,0.7674957709441694,0.44350741086607764,False,False,True,TARGET_CUT_RISK_UNRESOLVED / INCONCLUSIVE_RESEARCH,183347,50.149617067833695,0.0,0.830849478390462,0.8098543522638514,0.2671057571547546,False,False,True,TARGET_CUT_RISK_UNRESOLVED / INCONCLUSIVE_RESEARCH
M2_LOW_PROFIT_ONLY,7500,-1000,30000,False,False,False,False,-83202,-17.523588879528223,0.0,0.6438188494492044,0.6103794912259495,0.24037668776032464,True,False,True,TARGET_CUT_RISK_UNRESOLVED / INCONCLUSIVE_RESEARCH,-1610,-0.4403719912472648,0.0,0.7230989956958394,0.6887252670174506,0.13995422115080236,True,False,True,TARGET_CUT_RISK_UNRESOLVED / INCONCLUSIVE_RESEARCH
M2_LOW_PROFIT_ONLY,7500,-1000,60000,False,False,False,False,-163558,-34.44776748104465,0.0,0.7043918918918919,0.677772663979564,0.37258893152110295,False,False,True,TARGET_CUT_RISK_UNRESOLVED / INCONCLUSIVE_RESEARCH,32092,8.777899343544858,0.0,0.7778864970645792,0.7513883434459752,0.1678918019203766,True,False,True,TARGET_CUT_RISK_UNRESOLVED / INCONCLUSIVE_RESEARCH
M2_LOW_PROFIT_ONLY,7500,-1000,120000,False,False,False,False,-78778,-16.591828138163436,0.0,0.7976577748861419,0.7768424385718545,0.4852259263363366,False,False,True,TARGET_CUT_RISK_UNRESOLVED / INCONCLUSIVE_RESEARCH,109172,29.86105032822757,0.0,0.8416468725257323,0.8204810146131186,0.2796559712338704,False,False,True,TARGET_CUT_RISK_UNRESOLVED / INCONCLUSIVE_RESEARCH
M2_LOW_PROFIT_ONLY,7500,-700,30000,False,False,False,False,-87298,-18.386267902274643,0.0,0.6589147286821705,0.6248049908012799,0.2560576516628714,False,False,True,TARGET_CUT_RISK_UNRESOLVED / INCONCLUSIVE_RESEARCH,-33469,-9.154540481400439,0.0,0.7207207207207207,0.685455914463451,0.18539724525015322,True,False,True,TARGET_CUT_RISK_UNRESOLVED / INCONCLUSIVE_RESEARCH
M2_LOW_PROFIT_ONLY,7500,-700,60000,False,False,False,False,-170008,-35.80623420387531,0.0,0.7162995594713656,0.6893783325836647,0.3867156477608137,False,False,True,TARGET_CUT_RISK_UNRESOLVED / INCONCLUSIVE_RESEARCH,-8454,-2.312363238512035,0.0,0.7845528455284553,0.7577843183186375,0.22168219774900158,True,False,True,TARGET_CUT_RISK_UNRESOLVED / INCONCLUSIVE_RESEARCH
M2_LOW_PROFIT_ONLY,7500,-700,120000,False,False,False,False,-122789,-25.861204717775905,0.0,0.8071476736345247,0.7862842504120238,0.5314912582161403,False,False,True,TARGET_CUT_RISK_UNRESOLVED / INCONCLUSIVE_RESEARCH,60646,16.588074398249454,0.0,0.8461538461538461,0.8248424232701621,0.2842866824805151,False,False,True,TARGET_CUT_RISK_UNRESOLVED / INCONCLUSIVE_RESEARCH
M2_LOW_PROFIT_ONLY,7500,-500,30000,False,False,False,False,-97389,-20.511583824768323,0.0,0.6711772665764547,0.6364973566607246,0.34070250557904097,False,False,True,TARGET_CUT_RISK_UNRESOLVED / INCONCLUSIVE_RESEARCH,-33594,-9.188730853391684,0.0,0.7417322834645669,0.7063077231121253,0.15525857302327523,True,False,True,TARGET_CUT_RISK_UNRESOLVED / INCONCLUSIVE_RESEARCH
M2_LOW_PROFIT_ONLY,7500,-500,60000,False,False,False,False,-176144,-37.09856781802864,0.0,0.726027397260274,0.6988553568520192,0.4699548943311015,False,False,True,TARGET_CUT_RISK_UNRESOLVED / INCONCLUSIVE_RESEARCH,-29229,-7.99480306345733,0.0,0.8002114164904862,0.7735404113299972,0.2432626082017054,True,False,True,TARGET_CUT_RISK_UNRESOLVED / INCONCLUSIVE_RESEARCH
M2_LOW_PROFIT_ONLY,7500,-500,120000,False,False,False,False,-161806,-34.0787700084246,0.0,0.8118466898954704,0.790802389788096,0.6416523748104263,False,False,True,TARGET_CUT_RISK_UNRESOLVED / INCONCLUSIVE_RESEARCH,27942,7.642778993435448,0.0,0.8555743243243243,0.8344010281180577,0.30206368949698403,False,False,True,TARGET_CUT_RISK_UNRESOLVED / INCONCLUSIVE_RESEARCH
M2_LOW_PROFIT_ONLY,7500,-300,30000,False,False,False,False,-113171,-23.835509688289807,0.0,0.674591381872214,0.6382894292694852,0.568270540172492,False,False,True,TARGET_CUT_RISK_UNRESOLVED / INCONCLUSIVE_RESEARCH,-48601,-13.293490153172867,0.0,0.7567114093959731,0.7206915758759151,0.25464127440412027,False,False,True,TARGET_CUT_RISK_UNRESOLVED / INCONCLUSIVE_RESEARCH
M2_LOW_PROFIT_ONLY,7500,-300,60000,False,False,False,False,-193265,-40.704507160909856,0.0,0.7312992125984252,0.7032080833200891,0.6360475360362894,False,False,True,TARGET_CUT_RISK_UNRESOLVED / INCONCLUSIVE_RESEARCH,-68692,-18.788840262582056,0.0,0.8082497212931996,0.781193881602065,0.4055005003389393,False,False,True,TARGET_CUT_RISK_UNRESOLVED / INCONCLUSIVE_RESEARCH
M2_LOW_PROFIT_ONLY,7500,-300,120000,False,False,False,False,-200935,-42.31992417860152,0.0,0.8240534521158129,0.8028055110841342,0.8919940964833771,False,False,True,TARGET_CUT_RISK_UNRESOLVED / INCONCLUSIVE_RESEARCH,-43507,-11.900164113785557,0.0,0.8594164456233422,0.8379400647645371,0.510203313253012,False,False,True,TARGET_CUT_RISK_UNRESOLVED / INCONCLUSIVE_RESEARCH
M2_LOW_PROFIT_ONLY,7500,-200,30000,False,False,False,False,-107981,-22.742417860151644,0.0,0.678513731825525,0.6407170022237018,0.761674152510476,False,False,True,TARGET_CUT_RISK_UNRESOLVED / INCONCLUSIVE_RESEARCH,-60478,-16.542122538293217,0.0,0.7549194991055456,0.7176017955026825,0.21558176457246542,True,False,True,TARGET_CUT_RISK_UNRESOLVED / INCONCLUSIVE_RESEARCH
M2_LOW_PROFIT_ONLY,7500,-200,60000,False,False,False,False,-183051,-38.55328559393429,0.0,0.7400835073068893,0.7113905946710266,0.9331333640978311,False,False,True,TARGET_CUT_RISK_UNRESOLVED / INCONCLUSIVE_RESEARCH,-88062,-24.086980306345733,0.0,0.8065650644783119,0.7787074356908323,0.5356255834845256,False,False,True,TARGET_CUT_RISK_UNRESOLVED / INCONCLUSIVE_RESEARCH
M2_LOW_PROFIT_ONLY,7500,-200,120000,False,False,False,False,-224247,-47.22978096040438,0.0,0.8325545171339563,0.8111464328111431,1.3727219342297101,False,False,True,TARGET_CUT_RISK_UNRESOLVED / INCONCLUSIVE_RESEARCH,-80582,-22.041028446389497,0.0,0.8622920517560074,0.8404741929309318,0.7719515464049117,False,False,True,TARGET_CUT_RISK_UNRESOLVED / INCONCLUSIVE_RESEARCH
M2_LOW_PROFIT_ONLY,10000,-6000,30000,False,False,False,False,22521,4.743260320134794,0.0,0.6178861788617886,0.588901495683865,0.12808864441699203,True,True,True,INCONCLUSIVE_RESEARCH,165151,45.17259299781182,0.0,0.6829004329004329,0.6521911359197543,0.11879044923027678,True,True,True,INCONCLUSIVE_RESEARCH
M2_LOW_PROFIT_ONLY,10000,-6000,60000,False,True,False,False,72149,15.195661331086773,0.0,0.677734375,0.6539442969461888,0.17213870938538672,True,False,True,TARGET_CUT_RISK_UNRESOLVED / INCONCLUSIVE_RESEARCH,380214,103.9972647702407,0.0,0.7324052590873936,0.7076124345911013,0.12632101948461777,True,True,True,PROMISING_OFFLINE_ONLY
M2_LOW_PROFIT_ONLY,10000,-6000,120000,False,False,False,False,373519,78.66870261162595,0.0,0.7649527806925498,0.7453952877131723,0.20635235372252533,True,False,True,TARGET_CUT_RISK_UNRESOLVED / INCONCLUSIVE_RESEARCH,432713,118.35694748358863,0.0,0.7875080489375402,0.7664662079159212,0.3036962087772873,False,False,True,TARGET_CUT_RISK_UNRESOLVED / INCONCLUSIVE_RESEARCH
M2_LOW_PROFIT_ONLY,10000,-5000,30000,False,False,False,False,15797,3.3270850884582983,0.0,0.6196150320806599,0.5904351755498953,0.13295707855038993,True,True,True,INCONCLUSIVE_RESEARCH,145148,39.701312910284464,0.0,0.6824696802646086,0.6514587349702243,0.1257611474343904,True,False,True,TARGET_CUT_RISK_UNRESOLVED / INCONCLUSIVE_RESEARCH
M2_LOW_PROFIT_ONLY,10000,-5000,60000,False,True,False,False,37778,7.956613310867734,0.0,0.6800791556728232,0.6561691983857153,0.18134297940559033,True,False,True,TARGET_CUT_RISK_UNRESOLVED / INCONCLUSIVE_RESEARCH,348501,95.3230306345733,0.0,0.7341176470588235,0.7091901365352284,0.1336745339378947,True,True,True,PROMISING_OFFLINE_ONLY
M2_LOW_PROFIT_ONLY,10000,-5000,120000,False,False,False,False,336144,70.79696714406066,0.0,0.7693531283138918,0.74980566801549,0.20962833825565919,True,False,True,TARGET_CUT_RISK_UNRESOLVED / INCONCLUSIVE_RESEARCH,412220,112.75164113785559,0.0,0.7898172323759791,0.7687026133363357,0.2975037677648351,False,False,True,TARGET_CUT_RISK_UNRESOLVED / INCONCLUSIVE_RESEARCH
M2_LOW_PROFIT_ONLY,10000,-3000,30000,False,False,False,False,-46083,-9.705770850884583,0.0,0.6199804113614104,0.5898098181483568,0.16786029832129307,True,True,True,REJECTED_FOR_RUNTIME,87446,23.918490153172865,0.0,0.6814469078179697,0.6495028219900731,0.09091255404658959,True,True,True,INCONCLUSIVE_RESEARCH
M2_LOW_PROFIT_ONLY,10000,-3000,60000,False,True,False,False,-98509,-20.747472620050548,0.0,0.6801675977653632,0.6555559432924062,0.2380496034791888,True,False,True,TARGET_CUT_RISK_UNRESOLVED / INCONCLUSIVE_RESEARCH,218134,59.66466083150985,0.0,0.7411083540115798,0.7156812132206348,0.11814745701391931,True,True,True,PROMISING_OFFLINE_ONLY
M2_LOW_PROFIT_ONLY,10000,-3000,120000,False,False,False,False,98834,20.81592249368155,0.0,0.7732073374096721,0.7532864307903919,0.26308507184144847,False,False,True,TARGET_CUT_RISK_UNRESOLVED / INCONCLUSIVE_RESEARCH,292048,79.88183807439825,0.0,0.8061643835616439,0.7850947887459075,0.2778946510585537,False,False,True,TARGET_CUT_RISK_UNRESOLVED / INCONCLUSIVE_RESEARCH
M2_LOW_PROFIT_ONLY,10000,-2000,30000,False,False,False,False,-91131,-19.193555181128897,0.0,0.625,0.5936689998823393,0.17597831450724313,True,False,True,TARGET_CUT_RISK_UNRESOLVED / INCONCLUSIVE_RESEARCH,27391,7.49206783369803,0.0,0.6956521739130435,0.6629992479394751,0.07467631968906499,True,False,True,TARGET_CUT_RISK_UNRESOLVED / INCONCLUSIVE_RESEARCH
M2_LOW_PROFIT_ONLY,10000,-2000,60000,False,False,False,False,-171115,-36.0393850042123,0.0,0.6867017280240421,0.6612759981323193,0.2661512262913739,False,False,True,TARGET_CUT_RISK_UNRESOLVED / INCONCLUSIVE_RESEARCH,137325,37.56154266958424,0.0,0.7580504786771105,0.7324541664178534,0.10864128983138896,True,False,True,TARGET_CUT_RISK_UNRESOLVED / INCONCLUSIVE_RESEARCH
M2_LOW_PROFIT_ONLY,10000,-2000,120000,False,False,False,False,-13234,-2.787278854254423,0.0,0.78099173553719,0.7606735031004793,0.25810796781728523,False,False,True,TARGET_CUT_RISK_UNRESOLVED / INCONCLUSIVE_RESEARCH,219353,59.99808533916849,0.0,0.8222222222222222,0.8012824519368785,0.26627807812497606,False,False,True,TARGET_CUT_RISK_UNRESOLVED / INCONCLUSIVE_RESEARCH
M2_LOW_PROFIT_ONLY,10000,-1500,30000,False,False,False,False,-96105,-20.241154170176916,0.0,0.6319290465631929,0.5999579113251722,0.1626400460803323,True,False,True,TARGET_CUT_RISK_UNRESOLVED / INCONCLUSIVE_RESEARCH,26542,7.2598468271334795,0.0,0.7176470588235294,0.68472240656596,0.08980345738107935,True,False,True,TARGET_CUT_RISK_UNRESOLVED / INCONCLUSIVE_RESEARCH
M2_LOW_PROFIT_ONLY,10000,-1500,60000,False,False,False,False,-190459,-40.11352148272957,0.0,0.6934477379095164,0.6676624332681856,0.2421283766777015,True,False,True,TARGET_CUT_RISK_UNRESOLVED / INCONCLUSIVE_RESEARCH,74519,20.38265864332604,0.0,0.7663636363636364,0.7404572896997774,0.13783203255286505,True,False,True,TARGET_CUT_RISK_UNRESOLVED / INCONCLUSIVE_RESEARCH
M2_LOW_PROFIT_ONLY,10000,-1500,120000,False,False,False,False,-48249,-10.16196293176074,0.0,0.7897623400365631,0.7693820006638907,0.2597885635410773,False,False,True,TARGET_CUT_RISK_UNRESOLVED / INCONCLUSIVE_RESEARCH,169699,46.41657549234136,0.0,0.8315946348733234,0.8106324470354376,0.2731995111390726,False,False,True,TARGET_CUT_RISK_UNRESOLVED / INCONCLUSIVE_RESEARCH
M2_LOW_PROFIT_ONLY,10000,-1000,30000,False,False,False,False,-94273,-19.85530749789385,0.0,0.6438188494492044,0.6103794912259495,0.21465741543798786,True,False,True,TARGET_CUT_RISK_UNRESOLVED / INCONCLUSIVE_RESEARCH,-8237,-2.2530087527352296,0.0,0.7230989956958394,0.6887252670174506,0.12608663890715172,True,False,True,TARGET_CUT_RISK_UNRESOLVED / INCONCLUSIVE_RESEARCH
M2_LOW_PROFIT_ONLY,10000,-1000,60000,False,False,False,False,-180041,-37.91933445661331,0.0,0.7052364864864865,0.678636017546588,0.32705496085326285,False,False,True,TARGET_CUT_RISK_UNRESOLVED / INCONCLUSIVE_RESEARCH,38011,10.396881838074398,0.0,0.7788649706457925,0.7524031005982639,0.14833058660595852,True,False,True,TARGET_CUT_RISK_UNRESOLVED / INCONCLUSIVE_RESEARCH
M2_LOW_PROFIT_ONLY,10000,-1000,120000,False,False,False,False,-79868,-16.82139848357203,0.0,0.7996096291476903,0.7788617712620863,0.30160719161627214,False,False,True,TARGET_CUT_RISK_UNRESOLVED / INCONCLUSIVE_RESEARCH,96183,26.308260393873084,0.0,0.8424386381631037,0.8213110921073516,0.2896536876262908,False,False,True,TARGET_CUT_RISK_UNRESOLVED / INCONCLUSIVE_RESEARCH
M2_LOW_PROFIT_ONLY,10000,-700,30000,False,False,False,False,-95869,-20.191449031171018,0.0,0.6589147286821705,0.6248049908012799,0.20626014153837763,True,False,True,TARGET_CUT_RISK_UNRESOLVED / INCONCLUSIVE_RESEARCH,-40096,-10.967177242888402,0.0,0.7207207207207207,0.685455914463451,0.16702687010096448,True,False,True,TARGET_CUT_RISK_UNRESOLVED / INCONCLUSIVE_RESEARCH
M2_LOW_PROFIT_ONLY,10000,-700,60000,False,False,False,False,-182701,-38.47957034540859,0.0,0.7171806167400882,0.6902809395928825,0.38553600351852085,False,False,True,TARGET_CUT_RISK_UNRESOLVED / INCONCLUSIVE_RESEARCH,-2835,-0.7754376367614879,0.0,0.7855691056910569,0.7588403928134388,0.1959309762278267,True,False,True,TARGET_CUT_RISK_UNRESOLVED / INCONCLUSIVE_RESEARCH
M2_LOW_PROFIT_ONLY,10000,-700,120000,False,False,False,False,-120368,-25.351305812973884,0.0,0.8091706001348618,0.7883821527981807,0.2998106600541125,False,False,True,TARGET_CUT_RISK_UNRESOLVED / INCONCLUSIVE_RESEARCH,53765,14.705962800875273,0.0,0.8469721767594108,0.8257020381146586,0.3083902603990531,False,False,True,TARGET_CUT_RISK_UNRESOLVED / INCONCLUSIVE_RESEARCH
M2_LOW_PROFIT_ONLY,10000,-500,30000,False,False,False,False,-105960,-22.316764953664702,0.0,0.6711772665764547,0.6364973566607246,0.2744434566467696,False,False,True,TARGET_CUT_RISK_UNRESOLVED / INCONCLUSIVE_RESEARCH,-37721,-10.317560175054705,0.0,0.7417322834645669,0.7063077231121253,0.10541141122343589,True,False,True,TARGET_CUT_RISK_UNRESOLVED / INCONCLUSIVE_RESEARCH
M2_LOW_PROFIT_ONLY,10000,-500,60000,False,False,False,False,-186537,-39.28748946925021,0.0,0.7269406392694064,0.6997927326865154,0.45443741205621674,False,False,True,TARGET_CUT_RISK_UNRESOLVED / INCONCLUSIVE_RESEARCH,-21310,-5.828774617067833,0.0,0.8012684989429175,0.7746435698304559,0.19304785634725952,True,False,True,TARGET_CUT_RISK_UNRESOLVED / INCONCLUSIVE_RESEARCH
M2_LOW_PROFIT_ONLY,10000,-500,120000,False,False,False,False,-156151,-32.887742207245154,0.0,0.8139372822299652,0.7929737603676222,0.35709429588950375,False,False,True,TARGET_CUT_RISK_UNRESOLVED / INCONCLUSIVE_RESEARCH,25861,7.0735776805251644,0.0,0.856418918918919,0.8352913546892172,0.3117526378795498,False,False,True,TARGET_CUT_RISK_UNRESOLVED / INCONCLUSIVE_RESEARCH
M2_LOW_PROFIT_ONLY,10000,-300,30000,False,False,False,False,-121742,-25.640690817186183,0.0,0.674591381872214,0.6382894292694852,0.4577545770918445,False,False,True,TARGET_CUT_RISK_UNRESOLVED / INCONCLUSIVE_RESEARCH,-52728,-14.422319474835886,0.0,0.7567114093959731,0.7206915758759151,0.17288640213541398,True,False,True,TARGET_CUT_RISK_UNRESOLVED / INCONCLUSIVE_RESEARCH
M2_LOW_PROFIT_ONLY,10000,-300,60000,False,False,False,False,-199277,-41.97072451558551,0.0,0.7322834645669292,0.7042200976014905,0.6577505219206681,False,False,True,TARGET_CUT_RISK_UNRESOLVED / INCONCLUSIVE_RESEARCH,-60973,-16.677516411378555,0.0,0.8093645484949833,0.7823608054331428,0.32193435476770776,False,False,True,TARGET_CUT_RISK_UNRESOLVED / INCONCLUSIVE_RESEARCH
M2_LOW_PROFIT_ONLY,10000,-300,120000,False,False,False,False,-200313,-42.18892165122157,0.0,0.8255382331106161,0.8043534585162736,0.4765871587778243,False,False,True,TARGET_CUT_RISK_UNRESOLVED / INCONCLUSIVE_RESEARCH,-45788,-12.524070021881839,0.0,0.8603006189213086,0.8388742959891763,0.5267142857142857,False,False,True,TARGET_CUT_RISK_UNRESOLVED / INCONCLUSIVE_RESEARCH
M2_LOW_PROFIT_ONLY,10000,-200,30000,False,False,False,False,-115592,-24.34540859309183,0.0,0.678513731825525,0.6407170022237018,0.7591147466941008,False,False,True,TARGET_CUT_RISK_UNRESOLVED / INCONCLUSIVE_RESEARCH,-62978,-17.225929978118163,0.0,0.7549194991055456,0.7176017955026825,0.28645951462916763,False,False,True,TARGET_CUT_RISK_UNRESOLVED / INCONCLUSIVE_RESEARCH
M2_LOW_PROFIT_ONLY,10000,-200,60000,False,False,False,False,-196863,-41.462299915754,0.0,0.7400835073068893,0.7113905946710266,1.0855868327949547,False,False,True,TARGET_CUT_RISK_UNRESOLVED / INCONCLUSIVE_RESEARCH,-77943,-21.319201312910284,0.0,0.8077373974208675,0.7799352667936326,0.35529531747287724,False,False,True,TARGET_CUT_RISK_UNRESOLVED / INCONCLUSIVE_RESEARCH
M2_LOW_PROFIT_ONLY,10000,-200,120000,False,False,False,False,-229025,-48.23609941027801,0.0,0.8333333333333334,0.8119607328518217,0.7138926541099354,False,False,True,TARGET_CUT_RISK_UNRESOLVED / INCONCLUSIVE_RESEARCH,-80463,-22.008479212253828,0.0,0.8632162661737524,0.8414527700610613,0.7683923358362122,False,False,True,TARGET_CUT_RISK_UNRESOLVED / INCONCLUSIVE_RESEARCH
M3_EXCLUDE_HEARTBEAT_ONLY,1000,-6000,30000,False,False,False,False,203579,42.8767902274642,0.0,0.6019332161687171,0.5731961280719451,0.34812941329537883,False,False,False,TARGET_CUT_RISK_UNRESOLVED / INCONCLUSIVE_RESEARCH,281551,77.01066739606127,0.0,0.6572327044025157,0.6265374706120643,0.254646855150483,False,False,False,TARGET_CUT_RISK_UNRESOLVED / INCONCLUSIVE_RESEARCH
M3_EXCLUDE_HEARTBEAT_ONLY,1000,-6000,60000,False,False,False,False,401707,84.60551811288964,0.0,0.6437299035369775,0.6195998162161326,0.4086212770494045,False,False,False,TARGET_CUT_RISK_UNRESOLVED / INCONCLUSIVE_RESEARCH,440554,120.50164113785559,0.0,0.6886363636363636,0.66313938888628,0.33273121433434977,False,False,False,TARGET_CUT_RISK_UNRESOLVED / INCONCLUSIVE_RESEARCH
M3_EXCLUDE_HEARTBEAT_ONLY,1000,-6000,120000,False,False,False,False,611411,128.7723251895535,0.0,0.7033195020746889,0.6825415583296953,0.4167853725858033,False,False,False,TARGET_CUT_RISK_UNRESOLVED / INCONCLUSIVE_RESEARCH,557505,152.49042669584244,0.0,0.7284263959390863,0.7059319487348866,0.3599936595949612,False,False,False,TARGET_CUT_RISK_UNRESOLVED / INCONCLUSIVE_RESEARCH
M3_EXCLUDE_HEARTBEAT_ONLY,1000,-5000,30000,False,False,False,False,195255,41.12363100252738,0.0,0.6024955436720143,0.5735574182138219,0.3604005697935927,False,False,False,TARGET_CUT_RISK_UNRESOLVED / INCONCLUSIVE_RESEARCH,258020,70.57439824945295,0.0,0.655282817502668,0.6242728138905207,0.27017757939693654,False,False,False,TARGET_CUT_RISK_UNRESOLVED / INCONCLUSIVE_RESEARCH
M3_EXCLUDE_HEARTBEAT_ONLY,1000,-5000,60000,False,False,False,False,371150,78.16975568660489,0.0,0.6451822916666666,0.6209197779967123,0.43005532058130513,False,False,False,TARGET_CUT_RISK_UNRESOLVED / INCONCLUSIVE_RESEARCH,419186,114.65700218818381,0.0,0.6897081413210445,0.6640527024011534,0.33553536763612446,False,False,False,TARGET_CUT_RISK_UNRESOLVED / INCONCLUSIVE_RESEARCH
M3_EXCLUDE_HEARTBEAT_ONLY,1000,-5000,120000,False,False,False,False,588385,123.92270429654592,0.0,0.7066526977475118,0.6858300621575831,0.42372759468407273,False,False,False,TARGET_CUT_RISK_UNRESOLVED / INCONCLUSIVE_RESEARCH,533648,145.96498905908095,0.0,0.7296082209377007,0.7070010165530041,0.3652222206999902,False,False,False,TARGET_CUT_RISK_UNRESOLVED / INCONCLUSIVE_RESEARCH
M3_EXCLUDE_HEARTBEAT_ONLY,1000,-3000,30000,False,False,False,False,140587,29.60973041280539,0.0,0.6024551463644948,0.5726607070490369,0.4090415007388484,False,False,True,TARGET_CUT_RISK_UNRESOLVED / INCONCLUSIVE_RESEARCH,179327,49.05005470459518,0.0,0.6524184476940382,0.6205200000497931,0.308911496310527,False,False,True,TARGET_CUT_RISK_UNRESOLVED / INCONCLUSIVE_RESEARCH
M3_EXCLUDE_HEARTBEAT_ONLY,1000,-3000,60000,False,False,False,False,237514,50.0240101095198,0.0,0.6441256830601093,0.6192525811460606,0.49859009232168955,False,False,False,TARGET_CUT_RISK_UNRESOLVED / INCONCLUSIVE_RESEARCH,288444,78.89606126914661,0.0,0.6941081517352704,0.6678836052364319,0.3869035243883903,False,False,True,TARGET_CUT_RISK_UNRESOLVED / INCONCLUSIVE_RESEARCH
M3_EXCLUDE_HEARTBEAT_ONLY,1000,-3000,120000,False,False,False,False,388075,81.7344144903117,0.0,0.7075163398692811,0.6862922575713569,0.49850363061965086,False,False,False,TARGET_CUT_RISK_UNRESOLVED / INCONCLUSIVE_RESEARCH,402174,110.00382932166302,0.0,0.7416107382550335,0.7187823663792259,0.38921639205290887,False,False,True,TARGET_CUT_RISK_UNRESOLVED / INCONCLUSIVE_RESEARCH
M3_EXCLUDE_HEARTBEAT_ONLY,1000,-2000,30000,False,False,False,False,77532,16.329401853411962,0.0,0.6038500506585613,0.5729910453312667,0.4947567832217063,False,False,True,TARGET_CUT_RISK_UNRESOLVED / INCONCLUSIVE_RESEARCH,112640,30.809628008752735,0.0,0.6630952380952381,0.6304537871832461,0.3710505819817168,False,False,True,TARGET_CUT_RISK_UNRESOLVED / INCONCLUSIVE_RESEARCH
M3_EXCLUDE_HEARTBEAT_ONLY,1000,-2000,60000,False,False,False,False,133988,28.21988205560236,0.0,0.6463326071169209,0.6207047462142335,0.5804702135255585,False,False,True,TARGET_CUT_RISK_UNRESOLVED / INCONCLUSIVE_RESEARCH,199106,54.46006564551422,0.0,0.7071729957805907,0.6806274012445935,0.44387327421759243,False,False,True,TARGET_CUT_RISK_UNRESOLVED / INCONCLUSIVE_RESEARCH
M3_EXCLUDE_HEARTBEAT_ONLY,1000,-2000,120000,False,False,False,False,240622,50.67860151642797,0.0,0.711340206185567,0.6896396839186025,0.5777247263007579,False,False,False,TARGET_CUT_RISK_UNRESOLVED / INCONCLUSIVE_RESEARCH,290809,79.542943107221,0.0,0.7529658060013956,0.7299789826416985,0.43429681807141124,False,False,True,TARGET_CUT_RISK_UNRESOLVED / INCONCLUSIVE_RESEARCH
M3_EXCLUDE_HEARTBEAT_ONLY,1000,-1500,30000,False,False,False,False,55548,11.699241786015165,0.0,0.6114044350580782,0.579969242176492,0.5253875013641102,False,False,True,TARGET_CUT_RISK_UNRESOLVED / INCONCLUSIVE_RESEARCH,105772,28.931072210065647,0.0,0.6841448189762797,0.6511386593115495,0.36576055523423945,False,False,True,TARGET_CUT_RISK_UNRESOLVED / INCONCLUSIVE_RESEARCH
M3_EXCLUDE_HEARTBEAT_ONLY,1000,-1500,60000,False,False,False,False,84252,17.74473462510531,0.0,0.6511627906976745,0.6251762905306533,0.6360046266496958,False,False,True,TARGET_CUT_RISK_UNRESOLVED / INCONCLUSIVE_RESEARCH,159971,43.75574398249453,0.0,0.7195442594215601,0.6927754237238866,0.450659733325918,False,False,True,TARGET_CUT_RISK_UNRESOLVED / INCONCLUSIVE_RESEARCH
M3_EXCLUDE_HEARTBEAT_ONLY,1000,-1500,120000,False,False,False,False,183061,38.555391743892166,0.0,0.72,0.6981786358466454,0.6022041577639665,False,False,True,TARGET_CUT_RISK_UNRESOLVED / INCONCLUSIVE_RESEARCH,245288,67.09190371991247,0.0,0.7676767676767676,0.7447221437663495,0.4245556601784249,False,False,True,TARGET_CUT_RISK_UNRESOLVED / INCONCLUSIVE_RESEARCH
M3_EXCLUDE_HEARTBEAT_ONLY,1000,-1000,30000,False,False,False,False,41950,8.835299073294019,0.0,0.6226851851851852,0.5898887134984927,0.5481849695222887,False,False,True,TARGET_CUT_RISK_UNRESOLVED / INCONCLUSIVE_RESEARCH,65473,17.908369803063458,0.0,0.6870748299319728,0.6526535345146189,0.41401255171116963,False,False,True,TARGET_CUT_RISK_UNRESOLVED / INCONCLUSIVE_RESEARCH
M3_EXCLUDE_HEARTBEAT_ONLY,1000,-1000,60000,False,False,False,False,57078,12.021482729570346,0.0,0.6645161290322581,0.6377637055919918,0.6373536091761511,False,False,True,TARGET_CUT_RISK_UNRESOLVED / INCONCLUSIVE_RESEARCH,98326,26.894420131291028,0.0,0.7263355201499532,0.6988080362900445,0.5055005687637231,False,False,True,TARGET_CUT_RISK_UNRESOLVED / INCONCLUSIVE_RESEARCH
M3_EXCLUDE_HEARTBEAT_ONLY,1000,-1000,120000,False,False,False,False,138978,29.270850884582984,0.0,0.7345409119300437,0.7123679741422334,0.5964186654339206,False,False,True,TARGET_CUT_RISK_UNRESOLVED / INCONCLUSIVE_RESEARCH,165034,45.14059080962801,0.0,0.7772692601067888,0.7539547175990612,0.46274184154867765,False,False,True,TARGET_CUT_RISK_UNRESOLVED / INCONCLUSIVE_RESEARCH
M3_EXCLUDE_HEARTBEAT_ONLY,1000,-700,30000,False,False,False,False,24089,5.073504633529907,0.0,0.6366950182260024,0.6032715690900544,0.570143960822392,False,False,True,TARGET_CUT_RISK_UNRESOLVED / INCONCLUSIVE_RESEARCH,33477,9.156728665207877,0.0,0.6841359773371105,0.6489279155315295,0.49541298292358,False,False,True,TARGET_CUT_RISK_UNRESOLVED / INCONCLUSIVE_RESEARCH
M3_EXCLUDE_HEARTBEAT_ONLY,1000,-700,60000,False,False,False,False,25427,5.35530749789385,0.0,0.6786610878661088,0.6516476456160533,0.683755919752022,False,False,True,TARGET_CUT_RISK_UNRESOLVED / INCONCLUSIVE_RESEARCH,49515,13.543490153172867,0.0,0.7293889427740058,0.7014555731874627,0.6064641209384509,False,False,True,TARGET_CUT_RISK_UNRESOLVED / INCONCLUSIVE_RESEARCH
M3_EXCLUDE_HEARTBEAT_ONLY,1000,-700,120000,False,False,False,False,93577,19.70871946082561,0.0,0.7472598323662153,0.7250390995921535,0.6335362654658331,False,False,True,TARGET_CUT_RISK_UNRESOLVED / INCONCLUSIVE_RESEARCH,102185,27.949945295404813,0.0,0.7814465408805031,0.757906684817311,0.5466622690825008,False,False,True,TARGET_CUT_RISK_UNRESOLVED / INCONCLUSIVE_RESEARCH
M3_EXCLUDE_HEARTBEAT_ONLY,1000,-500,30000,False,False,False,False,4795,1.009898904802022,0.0,0.6484771573604061,0.6144943460647923,0.6353724212642917,False,False,True,TARGET_CUT_RISK_UNRESOLVED / INCONCLUSIVE_RESEARCH,19834,5.425054704595186,0.0,0.7022222222222222,0.6666597284587947,0.5345343908763,False,False,True,TARGET_CUT_RISK_UNRESOLVED / INCONCLUSIVE_RESEARCH
M3_EXCLUDE_HEARTBEAT_ONLY,1000,-500,60000,False,False,False,False,-5742,-1.209351305812974,0.0,0.6880415944540728,0.6607246836553707,0.7696950164006009,False,False,True,TARGET_CUT_RISK_UNRESOLVED / INCONCLUSIVE_RESEARCH,25430,6.955689277899343,0.0,0.7464788732394366,0.7185214314764322,0.6707951137628175,False,False,True,TARGET_CUT_RISK_UNRESOLVED / INCONCLUSIVE_RESEARCH
M3_EXCLUDE_HEARTBEAT_ONLY,1000,-500,120000,False,False,False,False,42304,8.909856781802864,0.0,0.7549933422103862,0.7326101486745895,0.7183964927198846,False,False,True,TARGET_CUT_RISK_UNRESOLVED / INCONCLUSIVE_RESEARCH,66139,18.09053610503282,0.0,0.7951417004048583,0.7717334244179065,0.595974646847512,False,False,True,TARGET_CUT_RISK_UNRESOLVED / INCONCLUSIVE_RESEARCH
M3_EXCLUDE_HEARTBEAT_ONLY,1000,-300,30000,False,False,False,False,-22138,-4.662594776748104,0.0,0.6510344827586206,0.6156253986354329,0.8482897770945427,False,False,True,TARGET_CUT_RISK_UNRESOLVED / INCONCLUSIVE_RESEARCH,-4677,-1.2792669584245075,0.0,0.7167449139280125,0.6805945171442597,0.7225687428621629,False,False,True,TARGET_CUT_RISK_UNRESOLVED / INCONCLUSIVE_RESEARCH
M3_EXCLUDE_HEARTBEAT_ONLY,1000,-300,60000,False,False,False,False,-48992,-10.318449873631003,0.0,0.6920222634508348,0.6638222645397813,1.0239614267532553,False,False,True,TARGET_CUT_RISK_UNRESOLVED / INCONCLUSIVE_RESEARCH,-10193,-2.788019693654267,0.0,0.7586933614330874,0.7304625393227574,0.8721264788210394,False,False,True,TARGET_CUT_RISK_UNRESOLVED / INCONCLUSIVE_RESEARCH
M3_EXCLUDE_HEARTBEAT_ONLY,1000,-300,120000,False,False,False,False,-28680,-6.040438079191238,0.0,0.766407904022583,0.7436752522152784,0.9759522039652514,False,False,True,TARGET_CUT_RISK_UNRESOLVED / INCONCLUSIVE_RESEARCH,5926,1.6208971553610503,0.0,0.8045492839090144,0.7810229684224682,0.7972858658561064,False,False,True,TARGET_CUT_RISK_UNRESOLVED / INCONCLUSIVE_RESEARCH
M3_EXCLUDE_HEARTBEAT_ONLY,1000,-200,30000,False,False,False,False,-36564,-7.700926705981466,0.0,0.6508172362555721,0.6140373317869129,1.12755497127627,False,False,True,TARGET_CUT_RISK_UNRESOLVED / INCONCLUSIVE_RESEARCH,-23867,-6.528172866520788,0.0,0.7131011608623549,0.6757395054926821,1.0617444546616728,False,False,True,TARGET_CUT_RISK_UNRESOLVED / INCONCLUSIVE_RESEARCH
M3_EXCLUDE_HEARTBEAT_ONLY,1000,-200,60000,False,False,False,False,-71241,-15.004422914911542,0.0,0.6996086105675147,0.6707981836699717,1.3786404151252576,False,False,True,TARGET_CUT_RISK_UNRESOLVED / INCONCLUSIVE_RESEARCH,-39315,-10.75355579868709,0.0,0.7560706401766004,0.7270637722655235,1.248849847390754,False,False,True,TARGET_CUT_RISK_UNRESOLVED / INCONCLUSIVE_RESEARCH
M3_EXCLUDE_HEARTBEAT_ONLY,1000,-200,120000,False,False,False,False,-74958,-15.787278854254422,0.0,0.7743362831858407,0.7513300630135366,1.389387595799035,False,False,True,TARGET_CUT_RISK_UNRESOLVED / INCONCLUSIVE_RESEARCH,-36801,-10.065919037199125,0.0,0.8059701492537313,0.781991543495326,1.1868906675240862,False,False,True,TARGET_CUT_RISK_UNRESOLVED / INCONCLUSIVE_RESEARCH
M3_EXCLUDE_HEARTBEAT_ONLY,1500,-6000,30000,False,False,False,False,188182,39.63395113732098,0.0,0.6021959459459459,0.5740296925371151,0.3434252276903195,False,False,False,TARGET_CUT_RISK_UNRESOLVED / INCONCLUSIVE_RESEARCH,281887,77.10257111597375,0.0,0.6579212916246215,0.6278256215477155,0.24007336222221387,True,False,True,TARGET_CUT_RISK_UNRESOLVED / INCONCLUSIVE_RESEARCH
M3_EXCLUDE_HEARTBEAT_ONLY,1500,-6000,60000,False,False,False,False,388321,81.78622577927548,0.0,0.6449814126394052,0.6213172692419978,0.42411753790217827,False,False,False,TARGET_CUT_RISK_UNRESOLVED / INCONCLUSIVE_RESEARCH,474681,129.83615973741794,0.0,0.6912948061448427,0.6662984122648923,0.32418090279854683,False,False,False,TARGET_CUT_RISK_UNRESOLVED / INCONCLUSIVE_RESEARCH
M3_EXCLUDE_HEARTBEAT_ONLY,1500,-6000,120000,False,False,False,False,610538,128.58845829823085,0.0,0.7082494969818913,0.6878811108619675,0.4450414574570686,False,False,False,TARGET_CUT_RISK_UNRESOLVED / INCONCLUSIVE_RESEARCH,621315,169.94392778993435,0.0,0.7364532019704434,0.7144864710910658,0.3609418941834683,False,False,False,TARGET_CUT_RISK_UNRESOLVED / INCONCLUSIVE_RESEARCH
M3_EXCLUDE_HEARTBEAT_ONLY,1500,-5000,30000,False,False,False,False,180357,37.98588879528222,0.0,0.603595890410959,0.5752479210212165,0.3559979419056083,False,False,False,TARGET_CUT_RISK_UNRESOLVED / INCONCLUSIVE_RESEARCH,256392,70.12910284463895,0.0,0.6560574948665298,0.6256647575020802,0.2546456953444382,False,False,True,TARGET_CUT_RISK_UNRESOLVED / INCONCLUSIVE_RESEARCH
M3_EXCLUDE_HEARTBEAT_ONLY,1500,-5000,60000,False,False,False,False,351821,74.09877843302444,0.0,0.6463949843260188,0.6226062222129816,0.44706172282856144,False,False,False,TARGET_CUT_RISK_UNRESOLVED / INCONCLUSIVE_RESEARCH,447415,122.37828227571116,0.0,0.69236471460341,0.6672194958767996,0.3277622806590817,False,False,True,TARGET_CUT_RISK_UNRESOLVED / INCONCLUSIVE_RESEARCH
M3_EXCLUDE_HEARTBEAT_ONLY,1500,-5000,120000,False,False,False,False,576468,121.41280539174389,0.0,0.7115286947689182,0.6911208794332488,0.46047912883934883,False,False,False,TARGET_CUT_RISK_UNRESOLVED / INCONCLUSIVE_RESEARCH,590899,161.62445295404814,0.0,0.7375311720698254,0.715450378684619,0.3670944754245401,False,False,False,TARGET_CUT_RISK_UNRESOLVED / INCONCLUSIVE_RESEARCH
M3_EXCLUDE_HEARTBEAT_ONLY,1500,-3000,30000,False,False,False,False,115621,24.35151642796967,0.0,0.603448275862069,0.5742548892234479,0.4149861034421416,False,False,True,TARGET_CUT_RISK_UNRESOLVED / INCONCLUSIVE_RESEARCH,172540,47.193654266958426,0.0,0.652972972972973,0.6217207316229946,0.2919487669545336,False,False,True,TARGET_CUT_RISK_UNRESOLVED / INCONCLUSIVE_RESEARCH
M3_EXCLUDE_HEARTBEAT_ONLY,1500,-3000,60000,False,False,False,False,198441,41.79465037910699,0.0,0.6442687747035574,0.6198494797656735,0.5297662553359707,False,False,True,TARGET_CUT_RISK_UNRESOLVED / INCONCLUSIVE_RESEARCH,309516,84.6597374179431,0.0,0.6972762645914397,0.6715986967386744,0.3720697810948477,False,False,True,TARGET_CUT_RISK_UNRESOLVED / INCONCLUSIVE_RESEARCH
M3_EXCLUDE_HEARTBEAT_ONLY,1500,-3000,120000,False,False,False,False,347355,73.15817186183656,0.0,0.7126984126984127,0.6918826911392719,0.5471542059147474,False,False,True,TARGET_CUT_RISK_UNRESOLVED / INCONCLUSIVE_RESEARCH,433202,118.49070021881838,0.0,0.75,0.727739612509151,0.40101211938456194,False,False,True,TARGET_CUT_RISK_UNRESOLVED / INCONCLUSIVE_RESEARCH
M3_EXCLUDE_HEARTBEAT_ONLY,1500,-2000,30000,False,False,False,False,53473,11.262215669755687,0.0,0.6060311284046692,0.5758197855812752,0.4952730124268129,False,False,True,TARGET_CUT_RISK_UNRESOLVED / INCONCLUSIVE_RESEARCH,106241,29.059354485776804,0.0,0.6651428571428571,0.6332108304636275,0.34912155434440834,False,False,True,TARGET_CUT_RISK_UNRESOLVED / INCONCLUSIVE_RESEARCH
M3_EXCLUDE_HEARTBEAT_ONLY,1500,-2000,60000,False,False,False,False,91069,19.18049705139006,0.0,0.6479663394109397,0.6228100729994512,0.6172048094738057,False,False,True,TARGET_CUT_RISK_UNRESOLVED / INCONCLUSIVE_RESEARCH,215373,58.909463894967175,0.0,0.7113821138211383,0.6854322611611371,0.4142431753988301,False,False,True,TARGET_CUT_RISK_UNRESOLVED / INCONCLUSIVE_RESEARCH
M3_EXCLUDE_HEARTBEAT_ONLY,1500,-2000,120000,False,False,False,False,187742,39.54128053917439,0.0,0.716991643454039,0.6957065674271051,0.6357508894907333,False,False,True,TARGET_CUT_RISK_UNRESOLVED / INCONCLUSIVE_RESEARCH,312812,85.56126914660831,0.0,0.7631935047361299,0.7408552752045144,0.4450787084498116,False,False,True,TARGET_CUT_RISK_UNRESOLVED / INCONCLUSIVE_RESEARCH
M3_EXCLUDE_HEARTBEAT_ONLY,1500,-1500,30000,False,False,False,False,28306,5.961668070766638,0.0,0.6123481781376519,0.5815886758029788,0.5287513447214971,False,False,True,TARGET_CUT_RISK_UNRESOLVED / INCONCLUSIVE_RESEARCH,100686,27.539934354485776,0.0,0.6854066985645934,0.6531422275449633,0.35277583113212635,False,False,True,TARGET_CUT_RISK_UNRESOLVED / INCONCLUSIVE_RESEARCH
M3_EXCLUDE_HEARTBEAT_ONLY,1500,-1500,60000,False,False,False,False,35219,7.417649536647009,0.0,0.6521739130434783,0.6266540585713669,0.683359328293179,False,False,True,TARGET_CUT_RISK_UNRESOLVED / INCONCLUSIVE_RESEARCH,160582,43.92286652078774,0.0,0.7217537942664418,0.695564604920347,0.44653650760580166,False,False,True,TARGET_CUT_RISK_UNRESOLVED / INCONCLUSIVE_RESEARCH
M3_EXCLUDE_HEARTBEAT_ONLY,1500,-1500,120000,False,False,False,False,120790,25.440185341196294,0.0,0.7240984544934173,0.7026646651791273,0.6816875603312503,False,False,True,TARGET_CUT_RISK_UNRESOLVED / INCONCLUSIVE_RESEARCH,249540,68.25492341356674,0.0,0.7749825296995109,0.7526265033961762,0.45609139094121426,False,False,True,TARGET_CUT_RISK_UNRESOLVED / INCONCLUSIVE_RESEARCH
M3_EXCLUDE_HEARTBEAT_ONLY,1500,-1000,30000,False,False,False,False,15616,3.2889637742207247,0.0,0.6216814159292036,0.5896154890311275,0.5537293185198756,False,False,True,TARGET_CUT_RISK_UNRESOLVED / INCONCLUSIVE_RESEARCH,52607,14.389223194748359,0.0,0.687012987012987,0.6534000423723636,0.42312696064545235,False,False,True,TARGET_CUT_RISK_UNRESOLVED / INCONCLUSIVE_RESEARCH
M3_EXCLUDE_HEARTBEAT_ONLY,1500,-1000,60000,False,False,False,False,12705,2.6758635214827295,0.0,0.6638132295719844,0.637529745118928,0.7044870249859404,False,False,True,TARGET_CUT_RISK_UNRESOLVED / INCONCLUSIVE_RESEARCH,89265,24.416028446389497,0.0,0.7281728172817282,0.7012588472485642,0.5135466454528264,False,False,True,TARGET_CUT_RISK_UNRESOLVED / INCONCLUSIVE_RESEARCH
M3_EXCLUDE_HEARTBEAT_ONLY,1500,-1000,120000,False,False,False,False,77139,16.246630160067397,0.0,0.7363304981773997,0.7145116393216161,0.6969879799537237,False,False,True,TARGET_CUT_RISK_UNRESOLVED / INCONCLUSIVE_RESEARCH,161686,44.22483588621444,0.0,0.7837638376383764,0.7610582139918088,0.5017691126922371,False,False,True,TARGET_CUT_RISK_UNRESOLVED / INCONCLUSIVE_RESEARCH
M3_EXCLUDE_HEARTBEAT_ONLY,1500,-700,30000,False,False,False,False,3245,0.6834456613310868,0.0,0.6353077816492451,0.6026210808716892,0.5659571544100935,False,False,True,TARGET_CUT_RISK_UNRESOLVED / INCONCLUSIVE_RESEARCH,20415,5.583971553610503,0.0,0.6851351351351351,0.6507875095495136,0.5171906868328344,False,False,True,TARGET_CUT_RISK_UNRESOLVED / INCONCLUSIVE_RESEARCH
M3_EXCLUDE_HEARTBEAT_ONLY,1500,-700,60000,False,False,False,False,-11294,-2.3786857624262847,0.0,0.6790622473726758,0.6525270077324449,0.7389778311984808,False,False,True,TARGET_CUT_RISK_UNRESOLVED / INCONCLUSIVE_RESEARCH,44180,12.084245076586432,0.0,0.7353215284249767,0.7081193224048211,0.5977567958888187,False,False,True,TARGET_CUT_RISK_UNRESOLVED / INCONCLUSIVE_RESEARCH
M3_EXCLUDE_HEARTBEAT_ONLY,1500,-700,120000,False,False,False,False,41725,8.787910699241786,0.0,0.7501569365976145,0.7283128577997365,0.7327051785749541,False,False,True,TARGET_CUT_RISK_UNRESOLVED / INCONCLUSIVE_RESEARCH,100836,27.580962800875273,0.0,0.791920731707317,0.7691187710694934,0.5771239842599812,False,False,True,TARGET_CUT_RISK_UNRESOLVED / INCONCLUSIVE_RESEARCH
M3_EXCLUDE_HEARTBEAT_ONLY,1500,-500,30000,False,False,False,False,-13397,-2.821609098567818,0.0,0.6464891041162227,0.6132777757779195,0.6215592680986476,False,False,True,TARGET_CUT_RISK_UNRESOLVED / INCONCLUSIVE_RESEARCH,6315,1.7272975929978118,0.0,0.7009873060648801,0.6662780658081179,0.5741387046916289,False,False,True,TARGET_CUT_RISK_UNRESOLVED / INCONCLUSIVE_RESEARCH
M3_EXCLUDE_HEARTBEAT_ONLY,1500,-500,60000,False,False,False,False,-43141,-9.08614153327717,0.0,0.6875522138680034,0.6607305580972306,0.8395689572823748,False,False,True,TARGET_CUT_RISK_UNRESOLVED / INCONCLUSIVE_RESEARCH,19871,5.435175054704596,0.0,0.750965250965251,0.7237369858921462,0.6559806697857671,False,False,True,TARGET_CUT_RISK_UNRESOLVED / INCONCLUSIVE_RESEARCH
M3_EXCLUDE_HEARTBEAT_ONLY,1500,-500,120000,False,False,False,False,-3819,-0.8043386689132266,0.0,0.7585760517799353,0.7366125831905957,0.8165755609582359,False,False,True,TARGET_CUT_RISK_UNRESOLVED / INCONCLUSIVE_RESEARCH,61994,16.956783369803063,0.0,0.803921568627451,0.7812293584906395,0.6313322146246428,False,False,True,TARGET_CUT_RISK_UNRESOLVED / INCONCLUSIVE_RESEARCH
M3_EXCLUDE_HEARTBEAT_ONLY,1500,-300,30000,False,False,False,False,-39394,-8.296967144060657,0.0,0.6482939632545932,0.6137234250070172,0.826822163058996,False,False,True,TARGET_CUT_RISK_UNRESOLVED / INCONCLUSIVE_RESEARCH,-19912,-5.446389496717725,0.0,0.7123695976154992,0.6769872279115805,0.7716608970687122,False,False,True,TARGET_CUT_RISK_UNRESOLVED / INCONCLUSIVE_RESEARCH
M3_EXCLUDE_HEARTBEAT_ONLY,1500,-300,60000,False,False,False,False,-82008,-17.27211457455771,0.0,0.6907953529937444,0.6631022023013755,1.0738040662425912,False,False,True,TARGET_CUT_RISK_UNRESOLVED / INCONCLUSIVE_RESEARCH,-16487,-4.509573304157549,0.0,0.7631578947368421,0.7356606426781775,0.830179972311952,False,False,True,TARGET_CUT_RISK_UNRESOLVED / INCONCLUSIVE_RESEARCH
M3_EXCLUDE_HEARTBEAT_ONLY,1500,-300,120000,False,False,False,False,-73706,-15.523588879528223,0.0,0.7688614540466392,0.7465332175574956,1.093598665395615,False,False,True,TARGET_CUT_RISK_UNRESOLVED / INCONCLUSIVE_RESEARCH,3374,0.9228665207877462,0.0,0.8137254901960784,0.790945123547419,0.7934805345729227,False,False,True,TARGET_CUT_RISK_UNRESOLVED / INCONCLUSIVE_RESEARCH
M3_EXCLUDE_HEARTBEAT_ONLY,1500,-200,30000,False,False,False,False,-52114,-10.975989890480202,0.0,0.6473906911142454,0.6115137075659101,1.0170334235707201,False,False,True,TARGET_CUT_RISK_UNRESOLVED / INCONCLUSIVE_RESEARCH,-39429,-10.784737417943107,0.0,0.7086614173228346,0.6721497203161022,1.0936300567618704,False,False,True,TARGET_CUT_RISK_UNRESOLVED / INCONCLUSIVE_RESEARCH
M3_EXCLUDE_HEARTBEAT_ONLY,1500,-200,60000,False,False,False,False,-100219,-21.107624262847516,0.0,0.6977401129943502,0.6694480820663549,1.3506957594119304,False,False,True,TARGET_CUT_RISK_UNRESOLVED / INCONCLUSIVE_RESEARCH,-48522,-13.271881838074398,0.0,0.7595338983050848,0.7312547151817549,1.1283784508749906,False,False,True,TARGET_CUT_RISK_UNRESOLVED / INCONCLUSIVE_RESEARCH
M3_EXCLUDE_HEARTBEAT_ONLY,1500,-200,120000,False,False,False,False,-113570,-23.9195450716091,0.0,0.7772206303724928,0.7546485242896159,1.4411646471027393,False,False,True,TARGET_CUT_RISK_UNRESOLVED / INCONCLUSIVE_RESEARCH,-43521,-11.903993435448578,0.0,0.814468085106383,0.7912292055901653,1.1375259820789156,False,False,True,TARGET_CUT_RISK_UNRESOLVED / INCONCLUSIVE_RESEARCH
M3_EXCLUDE_HEARTBEAT_ONLY,2000,-6000,30000,False,False,False,False,168955,35.58445661331087,0.0,0.6014790468364831,0.5736944809630296,0.35924569074671214,False,False,False,TARGET_CUT_RISK_UNRESOLVED / INCONCLUSIVE_RESEARCH,280947,76.84545951859957,0.0,0.6571428571428571,0.6273981853060173,0.24266303010705825,True,False,True,TARGET_CUT_RISK_UNRESOLVED / INCONCLUSIVE_RESEARCH
M3_EXCLUDE_HEARTBEAT_ONLY,2000,-6000,60000,False,False,False,False,366228,77.13310867733783,0.0,0.6470234515935057,0.6237399767484133,0.42661664049017894,False,False,False,TARGET_CUT_RISK_UNRESOLVED / INCONCLUSIVE_RESEARCH,480920,131.5426695842451,0.0,0.6937321937321937,0.6691199147323905,0.3323408936929321,False,False,False,TARGET_CUT_RISK_UNRESOLVED / INCONCLUSIVE_RESEARCH
M3_EXCLUDE_HEARTBEAT_ONLY,2000,-6000,120000,False,False,False,False,610513,128.58319292333613,0.0,0.7144259077526988,0.6944265068826457,0.45345572040664806,False,False,False,TARGET_CUT_RISK_UNRESOLVED / INCONCLUSIVE_RESEARCH,622236,170.19584245076587,0.0,0.7373798076923077,0.7157066440785029,0.3922688829812882,False,False,False,TARGET_CUT_RISK_UNRESOLVED / INCONCLUSIVE_RESEARCH
M3_EXCLUDE_HEARTBEAT_ONLY,2000,-5000,30000,False,False,False,False,160130,33.72577927548441,0.0,0.6028309741881765,0.5748719488909946,0.3721681885676408,False,False,True,TARGET_CUT_RISK_UNRESOLVED / INCONCLUSIVE_RESEARCH,254110,69.50492341356674,0.0,0.655310621242485,0.6252793527888946,0.25702431497223777,False,False,True,TARGET_CUT_RISK_UNRESOLVED / INCONCLUSIVE_RESEARCH
M3_EXCLUDE_HEARTBEAT_ONLY,2000,-5000,60000,False,False,False,False,325728,68.60320134793598,0.0,0.648418491484185,0.6250167080108093,0.44970347682745243,False,False,False,TARGET_CUT_RISK_UNRESOLVED / INCONCLUSIVE_RESEARCH,452970,123.89770240700219,0.0,0.6948051948051948,0.6700512899645965,0.3355256009631056,False,False,True,TARGET_CUT_RISK_UNRESOLVED / INCONCLUSIVE_RESEARCH
M3_EXCLUDE_HEARTBEAT_ONLY,2000,-5000,120000,False,False,False,False,569164,119.87447346251054,0.0,0.7176820208023774,0.6976486388529878,0.4711768115019257,False,False,False,TARGET_CUT_RISK_UNRESOLVED / INCONCLUSIVE_RESEARCH,590941,161.6359409190372,0.0,0.7390510948905109,0.7172831029817899,0.39845912297829084,False,False,True,TARGET_CUT_RISK_UNRESOLVED / INCONCLUSIVE_RESEARCH
M3_EXCLUDE_HEARTBEAT_ONLY,2000,-3000,30000,False,False,False,False,94088,19.816343723673125,0.0,0.6028243601059136,0.5740311700267716,0.4235466536394724,False,False,True,TARGET_CUT_RISK_UNRESOLVED / INCONCLUSIVE_RESEARCH,169668,46.40809628008753,0.0,0.6522655426765016,0.6214059939582482,0.2897577115671755,False,False,True,TARGET_CUT_RISK_UNRESOLVED / INCONCLUSIVE_RESEARCH
M3_EXCLUDE_HEARTBEAT_ONLY,2000,-3000,60000,False,False,False,False,168113,35.40711878685762,0.0,0.6464194373401535,0.6223934085972717,0.5329656447227346,False,False,True,TARGET_CUT_RISK_UNRESOLVED / INCONCLUSIVE_RESEARCH,297771,81.44721006564552,0.0,0.6989409984871406,0.673666314621582,0.3849477185309153,False,False,True,TARGET_CUT_RISK_UNRESOLVED / INCONCLUSIVE_RESEARCH
M3_EXCLUDE_HEARTBEAT_ONLY,2000,-3000,120000,False,False,False,False,329403,69.37721145745577,0.0,0.7195247933884298,0.699094316904652,0.5592196679295328,False,False,True,TARGET_CUT_RISK_UNRESOLVED / INCONCLUSIVE_RESEARCH,420543,115.02817286652079,0.0,0.7519035532994924,0.7299845332179692,0.4384810132032456,False,False,True,TARGET_CUT_RISK_UNRESOLVED / INCONCLUSIVE_RESEARCH
M3_EXCLUDE_HEARTBEAT_ONLY,2000,-2000,30000,False,False,False,False,31789,6.695240101095198,0.0,0.6058601134215501,0.5760826118664886,0.4914427100867361,False,False,True,TARGET_CUT_RISK_UNRESOLVED / INCONCLUSIVE_RESEARCH,98004,26.806345733041574,0.0,0.664071190211346,0.6325564890063559,0.34422392500534,False,False,True,TARGET_CUT_RISK_UNRESOLVED / INCONCLUSIVE_RESEARCH
M3_EXCLUDE_HEARTBEAT_ONLY,2000,-2000,60000,False,False,False,False,62323,13.126158382476833,0.0,0.6507828454731109,0.626039932602184,0.603663017182661,False,False,True,TARGET_CUT_RISK_UNRESOLVED / INCONCLUSIVE_RESEARCH,197589,54.04513129102845,0.0,0.7132701421800948,0.6877431069107133,0.43440133025723343,False,False,True,TARGET_CUT_RISK_UNRESOLVED / INCONCLUSIVE_RESEARCH
M3_EXCLUDE_HEARTBEAT_ONLY,2000,-2000,120000,False,False,False,False,164809,34.71124684077506,0.0,0.7241566920565833,0.7032725797346551,0.6439163050990632,False,False,True,TARGET_CUT_RISK_UNRESOLVED / INCONCLUSIVE_RESEARCH,291344,79.68927789934355,0.0,0.7653263019116677,0.7433464597737337,0.49310761789600965,False,False,True,TARGET_CUT_RISK_UNRESOLVED / INCONCLUSIVE_RESEARCH
M3_EXCLUDE_HEARTBEAT_ONLY,2000,-1500,30000,False,False,False,False,765,0.16112047177759056,0.0,0.6110019646365422,0.5806900070542433,0.5417900688488019,False,False,True,TARGET_CUT_RISK_UNRESOLVED / INCONCLUSIVE_RESEARCH,94170,25.75765864332604,0.0,0.6848837209302325,0.653071108446693,0.3516485435740159,False,False,True,TARGET_CUT_RISK_UNRESOLVED / INCONCLUSIVE_RESEARCH
M3_EXCLUDE_HEARTBEAT_ONLY,2000,-1500,60000,False,False,False,False,-3717,-0.7828559393428812,0.0,0.6542515811665496,0.6291546414600738,0.6778084211841069,False,False,True,TARGET_CUT_RISK_UNRESOLVED / INCONCLUSIVE_RESEARCH,145422,39.77625820568928,0.0,0.723996723996724,0.6982501583785633,0.4614573581009546,False,False,True,TARGET_CUT_RISK_UNRESOLVED / INCONCLUSIVE_RESEARCH
M3_EXCLUDE_HEARTBEAT_ONLY,2000,-1500,120000,False,False,False,False,83996,17.690817186183658,0.0,0.7301675977653631,0.7091281277981053,0.7060007262820817,False,False,True,TARGET_CUT_RISK_UNRESOLVED / INCONCLUSIVE_RESEARCH,231651,63.36187089715536,0.0,0.7772479564032697,0.7552547300614785,0.5022577433867315,False,False,True,TARGET_CUT_RISK_UNRESOLVED / INCONCLUSIVE_RESEARCH
M3_EXCLUDE_HEARTBEAT_ONLY,2000,-1000,30000,False,False,False,False,-7313,-1.5402274641954508,0.0,0.6209850107066381,0.5894361713387448,0.5766095498282477,False,False,True,TARGET_CUT_RISK_UNRESOLVED / INCONCLUSIVE_RESEARCH,45935,12.564277899343544,0.0,0.6868686868686869,0.6537333684850885,0.4241032248426792,False,False,True,TARGET_CUT_RISK_UNRESOLVED / INCONCLUSIVE_RESEARCH
M3_EXCLUDE_HEARTBEAT_ONLY,2000,-1000,60000,False,False,False,False,-23854,-5.024010109519798,0.0,0.6646571213263,0.6388127711130916,0.712278818150462,False,False,True,TARGET_CUT_RISK_UNRESOLVED / INCONCLUSIVE_RESEARCH,77034,21.070568927789935,0.0,0.7316433566433567,0.705222598084944,0.5417298543289687,False,False,True,TARGET_CUT_RISK_UNRESOLVED / INCONCLUSIVE_RESEARCH
M3_EXCLUDE_HEARTBEAT_ONLY,2000,-1000,120000,False,False,False,False,44464,9.364785172704297,0.0,0.7411137440758294,0.7196870436372411,0.7196037897423869,False,False,True,TARGET_CUT_RISK_UNRESOLVED / INCONCLUSIVE_RESEARCH,141802,38.78610503282276,0.0,0.7863309352517985,0.7640086915810957,0.5734480813255702,False,False,True,TARGET_CUT_RISK_UNRESOLVED / INCONCLUSIVE_RESEARCH
M3_EXCLUDE_HEARTBEAT_ONLY,2000,-700,30000,False,False,False,False,-15435,-3.2508424599831507,0.0,0.6341189674523008,0.6019784394937496,0.580009703094903,False,False,True,TARGET_CUT_RISK_UNRESOLVED / INCONCLUSIVE_RESEARCH,13318,3.6427789934354484,0.0,0.6863517060367454,0.6525432265142213,0.5049078867455244,False,False,True,TARGET_CUT_RISK_UNRESOLVED / INCONCLUSIVE_RESEARCH
M3_EXCLUDE_HEARTBEAT_ONLY,2000,-700,60000,False,False,False,False,-43046,-9.066133108677338,0.0,0.6802507836990596,0.6541529509566133,0.7369837563387182,False,False,True,TARGET_CUT_RISK_UNRESOLVED / INCONCLUSIVE_RESEARCH,31858,8.713894967177243,0.0,0.7391304347826086,0.7124307518509013,0.6199055861526357,False,False,True,TARGET_CUT_RISK_UNRESOLVED / INCONCLUSIVE_RESEARCH
M3_EXCLUDE_HEARTBEAT_ONLY,2000,-700,120000,False,False,False,False,11305,2.3810025273799496,0.0,0.7549019607843137,0.73345022207065,0.7478277186630756,False,False,True,TARGET_CUT_RISK_UNRESOLVED / INCONCLUSIVE_RESEARCH,84047,22.98878555798687,0.0,0.7955390334572491,0.7731578572617757,0.6434646566740501,False,False,True,TARGET_CUT_RISK_UNRESOLVED / INCONCLUSIVE_RESEARCH
M3_EXCLUDE_HEARTBEAT_ONLY,2000,-500,30000,False,False,False,False,-31183,-6.567607413647852,0.0,0.6456140350877193,0.6129659437044372,0.6492150963629323,False,False,True,TARGET_CUT_RISK_UNRESOLVED / INCONCLUSIVE_RESEARCH,2924,0.799781181619256,0.0,0.7041095890410959,0.6699996333965285,0.5207854412947398,False,False,True,TARGET_CUT_RISK_UNRESOLVED / INCONCLUSIVE_RESEARCH
M3_EXCLUDE_HEARTBEAT_ONLY,2000,-500,60000,False,False,False,False,-74743,-15.741996630160067,0.0,0.6888168557536467,0.6624328006238412,0.8340361554757818,False,False,True,TARGET_CUT_RISK_UNRESOLVED / INCONCLUSIVE_RESEARCH,11119,3.041301969365427,0.0,0.755868544600939,0.7291796108089555,0.6603657972113363,False,False,True,TARGET_CUT_RISK_UNRESOLVED / INCONCLUSIVE_RESEARCH
M3_EXCLUDE_HEARTBEAT_ONLY,2000,-500,120000,False,False,False,False,-34623,-7.29212299915754,0.0,0.7629582806573957,0.7413810469402523,0.8339702385708342,False,False,True,TARGET_CUT_RISK_UNRESOLVED / INCONCLUSIVE_RESEARCH,50562,13.829868708971553,0.0,0.8078101071975498,0.7855500429911708,0.6844344478162641,False,False,True,TARGET_CUT_RISK_UNRESOLVED / INCONCLUSIVE_RESEARCH
M3_EXCLUDE_HEARTBEAT_ONLY,2000,-300,30000,False,False,False,False,-56908,-11.985678180286437,0.0,0.6468354430379747,0.6128692164369934,0.8489106808876308,False,False,True,TARGET_CUT_RISK_UNRESOLVED / INCONCLUSIVE_RESEARCH,-24195,-6.6178884026258205,0.0,0.7144927536231884,0.679677570017341,0.6770343987636505,False,False,True,TARGET_CUT_RISK_UNRESOLVED / INCONCLUSIVE_RESEARCH
M3_EXCLUDE_HEARTBEAT_ONLY,2000,-300,60000,False,False,False,False,-111147,-23.4092249368155,0.0,0.6921075455333912,0.6648610061803044,1.0549023694158375,False,False,True,TARGET_CUT_RISK_UNRESOLVED / INCONCLUSIVE_RESEARCH,-24522,-6.707330415754924,0.0,0.767487684729064,0.7405205302803679,0.8209123616351807,False,False,True,TARGET_CUT_RISK_UNRESOLVED / INCONCLUSIVE_RESEARCH
M3_EXCLUDE_HEARTBEAT_ONLY,2000,-300,120000,False,False,False,False,-101563,-21.390690817186183,0.0,0.7734584450402144,0.7515317697629803,1.0921018019202946,False,False,True,TARGET_CUT_RISK_UNRESOLVED / INCONCLUSIVE_RESEARCH,-10266,-2.8079868708971554,0.0,0.8162939297124601,0.7938872358743105,0.8662054761447232,False,False,True,TARGET_CUT_RISK_UNRESOLVED / INCONCLUSIVE_RESEARCH
M3_EXCLUDE_HEARTBEAT_ONLY,2000,-200,30000,False,False,False,False,-67582,-14.233782645324347,0.0,0.6467391304347826,0.6115265778965489,0.9930662209775047,False,False,True,TARGET_CUT_RISK_UNRESOLVED / INCONCLUSIVE_RESEARCH,-44312,-12.120350109409191,0.0,0.7110091743119266,0.6751159395082218,0.8966098389882444,False,False,True,TARGET_CUT_RISK_UNRESOLVED / INCONCLUSIVE_RESEARCH
M3_EXCLUDE_HEARTBEAT_ONLY,2000,-200,60000,False,False,False,False,-122951,-25.895324347093513,0.0,0.70018281535649,0.672370623742083,1.2375479229446382,False,False,True,TARGET_CUT_RISK_UNRESOLVED / INCONCLUSIVE_RESEARCH,-56877,-15.557166301969366,0.0,0.7649484536082474,0.7372509603037133,1.0669894395897297,False,False,True,TARGET_CUT_RISK_UNRESOLVED / INCONCLUSIVE_RESEARCH
M3_EXCLUDE_HEARTBEAT_ONLY,2000,-200,120000,False,False,False,False,-134659,-28.361204717775905,0.0,0.7829131652661064,0.7607869070979965,1.3547874265172593,False,False,True,TARGET_CUT_RISK_UNRESOLVED / INCONCLUSIVE_RESEARCH,-57386,-15.696389496717725,0.0,0.8178036605657238,0.7949807250432471,1.182826763666888,False,False,True,TARGET_CUT_RISK_UNRESOLVED / INCONCLUSIVE_RESEARCH
M3_EXCLUDE_HEARTBEAT_ONLY,3000,-6000,30000,False,False,False,False,140308,29.550968828980622,0.0,0.6088353413654618,0.5814324858237749,0.3050632791001433,False,False,True,TARGET_CUT_RISK_UNRESOLVED / INCONCLUSIVE_RESEARCH,265575,72.64086433260394,0.0,0.6608527131782945,0.6314197936681277,0.21382228111810359,True,False,True,TARGET_CUT_RISK_UNRESOLVED / INCONCLUSIVE_RESEARCH
M3_EXCLUDE_HEARTBEAT_ONLY,3000,-6000,60000,False,False,False,False,301201,63.437447346251055,0.0,0.6497076023391812,0.6267836660799496,0.43866240606016627,False,False,False,TARGET_CUT_RISK_UNRESOLVED / INCONCLUSIVE_RESEARCH,485724,132.85667396061268,0.0,0.7005571030640668,0.676358434414071,0.2982868797776499,False,False,True,TARGET_CUT_RISK_UNRESOLVED / INCONCLUSIVE_RESEARCH
M3_EXCLUDE_HEARTBEAT_ONLY,3000,-6000,120000,False,False,False,False,542481,114.25463352990732,0.0,0.7196933397220892,0.7000333762130078,0.4848634214925995,False,False,False,TARGET_CUT_RISK_UNRESOLVED / INCONCLUSIVE_RESEARCH,637901,174.48057986870896,0.0,0.7485311398354877,0.7273753041086269,0.3880473840136094,False,False,True,TARGET_CUT_RISK_UNRESOLVED / INCONCLUSIVE_RESEARCH
M3_EXCLUDE_HEARTBEAT_ONLY,3000,-5000,30000,False,False,False,False,131483,27.69229149115417,0.0,0.6102522375915378,0.5826832175201315,0.31534404192112264,False,False,True,TARGET_CUT_RISK_UNRESOLVED / INCONCLUSIVE_RESEARCH,237738,65.02680525164114,0.0,0.6591133004926109,0.6294013737434704,0.22628624650288123,True,False,True,TARGET_CUT_RISK_UNRESOLVED / INCONCLUSIVE_RESEARCH
M3_EXCLUDE_HEARTBEAT_ONLY,3000,-5000,60000,False,False,False,False,257015,54.131213142375735,0.0,0.6510940272028386,0.6280576673870275,0.4621095585834354,False,False,True,TARGET_CUT_RISK_UNRESOLVED / INCONCLUSIVE_RESEARCH,452058,123.64824945295405,0.0,0.7016925246826516,0.6773604754857175,0.306601173376817,False,False,True,TARGET_CUT_RISK_UNRESOLVED / INCONCLUSIVE_RESEARCH
M3_EXCLUDE_HEARTBEAT_ONLY,3000,-5000,120000,False,False,False,False,492988,103.83066554338669,0.0,0.7229206963249516,0.7032313662719666,0.5073536987007908,False,False,True,TARGET_CUT_RISK_UNRESOLVED / INCONCLUSIVE_RESEARCH,599932,164.09518599562364,0.0,0.7501487209994051,0.7288984863650627,0.3940396498650124,False,False,True,TARGET_CUT_RISK_UNRESOLVED / INCONCLUSIVE_RESEARCH
M3_EXCLUDE_HEARTBEAT_ONLY,3000,-3000,30000,False,False,False,False,72195,15.205349620893008,0.0,0.6112068965517241,0.5828312084808684,0.3457344310237766,False,False,True,TARGET_CUT_RISK_UNRESOLVED / INCONCLUSIVE_RESEARCH,151794,41.5191466083151,0.0,0.6563146997929606,0.6257985643542485,0.2566809919262334,False,False,True,TARGET_CUT_RISK_UNRESOLVED / INCONCLUSIVE_RESEARCH
M3_EXCLUDE_HEARTBEAT_ONLY,3000,-3000,60000,False,False,False,False,109208,23.00084245998315,0.0,0.651336233685519,0.6277157430128564,0.5348417450203177,False,False,True,TARGET_CUT_RISK_UNRESOLVED / INCONCLUSIVE_RESEARCH,287713,78.6961159737418,0.0,0.7060561299852289,0.681234941553002,0.34432916394754903,False,False,True,TARGET_CUT_RISK_UNRESOLVED / INCONCLUSIVE_RESEARCH
M3_EXCLUDE_HEARTBEAT_ONLY,3000,-3000,120000,False,False,False,False,248064,52.24599831508004,0.0,0.7261724659606656,0.7061226748676078,0.5993921954616368,False,False,True,TARGET_CUT_RISK_UNRESOLVED / INCONCLUSIVE_RESEARCH,419778,114.81892778993435,0.0,0.7625542467451953,0.7411799569572308,0.430480819469535,False,False,True,TARGET_CUT_RISK_UNRESOLVED / INCONCLUSIVE_RESEARCH
M3_EXCLUDE_HEARTBEAT_ONLY,3000,-2000,30000,False,False,False,False,7482,1.575821398483572,0.0,0.6143911439114391,0.585060183978881,0.39579213913885636,False,False,True,TARGET_CUT_RISK_UNRESOLVED / INCONCLUSIVE_RESEARCH,78998,21.607768052516413,0.0,0.66775956284153,0.6365947393425853,0.29573351741221454,False,False,True,TARGET_CUT_RISK_UNRESOLVED / INCONCLUSIVE_RESEARCH
M3_EXCLUDE_HEARTBEAT_ONLY,3000,-2000,60000,False,False,False,False,106,0.02232518955349621,0.0,0.6558570483123759,0.6315342876428391,0.6116193319457672,False,False,True,TARGET_CUT_RISK_UNRESOLVED / INCONCLUSIVE_RESEARCH,183927,50.308260393873084,0.0,0.7201233616037008,0.6950684383842087,0.398927263299392,False,False,True,TARGET_CUT_RISK_UNRESOLVED / INCONCLUSIVE_RESEARCH
M3_EXCLUDE_HEARTBEAT_ONLY,3000,-2000,120000,False,False,False,False,77305,16.281592249368156,0.0,0.7316684378320936,0.7111928709950884,0.6895335364545337,False,False,True,TARGET_CUT_RISK_UNRESOLVED / INCONCLUSIVE_RESEARCH,287295,78.58178336980306,0.0,0.7764175257731959,0.7550208519835988,0.47803873347679066,False,False,True,TARGET_CUT_RISK_UNRESOLVED / INCONCLUSIVE_RESEARCH
M3_EXCLUDE_HEARTBEAT_ONLY,3000,-1500,30000,False,False,False,False,-18611,-3.919755686604886,0.0,0.6199616122840691,0.5900998090895965,0.407068274509458,False,False,True,TARGET_CUT_RISK_UNRESOLVED / INCONCLUSIVE_RESEARCH,69416,18.98687089715536,0.0,0.6860730593607306,0.6545847211136774,0.30294432299176705,False,False,True,TARGET_CUT_RISK_UNRESOLVED / INCONCLUSIVE_RESEARCH
M3_EXCLUDE_HEARTBEAT_ONLY,3000,-1500,60000,False,False,False,False,-59094,-12.446082561078349,0.0,0.6600547195622435,0.6353823522935236,0.6614968222305113,False,False,True,TARGET_CUT_RISK_UNRESOLVED / INCONCLUSIVE_RESEARCH,123166,33.68873085339168,0.0,0.7290167865707434,0.7037137165417561,0.4374891941988428,False,False,True,TARGET_CUT_RISK_UNRESOLVED / INCONCLUSIVE_RESEARCH
M3_EXCLUDE_HEARTBEAT_ONLY,3000,-1500,120000,False,False,False,False,9289,1.956402695871946,0.0,0.7392017495899399,0.7185930710890936,0.7400924880357047,False,False,True,TARGET_CUT_RISK_UNRESOLVED / INCONCLUSIVE_RESEARCH,224903,61.51613785557987,0.0,0.7876165113182424,0.7662123364678501,0.48427221199961573,False,False,True,TARGET_CUT_RISK_UNRESOLVED / INCONCLUSIVE_RESEARCH
M3_EXCLUDE_HEARTBEAT_ONLY,3000,-1000,30000,False,False,False,False,-23716,-4.994945240101095,0.0,0.6311389759665622,0.6001020090250744,0.4169445590915566,False,False,True,TARGET_CUT_RISK_UNRESOLVED / INCONCLUSIVE_RESEARCH,22773,6.2289387308533914,0.0,0.6881188118811881,0.65534942037414,0.37236330057384076,False,False,True,TARGET_CUT_RISK_UNRESOLVED / INCONCLUSIVE_RESEARCH
M3_EXCLUDE_HEARTBEAT_ONLY,3000,-1000,60000,False,False,False,False,-72251,-15.21714406065712,0.0,0.6718061674008811,0.6464162184615053,0.6969474138961146,False,False,True,TARGET_CUT_RISK_UNRESOLVED / INCONCLUSIVE_RESEARCH,56113,15.348194748358862,0.0,0.7376068376068377,0.7116502097326262,0.5132851382851383,False,False,True,TARGET_CUT_RISK_UNRESOLVED / INCONCLUSIVE_RESEARCH
M3_EXCLUDE_HEARTBEAT_ONLY,3000,-1000,120000,False,False,False,False,-29900,-6.2973883740522325,0.0,0.7492745211839814,0.7282696197826294,0.7706528264172979,False,False,True,TARGET_CUT_RISK_UNRESOLVED / INCONCLUSIVE_RESEARCH,137155,37.51504376367615,0.0,0.7998590556730092,0.7782442003385748,0.5370469216206564,False,False,True,TARGET_CUT_RISK_UNRESOLVED / INCONCLUSIVE_RESEARCH
M3_EXCLUDE_HEARTBEAT_ONLY,3000,-700,30000,False,False,False,False,-37753,-7.9513479359730415,0.0,0.6433260393873085,0.6117308009577346,0.47907558862129207,False,False,True,TARGET_CUT_RISK_UNRESOLVED / INCONCLUSIVE_RESEARCH,-8645,-2.3646061269146608,0.0,0.6885456885456885,0.6551238081970008,0.4272631056007949,False,False,True,TARGET_CUT_RISK_UNRESOLVED / INCONCLUSIVE_RESEARCH
M3_EXCLUDE_HEARTBEAT_ONLY,3000,-700,60000,False,False,False,False,-96017,-20.222620050547597,0.0,0.6857360793287567,0.6600954546035961,0.7347422775782755,False,False,True,TARGET_CUT_RISK_UNRESOLVED / INCONCLUSIVE_RESEARCH,11975,3.275437636761488,0.0,0.745792736935341,0.7195903868034116,0.5910139698787599,False,False,True,TARGET_CUT_RISK_UNRESOLVED / INCONCLUSIVE_RESEARCH
M3_EXCLUDE_HEARTBEAT_ONLY,3000,-700,120000,False,False,False,False,-69501,-14.637952822240944,0.0,0.7606478704259149,0.7395805280989366,0.8278429342307003,False,False,True,TARGET_CUT_RISK_UNRESOLVED / INCONCLUSIVE_RESEARCH,71213,19.47839168490153,0.0,0.8069919883466861,0.7852716038370255,0.6047596704623673,False,False,True,TARGET_CUT_RISK_UNRESOLVED / INCONCLUSIVE_RESEARCH
M3_EXCLUDE_HEARTBEAT_ONLY,3000,-500,30000,False,False,False,False,-56904,-11.984835720303286,0.0,0.6533637400228051,0.6212600038997051,0.554966468497542,False,False,True,TARGET_CUT_RISK_UNRESOLVED / INCONCLUSIVE_RESEARCH,-18424,-5.039387308533917,0.0,0.7060402684563758,0.6723365901030189,0.47253794100256225,False,False,True,TARGET_CUT_RISK_UNRESOLVED / INCONCLUSIVE_RESEARCH
M3_EXCLUDE_HEARTBEAT_ONLY,3000,-500,60000,False,False,False,False,-128305,-27.02295703454086,0.0,0.6929755327545383,0.6670255865686675,0.8299050771928714,False,False,True,TARGET_CUT_RISK_UNRESOLVED / INCONCLUSIVE_RESEARCH,-9923,-2.714168490153173,0.0,0.7621671258034894,0.7359863680564136,0.6394993473691682,False,False,True,TARGET_CUT_RISK_UNRESOLVED / INCONCLUSIVE_RESEARCH
M3_EXCLUDE_HEARTBEAT_ONLY,3000,-500,120000,False,False,False,False,-115989,-24.429022746419545,0.0,0.7671826625386997,0.7459514162552193,0.928564347847637,False,False,True,TARGET_CUT_RISK_UNRESOLVED / INCONCLUSIVE_RESEARCH,37895,10.36515317286652,0.0,0.8195488721804511,0.7979702721060007,0.6399837774930349,False,False,True,TARGET_CUT_RISK_UNRESOLVED / INCONCLUSIVE_RESEARCH
M3_EXCLUDE_HEARTBEAT_ONLY,3000,-300,30000,False,False,False,False,-80016,-16.85256950294861,0.0,0.655980271270037,0.6226192913994983,0.6715054712319096,False,False,True,TARGET_CUT_RISK_UNRESOLVED / INCONCLUSIVE_RESEARCH,-44211,-12.092724288840262,0.0,0.7163120567375887,0.6819338366405971,0.6002755326965467,False,False,True,TARGET_CUT_RISK_UNRESOLVED / INCONCLUSIVE_RESEARCH
M3_EXCLUDE_HEARTBEAT_ONLY,3000,-300,60000,False,False,False,False,-156316,-32.92249368155013,0.0,0.6967905405405406,0.6700072337776698,1.0256448914481364,False,False,True,TARGET_CUT_RISK_UNRESOLVED / INCONCLUSIVE_RESEARCH,-45909,-12.557166301969366,0.0,0.7733847637415622,0.746922736160399,0.7976901023890784,False,False,True,TARGET_CUT_RISK_UNRESOLVED / INCONCLUSIVE_RESEARCH
M3_EXCLUDE_HEARTBEAT_ONLY,3000,-300,120000,False,False,False,False,-168138,-35.412384161752314,0.0,0.7787261982928431,0.7571917987842348,1.16342749288659,False,False,True,TARGET_CUT_RISK_UNRESOLVED / INCONCLUSIVE_RESEARCH,-29612,-8.099562363238512,0.0,0.82574568288854,0.8039452405261103,0.8323441195009793,False,False,True,TARGET_CUT_RISK_UNRESOLVED / INCONCLUSIVE_RESEARCH
M3_EXCLUDE_HEARTBEAT_ONLY,3000,-200,30000,False,False,False,False,-84037,-17.69945240101095,0.0,0.6574074074074074,0.6228585214294335,0.720447710054441,False,False,True,TARGET_CUT_RISK_UNRESOLVED / INCONCLUSIVE_RESEARCH,-63635,-17.40563457330416,0.0,0.7125748502994012,0.6771168397582619,0.7570588662263192,False,False,True,TARGET_CUT_RISK_UNRESOLVED / INCONCLUSIVE_RESEARCH
M3_EXCLUDE_HEARTBEAT_ONLY,3000,-200,60000,False,False,False,False,-152984,-32.22072451558551,0.0,0.7064056939501779,0.6791152104593727,1.0956613203378331,False,False,True,TARGET_CUT_RISK_UNRESOLVED / INCONCLUSIVE_RESEARCH,-77192,-21.11378555798687,0.0,0.7709384460141272,0.7437582809103521,0.9948378209497841,False,False,True,TARGET_CUT_RISK_UNRESOLVED / INCONCLUSIVE_RESEARCH
M3_EXCLUDE_HEARTBEAT_ONLY,3000,-200,120000,False,False,False,False,-181923,-38.31571187868576,0.0,0.7901234567901234,0.7684721035586831,1.3480992714112467,False,False,True,TARGET_CUT_RISK_UNRESOLVED / INCONCLUSIVE_RESEARCH,-77166,-21.106673960612692,0.0,0.8274734260016353,0.8052805741509861,1.0965754290772396,False,False,True,TARGET_CUT_RISK_UNRESOLVED / INCONCLUSIVE_RESEARCH
M3_EXCLUDE_HEARTBEAT_ONLY,5000,-6000,30000,False,False,False,False,90881,19.14090143218197,0.0,0.6092136616362193,0.5819684948950027,0.22470839468673148,True,True,True,INCONCLUSIVE_RESEARCH,246810,67.5082056892779,0.0,0.6644165863066538,0.6351169376668041,0.13415770070463964,True,True,True,INCONCLUSIVE_RESEARCH
M3_EXCLUDE_HEARTBEAT_ONLY,5000,-6000,60000,False,False,False,False,156702,33.003791069924176,0.0,0.6493135011441648,0.6266383222556403,0.3832369403861813,False,False,True,TARGET_CUT_RISK_UNRESOLVED / INCONCLUSIVE_RESEARCH,479684,131.20459518599563,0.0,0.7077028885832187,0.68380219194728,0.2454946010515511,True,False,True,TARGET_CUT_RISK_UNRESOLVED / INCONCLUSIVE_RESEARCH
M3_EXCLUDE_HEARTBEAT_ONLY,5000,-6000,120000,False,False,False,False,408708,86.08003369839932,0.0,0.7260338345864662,0.7066901082134762,0.4703835338024634,False,False,True,TARGET_CUT_RISK_UNRESOLVED / INCONCLUSIVE_RESEARCH,606362,165.8539387308534,0.0,0.7579617834394905,0.7372028149754372,0.3795178245730393,False,False,True,TARGET_CUT_RISK_UNRESOLVED / INCONCLUSIVE_RESEARCH
M3_EXCLUDE_HEARTBEAT_ONLY,5000,-5000,30000,False,False,False,False,80056,16.86099410278012,0.0,0.6106194690265486,0.5832110811187574,0.2328090505081486,True,False,True,TARGET_CUT_RISK_UNRESOLVED / INCONCLUSIVE_RESEARCH,223024,61.00218818380744,0.0,0.6637254901960784,0.6341663756348942,0.14143559793610186,True,True,True,INCONCLUSIVE_RESEARCH
M3_EXCLUDE_HEARTBEAT_ONLY,5000,-5000,60000,False,False,False,False,108500,22.85172704296546,0.0,0.6504629629629629,0.6276697269337362,0.4041837279044955,False,False,True,TARGET_CUT_RISK_UNRESOLVED / INCONCLUSIVE_RESEARCH,450898,123.33096280087527,0.0,0.7096100278551533,0.6855969016823064,0.250717569936575,False,False,True,TARGET_CUT_RISK_UNRESOLVED / INCONCLUSIVE_RESEARCH
M3_EXCLUDE_HEARTBEAT_ONLY,5000,-5000,120000,False,False,False,False,351591,74.05033698399326,0.0,0.7291271347248577,0.7097517275201063,0.49275289270953393,False,False,True,TARGET_CUT_RISK_UNRESOLVED / INCONCLUSIVE_RESEARCH,574881,157.24316192560175,0.0,0.7602579132473622,0.7394288401842393,0.37703620302606977,False,False,True,TARGET_CUT_RISK_UNRESOLVED / INCONCLUSIVE_RESEARCH
M3_EXCLUDE_HEARTBEAT_ONLY,5000,-3000,30000,False,False,False,False,21630,4.555602358887953,0.0,0.6112531969309463,0.583037168943991,0.2506557620934275,False,False,True,TARGET_CUT_RISK_UNRESOLVED / INCONCLUSIVE_RESEARCH,136926,37.45240700218818,0.0,0.6611740473738414,0.6308204495064159,0.16009401764440723,True,False,True,TARGET_CUT_RISK_UNRESOLVED / INCONCLUSIVE_RESEARCH
M3_EXCLUDE_HEARTBEAT_ONLY,5000,-3000,60000,False,False,False,False,-37132,-7.820556023588879,0.0,0.6498172959805115,0.6264188834805743,0.4522631480420465,False,False,True,TARGET_CUT_RISK_UNRESOLVED / INCONCLUSIVE_RESEARCH,268113,73.33506564551422,0.0,0.7145985401459855,0.6901107001783532,0.2870667039066626,False,False,True,TARGET_CUT_RISK_UNRESOLVED / INCONCLUSIVE_RESEARCH
M3_EXCLUDE_HEARTBEAT_ONLY,5000,-3000,120000,False,False,False,False,83024,17.486099410278012,0.0,0.7315502724120851,0.7117938330065574,0.5846213388990216,False,False,True,TARGET_CUT_RISK_UNRESOLVED / INCONCLUSIVE_RESEARCH,368229,100.71909190371991,0.0,0.7730886850152905,0.7521605907603834,0.41888093998608195,False,False,True,TARGET_CUT_RISK_UNRESOLVED / INCONCLUSIVE_RESEARCH
M3_EXCLUDE_HEARTBEAT_ONLY,5000,-2000,30000,False,False,False,False,-37739,-7.948399326032013,0.0,0.614963503649635,0.5858011638428195,0.2612926837655543,False,False,True,TARGET_CUT_RISK_UNRESOLVED / INCONCLUSIVE_RESEARCH,60019,16.416575492341355,0.0,0.6724700761697497,0.6414642871777592,0.18381391053898666,True,False,True,TARGET_CUT_RISK_UNRESOLVED / INCONCLUSIVE_RESEARCH
M3_EXCLUDE_HEARTBEAT_ONLY,5000,-2000,60000,False,False,False,False,-135959,-28.635004212299915,0.0,0.6551948051948052,0.6310961903882303,0.5239451244454234,False,False,True,TARGET_CUT_RISK_UNRESOLVED / INCONCLUSIVE_RESEARCH,159143,43.52926695842451,0.0,0.7284515636918383,0.7037348015083398,0.33586704736894263,False,False,True,TARGET_CUT_RISK_UNRESOLVED / INCONCLUSIVE_RESEARCH
M3_EXCLUDE_HEARTBEAT_ONLY,5000,-2000,120000,False,False,False,False,-63552,-13.385004212299915,0.0,0.7386304234187141,0.7184767555759733,0.6624497867992807,False,False,True,TARGET_CUT_RISK_UNRESOLVED / INCONCLUSIVE_RESEARCH,248659,68.01394967177242,0.0,0.7885350318471338,0.7676442359175569,0.44833395837983414,False,False,True,TARGET_CUT_RISK_UNRESOLVED / INCONCLUSIVE_RESEARCH
M3_EXCLUDE_HEARTBEAT_ONLY,5000,-1500,30000,False,False,False,False,-57599,-12.131213142375737,0.0,0.6204933586337761,0.5908099190664139,0.24778346644432325,True,False,True,TARGET_CUT_RISK_UNRESOLVED / INCONCLUSIVE_RESEARCH,48389,13.235503282275712,0.0,0.6897727272727273,0.6584399880491865,0.1712344902141117,True,True,True,INCONCLUSIVE_RESEARCH
M3_EXCLUDE_HEARTBEAT_ONLY,5000,-1500,60000,False,False,False,False,-182558,-38.44945240101095,0.0,0.6597315436241611,0.635290789505111,0.5650417045914883,False,False,True,TARGET_CUT_RISK_UNRESOLVED / INCONCLUSIVE_RESEARCH,103477,28.303336980306344,0.0,0.7373417721518988,0.712387991304207,0.36358102509858886,False,False,True,TARGET_CUT_RISK_UNRESOLVED / INCONCLUSIVE_RESEARCH
M3_EXCLUDE_HEARTBEAT_ONLY,5000,-1500,120000,False,False,False,False,-106294,-22.387110362257793,0.0,0.7475780409041981,0.7273287276337875,0.6983310195678453,False,False,True,TARGET_CUT_RISK_UNRESOLVED / INCONCLUSIVE_RESEARCH,192226,52.578227571115974,0.0,0.7992100065832785,0.7783213450270761,0.45206909501581494,False,False,True,TARGET_CUT_RISK_UNRESOLVED / INCONCLUSIVE_RESEARCH
M3_EXCLUDE_HEARTBEAT_ONLY,5000,-1000,30000,False,False,False,False,-62439,-13.150589721988206,0.0,0.631198347107438,0.6003413147414768,0.30666798603355905,False,False,True,TARGET_CUT_RISK_UNRESOLVED / INCONCLUSIVE_RESEARCH,4151,1.1353938730853392,0.0,0.6929716399506781,0.6603780763747457,0.2057330482850256,True,False,True,TARGET_CUT_RISK_UNRESOLVED / INCONCLUSIVE_RESEARCH
M3_EXCLUDE_HEARTBEAT_ONLY,5000,-1000,60000,False,False,False,False,-191582,-40.350042122999156,0.0,0.6705118961788031,0.6453344433999698,0.6006772642352721,False,False,True,TARGET_CUT_RISK_UNRESOLVED / INCONCLUSIVE_RESEARCH,45389,12.414934354485776,0.0,0.7470389170896785,0.7214837999904115,0.4012458164235776,False,False,True,TARGET_CUT_RISK_UNRESOLVED / INCONCLUSIVE_RESEARCH
M3_EXCLUDE_HEARTBEAT_ONLY,5000,-1000,120000,False,False,False,False,-148548,-31.286436394271274,0.0,0.7564322469982847,0.7357681583307801,0.7731251132706785,False,False,True,TARGET_CUT_RISK_UNRESOLVED / INCONCLUSIVE_RESEARCH,114388,31.287746170678336,0.0,0.8129797627355199,0.7919639091868426,0.49116032047662417,False,False,True,TARGET_CUT_RISK_UNRESOLVED / INCONCLUSIVE_RESEARCH
M3_EXCLUDE_HEARTBEAT_ONLY,5000,-700,30000,False,False,False,False,-72836,-15.340353833192923,0.0,0.6439393939393939,0.6125274103374495,0.34302388867025596,False,False,True,TARGET_CUT_RISK_UNRESOLVED / INCONCLUSIVE_RESEARCH,-28542,-7.8068927789934355,0.0,0.6935897435897436,0.6603542313717672,0.2520202204635682,False,False,True,TARGET_CUT_RISK_UNRESOLVED / INCONCLUSIVE_RESEARCH
M3_EXCLUDE_HEARTBEAT_ONLY,5000,-700,60000,False,False,False,False,-203088,-42.77337826453243,0.0,0.684407796101949,0.6589688184672888,0.6608745620994974,False,False,True,TARGET_CUT_RISK_UNRESOLVED / INCONCLUSIVE_RESEARCH,-2711,-0.7415207877461707,0.0,0.7552631578947369,0.7294759638795345,0.4648672611131442,False,False,True,TARGET_CUT_RISK_UNRESOLVED / INCONCLUSIVE_RESEARCH
M3_EXCLUDE_HEARTBEAT_ONLY,5000,-700,120000,False,False,False,False,-188663,-39.73525695029486,0.0,0.7674556213017751,0.7467216180383167,0.8404770384880796,False,False,True,TARGET_CUT_RISK_UNRESOLVED / INCONCLUSIVE_RESEARCH,53610,14.663566739606127,0.0,0.8203463203463204,0.7992586517767736,0.5349803401085563,False,False,True,TARGET_CUT_RISK_UNRESOLVED / INCONCLUSIVE_RESEARCH
M3_EXCLUDE_HEARTBEAT_ONLY,5000,-500,30000,False,False,False,False,-90242,-19.006318449873632,0.0,0.6538895152198422,0.621979127831766,0.39392462221310004,False,False,True,TARGET_CUT_RISK_UNRESOLVED / INCONCLUSIVE_RESEARCH,-36558,-9.99945295404814,0.0,0.7112299465240641,0.6777386048625549,0.2700731773649824,False,False,True,TARGET_CUT_RISK_UNRESOLVED / INCONCLUSIVE_RESEARCH
M3_EXCLUDE_HEARTBEAT_ONLY,5000,-500,60000,False,False,False,False,-223635,-47.10088458298231,0.0,0.691233514352211,0.6654761498854138,0.7199214865046724,False,False,True,TARGET_CUT_RISK_UNRESOLVED / INCONCLUSIVE_RESEARCH,-26625,-7.282549234135668,0.0,0.7709090909090909,0.7451570307363665,0.5112352634475567,False,False,True,TARGET_CUT_RISK_UNRESOLVED / INCONCLUSIVE_RESEARCH
M3_EXCLUDE_HEARTBEAT_ONLY,5000,-500,120000,False,False,False,False,-230120,-48.466722830665546,0.0,0.773365913255956,0.7524590582120193,0.9377363246785985,False,False,True,TARGET_CUT_RISK_UNRESOLVED / INCONCLUSIVE_RESEARCH,8130,2.223741794310722,0.0,0.8301043219076006,0.8090763973886946,0.5947186066111059,False,False,True,TARGET_CUT_RISK_UNRESOLVED / INCONCLUSIVE_RESEARCH
M3_EXCLUDE_HEARTBEAT_ONLY,5000,-300,30000,False,False,False,False,-112118,-23.613732097725357,0.0,0.656516443361754,0.6233723316266492,0.4952545717303096,False,False,True,TARGET_CUT_RISK_UNRESOLVED / INCONCLUSIVE_RESEARCH,-59007,-16.13977024070022,0.0,0.7217514124293786,0.687612460632505,0.32915860184447226,False,False,True,TARGET_CUT_RISK_UNRESOLVED / INCONCLUSIVE_RESEARCH
M3_EXCLUDE_HEARTBEAT_ONLY,5000,-300,60000,False,False,False,False,-248159,-52.26600673967987,0.0,0.6943521594684385,0.6677464117316216,0.8852010172119146,False,False,True,TARGET_CUT_RISK_UNRESOLVED / INCONCLUSIVE_RESEARCH,-62476,-17.088621444201312,0.0,0.7814885496183206,0.7554663299119485,0.6191631889977407,False,False,True,TARGET_CUT_RISK_UNRESOLVED / INCONCLUSIVE_RESEARCH
M3_EXCLUDE_HEARTBEAT_ONLY,5000,-300,120000,False,False,False,False,-280096,-58.99241786015164,0.0,0.7835385612443292,0.7622991127041724,1.2132048881507995,False,False,True,TARGET_CUT_RISK_UNRESOLVED / INCONCLUSIVE_RESEARCH,-58973,-16.130470459518598,0.0,0.8359253499222395,0.8146892936766768,0.7602662162009639,False,False,True,TARGET_CUT_RISK_UNRESOLVED / INCONCLUSIVE_RESEARCH
M3_EXCLUDE_HEARTBEAT_ONLY,5000,-200,30000,False,False,False,False,-113921,-23.99347093513058,0.0,0.657516339869281,0.6231770128197515,0.5438251424217455,False,False,True,TARGET_CUT_RISK_UNRESOLVED / INCONCLUSIVE_RESEARCH,-76784,-21.00218818380744,0.0,0.7183308494783904,0.6831278339082599,0.3744521048306091,False,False,True,TARGET_CUT_RISK_UNRESOLVED / INCONCLUSIVE_RESEARCH
M3_EXCLUDE_HEARTBEAT_ONLY,5000,-200,60000,False,False,False,False,-238268,-50.182813816343725,0.0,0.7016622922134733,0.674498399804994,0.9793161574119508,False,False,True,TARGET_CUT_RISK_UNRESOLVED / INCONCLUSIVE_RESEARCH,-91215,-24.949398249452955,0.0,0.779441117764471,0.7527282452173587,0.7268278261088361,False,False,True,TARGET_CUT_RISK_UNRESOLVED / INCONCLUSIVE_RESEARCH
M3_EXCLUDE_HEARTBEAT_ONLY,5000,-200,120000,False,False,False,False,-291271,-61.34604043807919,0.0,0.7921462423832092,0.7707075890610902,1.4312138881761152,False,False,True,TARGET_CUT_RISK_UNRESOLVED / INCONCLUSIVE_RESEARCH,-104583,-28.605853391684903,0.0,0.8380566801619433,0.8164672706692677,0.9541467581877241,False,False,True,TARGET_CUT_RISK_UNRESOLVED / INCONCLUSIVE_RESEARCH
M3_EXCLUDE_HEARTBEAT_ONLY,6000,-6000,30000,False,False,False,False,70117,14.767691659646166,0.0,0.6088677751385589,0.5816629915652214,0.21741092398795636,True,False,True,TARGET_CUT_RISK_UNRESOLVED / INCONCLUSIVE_RESEARCH,232945,63.715809628008756,0.0,0.6637764932562621,0.6344801155535911,0.13050867399631338,True,True,True,INCONCLUSIVE_RESEARCH
M3_EXCLUDE_HEARTBEAT_ONLY,6000,-6000,60000,False,False,False,False,118004,24.853411962931762,0.0,0.6501706484641638,0.6275715189312041,0.33363924246391585,False,False,True,TARGET_CUT_RISK_UNRESOLVED / INCONCLUSIVE_RESEARCH,469715,128.47784463894968,0.0,0.708904109589041,0.6850785578638726,0.21066394359555302,True,False,True,TARGET_CUT_RISK_UNRESOLVED / INCONCLUSIVE_RESEARCH
M3_EXCLUDE_HEARTBEAT_ONLY,6000,-6000,120000,False,False,False,False,419893,88.43576242628475,0.0,0.7301587301587301,0.7109614695576119,0.40853408190350704,False,False,True,TARGET_CUT_RISK_UNRESOLVED / INCONCLUSIVE_RESEARCH,581022,158.92286652078775,0.0,0.7599309153713298,0.7392848538480664,0.37053219272477406,False,False,True,TARGET_CUT_RISK_UNRESOLVED / INCONCLUSIVE_RESEARCH
M3_EXCLUDE_HEARTBEAT_ONLY,6000,-5000,30000,False,False,False,False,59292,12.487784330244313,0.0,0.6102646351242983,0.5828973078657849,0.22523925468058423,True,False,True,TARGET_CUT_RISK_UNRESOLVED / INCONCLUSIVE_RESEARCH,209159,57.209792122538296,0.0,0.66307541625857,0.633519761568465,0.13758861582723897,True,True,True,INCONCLUSIVE_RESEARCH
M3_EXCLUDE_HEARTBEAT_ONLY,6000,-5000,60000,False,False,False,False,69802,14.701347935973041,0.0,0.6513233601841196,0.6286074808357653,0.3517170284268657,False,False,True,TARGET_CUT_RISK_UNRESOLVED / INCONCLUSIVE_RESEARCH,440840,120.57986870897156,0.0,0.7108183079056866,0.686881809581069,0.21336230795537883,True,False,True,TARGET_CUT_RISK_UNRESOLVED / INCONCLUSIVE_RESEARCH
M3_EXCLUDE_HEARTBEAT_ONLY,6000,-5000,120000,False,False,False,False,361193,76.07266217354676,0.0,0.7332704995287465,0.7140445749942902,0.4277273403517768,False,False,True,TARGET_CUT_RISK_UNRESOLVED / INCONCLUSIVE_RESEARCH,550583,150.59710065645515,0.0,0.7622377622377622,0.7415238442440034,0.36568014555005335,False,False,True,TARGET_CUT_RISK_UNRESOLVED / INCONCLUSIVE_RESEARCH
M3_EXCLUDE_HEARTBEAT_ONLY,6000,-3000,30000,False,False,False,False,2866,0.6036225779275485,0.0,0.610875106202209,0.5827038644739991,0.2374471262480551,True,False,True,TARGET_CUT_RISK_UNRESOLVED / INCONCLUSIVE_RESEARCH,124061,33.933533916849015,0.0,0.6604938271604939,0.6301443573320834,0.15315431343507846,True,False,True,TARGET_CUT_RISK_UNRESOLVED / INCONCLUSIVE_RESEARCH
M3_EXCLUDE_HEARTBEAT_ONLY,6000,-3000,60000,False,False,False,False,-70317,-14.809814658803706,0.0,0.6507263922518159,0.6274114664358268,0.3793037241304973,False,False,True,TARGET_CUT_RISK_UNRESOLVED / INCONCLUSIVE_RESEARCH,258055,70.58397155361051,0.0,0.715843023255814,0.6914375696439233,0.23466725319984869,True,False,True,TARGET_CUT_RISK_UNRESOLVED / INCONCLUSIVE_RESEARCH
M3_EXCLUDE_HEARTBEAT_ONLY,6000,-3000,120000,False,False,False,False,94772,19.960404380791914,0.0,0.736350221347762,0.716764411704739,0.5003752089747566,False,False,True,TARGET_CUT_RISK_UNRESOLVED / INCONCLUSIVE_RESEARCH,351383,96.11132385120351,0.0,0.7755474452554745,0.7547503320996531,0.39591789992952786,False,False,True,TARGET_CUT_RISK_UNRESOLVED / INCONCLUSIVE_RESEARCH
M3_EXCLUDE_HEARTBEAT_ONLY,6000,-2000,30000,False,False,False,False,-55014,-11.586773378264532,0.0,0.6145454545454545,0.5854323979565497,0.25504705022777313,False,False,True,TARGET_CUT_RISK_UNRESOLVED / INCONCLUSIVE_RESEARCH,48154,13.171225382932166,0.0,0.6717391304347826,0.640736360685536,0.1721805709762881,True,False,True,TARGET_CUT_RISK_UNRESOLVED / INCONCLUSIVE_RESEARCH
M3_EXCLUDE_HEARTBEAT_ONLY,6000,-2000,60000,False,False,False,False,-168319,-35.45050547598989,0.0,0.6559070367979342,0.6318892987496703,0.43480209196002134,False,False,True,TARGET_CUT_RISK_UNRESOLVED / INCONCLUSIVE_RESEARCH,147794,40.42505470459518,0.0,0.729483282674772,0.704840255309722,0.2754230912145044,False,False,True,TARGET_CUT_RISK_UNRESOLVED / INCONCLUSIVE_RESEARCH
M3_EXCLUDE_HEARTBEAT_ONLY,6000,-2000,120000,False,False,False,False,-53345,-11.235256950294861,0.0,0.7435098650051921,0.72353566105211,0.5603388191320716,False,False,True,TARGET_CUT_RISK_UNRESOLVED / INCONCLUSIVE_RESEARCH,242085,66.21580962800876,0.0,0.7913760304375397,0.770625633396939,0.4175268618938264,False,False,True,TARGET_CUT_RISK_UNRESOLVED / INCONCLUSIVE_RESEARCH
M3_EXCLUDE_HEARTBEAT_ONLY,6000,-1500,30000,False,False,False,False,-71874,-15.137742207245156,0.0,0.6200378071833649,0.5904060488187846,0.23200522013170005,True,False,True,TARGET_CUT_RISK_UNRESOLVED / INCONCLUSIVE_RESEARCH,40931,11.195568927789934,0.0,0.6897727272727273,0.6584399880491865,0.15112057698823758,True,False,True,TARGET_CUT_RISK_UNRESOLVED / INCONCLUSIVE_RESEARCH
M3_EXCLUDE_HEARTBEAT_ONLY,6000,-1500,60000,False,False,False,False,-210418,-44.317186183656275,0.0,0.6604402935290193,0.6360843478556262,0.4511408501084005,False,False,True,TARGET_CUT_RISK_UNRESOLVED / INCONCLUSIVE_RESEARCH,99825,27.304431072210065,0.0,0.739542225730071,0.7146775484704788,0.292690490116889,False,False,True,TARGET_CUT_RISK_UNRESOLVED / INCONCLUSIVE_RESEARCH
M3_EXCLUDE_HEARTBEAT_ONLY,6000,-1500,120000,False,False,False,False,-104063,-21.917228306655435,0.0,0.7518716577540107,0.731791968077502,0.5949842407875151,False,False,True,TARGET_CUT_RISK_UNRESOLVED / INCONCLUSIVE_RESEARCH,191648,52.42013129102845,0.0,0.80249343832021,0.7817556406348126,0.41943585548484213,False,False,True,TARGET_CUT_RISK_UNRESOLVED / INCONCLUSIVE_RESEARCH
M3_EXCLUDE_HEARTBEAT_ONLY,6000,-1000,30000,False,False,False,False,-72756,-15.323504633529907,0.0,0.631307929969104,0.6005006571761097,0.2730451456447565,False,False,True,TARGET_CUT_RISK_UNRESOLVED / INCONCLUSIVE_RESEARCH,-2307,-0.6310175054704595,0.0,0.6929716399506781,0.6603780763747457,0.17492994455185806,True,False,True,TARGET_CUT_RISK_UNRESOLVED / INCONCLUSIVE_RESEARCH
M3_EXCLUDE_HEARTBEAT_ONLY,6000,-1000,60000,False,False,False,False,-209455,-44.11436394271272,0.0,0.6716845878136201,0.6465996982130855,0.4578439493529266,False,False,True,TARGET_CUT_RISK_UNRESOLVED / INCONCLUSIVE_RESEARCH,43448,11.88402625820569,0.0,0.7491554054054054,0.723684191145692,0.31364843790983704,False,False,True,TARGET_CUT_RISK_UNRESOLVED / INCONCLUSIVE_RESEARCH
M3_EXCLUDE_HEARTBEAT_ONLY,6000,-1000,120000,False,False,False,False,-149724,-31.53411962931761,0.0,0.7607954545454545,0.7403109404026569,0.6598170896725382,False,False,True,TARGET_CUT_RISK_UNRESOLVED / INCONCLUSIVE_RESEARCH,104623,28.6167943107221,0.0,0.8155880306193458,0.7947040835053392,0.4724060972538901,False,False,True,TARGET_CUT_RISK_UNRESOLVED / INCONCLUSIVE_RESEARCH
M3_EXCLUDE_HEARTBEAT_ONLY,6000,-700,30000,False,False,False,False,-82153,-17.302653748946923,0.0,0.6440129449838188,0.612653710092191,0.2989257005484186,False,False,True,TARGET_CUT_RISK_UNRESOLVED / INCONCLUSIVE_RESEARCH,-35000,-9.573304157549234,0.0,0.6935897435897436,0.6603542313717672,0.2142868321795427,True,False,True,TARGET_CUT_RISK_UNRESOLVED / INCONCLUSIVE_RESEARCH
M3_EXCLUDE_HEARTBEAT_ONLY,6000,-700,60000,False,False,False,False,-217740,-45.85930918281382,0.0,0.6855439642324889,0.6602031655554517,0.4918708507467353,False,False,True,TARGET_CUT_RISK_UNRESOLVED / INCONCLUSIVE_RESEARCH,-4059,-1.1102297592997812,0.0,0.7583187390542907,0.7326500685681113,0.3701633241087892,False,False,True,TARGET_CUT_RISK_UNRESOLVED / INCONCLUSIVE_RESEARCH
M3_EXCLUDE_HEARTBEAT_ONLY,6000,-700,120000,False,False,False,False,-191512,-40.33529907329402,0.0,0.7718988830099941,0.7513586066564731,0.7162588369074311,False,False,True,TARGET_CUT_RISK_UNRESOLVED / INCONCLUSIVE_RESEARCH,44119,12.067560175054705,0.0,0.823021582733813,0.8020757371004824,0.5222764047434334,False,False,True,TARGET_CUT_RISK_UNRESOLVED / INCONCLUSIVE_RESEARCH
M3_EXCLUDE_HEARTBEAT_ONLY,6000,-500,30000,False,False,False,False,-99746,-21.008003369839933,0.0,0.6539325842696629,0.6220776528491276,0.3661899819517657,False,False,True,TARGET_CUT_RISK_UNRESOLVED / INCONCLUSIVE_RESEARCH,-42016,-11.492341356673961,0.0,0.7112299465240641,0.6777386048625549,0.21800150529065393,True,False,True,TARGET_CUT_RISK_UNRESOLVED / INCONCLUSIVE_RESEARCH
M3_EXCLUDE_HEARTBEAT_ONLY,6000,-500,60000,False,False,False,False,-238405,-50.21166807076664,0.0,0.69236700077101,0.6667129007242815,0.5508074606642507,False,False,True,TARGET_CUT_RISK_UNRESOLVED / INCONCLUSIVE_RESEARCH,-27768,-7.595185995623632,0.0,0.7740471869328494,0.748428115036611,0.408799471733481,False,False,True,TARGET_CUT_RISK_UNRESOLVED / INCONCLUSIVE_RESEARCH
M3_EXCLUDE_HEARTBEAT_ONLY,6000,-500,120000,False,False,False,False,-246138,-51.84035383319292,0.0,0.7766990291262136,0.7559619183447074,0.8207886101996552,False,False,True,TARGET_CUT_RISK_UNRESOLVED / INCONCLUSIVE_RESEARCH,-67,-0.018326039387308535,0.0,0.8328380386329867,0.8119635999883451,0.5815689353540038,False,False,True,TARGET_CUT_RISK_UNRESOLVED / INCONCLUSIVE_RESEARCH
M3_EXCLUDE_HEARTBEAT_ONLY,6000,-300,30000,False,False,False,False,-120822,-25.4469250210615,0.0,0.6565533980582524,0.623471399517398,0.450965865817351,False,False,True,TARGET_CUT_RISK_UNRESOLVED / INCONCLUSIVE_RESEARCH,-63465,-17.35913566739606,0.0,0.7217514124293786,0.687612460632505,0.24829434484449855,True,False,True,TARGET_CUT_RISK_UNRESOLVED / INCONCLUSIVE_RESEARCH
M3_EXCLUDE_HEARTBEAT_ONLY,6000,-300,60000,False,False,False,False,-260625,-54.89153327716934,0.0,0.6955445544554455,0.669053073197463,0.6761481415296641,False,False,True,TARGET_CUT_RISK_UNRESOLVED / INCONCLUSIVE_RESEARCH,-71887,-19.662746170678336,0.0,0.7833969465648855,0.7574463531388103,0.5051906863131352,False,False,True,TARGET_CUT_RISK_UNRESOLVED / INCONCLUSIVE_RESEARCH
M3_EXCLUDE_HEARTBEAT_ONLY,6000,-300,120000,False,False,False,False,-300537,-63.29759898904802,0.0,0.7863577863577863,0.7652858692460818,1.075150560489891,False,False,True,TARGET_CUT_RISK_UNRESOLVED / INCONCLUSIVE_RESEARCH,-73697,-20.157822757111596,0.0,0.8385093167701864,0.8174110053457709,0.7591107980939251,False,False,True,TARGET_CUT_RISK_UNRESOLVED / INCONCLUSIVE_RESEARCH
M3_EXCLUDE_HEARTBEAT_ONLY,6000,-200,30000,False,False,False,False,-122054,-25.706402695871947,0.0,0.6575520833333334,0.6232817750953187,0.5246797503332715,False,False,True,TARGET_CUT_RISK_UNRESOLVED / INCONCLUSIVE_RESEARCH,-80242,-21.948030634573303,0.0,0.7183308494783904,0.6831278339082599,0.2576477034060816,False,False,True,TARGET_CUT_RISK_UNRESOLVED / INCONCLUSIVE_RESEARCH
M3_EXCLUDE_HEARTBEAT_ONLY,6000,-200,60000,False,False,False,False,-256824,-54.09098567818029,0.0,0.7019982623805386,0.6749384159964648,0.8267787604591229,False,False,True,TARGET_CUT_RISK_UNRESOLVED / INCONCLUSIVE_RESEARCH,-99661,-27.25957330415755,0.0,0.781437125748503,0.7547998059361345,0.6084207483014575,False,False,True,TARGET_CUT_RISK_UNRESOLVED / INCONCLUSIVE_RESEARCH
M3_EXCLUDE_HEARTBEAT_ONLY,6000,-200,120000,False,False,False,False,-322275,-67.87594776748105,0.0,0.7936827956989247,0.7723784405136036,1.3000196569650482,False,False,True,TARGET_CUT_RISK_UNRESOLVED / INCONCLUSIVE_RESEARCH,-121839,-33.3257658643326,0.0,0.8407437348423605,0.8193018964410507,0.9736911091875851,False,False,True,TARGET_CUT_RISK_UNRESOLVED / INCONCLUSIVE_RESEARCH
M3_EXCLUDE_HEARTBEAT_ONLY,7500,-6000,30000,False,False,False,False,57510,12.112468407750631,0.0,0.6088677751385589,0.5816629915652214,0.1848360939774066,True,True,True,INCONCLUSIVE_RESEARCH,229706,62.82986870897155,0.0,0.6647398843930635,0.6354602222125708,0.08874299970114734,True,True,True,INCONCLUSIVE_RESEARCH
M3_EXCLUDE_HEARTBEAT_ONLY,7500,-6000,60000,False,True,False,False,80748,17.006739679865206,0.0,0.6507394766780432,0.6281474686467807,0.2901368566885099,False,False,True,TARGET_CUT_RISK_UNRESOLVED / INCONCLUSIVE_RESEARCH,517061,141.4280634573304,0.0,0.713013698630137,0.689275049246282,0.128065555952012,True,True,True,PROMISING_OFFLINE_ONLY
M3_EXCLUDE_HEARTBEAT_ONLY,7500,-6000,120000,False,False,False,False,400291,84.30728727885426,0.0,0.7351704810836058,0.7160709502337936,0.3809531924625055,False,False,True,TARGET_CUT_RISK_UNRESOLVED / INCONCLUSIVE_RESEARCH,619314,169.39660831509846,0.0,0.7651122625215889,0.7446045314868571,0.298393497602079,False,False,True,TARGET_CUT_RISK_UNRESOLVED / INCONCLUSIVE_RESEARCH
M3_EXCLUDE_HEARTBEAT_ONLY,7500,-5000,30000,False,False,False,False,46685,9.832561078348778,0.0,0.6102646351242983,0.5828973078657849,0.1914915004355887,True,True,True,INCONCLUSIVE_RESEARCH,205920,56.32385120350109,0.0,0.6640548481880509,0.6345161981415817,0.09352634975410776,True,True,True,INCONCLUSIVE_RESEARCH
M3_EXCLUDE_HEARTBEAT_ONLY,7500,-5000,60000,False,True,False,False,31546,6.644060657118787,0.0,0.6518987341772152,0.6291901640003684,0.3061094017032964,False,False,True,TARGET_CUT_RISK_UNRESOLVED / INCONCLUSIVE_RESEARCH,477235,130.53473741794312,0.0,0.7142857142857143,0.6904236967687689,0.1347662477309042,True,True,True,PROMISING_OFFLINE_ONLY
M3_EXCLUDE_HEARTBEAT_ONLY,7500,-5000,120000,False,False,False,False,337878,71.16217354675653,0.0,0.7383309759547383,0.719206115948246,0.39930588968105846,False,False,True,TARGET_CUT_RISK_UNRESOLVED / INCONCLUSIVE_RESEARCH,588326,160.9206783369803,0.0,0.7674825174825175,0.7469112831536673,0.29485183254658187,False,False,True,TARGET_CUT_RISK_UNRESOLVED / INCONCLUSIVE_RESEARCH
M3_EXCLUDE_HEARTBEAT_ONLY,7500,-3000,30000,False,False,False,False,-18615,-3.920598146588037,0.0,0.610875106202209,0.5827038644739991,0.21367250721272255,True,True,True,REJECTED_FOR_RUNTIME,122322,33.45787746170679,0.0,0.661522633744856,0.6311909780102608,0.09502272078771076,True,True,True,INCONCLUSIVE_RESEARCH
M3_EXCLUDE_HEARTBEAT_ONLY,7500,-3000,60000,False,True,False,False,-112036,-23.596461668070766,0.0,0.6513317191283293,0.6280246048333609,0.35044420069136556,False,False,True,TARGET_CUT_RISK_UNRESOLVED / INCONCLUSIVE_RESEARCH,291385,79.70049234135668,0.0,0.7194767441860465,0.6951535952315583,0.15155414863454988,True,True,True,PROMISING_OFFLINE_ONLY
M3_EXCLUDE_HEARTBEAT_ONLY,7500,-3000,120000,False,False,False,False,63259,13.323294018534119,0.0,0.7411417322834646,0.7216548282599505,0.47269220563011544,False,False,True,TARGET_CUT_RISK_UNRESOLVED / INCONCLUSIVE_RESEARCH,384170,105.0793216630197,0.0,0.781021897810219,0.7603885963422319,0.30201959359955055,False,False,True,TARGET_CUT_RISK_UNRESOLVED / INCONCLUSIVE_RESEARCH
M3_EXCLUDE_HEARTBEAT_ONLY,7500,-2000,30000,False,False,False,False,-80943,-17.04780960404381,0.0,0.6145454545454545,0.5854323979565497,0.24342547234113499,True,False,True,TARGET_CUT_RISK_UNRESOLVED / INCONCLUSIVE_RESEARCH,47915,13.105853391684901,0.0,0.6728260869565217,0.641844409664947,0.09364492998052294,True,True,True,INCONCLUSIVE_RESEARCH
M3_EXCLUDE_HEARTBEAT_ONLY,7500,-2000,60000,False,True,False,False,-214979,-45.277801179443976,0.0,0.6559070367979342,0.6318892987496703,0.41605641712139946,False,False,True,TARGET_CUT_RISK_UNRESOLVED / INCONCLUSIVE_RESEARCH,179124,48.9945295404814,0.0,0.7332826747720365,0.7087352390278355,0.16617931435511252,True,True,True,PROMISING_OFFLINE_ONLY
M3_EXCLUDE_HEARTBEAT_ONLY,7500,-2000,120000,False,False,False,False,-87183,-18.362047177759056,0.0,0.7480519480519481,0.7281775479272176,0.5253961681785674,False,False,True,TARGET_CUT_RISK_UNRESOLVED / INCONCLUSIVE_RESEARCH,271554,74.27625820568927,0.0,0.7970830691185796,0.7765229387103161,0.3077219569883054,False,False,True,TARGET_CUT_RISK_UNRESOLVED / INCONCLUSIVE_RESEARCH
M3_EXCLUDE_HEARTBEAT_ONLY,7500,-1500,30000,False,False,False,False,-93783,-19.75210614995788,0.0,0.6200378071833649,0.5904060488187846,0.23138119783786248,True,False,True,TARGET_CUT_RISK_UNRESOLVED / INCONCLUSIVE_RESEARCH,39803,10.887035010940918,0.0,0.6909090909090909,0.6596021089425608,0.10976344662005108,True,False,True,TARGET_CUT_RISK_UNRESOLVED / INCONCLUSIVE_RESEARCH
M3_EXCLUDE_HEARTBEAT_ONLY,7500,-1500,60000,False,False,False,False,-249578,-52.564869418702614,0.0,0.6604402935290193,0.6360843478556262,0.4163468950102187,False,False,True,TARGET_CUT_RISK_UNRESOLVED / INCONCLUSIVE_RESEARCH,106155,29.035831509846826,0.0,0.7411207576953434,0.7162987148376099,0.20158416423580242,True,False,True,TARGET_CUT_RISK_UNRESOLVED / INCONCLUSIVE_RESEARCH
M3_EXCLUDE_HEARTBEAT_ONLY,7500,-1500,120000,False,False,False,False,-127401,-26.83256107834878,0.0,0.7565543071161048,0.7365844283056151,0.5395255017656788,False,False,True,TARGET_CUT_RISK_UNRESOLVED / INCONCLUSIVE_RESEARCH,200337,54.796772428884026,0.0,0.8064304461942258,0.7858338041047405,0.3294848371259086,False,False,True,TARGET_CUT_RISK_UNRESOLVED / INCONCLUSIVE_RESEARCH
M3_EXCLUDE_HEARTBEAT_ONLY,7500,-1000,30000,False,False,False,False,-93165,-19.621946082561077,0.0,0.631307929969104,0.6005006571761097,0.2669860135916307,False,False,True,TARGET_CUT_RISK_UNRESOLVED / INCONCLUSIVE_RESEARCH,-3243,-0.8870350109409191,0.0,0.6942046855733662,0.6616406788545032,0.1443045297160439,True,False,True,TARGET_CUT_RISK_UNRESOLVED / INCONCLUSIVE_RESEARCH
M3_EXCLUDE_HEARTBEAT_ONLY,7500,-1000,60000,False,False,False,False,-243367,-51.256739679865206,0.0,0.6716845878136201,0.6465996982130855,0.4200092515894446,False,False,True,TARGET_CUT_RISK_UNRESOLVED / INCONCLUSIVE_RESEARCH,49686,13.590262582056893,0.0,0.7508445945945946,0.7254231693830758,0.21906005652767332,True,False,True,TARGET_CUT_RISK_UNRESOLVED / INCONCLUSIVE_RESEARCH
M3_EXCLUDE_HEARTBEAT_ONLY,7500,-1000,120000,False,False,False,False,-170462,-35.90185341196293,0.0,0.7657760090960773,0.7454183056104842,0.5994902540540463,False,False,True,TARGET_CUT_RISK_UNRESOLVED / INCONCLUSIVE_RESEARCH,116364,31.828227571115974,0.0,0.8197633959638135,0.7990450692016393,0.3516727579896772,False,False,True,TARGET_CUT_RISK_UNRESOLVED / INCONCLUSIVE_RESEARCH
M3_EXCLUDE_HEARTBEAT_ONLY,7500,-700,30000,False,False,False,False,-101062,-21.285172704296546,0.0,0.6440129449838188,0.612653710092191,0.28549069691733653,False,False,True,TARGET_CUT_RISK_UNRESOLVED / INCONCLUSIVE_RESEARCH,-36035,-9.856400437636761,0.0,0.6948717948717948,0.6616676340844572,0.17623840435770893,True,False,True,TARGET_CUT_RISK_UNRESOLVED / INCONCLUSIVE_RESEARCH
M3_EXCLUDE_HEARTBEAT_ONLY,7500,-700,60000,False,False,False,False,-246499,-51.916385846672284,0.0,0.6855439642324889,0.6602031655554517,0.4473272816333337,False,False,True,TARGET_CUT_RISK_UNRESOLVED / INCONCLUSIVE_RESEARCH,7451,2.038019693654267,0.0,0.7609457092819615,0.7353602843076409,0.2680409694920925,False,False,True,TARGET_CUT_RISK_UNRESOLVED / INCONCLUSIVE_RESEARCH
M3_EXCLUDE_HEARTBEAT_ONLY,7500,-700,120000,False,False,False,False,-220414,-46.42249368155013,0.0,0.7758823529411765,0.7554503899869982,0.6632074911132161,False,False,True,TARGET_CUT_RISK_UNRESOLVED / INCONCLUSIVE_RESEARCH,61560,16.838074398249454,0.0,0.8273381294964028,0.8065736761659388,0.35848871257991904,False,False,True,TARGET_CUT_RISK_UNRESOLVED / INCONCLUSIVE_RESEARCH
M3_EXCLUDE_HEARTBEAT_ONLY,7500,-500,30000,False,False,False,False,-118655,-24.990522325189552,0.0,0.6539325842696629,0.6220776528491276,0.34973183289277915,False,False,True,TARGET_CUT_RISK_UNRESOLVED / INCONCLUSIVE_RESEARCH,-41751,-11.419857768052516,0.0,0.7125668449197861,0.679113131779067,0.16289909256347723,True,False,True,TARGET_CUT_RISK_UNRESOLVED / INCONCLUSIVE_RESEARCH
M3_EXCLUDE_HEARTBEAT_ONLY,7500,-500,60000,False,False,False,False,-269062,-56.66849199663016,0.0,0.69236700077101,0.6667129007242815,0.5318802715090536,False,False,True,TARGET_CUT_RISK_UNRESOLVED / INCONCLUSIVE_RESEARCH,-13858,-3.7904814004376366,0.0,0.7767695099818511,0.7512464248839242,0.27456315439296847,False,False,True,TARGET_CUT_RISK_UNRESOLVED / INCONCLUSIVE_RESEARCH
M3_EXCLUDE_HEARTBEAT_ONLY,7500,-500,120000,False,False,False,False,-278931,-58.74705139005897,0.0,0.7802064359441409,0.7595678054322808,0.7892846615341934,False,False,True,TARGET_CUT_RISK_UNRESOLVED / INCONCLUSIVE_RESEARCH,20903,5.717450765864332,0.0,0.837295690936107,0.8166224133883638,0.3843333737529057,False,False,True,TARGET_CUT_RISK_UNRESOLVED / INCONCLUSIVE_RESEARCH
M3_EXCLUDE_HEARTBEAT_ONLY,7500,-300,30000,False,False,False,False,-139163,-29.309814658803706,0.0,0.6565533980582524,0.623471399517398,0.4736065914283736,False,False,True,TARGET_CUT_RISK_UNRESOLVED / INCONCLUSIVE_RESEARCH,-63478,-17.362691466083152,0.0,0.7231638418079096,0.6890685021791451,0.22411943044011445,True,False,True,TARGET_CUT_RISK_UNRESOLVED / INCONCLUSIVE_RESEARCH
M3_EXCLUDE_HEARTBEAT_ONLY,7500,-300,60000,False,False,False,False,-291604,-61.4161752316765,0.0,0.6955445544554455,0.669053073197463,0.663389027877055,False,False,True,TARGET_CUT_RISK_UNRESOLVED / INCONCLUSIVE_RESEARCH,-67509,-18.465262582056894,0.0,0.7853053435114504,0.7594271586675697,0.37969675397943814,False,False,True,TARGET_CUT_RISK_UNRESOLVED / INCONCLUSIVE_RESEARCH
M3_EXCLUDE_HEARTBEAT_ONLY,7500,-300,120000,False,False,False,False,-326830,-68.83529907329402,0.0,0.7900837089504186,0.7691257598493131,1.0018348455518757,False,False,True,TARGET_CUT_RISK_UNRESOLVED / INCONCLUSIVE_RESEARCH,-65207,-17.835612691466082,0.0,0.842391304347826,0.8214774275719499,0.5437939417832972,False,False,True,TARGET_CUT_RISK_UNRESOLVED / INCONCLUSIVE_RESEARCH
M3_EXCLUDE_HEARTBEAT_ONLY,7500,-200,30000,False,False,False,False,-138895,-29.253369839932603,0.0,0.6575520833333334,0.6232817750953187,0.5403059918249155,False,False,True,TARGET_CUT_RISK_UNRESOLVED / INCONCLUSIVE_RESEARCH,-78855,-21.568654266958426,0.0,0.7198211624441133,0.6846641219396764,0.20978920807025664,True,False,True,TARGET_CUT_RISK_UNRESOLVED / INCONCLUSIVE_RESEARCH
M3_EXCLUDE_HEARTBEAT_ONLY,7500,-200,60000,False,False,False,False,-286303,-60.299705139005894,0.0,0.7019982623805386,0.6749384159964648,0.8020515207593011,False,False,True,TARGET_CUT_RISK_UNRESOLVED / INCONCLUSIVE_RESEARCH,-93983,-25.706509846827135,0.0,0.783433133732535,0.7568722330898481,0.4381213427779489,False,False,True,TARGET_CUT_RISK_UNRESOLVED / INCONCLUSIVE_RESEARCH
M3_EXCLUDE_HEARTBEAT_ONLY,7500,-200,120000,False,False,False,False,-350887,-73.90206402695873,0.0,0.7975790181573639,0.7764017437545903,1.253519715215753,False,False,True,TARGET_CUT_RISK_UNRESOLVED / INCONCLUSIVE_RESEARCH,-112349,-30.73003282275711,0.0,0.8447857720291027,0.8235422484221171,0.6789789199783401,False,False,True,TARGET_CUT_RISK_UNRESOLVED / INCONCLUSIVE_RESEARCH
M3_EXCLUDE_HEARTBEAT_ONLY,10000,-6000,30000,False,False,False,False,50356,10.605728727885426,0.0,0.6104513064133017,0.583261261906877,0.1397254670382058,True,True,True,INCONCLUSIVE_RESEARCH,213079,58.28200218818381,0.0,0.6647398843930635,0.6354602222125708,0.10128506646223412,True,True,True,INCONCLUSIVE_RESEARCH
M3_EXCLUDE_HEARTBEAT_ONLY,10000,-6000,60000,False,True,False,False,67513,14.219250210614996,0.0,0.6524459613196815,0.6298755265892709,0.21134851617433772,True,True,True,INCONCLUSIVE_RESEARCH,498371,136.31591903719914,0.0,0.7136986301369863,0.6899746900640238,0.12227115724957699,True,True,True,PROMISING_OFFLINE_ONLY
M3_EXCLUDE_HEARTBEAT_ONLY,10000,-6000,120000,False,False,False,False,455004,95.83066554338669,0.0,0.7389070527790752,0.7198857997100334,0.2366558656155793,True,False,True,TARGET_CUT_RISK_UNRESOLVED / INCONCLUSIVE_RESEARCH,536445,146.73003282275712,0.0,0.7662636729994243,0.7457872388222845,0.3193976303479015,False,False,True,TARGET_CUT_RISK_UNRESOLVED / INCONCLUSIVE_RESEARCH
M3_EXCLUDE_HEARTBEAT_ONLY,10000,-5000,30000,False,False,False,False,39531,8.325821398483573,0.0,0.6118684843624699,0.5845164171437751,0.14474885335533957,True,True,True,INCONCLUSIVE_RESEARCH,189293,51.77598468271335,0.0,0.6640548481880509,0.6345161981415817,0.10674444838145906,True,True,True,INCONCLUSIVE_RESEARCH
M3_EXCLUDE_HEARTBEAT_ONLY,10000,-5000,60000,False,True,False,False,21880,4.608256107834878,0.0,0.6542002301495973,0.6315212557081018,0.22216114711328058,True,True,True,INCONCLUSIVE_RESEARCH,457545,125.14907002188184,0.0,0.7149791955617198,0.6911322745688531,0.1287513676683653,True,True,True,PROMISING_OFFLINE_ONLY
M3_EXCLUDE_HEARTBEAT_ONLY,10000,-5000,120000,False,False,False,False,403591,85.00231676495366,0.0,0.7425742574257426,0.7235404817063708,0.2421527689147941,True,False,True,TARGET_CUT_RISK_UNRESOLVED / INCONCLUSIVE_RESEARCH,508065,138.96745076586433,0.0,0.7686480186480187,0.7481090716926201,0.31815628732230355,False,False,True,TARGET_CUT_RISK_UNRESOLVED / INCONCLUSIVE_RESEARCH
M3_EXCLUDE_HEARTBEAT_ONLY,10000,-3000,30000,False,False,False,False,-36817,-7.754212299915754,0.0,0.6117247238742566,0.5835617458952745,0.1773855356766339,True,True,True,REJECTED_FOR_RUNTIME,108195,29.593818380743983,0.0,0.661522633744856,0.6311909780102608,0.10614249149301341,True,True,True,INCONCLUSIVE_RESEARCH
M3_EXCLUDE_HEARTBEAT_ONLY,10000,-3000,60000,False,True,False,False,-138419,-29.153117101937656,0.0,0.6531476997578692,0.6298642641878991,0.2798201910718308,False,False,True,TARGET_CUT_RISK_UNRESOLVED / INCONCLUSIVE_RESEARCH,274695,75.13539387308533,0.0,0.720203488372093,0.6958970292663986,0.138063174548288,True,True,True,PROMISING_OFFLINE_ONLY
M3_EXCLUDE_HEARTBEAT_ONLY,10000,-3000,120000,False,False,False,False,96240,20.269587194608256,0.0,0.7450787401574803,0.7256793593779451,0.30238204106516864,False,False,True,TARGET_CUT_RISK_UNRESOLVED / INCONCLUSIVE_RESEARCH,318924,87.23304157549234,0.0,0.7822384428223844,0.7616422310543796,0.3298813752038676,False,False,True,TARGET_CUT_RISK_UNRESOLVED / INCONCLUSIVE_RESEARCH
M3_EXCLUDE_HEARTBEAT_ONLY,10000,-2000,30000,False,False,False,False,-96645,-20.354886267902273,0.0,0.6154545454545455,0.5863509543579064,0.19175818526334343,True,False,True,TARGET_CUT_RISK_UNRESOLVED / INCONCLUSIVE_RESEARCH,36288,9.925601750547045,0.0,0.6728260869565217,0.641844409664947,0.1010494760780388,True,True,True,INCONCLUSIVE_RESEARCH
M3_EXCLUDE_HEARTBEAT_ONLY,10000,-2000,60000,False,False,False,False,-238683,-50.27021903959562,0.0,0.657843770174306,0.6338529884066928,0.319964836120159,False,False,True,TARGET_CUT_RISK_UNRESOLVED / INCONCLUSIVE_RESEARCH,166434,45.52352297592998,0.0,0.7340425531914894,0.7095145038140899,0.14161423344824098,True,False,True,TARGET_CUT_RISK_UNRESOLVED / INCONCLUSIVE_RESEARCH
M3_EXCLUDE_HEARTBEAT_ONLY,10000,-2000,120000,False,False,False,False,-57874,-12.189132266217355,0.0,0.7522077922077922,0.7324320197996074,0.3206063245479119,False,False,True,TARGET_CUT_RISK_UNRESOLVED / INCONCLUSIVE_RESEARCH,224496,61.40481400437637,0.0,0.7983512999365885,0.7778342786487016,0.32992286131049714,False,False,True,TARGET_CUT_RISK_UNRESOLVED / INCONCLUSIVE_RESEARCH
M3_EXCLUDE_HEARTBEAT_ONLY,10000,-1500,30000,False,False,False,False,-109192,-22.997472620050548,0.0,0.6209829867674859,0.5913618746645599,0.1887503022200731,True,False,True,TARGET_CUT_RISK_UNRESOLVED / INCONCLUSIVE_RESEARCH,28176,7.706783369803063,0.0,0.6909090909090909,0.6596021089425608,0.11844249096862854,True,True,True,INCONCLUSIVE_RESEARCH
M3_EXCLUDE_HEARTBEAT_ONLY,10000,-1500,60000,False,False,False,False,-275499,-58.02422072451559,0.0,0.6624416277518346,0.6381149924469405,0.3209750355680921,False,False,True,TARGET_CUT_RISK_UNRESOLVED / INCONCLUSIVE_RESEARCH,92965,25.428063457330417,0.0,0.7419100236779794,0.717109450028066,0.1718377831685563,True,False,True,TARGET_CUT_RISK_UNRESOLVED / INCONCLUSIVE_RESEARCH
M3_EXCLUDE_HEARTBEAT_ONLY,10000,-1500,120000,False,False,False,False,-111459,-23.474936815501263,0.0,0.7602996254681648,0.7404242277346363,0.33502844468894216,False,False,True,TARGET_CUT_RISK_UNRESOLVED / INCONCLUSIVE_RESEARCH,162779,44.52379649890591,0.0,0.8077427821522309,0.7871938851685907,0.3430948163383946,False,False,True,TARGET_CUT_RISK_UNRESOLVED / INCONCLUSIVE_RESEARCH
M3_EXCLUDE_HEARTBEAT_ONLY,10000,-1000,30000,False,False,False,False,-114648,-24.146588037068238,0.0,0.631307929969104,0.6005006571761097,0.23389871133293855,True,False,True,TARGET_CUT_RISK_UNRESOLVED / INCONCLUSIVE_RESEARCH,-14870,-4.067286652078774,0.0,0.6942046855733662,0.6616406788545032,0.1557147528064454,True,False,True,TARGET_CUT_RISK_UNRESOLVED / INCONCLUSIVE_RESEARCH
M3_EXCLUDE_HEARTBEAT_ONLY,10000,-1000,60000,False,False,False,False,-276315,-58.19608256107835,0.0,0.6731182795698925,0.6480569698022517,0.3975228546151578,False,False,True,TARGET_CUT_RISK_UNRESOLVED / INCONCLUSIVE_RESEARCH,38406,10.50492341356674,0.0,0.7516891891891891,0.7262928453824778,0.19458878379363798,True,False,True,TARGET_CUT_RISK_UNRESOLVED / INCONCLUSIVE_RESEARCH
M3_EXCLUDE_HEARTBEAT_ONLY,10000,-1000,120000,False,False,False,False,-172760,-36.385846672283066,0.0,0.7691870380898238,0.7489224616690194,0.3912920550164999,False,False,True,TARGET_CUT_RISK_UNRESOLVED / INCONCLUSIVE_RESEARCH,82377,22.532002188183807,0.0,0.8211551844119693,0.8004929350570018,0.3735448685166743,False,False,True,TARGET_CUT_RISK_UNRESOLVED / INCONCLUSIVE_RESEARCH
M3_EXCLUDE_HEARTBEAT_ONLY,10000,-700,30000,False,False,False,False,-120045,-25.283277169334458,0.0,0.6440129449838188,0.612653710092191,0.235878429703086,True,False,True,TARGET_CUT_RISK_UNRESOLVED / INCONCLUSIVE_RESEARCH,-47662,-13.036652078774617,0.0,0.6948717948717948,0.6616676340844572,0.19017365306247824,True,False,True,TARGET_CUT_RISK_UNRESOLVED / INCONCLUSIVE_RESEARCH
M3_EXCLUDE_HEARTBEAT_ONLY,10000,-700,60000,False,False,False,False,-275957,-58.12068239258635,0.0,0.6870342771982116,0.6617210928660637,0.4554760780772152,False,False,True,TARGET_CUT_RISK_UNRESOLVED / INCONCLUSIVE_RESEARCH,-4129,-1.1293763676148796,0.0,0.7618213660245184,0.7362639734732155,0.23819094319847278,True,False,True,TARGET_CUT_RISK_UNRESOLVED / INCONCLUSIVE_RESEARCH
M3_EXCLUDE_HEARTBEAT_ONLY,10000,-700,120000,False,False,False,False,-218935,-46.11099410278012,0.0,0.7794117647058824,0.7590834339075533,0.4222926160002324,False,False,True,TARGET_CUT_RISK_UNRESOLVED / INCONCLUSIVE_RESEARCH,38681,10.580142231947484,0.0,0.8287769784172662,0.8080739833805921,0.38188930624442274,False,False,True,TARGET_CUT_RISK_UNRESOLVED / INCONCLUSIVE_RESEARCH
M3_EXCLUDE_HEARTBEAT_ONLY,10000,-500,30000,False,False,False,False,-137638,-28.988626790227464,0.0,0.6539325842696629,0.6220776528491276,0.28895580994646886,False,False,True,TARGET_CUT_RISK_UNRESOLVED / INCONCLUSIVE_RESEARCH,-50878,-13.916301969365426,0.0,0.7125668449197861,0.679113131779067,0.16427324609728017,True,True,True,REJECTED_FOR_RUNTIME
M3_EXCLUDE_HEARTBEAT_ONLY,10000,-500,60000,False,False,False,False,-296420,-62.430497051390056,0.0,0.6939090208172706,0.668285346804018,0.533104928326254,False,False,True,TARGET_CUT_RISK_UNRESOLVED / INCONCLUSIVE_RESEARCH,-20638,-5.644967177242888,0.0,0.7776769509981851,0.752186194686337,0.22100569989859076,True,False,True,TARGET_CUT_RISK_UNRESOLVED / INCONCLUSIVE_RESEARCH
M3_EXCLUDE_HEARTBEAT_ONLY,10000,-500,120000,False,False,False,False,-274818,-57.88079191238416,0.0,0.7838494231936854,0.7633220150691955,0.5009054277062991,False,False,True,TARGET_CUT_RISK_UNRESOLVED / INCONCLUSIVE_RESEARCH,5324,1.4562363238512035,0.0,0.8387815750371471,0.818176506549191,0.39396598928401455,False,False,True,TARGET_CUT_RISK_UNRESOLVED / INCONCLUSIVE_RESEARCH
M3_EXCLUDE_HEARTBEAT_ONLY,10000,-300,30000,False,False,False,False,-158146,-33.307919123841614,0.0,0.6565533980582524,0.623471399517398,0.3913037457591913,False,False,True,TARGET_CUT_RISK_UNRESOLVED / INCONCLUSIVE_RESEARCH,-72605,-19.85913566739606,0.0,0.7231638418079096,0.6890685021791451,0.22601001498841805,True,False,True,TARGET_CUT_RISK_UNRESOLVED / INCONCLUSIVE_RESEARCH
M3_EXCLUDE_HEARTBEAT_ONLY,10000,-300,60000,False,False,False,False,-314781,-66.29759898904803,0.0,0.6971947194719472,0.6707374993331426,0.6853111736039545,False,False,True,TARGET_CUT_RISK_UNRESOLVED / INCONCLUSIVE_RESEARCH,-74489,-20.37445295404814,0.0,0.7862595419847328,0.7604178571400723,0.30576345313717046,False,False,True,TARGET_CUT_RISK_UNRESOLVED / INCONCLUSIVE_RESEARCH
M3_EXCLUDE_HEARTBEAT_ONLY,10000,-300,120000,False,False,False,False,-325850,-68.62889637742207,0.0,0.7933032839665164,0.7724519095678873,0.6164860210847034,False,False,True,TARGET_CUT_RISK_UNRESOLVED / INCONCLUSIVE_RESEARCH,-79657,-21.788019693654267,0.0,0.843944099378882,0.8231051704270493,0.5532721497154027,False,False,True,TARGET_CUT_RISK_UNRESOLVED / INCONCLUSIVE_RESEARCH
M3_EXCLUDE_HEARTBEAT_ONLY,10000,-200,30000,False,False,False,False,-156918,-33.04928390901432,0.0,0.6575520833333334,0.6232817750953187,0.49894500798968844,False,False,True,TARGET_CUT_RISK_UNRESOLVED / INCONCLUSIVE_RESEARCH,-86355,-23.62007658643326,0.0,0.7198211624441133,0.6846641219396764,0.29243110420592155,False,False,True,TARGET_CUT_RISK_UNRESOLVED / INCONCLUSIVE_RESEARCH
M3_EXCLUDE_HEARTBEAT_ONLY,10000,-200,60000,False,False,False,False,-317380,-66.84498736310026,0.0,0.7028670721112077,0.6758264416548166,0.8688520052262108,False,False,True,TARGET_CUT_RISK_UNRESOLVED / INCONCLUSIVE_RESEARCH,-98563,-26.959245076586434,0.0,0.7844311377245509,0.757908774260175,0.3288581101877501,False,False,True,TARGET_CUT_RISK_UNRESOLVED / INCONCLUSIVE_RESEARCH
M3_EXCLUDE_HEARTBEAT_ONLY,10000,-200,120000,False,False,False,False,-355607,-74.89616680707667,0.0,0.8002689979825152,0.7791862959364635,0.7641239009163537,False,False,True,TARGET_CUT_RISK_UNRESOLVED / INCONCLUSIVE_RESEARCH,-124499,-34.05333698030635,0.0,0.8464025869037995,0.8252397114009474,0.6775033242962594,False,False,True,TARGET_CUT_RISK_UNRESOLVED / INCONCLUSIVE_RESEARCH
M4_CONFIRM_2_WINDOWS,1000,-6000,30000,False,False,False,False,170506,35.91112047177759,0.0,0.5793319415448852,0.5478152697165656,0.28638256140733215,False,False,False,TARGET_CUT_RISK_UNRESOLVED / INCONCLUSIVE_RESEARCH,194530,53.20842450765864,0.0,0.6501272264631043,0.6161282808537207,0.2122749700705998,True,False,False,TARGET_CUT_RISK_UNRESOLVED / INCONCLUSIVE_RESEARCH
M4_CONFIRM_2_WINDOWS,1000,-6000,60000,False,False,False,False,368787,77.67207245155855,0.0,0.6405594405594406,0.6153434854953325,0.3714373103874664,False,False,False,TARGET_CUT_RISK_UNRESOLVED / INCONCLUSIVE_RESEARCH,342227,93.60694748358863,0.0,0.6876574307304786,0.6607690410380652,0.3276145407078447,False,False,False,TARGET_CUT_RISK_UNRESOLVED / INCONCLUSIVE_RESEARCH
M4_CONFIRM_2_WINDOWS,1000,-6000,120000,False,False,False,False,578208,121.77927548441448,0.0,0.7066228790366721,0.6853289026264027,0.39219575491837666,False,False,False,TARGET_CUT_RISK_UNRESOLVED / INCONCLUSIVE_RESEARCH,458460,125.39934354485777,0.0,0.7336037863421231,0.7104897994490518,0.3664726620208896,False,False,False,TARGET_CUT_RISK_UNRESOLVED / INCONCLUSIVE_RESEARCH
M4_CONFIRM_2_WINDOWS,1000,-5000,30000,False,False,False,False,168673,35.525063184498734,0.0,0.5797872340425532,0.5479711969574756,0.2961988357738749,False,False,False,TARGET_CUT_RISK_UNRESOLVED / INCONCLUSIVE_RESEARCH,178807,48.907822757111596,0.0,0.6471354166666666,0.6126830818706969,0.22704019051152105,True,False,True,TARGET_CUT_RISK_UNRESOLVED / INCONCLUSIVE_RESEARCH
M4_CONFIRM_2_WINDOWS,1000,-5000,60000,False,False,False,False,345062,72.67523167649537,0.0,0.6427556818181818,0.6173688040788129,0.3917248509494434,False,False,False,TARGET_CUT_RISK_UNRESOLVED / INCONCLUSIVE_RESEARCH,329160,90.0328227571116,0.0,0.6875,0.6603398144508765,0.3274911508117688,False,False,False,TARGET_CUT_RISK_UNRESOLVED / INCONCLUSIVE_RESEARCH
M4_CONFIRM_2_WINDOWS,1000,-5000,120000,False,False,False,False,562014,118.36857624262848,0.0,0.710803324099723,0.6894569572338944,0.39538296502064,False,False,False,TARGET_CUT_RISK_UNRESOLVED / INCONCLUSIVE_RESEARCH,442847,121.12882932166302,0.0,0.7336545079146594,0.7103308455082595,0.3696223952274714,False,False,False,TARGET_CUT_RISK_UNRESOLVED / INCONCLUSIVE_RESEARCH
M4_CONFIRM_2_WINDOWS,1000,-3000,30000,False,False,False,False,129396,27.25273799494524,0.0,0.5848623853211009,0.5518549621912717,0.33252100362229514,False,False,True,TARGET_CUT_RISK_UNRESOLVED / INCONCLUSIVE_RESEARCH,123500,33.7800875273523,0.0,0.6426592797783933,0.6070335660993768,0.26317706612190944,False,False,True,TARGET_CUT_RISK_UNRESOLVED / INCONCLUSIVE_RESEARCH
M4_CONFIRM_2_WINDOWS,1000,-3000,60000,False,False,False,False,226053,47.610151642796964,0.0,0.6412961567445365,0.6151169874462739,0.4538501540627642,False,False,False,TARGET_CUT_RISK_UNRESOLVED / INCONCLUSIVE_RESEARCH,226952,62.076586433260395,0.0,0.6929347826086957,0.6650949756631295,0.3835051152280243,False,False,True,TARGET_CUT_RISK_UNRESOLVED / INCONCLUSIVE_RESEARCH
M4_CONFIRM_2_WINDOWS,1000,-3000,120000,False,False,False,False,376288,79.25189553496209,0.0,0.7117954677513074,0.6899437930474233,0.46580054926749775,False,False,False,TARGET_CUT_RISK_UNRESOLVED / INCONCLUSIVE_RESEARCH,340850,93.23030634573304,0.0,0.7462039045553145,0.7226080714848376,0.38835801184817886,False,False,True,TARGET_CUT_RISK_UNRESOLVED / INCONCLUSIVE_RESEARCH
M4_CONFIRM_2_WINDOWS,1000,-2000,30000,False,False,False,False,76805,16.176284751474306,0.0,0.5834363411619283,0.5491488697401814,0.41045846155110294,False,False,True,TARGET_CUT_RISK_UNRESOLVED / INCONCLUSIVE_RESEARCH,73703,20.15946389496718,0.0,0.65424739195231,0.6174746074194528,0.3304100111913725,False,False,True,TARGET_CUT_RISK_UNRESOLVED / INCONCLUSIVE_RESEARCH
M4_CONFIRM_2_WINDOWS,1000,-2000,60000,False,False,False,False,132972,28.005897219882055,0.0,0.6417670682730924,0.6147345024897743,0.5291942238597616,False,False,True,TARGET_CUT_RISK_UNRESOLVED / INCONCLUSIVE_RESEARCH,155940,42.65317286652079,0.0,0.7065009560229446,0.6781897883188159,0.4453396594783712,False,False,True,TARGET_CUT_RISK_UNRESOLVED / INCONCLUSIVE_RESEARCH
M4_CONFIRM_2_WINDOWS,1000,-2000,120000,False,False,False,False,239280,50.395956192080874,0.0,0.7149847094801223,0.6926194077098694,0.5385294802514834,False,False,False,TARGET_CUT_RISK_UNRESOLVED / INCONCLUSIVE_RESEARCH,247809,67.78145514223195,0.0,0.7585162755488266,0.7347086657834431,0.43429579114921263,False,False,True,TARGET_CUT_RISK_UNRESOLVED / INCONCLUSIVE_RESEARCH
M4_CONFIRM_2_WINDOWS,1000,-1500,30000,False,False,False,False,54556,11.490311710193765,0.0,0.5893782383419689,0.5543166482722423,0.44882983424877737,False,False,True,TARGET_CUT_RISK_UNRESOLVED / INCONCLUSIVE_RESEARCH,70650,19.324398249452955,0.0,0.6747572815533981,0.6368417120066555,0.32224037106769243,False,False,True,TARGET_CUT_RISK_UNRESOLVED / INCONCLUSIVE_RESEARCH
M4_CONFIRM_2_WINDOWS,1000,-1500,60000,False,False,False,False,81168,17.095197978096042,0.0,0.6460767946577629,0.6185711850942034,0.5924891302527809,False,False,True,TARGET_CUT_RISK_UNRESOLVED / INCONCLUSIVE_RESEARCH,121452,33.2199124726477,0.0,0.716751269035533,0.6878129984273632,0.4564780967743062,False,False,True,TARGET_CUT_RISK_UNRESOLVED / INCONCLUSIVE_RESEARCH
M4_CONFIRM_2_WINDOWS,1000,-1500,120000,False,False,False,False,179651,37.837194608256105,0.0,0.723203026481715,0.7006642268475739,0.5688732624379185,False,False,True,TARGET_CUT_RISK_UNRESOLVED / INCONCLUSIVE_RESEARCH,206771,56.556619256017505,0.0,0.7710651828298887,0.747043488039716,0.42510129401261637,False,False,True,TARGET_CUT_RISK_UNRESOLVED / INCONCLUSIVE_RESEARCH
M4_CONFIRM_2_WINDOWS,1000,-1000,30000,False,False,False,False,40223,8.47156697556866,0.0,0.6057553956834533,0.5689375747380724,0.4733525341217551,False,False,True,TARGET_CUT_RISK_UNRESOLVED / INCONCLUSIVE_RESEARCH,44290,12.114332603938731,0.0,0.679646017699115,0.6400686427953224,0.38042637613907665,False,False,True,TARGET_CUT_RISK_UNRESOLVED / INCONCLUSIVE_RESEARCH
M4_CONFIRM_2_WINDOWS,1000,-1000,60000,False,False,False,False,52969,11.156065711878686,0.0,0.6615523465703971,0.6331751481721913,0.5951357969723954,False,False,True,TARGET_CUT_RISK_UNRESOLVED / INCONCLUSIVE_RESEARCH,75564,20.668490153172865,0.0,0.7258938244853738,0.6962251599690604,0.5100856229793815,False,False,True,TARGET_CUT_RISK_UNRESOLVED / INCONCLUSIVE_RESEARCH
M4_CONFIRM_2_WINDOWS,1000,-1000,120000,False,False,False,False,134006,28.22367312552654,0.0,0.7387508394895903,0.7158427469121117,0.5656068025492221,False,False,True,TARGET_CUT_RISK_UNRESOLVED / INCONCLUSIVE_RESEARCH,142274,38.915207877461704,0.0,0.7805695142378559,0.7562154301115445,0.45795038843861896,False,False,True,TARGET_CUT_RISK_UNRESOLVED / INCONCLUSIVE_RESEARCH
M4_CONFIRM_2_WINDOWS,1000,-700,30000,False,False,False,False,26581,5.598357203032856,0.0,0.6194144838212635,0.5814607913282501,0.48680136743316027,False,False,True,TARGET_CUT_RISK_UNRESOLVED / INCONCLUSIVE_RESEARCH,25195,6.891411378555799,0.0,0.6760299625468165,0.635201816294953,0.4233332974381616,False,False,True,TARGET_CUT_RISK_UNRESOLVED / INCONCLUSIVE_RESEARCH
M4_CONFIRM_2_WINDOWS,1000,-700,60000,False,False,False,False,25585,5.388584667228307,0.0,0.6729857819905213,0.6440946901826232,0.6364164607731518,False,False,True,TARGET_CUT_RISK_UNRESOLVED / INCONCLUSIVE_RESEARCH,39782,10.88129102844639,0.0,0.7278911564625851,0.6975790261428461,0.5955614521770595,False,False,True,TARGET_CUT_RISK_UNRESOLVED / INCONCLUSIVE_RESEARCH
M4_CONFIRM_2_WINDOWS,1000,-700,120000,False,False,False,False,92872,19.560235888795283,0.0,0.7501749475157453,0.7270787011920766,0.5989729680309633,False,False,True,TARGET_CUT_RISK_UNRESOLVED / INCONCLUSIVE_RESEARCH,92454,25.288293216630198,0.0,0.7846556233653008,0.7599373827914571,0.5284627304432442,False,False,True,TARGET_CUT_RISK_UNRESOLVED / INCONCLUSIVE_RESEARCH
M4_CONFIRM_2_WINDOWS,1000,-500,30000,False,False,False,False,15115,3.1834456613310866,0.0,0.6295081967213115,0.5904850298950637,0.5155741760266114,False,False,True,TARGET_CUT_RISK_UNRESOLVED / INCONCLUSIVE_RESEARCH,18163,4.9679978118161925,0.0,0.6929133858267716,0.6514770360738884,0.44459997553782804,False,False,True,TARGET_CUT_RISK_UNRESOLVED / INCONCLUSIVE_RESEARCH
M4_CONFIRM_2_WINDOWS,1000,-500,60000,False,False,False,False,2896,0.6099410278011794,0.0,0.679920477137177,0.6504552907649866,0.6900860957246902,False,False,True,TARGET_CUT_RISK_UNRESOLVED / INCONCLUSIVE_RESEARCH,23077,6.312089715536105,0.0,0.744378698224852,0.7139071801798891,0.6428527088474013,False,False,True,TARGET_CUT_RISK_UNRESOLVED / INCONCLUSIVE_RESEARCH
M4_CONFIRM_2_WINDOWS,1000,-500,120000,False,False,False,False,50079,10.547388374052233,0.0,0.7563822027716995,0.7329638873568961,0.6621890025147992,False,False,True,TARGET_CUT_RISK_UNRESOLVED / INCONCLUSIVE_RESEARCH,63788,17.447483588621445,0.0,0.7974683544303798,0.772772337646545,0.5628858365795181,False,False,True,TARGET_CUT_RISK_UNRESOLVED / INCONCLUSIVE_RESEARCH
M4_CONFIRM_2_WINDOWS,1000,-300,30000,False,False,False,False,-8033,-1.6918702611625949,0.0,0.6330935251798561,0.5922464653799493,0.7073246992611121,False,False,True,TARGET_CUT_RISK_UNRESOLVED / INCONCLUSIVE_RESEARCH,2644,0.7231947483588621,0.0,0.7091295116772823,0.6665531709506842,0.5879085036089308,False,False,True,TARGET_CUT_RISK_UNRESOLVED / INCONCLUSIVE_RESEARCH
M4_CONFIRM_2_WINDOWS,1000,-300,60000,False,False,False,False,-34297,-7.22346251053075,0.0,0.6842672413793104,0.6536544436565055,0.9268753190956468,False,False,True,TARGET_CUT_RISK_UNRESOLVED / INCONCLUSIVE_RESEARCH,-3154,-0.862691466083151,0.0,0.7578419071518193,0.726909597390503,0.8045985331017178,False,False,True,TARGET_CUT_RISK_UNRESOLVED / INCONCLUSIVE_RESEARCH
M4_CONFIRM_2_WINDOWS,1000,-300,120000,False,False,False,False,-14433,-3.0398062342038754,0.0,0.7679127725856698,0.7440430101482679,0.8992543783596324,False,False,True,TARGET_CUT_RISK_UNRESOLVED / INCONCLUSIVE_RESEARCH,12967,3.5467724288840263,0.0,0.8079847908745247,0.7830793905938043,0.7344010260510361,False,False,True,TARGET_CUT_RISK_UNRESOLVED / INCONCLUSIVE_RESEARCH
M4_CONFIRM_2_WINDOWS,1000,-200,30000,False,False,False,False,-19845,-4.1796545914069085,0.0,0.6274509803921569,0.5846835650015753,0.9377325481112782,False,False,True,TARGET_CUT_RISK_UNRESOLVED / INCONCLUSIVE_RESEARCH,-12166,-3.327680525164114,0.0,0.708803611738149,0.6648465363989139,0.8823412632763128,False,False,True,TARGET_CUT_RISK_UNRESOLVED / INCONCLUSIVE_RESEARCH
M4_CONFIRM_2_WINDOWS,1000,-200,60000,False,False,False,False,-54032,-11.37994945240101,0.0,0.6895761741122566,0.6581107800405265,1.2251106114455648,False,False,True,TARGET_CUT_RISK_UNRESOLVED / INCONCLUSIVE_RESEARCH,-27593,-7.547319474835886,0.0,0.7572178477690289,0.7255335574406254,1.1642439710016275,False,False,True,TARGET_CUT_RISK_UNRESOLVED / INCONCLUSIVE_RESEARCH
M4_CONFIRM_2_WINDOWS,1000,-200,120000,False,False,False,False,-58197,-12.257160909856783,0.0,0.7752255947497949,0.7509485472164863,1.292033819346014,False,False,True,TARGET_CUT_RISK_UNRESOLVED / INCONCLUSIVE_RESEARCH,-25077,-6.859135667396061,0.0,0.810515873015873,0.7851614693010828,1.1076231973991286,False,False,True,TARGET_CUT_RISK_UNRESOLVED / INCONCLUSIVE_RESEARCH
M4_CONFIRM_2_WINDOWS,1500,-6000,30000,False,False,False,False,160331,33.76811288963774,0.0,0.5805168986083499,0.5497731685937833,0.30423604892370126,False,False,False,TARGET_CUT_RISK_UNRESOLVED / INCONCLUSIVE_RESEARCH,195777,53.54950765864333,0.0,0.6456310679611651,0.6123650243974218,0.1712946473834859,True,True,True,INCONCLUSIVE_RESEARCH
M4_CONFIRM_2_WINDOWS,1500,-6000,60000,False,False,False,False,363764,76.61415332771693,0.0,0.6436241610738255,0.6189654518913807,0.3929379699422825,False,False,False,TARGET_CUT_RISK_UNRESOLVED / INCONCLUSIVE_RESEARCH,378362,103.49070021881838,0.0,0.6919354838709677,0.6656780788547079,0.31130207213893024,False,False,False,TARGET_CUT_RISK_UNRESOLVED / INCONCLUSIVE_RESEARCH
M4_CONFIRM_2_WINDOWS,1500,-6000,120000,False,False,False,False,590858,124.4435551811289,0.0,0.7125463208046585,0.691722081745034,0.4172717562150461,False,False,False,TARGET_CUT_RISK_UNRESOLVED / INCONCLUSIVE_RESEARCH,521652,142.68380743982493,0.0,0.7410071942446043,0.7184640867708406,0.36098154471626126,False,False,False,TARGET_CUT_RISK_UNRESOLVED / INCONCLUSIVE_RESEARCH
M4_CONFIRM_2_WINDOWS,1500,-5000,30000,False,False,False,False,159471,33.58698399326032,0.0,0.5821501014198783,0.5511045603929183,0.31575616114747695,False,False,False,TARGET_CUT_RISK_UNRESOLVED / INCONCLUSIVE_RESEARCH,178090,48.711706783369806,0.0,0.6426799007444168,0.608991587434509,0.1833106591104471,True,False,True,TARGET_CUT_RISK_UNRESOLVED / INCONCLUSIVE_RESEARCH
M4_CONFIRM_2_WINDOWS,1500,-5000,60000,False,False,False,False,334570,70.46545914069081,0.0,0.645293315143247,0.6204523493772451,0.41466040093029755,False,False,False,TARGET_CUT_RISK_UNRESOLVED / INCONCLUSIVE_RESEARCH,359397,98.30333698030634,0.0,0.6918652423993427,0.6653545027345364,0.31211100268531905,False,False,True,TARGET_CUT_RISK_UNRESOLVED / INCONCLUSIVE_RESEARCH
M4_CONFIRM_2_WINDOWS,1500,-5000,120000,False,False,False,False,564094,118.8066554338669,0.0,0.7163538873994638,0.6954674711813845,0.4294454004399568,False,False,False,TARGET_CUT_RISK_UNRESOLVED / INCONCLUSIVE_RESEARCH,502174,137.35612691466082,0.0,0.7416777629826897,0.718944764267614,0.3646302774445909,False,False,False,TARGET_CUT_RISK_UNRESOLVED / INCONCLUSIVE_RESEARCH
M4_CONFIRM_2_WINDOWS,1500,-3000,30000,False,False,False,False,109708,23.106149957877,0.0,0.5873362445414847,0.5551543280214435,0.36680833561831644,False,False,True,TARGET_CUT_RISK_UNRESOLVED / INCONCLUSIVE_RESEARCH,120301,32.9050875273523,0.0,0.6385224274406333,0.6037018666750215,0.21346388124351395,True,False,True,TARGET_CUT_RISK_UNRESOLVED / INCONCLUSIVE_RESEARCH
M4_CONFIRM_2_WINDOWS,1500,-3000,60000,False,False,False,False,196832,41.45577085088458,0.0,0.6430123099203475,0.6173785880211708,0.4918889823699609,False,False,True,TARGET_CUT_RISK_UNRESOLVED / INCONCLUSIVE_RESEARCH,252709,69.12171772428884,0.0,0.6985230234578628,0.6713874431443395,0.3540102336026451,False,False,True,TARGET_CUT_RISK_UNRESOLVED / INCONCLUSIVE_RESEARCH
M4_CONFIRM_2_WINDOWS,1500,-3000,120000,False,False,False,False,348826,73.46798652064027,0.0,0.7173423423423423,0.6959485027151636,0.5115509072636311,False,False,True,TARGET_CUT_RISK_UNRESOLVED / INCONCLUSIVE_RESEARCH,376631,103.0172319474836,0.0,0.7545454545454545,0.7315776423745962,0.3918826680202232,False,False,True,TARGET_CUT_RISK_UNRESOLVED / INCONCLUSIVE_RESEARCH
M4_CONFIRM_2_WINDOWS,1500,-2000,30000,False,False,False,False,57984,12.212299915754002,0.0,0.5875440658049353,0.5541482906845784,0.44540129889634106,False,False,True,TARGET_CUT_RISK_UNRESOLVED / INCONCLUSIVE_RESEARCH,72123,19.72729759299781,0.0,0.6501416430594901,0.6142350313979497,0.26884557447391244,False,False,True,TARGET_CUT_RISK_UNRESOLVED / INCONCLUSIVE_RESEARCH
M4_CONFIRM_2_WINDOWS,1500,-2000,60000,False,False,False,False,99349,20.924389216512214,0.0,0.6445131375579598,0.6180404465749273,0.5720746794937122,False,False,True,TARGET_CUT_RISK_UNRESOLVED / INCONCLUSIVE_RESEARCH,178123,48.72073304157549,0.0,0.7140238313473877,0.6864957230164461,0.3957070790177669,False,False,True,TARGET_CUT_RISK_UNRESOLVED / INCONCLUSIVE_RESEARCH
M4_CONFIRM_2_WINDOWS,1500,-2000,120000,False,False,False,False,198102,41.723251895534965,0.0,0.7210682492581603,0.6991704784384168,0.5920836355365198,False,False,True,TARGET_CUT_RISK_UNRESOLVED / INCONCLUSIVE_RESEARCH,275796,75.43654266958424,0.0,0.7686676427525623,0.7455709071604656,0.4337884721077219,False,False,True,TARGET_CUT_RISK_UNRESOLVED / INCONCLUSIVE_RESEARCH
M4_CONFIRM_2_WINDOWS,1500,-1500,30000,False,False,False,False,33762,7.11078348778433,0.0,0.5928659286592866,0.5587344142553018,0.4841883405747653,False,False,True,TARGET_CUT_RISK_UNRESOLVED / INCONCLUSIVE_RESEARCH,71298,19.50164113785558,0.0,0.6702453987730062,0.6332544174361538,0.28095784185233724,False,False,True,TARGET_CUT_RISK_UNRESOLVED / INCONCLUSIVE_RESEARCH
M4_CONFIRM_2_WINDOWS,1500,-1500,60000,False,False,False,False,43238,9.106571187868576,0.0,0.6479099678456591,0.6209503086314674,0.6403828814920027,False,False,True,TARGET_CUT_RISK_UNRESOLVED / INCONCLUSIVE_RESEARCH,128894,35.2554704595186,0.0,0.7220602526724975,0.6939010671501942,0.4328465518663885,False,False,True,TARGET_CUT_RISK_UNRESOLVED / INCONCLUSIVE_RESEARCH
M4_CONFIRM_2_WINDOWS,1500,-1500,120000,False,False,False,False,130389,27.461878685762425,0.0,0.7281077770973668,0.7060111384663661,0.6404267043204243,False,False,True,TARGET_CUT_RISK_UNRESOLVED / INCONCLUSIVE_RESEARCH,217922,59.60667396061269,0.0,0.7780337941628265,0.7546614885848979,0.4460840667659235,False,False,True,TARGET_CUT_RISK_UNRESOLVED / INCONCLUSIVE_RESEARCH
M4_CONFIRM_2_WINDOWS,1500,-1000,30000,False,False,False,False,20456,4.308340353833193,0.0,0.6089918256130791,0.5732098698337257,0.5015953944591697,False,False,True,TARGET_CUT_RISK_UNRESOLVED / INCONCLUSIVE_RESEARCH,39570,10.823304157549234,0.0,0.674496644295302,0.6358654150138446,0.32863022185508617,False,False,True,TARGET_CUT_RISK_UNRESOLVED / INCONCLUSIVE_RESEARCH
M4_CONFIRM_2_WINDOWS,1500,-1000,60000,False,False,False,False,18676,3.9334456613310866,0.0,0.6631944444444444,0.6354002738122714,0.6615398211550295,False,False,True,TARGET_CUT_RISK_UNRESOLVED / INCONCLUSIVE_RESEARCH,74923,20.49316192560175,0.0,0.7320872274143302,0.7032341674660655,0.48368482248068995,False,False,True,TARGET_CUT_RISK_UNRESOLVED / INCONCLUSIVE_RESEARCH
M4_CONFIRM_2_WINDOWS,1500,-1000,120000,False,False,False,False,83653,17.618576242628475,0.0,0.741851368970013,0.7193670354054748,0.6571927920876619,False,False,True,TARGET_CUT_RISK_UNRESOLVED / INCONCLUSIVE_RESEARCH,147414,40.3211159737418,0.0,0.7884927066450568,0.7648300277536104,0.4758031485457149,False,False,True,TARGET_CUT_RISK_UNRESOLVED / INCONCLUSIVE_RESEARCH
M4_CONFIRM_2_WINDOWS,1500,-700,30000,False,False,False,False,10888,2.2931760741364786,0.0,0.6222547584187409,0.5853065815084705,0.5051833535835838,False,False,True,TARGET_CUT_RISK_UNRESOLVED / INCONCLUSIVE_RESEARCH,19016,5.2013129102844635,0.0,0.6714031971580817,0.6315571459059537,0.3925642735701068,False,False,True,TARGET_CUT_RISK_UNRESOLVED / INCONCLUSIVE_RESEARCH
M4_CONFIRM_2_WINDOWS,1500,-700,60000,False,False,False,False,-3863,-0.8136057287278854,0.0,0.6755027422303473,0.6471870888606075,0.6918952318550895,False,False,True,TARGET_CUT_RISK_UNRESOLVED / INCONCLUSIVE_RESEARCH,40753,11.146881838074398,0.0,0.7366702937976061,0.7072515173810241,0.5460398559139041,False,False,True,TARGET_CUT_RISK_UNRESOLVED / INCONCLUSIVE_RESEARCH
M4_CONFIRM_2_WINDOWS,1500,-700,120000,False,False,False,False,49399,10.404170176916596,0.0,0.7549353301565691,0.7322936225443458,0.6894611986693571,False,False,True,TARGET_CUT_RISK_UNRESOLVED / INCONCLUSIVE_RESEARCH,97411,26.644146608315097,0.0,0.7969543147208121,0.7730767428389048,0.5353150773506126,False,False,True,TARGET_CUT_RISK_UNRESOLVED / INCONCLUSIVE_RESEARCH
M4_CONFIRM_2_WINDOWS,1500,-500,30000,False,False,False,False,2219,0.4673546756529065,0.0,0.6308411214953271,0.5928368505907716,0.5196080195810237,False,False,True,TARGET_CUT_RISK_UNRESOLVED / INCONCLUSIVE_RESEARCH,11111,3.039113785557987,0.0,0.6847014925373134,0.6441705145116623,0.44078123892969323,False,False,True,TARGET_CUT_RISK_UNRESOLVED / INCONCLUSIVE_RESEARCH
M4_CONFIRM_2_WINDOWS,1500,-500,60000,False,False,False,False,-27085,-5.7045071609098565,0.0,0.6810344827586207,0.6521430133883334,0.7591946251329552,False,False,True,TARGET_CUT_RISK_UNRESOLVED / INCONCLUSIVE_RESEARCH,23408,6.402625820568928,0.0,0.7514188422247446,0.7218296637566786,0.5881601336316777,False,False,True,TARGET_CUT_RISK_UNRESOLVED / INCONCLUSIVE_RESEARCH
M4_CONFIRM_2_WINDOWS,1500,-500,120000,False,False,False,False,12280,2.5863521482729572,0.0,0.7624113475177305,0.7395021255570994,0.7486942911841965,False,False,True,TARGET_CUT_RISK_UNRESOLVED / INCONCLUSIVE_RESEARCH,65533,17.924781181619256,0.0,0.8078947368421052,0.7840069731979964,0.5776419168304406,False,False,True,TARGET_CUT_RISK_UNRESOLVED / INCONCLUSIVE_RESEARCH
M4_CONFIRM_2_WINDOWS,1500,-300,30000,False,False,False,False,-22116,-4.657961246840775,0.0,0.6331058020477816,0.5933346916437325,0.7118910495291009,False,False,True,TARGET_CUT_RISK_UNRESOLVED / INCONCLUSIVE_RESEARCH,-4969,-1.3591356673960613,0.0,0.6973947895791583,0.6557062136280923,0.5741032960408503,False,False,True,TARGET_CUT_RISK_UNRESOLVED / INCONCLUSIVE_RESEARCH
M4_CONFIRM_2_WINDOWS,1500,-300,60000,False,False,False,False,-62316,-13.124684077506318,0.0,0.6863966770508827,0.6564019281557149,0.9851048877616135,False,False,True,TARGET_CUT_RISK_UNRESOLVED / INCONCLUSIVE_RESEARCH,-2375,-0.649617067833698,0.0,0.7653429602888087,0.7353491942252155,0.7125540570255808,False,False,True,TARGET_CUT_RISK_UNRESOLVED / INCONCLUSIVE_RESEARCH
M4_CONFIRM_2_WINDOWS,1500,-300,120000,False,False,False,False,-53447,-11.256739679865206,0.0,0.7734848484848484,0.7501294784011348,1.0081725046760754,False,False,True,TARGET_CUT_RISK_UNRESOLVED / INCONCLUSIVE_RESEARCH,17488,4.783369803063457,0.0,0.8191881918819188,0.7951630653527124,0.693043518808412,False,False,True,TARGET_CUT_RISK_UNRESOLVED / INCONCLUSIVE_RESEARCH
M4_CONFIRM_2_WINDOWS,1500,-200,30000,False,False,False,False,-32931,-6.935762426284751,0.0,0.62708719851577,0.5854980796331523,0.889535436514728,False,False,True,TARGET_CUT_RISK_UNRESOLVED / INCONCLUSIVE_RESEARCH,-19706,-5.3900437636761485,0.0,0.6963906581740976,0.6534135188153145,0.823607530661667,False,False,True,TARGET_CUT_RISK_UNRESOLVED / INCONCLUSIVE_RESEARCH
M4_CONFIRM_2_WINDOWS,1500,-200,60000,False,False,False,False,-78722,-16.580033698399326,0.0,0.6912899669239251,0.660471603389077,1.2264024804914877,False,False,True,TARGET_CUT_RISK_UNRESOLVED / INCONCLUSIVE_RESEARCH,-28778,-7.871444201312911,0.0,0.7635220125786164,0.7327613681966082,0.9621627903973553,False,False,True,TARGET_CUT_RISK_UNRESOLVED / INCONCLUSIVE_RESEARCH
M4_CONFIRM_2_WINDOWS,1500,-200,120000,False,False,False,False,-91606,-19.293597304128053,0.0,0.7813248204309656,0.757596840237492,1.3337659216534488,False,False,True,TARGET_CUT_RISK_UNRESOLVED / INCONCLUSIVE_RESEARCH,-23775,-6.50300875273523,0.0,0.8209817131857555,0.7965015574234336,0.9958886526814007,False,False,True,TARGET_CUT_RISK_UNRESOLVED / INCONCLUSIVE_RESEARCH
M4_CONFIRM_2_WINDOWS,2000,-6000,30000,False,False,False,False,154223,32.48167649536647,0.0,0.5797101449275363,0.5493979057651054,0.3072607240021497,False,False,False,TARGET_CUT_RISK_UNRESOLVED / INCONCLUSIVE_RESEARCH,196262,53.68216630196937,0.0,0.6379511059371362,0.6052639367445241,0.19508377242318395,True,True,True,INCONCLUSIVE_RESEARCH
M4_CONFIRM_2_WINDOWS,2000,-6000,60000,False,False,False,False,354548,74.67312552653749,0.0,0.644199611147116,0.6199805630228312,0.38757917242279655,False,False,False,TARGET_CUT_RISK_UNRESOLVED / INCONCLUSIVE_RESEARCH,384117,105.0648249452954,0.0,0.686289697908598,0.6604579169474244,0.31592368372775637,False,False,False,TARGET_CUT_RISK_UNRESOLVED / INCONCLUSIVE_RESEARCH
M4_CONFIRM_2_WINDOWS,2000,-6000,120000,False,False,False,False,603281,127.0600252737995,0.0,0.7160493827160493,0.6955941503080718,0.418739211306514,False,False,False,TARGET_CUT_RISK_UNRESOLVED / INCONCLUSIVE_RESEARCH,522173,142.82631291028446,0.0,0.7353126974099811,0.713029368569458,0.39598531029414835,False,False,False,TARGET_CUT_RISK_UNRESOLVED / INCONCLUSIVE_RESEARCH
M4_CONFIRM_2_WINDOWS,2000,-5000,30000,False,False,False,False,152363,32.08993260320135,0.0,0.5812807881773399,0.550679292056899,0.3186506473509575,False,False,True,TARGET_CUT_RISK_UNRESOLVED / INCONCLUSIVE_RESEARCH,177233,48.477297592997814,0.0,0.6349583828775267,0.601874763640741,0.2081754982702372,True,True,True,INCONCLUSIVE_RESEARCH
M4_CONFIRM_2_WINDOWS,2000,-5000,60000,False,False,False,False,321354,67.68197135636058,0.0,0.6458196181698486,0.6214280998401509,0.40906801292042194,False,False,False,TARGET_CUT_RISK_UNRESOLVED / INCONCLUSIVE_RESEARCH,364468,99.69037199124726,0.0,0.6861198738170347,0.6600472183124959,0.3162765175464298,False,False,True,TARGET_CUT_RISK_UNRESOLVED / INCONCLUSIVE_RESEARCH
M4_CONFIRM_2_WINDOWS,2000,-5000,120000,False,False,False,False,569238,119.89005897219882,0.0,0.7197916666666667,0.6992798441135635,0.4344772236418073,False,False,False,TARGET_CUT_RISK_UNRESOLVED / INCONCLUSIVE_RESEARCH,501816,137.2582056892779,0.0,0.7365038560411311,0.7140520266092829,0.40016579719241263,False,False,True,TARGET_CUT_RISK_UNRESOLVED / INCONCLUSIVE_RESEARCH
M4_CONFIRM_2_WINDOWS,2000,-3000,30000,False,False,False,False,96547,20.33424599831508,0.0,0.586864406779661,0.5551634214213704,0.3691066653644424,False,False,True,TARGET_CUT_RISK_UNRESOLVED / INCONCLUSIVE_RESEARCH,119405,32.66001094091904,0.0,0.6313131313131313,0.5971546872242524,0.24055952358634997,True,False,True,TARGET_CUT_RISK_UNRESOLVED / INCONCLUSIVE_RESEARCH
M4_CONFIRM_2_WINDOWS,2000,-3000,60000,False,False,False,False,174634,36.78053917438922,0.0,0.6436058700209644,0.6184372690596501,0.4900668582419874,False,False,True,TARGET_CUT_RISK_UNRESOLVED / INCONCLUSIVE_RESEARCH,241031,65.92751641137856,0.0,0.6919233971690258,0.6652342687608567,0.36486242228969507,False,False,True,TARGET_CUT_RISK_UNRESOLVED / INCONCLUSIVE_RESEARCH
M4_CONFIRM_2_WINDOWS,2000,-3000,120000,False,False,False,False,338891,71.37552653748946,0.0,0.7215536105032823,0.7005575118926399,0.5192497855834565,False,False,True,TARGET_CUT_RISK_UNRESOLVED / INCONCLUSIVE_RESEARCH,364123,99.59600656455142,0.0,0.7491571139581928,0.7264694858322339,0.4331506722929828,False,False,True,TARGET_CUT_RISK_UNRESOLVED / INCONCLUSIVE_RESEARCH
M4_CONFIRM_2_WINDOWS,2000,-2000,30000,False,False,False,False,41599,8.761373209772536,0.0,0.5876993166287016,0.5548259536035186,0.4400180005210677,False,False,True,TARGET_CUT_RISK_UNRESOLVED / INCONCLUSIVE_RESEARCH,66872,18.291028446389497,0.0,0.6422764227642277,0.6070390993253423,0.30019217564772943,False,False,True,TARGET_CUT_RISK_UNRESOLVED / INCONCLUSIVE_RESEARCH
M4_CONFIRM_2_WINDOWS,2000,-2000,60000,False,False,False,False,75482,15.897641112047177,0.0,0.6455223880597015,0.6195275199723863,0.5564758531921701,False,False,True,TARGET_CUT_RISK_UNRESOLVED / INCONCLUSIVE_RESEARCH,162256,44.38074398249453,0.0,0.7062445030782761,0.6791103744501923,0.41575095844715665,False,False,True,TARGET_CUT_RISK_UNRESOLVED / INCONCLUSIVE_RESEARCH
M4_CONFIRM_2_WINDOWS,2000,-2000,120000,False,False,False,False,179935,37.897009267059815,0.0,0.7259088286208887,0.704425588219804,0.597891102720893,False,False,True,TARGET_CUT_RISK_UNRESOLVED / INCONCLUSIVE_RESEARCH,256329,70.11187089715536,0.0,0.7625441696113074,0.7396805340912106,0.48590658989920377,False,False,True,TARGET_CUT_RISK_UNRESOLVED / INCONCLUSIVE_RESEARCH
M4_CONFIRM_2_WINDOWS,2000,-1500,30000,False,False,False,False,11478,2.4174389216512218,0.0,0.5918854415274463,0.5582631446863962,0.4890483231128455,False,False,True,TARGET_CUT_RISK_UNRESOLVED / INCONCLUSIVE_RESEARCH,68768,18.809628008752735,0.0,0.6622807017543859,0.6260198187760462,0.3163807238361115,False,False,True,TARGET_CUT_RISK_UNRESOLVED / INCONCLUSIVE_RESEARCH
M4_CONFIRM_2_WINDOWS,2000,-1500,60000,False,False,False,False,9139,1.924810446503791,0.0,0.6475155279503105,0.6210213284622464,0.63024201039453,False,False,True,TARGET_CUT_RISK_UNRESOLVED / INCONCLUSIVE_RESEARCH,116783,31.942833698030636,0.0,0.7144186046511628,0.6866910903619585,0.4432837456365088,False,False,True,TARGET_CUT_RISK_UNRESOLVED / INCONCLUSIVE_RESEARCH
M4_CONFIRM_2_WINDOWS,2000,-1500,120000,False,False,False,False,98319,20.707455770850885,0.0,0.7319833234067897,0.7102850829110433,0.6601263191855018,False,False,True,TARGET_CUT_RISK_UNRESOLVED / INCONCLUSIVE_RESEARCH,203166,55.570568927789935,0.0,0.7718518518518519,0.7487139838233028,0.49297761261396805,False,False,True,TARGET_CUT_RISK_UNRESOLVED / INCONCLUSIVE_RESEARCH
M4_CONFIRM_2_WINDOWS,2000,-1000,30000,False,False,False,False,3852,0.8112889637742208,0.0,0.607661822985469,0.572419354065721,0.5063627304174515,False,False,True,TARGET_CUT_RISK_UNRESOLVED / INCONCLUSIVE_RESEARCH,37417,10.234409190371991,0.0,0.6672,0.6293348349093185,0.35154865148194037,False,False,True,TARGET_CUT_RISK_UNRESOLVED / INCONCLUSIVE_RESEARCH
M4_CONFIRM_2_WINDOWS,2000,-1000,60000,False,False,False,False,-12478,-2.6280539174389217,0.0,0.6605196982397318,0.6331720524782849,0.6629026861676703,False,False,True,TARGET_CUT_RISK_UNRESOLVED / INCONCLUSIVE_RESEARCH,66274,18.127461706783368,0.0,0.7266401590457257,0.698276156028349,0.5124524527249097,False,False,True,TARGET_CUT_RISK_UNRESOLVED / INCONCLUSIVE_RESEARCH
M4_CONFIRM_2_WINDOWS,2000,-1000,120000,False,False,False,False,56270,11.851305812973884,0.0,0.7438173747622068,0.7216982447361752,0.6718753721921822,False,False,True,TARGET_CUT_RISK_UNRESOLVED / INCONCLUSIVE_RESEARCH,131196,35.88512035010941,0.0,0.7826426896012509,0.7592105099689967,0.5504169194934331,False,False,True,TARGET_CUT_RISK_UNRESOLVED / INCONCLUSIVE_RESEARCH
M4_CONFIRM_2_WINDOWS,2000,-700,30000,False,False,False,False,-462,-0.09730412805391744,0.0,0.6226950354609929,0.5863412309619651,0.49482635969734207,False,False,True,TARGET_CUT_RISK_UNRESOLVED / INCONCLUSIVE_RESEARCH,17338,4.74234135667396,0.0,0.6655405405405406,0.626575480388087,0.40474228260613626,False,False,True,TARGET_CUT_RISK_UNRESOLVED / INCONCLUSIVE_RESEARCH
M4_CONFIRM_2_WINDOWS,2000,-700,60000,False,False,False,False,-29577,-6.229359730412805,0.0,0.6743362831858407,0.6464623455373473,0.682526885752426,False,False,True,TARGET_CUT_RISK_UNRESOLVED / INCONCLUSIVE_RESEARCH,33369,9.12718818380744,0.0,0.73125,0.7023264147753688,0.5677988259505414,False,False,True,TARGET_CUT_RISK_UNRESOLVED / INCONCLUSIVE_RESEARCH
M4_CONFIRM_2_WINDOWS,2000,-700,120000,False,False,False,False,24904,5.245155855096883,0.0,0.7577969475779694,0.7355289892740691,0.6929985234700158,False,False,True,TARGET_CUT_RISK_UNRESOLVED / INCONCLUSIVE_RESEARCH,85644,23.425601750547045,0.0,0.7918367346938775,0.7682064082061005,0.6017794740438186,False,False,True,TARGET_CUT_RISK_UNRESOLVED / INCONCLUSIVE_RESEARCH
M4_CONFIRM_2_WINDOWS,2000,-500,30000,False,False,False,False,-7506,-1.5808761583824769,0.0,0.6310240963855421,0.5936666997408184,0.5226575369012629,False,False,True,TARGET_CUT_RISK_UNRESOLVED / INCONCLUSIVE_RESEARCH,11274,3.083698030634573,0.0,0.6827094474153298,0.6430644107150867,0.4283626995799329,False,False,True,TARGET_CUT_RISK_UNRESOLVED / INCONCLUSIVE_RESEARCH
M4_CONFIRM_2_WINDOWS,2000,-500,60000,False,False,False,False,-51257,-10.795492839090143,0.0,0.6799628942486086,0.6515188163946785,0.7447889848770906,False,False,True,TARGET_CUT_RISK_UNRESOLVED / INCONCLUSIVE_RESEARCH,17729,4.849288840262582,0.0,0.7480916030534351,0.7189990748616907,0.6053264153759838,False,False,True,TARGET_CUT_RISK_UNRESOLVED / INCONCLUSIVE_RESEARCH
M4_CONFIRM_2_WINDOWS,2000,-500,120000,False,False,False,False,-11207,-2.360362257792755,0.0,0.7648686030428768,0.7423263998479391,0.7525055535856616,False,False,True,TARGET_CUT_RISK_UNRESOLVED / INCONCLUSIVE_RESEARCH,57258,15.661378555798686,0.0,0.8039049235993209,0.7802593338403734,0.6372936275839517,False,False,True,TARGET_CUT_RISK_UNRESOLVED / INCONCLUSIVE_RESEARCH
M4_CONFIRM_2_WINDOWS,2000,-300,30000,False,False,False,False,-32162,-6.7737994945240105,0.0,0.6326194398682042,0.5935455440254628,0.7105600885403789,False,False,True,TARGET_CUT_RISK_UNRESOLVED / INCONCLUSIVE_RESEARCH,-4713,-1.2891137855579868,0.0,0.6940726577437859,0.6532844070767895,0.5369421498776481,False,False,True,TARGET_CUT_RISK_UNRESOLVED / INCONCLUSIVE_RESEARCH
M4_CONFIRM_2_WINDOWS,2000,-300,60000,False,False,False,False,-84548,-17.807076663858467,0.0,0.6851106639839034,0.6555703702422512,0.9556582371852862,False,False,True,TARGET_CUT_RISK_UNRESOLVED / INCONCLUSIVE_RESEARCH,-6352,-1.737417943107221,0.0,0.7609699769053118,0.7314515469751274,0.7195429014139066,False,False,True,TARGET_CUT_RISK_UNRESOLVED / INCONCLUSIVE_RESEARCH
M4_CONFIRM_2_WINDOWS,2000,-300,120000,False,False,False,False,-74397,-15.669123841617523,0.0,0.7760532150776053,0.7530758438745648,0.993529671209083,False,False,True,TARGET_CUT_RISK_UNRESOLVED / INCONCLUSIVE_RESEARCH,7906,2.162472647702407,0.0,0.8133928571428571,0.7895187573172211,0.7744389337309692,False,False,True,TARGET_CUT_RISK_UNRESOLVED / INCONCLUSIVE_RESEARCH
M4_CONFIRM_2_WINDOWS,2000,-200,30000,False,False,False,False,-41673,-8.776958719460826,0.0,0.6267857142857143,0.5859909479816612,0.8344412889304923,False,False,True,TARGET_CUT_RISK_UNRESOLVED / INCONCLUSIVE_RESEARCH,-19733,-5.397428884026258,0.0,0.6923076923076923,0.650254161542088,0.6970064871525387,False,False,True,TARGET_CUT_RISK_UNRESOLVED / INCONCLUSIVE_RESEARCH
M4_CONFIRM_2_WINDOWS,2000,-200,60000,False,False,False,False,-95062,-20.021482729570344,0.0,0.6912393162393162,0.6609116990516902,1.107616521409625,False,False,True,TARGET_CUT_RISK_UNRESOLVED / INCONCLUSIVE_RESEARCH,-32753,-8.958698030634574,0.0,0.7596618357487923,0.7294011245603649,0.9162917055777231,False,False,True,TARGET_CUT_RISK_UNRESOLVED / INCONCLUSIVE_RESEARCH
M4_CONFIRM_2_WINDOWS,2000,-200,120000,False,False,False,False,-106303,-22.38900589721988,0.0,0.7850467289719626,0.7617448195343965,1.227338054299825,False,False,True,TARGET_CUT_RISK_UNRESOLVED / INCONCLUSIVE_RESEARCH,-33260,-9.097374179431073,0.0,0.8154706430568499,0.7911488396348059,1.0422196416721965,False,False,True,TARGET_CUT_RISK_UNRESOLVED / INCONCLUSIVE_RESEARCH
M4_CONFIRM_2_WINDOWS,3000,-6000,30000,False,False,False,False,141394,29.779696714406064,0.0,0.5810055865921788,0.551260065832032,0.24411214444353688,True,False,True,TARGET_CUT_RISK_UNRESOLVED / INCONCLUSIVE_RESEARCH,188318,51.50929978118162,0.0,0.6398640996602492,0.6076586307923637,0.18950831893042006,True,False,True,TARGET_CUT_RISK_UNRESOLVED / INCONCLUSIVE_RESEARCH
M4_CONFIRM_2_WINDOWS,3000,-6000,60000,False,False,False,False,296132,62.3698399326032,0.0,0.636986301369863,0.6131671416893235,0.39575570030649665,False,False,False,TARGET_CUT_RISK_UNRESOLVED / INCONCLUSIVE_RESEARCH,402381,110.06044857768053,0.0,0.6934635612321562,0.6681670075278149,0.2783098150685158,False,False,True,TARGET_CUT_RISK_UNRESOLVED / INCONCLUSIVE_RESEARCH
M4_CONFIRM_2_WINDOWS,3000,-6000,120000,False,False,False,False,544347,114.64764111204718,0.0,0.7134328358208956,0.6932734152560065,0.4468789291962985,False,False,False,TARGET_CUT_RISK_UNRESOLVED / INCONCLUSIVE_RESEARCH,552231,151.04786652078775,0.0,0.7443286327406499,0.7226004656218591,0.38296577605789317,False,False,True,TARGET_CUT_RISK_UNRESOLVED / INCONCLUSIVE_RESEARCH
M4_CONFIRM_2_WINDOWS,3000,-5000,30000,False,False,False,False,139534,29.387952822240944,0.0,0.5825426944971537,0.5525242482162291,0.25250602996171806,False,False,True,TARGET_CUT_RISK_UNRESOLVED / INCONCLUSIVE_RESEARCH,168289,46.030908096280086,0.0,0.6369942196531792,0.6044083875125694,0.20184893291710287,True,False,True,TARGET_CUT_RISK_UNRESOLVED / INCONCLUSIVE_RESEARCH
M4_CONFIRM_2_WINDOWS,3000,-5000,60000,False,False,False,False,259252,54.602358887952825,0.0,0.638432364096081,0.6144479614090316,0.417440026743603,False,False,True,TARGET_CUT_RISK_UNRESOLVED / INCONCLUSIVE_RESEARCH,377016,103.12253829321664,0.0,0.6934250764525994,0.6679019580695409,0.2860846737537337,False,False,True,TARGET_CUT_RISK_UNRESOLVED / INCONCLUSIVE_RESEARCH
M4_CONFIRM_2_WINDOWS,3000,-5000,120000,False,False,False,False,502160,105.76242628475147,0.0,0.7170191339375629,0.6968040523241615,0.46912505089430817,False,False,True,TARGET_CUT_RISK_UNRESOLVED / INCONCLUSIVE_RESEARCH,525200,143.6542669584245,0.0,0.7454772301933874,0.723584126450309,0.3867841328675479,False,False,True,TARGET_CUT_RISK_UNRESOLVED / INCONCLUSIVE_RESEARCH
M4_CONFIRM_2_WINDOWS,3000,-3000,30000,False,False,False,False,84786,17.85720303285594,0.0,0.5877551020408164,0.5566523165360918,0.28260162443744263,False,False,True,TARGET_CUT_RISK_UNRESOLVED / INCONCLUSIVE_RESEARCH,108828,29.76695842450766,0.0,0.6326781326781327,0.5990099476391384,0.22691490073254642,True,False,True,TARGET_CUT_RISK_UNRESOLVED / INCONCLUSIVE_RESEARCH
M4_CONFIRM_2_WINDOWS,3000,-3000,60000,False,False,False,False,118574,24.97346251053075,0.0,0.6382550335570469,0.6135303536056886,0.49617918106195946,False,False,True,TARGET_CUT_RISK_UNRESOLVED / INCONCLUSIVE_RESEARCH,244302,66.82221006564552,0.0,0.6997578692493946,0.6736500015735402,0.31981018680076473,False,False,True,TARGET_CUT_RISK_UNRESOLVED / INCONCLUSIVE_RESEARCH
M4_CONFIRM_2_WINDOWS,3000,-3000,120000,False,False,False,False,262884,55.36731255265375,0.0,0.7206349206349206,0.6999745862202253,0.5633953787421425,False,False,True,TARGET_CUT_RISK_UNRESOLVED / INCONCLUSIVE_RESEARCH,377620,103.28774617067833,0.0,0.7578534031413613,0.7357447748068646,0.4168832245936083,False,False,True,TARGET_CUT_RISK_UNRESOLVED / INCONCLUSIVE_RESEARCH
M4_CONFIRM_2_WINDOWS,3000,-2000,30000,False,False,False,False,29127,6.13458298230834,0.0,0.5892661555312158,0.5570452589779216,0.3315832558826607,False,False,True,TARGET_CUT_RISK_UNRESOLVED / INCONCLUSIVE_RESEARCH,54700,14.961706783369802,0.0,0.6434210526315789,0.608723957179022,0.27650414258729356,False,False,True,TARGET_CUT_RISK_UNRESOLVED / INCONCLUSIVE_RESEARCH
M4_CONFIRM_2_WINDOWS,3000,-2000,60000,False,False,False,False,19479,4.10256950294861,0.0,0.6411174785100286,0.6155994871674362,0.5685055279196618,False,False,True,TARGET_CUT_RISK_UNRESOLVED / INCONCLUSIVE_RESEARCH,161460,44.16301969365427,0.0,0.7140425531914893,0.6875407719883275,0.3785196686394105,False,False,True,TARGET_CUT_RISK_UNRESOLVED / INCONCLUSIVE_RESEARCH
M4_CONFIRM_2_WINDOWS,3000,-2000,120000,False,False,False,False,101132,21.299915754001685,0.0,0.7264098269123395,0.7052954008522241,0.6458379703663627,False,False,True,TARGET_CUT_RISK_UNRESOLVED / INCONCLUSIVE_RESEARCH,266079,72.77871991247265,0.0,0.7717614804660726,0.7495287114026464,0.46010973780946657,False,False,True,TARGET_CUT_RISK_UNRESOLVED / INCONCLUSIVE_RESEARCH
M4_CONFIRM_2_WINDOWS,3000,-1500,30000,False,False,False,False,1942,0.4090143218197136,0.0,0.5940366972477065,0.5610990269364029,0.3400538564968499,False,False,True,TARGET_CUT_RISK_UNRESOLVED / INCONCLUSIVE_RESEARCH,50918,13.927242888402626,0.0,0.6609929078014184,0.6252616336920941,0.29647547568428856,False,False,True,TARGET_CUT_RISK_UNRESOLVED / INCONCLUSIVE_RESEARCH
M4_CONFIRM_2_WINDOWS,3000,-1500,60000,False,False,False,False,-41589,-8.75926705981466,0.0,0.6432835820895523,0.6172591131166771,0.6184723784975082,False,False,True,TARGET_CUT_RISK_UNRESOLVED / INCONCLUSIVE_RESEARCH,105683,28.90672866520788,0.0,0.7200720072007201,0.6929484162811362,0.41979323748039743,False,False,True,TARGET_CUT_RISK_UNRESOLVED / INCONCLUSIVE_RESEARCH
M4_CONFIRM_2_WINDOWS,3000,-1500,120000,False,False,False,False,28261,5.952190395956192,0.0,0.7336799537839399,0.712355596935705,0.7001528778216977,False,False,True,TARGET_CUT_RISK_UNRESOLVED / INCONCLUSIVE_RESEARCH,208507,57.03145514223195,0.0,0.7807332854061826,0.7582331952489698,0.4641049518861605,False,False,True,TARGET_CUT_RISK_UNRESOLVED / INCONCLUSIVE_RESEARCH
M4_CONFIRM_2_WINDOWS,3000,-1000,30000,False,False,False,False,-2214,-0.466301600673968,0.0,0.610126582278481,0.5756618981311445,0.3391246334107051,False,False,True,TARGET_CUT_RISK_UNRESOLVED / INCONCLUSIVE_RESEARCH,21659,5.924234135667396,0.0,0.6656346749226006,0.6283702103314086,0.34356070047707105,False,False,True,TARGET_CUT_RISK_UNRESOLVED / INCONCLUSIVE_RESEARCH
M4_CONFIRM_2_WINDOWS,3000,-1000,60000,False,False,False,False,-54343,-11.445450716090985,0.0,0.6578099838969405,0.6309737499585456,0.6532844899594398,False,False,True,TARGET_CUT_RISK_UNRESOLVED / INCONCLUSIVE_RESEARCH,55578,15.201859956236325,0.0,0.7333974975938402,0.7056865555709811,0.47587510144601297,False,False,True,TARGET_CUT_RISK_UNRESOLVED / INCONCLUSIVE_RESEARCH
M4_CONFIRM_2_WINDOWS,3000,-1000,120000,False,False,False,False,-11562,-2.4351305812973885,0.0,0.7441574415744158,0.7223908295329875,0.7242098265546625,False,False,True,TARGET_CUT_RISK_UNRESOLVED / INCONCLUSIVE_RESEARCH,137875,37.71198030634573,0.0,0.7939163498098859,0.7712131020229473,0.5008943830226787,False,False,True,TARGET_CUT_RISK_UNRESOLVED / INCONCLUSIVE_RESEARCH
M4_CONFIRM_2_WINDOWS,3000,-700,30000,False,False,False,False,-12143,-2.557497893850042,0.0,0.6233062330623306,0.5877930343958201,0.3923352508391442,False,False,True,TARGET_CUT_RISK_UNRESOLVED / INCONCLUSIVE_RESEARCH,3122,0.8539387308533917,0.0,0.6650326797385621,0.6267124329062392,0.3769861121875947,False,False,True,TARGET_CUT_RISK_UNRESOLVED / INCONCLUSIVE_RESEARCH
M4_CONFIRM_2_WINDOWS,3000,-700,60000,False,False,False,False,-75416,-15.883740522325189,0.0,0.6692111959287532,0.6418432471333846,0.6874890439863659,False,False,True,TARGET_CUT_RISK_UNRESOLVED / INCONCLUSIVE_RESEARCH,24054,6.579321663019694,0.0,0.7389112903225806,0.7106942011763782,0.5347361799962405,False,False,True,TARGET_CUT_RISK_UNRESOLVED / INCONCLUSIVE_RESEARCH
M4_CONFIRM_2_WINDOWS,3000,-700,120000,False,False,False,False,-48770,-10.271693344566133,0.0,0.7551413881748072,0.7331645200380931,0.7763828670605324,False,False,True,TARGET_CUT_RISK_UNRESOLVED / INCONCLUSIVE_RESEARCH,84479,23.10694748358862,0.0,0.8015873015873016,0.7786647275395472,0.5496611369875052,False,False,True,TARGET_CUT_RISK_UNRESOLVED / INCONCLUSIVE_RESEARCH
M4_CONFIRM_2_WINDOWS,3000,-500,30000,False,False,False,False,-19968,-4.205560235888795,0.0,0.629842180774749,0.5933757518330253,0.43529009070682867,False,False,True,TARGET_CUT_RISK_UNRESOLVED / INCONCLUSIVE_RESEARCH,-2127,-0.5817833698030634,0.0,0.6798623063683304,0.6408523439817332,0.4324705279343926,False,False,True,TARGET_CUT_RISK_UNRESOLVED / INCONCLUSIVE_RESEARCH
M4_CONFIRM_2_WINDOWS,3000,-500,60000,False,False,False,False,-93519,-19.696503791069926,0.0,0.6740674955595026,0.6461383005924947,0.744829031582002,False,False,True,TARGET_CUT_RISK_UNRESOLVED / INCONCLUSIVE_RESEARCH,6874,1.8801969365426696,0.0,0.7542194092827004,0.7258222319185589,0.5803711204298371,False,False,True,TARGET_CUT_RISK_UNRESOLVED / INCONCLUSIVE_RESEARCH
M4_CONFIRM_2_WINDOWS,3000,-500,120000,False,False,False,False,-81273,-17.11731255265375,0.0,0.7610441767068273,0.7387680335748038,0.8474763567700371,False,False,True,TARGET_CUT_RISK_UNRESOLVED / INCONCLUSIVE_RESEARCH,54778,14.983041575492342,0.0,0.8122415219189413,0.7892522990143419,0.5799340315881156,False,False,True,TARGET_CUT_RISK_UNRESOLVED / INCONCLUSIVE_RESEARCH
M4_CONFIRM_2_WINDOWS,3000,-300,30000,False,False,False,False,-42793,-9.012847514743049,0.0,0.6332288401253918,0.5951398210639686,0.5292538103702583,False,False,True,TARGET_CUT_RISK_UNRESOLVED / INCONCLUSIVE_RESEARCH,-16582,-4.535557986870897,0.0,0.6906077348066298,0.6505031038442625,0.5173078254448111,False,False,True,TARGET_CUT_RISK_UNRESOLVED / INCONCLUSIVE_RESEARCH
M4_CONFIRM_2_WINDOWS,3000,-300,60000,False,False,False,False,-119633,-25.196503791069926,0.0,0.6811175337186898,0.6521426767697003,0.9313914917855188,False,False,True,TARGET_CUT_RISK_UNRESOLVED / INCONCLUSIVE_RESEARCH,-18446,-5.045404814004376,0.0,0.7653631284916201,0.7365020763241422,0.6923729656657635,False,False,True,TARGET_CUT_RISK_UNRESOLVED / INCONCLUSIVE_RESEARCH
M4_CONFIRM_2_WINDOWS,3000,-300,120000,False,False,False,False,-130888,-27.56697556866049,0.0,0.7738010021474588,0.7511287617250427,1.0621869926463565,False,False,True,TARGET_CUT_RISK_UNRESOLVED / INCONCLUSIVE_RESEARCH,-2147,-0.587253829321663,0.0,0.8189730200174065,0.7956583183849669,0.7317061279485156,False,False,True,TARGET_CUT_RISK_UNRESOLVED / INCONCLUSIVE_RESEARCH
M4_CONFIRM_2_WINDOWS,3000,-200,30000,False,False,False,False,-49788,-10.486099410278012,0.0,0.6271186440677966,0.5873945017461528,0.5634499440413011,False,False,True,TARGET_CUT_RISK_UNRESOLVED / INCONCLUSIVE_RESEARCH,-30902,-8.452407002188183,0.0,0.688715953307393,0.6474120931576047,0.6300510468299179,False,False,True,TARGET_CUT_RISK_UNRESOLVED / INCONCLUSIVE_RESEARCH
M4_CONFIRM_2_WINDOWS,3000,-200,60000,False,False,False,False,-119048,-25.07329401853412,0.0,0.6881390593047034,0.6584171111934145,0.99261134538938,False,False,True,TARGET_CUT_RISK_UNRESOLVED / INCONCLUSIVE_RESEARCH,-43768,-11.971553610503282,0.0,0.764294049008168,0.7347369363323796,0.8344947095580406,False,False,True,TARGET_CUT_RISK_UNRESOLVED / INCONCLUSIVE_RESEARCH
M4_CONFIRM_2_WINDOWS,3000,-200,120000,False,False,False,False,-147520,-31.069924178601518,0.0,0.7843137254901961,0.7613714864125375,1.2261920587363104,False,False,True,TARGET_CUT_RISK_UNRESOLVED / INCONCLUSIVE_RESEARCH,-43740,-11.963894967177243,0.0,0.8212341197822142,0.7975078837876719,0.9395703509347327,False,False,True,TARGET_CUT_RISK_UNRESOLVED / INCONCLUSIVE_RESEARCH
M4_CONFIRM_2_WINDOWS,5000,-6000,30000,False,False,False,False,92244,19.427969671440607,0.0,0.5807339449541284,0.5512072238958907,0.17401327079281548,True,True,True,INCONCLUSIVE_RESEARCH,176899,48.385940919037196,0.0,0.6441441441441441,0.6120952040718682,0.10540839087469986,True,True,True,INCONCLUSIVE_RESEARCH
M4_CONFIRM_2_WINDOWS,5000,-6000,60000,False,False,False,False,143804,30.287278854254424,0.0,0.6342648845686513,0.6107096526027654,0.3424697810559065,False,False,True,TARGET_CUT_RISK_UNRESOLVED / INCONCLUSIVE_RESEARCH,382875,104.72510940919037,0.0,0.7010385756676558,0.6760564555681867,0.23063979712735663,True,False,True,TARGET_CUT_RISK_UNRESOLVED / INCONCLUSIVE_RESEARCH
M4_CONFIRM_2_WINDOWS,5000,-6000,120000,False,False,False,False,401944,84.65543386689133,0.0,0.7210321324245375,0.7012376840517,0.443678635782671,False,False,True,TARGET_CUT_RISK_UNRESOLVED / INCONCLUSIVE_RESEARCH,502200,137.36323851203502,0.0,0.7554347826086957,0.7341570681775709,0.38708602392852715,False,False,True,TARGET_CUT_RISK_UNRESOLVED / INCONCLUSIVE_RESEARCH
M4_CONFIRM_2_WINDOWS,5000,-5000,30000,False,False,False,False,88384,18.614995787700085,0.0,0.5822429906542056,0.5524493530114196,0.18058757299150915,True,True,True,INCONCLUSIVE_RESEARCH,160000,43.7636761487965,0.0,0.6421173762945915,0.6096834982468842,0.1122434613585478,True,True,True,INCONCLUSIVE_RESEARCH
M4_CONFIRM_2_WINDOWS,5000,-5000,60000,False,True,False,False,102908,21.67396798652064,0.0,0.6354102405922271,0.6116848918716143,0.3617696877564447,False,False,True,TARGET_CUT_RISK_UNRESOLVED / INCONCLUSIVE_RESEARCH,363469,99.41712253829321,0.0,0.7016616314199395,0.6764623399226841,0.23301627757268414,True,True,True,PROMISING_OFFLINE_ONLY
M4_CONFIRM_2_WINDOWS,5000,-5000,120000,False,False,False,False,352133,74.1644903117102,0.0,0.724494825036964,0.7046446394058626,0.46629833468803344,False,False,True,TARGET_CUT_RISK_UNRESOLVED / INCONCLUSIVE_RESEARCH,482949,132.09764770240702,0.0,0.7576875768757687,0.736269199646539,0.381703331837214,False,False,True,TARGET_CUT_RISK_UNRESOLVED / INCONCLUSIVE_RESEARCH
M4_CONFIRM_2_WINDOWS,5000,-3000,30000,False,False,False,False,34469,7.259688289806234,0.0,0.5865191146881288,0.5556289509441567,0.2091186093678249,True,False,True,TARGET_CUT_RISK_UNRESOLVED / INCONCLUSIVE_RESEARCH,103735,28.37390590809628,0.0,0.6389228886168911,0.6054081959672715,0.11749493604151058,True,True,True,INCONCLUSIVE_RESEARCH
M4_CONFIRM_2_WINDOWS,5000,-3000,60000,False,False,False,False,-33480,-7.051390058972199,0.0,0.6351706036745407,0.6106904750482209,0.41992313303810325,False,False,True,TARGET_CUT_RISK_UNRESOLVED / INCONCLUSIVE_RESEARCH,221025,60.455415754923415,0.0,0.709832134292566,0.6840710126863664,0.2666148727389417,False,False,True,TARGET_CUT_RISK_UNRESOLVED / INCONCLUSIVE_RESEARCH
M4_CONFIRM_2_WINDOWS,5000,-3000,120000,False,False,False,False,91560,19.28390901432182,0.0,0.726895119418484,0.7065596461884249,0.5635915389279681,False,False,True,TARGET_CUT_RISK_UNRESOLVED / INCONCLUSIVE_RESEARCH,320301,87.60968271334792,0.0,0.7708737864077669,0.7492609694548601,0.41672899771671523,False,False,True,TARGET_CUT_RISK_UNRESOLVED / INCONCLUSIVE_RESEARCH
M4_CONFIRM_2_WINDOWS,5000,-2000,30000,False,False,False,False,-14875,-3.1328980623420386,0.0,0.5885529157667386,0.5565553835435706,0.21975463013301438,True,False,True,TARGET_CUT_RISK_UNRESOLVED / INCONCLUSIVE_RESEARCH,43802,11.980853391684901,0.0,0.6500655307994757,0.6155481515335031,0.1507622852178619,True,False,True,TARGET_CUT_RISK_UNRESOLVED / INCONCLUSIVE_RESEARCH
M4_CONFIRM_2_WINDOWS,5000,-2000,60000,False,False,False,False,-120248,-25.32603201347936,0.0,0.6384022424667134,0.6131328780678535,0.49526612565245554,False,False,True,TARGET_CUT_RISK_UNRESOLVED / INCONCLUSIVE_RESEARCH,134370,36.75328227571116,0.0,0.7248945147679325,0.6987726568571989,0.31874907793022667,False,False,True,TARGET_CUT_RISK_UNRESOLVED / INCONCLUSIVE_RESEARCH
M4_CONFIRM_2_WINDOWS,5000,-2000,120000,False,False,False,False,-42941,-9.04401853411963,0.0,0.7335526315789473,0.712788345756568,0.6352266118059594,False,False,True,TARGET_CUT_RISK_UNRESOLVED / INCONCLUSIVE_RESEARCH,221914,60.69857768052516,0.0,0.7861507128309573,0.7644815213419207,0.4448632155223003,False,False,True,TARGET_CUT_RISK_UNRESOLVED / INCONCLUSIVE_RESEARCH
M4_CONFIRM_2_WINDOWS,5000,-1500,30000,False,False,False,False,-35327,-7.440395956192081,0.0,0.5932203389830508,0.5605208109958782,0.1993214225890722,True,False,True,TARGET_CUT_RISK_UNRESOLVED / INCONCLUSIVE_RESEARCH,37972,10.386214442013129,0.0,0.6666666666666666,0.6311257535956397,0.14550495586776438,True,True,True,INCONCLUSIVE_RESEARCH
M4_CONFIRM_2_WINDOWS,5000,-1500,60000,False,False,False,False,-166535,-35.074768323504635,0.0,0.6406135865595325,0.6148356032064053,0.5377693263374658,False,False,True,TARGET_CUT_RISK_UNRESOLVED / INCONCLUSIVE_RESEARCH,85763,23.458150984682714,0.0,0.7314897413024085,0.7047878765700964,0.35200474763051653,False,False,True,TARGET_CUT_RISK_UNRESOLVED / INCONCLUSIVE_RESEARCH
M4_CONFIRM_2_WINDOWS,5000,-1500,120000,False,False,False,False,-88285,-18.5941449031171,0.0,0.7416240772288473,0.7206686722828242,0.6691935274362599,False,False,True,TARGET_CUT_RISK_UNRESOLVED / INCONCLUSIVE_RESEARCH,172376,47.14879649890591,0.0,0.795017793594306,0.7731183748065327,0.44618454892700465,False,False,True,TARGET_CUT_RISK_UNRESOLVED / INCONCLUSIVE_RESEARCH
M4_CONFIRM_2_WINDOWS,5000,-1000,30000,False,False,False,False,-38269,-8.060025273799495,0.0,0.6089663760896638,0.5747724485258117,0.251929097502196,False,False,True,TARGET_CUT_RISK_UNRESOLVED / INCONCLUSIVE_RESEARCH,10683,2.9220459518599564,0.0,0.6718027734976888,0.6347585887323588,0.1584373244633397,True,True,True,INCONCLUSIVE_RESEARCH
M4_CONFIRM_2_WINDOWS,5000,-1000,60000,False,False,False,False,-172992,-36.43470935130581,0.0,0.6543307086614173,0.6277443856208237,0.5815817433155603,False,False,True,TARGET_CUT_RISK_UNRESOLVED / INCONCLUSIVE_RESEARCH,47489,12.989332603938731,0.0,0.7461832061068703,0.7189687432101536,0.3702560954742614,False,False,True,TARGET_CUT_RISK_UNRESOLVED / INCONCLUSIVE_RESEARCH
M4_CONFIRM_2_WINDOWS,5000,-1000,120000,False,False,False,False,-129009,-27.1712299915754,0.0,0.7510574018126889,0.7296598244677497,0.7422368444486901,False,False,True,TARGET_CUT_RISK_UNRESOLVED / INCONCLUSIVE_RESEARCH,115349,31.550601750547045,0.0,0.8092006033182504,0.7871699668951329,0.4669568222645049,False,False,True,TARGET_CUT_RISK_UNRESOLVED / INCONCLUSIVE_RESEARCH
M4_CONFIRM_2_WINDOWS,5000,-700,30000,False,False,False,False,-44558,-9.38458298230834,0.0,0.6226666666666667,0.5874341478068692,0.2796312819193484,False,False,True,TARGET_CUT_RISK_UNRESOLVED / INCONCLUSIVE_RESEARCH,-9129,-2.4969912472647704,0.0,0.6715447154471544,0.633461783748943,0.19167477248197845,True,False,True,TARGET_CUT_RISK_UNRESOLVED / INCONCLUSIVE_RESEARCH
M4_CONFIRM_2_WINDOWS,5000,-700,60000,False,False,False,False,-181486,-38.22367312552654,0.0,0.665282392026578,0.6381390469102883,0.6306506119557975,False,False,True,TARGET_CUT_RISK_UNRESOLVED / INCONCLUSIVE_RESEARCH,14444,3.950765864332604,0.0,0.7522477522477522,0.7245735498546619,0.4168640251916217,False,False,True,TARGET_CUT_RISK_UNRESOLVED / INCONCLUSIVE_RESEARCH
M4_CONFIRM_2_WINDOWS,5000,-700,120000,False,False,False,False,-166561,-35.08024431339511,0.0,0.7615433270082227,0.7399197184999109,0.8042140456303738,False,False,True,TARGET_CUT_RISK_UNRESOLVED / INCONCLUSIVE_RESEARCH,69809,19.09436542669584,0.0,0.8173228346456692,0.7951251168302889,0.4916871600056555,False,False,True,TARGET_CUT_RISK_UNRESOLVED / INCONCLUSIVE_RESEARCH
M4_CONFIRM_2_WINDOWS,5000,-500,30000,False,False,False,False,-50638,-10.665122156697556,0.0,0.6290550070521862,0.5928917423705353,0.3018375650611641,False,False,True,TARGET_CUT_RISK_UNRESOLVED / INCONCLUSIVE_RESEARCH,-12615,-3.450492341356674,0.0,0.6866438356164384,0.6479067659309814,0.20219841938460303,True,False,True,TARGET_CUT_RISK_UNRESOLVED / INCONCLUSIVE_RESEARCH
M4_CONFIRM_2_WINDOWS,5000,-500,60000,False,False,False,False,-187391,-39.467354675652906,0.0,0.6695652173913044,0.641854535951009,0.6533325958294154,False,False,True,TARGET_CUT_RISK_UNRESOLVED / INCONCLUSIVE_RESEARCH,-4152,-1.135667396061269,0.0,0.7659352142110762,0.7380785607490411,0.4510151053351681,False,False,True,TARGET_CUT_RISK_UNRESOLVED / INCONCLUSIVE_RESEARCH
M4_CONFIRM_2_WINDOWS,5000,-500,120000,False,False,False,False,-193576,-40.77000842459983,0.0,0.766798418972332,0.744868654657706,0.8741411526558577,False,False,True,TARGET_CUT_RISK_UNRESOLVED / INCONCLUSIVE_RESEARCH,31164,8.524070021881839,0.0,0.8252666119770303,0.8029365519102227,0.5400430014806579,False,False,True,TARGET_CUT_RISK_UNRESOLVED / INCONCLUSIVE_RESEARCH
M4_CONFIRM_2_WINDOWS,5000,-300,30000,False,False,False,False,-72227,-15.212089300758214,0.0,0.6307692307692307,0.5930019569928502,0.3871350001809169,False,False,True,TARGET_CUT_RISK_UNRESOLVED / INCONCLUSIVE_RESEARCH,-23732,-6.491247264770241,0.0,0.6978021978021978,0.6580121873591913,0.21255646565072991,True,False,True,TARGET_CUT_RISK_UNRESOLVED / INCONCLUSIVE_RESEARCH
M4_CONFIRM_2_WINDOWS,5000,-300,60000,False,False,False,False,-210678,-44.37194608256108,0.0,0.6754716981132075,0.6466964283664941,0.8171688158243191,False,False,True,TARGET_CUT_RISK_UNRESOLVED / INCONCLUSIVE_RESEARCH,-28737,-7.860229759299781,0.0,0.7765486725663717,0.7482563674062567,0.5189377539682953,False,False,True,TARGET_CUT_RISK_UNRESOLVED / INCONCLUSIVE_RESEARCH
M4_CONFIRM_2_WINDOWS,5000,-300,120000,False,False,False,False,-241678,-50.90101095197978,0.0,0.7780126849894292,0.7556553416500492,1.1277710310190807,False,False,True,TARGET_CUT_RISK_UNRESOLVED / INCONCLUSIVE_RESEARCH,-24757,-6.771608315098468,0.0,0.8317515099223468,0.8091265749841533,0.6675919365262281,False,False,True,TARGET_CUT_RISK_UNRESOLVED / INCONCLUSIVE_RESEARCH
M4_CONFIRM_2_WINDOWS,5000,-200,30000,False,False,False,False,-78550,-16.543807919123843,0.0,0.6237458193979933,0.5842442957293675,0.43394598124737604,False,False,True,TARGET_CUT_RISK_UNRESOLVED / INCONCLUSIVE_RESEARCH,-36405,-9.957603938730854,0.0,0.6963249516441006,0.6553587208182173,0.21093697360087324,True,False,True,TARGET_CUT_RISK_UNRESOLVED / INCONCLUSIVE_RESEARCH
M4_CONFIRM_2_WINDOWS,5000,-200,60000,False,False,False,False,-204880,-43.15080033698399,0.0,0.6807228915662651,0.6511232788286925,0.9267289719626168,False,False,True,TARGET_CUT_RISK_UNRESOLVED / INCONCLUSIVE_RESEARCH,-51215,-14.00847921225383,0.0,0.7759815242494227,0.7470285281055713,0.5827051026234914,False,False,True,TARGET_CUT_RISK_UNRESOLVED / INCONCLUSIVE_RESEARCH
M4_CONFIRM_2_WINDOWS,5000,-200,120000,False,False,False,False,-257046,-54.137742207245154,0.0,0.7864583333333334,0.7637486632251385,1.3320890919474586,False,False,True,TARGET_CUT_RISK_UNRESOLVED / INCONCLUSIVE_RESEARCH,-64106,-17.53446389496718,0.0,0.8345323741007195,0.8115468619136168,0.813153005573646,False,False,True,TARGET_CUT_RISK_UNRESOLVED / INCONCLUSIVE_RESEARCH
M4_CONFIRM_2_WINDOWS,6000,-6000,30000,False,False,False,False,77436,16.309182813816342,0.0,0.5809698078682525,0.5514853383981007,0.18013270589645794,True,False,True,TARGET_CUT_RISK_UNRESOLVED / INCONCLUSIVE_RESEARCH,166851,45.63758205689278,0.0,0.6449438202247191,0.6129437867273164,0.11508831386139035,True,True,True,INCONCLUSIVE_RESEARCH
M4_CONFIRM_2_WINDOWS,6000,-6000,60000,False,False,False,False,105509,22.221777590564447,0.0,0.6330718165359083,0.6095826454489485,0.30689775443136524,False,False,True,TARGET_CUT_RISK_UNRESOLVED / INCONCLUSIVE_RESEARCH,373194,102.07713347921225,0.0,0.7033210332103321,0.6784518824539473,0.2009829124296655,True,False,True,TARGET_CUT_RISK_UNRESOLVED / INCONCLUSIVE_RESEARCH
M4_CONFIRM_2_WINDOWS,6000,-6000,120000,False,False,False,False,414733,87.34898904802021,0.0,0.7259545674238763,0.7063299368157069,0.3871902515575519,False,False,True,TARGET_CUT_RISK_UNRESOLVED / INCONCLUSIVE_RESEARCH,479949,131.27707877461708,0.0,0.7588482303539292,0.737732705652068,0.37912329507245046,False,False,True,TARGET_CUT_RISK_UNRESOLVED / INCONCLUSIVE_RESEARCH
M4_CONFIRM_2_WINDOWS,6000,-5000,30000,False,False,False,False,73576,15.496208930075822,0.0,0.5824790307548928,0.5527288409648579,0.18681455318338744,True,False,True,TARGET_CUT_RISK_UNRESOLVED / INCONCLUSIVE_RESEARCH,149952,41.01531728665208,0.0,0.642939150401837,0.6105556080769917,0.12251739462631506,True,True,True,INCONCLUSIVE_RESEARCH
M4_CONFIRM_2_WINDOWS,6000,-5000,60000,False,False,False,False,64613,13.608466722830666,0.0,0.6341911764705882,0.6105331844637829,0.3238224338632559,False,False,True,TARGET_CUT_RISK_UNRESOLVED / INCONCLUSIVE_RESEARCH,353699,96.74480306345733,0.0,0.7039819684447783,0.6788987909512568,0.20092127719865974,True,False,True,TARGET_CUT_RISK_UNRESOLVED / INCONCLUSIVE_RESEARCH
M4_CONFIRM_2_WINDOWS,6000,-5000,120000,False,False,False,False,363339,76.52464195450716,0.0,0.7294520547945206,0.7097761415245935,0.4064014932954585,False,False,True,TARGET_CUT_RISK_UNRESOLVED / INCONCLUSIVE_RESEARCH,461740,126.2964989059081,0.0,0.7611484422724496,0.7398973189013552,0.37131353056765437,False,False,True,TARGET_CUT_RISK_UNRESOLVED / INCONCLUSIVE_RESEARCH
M4_CONFIRM_2_WINDOWS,6000,-3000,30000,False,False,False,False,25053,5.27653748946925,0.0,0.5873493975903614,0.5564963419839534,0.20337853012183482,True,False,True,TARGET_CUT_RISK_UNRESOLVED / INCONCLUSIVE_RESEARCH,95687,26.172592997811815,0.0,0.6398046398046398,0.6063447915683337,0.12448880475515059,True,False,True,TARGET_CUT_RISK_UNRESOLVED / INCONCLUSIVE_RESEARCH
M4_CONFIRM_2_WINDOWS,6000,-3000,60000,False,False,False,False,-62990,-13.266638584667229,0.0,0.6340508806262231,0.6096307350175534,0.3594025668205977,False,False,True,TARGET_CUT_RISK_UNRESOLVED / INCONCLUSIVE_RESEARCH,213446,58.38238512035011,0.0,0.7120127287191726,0.6863637095066321,0.21889992919551357,True,False,True,TARGET_CUT_RISK_UNRESOLVED / INCONCLUSIVE_RESEARCH
M4_CONFIRM_2_WINDOWS,6000,-3000,120000,False,False,False,False,108184,22.785172704296546,0.0,0.7328519855595668,0.7127112511364148,0.481045056083266,False,False,True,TARGET_CUT_RISK_UNRESOLVED / INCONCLUSIVE_RESEARCH,305944,83.68271334792122,0.0,0.7741312741312741,0.7526797813419525,0.3930372091005913,False,False,True,TARGET_CUT_RISK_UNRESOLVED / INCONCLUSIVE_RESEARCH
M4_CONFIRM_2_WINDOWS,6000,-2000,30000,False,False,False,False,-22802,-4.8024431339511375,0.0,0.5894396551724138,0.5574834759107271,0.22623985148805678,True,False,True,TARGET_CUT_RISK_UNRESOLVED / INCONCLUSIVE_RESEARCH,35754,9.779540481400439,0.0,0.6509803921568628,0.6165246731188471,0.15948766536332204,True,False,True,TARGET_CUT_RISK_UNRESOLVED / INCONCLUSIVE_RESEARCH
M4_CONFIRM_2_WINDOWS,6000,-2000,60000,False,False,False,False,-146708,-30.898904802021903,0.0,0.6371866295264624,0.6119828332160313,0.4182254845584007,False,False,True,TARGET_CUT_RISK_UNRESOLVED / INCONCLUSIVE_RESEARCH,124302,33.99945295404814,0.0,0.7266610597140454,0.7006291505669072,0.26599175617407694,False,False,True,TARGET_CUT_RISK_UNRESOLVED / INCONCLUSIVE_RESEARCH
M4_CONFIRM_2_WINDOWS,6000,-2000,120000,False,False,False,False,-25633,-5.398694187026116,0.0,0.7397931409907458,0.7192438795945627,0.5368752414213295,False,False,True,TARGET_CUT_RISK_UNRESOLVED / INCONCLUSIVE_RESEARCH,216621,59.25082056892779,0.0,0.7897227856659905,0.7682174381982894,0.41770880277541245,False,False,True,TARGET_CUT_RISK_UNRESOLVED / INCONCLUSIVE_RESEARCH
M4_CONFIRM_2_WINDOWS,6000,-1500,30000,False,False,False,False,-40254,-8.478096040438079,0.0,0.5941375422773394,0.56148268133726,0.19724838672962244,True,False,True,TARGET_CUT_RISK_UNRESOLVED / INCONCLUSIVE_RESEARCH,31908,8.727571115973742,0.0,0.6671368124118476,0.631631102192922,0.14752671717214183,True,False,True,TARGET_CUT_RISK_UNRESOLVED / INCONCLUSIVE_RESEARCH
M4_CONFIRM_2_WINDOWS,6000,-1500,60000,False,False,False,False,-188495,-39.699873631002525,0.0,0.6393323657474601,0.6136236852203909,0.43581019247241765,False,False,True,TARGET_CUT_RISK_UNRESOLVED / INCONCLUSIVE_RESEARCH,81532,22.300875273522976,0.0,0.7339857651245552,0.7073883335260995,0.2924919568056573,False,False,True,TARGET_CUT_RISK_UNRESOLVED / INCONCLUSIVE_RESEARCH
M4_CONFIRM_2_WINDOWS,6000,-1500,120000,False,False,False,False,-78911,-16.619839932603202,0.0,0.7467569091934574,0.7259963466378021,0.5704757807101449,False,False,True,TARGET_CUT_RISK_UNRESOLVED / INCONCLUSIVE_RESEARCH,171219,46.832330415754925,0.0,0.799290780141844,0.7775840104581337,0.42099776145120515,False,False,True,TARGET_CUT_RISK_UNRESOLVED / INCONCLUSIVE_RESEARCH
M4_CONFIRM_2_WINDOWS,6000,-1000,30000,False,False,False,False,-43196,-9.097725358045492,0.0,0.6099378881987577,0.5757972461383509,0.24720441587744815,True,False,True,TARGET_CUT_RISK_UNRESOLVED / INCONCLUSIVE_RESEARCH,5619,1.536925601750547,0.0,0.6723076923076923,0.6353037695260703,0.15546996720525588,True,False,True,TARGET_CUT_RISK_UNRESOLVED / INCONCLUSIVE_RESEARCH
M4_CONFIRM_2_WINDOWS,6000,-1000,60000,False,False,False,False,-187803,-39.55412805391744,0.0,0.6533646322378717,0.626848724291195,0.44295982651935767,False,False,True,TARGET_CUT_RISK_UNRESOLVED / INCONCLUSIVE_RESEARCH,45309,12.393052516411379,0.0,0.7488106565176023,0.7217166194043085,0.29295171102359496,False,False,True,TARGET_CUT_RISK_UNRESOLVED / INCONCLUSIVE_RESEARCH
M4_CONFIRM_2_WINDOWS,6000,-1000,120000,False,False,False,False,-125880,-26.512215669755687,0.0,0.7557022809123649,0.7344971857915679,0.6347260850860131,False,False,True,TARGET_CUT_RISK_UNRESOLVED / INCONCLUSIVE_RESEARCH,105345,28.814277899343544,0.0,0.8121712997746056,0.790301064260708,0.4583499505177176,False,False,True,TARGET_CUT_RISK_UNRESOLVED / INCONCLUSIVE_RESEARCH
M4_CONFIRM_2_WINDOWS,6000,-700,30000,False,False,False,False,-48485,-10.211668070766638,0.0,0.6236702127659575,0.5884981681966889,0.26738318778998016,False,False,True,TARGET_CUT_RISK_UNRESOLVED / INCONCLUSIVE_RESEARCH,-14193,-3.8821115973741795,0.0,0.672077922077922,0.6340385591822626,0.18766027959336656,True,False,True,TARGET_CUT_RISK_UNRESOLVED / INCONCLUSIVE_RESEARCH
M4_CONFIRM_2_WINDOWS,6000,-700,60000,False,False,False,False,-193076,-40.66470092670598,0.0,0.6641914191419142,0.6371214004281847,0.46548232721282606,False,False,True,TARGET_CUT_RISK_UNRESOLVED / INCONCLUSIVE_RESEARCH,12857,3.5166849015317285,0.0,0.7559760956175299,0.7284656148726616,0.33722985086073837,False,False,True,TARGET_CUT_RISK_UNRESOLVED / INCONCLUSIVE_RESEARCH
M4_CONFIRM_2_WINDOWS,6000,-700,120000,False,False,False,False,-165105,-34.77358887952822,0.0,0.7663316582914573,0.7449190226096262,0.6834965618219864,False,False,True,TARGET_CUT_RISK_UNRESOLVED / INCONCLUSIVE_RESEARCH,60079,16.432986870897157,0.0,0.8203921568627451,0.7983693219024564,0.49423562837602614,False,False,True,TARGET_CUT_RISK_UNRESOLVED / INCONCLUSIVE_RESEARCH
M4_CONFIRM_2_WINDOWS,6000,-500,30000,False,False,False,False,-54752,-11.531592249368154,0.0,0.630098452883263,0.5940016067738708,0.3195071868583162,False,False,True,TARGET_CUT_RISK_UNRESOLVED / INCONCLUSIVE_RESEARCH,-16679,-4.562089715536105,0.0,0.6871794871794872,0.6484902130504966,0.1893140623148916,True,False,True,TARGET_CUT_RISK_UNRESOLVED / INCONCLUSIVE_RESEARCH
M4_CONFIRM_2_WINDOWS,6000,-500,60000,False,False,False,False,-199099,-41.9332350463353,0.0,0.6683937823834197,0.640760419507651,0.4975750122631146,False,False,True,TARGET_CUT_RISK_UNRESOLVED / INCONCLUSIVE_RESEARCH,-5534,-1.513676148796499,0.0,0.7697916666666667,0.7421184776370624,0.36911055630729356,False,False,True,TARGET_CUT_RISK_UNRESOLVED / INCONCLUSIVE_RESEARCH
M4_CONFIRM_2_WINDOWS,6000,-500,120000,False,False,False,False,-205289,-43.23694187026116,0.0,0.7704381948986265,0.7486963391129334,0.7599772102687847,False,False,True,TARGET_CUT_RISK_UNRESOLVED / INCONCLUSIVE_RESEARCH,22728,6.216630196936543,0.0,0.8284313725490197,0.8062913590170884,0.5433413579909175,False,False,True,TARGET_CUT_RISK_UNRESOLVED / INCONCLUSIVE_RESEARCH
M4_CONFIRM_2_WINDOWS,6000,-300,30000,False,False,False,False,-75541,-15.910067396798652,0.0,0.6319018404907976,0.5942102116741439,0.396516855810533,False,False,True,TARGET_CUT_RISK_UNRESOLVED / INCONCLUSIVE_RESEARCH,-26796,-7.329321663019694,0.0,0.6983546617915904,0.6586179854117159,0.1848234174501417,True,False,True,TARGET_CUT_RISK_UNRESOLVED / INCONCLUSIVE_RESEARCH
M4_CONFIRM_2_WINDOWS,6000,-300,60000,False,False,False,False,-220082,-46.35256950294861,0.0,0.6741573033707865,0.6454674926355616,0.6051565704461895,False,False,True,TARGET_CUT_RISK_UNRESOLVED / INCONCLUSIVE_RESEARCH,-35754,-9.779540481400439,0.0,0.7790055248618785,0.750825248183791,0.42970321042047716,False,False,True,TARGET_CUT_RISK_UNRESOLVED / INCONCLUSIVE_RESEARCH
M4_CONFIRM_2_WINDOWS,6000,-300,120000,False,False,False,False,-257814,-54.29949452401011,0.0,0.7811188811188812,0.758950187167911,0.9815995363662706,False,False,True,TARGET_CUT_RISK_UNRESOLVED / INCONCLUSIVE_RESEARCH,-37087,-10.144146608315099,0.0,0.8339070567986231,0.8114154914773434,0.6782207765078039,False,False,True,TARGET_CUT_RISK_UNRESOLVED / INCONCLUSIVE_RESEARCH
M4_CONFIRM_2_WINDOWS,6000,-200,30000,False,False,False,False,-81293,-17.121524852569504,0.0,0.625,0.5855828242149006,0.44053523564297925,False,False,True,TARGET_CUT_RISK_UNRESOLVED / INCONCLUSIVE_RESEARCH,-38469,-10.522155361050329,0.0,0.696911196911197,0.6560026981710283,0.16304618898237233,True,False,True,TARGET_CUT_RISK_UNRESOLVED / INCONCLUSIVE_RESEARCH
M4_CONFIRM_2_WINDOWS,6000,-200,60000,False,False,False,False,-220374,-46.414069081718615,0.0,0.6782868525896414,0.6487594387759691,0.7479780866266814,False,False,True,TARGET_CUT_RISK_UNRESOLVED / INCONCLUSIVE_RESEARCH,-57267,-15.663840262582056,0.0,0.7785467128027682,0.7497126795715372,0.49295122071760406,False,False,True,TARGET_CUT_RISK_UNRESOLVED / INCONCLUSIVE_RESEARCH
M4_CONFIRM_2_WINDOWS,6000,-200,120000,False,False,False,False,-283745,-59.76095197978096,0.0,0.7881918819188192,0.7656373295474798,1.1829161060238598,False,False,True,TARGET_CUT_RISK_UNRESOLVED / INCONCLUSIVE_RESEARCH,-78968,-21.599562363238512,0.0,0.8367713004484305,0.8139288109123821,0.8362350690070002,False,False,True,TARGET_CUT_RISK_UNRESOLVED / INCONCLUSIVE_RESEARCH
M4_CONFIRM_2_WINDOWS,7500,-6000,30000,False,False,False,False,70829,14.917649536647009,0.0,0.5827996340347666,0.553326669398469,0.15601055143826154,True,True,True,INCONCLUSIVE_RESEARCH,165340,45.22428884026258,0.0,0.6453423120089786,0.613366692622201,0.07991865445088615,True,True,True,INCONCLUSIVE_RESEARCH
M4_CONFIRM_2_WINDOWS,7500,-6000,60000,False,True,False,False,74253,15.638795282224095,0.0,0.6342788171394086,0.6108029212154573,0.2693203115314777,False,False,True,TARGET_CUT_RISK_UNRESOLVED / INCONCLUSIVE_RESEARCH,422312,115.51203501094092,0.0,0.7059690493736183,0.6811740532584024,0.12134496281003981,True,True,True,PROMISING_OFFLINE_ONLY
M4_CONFIRM_2_WINDOWS,7500,-6000,120000,False,False,False,False,401131,84.48420387531593,0.0,0.7311411992263056,0.7116166523108315,0.3581546963908203,False,False,True,TARGET_CUT_RISK_UNRESOLVED / INCONCLUSIVE_RESEARCH,520013,142.23550328227572,0.0,0.7633313361294188,0.7423496917353306,0.307838358824857,False,False,True,TARGET_CUT_RISK_UNRESOLVED / INCONCLUSIVE_RESEARCH
M4_CONFIRM_2_WINDOWS,7500,-5000,30000,False,False,False,False,66969,14.104675652906487,0.0,0.5843429636533085,0.5546048922870497,0.16171410517850476,True,True,True,INCONCLUSIVE_RESEARCH,148441,40.60202407002188,0.0,0.643348623853211,0.6109902088888534,0.08499682914075277,True,True,True,INCONCLUSIVE_RESEARCH
M4_CONFIRM_2_WINDOWS,7500,-5000,60000,False,True,False,False,32357,6.814869418702612,0.0,0.6354166666666666,0.6117723830112433,0.28429745227036324,False,False,True,TARGET_CUT_RISK_UNRESOLVED / INCONCLUSIVE_RESEARCH,391866,107.18435448577681,0.0,0.7066766691672918,0.6816698210326102,0.12789730402236324,True,True,True,PROMISING_OFFLINE_ONLY
M4_CONFIRM_2_WINDOWS,7500,-5000,120000,False,False,False,False,346024,72.87784330244314,0.0,0.7347038668624571,0.7151321567303826,0.3762101539776871,False,False,True,TARGET_CUT_RISK_UNRESOLVED / INCONCLUSIVE_RESEARCH,501255,137.1047592997812,0.0,0.7657107992678462,0.7445987058181267,0.3029190128732053,False,False,True,TARGET_CUT_RISK_UNRESOLVED / INCONCLUSIVE_RESEARCH
M4_CONFIRM_2_WINDOWS,7500,-3000,30000,False,False,False,False,9572,2.0160067396798653,0.0,0.5883534136546185,0.557507564573007,0.18293926706934852,True,True,True,INCONCLUSIVE_RESEARCH,97176,26.579868708971553,0.0,0.6402439024390244,0.6068114309310709,0.07068511395105208,True,True,True,INCONCLUSIVE_RESEARCH
M4_CONFIRM_2_WINDOWS,7500,-3000,60000,False,True,False,False,-98709,-20.789595619208086,0.0,0.634703196347032,0.61029049627425,0.3291730512880024,False,False,True,TARGET_CUT_RISK_UNRESOLVED / INCONCLUSIVE_RESEARCH,250048,68.39387308533917,0.0,0.7148530579825259,0.6892899382536329,0.1398188695199601,True,True,True,PROMISING_OFFLINE_ONLY
M4_CONFIRM_2_WINDOWS,7500,-3000,120000,False,False,False,False,82671,17.411752316764954,0.0,0.737874097007224,0.7178370303742391,0.4491734070200082,False,False,True,TARGET_CUT_RISK_UNRESOLVED / INCONCLUSIVE_RESEARCH,342003,93.5456783369803,0.0,0.7789203084832905,0.7576285166478695,0.301638236784327,False,False,True,TARGET_CUT_RISK_UNRESOLVED / INCONCLUSIVE_RESEARCH
M4_CONFIRM_2_WINDOWS,7500,-2000,30000,False,False,False,False,-42731,-8.999789385004211,0.0,0.5894396551724138,0.5574834759107271,0.20886548154762605,True,False,True,TARGET_CUT_RISK_UNRESOLVED / INCONCLUSIVE_RESEARCH,37243,10.186816192560174,0.0,0.6514360313315927,0.6170110834132977,0.09007585662098251,True,True,True,INCONCLUSIVE_RESEARCH
M4_CONFIRM_2_WINDOWS,7500,-2000,60000,False,False,False,False,-187368,-39.46251053074979,0.0,0.6371866295264624,0.6119828332160313,0.3908017700258001,False,False,True,TARGET_CUT_RISK_UNRESOLVED / INCONCLUSIVE_RESEARCH,157404,43.05361050328228,0.0,0.7296389588581025,0.7037061718643915,0.16362773638813652,True,False,True,TARGET_CUT_RISK_UNRESOLVED / INCONCLUSIVE_RESEARCH
M4_CONFIRM_2_WINDOWS,7500,-2000,120000,False,False,False,False,-53471,-11.261794439764111,0.0,0.7445533769063181,0.7241085850186271,0.4940047868454999,False,False,True,TARGET_CUT_RISK_UNRESOLVED / INCONCLUSIVE_RESEARCH,247862,67.79595185995623,0.0,0.7947332883187036,0.7734129635970036,0.3091565083368362,False,False,True,TARGET_CUT_RISK_UNRESOLVED / INCONCLUSIVE_RESEARCH
M4_CONFIRM_2_WINDOWS,7500,-1500,30000,False,False,False,False,-56163,-11.8287700084246,0.0,0.5941375422773394,0.56148268133726,0.1924404788593463,True,False,True,TARGET_CUT_RISK_UNRESOLVED / INCONCLUSIVE_RESEARCH,32508,8.891684901531729,0.0,0.6676056338028169,0.6321350732519121,0.10662790080403775,True,False,True,TARGET_CUT_RISK_UNRESOLVED / INCONCLUSIVE_RESEARCH
M4_CONFIRM_2_WINDOWS,7500,-1500,60000,False,False,False,False,-221655,-46.683866891322666,0.0,0.6393323657474601,0.6136236852203909,0.3894381767466378,False,False,True,TARGET_CUT_RISK_UNRESOLVED / INCONCLUSIVE_RESEARCH,89634,24.51695842450766,0.0,0.7344582593250444,0.70789805072707,0.20064021997726514,True,False,True,TARGET_CUT_RISK_UNRESOLVED / INCONCLUSIVE_RESEARCH
M4_CONFIRM_2_WINDOWS,7500,-1500,120000,False,False,False,False,-96249,-20.271482729570344,0.0,0.7516930022573364,0.7310474332324307,0.5049063944267518,False,False,True,TARGET_CUT_RISK_UNRESOLVED / INCONCLUSIVE_RESEARCH,181680,49.693654266958426,0.0,0.8024079320113314,0.780830529425766,0.329559058330344,False,False,True,TARGET_CUT_RISK_UNRESOLVED / INCONCLUSIVE_RESEARCH
M4_CONFIRM_2_WINDOWS,7500,-1000,30000,False,False,False,False,-59105,-12.448399326032014,0.0,0.6099378881987577,0.5757972461383509,0.2411788352561304,True,False,True,TARGET_CUT_RISK_UNRESOLVED / INCONCLUSIVE_RESEARCH,6411,1.7535557986870898,0.0,0.6728110599078341,0.635847331409287,0.13700398230784971,True,False,True,TARGET_CUT_RISK_UNRESOLVED / INCONCLUSIVE_RESEARCH
M4_CONFIRM_2_WINDOWS,7500,-1000,60000,False,False,False,False,-217215,-45.74873631002527,0.0,0.6533646322378717,0.626848724291195,0.3946871553287346,False,False,True,TARGET_CUT_RISK_UNRESOLVED / INCONCLUSIVE_RESEARCH,53319,14.583971553610503,0.0,0.7492877492877493,0.7222349663672599,0.2054805799637201,True,False,True,TARGET_CUT_RISK_UNRESOLVED / INCONCLUSIVE_RESEARCH
M4_CONFIRM_2_WINDOWS,7500,-1000,120000,False,False,False,False,-142118,-29.93218197135636,0.0,0.760960960960961,0.7398890665818906,0.5635523931586158,False,False,True,TARGET_CUT_RISK_UNRESOLVED / INCONCLUSIVE_RESEARCH,118858,32.51039387308534,0.0,0.8154538634658665,0.7937325823533031,0.33858722576237477,False,False,True,TARGET_CUT_RISK_UNRESOLVED / INCONCLUSIVE_RESEARCH
M4_CONFIRM_2_WINDOWS,7500,-700,30000,False,False,False,False,-62894,-13.246419545071609,0.0,0.6236702127659575,0.5884981681966889,0.2523133321877327,False,False,True,TARGET_CUT_RISK_UNRESOLVED / INCONCLUSIVE_RESEARCH,-13500,-3.692560175054705,0.0,0.6726094003241491,0.6346135294118846,0.16422021810497717,True,False,True,TARGET_CUT_RISK_UNRESOLVED / INCONCLUSIVE_RESEARCH
M4_CONFIRM_2_WINDOWS,7500,-700,60000,False,False,False,False,-217335,-45.7740101095198,0.0,0.6641914191419142,0.6371214004281847,0.41369516749740837,False,False,True,TARGET_CUT_RISK_UNRESOLVED / INCONCLUSIVE_RESEARCH,26139,7.149617067833698,0.0,0.757455268389662,0.73002175787732,0.2460243131504199,True,False,True,TARGET_CUT_RISK_UNRESOLVED / INCONCLUSIVE_RESEARCH
M4_CONFIRM_2_WINDOWS,7500,-700,120000,False,False,False,False,-189507,-39.91301600673968,0.0,0.7705845380263985,0.7492871955770091,0.615989639496018,False,False,True,TARGET_CUT_RISK_UNRESOLVED / INCONCLUSIVE_RESEARCH,79292,21.688183807439824,0.0,0.8238057948316366,0.8019475264576913,0.3348849690430281,False,False,True,TARGET_CUT_RISK_UNRESOLVED / INCONCLUSIVE_RESEARCH
M4_CONFIRM_2_WINDOWS,7500,-500,30000,False,False,False,False,-69161,-14.566343723673125,0.0,0.630098452883263,0.5940016067738708,0.30149959554477007,False,False,True,TARGET_CUT_RISK_UNRESOLVED / INCONCLUSIVE_RESEARCH,-14686,-4.016958424507659,0.0,0.6877133105802048,0.649071736806845,0.15031160240882535,True,False,True,TARGET_CUT_RISK_UNRESOLVED / INCONCLUSIVE_RESEARCH
M4_CONFIRM_2_WINDOWS,7500,-500,60000,False,False,False,False,-225256,-47.44229149115417,0.0,0.6683937823834197,0.640760419507651,0.47486925101732036,False,False,True,TARGET_CUT_RISK_UNRESOLVED / INCONCLUSIVE_RESEARCH,10148,2.7757111597374178,0.0,0.7713097713097713,0.7437216763596124,0.24931242319620808,True,False,True,TARGET_CUT_RISK_UNRESOLVED / INCONCLUSIVE_RESEARCH
M4_CONFIRM_2_WINDOWS,7500,-500,120000,False,False,False,False,-233582,-49.19587194608256,0.0,0.7742146596858639,0.7525784560103682,0.7114578582752406,False,False,True,TARGET_CUT_RISK_UNRESOLVED / INCONCLUSIVE_RESEARCH,45470,12.437089715536105,0.0,0.831973898858075,0.8100150801575735,0.3543486587023017,False,False,True,TARGET_CUT_RISK_UNRESOLVED / INCONCLUSIVE_RESEARCH
M4_CONFIRM_2_WINDOWS,7500,-300,30000,False,False,False,False,-89382,-18.82518955349621,0.0,0.6319018404907976,0.5942102116741439,0.40492386889739435,False,False,True,TARGET_CUT_RISK_UNRESOLVED / INCONCLUSIVE_RESEARCH,-25081,-6.860229759299781,0.0,0.698905109489051,0.6592216485927876,0.19621337458027,True,False,True,TARGET_CUT_RISK_UNRESOLVED / INCONCLUSIVE_RESEARCH
M4_CONFIRM_2_WINDOWS,7500,-300,60000,False,False,False,False,-246561,-51.92944397641112,0.0,0.6741573033707865,0.6454674926355616,0.5814619470514862,False,False,True,TARGET_CUT_RISK_UNRESOLVED / INCONCLUSIVE_RESEARCH,-29604,-8.097374179431073,0.0,0.7794928335170893,0.7513640052858981,0.32839070825023364,False,False,True,TARGET_CUT_RISK_UNRESOLVED / INCONCLUSIVE_RESEARCH
M4_CONFIRM_2_WINDOWS,7500,-300,120000,False,False,False,False,-279607,-58.889427127211455,0.0,0.7851644506648006,0.763120350792808,0.8872801774637669,False,False,True,TARGET_CUT_RISK_UNRESOLVED / INCONCLUSIVE_RESEARCH,-26825,-7.337253829321663,0.0,0.8367697594501718,0.8144368029915733,0.4794640163279794,False,False,True,TARGET_CUT_RISK_UNRESOLVED / INCONCLUSIVE_RESEARCH
M4_CONFIRM_2_WINDOWS,7500,-200,30000,False,False,False,False,-93634,-19.72072451558551,0.0,0.625,0.5855828242149006,0.43532217555560243,False,False,True,TARGET_CUT_RISK_UNRESOLVED / INCONCLUSIVE_RESEARCH,-35354,-9.670131291028447,0.0,0.697495183044316,0.6566442822468785,0.1608908793802578,True,False,True,TARGET_CUT_RISK_UNRESOLVED / INCONCLUSIVE_RESEARCH
M4_CONFIRM_2_WINDOWS,7500,-200,60000,False,False,False,False,-245353,-51.67502106149958,0.0,0.6782868525896414,0.6487594387759691,0.7082827477485639,False,False,True,TARGET_CUT_RISK_UNRESOLVED / INCONCLUSIVE_RESEARCH,-49817,-13.62609409190372,0.0,0.7790563866513234,0.7502772234795345,0.3584594014100948,False,False,True,TARGET_CUT_RISK_UNRESOLVED / INCONCLUSIVE_RESEARCH
M4_CONFIRM_2_WINDOWS,7500,-200,120000,False,False,False,False,-307857,-64.83930075821398,0.0,0.792466765140325,0.7700531002217166,1.110089054397818,False,False,True,TARGET_CUT_RISK_UNRESOLVED / INCONCLUSIVE_RESEARCH,-67706,-18.519146608315097,0.0,0.8397493285586393,0.8170774920227802,0.5721406565577754,False,False,True,TARGET_CUT_RISK_UNRESOLVED / INCONCLUSIVE_RESEARCH
M4_CONFIRM_2_WINDOWS,10000,-6000,30000,False,False,False,False,62599,13.184288121314237,0.0,0.5840950639853748,0.554644050905495,0.13170414077803974,True,True,True,INCONCLUSIVE_RESEARCH,151213,41.360229759299784,0.0,0.6453423120089786,0.613366692622201,0.09194683248214812,True,True,True,INCONCLUSIVE_RESEARCH
M4_CONFIRM_2_WINDOWS,10000,-6000,60000,False,True,False,False,50153,10.562973883740522,0.0,0.635102533172497,0.6116429434213074,0.20373745273474778,True,True,True,INCONCLUSIVE_RESEARCH,406122,111.08369803063458,0.0,0.7067059690493737,0.6819265758404275,0.11176014220197,True,True,True,PROMISING_OFFLINE_ONLY
M4_CONFIRM_2_WINDOWS,10000,-6000,120000,False,False,False,False,442815,93.26347935973041,0.0,0.7351377477042049,0.7157011038976295,0.22391198215115862,True,False,True,TARGET_CUT_RISK_UNRESOLVED / INCONCLUSIVE_RESEARCH,439644,120.2527352297593,0.0,0.7645296584781306,0.7435808538283399,0.3295397323051803,False,False,True,TARGET_CUT_RISK_UNRESOLVED / INCONCLUSIVE_RESEARCH
M4_CONFIRM_2_WINDOWS,10000,-5000,30000,False,False,False,False,58739,12.371314237573715,0.0,0.5856610800744879,0.5559457765619442,0.1364699416268668,True,True,True,INCONCLUSIVE_RESEARCH,134314,36.73796498905908,0.0,0.643348623853211,0.6109902088888534,0.09778929918447725,True,True,True,INCONCLUSIVE_RESEARCH
M4_CONFIRM_2_WINDOWS,10000,-5000,60000,False,True,False,False,12826,2.7013479359730415,0.0,0.6368646662584201,0.6132441078685883,0.21400504385820296,True,False,True,TARGET_CUT_RISK_UNRESOLVED / INCONCLUSIVE_RESEARCH,374676,102.48249452954047,0.0,0.7074268567141786,0.682436090049376,0.11788006069991351,True,True,True,PROMISING_OFFLINE_ONLY
M4_CONFIRM_2_WINDOWS,10000,-5000,120000,False,False,False,False,399708,84.18449873631002,0.0,0.7392367906066536,0.7197669098548174,0.22893776730383172,True,False,True,TARGET_CUT_RISK_UNRESOLVED / INCONCLUSIVE_RESEARCH,423494,115.83533916849015,0.0,0.7669310555216595,0.7458531404965664,0.32659820870411926,False,False,True,TARGET_CUT_RISK_UNRESOLVED / INCONCLUSIVE_RESEARCH
M4_CONFIRM_2_WINDOWS,10000,-3000,30000,False,False,False,False,-9706,-2.044229149115417,0.0,0.5887662988966901,0.557939035799168,0.16758168230998202,True,True,True,REJECTED_FOR_RUNTIME,88049,24.083424507658645,0.0,0.6402439024390244,0.6068114309310709,0.07271265494175895,True,True,True,INCONCLUSIVE_RESEARCH
M4_CONFIRM_2_WINDOWS,10000,-3000,60000,False,True,False,False,-132957,-28.00273799494524,0.0,0.635593220338983,0.6111988026623418,0.2715379107631879,False,False,True,TARGET_CUT_RISK_UNRESOLVED / INCONCLUSIVE_RESEARCH,238358,65.19638949671773,0.0,0.715647339158062,0.6901026269816061,0.1172291178261988,True,True,True,PROMISING_OFFLINE_ONLY
M4_CONFIRM_2_WINDOWS,10000,-3000,120000,False,False,False,False,105623,22.245787700084247,0.0,0.741619391438886,0.7216709924213988,0.28913799071487084,False,False,True,TARGET_CUT_RISK_UNRESOLVED / INCONCLUSIVE_RESEARCH,281757,77.06701312910285,0.0,0.7802056555269923,0.7589535853553533,0.3267795214609647,False,False,True,TARGET_CUT_RISK_UNRESOLVED / INCONCLUSIVE_RESEARCH
M4_CONFIRM_2_WINDOWS,10000,-2000,30000,False,False,False,False,-59509,-12.533487784330244,0.0,0.589881593110872,0.5579460745159643,0.18213947098830843,True,False,True,TARGET_CUT_RISK_UNRESOLVED / INCONCLUSIVE_RESEARCH,28116,7.690371991247265,0.0,0.6514360313315927,0.6170110834132977,0.09265960419332916,True,True,True,INCONCLUSIVE_RESEARCH
M4_CONFIRM_2_WINDOWS,10000,-2000,60000,False,False,False,False,-217937,-45.90080033698399,0.0,0.6381350034794712,0.612951540542456,0.3100103062137566,False,False,True,TARGET_CUT_RISK_UNRESOLVED / INCONCLUSIVE_RESEARCH,147214,40.2664113785558,0.0,0.7304785894206549,0.7045676851857782,0.13104944588826198,True,False,True,TARGET_CUT_RISK_UNRESOLVED / INCONCLUSIVE_RESEARCH
M4_CONFIRM_2_WINDOWS,10000,-2000,120000,False,False,False,False,-33191,-6.990522325189554,0.0,0.7479586281981492,0.7276002448641475,0.3041348824768654,False,False,True,TARGET_CUT_RISK_UNRESOLVED / INCONCLUSIVE_RESEARCH,203304,55.608315098468275,0.0,0.7960837272113437,0.7748100438519768,0.32963907858845715,False,False,True,TARGET_CUT_RISK_UNRESOLVED / INCONCLUSIVE_RESEARCH
M4_CONFIRM_2_WINDOWS,10000,-1500,30000,False,False,False,False,-72648,-15.300758213984835,0.0,0.5945945945945946,0.5619620476578467,0.18132254418130186,True,False,True,TARGET_CUT_RISK_UNRESOLVED / INCONCLUSIVE_RESEARCH,23381,6.395240700218818,0.0,0.6676056338028169,0.6321350732519121,0.10968642936187416,True,False,True,TARGET_CUT_RISK_UNRESOLVED / INCONCLUSIVE_RESEARCH
M4_CONFIRM_2_WINDOWS,10000,-1500,60000,False,False,False,False,-253941,-53.48378264532435,0.0,0.640319071791153,0.6146321936448972,0.3102360651622332,False,False,True,TARGET_CUT_RISK_UNRESOLVED / INCONCLUSIVE_RESEARCH,78944,21.592997811816193,0.0,0.7353463587921847,0.7088105832026108,0.1607423419405854,True,False,True,TARGET_CUT_RISK_UNRESOLVED / INCONCLUSIVE_RESEARCH
M4_CONFIRM_2_WINDOWS,10000,-1500,120000,False,False,False,False,-88836,-18.710193765796124,0.0,0.754653130287648,0.7340877432354932,0.3170801030398555,False,False,True,TARGET_CUT_RISK_UNRESOLVED / INCONCLUSIVE_RESEARCH,146622,40.104485776805255,0.0,0.8038243626062322,0.7822991610762196,0.34033719209824886,False,False,True,TARGET_CUT_RISK_UNRESOLVED / INCONCLUSIVE_RESEARCH
M4_CONFIRM_2_WINDOWS,10000,-1000,30000,False,False,False,False,-75590,-15.92038753159225,0.0,0.6104218362282878,0.5763078042074433,0.22719970981448856,True,False,True,TARGET_CUT_RISK_UNRESOLVED / INCONCLUSIVE_RESEARCH,-2716,-0.7428884026258206,0.0,0.6728110599078341,0.635847331409287,0.140933822333454,True,False,True,TARGET_CUT_RISK_UNRESOLVED / INCONCLUSIVE_RESEARCH
M4_CONFIRM_2_WINDOWS,10000,-1000,60000,False,False,False,False,-247528,-52.13310867733782,0.0,0.6544175136825645,0.6279275511228799,0.3780612186690701,False,False,True,TARGET_CUT_RISK_UNRESOLVED / INCONCLUSIVE_RESEARCH,44539,12.182439824945295,0.0,0.7502374169040835,0.7232140567076545,0.17146414406551233,True,False,True,TARGET_CUT_RISK_UNRESOLVED / INCONCLUSIVE_RESEARCH
M4_CONFIRM_2_WINDOWS,10000,-1000,120000,False,False,False,False,-143945,-30.31697556866049,0.0,0.7641056422569028,0.7431258105686646,0.36340397577973266,False,False,True,TARGET_CUT_RISK_UNRESOLVED / INCONCLUSIVE_RESEARCH,87371,23.897975929978116,0.0,0.8169542385596399,0.7952940560736538,0.3567880353481695,False,False,True,TARGET_CUT_RISK_UNRESOLVED / INCONCLUSIVE_RESEARCH
M4_CONFIRM_2_WINDOWS,10000,-700,30000,False,False,False,False,-76879,-16.191870261162595,0.0,0.6241699867197875,0.5890281328421663,0.22246031580918302,True,False,True,TARGET_CUT_RISK_UNRESOLVED / INCONCLUSIVE_RESEARCH,-22627,-6.189004376367615,0.0,0.6726094003241491,0.6346135294118846,0.16893073217362867,True,False,True,TARGET_CUT_RISK_UNRESOLVED / INCONCLUSIVE_RESEARCH
M4_CONFIRM_2_WINDOWS,10000,-700,60000,False,False,False,False,-244158,-51.42333614153328,0.0,0.6652926628194559,0.6382520304214482,0.43074103964446014,False,False,True,TARGET_CUT_RISK_UNRESOLVED / INCONCLUSIVE_RESEARCH,17059,4.666028446389497,0.0,0.7584493041749503,0.7310487690920566,0.20539179207744204,True,False,True,TARGET_CUT_RISK_UNRESOLVED / INCONCLUSIVE_RESEARCH
M4_CONFIRM_2_WINDOWS,10000,-700,120000,False,False,False,False,-187557,-39.50231676495366,0.0,0.7738693467336684,0.7526752874718641,0.38825652703563224,False,False,True,TARGET_CUT_RISK_UNRESOLVED / INCONCLUSIVE_RESEARCH,58913,16.1140590809628,0.0,0.8253719655442443,0.8035819035783623,0.3532297909819338,False,False,True,TARGET_CUT_RISK_UNRESOLVED / INCONCLUSIVE_RESEARCH
M4_CONFIRM_2_WINDOWS,10000,-500,30000,False,False,False,False,-83146,-17.51179443976411,0.0,0.6306179775280899,0.5945542835934072,0.26576528995457904,False,False,True,TARGET_CUT_RISK_UNRESOLVED / INCONCLUSIVE_RESEARCH,-21313,-5.829595185995624,0.0,0.6877133105802048,0.649071736806845,0.13718005444605266,True,True,True,REJECTED_FOR_RUNTIME
M4_CONFIRM_2_WINDOWS,10000,-500,60000,False,False,False,False,-249979,-52.64932603201348,0.0,0.6695427092320967,0.6419413070598935,0.4857884855441807,False,False,True,TARGET_CUT_RISK_UNRESOLVED / INCONCLUSIVE_RESEARCH,5868,1.6050328227571116,0.0,0.7723492723492723,0.7447993034039931,0.1829715437653383,True,False,True,TARGET_CUT_RISK_UNRESOLVED / INCONCLUSIVE_RESEARCH
M4_CONFIRM_2_WINDOWS,10000,-500,120000,False,False,False,False,-228998,-48.230412805391744,0.0,0.7776324395029431,0.7561078369643598,0.4461954479014408,False,False,True,TARGET_CUT_RISK_UNRESOLVED / INCONCLUSIVE_RESEARCH,32391,8.85968271334792,0.0,0.833605220228385,0.8117222599410067,0.35706463067258043,False,False,True,TARGET_CUT_RISK_UNRESOLVED / INCONCLUSIVE_RESEARCH
M4_CONFIRM_2_WINDOWS,10000,-300,30000,False,False,False,False,-103367,-21.770640269587194,0.0,0.6324655436447167,0.5948116661207441,0.356757387960731,False,False,True,TARGET_CUT_RISK_UNRESOLVED / INCONCLUSIVE_RESEARCH,-31708,-8.672866520787746,0.0,0.698905109489051,0.6592216485927876,0.1790717481326298,True,False,True,TARGET_CUT_RISK_UNRESOLVED / INCONCLUSIVE_RESEARCH
M4_CONFIRM_2_WINDOWS,10000,-300,60000,False,False,False,False,-267103,-56.25589721988206,0.0,0.6753975678203928,0.6467445706487298,0.6155629703378809,False,False,True,TARGET_CUT_RISK_UNRESOLVED / INCONCLUSIVE_RESEARCH,-34084,-9.322757111597374,0.0,0.7805953693495039,0.7525100488434907,0.2411277203992646,True,False,True,TARGET_CUT_RISK_UNRESOLVED / INCONCLUSIVE_RESEARCH
M4_CONFIRM_2_WINDOWS,10000,-300,120000,False,False,False,False,-278156,-58.5838247683235,0.0,0.7881118881118881,0.7661742422587732,0.5357133688009015,False,False,True,TARGET_CUT_RISK_UNRESOLVED / INCONCLUSIVE_RESEARCH,-38775,-10.605853391684901,0.0,0.8384879725085911,0.8162391620587057,0.4798144516571061,False,False,True,TARGET_CUT_RISK_UNRESOLVED / INCONCLUSIVE_RESEARCH
M4_CONFIRM_2_WINDOWS,10000,-200,30000,False,False,False,False,-106659,-22.463984835720304,0.0,0.6256239600665557,0.586248879142819,0.4502742365066164,False,False,True,TARGET_CUT_RISK_UNRESOLVED / INCONCLUSIVE_RESEARCH,-40354,-11.037746170678338,0.0,0.697495183044316,0.6566442822468785,0.2214125764086425,True,False,True,TARGET_CUT_RISK_UNRESOLVED / INCONCLUSIVE_RESEARCH
M4_CONFIRM_2_WINDOWS,10000,-200,60000,False,False,False,False,-273795,-57.66533277169334,0.0,0.6786069651741293,0.6491008310274348,0.7898137918335405,False,False,True,TARGET_CUT_RISK_UNRESOLVED / INCONCLUSIVE_RESEARCH,-51897,-14.195021881838075,0.0,0.7802071346375143,0.7514741314875706,0.23828717422245035,True,False,True,TARGET_CUT_RISK_UNRESOLVED / INCONCLUSIVE_RESEARCH
M4_CONFIRM_2_WINDOWS,10000,-200,120000,False,False,False,False,-312106,-65.73420387531593,0.0,0.7948339483394834,0.7725131601891748,0.6620104467742055,False,False,True,TARGET_CUT_RISK_UNRESOLVED / INCONCLUSIVE_RESEARCH,-77356,-21.15864332603939,0.0,0.8415398388540735,0.8189589462854289,0.5603733195585654,False,False,True,TARGET_CUT_RISK_UNRESOLVED / INCONCLUSIVE_RESEARCH
M5_DELAY_4000MS_CONFIRM,1000,-6000,30000,False,False,False,False,168067,35.39743049705139,0.0,0.5805439330543933,0.5490016265005259,0.28730458894229544,False,False,False,TARGET_CUT_RISK_UNRESOLVED / INCONCLUSIVE_RESEARCH,189036,51.705689277899346,0.0,0.6463104325699746,0.6122478510160653,0.21355868416100723,True,False,False,TARGET_CUT_RISK_UNRESOLVED / INCONCLUSIVE_RESEARCH
M5_DELAY_4000MS_CONFIRM,1000,-6000,60000,False,False,False,False,366346,77.15796124684077,0.0,0.641906096706377,0.6166801929348917,0.3724571359796126,False,False,False,TARGET_CUT_RISK_UNRESOLVED / INCONCLUSIVE_RESEARCH,336745,92.10749452954047,0.0,0.6865546218487395,0.6596331073632336,0.3297086004168469,False,False,False,TARGET_CUT_RISK_UNRESOLVED / INCONCLUSIVE_RESEARCH
M5_DELAY_4000MS_CONFIRM,1000,-6000,120000,False,False,False,False,575767,121.26516427969672,0.0,0.7073972602739727,0.6861058799629091,0.3934674855605408,False,False,False,TARGET_CUT_RISK_UNRESOLVED / INCONCLUSIVE_RESEARCH,452978,123.89989059080963,0.0,0.7330623306233063,0.7099111889912024,0.3690214244354372,False,False,False,TARGET_CUT_RISK_UNRESOLVED / INCONCLUSIVE_RESEARCH
M5_DELAY_4000MS_CONFIRM,1000,-5000,30000,False,False,False,False,166751,35.12026116259478,0.0,0.5810234541577826,0.54918107400641,0.29735097765621005,False,False,False,TARGET_CUT_RISK_UNRESOLVED / INCONCLUSIVE_RESEARCH,173355,47.41657549234136,0.0,0.6440677966101694,0.6095423488321773,0.22870123565350406,True,False,False,TARGET_CUT_RISK_UNRESOLVED / INCONCLUSIVE_RESEARCH
M5_DELAY_4000MS_CONFIRM,1000,-5000,60000,False,False,False,False,343138,72.27000842459984,0.0,0.6441281138790036,0.618731459185062,0.3929157471849714,False,False,False,TARGET_CUT_RISK_UNRESOLVED / INCONCLUSIVE_RESEARCH,323720,88.54485776805252,0.0,0.6863753213367609,0.6591810844461164,0.32966804053149223,False,False,False,TARGET_CUT_RISK_UNRESOLVED / INCONCLUSIVE_RESEARCH
M5_DELAY_4000MS_CONFIRM,1000,-5000,120000,False,False,False,False,560090,117.96335299073294,0.0,0.71159179145868,0.6902485862919411,0.3967825009051825,False,False,False,TARGET_CUT_RISK_UNRESOLVED / INCONCLUSIVE_RESEARCH,437407,119.64086433260394,0.0,0.733103448275862,0.7097416319639173,0.3722819255132977,False,False,False,TARGET_CUT_RISK_UNRESOLVED / INCONCLUSIVE_RESEARCH
M5_DELAY_4000MS_CONFIRM,1000,-3000,30000,False,False,False,False,127938,26.94566133108677,0.0,0.5862068965517241,0.5531707896825571,0.33371182483794837,False,False,True,TARGET_CUT_RISK_UNRESOLVED / INCONCLUSIVE_RESEARCH,119272,32.62363238512035,0.0,0.6393897364771152,0.6036866638788885,0.2646309750408836,False,False,True,TARGET_CUT_RISK_UNRESOLVED / INCONCLUSIVE_RESEARCH
M5_DELAY_4000MS_CONFIRM,1000,-3000,60000,False,False,False,False,224593,47.30265374894692,0.0,0.6427492447129909,0.6165589305223144,0.4551034820886514,False,False,False,TARGET_CUT_RISK_UNRESOLVED / INCONCLUSIVE_RESEARCH,222736,60.923413566739605,0.0,0.6917497733454215,0.6638722114325057,0.38607058298255065,False,False,True,TARGET_CUT_RISK_UNRESOLVED / INCONCLUSIVE_RESEARCH
M5_DELAY_4000MS_CONFIRM,1000,-3000,120000,False,False,False,False,374828,78.94439764111205,0.0,0.7126236183827807,0.6907754218439546,0.46740868627326143,False,False,False,TARGET_CUT_RISK_UNRESOLVED / INCONCLUSIVE_RESEARCH,336634,92.07713347921225,0.0,0.7456521739130435,0.7220151794880459,0.39114742742874514,False,False,True,TARGET_CUT_RISK_UNRESOLVED / INCONCLUSIVE_RESEARCH
M5_DELAY_4000MS_CONFIRM,1000,-2000,30000,False,False,False,False,75403,15.88100252737995,0.0,0.5848822800495663,0.5505621184391107,0.412576147229711,False,False,True,TARGET_CUT_RISK_UNRESOLVED / INCONCLUSIVE_RESEARCH,70423,19.262308533916848,0.0,0.6502242152466368,0.613321861793147,0.3325154649893435,False,False,True,TARGET_CUT_RISK_UNRESOLVED / INCONCLUSIVE_RESEARCH
M5_DELAY_4000MS_CONFIRM,1000,-2000,60000,False,False,False,False,131570,27.7106149957877,0.0,0.643317230273752,0.616272342530642,0.5302431855236871,False,False,True,TARGET_CUT_RISK_UNRESOLVED / INCONCLUSIVE_RESEARCH,152672,41.75929978118162,0.0,0.7049808429118773,0.676606115197829,0.4483233820911389,False,False,True,TARGET_CUT_RISK_UNRESOLVED / INCONCLUSIVE_RESEARCH
M5_DELAY_4000MS_CONFIRM,1000,-2000,120000,False,False,False,False,237878,50.10067396798652,0.0,0.7158603796693203,0.6934992485670283,0.5397312402611618,False,False,False,TARGET_CUT_RISK_UNRESOLVED / INCONCLUSIVE_RESEARCH,244541,66.88758205689278,0.0,0.7577828397873956,0.7339164048345764,0.43743165511494136,False,False,True,TARGET_CUT_RISK_UNRESOLVED / INCONCLUSIVE_RESEARCH
M5_DELAY_4000MS_CONFIRM,1000,-1500,30000,False,False,False,False,53547,11.277801179443976,0.0,0.5911458333333334,0.5560063202635013,0.4509522784215471,False,False,True,TARGET_CUT_RISK_UNRESOLVED / INCONCLUSIVE_RESEARCH,67957,18.587800875273523,0.0,0.6704545454545454,0.6323789572408707,0.32342059604000817,False,False,True,TARGET_CUT_RISK_UNRESOLVED / INCONCLUSIVE_RESEARCH
M5_DELAY_4000MS_CONFIRM,1000,-1500,60000,False,False,False,False,80159,16.88268744734625,0.0,0.6474036850921273,0.6198701306208784,0.5940318833838195,False,False,True,TARGET_CUT_RISK_UNRESOLVED / INCONCLUSIVE_RESEARCH,118771,32.48659737417943,0.0,0.7151576805696847,0.6861480180531677,0.45893267030483514,False,False,True,TARGET_CUT_RISK_UNRESOLVED / INCONCLUSIVE_RESEARCH
M5_DELAY_4000MS_CONFIRM,1000,-1500,120000,False,False,False,False,178642,37.624684077506316,0.0,0.7239418825015793,0.701397599977489,0.5696709072448187,False,False,True,TARGET_CUT_RISK_UNRESOLVED / INCONCLUSIVE_RESEARCH,204090,55.82330415754923,0.0,0.7703349282296651,0.746250047873142,0.42785041421287207,False,False,True,TARGET_CUT_RISK_UNRESOLVED / INCONCLUSIVE_RESEARCH
M5_DELAY_4000MS_CONFIRM,1000,-1000,30000,False,False,False,False,39030,8.220303285593934,0.0,0.6078147612156295,0.5709113150625547,0.4775449005463356,False,False,True,TARGET_CUT_RISK_UNRESOLVED / INCONCLUSIVE_RESEARCH,42124,11.521881838074398,0.0,0.6743772241992882,0.6345643788321751,0.38211810201210195,False,False,True,TARGET_CUT_RISK_UNRESOLVED / INCONCLUSIVE_RESEARCH
M5_DELAY_4000MS_CONFIRM,1000,-1000,60000,False,False,False,False,51776,10.90480202190396,0.0,0.6630434782608695,0.6346389195367618,0.5979851703765591,False,False,True,TARGET_CUT_RISK_UNRESOLVED / INCONCLUSIVE_RESEARCH,73398,20.076039387308533,0.0,0.7247007616974973,0.6949320670599443,0.5130421215373486,False,False,True,TARGET_CUT_RISK_UNRESOLVED / INCONCLUSIVE_RESEARCH
M5_DELAY_4000MS_CONFIRM,1000,-1000,120000,False,False,False,False,132813,27.97240943555181,0.0,0.7395693135935397,0.7166579918453028,0.5671493406107242,False,False,True,TARGET_CUT_RISK_UNRESOLVED / INCONCLUSIVE_RESEARCH,140108,38.322757111597376,0.0,0.7796467619848613,0.7552074255869711,0.4594579593649094,False,False,True,TARGET_CUT_RISK_UNRESOLVED / INCONCLUSIVE_RESEARCH
M5_DELAY_4000MS_CONFIRM,1000,-700,30000,False,False,False,False,25946,5.464616680707667,0.0,0.6209048361934477,0.5827314103371241,0.48733356318442267,False,False,True,TARGET_CUT_RISK_UNRESOLVED / INCONCLUSIVE_RESEARCH,22788,6.233041575492341,0.0,0.6698113207547169,0.6286774324917577,0.433518143487932,False,False,True,TARGET_CUT_RISK_UNRESOLVED / INCONCLUSIVE_RESEARCH
M5_DELAY_4000MS_CONFIRM,1000,-700,60000,False,False,False,False,24950,5.254844144903117,0.0,0.673352435530086,0.6443559444078065,0.6370232735415327,False,False,True,TARGET_CUT_RISK_UNRESOLVED / INCONCLUSIVE_RESEARCH,37375,10.222921225382931,0.0,0.7266514806378133,0.6962322134065101,0.6039820434460416,False,False,True,TARGET_CUT_RISK_UNRESOLVED / INCONCLUSIVE_RESEARCH
M5_DELAY_4000MS_CONFIRM,1000,-700,120000,False,False,False,False,92237,19.426495366470093,0.0,0.750351617440225,0.7272018577619443,0.5988448516231827,False,False,True,TARGET_CUT_RISK_UNRESOLVED / INCONCLUSIVE_RESEARCH,90047,24.62992341356674,0.0,0.7837127845884413,0.7589041199225313,0.533444332435425,False,False,True,TARGET_CUT_RISK_UNRESOLVED / INCONCLUSIVE_RESEARCH
M5_DELAY_4000MS_CONFIRM,1000,-500,30000,False,False,False,False,15278,3.2177759056444817,0.0,0.6318407960199005,0.5926235724785859,0.512550088155153,False,False,True,TARGET_CUT_RISK_UNRESOLVED / INCONCLUSIVE_RESEARCH,16372,4.478118161925602,0.0,0.6865079365079365,0.6447246597391624,0.4546012184411203,False,False,True,TARGET_CUT_RISK_UNRESOLVED / INCONCLUSIVE_RESEARCH
M5_DELAY_4000MS_CONFIRM,1000,-500,60000,False,False,False,False,3059,0.6442712721145746,0.0,0.681,0.6514663972750634,0.6880622281534203,False,False,True,TARGET_CUT_RISK_UNRESOLVED / INCONCLUSIVE_RESEARCH,21286,5.822210065645514,0.0,0.7431629013079667,0.7125766021686628,0.6515966452730637,False,False,True,TARGET_CUT_RISK_UNRESOLVED / INCONCLUSIVE_RESEARCH
M5_DELAY_4000MS_CONFIRM,1000,-500,120000,False,False,False,False,50242,10.581718618365628,0.0,0.7569546120058566,0.7335087131643527,0.6603995162108385,False,False,True,TARGET_CUT_RISK_UNRESOLVED / INCONCLUSIVE_RESEARCH,61997,16.957603938730852,0.0,0.7965485921889192,0.7717576508560646,0.5679304150515269,False,False,True,TARGET_CUT_RISK_UNRESOLVED / INCONCLUSIVE_RESEARCH
M5_DELAY_4000MS_CONFIRM,1000,-300,30000,False,False,False,False,-7249,-1.526748104465038,0.0,0.6357012750455373,0.5946326005582447,0.7000416979401217,False,False,True,TARGET_CUT_RISK_UNRESOLVED / INCONCLUSIVE_RESEARCH,1620,0.4431072210065646,0.0,0.7017167381974249,0.6586663140654272,0.599388379204893,False,False,True,TARGET_CUT_RISK_UNRESOLVED / INCONCLUSIVE_RESEARCH
M5_DELAY_4000MS_CONFIRM,1000,-300,60000,False,False,False,False,-33513,-7.058340353833193,0.0,0.6854663774403471,0.6547776408928936,0.9195545510740225,False,False,True,TARGET_CUT_RISK_UNRESOLVED / INCONCLUSIVE_RESEARCH,-4178,-1.1427789934354486,0.0,0.7560050568900126,0.724884171328982,0.8143618842635622,False,False,True,TARGET_CUT_RISK_UNRESOLVED / INCONCLUSIVE_RESEARCH
M5_DELAY_4000MS_CONFIRM,1000,-300,120000,False,False,False,False,-13649,-2.8746840775063185,0.0,0.7685691946833464,0.7446721344869,0.8945367257570307,False,False,True,TARGET_CUT_RISK_UNRESOLVED / INCONCLUSIVE_RESEARCH,11943,3.2666849015317285,0.0,0.8066985645933015,0.7816506096671288,0.7404620584130613,False,False,True,TARGET_CUT_RISK_UNRESOLVED / INCONCLUSIVE_RESEARCH
M5_DELAY_4000MS_CONFIRM,1000,-200,30000,False,False,False,False,-18941,-3.9892586352148274,0.0,0.6309523809523809,0.5879816251637285,0.9288979938541484,False,False,True,TARGET_CUT_RISK_UNRESOLVED / INCONCLUSIVE_RESEARCH,-12697,-3.4729212253829322,0.0,0.700228832951945,0.6556801974296314,0.896452799621992,False,False,True,TARGET_CUT_RISK_UNRESOLVED / INCONCLUSIVE_RESEARCH
M5_DELAY_4000MS_CONFIRM,1000,-200,60000,False,False,False,False,-53128,-11.18955349620893,0.0,0.6912442396313364,0.659724332671987,1.212716561711019,False,False,True,TARGET_CUT_RISK_UNRESOLVED / INCONCLUSIVE_RESEARCH,-28124,-7.692560175054704,0.0,0.7552910052910053,0.7234050003739493,1.1760071854942835,False,False,True,TARGET_CUT_RISK_UNRESOLVED / INCONCLUSIVE_RESEARCH
M5_DELAY_4000MS_CONFIRM,1000,-200,120000,False,False,False,False,-57293,-12.0667649536647,0.0,0.7761316872427984,0.7518439971375979,1.2835535379766283,False,False,True,TARGET_CUT_RISK_UNRESOLVED / INCONCLUSIVE_RESEARCH,-25608,-7.00437636761488,0.0,0.8091908091908092,0.7836846300100339,1.115720583433112,False,False,True,TARGET_CUT_RISK_UNRESOLVED / INCONCLUSIVE_RESEARCH
M5_DELAY_4000MS_CONFIRM,1500,-6000,30000,False,False,False,False,158629,33.40964616680708,0.0,0.5822532402791625,0.5514742809607567,0.30255674049767567,False,False,False,TARGET_CUT_RISK_UNRESOLVED / INCONCLUSIVE_RESEARCH,190429,52.086706783369806,0.0,0.6427703523693803,0.6094386261119595,0.17144255831492042,True,True,True,INCONCLUSIVE_RESEARCH
M5_DELAY_4000MS_CONFIRM,1500,-6000,60000,False,False,False,False,362060,76.25526537489469,0.0,0.6453566621803499,0.6206863860021312,0.3929999046593665,False,False,False,TARGET_CUT_RISK_UNRESOLVED / INCONCLUSIVE_RESEARCH,373026,102.03118161925602,0.0,0.691437802907916,0.665148862353206,0.3128061323950613,False,False,False,TARGET_CUT_RISK_UNRESOLVED / INCONCLUSIVE_RESEARCH
M5_DELAY_4000MS_CONFIRM,1500,-6000,120000,False,False,False,False,589154,124.08466722830666,0.0,0.7136797454931071,0.6928603534942261,0.4177139471509067,False,False,False,TARGET_CUT_RISK_UNRESOLVED / INCONCLUSIVE_RESEARCH,516316,141.22428884026257,0.0,0.740983606557377,0.7184096261999375,0.3629971229134075,False,False,False,TARGET_CUT_RISK_UNRESOLVED / INCONCLUSIVE_RESEARCH
M5_DELAY_4000MS_CONFIRM,1500,-5000,30000,False,False,False,False,158286,33.33740522325189,0.0,0.5839267548321465,0.5528452492567348,0.3142074175044017,False,False,False,TARGET_CUT_RISK_UNRESOLVED / INCONCLUSIVE_RESEARCH,172784,47.26039387308534,0.0,0.6405472636815921,0.6067833450699281,0.18368498347121495,True,False,True,TARGET_CUT_RISK_UNRESOLVED / INCONCLUSIVE_RESEARCH
M5_DELAY_4000MS_CONFIRM,1500,-5000,60000,False,False,False,False,333383,70.21545914069081,0.0,0.6470588235294118,0.6222063887661875,0.4148347332610051,False,False,False,TARGET_CUT_RISK_UNRESOLVED / INCONCLUSIVE_RESEARCH,354103,96.85530634573304,0.0,0.691358024691358,0.6648148607659375,0.3136850789106436,False,False,True,TARGET_CUT_RISK_UNRESOLVED / INCONCLUSIVE_RESEARCH
M5_DELAY_4000MS_CONFIRM,1500,-5000,120000,False,False,False,False,562907,118.5566554338669,0.0,0.7175080558539205,0.6966272739836964,0.42998167075073157,False,False,False,TARGET_CUT_RISK_UNRESOLVED / INCONCLUSIVE_RESEARCH,496880,135.90809628008753,0.0,0.7416555407209613,0.7188908823043457,0.36673597851997325,False,False,False,TARGET_CUT_RISK_UNRESOLVED / INCONCLUSIVE_RESEARCH
M5_DELAY_4000MS_CONFIRM,1500,-3000,30000,False,False,False,False,108987,22.95429654591407,0.0,0.5892661555312158,0.5570452589779216,0.3648091230287536,False,False,True,TARGET_CUT_RISK_UNRESOLVED / INCONCLUSIVE_RESEARCH,116219,31.78856673960613,0.0,0.6362433862433863,0.6013415491815967,0.2134773880713064,True,False,True,TARGET_CUT_RISK_UNRESOLVED / INCONCLUSIVE_RESEARCH
M5_DELAY_4000MS_CONFIRM,1500,-3000,60000,False,False,False,False,196109,41.30349620893008,0.0,0.644880174291939,0.6192331020020558,0.4918634018135382,False,False,True,TARGET_CUT_RISK_UNRESOLVED / INCONCLUSIVE_RESEARCH,248639,68.00847921225383,0.0,0.6979982593559617,0.6708272761689965,0.3557094664422594,False,False,True,TARGET_CUT_RISK_UNRESOLVED / INCONCLUSIVE_RESEARCH
M5_DELAY_4000MS_CONFIRM,1500,-3000,120000,False,False,False,False,348103,73.31571187868576,0.0,0.718556119571348,0.6971684660983174,0.5120659042218787,False,False,True,TARGET_CUT_RISK_UNRESOLVED / INCONCLUSIVE_RESEARCH,372561,101.90399343544858,0.0,0.7545582047685835,0.7315576602813814,0.3941220707715034,False,False,True,TARGET_CUT_RISK_UNRESOLVED / INCONCLUSIVE_RESEARCH
M5_DELAY_4000MS_CONFIRM,1500,-2000,30000,False,False,False,False,57319,12.072240943555181,0.0,0.589622641509434,0.5561830485815465,0.4433425933099436,False,False,True,TARGET_CUT_RISK_UNRESOLVED / INCONCLUSIVE_RESEARCH,68989,18.87007658643326,0.0,0.647226173541963,0.6111909628270332,0.2689712301864314,False,False,True,TARGET_CUT_RISK_UNRESOLVED / INCONCLUSIVE_RESEARCH
M5_DELAY_4000MS_CONFIRM,1500,-2000,60000,False,False,False,False,98684,20.784330244313395,0.0,0.6465116279069767,0.6200244635193692,0.5716756659504041,False,False,True,TARGET_CUT_RISK_UNRESOLVED / INCONCLUSIVE_RESEARCH,175001,47.8667943107221,0.0,0.7132352941176471,0.6856490892894025,0.39744821809501435,False,False,True,TARGET_CUT_RISK_UNRESOLVED / INCONCLUSIVE_RESEARCH
M5_DELAY_4000MS_CONFIRM,1500,-2000,120000,False,False,False,False,197437,41.58319292333614,0.0,0.7223543400713437,0.7004639995009165,0.5920796848388928,False,False,True,TARGET_CUT_RISK_UNRESOLVED / INCONCLUSIVE_RESEARCH,272674,74.58260393873086,0.0,0.7685525349008082,0.7454085509151477,0.4362286562731997,False,False,True,TARGET_CUT_RISK_UNRESOLVED / INCONCLUSIVE_RESEARCH
M5_DELAY_4000MS_CONFIRM,1500,-1500,30000,False,False,False,False,33490,7.053496208930076,0.0,0.5952970297029703,0.5610795881253515,0.48137325245146,False,False,True,TARGET_CUT_RISK_UNRESOLVED / INCONCLUSIVE_RESEARCH,68751,18.804978118161927,0.0,0.6671802773497689,0.6300363279426134,0.2804895712630359,False,False,True,TARGET_CUT_RISK_UNRESOLVED / INCONCLUSIVE_RESEARCH
M5_DELAY_4000MS_CONFIRM,1500,-1500,60000,False,False,False,False,42966,9.049283909014322,0.0,0.6497175141242938,0.6227283873123766,0.6401173212474928,False,False,True,TARGET_CUT_RISK_UNRESOLVED / INCONCLUSIVE_RESEARCH,126359,34.5620897155361,0.0,0.7212475633528265,0.6930247393097942,0.43426821712815133,False,False,True,TARGET_CUT_RISK_UNRESOLVED / INCONCLUSIVE_RESEARCH
M5_DELAY_4000MS_CONFIRM,1500,-1500,120000,False,False,False,False,130117,27.40459140690817,0.0,0.7292817679558011,0.7071838566505892,0.6398998033701561,False,False,True,TARGET_CUT_RISK_UNRESOLVED / INCONCLUSIVE_RESEARCH,215387,58.913293216630194,0.0,0.7779491133384734,0.7545274857756938,0.4482796382796804,False,False,True,TARGET_CUT_RISK_UNRESOLVED / INCONCLUSIVE_RESEARCH
M5_DELAY_4000MS_CONFIRM,1500,-1000,30000,False,False,False,False,20000,4.212299915754001,0.0,0.6117969821673526,0.5759222223005336,0.49909166259807203,False,False,True,TARGET_CUT_RISK_UNRESOLVED / INCONCLUSIVE_RESEARCH,37549,10.270514223194748,0.0,0.6706081081081081,0.6317546117377871,0.3279922109680438,False,False,True,TARGET_CUT_RISK_UNRESOLVED / INCONCLUSIVE_RESEARCH
M5_DELAY_4000MS_CONFIRM,1500,-1000,60000,False,False,False,False,18220,3.8374052232518956,0.0,0.6652136006974717,0.6373915919859029,0.6619169919530666,False,False,True,TARGET_CUT_RISK_UNRESOLVED / INCONCLUSIVE_RESEARCH,72902,19.940371991247265,0.0,0.7317327766179541,0.7027920817582333,0.48531387601907156,False,False,True,TARGET_CUT_RISK_UNRESOLVED / INCONCLUSIVE_RESEARCH
M5_DELAY_4000MS_CONFIRM,1500,-1000,120000,False,False,False,False,83197,17.522535804549285,0.0,0.7431372549019608,0.7206551771984229,0.6570255307569113,False,False,True,TARGET_CUT_RISK_UNRESOLVED / INCONCLUSIVE_RESEARCH,145393,39.76832603938731,0.0,0.7882736156351792,0.7645431888806434,0.47688272366571377,False,False,True,TARGET_CUT_RISK_UNRESOLVED / INCONCLUSIVE_RESEARCH
M5_DELAY_4000MS_CONFIRM,1500,-700,30000,False,False,False,False,10990,2.314658803706824,0.0,0.6246290801186943,0.5874635988247916,0.5044219037649352,False,False,True,TARGET_CUT_RISK_UNRESOLVED / INCONCLUSIVE_RESEARCH,16967,4.640864332603939,0.0,0.6666666666666666,0.6265310876722688,0.39746672308994385,False,False,True,TARGET_CUT_RISK_UNRESOLVED / INCONCLUSIVE_RESEARCH
M5_DELAY_4000MS_CONFIRM,1500,-700,60000,False,False,False,False,-3761,-0.79212299915754,0.0,0.6764976958525346,0.6480812903089088,0.6897397437129451,False,False,True,TARGET_CUT_RISK_UNRESOLVED / INCONCLUSIVE_RESEARCH,38704,10.586433260393873,0.0,0.7363238512035011,0.7068117484205201,0.5505596053493969,False,False,True,TARGET_CUT_RISK_UNRESOLVED / INCONCLUSIVE_RESEARCH
M5_DELAY_4000MS_CONFIRM,1500,-700,120000,False,False,False,False,49501,10.425652906486942,0.0,0.75564681724846,0.732961196818875,0.687531167970013,False,False,True,TARGET_CUT_RISK_UNRESOLVED / INCONCLUSIVE_RESEARCH,95362,26.083698030634572,0.0,0.7967687074829932,0.7728207689253553,0.5383665341409768,False,False,True,TARGET_CUT_RISK_UNRESOLVED / INCONCLUSIVE_RESEARCH
M5_DELAY_4000MS_CONFIRM,1500,-500,30000,False,False,False,False,3119,0.6569081718618366,0.0,0.6340694006309149,0.5958714987561702,0.5151592496034713,False,False,True,TARGET_CUT_RISK_UNRESOLVED / INCONCLUSIVE_RESEARCH,9678,2.6471553610503284,0.0,0.67984934086629,0.6389980898881076,0.44510317680725436,False,False,True,TARGET_CUT_RISK_UNRESOLVED / INCONCLUSIVE_RESEARCH
M5_DELAY_4000MS_CONFIRM,1500,-500,60000,False,False,False,False,-26185,-5.5149536647009265,0.0,0.682738669238187,0.6537819041845904,0.7538180450319738,False,False,True,TARGET_CUT_RISK_UNRESOLVED / INCONCLUSIVE_RESEARCH,21975,6.010667396061269,0.0,0.7511415525114156,0.7214558070682263,0.5922384595492933,False,False,True,TARGET_CUT_RISK_UNRESOLVED / INCONCLUSIVE_RESEARCH
M5_DELAY_4000MS_CONFIRM,1500,-500,120000,False,False,False,False,13180,2.7759056444818873,0.0,0.7635327635327636,0.7406062520993062,0.744583389174682,False,False,True,TARGET_CUT_RISK_UNRESOLVED / INCONCLUSIVE_RESEARCH,64100,17.532822757111596,0.0,0.8077601410934744,0.7838009962226427,0.5804095944039966,False,False,True,TARGET_CUT_RISK_UNRESOLVED / INCONCLUSIVE_RESEARCH
M5_DELAY_4000MS_CONFIRM,1500,-300,30000,False,False,False,False,-20595,-4.337615838247683,0.0,0.6366782006920415,0.5966856779059617,0.7031067987775631,False,False,True,TARGET_CUT_RISK_UNRESOLVED / INCONCLUSIVE_RESEARCH,-5635,-1.5413019693654266,0.0,0.691683569979716,0.6495683851447699,0.5771352104016347,False,False,True,TARGET_CUT_RISK_UNRESOLVED / INCONCLUSIVE_RESEARCH
M5_DELAY_4000MS_CONFIRM,1500,-300,60000,False,False,False,False,-60795,-12.804338668913227,0.0,0.6882845188284519,0.6582183205162878,0.9731281171060302,False,False,True,TARGET_CUT_RISK_UNRESOLVED / INCONCLUSIVE_RESEARCH,-3041,-0.8317833698030634,0.0,0.7645631067961165,0.7344080137986021,0.7156703913200455,False,False,True,TARGET_CUT_RISK_UNRESOLVED / INCONCLUSIVE_RESEARCH
M5_DELAY_4000MS_CONFIRM,1500,-300,120000,False,False,False,False,-51926,-10.936394271272114,0.0,0.7747336377473364,0.7513636875088707,0.9999255017985994,False,False,True,TARGET_CUT_RISK_UNRESOLVED / INCONCLUSIVE_RESEARCH,16822,4.6012035010940915,0.0,0.8187732342007435,0.7946359577801474,0.6951648410652921,False,False,True,TARGET_CUT_RISK_UNRESOLVED / INCONCLUSIVE_RESEARCH
M5_DELAY_4000MS_CONFIRM,1500,-200,30000,False,False,False,False,-31290,-6.590143218197135,0.0,0.631578947368421,0.5897819194546992,0.8755214641367245,False,False,True,TARGET_CUT_RISK_UNRESOLVED / INCONCLUSIVE_RESEARCH,-19879,-5.437363238512035,0.0,0.6896551724137931,0.6461474774170973,0.8245753294173679,False,False,True,TARGET_CUT_RISK_UNRESOLVED / INCONCLUSIVE_RESEARCH
M5_DELAY_4000MS_CONFIRM,1500,-200,60000,False,False,False,False,-77081,-16.23441449031171,0.0,0.6936736958934517,0.6628049371526763,1.208092152295736,False,False,True,TARGET_CUT_RISK_UNRESOLVED / INCONCLUSIVE_RESEARCH,-28951,-7.918763676148797,0.0,0.7626903553299492,0.7317565864865309,0.9640257795716425,False,False,True,TARGET_CUT_RISK_UNRESOLVED / INCONCLUSIVE_RESEARCH
M5_DELAY_4000MS_CONFIRM,1500,-200,120000,False,False,False,False,-89965,-18.947978096040437,0.0,0.7828525641025641,0.7591283831956717,1.3204025060488072,False,False,True,TARGET_CUT_RISK_UNRESOLVED / INCONCLUSIVE_RESEARCH,-23948,-6.550328227571116,0.0,0.8205625606207565,0.7959634558394487,0.9975678675951155,False,False,True,TARGET_CUT_RISK_UNRESOLVED / INCONCLUSIVE_RESEARCH
M5_DELAY_4000MS_CONFIRM,2000,-6000,30000,False,False,False,False,152694,32.15964616680708,0.0,0.5808325266214908,0.5504976910938696,0.30512886776635506,False,False,False,TARGET_CUT_RISK_UNRESOLVED / INCONCLUSIVE_RESEARCH,188748,51.62691466083151,0.0,0.6351981351981352,0.6024519687804576,0.19562953238612418,True,True,True,INCONCLUSIVE_RESEARCH
M5_DELAY_4000MS_CONFIRM,2000,-6000,60000,False,False,False,False,353004,74.34793597304127,0.0,0.6454545454545455,0.6212273964581273,0.38603459554135694,False,False,False,TARGET_CUT_RISK_UNRESOLVED / INCONCLUSIVE_RESEARCH,376617,103.01340262582058,0.0,0.6858029480217223,0.6599416012219976,0.3174172967425643,False,False,False,TARGET_CUT_RISK_UNRESOLVED / INCONCLUSIVE_RESEARCH
M5_DELAY_4000MS_CONFIRM,2000,-6000,120000,False,False,False,False,601737,126.73483572030328,0.0,0.7167868177136972,0.6963350937653057,0.41898417507004965,False,False,False,TARGET_CUT_RISK_UNRESOLVED / INCONCLUSIVE_RESEARCH,514673,140.77489059080963,0.0,0.7352754908169727,0.7129623999269934,0.3976283145680883,False,False,False,TARGET_CUT_RISK_UNRESOLVED / INCONCLUSIVE_RESEARCH
M5_DELAY_4000MS_CONFIRM,2000,-5000,30000,False,False,False,False,151351,31.876790227464195,0.0,0.5824284304047384,0.5518038751761685,0.3166187393853244,False,False,True,TARGET_CUT_RISK_UNRESOLVED / INCONCLUSIVE_RESEARCH,169761,46.433533916849015,0.0,0.6328963051251489,0.5997435927764158,0.20906316571455194,True,False,True,TARGET_CUT_RISK_UNRESOLVED / INCONCLUSIVE_RESEARCH
M5_DELAY_4000MS_CONFIRM,2000,-5000,60000,False,False,False,False,320327,67.4656697556866,0.0,0.6470976253298153,0.6226980784238915,0.40753135521671463,False,False,False,TARGET_CUT_RISK_UNRESOLVED / INCONCLUSIVE_RESEARCH,357010,97.65043763676148,0.0,0.6856240126382307,0.6595209948434155,0.31783351812832356,False,False,True,TARGET_CUT_RISK_UNRESOLVED / INCONCLUSIVE_RESEARCH
M5_DELAY_4000MS_CONFIRM,2000,-5000,120000,False,False,False,False,568211,119.67375737152486,0.0,0.7205422314911366,0.7000344256849385,0.434806037815204,False,False,False,TARGET_CUT_RISK_UNRESOLVED / INCONCLUSIVE_RESEARCH,494358,135.21827133479212,0.0,0.7364690721649485,0.7139867914397887,0.4018915614000335,False,False,True,TARGET_CUT_RISK_UNRESOLVED / INCONCLUSIVE_RESEARCH
M5_DELAY_4000MS_CONFIRM,2000,-3000,30000,False,False,False,False,95999,20.21882898062342,0.0,0.5881104033970276,0.5563845360923603,0.3665161252660125,False,False,True,TARGET_CUT_RISK_UNRESOLVED / INCONCLUSIVE_RESEARCH,113157,30.951039387308533,0.0,0.6291139240506329,0.5948812473825824,0.24143718251756763,True,False,True,TARGET_CUT_RISK_UNRESOLVED / INCONCLUSIVE_RESEARCH
M5_DELAY_4000MS_CONFIRM,2000,-3000,60000,False,False,False,False,174071,36.66196293176074,0.0,0.6449579831932774,0.619780040780888,0.4878490130854553,False,False,True,TARGET_CUT_RISK_UNRESOLVED / INCONCLUSIVE_RESEARCH,234797,64.22237417943107,0.0,0.6914095079232694,0.6646873092657258,0.366845699352728,False,False,True,TARGET_CUT_RISK_UNRESOLVED / INCONCLUSIVE_RESEARCH
M5_DELAY_4000MS_CONFIRM,2000,-3000,120000,False,False,False,False,338328,71.256950294861,0.0,0.7223439211391018,0.7013523283712524,0.5195338994007165,False,False,True,TARGET_CUT_RISK_UNRESOLVED / INCONCLUSIVE_RESEARCH,357889,97.89086433260394,0.0,0.7491548343475322,0.7264356718276955,0.4350363730711992,False,False,True,TARGET_CUT_RISK_UNRESOLVED / INCONCLUSIVE_RESEARCH
M5_DELAY_4000MS_CONFIRM,2000,-2000,30000,False,False,False,False,41107,8.657750631844987,0.0,0.589041095890411,0.5561399431601048,0.4371104526412588,False,False,True,TARGET_CUT_RISK_UNRESOLVED / INCONCLUSIVE_RESEARCH,60584,16.571115973741794,0.0,0.6389645776566758,0.6035774146928126,0.30331453223884103,False,False,True,TARGET_CUT_RISK_UNRESOLVED / INCONCLUSIVE_RESEARCH
M5_DELAY_4000MS_CONFIRM,2000,-2000,60000,False,False,False,False,74977,15.79128053917439,0.0,0.6469708302169035,0.6209659174659349,0.5532190609728129,False,False,True,TARGET_CUT_RISK_UNRESOLVED / INCONCLUSIVE_RESEARCH,155980,42.66411378555799,0.0,0.705207413945278,0.6780007268704601,0.41913074571824305,False,False,True,TARGET_CUT_RISK_UNRESOLVED / INCONCLUSIVE_RESEARCH
M5_DELAY_4000MS_CONFIRM,2000,-2000,120000,False,False,False,False,179430,37.79064869418703,0.0,0.7267475447718083,0.7052697574030923,0.5978421204115827,False,False,True,TARGET_CUT_RISK_UNRESOLVED / INCONCLUSIVE_RESEARCH,250053,68.39524070021882,0.0,0.7622427253371186,0.7393201940921166,0.48889637084784054,False,False,True,TARGET_CUT_RISK_UNRESOLVED / INCONCLUSIVE_RESEARCH
M5_DELAY_4000MS_CONFIRM,2000,-1500,30000,False,False,False,False,11374,2.3955349620893007,0.0,0.5935251798561151,0.5598350381212647,0.4853050587675683,False,False,True,TARGET_CUT_RISK_UNRESOLVED / INCONCLUSIVE_RESEARCH,63567,17.38703501094092,0.0,0.6588235294117647,0.6223861143272732,0.319001887146654,False,False,True,TARGET_CUT_RISK_UNRESOLVED / INCONCLUSIVE_RESEARCH
M5_DELAY_4000MS_CONFIRM,2000,-1500,60000,False,False,False,False,9022,1.9001684919966302,0.0,0.6487538940809969,0.6222351085101374,0.6264647139419636,False,False,True,TARGET_CUT_RISK_UNRESOLVED / INCONCLUSIVE_RESEARCH,111594,30.52352297592998,0.0,0.7133520074696545,0.6855452402046607,0.447039418640786,False,False,True,TARGET_CUT_RISK_UNRESOLVED / INCONCLUSIVE_RESEARCH
M5_DELAY_4000MS_CONFIRM,2000,-1500,120000,False,False,False,False,98202,20.682813816343725,0.0,0.7326968973747017,0.7109950342450694,0.6596330802941949,False,False,True,TARGET_CUT_RISK_UNRESOLVED / INCONCLUSIVE_RESEARCH,197977,54.15125820568928,0.0,0.7715773809523809,0.7483776213563075,0.4954075927799372,False,False,True,TARGET_CUT_RISK_UNRESOLVED / INCONCLUSIVE_RESEARCH
M5_DELAY_4000MS_CONFIRM,2000,-1000,30000,False,False,False,False,3564,0.7506318449873631,0.0,0.6095617529880478,0.5742451377048434,0.5026037557203724,False,False,True,TARGET_CUT_RISK_UNRESOLVED / INCONCLUSIVE_RESEARCH,33242,9.092450765864333,0.0,0.6629032258064517,0.6247917220125805,0.35423865164982987,False,False,True,TARGET_CUT_RISK_UNRESOLVED / INCONCLUSIVE_RESEARCH
M5_DELAY_4000MS_CONFIRM,2000,-1000,60000,False,False,False,False,-12779,-2.6914490311710195,0.0,0.6619007569386038,0.6345285717146825,0.6586144657783961,False,False,True,TARGET_CUT_RISK_UNRESOLVED / INCONCLUSIVE_RESEARCH,62099,16.98550328227571,0.0,0.726,0.697531129939966,0.5171773541425899,False,False,True,TARGET_CUT_RISK_UNRESOLVED / INCONCLUSIVE_RESEARCH
M5_DELAY_4000MS_CONFIRM,2000,-1000,120000,False,False,False,False,55969,11.787910699241786,0.0,0.7445997458703939,0.7224786605648161,0.6716855838173762,False,False,True,TARGET_CUT_RISK_UNRESOLVED / INCONCLUSIVE_RESEARCH,127021,34.743161925601754,0.0,0.7822327044025157,0.7587198107391233,0.5543427815542534,False,False,True,TARGET_CUT_RISK_UNRESOLVED / INCONCLUSIVE_RESEARCH
M5_DELAY_4000MS_CONFIRM,2000,-700,30000,False,False,False,False,-192,-0.040438079191238416,0.0,0.624103299856528,0.5875574042383261,0.4938763416079542,False,False,True,TARGET_CUT_RISK_UNRESOLVED / INCONCLUSIVE_RESEARCH,13435,3.674781181619256,0.0,0.6604095563139932,0.6211328549459045,0.41274852942376256,False,False,True,TARGET_CUT_RISK_UNRESOLVED / INCONCLUSIVE_RESEARCH
M5_DELAY_4000MS_CONFIRM,2000,-700,60000,False,False,False,False,-29320,-6.1752316764953665,0.0,0.6746880570409982,0.6467195384919854,0.6795299222837098,False,False,True,TARGET_CUT_RISK_UNRESOLVED / INCONCLUSIVE_RESEARCH,29466,8.059628008752735,0.0,0.7306079664570231,0.7015724452982206,0.5755266522867881,False,False,True,TARGET_CUT_RISK_UNRESOLVED / INCONCLUSIVE_RESEARCH
M5_DELAY_4000MS_CONFIRM,2000,-700,120000,False,False,False,False,25161,5.299283909014322,0.0,0.758,0.7356843437634392,0.6907879769363058,False,False,True,TARGET_CUT_RISK_UNRESOLVED / INCONCLUSIVE_RESEARCH,81741,22.35804157549234,0.0,0.7914614121510674,0.7677468973116902,0.6077703652114415,False,False,True,TARGET_CUT_RISK_UNRESOLVED / INCONCLUSIVE_RESEARCH
M5_DELAY_4000MS_CONFIRM,2000,-500,30000,False,False,False,False,-6438,-1.3559393428812132,0.0,0.6331811263318112,0.595654552272709,0.5186820039054167,False,False,True,TARGET_CUT_RISK_UNRESOLVED / INCONCLUSIVE_RESEARCH,8188,2.2396061269146608,0.0,0.6774774774774774,0.6374829938822629,0.43581206067332595,False,False,True,TARGET_CUT_RISK_UNRESOLVED / INCONCLUSIVE_RESEARCH
M5_DELAY_4000MS_CONFIRM,2000,-500,60000,False,False,False,False,-50202,-10.573294018534119,0.0,0.6809701492537313,0.6524646477895552,0.7387699482760275,False,False,True,TARGET_CUT_RISK_UNRESOLVED / INCONCLUSIVE_RESEARCH,14643,4.00519693654267,0.0,0.747530186608123,0.7183205863841984,0.6131185802748195,False,False,True,TARGET_CUT_RISK_UNRESOLVED / INCONCLUSIVE_RESEARCH
M5_DELAY_4000MS_CONFIRM,2000,-500,120000,False,False,False,False,-10152,-2.1381634372367313,0.0,0.765440666204025,0.7428751088649679,0.7483460040737167,False,False,True,TARGET_CUT_RISK_UNRESOLVED / INCONCLUSIVE_RESEARCH,54172,14.817286652078774,0.0,0.8035866780529461,0.7798548556752225,0.6433783029260416,False,False,True,TARGET_CUT_RISK_UNRESOLVED / INCONCLUSIVE_RESEARCH
M5_DELAY_4000MS_CONFIRM,2000,-300,30000,False,False,False,False,-30473,-6.418070766638585,0.0,0.635,0.5957325666291482,0.7040719866939489,False,False,True,TARGET_CUT_RISK_UNRESOLVED / INCONCLUSIVE_RESEARCH,-6832,-1.8687089715536105,0.0,0.687984496124031,0.6467429917115233,0.5462968185920578,False,False,True,TARGET_CUT_RISK_UNRESOLVED / INCONCLUSIVE_RESEARCH
M5_DELAY_4000MS_CONFIRM,2000,-300,60000,False,False,False,False,-82872,-17.454085930918282,0.0,0.6862348178137652,0.6566266061155785,0.9440748092029857,False,False,True,TARGET_CUT_RISK_UNRESOLVED / INCONCLUSIVE_RESEARCH,-8471,-2.3170131291028446,0.0,0.7599067599067599,0.7302077195454377,0.728710489059073,False,False,True,TARGET_CUT_RISK_UNRESOLVED / INCONCLUSIVE_RESEARCH
M5_DELAY_4000MS_CONFIRM,2000,-300,120000,False,False,False,False,-72721,-15.316133108677338,0.0,0.776706231454006,0.7537060633816054,0.9857203488451691,False,False,True,TARGET_CUT_RISK_UNRESOLVED / INCONCLUSIVE_RESEARCH,5787,1.5828774617067833,0.0,0.8127812781278128,0.7887798756625759,0.7822420253387102,False,False,True,TARGET_CUT_RISK_UNRESOLVED / INCONCLUSIVE_RESEARCH
M5_DELAY_4000MS_CONFIRM,2000,-200,30000,False,False,False,False,-39864,-8.395956192080876,0.0,0.6299638989169675,0.5889932498002924,0.824846987387562,False,False,True,TARGET_CUT_RISK_UNRESOLVED / INCONCLUSIVE_RESEARCH,-21259,-5.814824945295404,0.0,0.6851851851851852,0.6425779315578849,0.7110234428343828,False,False,True,TARGET_CUT_RISK_UNRESOLVED / INCONCLUSIVE_RESEARCH
M5_DELAY_4000MS_CONFIRM,2000,-200,60000,False,False,False,False,-93266,-19.643218197135635,0.0,0.6928034371643395,0.6624277666644129,1.09135154660735,False,False,True,TARGET_CUT_RISK_UNRESOLVED / INCONCLUSIVE_RESEARCH,-34279,-9.37609409190372,0.0,0.7585365853658537,0.7280821744455303,0.9289647045186716,False,False,True,TARGET_CUT_RISK_UNRESOLVED / INCONCLUSIVE_RESEARCH
M5_DELAY_4000MS_CONFIRM,2000,-200,120000,False,False,False,False,-104507,-22.010741364785172,0.0,0.7859375,0.7626290406559403,1.2161832581558796,False,False,True,TARGET_CUT_RISK_UNRESOLVED / INCONCLUSIVE_RESEARCH,-34786,-9.51477024070022,0.0,0.8148496240601504,0.7903926938741541,1.054722621398766,False,False,True,TARGET_CUT_RISK_UNRESOLVED / INCONCLUSIVE_RESEARCH
M5_DELAY_4000MS_CONFIRM,3000,-6000,30000,False,False,False,False,140706,29.634793597304128,0.0,0.581547064305685,0.5517909769580271,0.2401878341449503,True,False,True,TARGET_CUT_RISK_UNRESOLVED / INCONCLUSIVE_RESEARCH,180998,49.50711159737418,0.0,0.6360544217687075,0.6037752598904508,0.18945853774600332,True,False,True,TARGET_CUT_RISK_UNRESOLVED / INCONCLUSIVE_RESEARCH
M5_DELAY_4000MS_CONFIRM,3000,-6000,60000,False,False,False,False,295435,62.22304128053918,0.0,0.6377805486284289,0.6139555418903104,0.3942325966116382,False,False,False,TARGET_CUT_RISK_UNRESOLVED / INCONCLUSIVE_RESEARCH,395075,108.0620897155361,0.0,0.6924812030075188,0.6671557979078804,0.27905602224371695,False,False,True,TARGET_CUT_RISK_UNRESOLVED / INCONCLUSIVE_RESEARCH
M5_DELAY_4000MS_CONFIRM,3000,-6000,120000,False,False,False,False,543650,114.50084245998315,0.0,0.7142857142857143,0.6941371487259171,0.4464014707761779,False,False,False,TARGET_CUT_RISK_UNRESOLVED / INCONCLUSIVE_RESEARCH,544925,149.04950765864334,0.0,0.7438574938574939,0.7220971780985176,0.3839541200938936,False,False,True,TARGET_CUT_RISK_UNRESOLVED / INCONCLUSIVE_RESEARCH
M5_DELAY_4000MS_CONFIRM,3000,-5000,30000,False,False,False,False,139363,29.351937657961248,0.0,0.5830959164292497,0.553066698766058,0.24857429917783408,True,False,True,TARGET_CUT_RISK_UNRESOLVED / INCONCLUSIVE_RESEARCH,161011,44.040207877461704,0.0,0.6338354577056778,0.6011664530806424,0.2020634352886586,True,False,True,TARGET_CUT_RISK_UNRESOLVED / INCONCLUSIVE_RESEARCH
M5_DELAY_4000MS_CONFIRM,3000,-5000,60000,False,False,False,False,259072,54.56444818871103,0.0,0.6392405063291139,0.6152502649895322,0.4159211867285698,False,False,True,TARGET_CUT_RISK_UNRESOLVED / INCONCLUSIVE_RESEARCH,369752,101.13566739606127,0.0,0.6924254016832441,0.666872696740544,0.2869370635924832,False,False,True,TARGET_CUT_RISK_UNRESOLVED / INCONCLUSIVE_RESEARCH
M5_DELAY_4000MS_CONFIRM,3000,-5000,120000,False,False,False,False,501980,105.72451558550969,0.0,0.7178841309823678,0.6976805104040066,0.46869507302165037,False,False,True,TARGET_CUT_RISK_UNRESOLVED / INCONCLUSIVE_RESEARCH,517936,141.66739606126916,0.0,0.745,0.7230739001696668,0.3878280889865773,False,False,True,TARGET_CUT_RISK_UNRESOLVED / INCONCLUSIVE_RESEARCH
M5_DELAY_4000MS_CONFIRM,3000,-3000,30000,False,False,False,False,85079,17.918913226621736,0.0,0.5883554647599591,0.5572410259071712,0.27772465839630417,False,False,True,TARGET_CUT_RISK_UNRESOLVED / INCONCLUSIVE_RESEARCH,102774,28.11105032822757,0.0,0.6293103448275862,0.595553566145767,0.22683256356537473,True,False,True,TARGET_CUT_RISK_UNRESOLVED / INCONCLUSIVE_RESEARCH
M5_DELAY_4000MS_CONFIRM,3000,-3000,60000,False,False,False,False,118858,25.033277169334458,0.0,0.6391129032258065,0.6143817384594912,0.4940312116659997,False,False,True,TARGET_CUT_RISK_UNRESOLVED / INCONCLUSIVE_RESEARCH,238262,65.17013129102844,0.0,0.6987075928917609,0.672566917902963,0.3207677524655993,False,False,True,TARGET_CUT_RISK_UNRESOLVED / INCONCLUSIVE_RESEARCH
M5_DELAY_4000MS_CONFIRM,3000,-3000,120000,False,False,False,False,263168,55.42712721145745,0.0,0.7215457914240339,0.7008982145540241,0.5627028637808188,False,False,True,TARGET_CUT_RISK_UNRESOLVED / INCONCLUSIVE_RESEARCH,371580,101.63566739606127,0.0,0.7573770491803279,0.735232970926046,0.41791863131144924,False,False,True,TARGET_CUT_RISK_UNRESOLVED / INCONCLUSIVE_RESEARCH
M5_DELAY_4000MS_CONFIRM,3000,-2000,30000,False,False,False,False,29476,6.208087615838248,0.0,0.5899122807017544,0.5576784700420014,0.3256521712208744,False,False,True,TARGET_CUT_RISK_UNRESOLVED / INCONCLUSIVE_RESEARCH,48606,13.294857768052516,0.0,0.6388888888888888,0.6040272248106858,0.27790473181014186,False,False,True,TARGET_CUT_RISK_UNRESOLVED / INCONCLUSIVE_RESEARCH
M5_DELAY_4000MS_CONFIRM,3000,-2000,60000,False,False,False,False,19821,4.1745998315080035,0.0,0.6420373027259685,0.6165124488488685,0.5646240773597704,False,False,True,TARGET_CUT_RISK_UNRESOLVED / INCONCLUSIVE_RESEARCH,155378,42.49945295404814,0.0,0.712457337883959,0.6858834651495128,0.38059315804786914,False,False,True,TARGET_CUT_RISK_UNRESOLVED / INCONCLUSIVE_RESEARCH
M5_DELAY_4000MS_CONFIRM,3000,-2000,120000,False,False,False,False,101474,21.371946082561077,0.0,0.7273743016759776,0.7062744607290269,0.6440605112106701,False,False,True,TARGET_CUT_RISK_UNRESOLVED / INCONCLUSIVE_RESEARCH,259997,71.11515317286653,0.0,0.7709766162310867,0.7486806046092997,0.46183463633433314,False,False,True,TARGET_CUT_RISK_UNRESOLVED / INCONCLUSIVE_RESEARCH
M5_DELAY_4000MS_CONFIRM,3000,-1500,30000,False,False,False,False,2679,0.5642375737152485,0.0,0.5949367088607594,0.5619492420906377,0.3326980799466387,False,False,True,TARGET_CUT_RISK_UNRESOLVED / INCONCLUSIVE_RESEARCH,45911,12.557713347921226,0.0,0.6562054208273894,0.6202789177282699,0.29739586431588244,False,False,True,TARGET_CUT_RISK_UNRESOLVED / INCONCLUSIVE_RESEARCH
M5_DELAY_4000MS_CONFIRM,3000,-1500,60000,False,False,False,False,-40859,-8.605518112889637,0.0,0.643979057591623,0.6179341636350402,0.6138755835502132,False,False,True,TARGET_CUT_RISK_UNRESOLVED / INCONCLUSIVE_RESEARCH,100688,27.54048140043764,0.0,0.7184115523465704,0.6912086427046429,0.4222710188212091,False,False,True,TARGET_CUT_RISK_UNRESOLVED / INCONCLUSIVE_RESEARCH
M5_DELAY_4000MS_CONFIRM,3000,-1500,120000,False,False,False,False,28991,6.105939342881213,0.0,0.7345286292654714,0.7132109020846487,0.6975959289610323,False,False,True,TARGET_CUT_RISK_UNRESOLVED / INCONCLUSIVE_RESEARCH,203512,55.665207877461704,0.0,0.7799422799422799,0.757374435682763,0.465602251339042,False,False,True,TARGET_CUT_RISK_UNRESOLVED / INCONCLUSIVE_RESEARCH
M5_DELAY_4000MS_CONFIRM,3000,-1000,30000,False,False,False,False,-1661,-0.3498315080033698,0.0,0.6111817026683609,0.5766621629351584,0.33060176867256225,False,False,True,TARGET_CUT_RISK_UNRESOLVED / INCONCLUSIVE_RESEARCH,17678,4.835339168490153,0.0,0.6599063962558502,0.6223766928502146,0.3445645721275792,False,False,True,TARGET_CUT_RISK_UNRESOLVED / INCONCLUSIVE_RESEARCH
M5_DELAY_4000MS_CONFIRM,3000,-1000,60000,False,False,False,False,-53797,-11.330454928390902,0.0,0.6585956416464891,0.6317385326854352,0.647828348367912,False,False,True,TARGET_CUT_RISK_UNRESOLVED / INCONCLUSIVE_RESEARCH,51597,14.112964989059082,0.0,0.7321083172147002,0.7042922564089585,0.4787359716479622,False,False,True,TARGET_CUT_RISK_UNRESOLVED / INCONCLUSIVE_RESEARCH
M5_DELAY_4000MS_CONFIRM,3000,-1000,120000,False,False,False,False,-11016,-2.3201347935973042,0.0,0.7450738916256158,0.7233162912268489,0.7213247345542649,False,False,True,TARGET_CUT_RISK_UNRESOLVED / INCONCLUSIVE_RESEARCH,133894,36.62308533916849,0.0,0.7929717341482048,0.7701804933737966,0.5032220082718049,False,False,True,TARGET_CUT_RISK_UNRESOLVED / INCONCLUSIVE_RESEARCH
M5_DELAY_4000MS_CONFIRM,3000,-700,30000,False,False,False,False,-11032,-2.3235046335299074,0.0,0.6238030095759234,0.5881244738724989,0.38504503366761766,False,False,True,TARGET_CUT_RISK_UNRESOLVED / INCONCLUSIVE_RESEARCH,-587,-0.16055798687089715,0.0,0.6584158415841584,0.6197656905749758,0.3817457654319186,False,False,True,TARGET_CUT_RISK_UNRESOLVED / INCONCLUSIVE_RESEARCH
M5_DELAY_4000MS_CONFIRM,3000,-700,60000,False,False,False,False,-74312,-15.651221566975568,0.0,0.6689419795221843,0.6414863862170523,0.68288576892274,False,False,True,TARGET_CUT_RISK_UNRESOLVED / INCONCLUSIVE_RESEARCH,20345,5.564824945295404,0.0,0.7375886524822695,0.7092587424171146,0.5400138359410648,False,False,True,TARGET_CUT_RISK_UNRESOLVED / INCONCLUSIVE_RESEARCH
M5_DELAY_4000MS_CONFIRM,3000,-700,120000,False,False,False,False,-47666,-10.039174389216512,0.0,0.7554838709677419,0.7334725999738431,0.773346490805815,False,False,True,TARGET_CUT_RISK_UNRESOLVED / INCONCLUSIVE_RESEARCH,80770,22.09245076586433,0.0,0.8006379585326954,0.7776219760186954,0.5536088249460744,False,False,True,TARGET_CUT_RISK_UNRESOLVED / INCONCLUSIVE_RESEARCH
M5_DELAY_4000MS_CONFIRM,3000,-500,30000,False,False,False,False,-18059,-3.803496208930076,0.0,0.6309696092619392,0.5943592176580579,0.42489070848657273,False,False,True,TARGET_CUT_RISK_UNRESOLVED / INCONCLUSIVE_RESEARCH,-5019,-1.3728118161925602,0.0,0.6730434782608695,0.6336627449122473,0.4374861773370253,False,False,True,TARGET_CUT_RISK_UNRESOLVED / INCONCLUSIVE_RESEARCH
M5_DELAY_4000MS_CONFIRM,3000,-500,60000,False,False,False,False,-91617,-19.295914069081718,0.0,0.6743978590544157,0.646411336875208,0.7372102164284643,False,False,True,TARGET_CUT_RISK_UNRESOLVED / INCONCLUSIVE_RESEARCH,3982,1.0891684901531729,0.0,0.7529162248144221,0.7243980298456035,0.5855886079022525,False,False,True,TARGET_CUT_RISK_UNRESOLVED / INCONCLUSIVE_RESEARCH
M5_DELAY_4000MS_CONFIRM,3000,-500,120000,False,False,False,False,-79371,-16.716722830665542,0.0,0.761744966442953,0.7394580197995794,0.842337212714463,False,False,True,TARGET_CUT_RISK_UNRESOLVED / INCONCLUSIVE_RESEARCH,51886,14.192013129102845,0.0,0.8113050706566916,0.7882172169812856,0.5836966872947674,False,False,True,TARGET_CUT_RISK_UNRESOLVED / INCONCLUSIVE_RESEARCH
M5_DELAY_4000MS_CONFIRM,3000,-300,30000,False,False,False,False,-40263,-8.479991575400168,0.0,0.634493670886076,0.5962410166118948,0.5136256094407035,False,False,True,TARGET_CUT_RISK_UNRESOLVED / INCONCLUSIVE_RESEARCH,-18507,-5.062089715536105,0.0,0.6828358208955224,0.6422563992302364,0.52219830163856,False,False,True,TARGET_CUT_RISK_UNRESOLVED / INCONCLUSIVE_RESEARCH
M5_DELAY_4000MS_CONFIRM,3000,-300,60000,False,False,False,False,-117110,-24.665122156697556,0.0,0.6815101645692159,0.6524716857467979,0.9185163600499852,False,False,True,TARGET_CUT_RISK_UNRESOLVED / INCONCLUSIVE_RESEARCH,-20371,-5.571936542669584,0.0,0.7635135135135135,0.7344674856676767,0.6981428946050969,False,False,True,TARGET_CUT_RISK_UNRESOLVED / INCONCLUSIVE_RESEARCH
M5_DELAY_4000MS_CONFIRM,3000,-300,120000,False,False,False,False,-128365,-27.035593934288123,0.0,0.7745872218234028,0.7519062158996999,1.0531006326883894,False,False,True,TARGET_CUT_RISK_UNRESOLVED / INCONCLUSIVE_RESEARCH,-4072,-1.113785557986871,0.0,0.8177037686240141,0.7942476787109678,0.7366096104327975,False,False,True,TARGET_CUT_RISK_UNRESOLVED / INCONCLUSIVE_RESEARCH
M5_DELAY_4000MS_CONFIRM,3000,-200,30000,False,False,False,False,-47138,-9.927969671440607,0.0,0.629059829059829,0.5891924250864263,0.5422744791920769,False,False,True,TARGET_CUT_RISK_UNRESOLVED / INCONCLUSIVE_RESEARCH,-32234,-8.816739606126914,0.0,0.6798418972332015,0.6379677649158114,0.6358834188139185,False,False,True,TARGET_CUT_RISK_UNRESOLVED / INCONCLUSIVE_RESEARCH
M5_DELAY_4000MS_CONFIRM,3000,-200,60000,False,False,False,False,-116405,-24.516638584667227,0.0,0.688911704312115,0.6591440775359105,0.9756587953456537,False,False,True,TARGET_CUT_RISK_UNRESOLVED / INCONCLUSIVE_RESEARCH,-45100,-12.335886214442013,0.0,0.7623529411764706,0.7325983748485356,0.8413206573366944,False,False,True,TARGET_CUT_RISK_UNRESOLVED / INCONCLUSIVE_RESEARCH
M5_DELAY_4000MS_CONFIRM,3000,-200,120000,False,False,False,False,-144877,-30.513268744734624,0.0,0.7853363567649282,0.7624022726426254,1.2136851543486615,False,False,True,TARGET_CUT_RISK_UNRESOLVED / INCONCLUSIVE_RESEARCH,-45072,-12.328227571115974,0.0,0.819926873857404,0.7960503452778277,0.9465657021944319,False,False,True,TARGET_CUT_RISK_UNRESOLVED / INCONCLUSIVE_RESEARCH
M5_DELAY_4000MS_CONFIRM,5000,-6000,30000,False,False,False,False,91127,19.192712721145746,0.0,0.581267217630854,0.5517301570325028,0.17487705499273637,True,True,True,INCONCLUSIVE_RESEARCH,169579,46.38375273522976,0.0,0.6403607666290868,0.6082364036216028,0.10709261124813284,True,True,True,INCONCLUSIVE_RESEARCH
M5_DELAY_4000MS_CONFIRM,5000,-6000,60000,False,False,False,False,142661,30.046545914069082,0.0,0.635036496350365,0.6114753755857496,0.3403376944920436,False,False,True,TARGET_CUT_RISK_UNRESOLVED / INCONCLUSIVE_RESEARCH,375597,102.73440919037199,0.0,0.7000742390497402,0.6750629517042294,0.23175798371455306,True,False,True,TARGET_CUT_RISK_UNRESOLVED / INCONCLUSIVE_RESEARCH
M5_DELAY_4000MS_CONFIRM,5000,-6000,120000,False,False,False,False,400801,84.41470092670598,0.0,0.7218704335119338,0.7020873649347998,0.44300101689972926,False,False,True,TARGET_CUT_RISK_UNRESOLVED / INCONCLUSIVE_RESEARCH,494910,135.36925601750548,0.0,0.7549909255898367,0.7336817833036668,0.3884930354718763,False,False,True,TARGET_CUT_RISK_UNRESOLVED / INCONCLUSIVE_RESEARCH
M5_DELAY_4000MS_CONFIRM,5000,-5000,30000,False,False,False,False,87784,18.488626790227464,0.0,0.5827876520112254,0.5529834770670344,0.1815839014857534,True,True,True,INCONCLUSIVE_RESEARCH,152722,41.77297592997812,0.0,0.6389850057670127,0.6064663310960663,0.11416390665250206,True,True,True,INCONCLUSIVE_RESEARCH
M5_DELAY_4000MS_CONFIRM,5000,-5000,60000,False,True,False,False,102282,21.54212299915754,0.0,0.6361951822112415,0.612463911460694,0.3595947517551587,False,False,True,TARGET_CUT_RISK_UNRESOLVED / INCONCLUSIVE_RESEARCH,356233,97.4379102844639,0.0,0.7006802721088435,0.6754509697481093,0.2342043804486454,True,True,True,PROMISING_OFFLINE_ONLY
M5_DELAY_4000MS_CONFIRM,5000,-5000,120000,False,False,False,False,351507,74.03264532434709,0.0,0.72534516765286,0.7055069668628525,0.46565544480699617,False,False,True,TARGET_CUT_RISK_UNRESOLVED / INCONCLUSIVE_RESEARCH,475701,130.1151531728665,0.0,0.7572396796056685,0.7357890067049536,0.3831358420914782,False,False,True,TARGET_CUT_RISK_UNRESOLVED / INCONCLUSIVE_RESEARCH
M5_DELAY_4000MS_CONFIRM,5000,-3000,30000,False,False,False,False,34333,7.231044650379107,0.0,0.5871097683786506,0.5562081086401007,0.21029196325261063,True,False,True,TARGET_CUT_RISK_UNRESOLVED / INCONCLUSIVE_RESEARCH,97681,26.717997811816193,0.0,0.6355828220858896,0.6019770944908057,0.11944991954663325,True,True,True,INCONCLUSIVE_RESEARCH
M5_DELAY_4000MS_CONFIRM,5000,-3000,60000,False,False,False,False,-33642,-7.0855096882898065,0.0,0.6360052562417872,0.6115185297832815,0.4169964347360725,False,False,True,TARGET_CUT_RISK_UNRESOLVED / INCONCLUSIVE_RESEARCH,215013,58.81099562363239,0.0,0.7088,0.6830052610999592,0.26805153258147324,False,False,True,TARGET_CUT_RISK_UNRESOLVED / INCONCLUSIVE_RESEARCH
M5_DELAY_4000MS_CONFIRM,5000,-3000,120000,False,False,False,False,91398,19.249789385004213,0.0,0.7277922077922078,0.7074699495457623,0.5626520023105184,False,False,True,TARGET_CUT_RISK_UNRESOLVED / INCONCLUSIVE_RESEARCH,314277,85.96198030634574,0.0,0.7704280155642024,0.7487804086621102,0.41829443770398683,False,False,True,TARGET_CUT_RISK_UNRESOLVED / INCONCLUSIVE_RESEARCH
M5_DELAY_4000MS_CONFIRM,5000,-2000,30000,False,False,False,False,-14955,-3.1497472620050546,0.0,0.5891891891891892,0.5571789660164446,0.22128965724941668,True,False,True,TARGET_CUT_RISK_UNRESOLVED / INCONCLUSIVE_RESEARCH,37708,10.314004376367615,0.0,0.6455862977602108,0.610901223136514,0.1541110884095619,True,False,True,TARGET_CUT_RISK_UNRESOLVED / INCONCLUSIVE_RESEARCH
M5_DELAY_4000MS_CONFIRM,5000,-2000,60000,False,False,False,False,-120352,-25.34793597304128,0.0,0.639298245614035,0.6140219214231613,0.49249496322277353,False,False,True,TARGET_CUT_RISK_UNRESOLVED / INCONCLUSIVE_RESEARCH,128303,35.09381838074398,0.0,0.7233502538071066,0.6971555181738429,0.3211840432209227,False,False,True,TARGET_CUT_RISK_UNRESOLVED / INCONCLUSIVE_RESEARCH
M5_DELAY_4000MS_CONFIRM,5000,-2000,120000,False,False,False,False,-43045,-9.06592249368155,0.0,0.734503565551289,0.7137545010931446,0.6346274015967823,False,False,True,TARGET_CUT_RISK_UNRESOLVED / INCONCLUSIVE_RESEARCH,215827,59.03364332603939,0.0,0.7854223433242506,0.763691131389423,0.44705916304467846,False,False,True,TARGET_CUT_RISK_UNRESOLVED / INCONCLUSIVE_RESEARCH
M5_DELAY_4000MS_CONFIRM,5000,-1500,30000,False,False,False,False,-35019,-7.37552653748947,0.0,0.5941043083900227,0.5613559841825407,0.2007559713118579,True,False,True,TARGET_CUT_RISK_UNRESOLVED / INCONCLUSIVE_RESEARCH,32965,9.016684901531729,0.0,0.6619318181818182,0.6261930508882207,0.1486575723346946,True,True,True,INCONCLUSIVE_RESEARCH
M5_DELAY_4000MS_CONFIRM,5000,-1500,60000,False,False,False,False,-166251,-35.014953664700926,0.0,0.6412884333821376,0.6154903773603133,0.5345831428135955,False,False,True,TARGET_CUT_RISK_UNRESOLVED / INCONCLUSIVE_RESEARCH,80783,22.096006564551423,0.0,0.7298747763864043,0.7030927204459322,0.35481762694616426,False,False,True,TARGET_CUT_RISK_UNRESOLVED / INCONCLUSIVE_RESEARCH
M5_DELAY_4000MS_CONFIRM,5000,-1500,120000,False,False,False,False,-88001,-18.534330244313395,0.0,0.7424673109721432,0.7215196008959729,0.6680764652512239,False,False,True,TARGET_CUT_RISK_UNRESOLVED / INCONCLUSIVE_RESEARCH,167376,45.78118161925602,0.0,0.7942857142857143,0.7723200091639726,0.448274877056143,False,False,True,TARGET_CUT_RISK_UNRESOLVED / INCONCLUSIVE_RESEARCH
M5_DELAY_4000MS_CONFIRM,5000,-1000,30000,False,False,False,False,-38145,-8.03390901432182,0.0,0.61,0.5757523577050867,0.254202081723558,False,False,True,TARGET_CUT_RISK_UNRESOLVED / INCONCLUSIVE_RESEARCH,6702,1.8331509846827134,0.0,0.6661490683229814,0.6288363670802645,0.16203719405347353,True,False,True,TARGET_CUT_RISK_UNRESOLVED / INCONCLUSIVE_RESEARCH
M5_DELAY_4000MS_CONFIRM,5000,-1000,60000,False,False,False,False,-172892,-36.41364785172704,0.0,0.6550907655880032,0.6284837777748165,0.5778155218098783,False,False,True,TARGET_CUT_RISK_UNRESOLVED / INCONCLUSIVE_RESEARCH,43523,11.904540481400439,0.0,0.7449664429530202,0.7176479243194734,0.373034171573213,False,False,True,TARGET_CUT_RISK_UNRESOLVED / INCONCLUSIVE_RESEARCH
M5_DELAY_4000MS_CONFIRM,5000,-1000,120000,False,False,False,False,-128909,-27.15016849199663,0.0,0.7519661222020568,0.7305785642117955,0.7411652774214916,False,False,True,TARGET_CUT_RISK_UNRESOLVED / INCONCLUSIVE_RESEARCH,111383,30.465809628008753,0.0,0.8083333333333333,0.7862166932256494,0.4697397339280958,False,False,True,TARGET_CUT_RISK_UNRESOLVED / INCONCLUSIVE_RESEARCH
M5_DELAY_4000MS_CONFIRM,5000,-700,30000,False,False,False,False,-43876,-9.24094355518113,0.0,0.6231493943472409,0.587755407540996,0.28460402796735285,False,False,True,TARGET_CUT_RISK_UNRESOLVED / INCONCLUSIVE_RESEARCH,-12838,-3.511487964989059,0.0,0.6650246305418719,0.6266079416593202,0.19590101756999637,True,False,True,TARGET_CUT_RISK_UNRESOLVED / INCONCLUSIVE_RESEARCH
M5_DELAY_4000MS_CONFIRM,5000,-700,60000,False,False,False,False,-180828,-38.08508845829823,0.0,0.6649958228905597,0.6377671799151282,0.6280010888304146,False,False,True,TARGET_CUT_RISK_UNRESOLVED / INCONCLUSIVE_RESEARCH,10750,2.9403719912472646,0.0,0.751004016064257,0.7232182856074122,0.4218080777082472,False,False,True,TARGET_CUT_RISK_UNRESOLVED / INCONCLUSIVE_RESEARCH
M5_DELAY_4000MS_CONFIRM,5000,-700,120000,False,False,False,False,-165903,-34.941659646166805,0.0,0.7619047619047619,0.7402489040156568,0.8034893374718529,False,False,True,TARGET_CUT_RISK_UNRESOLVED / INCONCLUSIVE_RESEARCH,66115,18.083971553610503,0.0,0.8164556962025317,0.7941668230444706,0.4957861161647577,False,False,True,TARGET_CUT_RISK_UNRESOLVED / INCONCLUSIVE_RESEARCH
M5_DELAY_4000MS_CONFIRM,5000,-500,30000,False,False,False,False,-49158,-10.35341196293176,0.0,0.6301564722617354,0.5938527146465628,0.30668715856163004,False,False,True,TARGET_CUT_RISK_UNRESOLVED / INCONCLUSIVE_RESEARCH,-15507,-4.241520787746171,0.0,0.6799307958477508,0.6408189278466587,0.20625071908745748,True,False,True,TARGET_CUT_RISK_UNRESOLVED / INCONCLUSIVE_RESEARCH
M5_DELAY_4000MS_CONFIRM,5000,-500,60000,False,False,False,False,-185935,-39.16069924178601,0.0,0.6698689956331878,0.6421021234199029,0.6483618453041545,False,False,True,TARGET_CUT_RISK_UNRESOLVED / INCONCLUSIVE_RESEARCH,-7029,-1.9225929978118161,0.0,0.7647058823529411,0.7367299541124963,0.4559771137648575,False,False,True,TARGET_CUT_RISK_UNRESOLVED / INCONCLUSIVE_RESEARCH
M5_DELAY_4000MS_CONFIRM,5000,-500,120000,False,False,False,False,-192120,-40.46335299073294,0.0,0.7675033025099075,0.7455643077214184,0.87199294239548,False,False,True,TARGET_CUT_RISK_UNRESOLVED / INCONCLUSIVE_RESEARCH,28287,7.737144420131291,0.0,0.8244023083264633,0.8019760268533267,0.5443219398322443,False,False,True,TARGET_CUT_RISK_UNRESOLVED / INCONCLUSIVE_RESEARCH
M5_DELAY_4000MS_CONFIRM,5000,-300,30000,False,False,False,False,-70126,-14.769587194608256,0.0,0.6319875776397516,0.5940603430078906,0.39352115784247016,False,False,True,TARGET_CUT_RISK_UNRESOLVED / INCONCLUSIVE_RESEARCH,-25657,-7.017778993435448,0.0,0.6901669758812616,0.6498977123701027,0.216032208438349,True,False,True,TARGET_CUT_RISK_UNRESOLVED / INCONCLUSIVE_RESEARCH
M5_DELAY_4000MS_CONFIRM,5000,-300,60000,False,False,False,False,-208601,-43.934498736310026,0.0,0.6758293838862559,0.646991476909704,0.8087974767800272,False,False,True,TARGET_CUT_RISK_UNRESOLVED / INCONCLUSIVE_RESEARCH,-30647,-8.382658643326039,0.0,0.7748049052396878,0.7463307090611632,0.5239239999156492,False,False,True,TARGET_CUT_RISK_UNRESOLVED / INCONCLUSIVE_RESEARCH
M5_DELAY_4000MS_CONFIRM,5000,-300,120000,False,False,False,False,-239601,-50.46356360572873,0.0,0.7787985865724382,0.7564338485549164,1.1235459810882844,False,False,True,TARGET_CUT_RISK_UNRESOLVED / INCONCLUSIVE_RESEARCH,-26667,-7.294037199124727,0.0,0.8305821025195482,0.8078194813325302,0.6724298276937807,False,False,True,TARGET_CUT_RISK_UNRESOLVED / INCONCLUSIVE_RESEARCH
M5_DELAY_4000MS_CONFIRM,5000,-200,30000,False,False,False,False,-75900,-15.985678180286437,0.0,0.6256323777403036,0.5859889291165327,0.43963184820236534,False,False,True,TARGET_CUT_RISK_UNRESOLVED / INCONCLUSIVE_RESEARCH,-37737,-10.321936542669585,0.0,0.68762278978389,0.6460810569955596,0.21354996429160028,True,False,True,TARGET_CUT_RISK_UNRESOLVED / INCONCLUSIVE_RESEARCH
M5_DELAY_4000MS_CONFIRM,5000,-200,60000,False,False,False,False,-202254,-42.597725358045494,0.0,0.6814516129032258,0.6518058857882696,0.9135033857077115,False,False,True,TARGET_CUT_RISK_UNRESOLVED / INCONCLUSIVE_RESEARCH,-52532,-14.36870897155361,0.0,0.7741559953434226,0.7450089370155075,0.5874273947588243,False,False,True,TARGET_CUT_RISK_UNRESOLVED / INCONCLUSIVE_RESEARCH
M5_DELAY_4000MS_CONFIRM,5000,-200,120000,False,False,False,False,-254420,-53.58466722830666,0.0,0.7874720357941835,0.7647710451341658,1.3239755749230995,False,False,True,TARGET_CUT_RISK_UNRESOLVED / INCONCLUSIVE_RESEARCH,-65423,-17.89469365426696,0.0,0.8333333333333334,0.8102017006191118,0.81841183927242,False,False,True,TARGET_CUT_RISK_UNRESOLVED / INCONCLUSIVE_RESEARCH
M5_DELAY_4000MS_CONFIRM,6000,-6000,30000,False,False,False,False,76319,16.07392586352148,0.0,0.5815018315018315,0.552007084812071,0.18101218157513227,True,False,True,TARGET_CUT_RISK_UNRESOLVED / INCONCLUSIVE_RESEARCH,159531,43.63539387308534,0.0,0.641169853768279,0.6090942012957206,0.11693991197350558,True,True,True,INCONCLUSIVE_RESEARCH
M5_DELAY_4000MS_CONFIRM,6000,-6000,60000,False,False,False,False,104388,21.985678180286435,0.0,0.6338368580060423,0.6103417432547852,0.30490199148008246,False,False,True,TARGET_CUT_RISK_UNRESOLVED / INCONCLUSIVE_RESEARCH,365910,100.08479212253829,0.0,0.7023633677991138,0.6774650153945339,0.20272518295824393,True,False,True,TARGET_CUT_RISK_UNRESOLVED / INCONCLUSIVE_RESEARCH
M5_DELAY_4000MS_CONFIRM,6000,-6000,120000,False,False,False,False,413612,87.11288963774221,0.0,0.72678916827853,0.7071763611309989,0.3859596952727072,False,False,True,TARGET_CUT_RISK_UNRESOLVED / INCONCLUSIVE_RESEARCH,472643,129.27871991247264,0.0,0.7584134615384616,0.7372668283798905,0.38046521031217395,False,False,True,TARGET_CUT_RISK_UNRESOLVED / INCONCLUSIVE_RESEARCH
M5_DELAY_4000MS_CONFIRM,6000,-5000,30000,False,False,False,False,72976,15.3698399326032,0.0,0.5830223880597015,0.5532617256829397,0.18782748340360023,True,False,True,TARGET_CUT_RISK_UNRESOLVED / INCONCLUSIVE_RESEARCH,142674,39.024617067833695,0.0,0.6398158803222095,0.6073474707251015,0.12462591491018501,True,True,True,INCONCLUSIVE_RESEARCH
M5_DELAY_4000MS_CONFIRM,6000,-5000,60000,False,False,False,False,64009,13.481255265374894,0.0,0.6349693251533742,0.6113053517628093,0.3217840642050082,False,False,True,TARGET_CUT_RISK_UNRESOLVED / INCONCLUSIVE_RESEARCH,346457,94.76394967177242,0.0,0.7030075187969925,0.6778942949047829,0.20274849993073668,True,False,True,TARGET_CUT_RISK_UNRESOLVED / INCONCLUSIVE_RESEARCH
M5_DELAY_4000MS_CONFIRM,6000,-5000,120000,False,False,False,False,362735,76.39743049705139,0.0,0.7302985805188449,0.7106351107328422,0.4051671858159651,False,False,True,TARGET_CUT_RISK_UNRESOLVED / INCONCLUSIVE_RESEARCH,454476,124.30962800875274,0.0,0.7607099143206855,0.7394268325222889,0.3726680425108601,False,False,True,TARGET_CUT_RISK_UNRESOLVED / INCONCLUSIVE_RESEARCH
M5_DELAY_4000MS_CONFIRM,6000,-3000,30000,False,False,False,False,24917,5.247893850042123,0.0,0.5879396984924623,0.5570752545928834,0.20449353613061838,True,False,True,TARGET_CUT_RISK_UNRESOLVED / INCONCLUSIVE_RESEARCH,89633,24.51668490153173,0.0,0.6364749082007344,0.6029239304690225,0.12656594032343785,True,False,True,TARGET_CUT_RISK_UNRESOLVED / INCONCLUSIVE_RESEARCH
M5_DELAY_4000MS_CONFIRM,6000,-3000,60000,False,False,False,False,-63130,-13.296124684077506,0.0,0.6348791639451339,0.6104523585027348,0.3566752133406404,False,False,True,TARGET_CUT_RISK_UNRESOLVED / INCONCLUSIVE_RESEARCH,207428,56.7363238512035,0.0,0.7109872611464968,0.6853045836495442,0.2210722859429181,True,False,True,TARGET_CUT_RISK_UNRESOLVED / INCONCLUSIVE_RESEARCH
M5_DELAY_4000MS_CONFIRM,6000,-3000,120000,False,False,False,False,108044,22.755686604886268,0.0,0.7337461300309598,0.7136192530231732,0.4793661326508042,False,False,True,TARGET_CUT_RISK_UNRESOLVED / INCONCLUSIVE_RESEARCH,299904,82.03063457330416,0.0,0.7736943907156673,0.7522084413844428,0.3944477231827472,False,False,True,TARGET_CUT_RISK_UNRESOLVED / INCONCLUSIVE_RESEARCH
M5_DELAY_4000MS_CONFIRM,6000,-2000,30000,False,False,False,False,-22882,-4.819292333614153,0.0,0.5900755124056095,0.558106770662005,0.2277778599423205,True,False,True,TARGET_CUT_RISK_UNRESOLVED / INCONCLUSIVE_RESEARCH,29660,8.11269146608315,0.0,0.6465177398160316,0.6118944001346468,0.1630264702047203,True,False,True,TARGET_CUT_RISK_UNRESOLVED / INCONCLUSIVE_RESEARCH
M5_DELAY_4000MS_CONFIRM,6000,-2000,60000,False,False,False,False,-146790,-30.916175231676494,0.0,0.6380753138075314,0.6128644775542915,0.4155518497740569,False,False,True,TARGET_CUT_RISK_UNRESOLVED / INCONCLUSIVE_RESEARCH,118235,32.33998905908096,0.0,0.7251264755480608,0.6990217798449359,0.26929276181191314,False,False,True,TARGET_CUT_RISK_UNRESOLVED / INCONCLUSIVE_RESEARCH
M5_DELAY_4000MS_CONFIRM,6000,-2000,120000,False,False,False,False,-25715,-5.415964616680708,0.0,0.7407407407407407,0.7202074464227727,0.5352265758601606,False,False,True,TARGET_CUT_RISK_UNRESOLVED / INCONCLUSIVE_RESEARCH,210534,57.58588621444201,0.0,0.7890094979647219,0.7674426154623116,0.4196624266144814,False,False,True,TARGET_CUT_RISK_UNRESOLVED / INCONCLUSIVE_RESEARCH
M5_DELAY_4000MS_CONFIRM,6000,-1500,30000,False,False,False,False,-39946,-8.413226621735468,0.0,0.5950226244343891,0.5623192811149279,0.19862190640910765,True,False,True,TARGET_CUT_RISK_UNRESOLVED / INCONCLUSIVE_RESEARCH,26901,7.358041575492341,0.0,0.6624113475177305,0.6267078695573722,0.15070210199862163,True,False,True,TARGET_CUT_RISK_UNRESOLVED / INCONCLUSIVE_RESEARCH
M5_DELAY_4000MS_CONFIRM,6000,-1500,60000,False,False,False,False,-188189,-39.63542544229149,0.0,0.64,0.6142713007197451,0.432686413209064,False,False,True,TARGET_CUT_RISK_UNRESOLVED / INCONCLUSIVE_RESEARCH,76552,20.938730853391686,0.0,0.7323818019625334,0.7057040814187235,0.29633754127682993,False,False,True,TARGET_CUT_RISK_UNRESOLVED / INCONCLUSIVE_RESEARCH
M5_DELAY_4000MS_CONFIRM,6000,-1500,120000,False,False,False,False,-78605,-16.555391743892166,0.0,0.7476002258610954,0.726848092153139,0.5685780649941932,False,False,True,TARGET_CUT_RISK_UNRESOLVED / INCONCLUSIVE_RESEARCH,166219,45.46471553610503,0.0,0.798576512455516,0.7768039838259783,0.42284856084686945,False,False,True,TARGET_CUT_RISK_UNRESOLVED / INCONCLUSIVE_RESEARCH
M5_DELAY_4000MS_CONFIRM,6000,-1000,30000,False,False,False,False,-43072,-9.071609098567817,0.0,0.6109725685785536,0.5767786176995159,0.24934383202099739,True,False,True,TARGET_CUT_RISK_UNRESOLVED / INCONCLUSIVE_RESEARCH,1638,0.44803063457330417,0.0,0.6666666666666666,0.6293944127064606,0.15895242886690145,True,False,True,TARGET_CUT_RISK_UNRESOLVED / INCONCLUSIVE_RESEARCH
M5_DELAY_4000MS_CONFIRM,6000,-1000,60000,False,False,False,False,-187681,-39.52843302443134,0.0,0.6541176470588236,0.6275811389701164,0.43912388691319565,False,False,True,TARGET_CUT_RISK_UNRESOLVED / INCONCLUSIVE_RESEARCH,41343,11.308260393873086,0.0,0.7476099426386233,0.7204122628249149,0.29695487290067535,False,False,True,TARGET_CUT_RISK_UNRESOLVED / INCONCLUSIVE_RESEARCH
M5_DELAY_4000MS_CONFIRM,6000,-1000,120000,False,False,False,False,-125758,-26.48652064026959,0.0,0.7566105769230769,0.7354162502144739,0.6325974864259407,False,False,True,TARGET_CUT_RISK_UNRESOLVED / INCONCLUSIVE_RESEARCH,101379,27.72948577680525,0.0,0.8113207547169812,0.7893652111394303,0.4609793940206712,False,False,True,TARGET_CUT_RISK_UNRESOLVED / INCONCLUSIVE_RESEARCH
M5_DELAY_4000MS_CONFIRM,6000,-700,30000,False,False,False,False,-47803,-10.068028643639428,0.0,0.6241610738255033,0.5888284511365467,0.2719026513526823,False,False,True,TARGET_CUT_RISK_UNRESOLVED / INCONCLUSIVE_RESEARCH,-17902,-4.896608315098468,0.0,0.6655737704918033,0.6272009316164323,0.19172808123579824,True,False,True,TARGET_CUT_RISK_UNRESOLVED / INCONCLUSIVE_RESEARCH
M5_DELAY_4000MS_CONFIRM,6000,-700,60000,False,False,False,False,-192396,-40.521482729570344,0.0,0.6639004149377593,0.6367458454007255,0.46212496173443846,False,False,True,TARGET_CUT_RISK_UNRESOLVED / INCONCLUSIVE_RESEARCH,9163,2.5062910284463893,0.0,0.7547547547547547,0.7271332287243211,0.34104437054385944,False,False,True,TARGET_CUT_RISK_UNRESOLVED / INCONCLUSIVE_RESEARCH
M5_DELAY_4000MS_CONFIRM,6000,-700,120000,False,False,False,False,-164425,-34.63037068239259,0.0,0.7667087011349306,0.7452651814576003,0.6822023964453896,False,False,True,TARGET_CUT_RISK_UNRESOLVED / INCONCLUSIVE_RESEARCH,56385,15.422592997811817,0.0,0.8195429472025216,0.7974297611412319,0.4982284766711672,False,False,True,TARGET_CUT_RISK_UNRESOLVED / INCONCLUSIVE_RESEARCH
M5_DELAY_4000MS_CONFIRM,6000,-500,30000,False,False,False,False,-53272,-11.219882055602358,0.0,0.6312056737588653,0.5949692956163811,0.32433866444326537,False,False,True,TARGET_CUT_RISK_UNRESOLVED / INCONCLUSIVE_RESEARCH,-19571,-5.353118161925602,0.0,0.6804835924006909,0.6414199161734863,0.19299380569617183,True,False,True,TARGET_CUT_RISK_UNRESOLVED / INCONCLUSIVE_RESEARCH
M5_DELAY_4000MS_CONFIRM,6000,-500,60000,False,False,False,False,-197621,-41.62194608256108,0.0,0.6686903729401561,0.641001240646846,0.4924023356040595,False,False,True,TARGET_CUT_RISK_UNRESOLVED / INCONCLUSIVE_RESEARCH,-8411,-2.3006017505470457,0.0,0.768586387434555,0.7407945434945241,0.37296186484787963,False,False,True,TARGET_CUT_RISK_UNRESOLVED / INCONCLUSIVE_RESEARCH
M5_DELAY_4000MS_CONFIRM,6000,-500,120000,False,False,False,False,-203811,-42.92565290648694,0.0,0.7711475409836066,0.7493974015451904,0.7574917331825789,False,False,True,TARGET_CUT_RISK_UNRESOLVED / INCONCLUSIVE_RESEARCH,19851,5.429704595185996,0.0,0.8275862068965517,0.8053508950229538,0.5474941387394842,False,False,True,TARGET_CUT_RISK_UNRESOLVED / INCONCLUSIVE_RESEARCH
M5_DELAY_4000MS_CONFIRM,6000,-300,30000,False,False,False,False,-73440,-15.467565290648695,0.0,0.6331269349845201,0.595276540942552,0.40255200733023383,False,False,True,TARGET_CUT_RISK_UNRESOLVED / INCONCLUSIVE_RESEARCH,-28721,-7.855853391684901,0.0,0.6907407407407408,0.6505254574824161,0.18763683743979154,True,False,True,TARGET_CUT_RISK_UNRESOLVED / INCONCLUSIVE_RESEARCH
M5_DELAY_4000MS_CONFIRM,6000,-300,60000,False,False,False,False,-217983,-45.910488626790226,0.0,0.6745061147695203,0.6457541554168663,0.5970273277404029,False,False,True,TARGET_CUT_RISK_UNRESOLVED / INCONCLUSIVE_RESEARCH,-37664,-10.301969365426697,0.0,0.77728285077951,0.7489210980918106,0.4336098420071977,False,False,True,TARGET_CUT_RISK_UNRESOLVED / INCONCLUSIVE_RESEARCH
M5_DELAY_4000MS_CONFIRM,6000,-300,120000,False,False,False,False,-255715,-53.85741364785173,0.0,0.7819074333800842,0.7597322958628624,0.9772408118825356,False,False,True,TARGET_CUT_RISK_UNRESOLVED / INCONCLUSIVE_RESEARCH,-38997,-10.666575492341357,0.0,0.8327556325823223,0.8101272710542736,0.6829357218837273,False,False,True,TARGET_CUT_RISK_UNRESOLVED / INCONCLUSIVE_RESEARCH
M5_DELAY_4000MS_CONFIRM,6000,-200,30000,False,False,False,False,-78643,-16.5633951137321,0.0,0.626890756302521,0.5873329972893456,0.44575187126947347,False,False,True,TARGET_CUT_RISK_UNRESOLVED / INCONCLUSIVE_RESEARCH,-39801,-10.886487964989058,0.0,0.6882352941176471,0.6467521458923865,0.164696759011659,True,False,True,TARGET_CUT_RISK_UNRESOLVED / INCONCLUSIVE_RESEARCH
M5_DELAY_4000MS_CONFIRM,6000,-200,60000,False,False,False,False,-217726,-45.85636057287279,0.0,0.679,0.6494265062245327,0.7353023075619265,False,False,True,TARGET_CUT_RISK_UNRESOLVED / INCONCLUSIVE_RESEARCH,-58584,-16.024070021881837,0.0,0.7767441860465116,0.7477165448836957,0.49669662557185773,False,False,True,TARGET_CUT_RISK_UNRESOLVED / INCONCLUSIVE_RESEARCH
M5_DELAY_4000MS_CONFIRM,6000,-200,120000,False,False,False,False,-281097,-59.20324347093513,0.0,0.7892011834319527,0.7666557550120129,1.1753133961491191,False,False,True,TARGET_CUT_RISK_UNRESOLVED / INCONCLUSIVE_RESEARCH,-80285,-21.959792122538293,0.0,0.8355916892502259,0.8126040778242734,0.841377929100741,False,False,True,TARGET_CUT_RISK_UNRESOLVED / INCONCLUSIVE_RESEARCH
M5_DELAY_4000MS_CONFIRM,7500,-6000,30000,False,False,False,False,69712,14.682392586352147,0.0,0.5833333333333334,0.5538502242483985,0.1567576197495294,True,True,True,INCONCLUSIVE_RESEARCH,150993,41.30005470459518,0.0,0.641169853768279,0.6090942012957206,0.08234973669874705,True,True,True,INCONCLUSIVE_RESEARCH
M5_DELAY_4000MS_CONFIRM,7500,-6000,60000,False,True,False,False,73132,15.402695871946083,0.0,0.6350453172205438,0.6115635993057013,0.2673248632481673,False,False,True,TARGET_CUT_RISK_UNRESOLVED / INCONCLUSIVE_RESEARCH,404988,110.77352297592998,0.0,0.7047970479704797,0.6799586990198232,0.12342168320943435,True,True,True,PROMISING_OFFLINE_ONLY
M5_DELAY_4000MS_CONFIRM,7500,-6000,120000,False,False,False,False,400010,84.24810446503791,0.0,0.7319787131107885,0.712466602175882,0.3570201514380685,False,False,True,TARGET_CUT_RISK_UNRESOLVED / INCONCLUSIVE_RESEARCH,502475,137.43845733041576,0.0,0.7627627627627628,0.7417397212345598,0.31100406621604443,False,False,True,TARGET_CUT_RISK_UNRESOLVED / INCONCLUSIVE_RESEARCH
M5_DELAY_4000MS_CONFIRM,7500,-5000,30000,False,False,False,False,66369,13.978306655433867,0.0,0.5848880597014925,0.5551396556877182,0.16257407671247645,True,True,True,INCONCLUSIVE_RESEARCH,134136,36.689277899343544,0.0,0.6398158803222095,0.6073474707251015,0.08776226273386797,True,True,True,INCONCLUSIVE_RESEARCH
M5_DELAY_4000MS_CONFIRM,7500,-5000,60000,False,True,False,False,31753,6.687657961246841,0.0,0.6361963190184049,0.6125461809720961,0.2822497464744784,False,False,True,TARGET_CUT_RISK_UNRESOLVED / INCONCLUSIVE_RESEARCH,374584,102.45733041575492,0.0,0.7054845980465815,0.6804331605039163,0.1302067531585815,True,True,True,PROMISING_OFFLINE_ONLY
M5_DELAY_4000MS_CONFIRM,7500,-5000,120000,False,False,False,False,345420,72.75063184498737,0.0,0.7355533790401567,0.7159947538845304,0.37507047865567766,False,False,True,TARGET_CUT_RISK_UNRESOLVED / INCONCLUSIVE_RESEARCH,483759,132.31920131291028,0.0,0.7651376146788991,0.7439829999310691,0.30617172960074857,False,False,True,TARGET_CUT_RISK_UNRESOLVED / INCONCLUSIVE_RESEARCH
M5_DELAY_4000MS_CONFIRM,7500,-3000,30000,False,False,False,False,9436,1.987363100252738,0.0,0.5889447236180905,0.5580875720262746,0.18393377747075834,True,False,True,TARGET_CUT_RISK_UNRESOLVED / INCONCLUSIVE_RESEARCH,84095,23.00191466083151,0.0,0.6364749082007344,0.6029239304690225,0.07313486138176746,True,True,True,INCONCLUSIVE_RESEARCH
M5_DELAY_4000MS_CONFIRM,7500,-3000,60000,False,True,False,False,-98849,-20.819081718618367,0.0,0.6355323318092749,0.611113045869691,0.3264540178039523,False,False,True,TARGET_CUT_RISK_UNRESOLVED / INCONCLUSIVE_RESEARCH,234802,64.22374179431073,0.0,0.7136038186157518,0.687991119599773,0.14269605176471875,True,True,True,PROMISING_OFFLINE_ONLY
M5_DELAY_4000MS_CONFIRM,7500,-3000,120000,False,False,False,False,82531,17.382266217354676,0.0,0.7387712958182757,0.7187487610096822,0.4476264951665636,False,False,True,TARGET_CUT_RISK_UNRESOLVED / INCONCLUSIVE_RESEARCH,326735,89.3695295404814,0.0,0.7783505154639175,0.7570129203894489,0.30515817008223717,False,False,True,TARGET_CUT_RISK_UNRESOLVED / INCONCLUSIVE_RESEARCH
M5_DELAY_4000MS_CONFIRM,7500,-2000,30000,False,False,False,False,-42811,-9.016638584667229,0.0,0.5900755124056095,0.558106770662005,0.2102817422169637,True,False,True,TARGET_CUT_RISK_UNRESOLVED / INCONCLUSIVE_RESEARCH,24122,6.597921225382932,0.0,0.6465177398160316,0.6118944001346468,0.09420321351472741,True,False,True,TARGET_CUT_RISK_UNRESOLVED / INCONCLUSIVE_RESEARCH
M5_DELAY_4000MS_CONFIRM,7500,-2000,60000,False,False,False,False,-187450,-39.47978096040438,0.0,0.6380753138075314,0.6128644775542915,0.3880718702414786,False,False,True,TARGET_CUT_RISK_UNRESOLVED / INCONCLUSIVE_RESEARCH,143109,39.143599562363235,0.0,0.7278854254422915,0.701862442451547,0.16763997852479173,True,False,True,TARGET_CUT_RISK_UNRESOLVED / INCONCLUSIVE_RESEARCH
M5_DELAY_4000MS_CONFIRM,7500,-2000,120000,False,False,False,False,-53553,-11.279064869418702,0.0,0.7455040871934605,0.725075978527558,0.4924663205075444,False,False,True,TARGET_CUT_RISK_UNRESOLVED / INCONCLUSIVE_RESEARCH,233547,63.8804704595186,0.0,0.7938983050847458,0.7725044510677248,0.31336378730641373,False,False,True,TARGET_CUT_RISK_UNRESOLVED / INCONCLUSIVE_RESEARCH
M5_DELAY_4000MS_CONFIRM,7500,-1500,30000,False,False,False,False,-55855,-11.763900589721988,0.0,0.5950226244343891,0.5623192811149279,0.1937805191467489,True,False,True,TARGET_CUT_RISK_UNRESOLVED / INCONCLUSIVE_RESEARCH,20474,5.600109409190372,0.0,0.6624113475177305,0.6267078695573722,0.112026188835286,True,False,True,TARGET_CUT_RISK_UNRESOLVED / INCONCLUSIVE_RESEARCH
M5_DELAY_4000MS_CONFIRM,7500,-1500,60000,False,False,False,False,-221349,-46.619418702611625,0.0,0.64,0.6142713007197451,0.38619552968038207,False,False,True,TARGET_CUT_RISK_UNRESOLVED / INCONCLUSIVE_RESEARCH,76926,21.041028446389497,0.0,0.732620320855615,0.7059612897710722,0.20617566370173465,True,False,True,TARGET_CUT_RISK_UNRESOLVED / INCONCLUSIVE_RESEARCH
M5_DELAY_4000MS_CONFIRM,7500,-1500,120000,False,False,False,False,-95943,-20.207034540859308,0.0,0.752542372881356,0.7319060344733954,0.5031003643130593,False,False,True,TARGET_CUT_RISK_UNRESOLVED / INCONCLUSIVE_RESEARCH,168952,46.21225382932166,0.0,0.8015647226173542,0.7799086971746583,0.33441591451618213,False,False,True,TARGET_CUT_RISK_UNRESOLVED / INCONCLUSIVE_RESEARCH
M5_DELAY_4000MS_CONFIRM,7500,-1000,30000,False,False,False,False,-58981,-12.42228306655434,0.0,0.6109725685785536,0.5767786176995159,0.24326610336498636,True,False,True,TARGET_CUT_RISK_UNRESOLVED / INCONCLUSIVE_RESEARCH,-4597,-1.2573851203501094,0.0,0.6666666666666666,0.6293944127064606,0.1453854323886187,True,False,True,TARGET_CUT_RISK_UNRESOLVED / INCONCLUSIVE_RESEARCH
M5_DELAY_4000MS_CONFIRM,7500,-1000,60000,False,False,False,False,-217093,-45.72304128053918,0.0,0.6541176470588236,0.6275811389701164,0.3906782205624314,False,False,True,TARGET_CUT_RISK_UNRESOLVED / INCONCLUSIVE_RESEARCH,42125,11.522155361050329,0.0,0.7478510028653295,0.72067410976349,0.21172357404152972,True,False,True,TARGET_CUT_RISK_UNRESOLVED / INCONCLUSIVE_RESEARCH
M5_DELAY_4000MS_CONFIRM,7500,-1000,120000,False,False,False,False,-141996,-29.906486941870263,0.0,0.761876127480457,0.7408159879701562,0.5614922555899029,False,False,True,TARGET_CUT_RISK_UNRESOLVED / INCONCLUSIVE_RESEARCH,107664,29.448577680525165,0.0,0.8144796380090498,0.792659278298906,0.3446329232366207,False,False,True,TARGET_CUT_RISK_UNRESOLVED / INCONCLUSIVE_RESEARCH
M5_DELAY_4000MS_CONFIRM,7500,-700,30000,False,False,False,False,-62212,-13.102780117944398,0.0,0.6241610738255033,0.5888284511365467,0.2565780764322441,False,False,True,TARGET_CUT_RISK_UNRESOLVED / INCONCLUSIVE_RESEARCH,-24137,-6.602024070021882,0.0,0.6655737704918033,0.6272009316164323,0.1753635989724157,True,False,True,TARGET_CUT_RISK_UNRESOLVED / INCONCLUSIVE_RESEARCH
M5_DELAY_4000MS_CONFIRM,7500,-700,60000,False,False,False,False,-216655,-45.63079191238416,0.0,0.6639004149377593,0.6367458454007255,0.4099750808941124,False,False,True,TARGET_CUT_RISK_UNRESOLVED / INCONCLUSIVE_RESEARCH,15517,4.244256017505471,0.0,0.756,0.7284335318206567,0.25410606470934954,False,False,True,TARGET_CUT_RISK_UNRESOLVED / INCONCLUSIVE_RESEARCH
M5_DELAY_4000MS_CONFIRM,7500,-700,120000,False,False,False,False,-188827,-39.76979780960404,0.0,0.7709779179810725,0.7496506031583686,0.6146446376185591,False,False,True,TARGET_CUT_RISK_UNRESOLVED / INCONCLUSIVE_RESEARCH,68670,18.782822757111596,0.0,0.8228346456692913,0.8008715095392259,0.34261938416955057,False,False,True,TARGET_CUT_RISK_UNRESOLVED / INCONCLUSIVE_RESEARCH
M5_DELAY_4000MS_CONFIRM,7500,-500,30000,False,False,False,False,-67681,-14.254633529907329,0.0,0.6312056737588653,0.5949692956163811,0.30605876853887165,False,False,True,TARGET_CUT_RISK_UNRESOLVED / INCONCLUSIVE_RESEARCH,-24306,-6.648249452954048,0.0,0.6804835924006909,0.6414199161734863,0.16123789037861266,True,False,True,TARGET_CUT_RISK_UNRESOLVED / INCONCLUSIVE_RESEARCH
M5_DELAY_4000MS_CONFIRM,7500,-500,60000,False,False,False,False,-223778,-47.13100252737995,0.0,0.6686903729401561,0.641001240646846,0.4695780620047268,False,False,True,TARGET_CUT_RISK_UNRESOLVED / INCONCLUSIVE_RESEARCH,543,0.14852297592997812,0.0,0.7698744769874477,0.7421443628922448,0.25810366010890834,False,False,True,TARGET_CUT_RISK_UNRESOLVED / INCONCLUSIVE_RESEARCH
M5_DELAY_4000MS_CONFIRM,7500,-500,120000,False,False,False,False,-232104,-48.88458298230834,0.0,0.7749343832020997,0.7532907769056157,0.7091408212391851,False,False,True,TARGET_CUT_RISK_UNRESOLVED / INCONCLUSIVE_RESEARCH,35865,9.809901531728665,0.0,0.8310090237899918,0.808939672662834,0.36333853774092817,False,False,True,TARGET_CUT_RISK_UNRESOLVED / INCONCLUSIVE_RESEARCH
M5_DELAY_4000MS_CONFIRM,7500,-300,30000,False,False,False,False,-87281,-18.38268744734625,0.0,0.6331269349845201,0.595276540942552,0.4110869786540876,False,False,True,TARGET_CUT_RISK_UNRESOLVED / INCONCLUSIVE_RESEARCH,-33534,-9.172319474835886,0.0,0.6907407407407408,0.6505254574824161,0.21294842630269242,True,False,True,TARGET_CUT_RISK_UNRESOLVED / INCONCLUSIVE_RESEARCH
M5_DELAY_4000MS_CONFIRM,7500,-300,60000,False,False,False,False,-244462,-51.487363100252736,0.0,0.6745061147695203,0.6457541554168663,0.5732440717910678,False,False,True,TARGET_CUT_RISK_UNRESOLVED / INCONCLUSIVE_RESEARCH,-38042,-10.405361050328228,0.0,0.7775305895439377,0.7491948967835333,0.34197687797378296,False,False,True,TARGET_CUT_RISK_UNRESOLVED / INCONCLUSIVE_RESEARCH
M5_DELAY_4000MS_CONFIRM,7500,-300,120000,False,False,False,False,-277508,-58.44734625105308,0.0,0.7859649122807018,0.7639154979435056,0.8831825613729398,False,False,True,TARGET_CUT_RISK_UNRESOLVED / INCONCLUSIVE_RESEARCH,-35263,-9.64524070021882,0.0,0.8354978354978355,0.8130118145522455,0.49409529527184337,False,False,True,TARGET_CUT_RISK_UNRESOLVED / INCONCLUSIVE_RESEARCH
M5_DELAY_4000MS_CONFIRM,7500,-200,30000,False,False,False,False,-90984,-19.162594776748104,0.0,0.626890756302521,0.5873329972893456,0.4404770802857356,False,False,True,TARGET_CUT_RISK_UNRESOLVED / INCONCLUSIVE_RESEARCH,-43114,-11.792669584245077,0.0,0.6882352941176471,0.6467521458923865,0.17632901914643279,True,False,True,TARGET_CUT_RISK_UNRESOLVED / INCONCLUSIVE_RESEARCH
M5_DELAY_4000MS_CONFIRM,7500,-200,60000,False,False,False,False,-242705,-51.11731255265375,0.0,0.679,0.6494265062245327,0.6955555824596237,False,False,True,TARGET_CUT_RISK_UNRESOLVED / INCONCLUSIVE_RESEARCH,-57562,-15.7445295404814,0.0,0.7770034843205574,0.7480036512301362,0.3750535240215809,False,False,True,TARGET_CUT_RISK_UNRESOLVED / INCONCLUSIVE_RESEARCH
M5_DELAY_4000MS_CONFIRM,7500,-200,120000,False,False,False,False,-305209,-64.28159224936816,0.0,0.7934863064396743,0.7710831130312854,1.1027220843478194,False,False,True,TARGET_CUT_RISK_UNRESOLVED / INCONCLUSIVE_RESEARCH,-75451,-20.63758205689278,0.0,0.8384476534296029,0.8156134967378198,0.5924382366666513,False,False,True,TARGET_CUT_RISK_UNRESOLVED / INCONCLUSIVE_RESEARCH
M5_DELAY_4000MS_CONFIRM,10000,-6000,30000,False,False,False,False,61482,12.949031171019376,0.0,0.5846294602012809,0.5551684120729774,0.13235340069221452,True,True,True,INCONCLUSIVE_RESEARCH,136866,37.43599562363239,0.0,0.641169853768279,0.6090942012957206,0.09477764230805814,True,True,True,INCONCLUSIVE_RESEARCH
M5_DELAY_4000MS_CONFIRM,10000,-6000,60000,False,True,False,False,49032,10.32687447346251,0.0,0.6358695652173914,0.6124042427139429,0.20174713559685573,True,True,True,INCONCLUSIVE_RESEARCH,388798,106.34518599562364,0.0,0.7055350553505535,0.6807122212295214,0.11365333423964381,True,True,True,PROMISING_OFFLINE_ONLY
M5_DELAY_4000MS_CONFIRM,10000,-6000,120000,False,False,False,False,441694,93.0273799494524,0.0,0.7359767891682786,0.716553047495315,0.22273709950815573,True,False,True,TARGET_CUT_RISK_UNRESOLVED / INCONCLUSIVE_RESEARCH,422106,115.45568927789934,0.0,0.7639639639639639,0.7429737707835345,0.33353279903367894,False,False,True,TARGET_CUT_RISK_UNRESOLVED / INCONCLUSIVE_RESEARCH
M5_DELAY_4000MS_CONFIRM,10000,-5000,30000,False,False,False,False,58139,12.244945240101096,0.0,0.5862068965517241,0.5564813753767892,0.13721395101557035,True,True,True,INCONCLUSIVE_RESEARCH,120009,32.82521881838074,0.0,0.6398158803222095,0.6073474707251015,0.10100700596001926,True,True,True,INCONCLUSIVE_RESEARCH
M5_DELAY_4000MS_CONFIRM,10000,-5000,60000,False,True,False,False,12222,2.5741364785172705,0.0,0.6376456161863887,0.614019360278836,0.21195692655243648,True,True,True,INCONCLUSIVE_RESEARCH,357394,97.7554704595186,0.0,0.7062359128474831,0.6812004646413028,0.11998902455755248,True,True,True,PROMISING_OFFLINE_ONLY
M5_DELAY_4000MS_CONFIRM,10000,-5000,120000,False,False,False,False,399104,84.05728727885426,0.0,0.7400881057268722,0.7206318585045305,0.22773368645215164,True,False,True,TARGET_CUT_RISK_UNRESOLVED / INCONCLUSIVE_RESEARCH,405998,111.04978118161925,0.0,0.7663608562691131,0.7452404304617177,0.3307457458296844,False,False,True,TARGET_CUT_RISK_UNRESOLVED / INCONCLUSIVE_RESEARCH
M5_DELAY_4000MS_CONFIRM,10000,-3000,30000,False,False,False,False,-9842,-2.0728727885425444,0.0,0.5893574297188755,0.5585189176912712,0.1685265192827085,True,True,True,REJECTED_FOR_RUNTIME,74968,20.505470459518598,0.0,0.6364749082007344,0.6029239304690225,0.07524105990433529,True,True,True,INCONCLUSIVE_RESEARCH
M5_DELAY_4000MS_CONFIRM,10000,-3000,60000,False,True,False,False,-133097,-28.032224094355517,0.0,0.6364229765013055,0.6120220813639018,0.26885294131717047,False,False,True,TARGET_CUT_RISK_UNRESOLVED / INCONCLUSIVE_RESEARCH,223112,61.02625820568928,0.0,0.7143993635640413,0.6888049657427758,0.11960904974418599,True,True,True,PROMISING_OFFLINE_ONLY
M5_DELAY_4000MS_CONFIRM,10000,-3000,120000,False,False,False,False,105483,22.21630160067397,0.0,0.7425180598555211,0.7225846867104643,0.28754354870580423,False,False,True,TARGET_CUT_RISK_UNRESOLVED / INCONCLUSIVE_RESEARCH,266489,72.89086433260394,0.0,0.779639175257732,0.758341323998514,0.33142348551282785,False,False,True,TARGET_CUT_RISK_UNRESOLVED / INCONCLUSIVE_RESEARCH
M5_DELAY_4000MS_CONFIRM,10000,-2000,30000,False,False,False,False,-59589,-12.55033698399326,0.0,0.5905172413793104,0.5585692242427491,0.18341491676125615,True,False,True,TARGET_CUT_RISK_UNRESOLVED / INCONCLUSIVE_RESEARCH,14995,4.101477024070022,0.0,0.6465177398160316,0.6118944001346468,0.09691615595253618,True,True,True,INCONCLUSIVE_RESEARCH
M5_DELAY_4000MS_CONFIRM,10000,-2000,60000,False,False,False,False,-218019,-45.918070766638586,0.0,0.6390243902439025,0.6138340157444957,0.30716607401872775,False,False,True,TARGET_CUT_RISK_UNRESOLVED / INCONCLUSIVE_RESEARCH,132919,36.356400437636765,0.0,0.7287278854254423,0.7027266531599242,0.13421656798605236,True,False,True,TARGET_CUT_RISK_UNRESOLVED / INCONCLUSIVE_RESEARCH
M5_DELAY_4000MS_CONFIRM,10000,-2000,120000,False,False,False,False,-33273,-7.007792754844145,0.0,0.7489106753812637,0.728569474824263,0.3023666589046464,False,False,True,TARGET_CUT_RISK_UNRESOLVED / INCONCLUSIVE_RESEARCH,188989,51.69283369803063,0.0,0.7952542372881356,0.7739070839599052,0.33515873952555175,False,False,True,TARGET_CUT_RISK_UNRESOLVED / INCONCLUSIVE_RESEARCH
M5_DELAY_4000MS_CONFIRM,10000,-1500,30000,False,False,False,False,-72340,-15.235888795282223,0.0,0.5954802259887005,0.5627993530540057,0.1825841624358436,True,False,True,TARGET_CUT_RISK_UNRESOLVED / INCONCLUSIVE_RESEARCH,11347,3.103665207877462,0.0,0.6624113475177305,0.6267078695573722,0.11525241212956581,True,False,True,TARGET_CUT_RISK_UNRESOLVED / INCONCLUSIVE_RESEARCH
M5_DELAY_4000MS_CONFIRM,10000,-1500,60000,False,False,False,False,-253635,-53.41933445661331,0.0,0.6409883720930233,0.6152816138109316,0.30684210810217943,False,False,True,TARGET_CUT_RISK_UNRESOLVED / INCONCLUSIVE_RESEARCH,66236,18.11706783369803,0.0,0.7335115864527629,0.706876837544668,0.16511994359592938,True,False,True,TARGET_CUT_RISK_UNRESOLVED / INCONCLUSIVE_RESEARCH
M5_DELAY_4000MS_CONFIRM,10000,-1500,120000,False,False,False,False,-88530,-18.645745577085087,0.0,0.7555053642010163,0.7349496876447602,0.3149992234329665,False,False,True,TARGET_CUT_RISK_UNRESOLVED / INCONCLUSIVE_RESEARCH,133894,36.62308533916849,0.0,0.8029871977240398,0.7813834522743628,0.3465642205230105,False,False,True,TARGET_CUT_RISK_UNRESOLVED / INCONCLUSIVE_RESEARCH
M5_DELAY_4000MS_CONFIRM,10000,-1000,30000,False,False,False,False,-75466,-15.894271272114574,0.0,0.6114570361145704,0.5772898974059548,0.22916403517559486,True,False,True,TARGET_CUT_RISK_UNRESOLVED / INCONCLUSIVE_RESEARCH,-13724,-3.75382932166302,0.0,0.6666666666666666,0.6293944127064606,0.14957236290457823,True,False,True,TARGET_CUT_RISK_UNRESOLVED / INCONCLUSIVE_RESEARCH
M5_DELAY_4000MS_CONFIRM,10000,-1000,60000,False,False,False,False,-247406,-52.10741364785173,0.0,0.6551724137931034,0.6286620279261934,0.3740841431656868,False,False,True,TARGET_CUT_RISK_UNRESOLVED / INCONCLUSIVE_RESEARCH,33345,9.12062363238512,0.0,0.7488061127029608,0.7216586319260461,0.1766156241889437,True,False,True,TARGET_CUT_RISK_UNRESOLVED / INCONCLUSIVE_RESEARCH
M5_DELAY_4000MS_CONFIRM,10000,-1000,120000,False,False,False,False,-143823,-30.29128053917439,0.0,0.7650240384615384,0.7440565500344944,0.36092965057931364,False,False,True,TARGET_CUT_RISK_UNRESOLVED / INCONCLUSIVE_RESEARCH,76177,20.836159737417944,0.0,0.8159879336349924,0.7942288083277077,0.36472713081202746,False,False,True,TARGET_CUT_RISK_UNRESOLVED / INCONCLUSIVE_RESEARCH
M5_DELAY_4000MS_CONFIRM,10000,-700,30000,False,False,False,False,-76197,-16.048230834035383,0.0,0.6246648793565683,0.5893628909698454,0.2262159131777698,True,False,True,TARGET_CUT_RISK_UNRESOLVED / INCONCLUSIVE_RESEARCH,-33264,-9.098468271334792,0.0,0.6655737704918033,0.6272009316164323,0.18041386564537554,True,False,True,TARGET_CUT_RISK_UNRESOLVED / INCONCLUSIVE_RESEARCH
M5_DELAY_4000MS_CONFIRM,10000,-700,60000,False,False,False,False,-243478,-51.28011794439764,0.0,0.6650082918739635,0.6378833181882789,0.4272432721320967,False,False,True,TARGET_CUT_RISK_UNRESOLVED / INCONCLUSIVE_RESEARCH,6437,1.760667396061269,0.0,0.757,0.7294665084355113,0.2120712956926844,True,False,True,TARGET_CUT_RISK_UNRESOLVED / INCONCLUSIVE_RESEARCH
M5_DELAY_4000MS_CONFIRM,10000,-700,120000,False,False,False,False,-186877,-39.35909856781803,0.0,0.7742749054224464,0.7530516527539536,0.38593679379758716,False,False,True,TARGET_CUT_RISK_UNRESOLVED / INCONCLUSIVE_RESEARCH,48291,13.208698030634574,0.0,0.8244094488188977,0.8025146921878393,0.36133912374251004,False,False,True,TARGET_CUT_RISK_UNRESOLVED / INCONCLUSIVE_RESEARCH
M5_DELAY_4000MS_CONFIRM,10000,-500,30000,False,False,False,False,-81666,-17.200084245998315,0.0,0.6317280453257791,0.5955252979393852,0.26977829638273043,False,False,True,TARGET_CUT_RISK_UNRESOLVED / INCONCLUSIVE_RESEARCH,-30933,-8.460886214442013,0.0,0.6804835924006909,0.6414199161734863,0.1470783264058482,True,False,True,TARGET_CUT_RISK_UNRESOLVED / INCONCLUSIVE_RESEARCH
M5_DELAY_4000MS_CONFIRM,10000,-500,60000,False,False,False,False,-248501,-52.33803706823926,0.0,0.669844020797227,0.6421870905244914,0.4807282496355722,False,False,True,TARGET_CUT_RISK_UNRESOLVED / INCONCLUSIVE_RESEARCH,-3737,-1.0221553610503282,0.0,0.7709205020920502,0.7432285412678908,0.18930891907855876,True,False,True,TARGET_CUT_RISK_UNRESOLVED / INCONCLUSIVE_RESEARCH
M5_DELAY_4000MS_CONFIRM,10000,-500,120000,False,False,False,False,-227520,-47.91912384161753,0.0,0.778360655737705,0.7568294848345242,0.4429729129197114,False,False,True,TARGET_CUT_RISK_UNRESOLVED / INCONCLUSIVE_RESEARCH,22786,6.232494529540482,0.0,0.8326497128794094,0.8106564366474223,0.3660477665954091,False,False,True,TARGET_CUT_RISK_UNRESOLVED / INCONCLUSIVE_RESEARCH
M5_DELAY_4000MS_CONFIRM,10000,-300,30000,False,False,False,False,-101266,-21.328138163437238,0.0,0.633693972179289,0.5958819246982592,0.3621768546195077,False,False,True,TARGET_CUT_RISK_UNRESOLVED / INCONCLUSIVE_RESEARCH,-40161,-10.984956236323852,0.0,0.6907407407407408,0.6505254574824161,0.194247754530988,True,False,True,TARGET_CUT_RISK_UNRESOLVED / INCONCLUSIVE_RESEARCH
M5_DELAY_4000MS_CONFIRM,10000,-300,60000,False,False,False,False,-265004,-55.81381634372367,0.0,0.6757518796992481,0.6470370387408916,0.60783677589128,False,False,True,TARGET_CUT_RISK_UNRESOLVED / INCONCLUSIVE_RESEARCH,-42522,-11.63074398249453,0.0,0.778642936596218,0.7503508160299145,0.2509549216738359,False,False,True,TARGET_CUT_RISK_UNRESOLVED / INCONCLUSIVE_RESEARCH
M5_DELAY_4000MS_CONFIRM,10000,-300,120000,False,False,False,False,-276057,-58.141743892165124,0.0,0.7889200561009818,0.7669779517721922,0.530688989053445,False,False,True,TARGET_CUT_RISK_UNRESOLVED / INCONCLUSIVE_RESEARCH,-47213,-12.913840262582056,0.0,0.8372294372294372,0.8148279000552898,0.49422740146585087,False,False,True,TARGET_CUT_RISK_UNRESOLVED / INCONCLUSIVE_RESEARCH
M5_DELAY_4000MS_CONFIRM,10000,-200,30000,False,False,False,False,-104009,-21.9058550968829,0.0,0.62751677852349,0.5880017817221453,0.4555931914531007,False,False,True,TARGET_CUT_RISK_UNRESOLVED / INCONCLUSIVE_RESEARCH,-48114,-13.160284463894968,0.0,0.6882352941176471,0.6467521458923865,0.24318108888651194,True,False,True,TARGET_CUT_RISK_UNRESOLVED / INCONCLUSIVE_RESEARCH
M5_DELAY_4000MS_CONFIRM,10000,-200,60000,False,False,False,False,-271147,-57.107624262847516,0.0,0.6793206793206793,0.6497686063345424,0.7778617106545419,False,False,True,TARGET_CUT_RISK_UNRESOLVED / INCONCLUSIVE_RESEARCH,-59642,-16.313457330415755,0.0,0.778164924506388,0.7492113194759743,0.24909828950103316,True,False,True,TARGET_CUT_RISK_UNRESOLVED / INCONCLUSIVE_RESEARCH
M5_DELAY_4000MS_CONFIRM,10000,-200,120000,False,False,False,False,-309458,-65.17649536647009,0.0,0.7958579881656804,0.7735484194382654,0.6543208957723208,False,False,True,TARGET_CUT_RISK_UNRESOLVED / INCONCLUSIVE_RESEARCH,-85101,-23.277078774617067,0.0,0.8402527075812274,0.8175098835586639,0.5798700680487993,False,False,True,TARGET_CUT_RISK_UNRESOLVED / INCONCLUSIVE_RESEARCH
M6_DELAY_8000MS_CONFIRM,1000,-6000,30000,False,False,False,False,118056,24.86436394271272,0.0,0.5893333333333334,0.5537568681894123,0.2621215598354723,False,False,False,TARGET_CUT_RISK_UNRESOLVED / INCONCLUSIVE_RESEARCH,123405,33.75410284463895,0.0,0.6452648475120385,0.6069107232030692,0.18668137769899443,True,True,True,INCONCLUSIVE_RESEARCH
M6_DELAY_8000MS_CONFIRM,1000,-6000,60000,False,False,False,False,316685,66.6986099410278,0.0,0.6376146788990825,0.611196693741475,0.35760698439959926,False,False,False,TARGET_CUT_RISK_UNRESOLVED / INCONCLUSIVE_RESEARCH,265639,72.65836980306345,0.0,0.6827012025901943,0.6543508592147997,0.3368316020504803,False,False,False,TARGET_CUT_RISK_UNRESOLVED / INCONCLUSIVE_RESEARCH
M6_DELAY_8000MS_CONFIRM,1000,-6000,120000,False,False,False,False,526574,110.90438079191239,0.0,0.7132097334878331,0.6914184323471041,0.3874677683712591,False,False,False,TARGET_CUT_RISK_UNRESOLVED / INCONCLUSIVE_RESEARCH,385508,105.445295404814,0.0,0.7373371924746743,0.7135000974829864,0.37786361965281,False,False,False,TARGET_CUT_RISK_UNRESOLVED / INCONCLUSIVE_RESEARCH
M6_DELAY_8000MS_CONFIRM,1000,-5000,30000,False,False,False,False,117535,24.75463352990733,0.0,0.5907230559345157,0.5547442056695309,0.26974432385886765,False,False,False,TARGET_CUT_RISK_UNRESOLVED / INCONCLUSIVE_RESEARCH,116263,31.800601750547045,0.0,0.6429752066115703,0.6040047431923539,0.19849817339584475,True,True,True,INCONCLUSIVE_RESEARCH
M6_DELAY_8000MS_CONFIRM,1000,-5000,60000,False,False,False,False,292412,61.58635214827296,0.0,0.6391270459859704,0.612468892420268,0.378260841850963,False,False,False,TARGET_CUT_RISK_UNRESOLVED / INCONCLUSIVE_RESEARCH,263117,71.96854485776805,0.0,0.6815165876777252,0.6527886051209779,0.3302186474295528,False,False,False,TARGET_CUT_RISK_UNRESOLVED / INCONCLUSIVE_RESEARCH
M6_DELAY_8000MS_CONFIRM,1000,-5000,120000,False,False,False,False,509832,107.37826453243471,0.0,0.7166372721928278,0.6947527560461628,0.38876630297530634,False,False,False,TARGET_CUT_RISK_UNRESOLVED / INCONCLUSIVE_RESEARCH,380591,104.1003829321663,0.0,0.7368810051736882,0.7127715100232049,0.37635500931905014,False,False,False,TARGET_CUT_RISK_UNRESOLVED / INCONCLUSIVE_RESEARCH
M6_DELAY_8000MS_CONFIRM,1000,-3000,30000,False,False,False,False,84844,17.869418702611625,0.0,0.5907738095238095,0.5531846550713356,0.3105278892583097,False,False,True,TARGET_CUT_RISK_UNRESOLVED / INCONCLUSIVE_RESEARCH,80663,22.063183807439824,0.0,0.6370106761565836,0.5964490084293929,0.22884971865436715,True,False,True,TARGET_CUT_RISK_UNRESOLVED / INCONCLUSIVE_RESEARCH
M6_DELAY_8000MS_CONFIRM,1000,-3000,60000,False,False,False,False,180727,38.06381634372367,0.0,0.6368948247078464,0.6092659133890529,0.44773653785106843,False,False,False,TARGET_CUT_RISK_UNRESOLVED / INCONCLUSIVE_RESEARCH,183039,50.06537199124727,0.0,0.6875631951466128,0.6579982916347614,0.3837912116032222,False,False,True,TARGET_CUT_RISK_UNRESOLVED / INCONCLUSIVE_RESEARCH
M6_DELAY_8000MS_CONFIRM,1000,-3000,120000,False,False,False,False,331356,69.78854254422914,0.0,0.718187461204221,0.6957199858254517,0.4644455043988106,False,False,False,TARGET_CUT_RISK_UNRESOLVED / INCONCLUSIVE_RESEARCH,298179,81.55880743982495,0.0,0.7501951600312255,0.7257646143549668,0.389725190028172,False,False,True,TARGET_CUT_RISK_UNRESOLVED / INCONCLUSIVE_RESEARCH
M6_DELAY_8000MS_CONFIRM,1000,-2000,30000,False,False,False,False,46336,9.75905644481887,0.0,0.5915721231766613,0.5523362568651811,0.3839140980169903,False,False,True,TARGET_CUT_RISK_UNRESOLVED / INCONCLUSIVE_RESEARCH,49106,13.431619256017505,0.0,0.6442687747035574,0.6016123814349038,0.3035934276342155,False,False,True,TARGET_CUT_RISK_UNRESOLVED / INCONCLUSIVE_RESEARCH
M6_DELAY_8000MS_CONFIRM,1000,-2000,60000,False,False,False,False,101640,21.406908171861836,0.0,0.6382405745062837,0.6095932391955684,0.5177889402634432,False,False,True,TARGET_CUT_RISK_UNRESOLVED / INCONCLUSIVE_RESEARCH,132236,36.169584245076585,0.0,0.6985854189336235,0.6681414658944328,0.4371254700309589,False,False,True,TARGET_CUT_RISK_UNRESOLVED / INCONCLUSIVE_RESEARCH
M6_DELAY_8000MS_CONFIRM,1000,-2000,120000,False,False,False,False,208342,43.879949452401014,0.0,0.7201051248357424,0.6970179280458602,0.5306296153558128,False,False,True,TARGET_CUT_RISK_UNRESOLVED / INCONCLUSIVE_RESEARCH,225292,61.62253829321663,0.0,0.7587064676616916,0.733761240610421,0.425114202940669,False,False,True,TARGET_CUT_RISK_UNRESOLVED / INCONCLUSIVE_RESEARCH
M6_DELAY_8000MS_CONFIRM,1000,-1500,30000,False,False,False,False,32554,6.856360572872789,0.0,0.5930434782608696,0.552400455482347,0.4239610137573135,False,False,True,TARGET_CUT_RISK_UNRESOLVED / INCONCLUSIVE_RESEARCH,49272,13.477024070021882,0.0,0.6594360086767896,0.6150177209803653,0.2953806649001557,False,False,True,TARGET_CUT_RISK_UNRESOLVED / INCONCLUSIVE_RESEARCH
M6_DELAY_8000MS_CONFIRM,1000,-1500,60000,False,False,False,False,59350,12.5,0.0,0.6396226415094339,0.6102637711053465,0.5853545853545854,False,False,True,TARGET_CUT_RISK_UNRESOLVED / INCONCLUSIVE_RESEARCH,99170,27.12527352297593,0.0,0.7038327526132404,0.6724852217723586,0.4531074685541223,False,False,True,TARGET_CUT_RISK_UNRESOLVED / INCONCLUSIVE_RESEARCH
M6_DELAY_8000MS_CONFIRM,1000,-1500,120000,False,False,False,False,158227,33.32497893850042,0.0,0.7271487039563438,0.7037760278172686,0.5555995433050889,False,False,True,TARGET_CUT_RISK_UNRESOLVED / INCONCLUSIVE_RESEARCH,185318,50.68873085339168,0.0,0.7685589519650655,0.743256390113908,0.415825079258534,False,False,True,TARGET_CUT_RISK_UNRESOLVED / INCONCLUSIVE_RESEARCH
M6_DELAY_8000MS_CONFIRM,1000,-1000,30000,False,False,False,False,27748,5.844144903117102,0.0,0.6081871345029239,0.5652903404365331,0.42989006430201204,False,False,True,TARGET_CUT_RISK_UNRESOLVED / INCONCLUSIVE_RESEARCH,33617,9.195021881838075,0.0,0.6603325415676959,0.6138252164319324,0.32130109452264344,False,False,True,TARGET_CUT_RISK_UNRESOLVED / INCONCLUSIVE_RESEARCH
M6_DELAY_8000MS_CONFIRM,1000,-1000,60000,False,False,False,False,40873,8.608466722830666,0.0,0.6564102564102564,0.6260392221305892,0.5689913633419835,False,False,True,TARGET_CUT_RISK_UNRESOLVED / INCONCLUSIVE_RESEARCH,64602,17.670131291028447,0.0,0.7135802469135802,0.6814957849627518,0.4975157663833288,False,False,True,TARGET_CUT_RISK_UNRESOLVED / INCONCLUSIVE_RESEARCH
M6_DELAY_8000MS_CONFIRM,1000,-1000,120000,False,False,False,False,121910,25.67607413647852,0.0,0.7443554260742898,0.7206218739397118,0.5424323167228112,False,False,True,TARGET_CUT_RISK_UNRESOLVED / INCONCLUSIVE_RESEARCH,131464,35.95842450765864,0.0,0.7788990825688074,0.753307389025488,0.4416186550024979,False,False,True,TARGET_CUT_RISK_UNRESOLVED / INCONCLUSIVE_RESEARCH
M6_DELAY_8000MS_CONFIRM,1000,-700,30000,False,False,False,False,20472,4.311710193765796,0.0,0.6150537634408603,0.5700564835323054,0.43174603174603177,False,False,True,TARGET_CUT_RISK_UNRESOLVED / INCONCLUSIVE_RESEARCH,16162,4.420678336980306,0.0,0.6590909090909091,0.6110755054760479,0.39162806603040384,False,False,True,TARGET_CUT_RISK_UNRESOLVED / INCONCLUSIVE_RESEARCH
M6_DELAY_8000MS_CONFIRM,1000,-700,60000,False,False,False,False,19649,4.1383740522325185,0.0,0.665938864628821,0.6347575138766259,0.6054438763653265,False,False,True,TARGET_CUT_RISK_UNRESOLVED / INCONCLUSIVE_RESEARCH,30962,8.468818380743983,0.0,0.7157622739018088,0.6829810977344746,0.5995799286454138,False,False,True,TARGET_CUT_RISK_UNRESOLVED / INCONCLUSIVE_RESEARCH
M6_DELAY_8000MS_CONFIRM,1000,-700,120000,False,False,False,False,86936,18.310025273799493,0.0,0.7540229885057471,0.7299339415884966,0.5701334091444896,False,False,True,TARGET_CUT_RISK_UNRESOLVED / INCONCLUSIVE_RESEARCH,83634,22.87582056892779,0.0,0.7831900668576887,0.7572188101574205,0.5198550843818244,False,False,True,TARGET_CUT_RISK_UNRESOLVED / INCONCLUSIVE_RESEARCH
M6_DELAY_8000MS_CONFIRM,1000,-500,30000,False,False,False,False,11755,2.4757792754844146,0.0,0.6301369863013698,0.5839767940687853,0.48839154340587004,False,False,True,TARGET_CUT_RISK_UNRESOLVED / INCONCLUSIVE_RESEARCH,13463,3.682439824945295,0.0,0.6730245231607629,0.6234536737783076,0.3440243683927611,False,False,True,TARGET_CUT_RISK_UNRESOLVED / INCONCLUSIVE_RESEARCH
M6_DELAY_8000MS_CONFIRM,1000,-500,60000,False,False,False,False,-495,-0.10425442291491153,0.0,0.6746575342465754,0.6429286403158283,0.6724618357777412,False,False,True,TARGET_CUT_RISK_UNRESOLVED / INCONCLUSIVE_RESEARCH,18597,5.086706783369803,0.0,0.7308743169398907,0.6976017768480683,0.6268464996788696,False,False,True,TARGET_CUT_RISK_UNRESOLVED / INCONCLUSIVE_RESEARCH
M6_DELAY_8000MS_CONFIRM,1000,-500,120000,False,False,False,False,46688,9.833192923336142,0.0,0.759170653907496,0.734736118974802,0.6402881483007932,False,False,True,TARGET_CUT_RISK_UNRESOLVED / INCONCLUSIVE_RESEARCH,59308,16.222100656455144,0.0,0.7957957957957958,0.7696873250852736,0.5374271970572284,False,False,True,TARGET_CUT_RISK_UNRESOLVED / INCONCLUSIVE_RESEARCH
M6_DELAY_8000MS_CONFIRM,1000,-300,30000,False,False,False,False,-2076,-0.43723673125526535,0.0,0.6265984654731458,0.5776397783534036,0.6483793460849901,False,False,True,TARGET_CUT_RISK_UNRESOLVED / INCONCLUSIVE_RESEARCH,2551,0.6977571115973742,0.0,0.6916167664670658,0.6401439313871683,0.466040599506735,False,False,True,TARGET_CUT_RISK_UNRESOLVED / INCONCLUSIVE_RESEARCH
M6_DELAY_8000MS_CONFIRM,1000,-300,60000,False,False,False,False,-28233,-5.946293176074136,0.0,0.6754385964912281,0.6421797325238796,0.8781927613414507,False,False,True,TARGET_CUT_RISK_UNRESOLVED / INCONCLUSIVE_RESEARCH,-3027,-0.8279540481400438,0.0,0.7448680351906158,0.7108421052888868,0.7792035332209307,False,False,True,TARGET_CUT_RISK_UNRESOLVED / INCONCLUSIVE_RESEARCH
M6_DELAY_8000MS_CONFIRM,1000,-300,120000,False,False,False,False,-8369,-1.762636899747262,0.0,0.7692967409948542,0.7442550743026689,0.8515039028620989,False,False,True,TARGET_CUT_RISK_UNRESOLVED / INCONCLUSIVE_RESEARCH,13094,3.5815098468271334,0.0,0.8065887353878852,0.7801267731258733,0.7044405721616912,False,False,True,TARGET_CUT_RISK_UNRESOLVED / INCONCLUSIVE_RESEARCH
M6_DELAY_8000MS_CONFIRM,1000,-200,30000,False,False,False,False,-9973,-2.100463352990733,0.0,0.623229461756374,0.571607967983312,0.8450136659892074,False,False,True,TARGET_CUT_RISK_UNRESOLVED / INCONCLUSIVE_RESEARCH,-6072,-1.6608315098468271,0.0,0.6903225806451613,0.6367866800667658,0.6582596511571726,False,False,True,TARGET_CUT_RISK_UNRESOLVED / INCONCLUSIVE_RESEARCH
M6_DELAY_8000MS_CONFIRM,1000,-200,60000,False,False,False,False,-43969,-9.260530749789385,0.0,0.6818791946308724,0.6475749096687248,1.143833964863934,False,False,True,TARGET_CUT_RISK_UNRESOLVED / INCONCLUSIVE_RESEARCH,-21279,-5.820295404814004,0.0,0.7469135802469136,0.712049800893921,1.0932991775650533,False,False,True,TARGET_CUT_RISK_UNRESOLVED / INCONCLUSIVE_RESEARCH
M6_DELAY_8000MS_CONFIRM,1000,-200,120000,False,False,False,False,-48134,-10.137742207245156,0.0,0.778584392014519,0.7531261322860118,1.2269011311688744,False,False,True,TARGET_CUT_RISK_UNRESOLVED / INCONCLUSIVE_RESEARCH,-18763,-5.1321115973741795,0.0,0.8106904231625836,0.7837647848786048,1.0443540906561128,False,False,True,TARGET_CUT_RISK_UNRESOLVED / INCONCLUSIVE_RESEARCH
M6_DELAY_8000MS_CONFIRM,1500,-6000,30000,False,False,False,False,113054,23.810867733782647,0.0,0.5861635220125786,0.5515926669176463,0.2536677784012458,False,False,False,TARGET_CUT_RISK_UNRESOLVED / INCONCLUSIVE_RESEARCH,129780,35.49781181619256,0.0,0.6437308868501529,0.6062863600869888,0.13804617017512824,True,True,True,INCONCLUSIVE_RESEARCH
M6_DELAY_8000MS_CONFIRM,1500,-6000,60000,False,False,False,False,316578,66.67607413647852,0.0,0.6372906045156591,0.6115093131977846,0.37203940865644053,False,False,False,TARGET_CUT_RISK_UNRESOLVED / INCONCLUSIVE_RESEARCH,304150,83.19201312910285,0.0,0.6902654867256637,0.6626993613511573,0.31317689244794716,False,False,False,TARGET_CUT_RISK_UNRESOLVED / INCONCLUSIVE_RESEARCH
M6_DELAY_8000MS_CONFIRM,1500,-6000,120000,False,False,False,False,543726,114.51684919966301,0.0,0.7157190635451505,0.694402489240634,0.4082816030231594,False,False,False,TARGET_CUT_RISK_UNRESOLVED / INCONCLUSIVE_RESEARCH,451498,123.49507658643326,0.0,0.744413407821229,0.7211883726262168,0.36770712030042385,False,False,False,TARGET_CUT_RISK_UNRESOLVED / INCONCLUSIVE_RESEARCH
M6_DELAY_8000MS_CONFIRM,1500,-5000,30000,False,False,False,False,113098,23.820134793597305,0.0,0.5876288659793815,0.5526451054858574,0.26210888386546194,False,False,True,TARGET_CUT_RISK_UNRESOLVED / INCONCLUSIVE_RESEARCH,121200,33.15098468271335,0.0,0.6409448818897637,0.6028877459942507,0.1467617443090546,True,True,True,INCONCLUSIVE_RESEARCH
M6_DELAY_8000MS_CONFIRM,1500,-5000,60000,False,False,False,False,286428,60.32603201347936,0.0,0.638187221396731,0.6121565698843543,0.3942180856785385,False,False,False,TARGET_CUT_RISK_UNRESOLVED / INCONCLUSIVE_RESEARCH,296256,81.0328227571116,0.0,0.6890299184043518,0.6610960599500328,0.30840860029930206,False,False,True,TARGET_CUT_RISK_UNRESOLVED / INCONCLUSIVE_RESEARCH
M6_DELAY_8000MS_CONFIRM,1500,-5000,120000,False,False,False,False,516006,108.67860151642797,0.0,0.7187323146576118,0.6973112379168508,0.4194569167070983,False,False,False,TARGET_CUT_RISK_UNRESOLVED / INCONCLUSIVE_RESEARCH,442766,121.1066739606127,0.0,0.7451820128479657,0.7217150567464367,0.36741545188829133,False,False,True,TARGET_CUT_RISK_UNRESOLVED / INCONCLUSIVE_RESEARCH
M6_DELAY_8000MS_CONFIRM,1500,-3000,30000,False,False,False,False,72584,15.287278854254422,0.0,0.5868347338935574,0.550346226123366,0.3152624027911375,False,False,True,TARGET_CUT_RISK_UNRESOLVED / INCONCLUSIVE_RESEARCH,82389,22.535284463894968,0.0,0.6362098138747885,0.5966591657311504,0.184920247034256,True,False,True,TARGET_CUT_RISK_UNRESOLVED / INCONCLUSIVE_RESEARCH
M6_DELAY_8000MS_CONFIRM,1500,-3000,60000,False,False,False,False,159182,33.526116259477675,0.0,0.6351351351351351,0.608159531428932,0.4747261840926085,False,False,True,TARGET_CUT_RISK_UNRESOLVED / INCONCLUSIVE_RESEARCH,210969,57.70486870897155,0.0,0.6966183574879227,0.6679264528551441,0.34766193265444556,False,False,True,TARGET_CUT_RISK_UNRESOLVED / INCONCLUSIVE_RESEARCH
M6_DELAY_8000MS_CONFIRM,1500,-3000,120000,False,False,False,False,311156,65.5341196293176,0.0,0.7206937799043063,0.698701291972209,0.5043788755987892,False,False,True,TARGET_CUT_RISK_UNRESOLVED / INCONCLUSIVE_RESEARCH,336079,91.92532822757111,0.0,0.758854559155991,0.7351123940266718,0.39034116280484277,False,False,True,TARGET_CUT_RISK_UNRESOLVED / INCONCLUSIVE_RESEARCH
M6_DELAY_8000MS_CONFIRM,1500,-2000,30000,False,False,False,False,31292,6.590564448188711,0.0,0.5866261398176292,0.548603388916104,0.3989264134656884,False,False,True,TARGET_CUT_RISK_UNRESOLVED / INCONCLUSIVE_RESEARCH,52874,14.462253829321662,0.0,0.6441947565543071,0.6026908433419332,0.24321481443004442,True,False,True,TARGET_CUT_RISK_UNRESOLVED / INCONCLUSIVE_RESEARCH
M6_DELAY_8000MS_CONFIRM,1500,-2000,60000,False,False,False,False,71186,14.992839090143217,0.0,0.6358974358974359,0.607922752546645,0.5585000392634183,False,False,True,TARGET_CUT_RISK_UNRESOLVED / INCONCLUSIVE_RESEARCH,157813,43.165481400437635,0.0,0.7107180020811654,0.681255977698444,0.3761397112319726,False,False,True,TARGET_CUT_RISK_UNRESOLVED / INCONCLUSIVE_RESEARCH
M6_DELAY_8000MS_CONFIRM,1500,-2000,120000,False,False,False,False,169919,35.78748946925021,0.0,0.7226092463584547,0.7000063524881495,0.5853792222908261,False,False,True,TARGET_CUT_RISK_UNRESOLVED / INCONCLUSIVE_RESEARCH,256619,70.19119256017505,0.0,0.7700320512820513,0.7458776643752029,0.4192758951558507,False,False,True,TARGET_CUT_RISK_UNRESOLVED / INCONCLUSIVE_RESEARCH
M6_DELAY_8000MS_CONFIRM,1500,-1500,30000,False,False,False,False,16827,3.5440185341196293,0.0,0.5876623376623377,0.5483628784638785,0.43253544362204427,False,False,True,TARGET_CUT_RISK_UNRESOLVED / INCONCLUSIVE_RESEARCH,53535,14.643052516411379,0.0,0.6597938144329897,0.6165203067070225,0.24321964572255608,True,False,True,TARGET_CUT_RISK_UNRESOLVED / INCONCLUSIVE_RESEARCH
M6_DELAY_8000MS_CONFIRM,1500,-1500,60000,False,False,False,False,26048,5.486099410278012,0.0,0.6373429084380611,0.6086836257998732,0.6288482194128481,False,False,True,TARGET_CUT_RISK_UNRESOLVED / INCONCLUSIVE_RESEARCH,107699,29.458150984682714,0.0,0.7138084632516704,0.6833850189550236,0.41973888496824274,False,False,True,TARGET_CUT_RISK_UNRESOLVED / INCONCLUSIVE_RESEARCH
M6_DELAY_8000MS_CONFIRM,1500,-1500,120000,False,False,False,False,113179,23.83719460825611,0.0,0.7284681130834977,0.7055621832467261,0.6292929371228358,False,False,True,TARGET_CUT_RISK_UNRESOLVED / INCONCLUSIVE_RESEARCH,197502,54.02133479212254,0.0,0.7774957698815567,0.7529067985691901,0.4330208470526256,False,False,True,TARGET_CUT_RISK_UNRESOLVED / INCONCLUSIVE_RESEARCH
M6_DELAY_8000MS_CONFIRM,1500,-1000,30000,False,False,False,False,10981,2.312763268744735,0.0,0.6,0.5585004253792508,0.44139405313964936,False,False,True,TARGET_CUT_RISK_UNRESOLVED / INCONCLUSIVE_RESEARCH,34106,9.328774617067834,0.0,0.6591422121896162,0.6138039381040515,0.2498495319926115,True,False,True,TARGET_CUT_RISK_UNRESOLVED / INCONCLUSIVE_RESEARCH
M6_DELAY_8000MS_CONFIRM,1500,-1000,60000,False,False,False,False,9141,1.9252316764953665,0.0,0.6536585365853659,0.6240053654445421,0.6369956336053034,False,False,True,TARGET_CUT_RISK_UNRESOLVED / INCONCLUSIVE_RESEARCH,66981,18.320842450765863,0.0,0.7218934911242604,0.6907302443782088,0.4501138452253587,False,False,True,TARGET_CUT_RISK_UNRESOLVED / INCONCLUSIVE_RESEARCH
M6_DELAY_8000MS_CONFIRM,1500,-1000,120000,False,False,False,False,73704,15.523167649536648,0.0,0.7436797752808989,0.7203686395447092,0.6400860065961834,False,False,True,TARGET_CUT_RISK_UNRESOLVED / INCONCLUSIVE_RESEARCH,139570,38.175601750547045,0.0,0.7884444444444444,0.7636178467371402,0.44908468040840854,False,False,True,TARGET_CUT_RISK_UNRESOLVED / INCONCLUSIVE_RESEARCH
M6_DELAY_8000MS_CONFIRM,1500,-700,30000,False,False,False,False,10277,2.164490311710194,0.0,0.6088709677419355,0.5652447117497436,0.42461632968639124,False,False,True,TARGET_CUT_RISK_UNRESOLVED / INCONCLUSIVE_RESEARCH,15791,4.319201312910285,0.0,0.6594724220623501,0.6127178517804562,0.31321827520081535,False,False,True,TARGET_CUT_RISK_UNRESOLVED / INCONCLUSIVE_RESEARCH
M6_DELAY_8000MS_CONFIRM,1500,-700,60000,False,False,False,False,-4695,-0.9888374052232519,0.0,0.6652763295099061,0.6348028595923411,0.6515713695163388,False,False,True,TARGET_CUT_RISK_UNRESOLVED / INCONCLUSIVE_RESEARCH,36450,9.969912472647703,0.0,0.7273853779429987,0.6956387286174243,0.5180199066123724,False,False,True,TARGET_CUT_RISK_UNRESOLVED / INCONCLUSIVE_RESEARCH
M6_DELAY_8000MS_CONFIRM,1500,-700,120000,False,False,False,False,48153,10.141743892165122,0.0,0.7553743513713862,0.7317313331014899,0.6575222084837795,False,False,True,TARGET_CUT_RISK_UNRESOLVED / INCONCLUSIVE_RESEARCH,93108,25.467177242888404,0.0,0.7968460111317254,0.7717933793726741,0.51044957472661,False,False,True,TARGET_CUT_RISK_UNRESOLVED / INCONCLUSIVE_RESEARCH
M6_DELAY_8000MS_CONFIRM,1500,-500,30000,False,False,False,False,3844,0.8096040438079192,0.0,0.6293103448275862,0.584469741856877,0.4518195592652649,False,False,True,TARGET_CUT_RISK_UNRESOLVED / INCONCLUSIVE_RESEARCH,12835,3.5106673960612693,0.0,0.6726804123711341,0.6244962532750906,0.30233185975095334,False,False,True,TARGET_CUT_RISK_UNRESOLVED / INCONCLUSIVE_RESEARCH
M6_DELAY_8000MS_CONFIRM,1500,-500,60000,False,False,False,False,-25885,-5.451769165964617,0.0,0.6739606126914661,0.6428976943941436,0.7294275666065381,False,False,True,TARGET_CUT_RISK_UNRESOLVED / INCONCLUSIVE_RESEARCH,24261,6.635940919037199,0.0,0.7411764705882353,0.7089886188427381,0.5369142127338432,False,False,True,TARGET_CUT_RISK_UNRESOLVED / INCONCLUSIVE_RESEARCH
M6_DELAY_8000MS_CONFIRM,1500,-500,120000,False,False,False,False,13066,2.7518955349620895,0.0,0.7633410672853829,0.739415207610392,0.7191691490839495,False,False,True,TARGET_CUT_RISK_UNRESOLVED / INCONCLUSIVE_RESEARCH,66386,18.158096280087527,0.0,0.8077669902912621,0.7825759248605023,0.5345012513407222,False,False,True,TARGET_CUT_RISK_UNRESOLVED / INCONCLUSIVE_RESEARCH
M6_DELAY_8000MS_CONFIRM,1500,-300,30000,False,False,False,False,-10002,-2.1065711878685764,0.0,0.6240963855421687,0.5765582131726809,0.5895707904447466,False,False,True,TARGET_CUT_RISK_UNRESOLVED / INCONCLUSIVE_RESEARCH,1062,0.29048140043763676,0.0,0.6873239436619718,0.6373116650179481,0.38922002506970915,False,False,True,TARGET_CUT_RISK_UNRESOLVED / INCONCLUSIVE_RESEARCH
M6_DELAY_8000MS_CONFIRM,1500,-300,60000,False,False,False,False,-50182,-10.569081718618365,0.0,0.6758703481392557,0.6433411958381245,0.904067698817194,False,False,True,TARGET_CUT_RISK_UNRESOLVED / INCONCLUSIVE_RESEARCH,3640,0.9956236323851203,0.0,0.7559607293127629,0.7231167414504706,0.6321670345453969,False,False,True,TARGET_CUT_RISK_UNRESOLVED / INCONCLUSIVE_RESEARCH
M6_DELAY_8000MS_CONFIRM,1500,-300,120000,False,False,False,False,-41727,-8.788331929233362,0.0,0.7728785357737105,0.7483456172719469,0.9471536008377363,False,False,True,TARGET_CUT_RISK_UNRESOLVED / INCONCLUSIVE_RESEARCH,23503,6.428610503282275,0.0,0.8195876288659794,0.794143105667479,0.623610742607824,False,False,True,TARGET_CUT_RISK_UNRESOLVED / INCONCLUSIVE_RESEARCH
M6_DELAY_8000MS_CONFIRM,1500,-200,30000,False,False,False,False,-16904,-3.5602358887952823,0.0,0.6223404255319149,0.5723333581590931,0.6958726543009003,False,False,True,TARGET_CUT_RISK_UNRESOLVED / INCONCLUSIVE_RESEARCH,-7388,-2.0207877461706785,0.0,0.6858006042296072,0.6339034591279218,0.5316377621362746,False,False,True,TARGET_CUT_RISK_UNRESOLVED / INCONCLUSIVE_RESEARCH
M6_DELAY_8000MS_CONFIRM,1500,-200,60000,False,False,False,False,-62591,-13.182603201347936,0.0,0.6825192802056556,0.6489810941835752,1.0990997107668075,False,False,True,TARGET_CUT_RISK_UNRESOLVED / INCONCLUSIVE_RESEARCH,-16185,-4.426969365426696,0.0,0.7566371681415929,0.7229498430011138,0.8148589134831944,False,False,True,TARGET_CUT_RISK_UNRESOLVED / INCONCLUSIVE_RESEARCH
M6_DELAY_8000MS_CONFIRM,1500,-200,120000,False,False,False,False,-75889,-15.983361415332771,0.0,0.7832599118942731,0.7583555744365866,1.245261674103736,False,False,True,TARGET_CUT_RISK_UNRESOLVED / INCONCLUSIVE_RESEARCH,-11182,-3.058533916849015,0.0,0.8228941684665226,0.796986361666406,0.8716347095566631,False,False,True,TARGET_CUT_RISK_UNRESOLVED / INCONCLUSIVE_RESEARCH
M6_DELAY_8000MS_CONFIRM,2000,-6000,30000,False,False,False,False,111772,23.540859309182814,0.0,0.5825242718446602,0.5485462774406202,0.2474726807451125,True,False,True,TARGET_CUT_RISK_UNRESOLVED / INCONCLUSIVE_RESEARCH,127324,34.82603938730853,0.0,0.6311953352769679,0.5944531171299176,0.16649722374286385,True,True,True,INCONCLUSIVE_RESEARCH
M6_DELAY_8000MS_CONFIRM,2000,-6000,60000,False,False,False,False,311371,65.57940185341197,0.0,0.6359189378057303,0.6106554420547207,0.36058356026936933,False,False,False,TARGET_CUT_RISK_UNRESOLVED / INCONCLUSIVE_RESEARCH,308040,84.25601750547045,0.0,0.6818565400843882,0.6547868962324462,0.31157773212972173,False,False,False,TARGET_CUT_RISK_UNRESOLVED / INCONCLUSIVE_RESEARCH
M6_DELAY_8000MS_CONFIRM,2000,-6000,120000,False,False,False,False,560158,117.9776748104465,0.0,0.7165948275862069,0.6956615851497207,0.4064652322663055,False,False,False,TARGET_CUT_RISK_UNRESOLVED / INCONCLUSIVE_RESEARCH,449681,122.99808533916848,0.0,0.7357478202548625,0.7127813771732497,0.4001992023757633,False,False,False,TARGET_CUT_RISK_UNRESOLVED / INCONCLUSIVE_RESEARCH
M6_DELAY_8000MS_CONFIRM,2000,-5000,30000,False,False,False,False,110816,23.339511373209774,0.0,0.5838509316770186,0.5494806511501654,0.2557386715585839,False,False,True,TARGET_CUT_RISK_UNRESOLVED / INCONCLUSIVE_RESEARCH,117744,32.205689277899346,0.0,0.6281859070464768,0.5908728055787992,0.17678447002927936,True,True,True,INCONCLUSIVE_RESEARCH
M6_DELAY_8000MS_CONFIRM,2000,-5000,60000,False,False,False,False,277221,58.38689974726201,0.0,0.6367521367521367,0.6112540050583231,0.3820937569118657,False,False,False,TARGET_CUT_RISK_UNRESOLVED / INCONCLUSIVE_RESEARCH,299804,82.00328227571116,0.0,0.6802074330164217,0.6527747210738037,0.3063138945317016,False,False,True,TARGET_CUT_RISK_UNRESOLVED / INCONCLUSIVE_RESEARCH
M6_DELAY_8000MS_CONFIRM,2000,-5000,120000,False,False,False,False,525159,110.60636057287279,0.0,0.7195188627665391,0.6984872132550143,0.4214187307512439,False,False,False,TARGET_CUT_RISK_UNRESOLVED / INCONCLUSIVE_RESEARCH,440412,120.46280087527353,0.0,0.7368060315284441,0.7136091163443876,0.40003266166205714,False,False,True,TARGET_CUT_RISK_UNRESOLVED / INCONCLUSIVE_RESEARCH
M6_DELAY_8000MS_CONFIRM,2000,-3000,30000,False,False,False,False,64068,13.49368155012637,0.0,0.5822102425876011,0.5463891449776052,0.30761032161555724,False,False,True,TARGET_CUT_RISK_UNRESOLVED / INCONCLUSIVE_RESEARCH,78389,21.441192560175054,0.0,0.6247987117552335,0.5860602844674155,0.21918287832948802,True,False,True,TARGET_CUT_RISK_UNRESOLVED / INCONCLUSIVE_RESEARCH
M6_DELAY_8000MS_CONFIRM,2000,-3000,60000,False,False,False,False,141259,29.751263689974728,0.0,0.6326219512195121,0.6061838589664794,0.4648442631509807,False,False,True,TARGET_CUT_RISK_UNRESOLVED / INCONCLUSIVE_RESEARCH,197263,53.95596280087528,0.0,0.6878453038674033,0.659664832158135,0.3547773753004837,False,False,True,TARGET_CUT_RISK_UNRESOLVED / INCONCLUSIVE_RESEARCH
M6_DELAY_8000MS_CONFIRM,2000,-3000,120000,False,False,False,False,305496,64.34203875315923,0.0,0.7213872832369942,0.69978886475441,0.507622574809299,False,False,True,TARGET_CUT_RISK_UNRESOLVED / INCONCLUSIVE_RESEARCH,321070,87.82002188183807,0.0,0.7503617945007236,0.7268705029700403,0.4322625255074824,False,False,True,TARGET_CUT_RISK_UNRESOLVED / INCONCLUSIVE_RESEARCH
M6_DELAY_8000MS_CONFIRM,2000,-2000,30000,False,False,False,False,18095,3.811078348778433,0.0,0.5816326530612245,0.5443643412651882,0.38743318284536,False,False,True,TARGET_CUT_RISK_UNRESOLVED / INCONCLUSIVE_RESEARCH,44447,12.157275711159738,0.0,0.6305506216696269,0.5899227279423697,0.2875668417705119,False,False,True,TARGET_CUT_RISK_UNRESOLVED / INCONCLUSIVE_RESEARCH
M6_DELAY_8000MS_CONFIRM,2000,-2000,60000,False,False,False,False,52790,11.118365627632688,0.0,0.6347256347256347,0.6073341434295907,0.5289970604903887,False,False,True,TARGET_CUT_RISK_UNRESOLVED / INCONCLUSIVE_RESEARCH,138828,37.972647702407,0.0,0.7003968253968254,0.6714005587759748,0.3990347162575155,False,False,True,TARGET_CUT_RISK_UNRESOLVED / INCONCLUSIVE_RESEARCH
M6_DELAY_8000MS_CONFIRM,2000,-2000,120000,False,False,False,False,157223,33.11352148272957,0.0,0.7239902080783354,0.7018093339432102,0.5857443337912088,False,False,True,TARGET_CUT_RISK_UNRESOLVED / INCONCLUSIVE_RESEARCH,233561,63.88429978118162,0.0,0.76058506543495,0.7366326131261779,0.4752101204401698,False,False,True,TARGET_CUT_RISK_UNRESOLVED / INCONCLUSIVE_RESEARCH
M6_DELAY_8000MS_CONFIRM,2000,-1500,30000,False,False,False,False,748,0.15754001684919966,0.0,0.5809968847352025,0.5424597885972411,0.43031007526662984,False,False,True,TARGET_CUT_RISK_UNRESOLVED / INCONCLUSIVE_RESEARCH,48700,13.320568927789934,0.0,0.6471734892787524,0.6048685863710748,0.291179269043488,False,False,True,TARGET_CUT_RISK_UNRESOLVED / INCONCLUSIVE_RESEARCH
M6_DELAY_8000MS_CONFIRM,2000,-1500,60000,False,False,False,False,437,0.09203875315922494,0.0,0.6337059329320722,0.6056182368002971,0.59665918869822,False,False,True,TARGET_CUT_RISK_UNRESOLVED / INCONCLUSIVE_RESEARCH,93341,25.530908096280086,0.0,0.7044491525423728,0.674560405330517,0.43115393078301323,False,False,True,TARGET_CUT_RISK_UNRESOLVED / INCONCLUSIVE_RESEARCH
M6_DELAY_8000MS_CONFIRM,2000,-1500,120000,False,False,False,False,89597,18.870471777590563,0.0,0.7280813214739518,0.7055643892225909,0.639563014914895,False,False,True,TARGET_CUT_RISK_UNRESOLVED / INCONCLUSIVE_RESEARCH,179920,49.21225382932166,0.0,0.7676685621445979,0.7432661470581884,0.48237805007538914,False,False,True,TARGET_CUT_RISK_UNRESOLVED / INCONCLUSIVE_RESEARCH
M6_DELAY_8000MS_CONFIRM,2000,-1000,30000,False,False,False,False,-1256,-0.2645324347093513,0.0,0.5940766550522648,0.5534070060622691,0.43279378563502086,False,False,True,TARGET_CUT_RISK_UNRESOLVED / INCONCLUSIVE_RESEARCH,28935,7.914387308533917,0.0,0.6468085106382979,0.6025666003625898,0.30461369461735627,False,False,True,TARGET_CUT_RISK_UNRESOLVED / INCONCLUSIVE_RESEARCH
M6_DELAY_8000MS_CONFIRM,2000,-1000,60000,False,False,False,False,-15332,-3.2291491154170178,0.0,0.6495327102803738,0.6204561704160982,0.6204833641174565,False,False,True,TARGET_CUT_RISK_UNRESOLVED / INCONCLUSIVE_RESEARCH,55505,15.181892778993435,0.0,0.7147688838782412,0.6841780001476585,0.48256482821375174,False,False,True,TARGET_CUT_RISK_UNRESOLVED / INCONCLUSIVE_RESEARCH
M6_DELAY_8000MS_CONFIRM,2000,-1000,120000,False,False,False,False,53002,11.16301600673968,0.0,0.7427019687712152,0.7197667742404568,0.6443398335225625,False,False,True,TARGET_CUT_RISK_UNRESOLVED / INCONCLUSIVE_RESEARCH,119946,32.80798687089715,0.0,0.7794871794871795,0.7548376387741731,0.5348186137139854,False,False,True,TARGET_CUT_RISK_UNRESOLVED / INCONCLUSIVE_RESEARCH
M6_DELAY_8000MS_CONFIRM,2000,-700,30000,False,False,False,False,3213,0.6767059814658803,0.0,0.6061776061776062,0.563467968637738,0.37604084764548185,False,False,True,TARGET_CUT_RISK_UNRESOLVED / INCONCLUSIVE_RESEARCH,11110,3.038840262582057,0.0,0.6470588235294118,0.6014147275772838,0.37254058828314757,False,False,True,TARGET_CUT_RISK_UNRESOLVED / INCONCLUSIVE_RESEARCH
M6_DELAY_8000MS_CONFIRM,2000,-700,60000,False,False,False,False,-27581,-5.808972198820556,0.0,0.6603206412825652,0.6303729408578254,0.6314186268405327,False,False,True,TARGET_CUT_RISK_UNRESOLVED / INCONCLUSIVE_RESEARCH,26995,7.383752735229759,0.0,0.7195266272189349,0.6882961596555387,0.539620336154488,False,False,True,TARGET_CUT_RISK_UNRESOLVED / INCONCLUSIVE_RESEARCH
M6_DELAY_8000MS_CONFIRM,2000,-700,120000,False,False,False,False,26486,5.578348778433025,0.0,0.7564655172413793,0.7332319403641235,0.6596381212247787,False,False,True,TARGET_CUT_RISK_UNRESOLVED / INCONCLUSIVE_RESEARCH,78691,21.52379649890591,0.0,0.7882037533512064,0.7632991073560532,0.5870385490271184,False,False,True,TARGET_CUT_RISK_UNRESOLVED / INCONCLUSIVE_RESEARCH
M6_DELAY_8000MS_CONFIRM,2000,-500,30000,False,False,False,False,-1568,-0.33024431339511373,0.0,0.6260330578512396,0.5820929181480534,0.412960639707348,False,False,True,TARGET_CUT_RISK_UNRESOLVED / INCONCLUSIVE_RESEARCH,8948,2.447483588621444,0.0,0.6577669902912622,0.6106845716614441,0.3586298475069964,False,False,True,TARGET_CUT_RISK_UNRESOLVED / INCONCLUSIVE_RESEARCH
M6_DELAY_8000MS_CONFIRM,2000,-500,60000,False,False,False,False,-46720,-9.839932603201348,0.0,0.6691253951527925,0.6385597180906365,0.6990800905722052,False,False,True,TARGET_CUT_RISK_UNRESOLVED / INCONCLUSIVE_RESEARCH,15567,4.25793216630197,0.0,0.731585518102372,0.6998456371928877,0.5625,False,False,True,TARGET_CUT_RISK_UNRESOLVED / INCONCLUSIVE_RESEARCH
M6_DELAY_8000MS_CONFIRM,2000,-500,120000,False,False,False,False,-7084,-1.4919966301600673,0.0,0.7642642642642643,0.74072991882776,0.7202006684465008,False,False,True,TARGET_CUT_RISK_UNRESOLVED / INCONCLUSIVE_RESEARCH,54517,14.911652078774617,0.0,0.797752808988764,0.7726151495810892,0.611386345757946,False,False,True,TARGET_CUT_RISK_UNRESOLVED / INCONCLUSIVE_RESEARCH
M6_DELAY_8000MS_CONFIRM,2000,-300,30000,False,False,False,False,-15657,-3.29759898904802,0.0,0.6206896551724138,0.5742237117357718,0.543681141705621,False,False,True,TARGET_CUT_RISK_UNRESOLVED / INCONCLUSIVE_RESEARCH,-1488,-0.40700218818380746,0.0,0.671957671957672,0.6231044602847672,0.45351705020280875,False,False,True,TARGET_CUT_RISK_UNRESOLVED / INCONCLUSIVE_RESEARCH
M6_DELAY_8000MS_CONFIRM,2000,-300,60000,False,False,False,False,-67972,-14.31592249368155,0.0,0.6716763005780347,0.6396825663738518,0.8535609086874066,False,False,True,TARGET_CUT_RISK_UNRESOLVED / INCONCLUSIVE_RESEARCH,-2108,-0.5765864332603938,0.0,0.7459893048128342,0.7135915391456862,0.6524390760395402,False,False,True,TARGET_CUT_RISK_UNRESOLVED / INCONCLUSIVE_RESEARCH
M6_DELAY_8000MS_CONFIRM,2000,-300,120000,False,False,False,False,-58235,-12.265164279696714,0.0,0.7744543249797898,0.7503347402438733,0.9229475151183336,False,False,True,TARGET_CUT_RISK_UNRESOLVED / INCONCLUSIVE_RESEARCH,12150,3.323304157549234,0.0,0.8091451292246521,0.7837032050350281,0.7312883734528798,False,False,True,TARGET_CUT_RISK_UNRESOLVED / INCONCLUSIVE_RESEARCH
M6_DELAY_8000MS_CONFIRM,2000,-200,30000,False,False,False,False,-21155,-4.455560235888795,0.0,0.6177215189873417,0.5688834435580951,0.5783900641944806,False,False,True,TARGET_CUT_RISK_UNRESOLVED / INCONCLUSIVE_RESEARCH,-9838,-2.6909190371991247,0.0,0.6694915254237288,0.6189001910975571,0.5706129484003016,False,False,True,TARGET_CUT_RISK_UNRESOLVED / INCONCLUSIVE_RESEARCH
M6_DELAY_8000MS_CONFIRM,2000,-200,60000,False,False,False,False,-75314,-15.862257792754844,0.0,0.6790582403965304,0.6460660697709902,0.9541094114596836,False,False,True,TARGET_CUT_RISK_UNRESOLVED / INCONCLUSIVE_RESEARCH,-22053,-6.0320021881838075,0.0,0.7461430575035063,0.7129369843817879,0.8125061288530055,False,False,True,TARGET_CUT_RISK_UNRESOLVED / INCONCLUSIVE_RESEARCH
M6_DELAY_8000MS_CONFIRM,2000,-200,120000,False,False,False,False,-86969,-18.31697556866049,0.0,0.7857754927163667,0.7613183727785887,1.1258807085603446,False,False,True,TARGET_CUT_RISK_UNRESOLVED / INCONCLUSIVE_RESEARCH,-22560,-6.170678336980306,0.0,0.8118503118503119,0.7859306136815148,0.9743777699138905,False,False,True,TARGET_CUT_RISK_UNRESOLVED / INCONCLUSIVE_RESEARCH
M6_DELAY_8000MS_CONFIRM,3000,-6000,30000,False,False,False,False,104958,22.105728727885424,0.0,0.5822637106184364,0.5489489645571689,0.1842424306736455,True,False,True,TARGET_CUT_RISK_UNRESOLVED / INCONCLUSIVE_RESEARCH,119191,32.60147702407002,0.0,0.6331444759206799,0.5969625242137385,0.1479133107860943,True,True,True,INCONCLUSIVE_RESEARCH
M6_DELAY_8000MS_CONFIRM,3000,-6000,60000,False,False,False,False,262162,55.21524852569503,0.0,0.6295060080106809,0.6047479571398144,0.3744329024093475,False,False,True,TARGET_CUT_RISK_UNRESOLVED / INCONCLUSIVE_RESEARCH,327521,89.58451859956236,0.0,0.690359477124183,0.6638961651946711,0.2713426729801168,False,False,True,TARGET_CUT_RISK_UNRESOLVED / INCONCLUSIVE_RESEARCH
M6_DELAY_8000MS_CONFIRM,3000,-6000,120000,False,False,False,False,511012,107.6267902274642,0.0,0.7125064867669954,0.6918917413028163,0.4379413119986699,False,False,False,TARGET_CUT_RISK_UNRESOLVED / INCONCLUSIVE_RESEARCH,481552,131.7155361050328,0.0,0.7467532467532467,0.7244381943396323,0.38370943282579667,False,False,True,TARGET_CUT_RISK_UNRESOLVED / INCONCLUSIVE_RESEARCH
M6_DELAY_8000MS_CONFIRM,3000,-5000,30000,False,False,False,False,104002,21.904380791912384,0.0,0.5835322195704057,0.5498479602569899,0.1898926265882488,True,False,True,TARGET_CUT_RISK_UNRESOLVED / INCONCLUSIVE_RESEARCH,108611,29.707603938730852,0.0,0.6302765647743813,0.5935481441343868,0.15704123627047506,True,True,True,INCONCLUSIVE_RESEARCH
M6_DELAY_8000MS_CONFIRM,3000,-5000,60000,False,False,False,False,224676,47.320134793597305,0.0,0.6299319727891156,0.6049413635203403,0.3961434838782291,False,False,True,TARGET_CUT_RISK_UNRESOLVED / INCONCLUSIVE_RESEARCH,313569,85.7683260393873,0.0,0.6889632107023411,0.6621579426718476,0.27414833007084954,False,False,True,TARGET_CUT_RISK_UNRESOLVED / INCONCLUSIVE_RESEARCH
M6_DELAY_8000MS_CONFIRM,3000,-5000,120000,False,False,False,False,468219,98.61394271272114,0.0,0.7151132174828857,0.6943941858830838,0.459490124604127,False,False,True,TARGET_CUT_RISK_UNRESOLVED / INCONCLUSIVE_RESEARCH,465609,127.35475929978118,0.0,0.747843397478434,0.7253074418691313,0.3837216387485598,False,False,True,TARGET_CUT_RISK_UNRESOLVED / INCONCLUSIVE_RESEARCH
M6_DELAY_8000MS_CONFIRM,3000,-3000,30000,False,False,False,False,60333,12.70703454085931,0.0,0.5834411384217335,0.5483588817108669,0.21885538935194093,True,False,True,TARGET_CUT_RISK_UNRESOLVED / INCONCLUSIVE_RESEARCH,70380,19.25054704595186,0.0,0.6269592476489029,0.5887778579256635,0.18949733197332816,True,False,True,TARGET_CUT_RISK_UNRESOLVED / INCONCLUSIVE_RESEARCH
M6_DELAY_8000MS_CONFIRM,3000,-3000,60000,False,False,False,False,97586,20.5530749789385,0.0,0.6273653566229985,0.6014778166534226,0.4682143742907175,False,False,True,TARGET_CUT_RISK_UNRESOLVED / INCONCLUSIVE_RESEARCH,204508,55.937636761487965,0.0,0.696969696969697,0.6694444540419772,0.30406319836764156,False,False,True,TARGET_CUT_RISK_UNRESOLVED / INCONCLUSIVE_RESEARCH
M6_DELAY_8000MS_CONFIRM,3000,-3000,120000,False,False,False,False,242457,51.0650800336984,0.0,0.7188195991091314,0.6975774612856332,0.5499008285102787,False,False,True,TARGET_CUT_RISK_UNRESOLVED / INCONCLUSIVE_RESEARCH,339137,92.76176148796499,0.0,0.7610371408549405,0.7382288630170629,0.41060536222762445,False,False,True,TARGET_CUT_RISK_UNRESOLVED / INCONCLUSIVE_RESEARCH
M6_DELAY_8000MS_CONFIRM,3000,-2000,30000,False,False,False,False,11691,2.4622999157540018,0.0,0.5829846582984658,0.5465454834453118,0.2839361264157389,False,False,True,TARGET_CUT_RISK_UNRESOLVED / INCONCLUSIVE_RESEARCH,34843,9.530361050328228,0.0,0.6327586206896552,0.5927736786918357,0.24610660112436433,True,False,True,TARGET_CUT_RISK_UNRESOLVED / INCONCLUSIVE_RESEARCH
M6_DELAY_8000MS_CONFIRM,3000,-2000,60000,False,False,False,False,6460,1.3605728727885424,0.0,0.629976580796253,0.6031853436524165,0.5452994068811089,False,False,True,TARGET_CUT_RISK_UNRESOLVED / INCONCLUSIVE_RESEARCH,142006,38.84190371991247,0.0,0.7097701149425287,0.681509471185914,0.3578024170411109,False,False,True,TARGET_CUT_RISK_UNRESOLVED / INCONCLUSIVE_RESEARCH
M6_DELAY_8000MS_CONFIRM,3000,-2000,120000,False,False,False,False,88674,18.67607413647852,0.0,0.7224513847967,0.7006621327178438,0.635200920127924,False,False,True,TARGET_CUT_RISK_UNRESOLVED / INCONCLUSIVE_RESEARCH,248261,67.9050875273523,0.0,0.7721518987341772,0.7489614018758056,0.4440563963264778,False,False,True,TARGET_CUT_RISK_UNRESOLVED / INCONCLUSIVE_RESEARCH
M6_DELAY_8000MS_CONFIRM,3000,-1500,30000,False,False,False,False,-4513,-0.9505054759898904,0.0,0.5833333333333334,0.5456878591730732,0.2924955391282182,False,False,True,TARGET_CUT_RISK_UNRESOLVED / INCONCLUSIVE_RESEARCH,32957,9.014496717724288,0.0,0.6452830188679245,0.6036398178280759,0.2563864066704315,False,False,True,TARGET_CUT_RISK_UNRESOLVED / INCONCLUSIVE_RESEARCH
M6_DELAY_8000MS_CONFIRM,3000,-1500,60000,False,False,False,False,-42004,-8.846672283066555,0.0,0.6292042657916325,0.6017229727690614,0.5897138041651341,False,False,True,TARGET_CUT_RISK_UNRESOLVED / INCONCLUSIVE_RESEARCH,85271,23.323577680525165,0.0,0.710929519918284,0.6817516954154774,0.40247912977485456,False,False,True,TARGET_CUT_RISK_UNRESOLVED / INCONCLUSIVE_RESEARCH
M6_DELAY_8000MS_CONFIRM,3000,-1500,120000,False,False,False,False,27826,5.860572872788542,0.0,0.7277743715511956,0.7056564126849237,0.683216525267429,False,False,True,TARGET_CUT_RISK_UNRESOLVED / INCONCLUSIVE_RESEARCH,188892,51.66630196936543,0.0,0.7784760408483896,0.7548449827200732,0.44693588032355236,False,False,True,TARGET_CUT_RISK_UNRESOLVED / INCONCLUSIVE_RESEARCH
M6_DELAY_8000MS_CONFIRM,3000,-1000,30000,False,False,False,False,-3551,-0.747893850042123,0.0,0.5960264900662252,0.5564061369335603,0.28618720787691665,False,False,True,TARGET_CUT_RISK_UNRESOLVED / INCONCLUSIVE_RESEARCH,14784,4.043763676148797,0.0,0.6447638603696099,0.6012771533760968,0.29672710391251644,False,False,True,TARGET_CUT_RISK_UNRESOLVED / INCONCLUSIVE_RESEARCH
M6_DELAY_8000MS_CONFIRM,3000,-1000,60000,False,False,False,False,-50838,-10.707245155855096,0.0,0.645017793594306,0.6165932038230465,0.6157868412676761,False,False,True,TARGET_CUT_RISK_UNRESOLVED / INCONCLUSIVE_RESEARCH,47176,12.903719912472647,0.0,0.719260065288357,0.6893409052658322,0.44668946114956615,False,False,True,TARGET_CUT_RISK_UNRESOLVED / INCONCLUSIVE_RESEARCH
M6_DELAY_8000MS_CONFIRM,3000,-1000,120000,False,False,False,False,-8471,-1.7841196293176074,0.0,0.7401832460732984,0.7176120616047985,0.7040014210617752,False,False,True,TARGET_CUT_RISK_UNRESOLVED / INCONCLUSIVE_RESEARCH,128660,35.191466083150985,0.0,0.7913907284768212,0.7675720093995833,0.47718477121900105,False,False,True,TARGET_CUT_RISK_UNRESOLVED / INCONCLUSIVE_RESEARCH
M6_DELAY_8000MS_CONFIRM,3000,-700,30000,False,False,False,False,-4397,-0.9260741364785172,0.0,0.6058394160583942,0.5643245319383167,0.3204170482111588,False,False,True,TARGET_CUT_RISK_UNRESOLVED / INCONCLUSIVE_RESEARCH,-2137,-0.5845185995623632,0.0,0.6441048034934498,0.599223980892334,0.3471460819090616,False,False,True,TARGET_CUT_RISK_UNRESOLVED / INCONCLUSIVE_RESEARCH
M6_DELAY_8000MS_CONFIRM,3000,-700,60000,False,False,False,False,-66778,-14.064448188711037,0.0,0.6527117031398668,0.6234185545905166,0.6424978997057704,False,False,True,TARGET_CUT_RISK_UNRESOLVED / INCONCLUSIVE_RESEARCH,19265,5.269420131291028,0.0,0.7245714285714285,0.6940384439693584,0.5135803413247684,False,False,True,TARGET_CUT_RISK_UNRESOLVED / INCONCLUSIVE_RESEARCH
M6_DELAY_8000MS_CONFIRM,3000,-700,120000,False,False,False,False,-40546,-8.539595619208088,0.0,0.7510373443983402,0.7281042891357915,0.7511324324840886,False,False,True,TARGET_CUT_RISK_UNRESOLVED / INCONCLUSIVE_RESEARCH,78779,21.547866520787746,0.0,0.7974025974025974,0.7732542257627001,0.5280647855737105,False,False,True,TARGET_CUT_RISK_UNRESOLVED / INCONCLUSIVE_RESEARCH
M6_DELAY_8000MS_CONFIRM,3000,-500,30000,False,False,False,False,-9759,-2.055391743892165,0.0,0.622568093385214,0.5798983868034737,0.3542245140817136,False,False,True,TARGET_CUT_RISK_UNRESOLVED / INCONCLUSIVE_RESEARCH,-5170,-1.4141137855579868,0.0,0.6533957845433255,0.6070712690195518,0.4267084192167433,False,False,True,TARGET_CUT_RISK_UNRESOLVED / INCONCLUSIVE_RESEARCH
M6_DELAY_8000MS_CONFIRM,3000,-500,60000,False,False,False,False,-83031,-17.487573715248526,0.0,0.6596806387225549,0.629782930979577,0.7032201914708442,False,False,True,TARGET_CUT_RISK_UNRESOLVED / INCONCLUSIVE_RESEARCH,4612,1.2614879649890591,0.0,0.7342995169082126,0.7031814843817615,0.5562800558457004,False,False,True,TARGET_CUT_RISK_UNRESOLVED / INCONCLUSIVE_RESEARCH
M6_DELAY_8000MS_CONFIRM,3000,-500,120000,False,False,False,False,-71199,-14.995577085088458,0.0,0.7574007220216606,0.7341336101922343,0.8206096811033998,False,False,True,TARGET_CUT_RISK_UNRESOLVED / INCONCLUSIVE_RESEARCH,51937,14.205962800875273,0.0,0.8060109289617486,0.7815718004755227,0.5503708270941602,False,False,True,TARGET_CUT_RISK_UNRESOLVED / INCONCLUSIVE_RESEARCH
M6_DELAY_8000MS_CONFIRM,3000,-300,30000,False,False,False,False,-23639,-4.978727885425442,0.0,0.6177105831533477,0.5726502866383856,0.42517529474051213,False,False,True,TARGET_CUT_RISK_UNRESOLVED / INCONCLUSIVE_RESEARCH,-13674,-3.740153172866521,0.0,0.6666666666666666,0.6186449928581867,0.5199437740740065,False,False,True,TARGET_CUT_RISK_UNRESOLVED / INCONCLUSIVE_RESEARCH
M6_DELAY_8000MS_CONFIRM,3000,-300,60000,False,False,False,False,-98947,-20.83972198820556,0.0,0.6633879781420765,0.6321426705628724,0.8540280511042389,False,False,True,TARGET_CUT_RISK_UNRESOLVED / INCONCLUSIVE_RESEARCH,-13943,-3.813730853391685,0.0,0.7464424320827943,0.7146067810513703,0.6608355255353742,False,False,True,TARGET_CUT_RISK_UNRESOLVED / INCONCLUSIVE_RESEARCH
M6_DELAY_8000MS_CONFIRM,3000,-300,120000,False,False,False,False,-110616,-23.297388374052233,0.0,0.7684537684537684,0.7446297984802417,1.005410777385159,False,False,True,TARGET_CUT_RISK_UNRESOLVED / INCONCLUSIVE_RESEARCH,2356,0.6444201312910285,0.0,0.8143133462282398,0.7894638682144031,0.6929484859153183,False,False,True,TARGET_CUT_RISK_UNRESOLVED / INCONCLUSIVE_RESEARCH
M6_DELAY_8000MS_CONFIRM,3000,-200,30000,False,False,False,False,-26358,-5.551390058972199,0.0,0.6146572104018913,0.567444325009973,0.40224522525149436,False,False,True,TARGET_CUT_RISK_UNRESOLVED / INCONCLUSIVE_RESEARCH,-21124,-5.777899343544858,0.0,0.6639566395663956,0.6142914876348926,0.6180116959064328,False,False,True,TARGET_CUT_RISK_UNRESOLVED / INCONCLUSIVE_RESEARCH
M6_DELAY_8000MS_CONFIRM,3000,-200,60000,False,False,False,False,-94361,-19.87384161752317,0.0,0.6709601873536299,0.6387427923143143,0.868236531953485,False,False,True,TARGET_CUT_RISK_UNRESOLVED / INCONCLUSIVE_RESEARCH,-32888,-8.99562363238512,0.0,0.7466124661246613,0.7140102309385384,0.7778045900735135,False,False,True,TARGET_CUT_RISK_UNRESOLVED / INCONCLUSIVE_RESEARCH
M6_DELAY_8000MS_CONFIRM,3000,-200,120000,False,False,False,False,-123247,-25.95766638584667,0.0,0.7808896210873146,0.7567551222982879,1.1372130009673664,False,False,True,TARGET_CUT_RISK_UNRESOLVED / INCONCLUSIVE_RESEARCH,-32860,-8.987964989059082,0.0,0.8169868554095046,0.7916768227325259,0.8788756731475046,False,False,True,TARGET_CUT_RISK_UNRESOLVED / INCONCLUSIVE_RESEARCH
M6_DELAY_8000MS_CONFIRM,5000,-6000,30000,False,False,False,False,74089,15.604254422914911,0.0,0.5805714285714285,0.5475924108851791,0.11376683536891417,True,True,True,INCONCLUSIVE_RESEARCH,117882,32.24343544857768,0.0,0.6333333333333333,0.5975128470097495,0.07523221566052289,True,True,True,INCONCLUSIVE_RESEARCH
M6_DELAY_8000MS_CONFIRM,5000,-6000,60000,False,False,False,False,132277,27.859519797809604,0.0,0.6269430051813472,0.6025331403694327,0.30560205411124386,False,False,True,TARGET_CUT_RISK_UNRESOLVED / INCONCLUSIVE_RESEARCH,316834,86.66137855579869,0.0,0.6922462030375699,0.6661129691130304,0.2229318130182892,True,True,True,INCONCLUSIVE_RESEARCH
M6_DELAY_8000MS_CONFIRM,5000,-6000,120000,False,False,False,False,392583,82.68386689132267,0.0,0.717534108135422,0.6972925347440738,0.4255409059064914,False,False,True,TARGET_CUT_RISK_UNRESOLVED / INCONCLUSIVE_RESEARCH,433530,118.58041575492341,0.0,0.7511111111111111,0.729164194225721,0.3890922965700056,False,False,True,TARGET_CUT_RISK_UNRESOLVED / INCONCLUSIVE_RESEARCH
M6_DELAY_8000MS_CONFIRM,5000,-5000,30000,False,False,False,False,72894,15.35256950294861,0.0,0.5812865497076023,0.5479261890308174,0.11727881036884925,True,True,True,INCONCLUSIVE_RESEARCH,108759,29.74808533916849,0.0,0.6314285714285715,0.5950643712090697,0.07977314137927768,True,True,True,INCONCLUSIVE_RESEARCH
M6_DELAY_8000MS_CONFIRM,5000,-5000,60000,False,False,False,False,93536,19.700084245998315,0.0,0.6268163804491413,0.6021619504173126,0.32296474890428517,False,False,True,TARGET_CUT_RISK_UNRESOLVED / INCONCLUSIVE_RESEARCH,307168,84.01750547045953,0.0,0.6914893617021277,0.6650264762475953,0.22423465279068328,True,True,True,INCONCLUSIVE_RESEARCH
M6_DELAY_8000MS_CONFIRM,5000,-5000,120000,False,False,False,False,344927,72.64679865206402,0.0,0.719856336582863,0.6995019764461071,0.44615485320159026,False,False,True,TARGET_CUT_RISK_UNRESOLVED / INCONCLUSIVE_RESEARCH,424703,116.16602844638949,0.0,0.7532467532467533,0.7311020179469874,0.3805180871914265,False,False,True,TARGET_CUT_RISK_UNRESOLVED / INCONCLUSIVE_RESEARCH
M6_DELAY_8000MS_CONFIRM,5000,-3000,30000,False,False,False,False,30170,6.354254422914911,0.0,0.5810126582278481,0.5462962457425483,0.144311470571655,True,True,True,INCONCLUSIVE_RESEARCH,70374,19.24890590809628,0.0,0.6282642089093702,0.590489933988449,0.09727340287484454,True,True,True,INCONCLUSIVE_RESEARCH
M6_DELAY_8000MS_CONFIRM,5000,-3000,60000,False,False,False,False,-30735,-6.473251895534962,0.0,0.6254416961130742,0.5999152223150492,0.3789401849191015,False,False,True,TARGET_CUT_RISK_UNRESOLVED / INCONCLUSIVE_RESEARCH,186127,50.91001094091904,0.0,0.7001748251748252,0.6729904249142388,0.2614639175257732,False,False,True,TARGET_CUT_RISK_UNRESOLVED / INCONCLUSIVE_RESEARCH
M6_DELAY_8000MS_CONFIRM,5000,-3000,120000,False,False,False,False,97135,20.45808761583825,0.0,0.7235198261814232,0.7026399005461772,0.5381165679062828,False,False,True,TARGET_CUT_RISK_UNRESOLVED / INCONCLUSIVE_RESEARCH,283662,77.58807439824945,0.0,0.7668500687757909,0.7444302223459007,0.4151226637813362,False,False,True,TARGET_CUT_RISK_UNRESOLVED / INCONCLUSIVE_RESEARCH
M6_DELAY_8000MS_CONFIRM,5000,-2000,30000,False,False,False,False,-16114,-3.3938500421229993,0.0,0.5811732605729877,0.5451245091961294,0.17615314166374227,True,True,True,REJECTED_FOR_RUNTIME,30516,8.346827133479213,0.0,0.6334459459459459,0.5938853456814489,0.12580238736697427,True,True,True,INCONCLUSIVE_RESEARCH
M6_DELAY_8000MS_CONFIRM,5000,-2000,60000,False,False,False,False,-113562,-23.917860151642795,0.0,0.628419452887538,0.6019731546828351,0.4647354630340594,False,False,True,TARGET_CUT_RISK_UNRESOLVED / INCONCLUSIVE_RESEARCH,121570,33.25218818380744,0.0,0.7136150234741784,0.6857345844043142,0.30863042048741524,False,False,True,TARGET_CUT_RISK_UNRESOLVED / INCONCLUSIVE_RESEARCH
M6_DELAY_8000MS_CONFIRM,5000,-2000,120000,False,False,False,False,-33425,-7.039806234203875,0.0,0.7275345622119815,0.7061054701832176,0.6139113478008006,False,False,True,TARGET_CUT_RISK_UNRESOLVED / INCONCLUSIVE_RESEARCH,208724,57.090809628008756,0.0,0.7799707602339181,0.7572510026487936,0.43045243923586607,False,False,True,TARGET_CUT_RISK_UNRESOLVED / INCONCLUSIVE_RESEARCH
M6_DELAY_8000MS_CONFIRM,5000,-1500,30000,False,False,False,False,-27585,-5.809814658803707,0.0,0.5813953488372093,0.5441800211987795,0.16109484341654673,True,True,True,REJECTED_FOR_RUNTIME,25672,7.021881838074398,0.0,0.6469500924214417,0.6057708830110716,0.12445181014831788,True,True,True,INCONCLUSIVE_RESEARCH
M6_DELAY_8000MS_CONFIRM,5000,-1500,60000,False,False,False,False,-148132,-31.198820556023588,0.0,0.6280925778132482,0.6009781631627468,0.5065029578707688,False,False,True,TARGET_CUT_RISK_UNRESOLVED / INCONCLUSIVE_RESEARCH,71095,19.446115973741794,0.0,0.7157157157157157,0.6869595376732418,0.35080892690944376,False,False,True,TARGET_CUT_RISK_UNRESOLVED / INCONCLUSIVE_RESEARCH
M6_DELAY_8000MS_CONFIRM,5000,-1500,120000,False,False,False,False,-69138,-14.56149957877001,0.0,0.7338129496402878,0.7120834959254981,0.6411626044108089,False,False,True,TARGET_CUT_RISK_UNRESOLVED / INCONCLUSIVE_RESEARCH,156979,42.937363238512035,0.0,0.7864302235929067,0.7632975178161919,0.4372103177811919,False,False,True,TARGET_CUT_RISK_UNRESOLVED / INCONCLUSIVE_RESEARCH
M6_DELAY_8000MS_CONFIRM,5000,-1000,30000,False,False,False,False,-25627,-5.39743049705139,0.0,0.592891760904685,0.5537310524283678,0.20629321740898923,True,True,True,REJECTED_FOR_RUNTIME,7469,2.0429431072210065,0.0,0.6465863453815262,0.6036257778433326,0.15824869717372286,True,True,True,INCONCLUSIVE_RESEARCH
M6_DELAY_8000MS_CONFIRM,5000,-1000,60000,False,False,False,False,-151056,-31.814658803706823,0.0,0.6441558441558441,0.6161086176270842,0.5396885059192918,False,False,True,TARGET_CUT_RISK_UNRESOLVED / INCONCLUSIVE_RESEARCH,43614,11.929431072210066,0.0,0.7249466950959488,0.6954963526061619,0.36442196227210455,False,False,True,TARGET_CUT_RISK_UNRESOLVED / INCONCLUSIVE_RESEARCH
M6_DELAY_8000MS_CONFIRM,5000,-1000,120000,False,False,False,False,-106723,-22.477464195450715,0.0,0.7458386683738797,0.7236620281094233,0.7085389832217507,False,False,True,TARGET_CUT_RISK_UNRESOLVED / INCONCLUSIVE_RESEARCH,110983,30.35640043763676,0.0,0.8004885993485342,0.7772150604455067,0.4514549419341752,False,False,True,TARGET_CUT_RISK_UNRESOLVED / INCONCLUSIVE_RESEARCH
M6_DELAY_8000MS_CONFIRM,5000,-700,30000,False,False,False,False,-24838,-5.2312552653748945,0.0,0.603202846975089,0.5621857617625733,0.23246010936569445,True,True,True,REJECTED_FOR_RUNTIME,-11036,-3.0185995623632387,0.0,0.6452991452991453,0.6009320212041337,0.19545403292490415,True,False,True,TARGET_CUT_RISK_UNRESOLVED / INCONCLUSIVE_RESEARCH
M6_DELAY_8000MS_CONFIRM,5000,-700,60000,False,False,False,False,-156863,-33.037700084246,0.0,0.6506024096385542,0.6216653933429429,0.5763815238626849,False,False,True,TARGET_CUT_RISK_UNRESOLVED / INCONCLUSIVE_RESEARCH,13873,3.7945842450765865,0.0,0.7312430011198209,0.7012220522929118,0.416060689296247,False,False,True,TARGET_CUT_RISK_UNRESOLVED / INCONCLUSIVE_RESEARCH
M6_DELAY_8000MS_CONFIRM,5000,-700,120000,False,False,False,False,-142001,-29.9075400168492,0.0,0.7559322033898305,0.7333653734929434,0.7639294459929343,False,False,True,TARGET_CUT_RISK_UNRESOLVED / INCONCLUSIVE_RESEARCH,68698,18.79048140043764,0.0,0.807495741056218,0.7839543459795405,0.478970764023377,False,False,True,TARGET_CUT_RISK_UNRESOLVED / INCONCLUSIVE_RESEARCH
M6_DELAY_8000MS_CONFIRM,5000,-500,30000,False,False,False,False,-28055,-5.908803706823926,0.0,0.6193181818181818,0.5771811077628276,0.2460104661698626,True,False,True,TARGET_CUT_RISK_UNRESOLVED / INCONCLUSIVE_RESEARCH,-14395,-3.937363238512035,0.0,0.6551724137931034,0.6093227430031154,0.2294494528547939,True,False,True,TARGET_CUT_RISK_UNRESOLVED / INCONCLUSIVE_RESEARCH
M6_DELAY_8000MS_CONFIRM,5000,-500,60000,False,False,False,False,-160322,-33.76621735467565,0.0,0.6569484936831875,0.6274070014621969,0.5915211970074813,False,False,True,TARGET_CUT_RISK_UNRESOLVED / INCONCLUSIVE_RESEARCH,-4285,-1.1720459518599562,0.0,0.740521327014218,0.7099054352194746,0.4626660159654199,False,False,True,TARGET_CUT_RISK_UNRESOLVED / INCONCLUSIVE_RESEARCH
M6_DELAY_8000MS_CONFIRM,5000,-500,120000,False,False,False,False,-166570,-35.0821398483572,0.0,0.7615003538570417,0.73858956441285,0.8283284002413862,False,False,True,TARGET_CUT_RISK_UNRESOLVED / INCONCLUSIVE_RESEARCH,30823,8.430798687089716,0.0,0.8143497757847533,0.7904616073853594,0.5306222041480276,False,False,True,TARGET_CUT_RISK_UNRESOLVED / INCONCLUSIVE_RESEARCH
M6_DELAY_8000MS_CONFIRM,5000,-300,30000,False,False,False,False,-42353,-8.920176916596462,0.0,0.6147368421052631,0.5702177924862254,0.3238779967118985,False,False,True,TARGET_CUT_RISK_UNRESOLVED / INCONCLUSIVE_RESEARCH,-19561,-5.350382932166302,0.0,0.6683291770573566,0.6208419766724533,0.24274145170965808,True,False,True,TARGET_CUT_RISK_UNRESOLVED / INCONCLUSIVE_RESEARCH
M6_DELAY_8000MS_CONFIRM,5000,-300,60000,False,False,False,False,-175068,-36.87194608256108,0.0,0.6599147121535182,0.629000453194044,0.7237335295605584,False,False,True,TARGET_CUT_RISK_UNRESOLVED / INCONCLUSIVE_RESEARCH,-22105,-6.046225382932167,0.0,0.7515842839036755,0.7202637062385345,0.5246607419946396,False,False,True,TARGET_CUT_RISK_UNRESOLVED / INCONCLUSIVE_RESEARCH
M6_DELAY_8000MS_CONFIRM,5000,-300,120000,False,False,False,False,-206131,-43.41427969671441,0.0,0.7719298245614035,0.7484418831978792,1.0528434003010274,False,False,True,TARGET_CUT_RISK_UNRESOLVED / INCONCLUSIVE_RESEARCH,-17754,-4.856126914660831,0.0,0.8220742150333016,0.7977918573107442,0.6485369395387324,False,False,True,TARGET_CUT_RISK_UNRESOLVED / INCONCLUSIVE_RESEARCH
M6_DELAY_8000MS_CONFIRM,5000,-200,30000,False,False,False,False,-43573,-9.177127211457456,0.0,0.6111111111111112,0.5643538674205572,0.3219654510556622,False,False,True,TARGET_CUT_RISK_UNRESOLVED / INCONCLUSIVE_RESEARCH,-25364,-6.937636761487965,0.0,0.6657824933687002,0.6167049589283401,0.2232863088879885,True,False,True,TARGET_CUT_RISK_UNRESOLVED / INCONCLUSIVE_RESEARCH
M6_DELAY_8000MS_CONFIRM,5000,-200,60000,False,False,False,False,-164342,-34.61288963774221,0.0,0.665903890160183,0.6339675096860274,0.7775210526698201,False,False,True,TARGET_CUT_RISK_UNRESOLVED / INCONCLUSIVE_RESEARCH,-38206,-10.450218818380744,0.0,0.7519893899204244,0.7199387500515212,0.5681055977848123,False,False,True,TARGET_CUT_RISK_UNRESOLVED / INCONCLUSIVE_RESEARCH
M6_DELAY_8000MS_CONFIRM,5000,-200,120000,False,False,False,False,-216571,-45.61310025273799,0.0,0.7813765182186235,0.7574720654005368,1.2108497807809109,False,False,True,TARGET_CUT_RISK_UNRESOLVED / INCONCLUSIVE_RESEARCH,-50726,-13.87472647702407,0.0,0.8250497017892644,0.8003480900194889,0.7685105303222532,False,False,True,TARGET_CUT_RISK_UNRESOLVED / INCONCLUSIVE_RESEARCH
M6_DELAY_8000MS_CONFIRM,6000,-6000,30000,False,False,False,False,66082,13.917860151642797,0.0,0.5811577752553916,0.5482957241148068,0.1316212123920243,True,True,True,INCONCLUSIVE_RESEARCH,109676,29.99890590809628,0.0,0.6329639889196675,0.5971884529443022,0.08046595408229992,True,True,True,INCONCLUSIVE_RESEARCH
M6_DELAY_8000MS_CONFIRM,6000,-6000,60000,False,False,False,False,104423,21.993049705139004,0.0,0.6255619781631342,0.6012408704109966,0.27352973743223147,False,False,True,TARGET_CUT_RISK_UNRESOLVED / INCONCLUSIVE_RESEARCH,306534,83.84409190371991,0.0,0.6923688394276629,0.666312297039366,0.19044838270387895,True,False,True,TARGET_CUT_RISK_UNRESOLVED / INCONCLUSIVE_RESEARCH
M6_DELAY_8000MS_CONFIRM,6000,-6000,120000,False,False,False,False,411949,86.76263689974726,0.0,0.7205808713069605,0.7004915601926316,0.36479864078554014,False,False,True,TARGET_CUT_RISK_UNRESOLVED / INCONCLUSIVE_RESEARCH,410276,112.2199124726477,0.0,0.7528373266078184,0.7310138332793155,0.38064656965967697,False,False,True,TARGET_CUT_RISK_UNRESOLVED / INCONCLUSIVE_RESEARCH
M6_DELAY_8000MS_CONFIRM,6000,-5000,30000,False,False,False,False,64887,13.666175231676496,0.0,0.5818815331010453,0.5486422543742939,0.13558697893651495,True,True,True,INCONCLUSIVE_RESEARCH,100553,27.50355579868709,0.0,0.6310541310541311,0.5947370883843228,0.08531297074821785,True,True,True,INCONCLUSIVE_RESEARCH
M6_DELAY_8000MS_CONFIRM,6000,-5000,60000,False,False,False,False,65682,13.833614153327717,0.0,0.6254092992796333,0.600846359877301,0.28867883315312953,False,False,True,TARGET_CUT_RISK_UNRESOLVED / INCONCLUSIVE_RESEARCH,297069,81.25519693654267,0.0,0.6913680781758957,0.6649687927955529,0.18918216913031918,True,False,True,TARGET_CUT_RISK_UNRESOLVED / INCONCLUSIVE_RESEARCH
M6_DELAY_8000MS_CONFIRM,6000,-5000,120000,False,False,False,False,362710,76.3921651221567,0.0,0.722928317234367,0.7027299757680298,0.3819231130892678,False,False,True,TARGET_CUT_RISK_UNRESOLVED / INCONCLUSIVE_RESEARCH,402781,110.16985776805252,0.0,0.7548387096774194,0.7328100533266579,0.36942212224507887,False,False,True,TARGET_CUT_RISK_UNRESOLVED / INCONCLUSIVE_RESEARCH
M6_DELAY_8000MS_CONFIRM,6000,-3000,30000,False,False,False,False,22163,4.667860151642797,0.0,0.5816582914572864,0.5470780608135254,0.1659231219863909,True,False,True,TARGET_CUT_RISK_UNRESOLVED / INCONCLUSIVE_RESEARCH,62168,17.00437636761488,0.0,0.6278713629402757,0.5901501938407437,0.10398245384916763,True,True,True,INCONCLUSIVE_RESEARCH
M6_DELAY_8000MS_CONFIRM,6000,-3000,60000,False,False,False,False,-54526,-11.483993260320135,0.0,0.6243868255080589,0.598957827426571,0.32780345475750233,False,False,True,TARGET_CUT_RISK_UNRESOLVED / INCONCLUSIVE_RESEARCH,177249,48.48167396061269,0.0,0.6997389033942559,0.6726055190286837,0.2122413888297327,True,False,True,TARGET_CUT_RISK_UNRESOLVED / INCONCLUSIVE_RESEARCH
M6_DELAY_8000MS_CONFIRM,6000,-3000,120000,False,False,False,False,115614,24.350042122999156,0.0,0.7271259418729817,0.7064187843174673,0.45408202698388694,False,False,True,TARGET_CUT_RISK_UNRESOLVED / INCONCLUSIVE_RESEARCH,266543,72.90563457330416,0.0,0.7681258549931601,0.7458071315052778,0.39203136995671883,False,False,True,TARGET_CUT_RISK_UNRESOLVED / INCONCLUSIVE_RESEARCH
M6_DELAY_8000MS_CONFIRM,6000,-2000,30000,False,False,False,False,-23448,-4.938500421229992,0.0,0.582089552238806,0.5461455155757625,0.19588712781942438,True,False,True,TARGET_CUT_RISK_UNRESOLVED / INCONCLUSIVE_RESEARCH,22310,6.102297592997812,0.0,0.632996632996633,0.5934967275600247,0.13438207378579087,True,False,True,TARGET_CUT_RISK_UNRESOLVED / INCONCLUSIVE_RESEARCH
M6_DELAY_8000MS_CONFIRM,6000,-2000,60000,False,False,False,False,-135119,-28.45808761583825,0.0,0.6282051282051282,0.6018574441342218,0.3994716764805798,False,False,True,TARGET_CUT_RISK_UNRESOLVED / INCONCLUSIVE_RESEARCH,112722,30.832056892778994,0.0,0.7137511693171188,0.6859275723086222,0.2535093043894602,False,False,True,TARGET_CUT_RISK_UNRESOLVED / INCONCLUSIVE_RESEARCH
M6_DELAY_8000MS_CONFIRM,6000,-2000,120000,False,False,False,False,-15078,-3.175652906486942,0.0,0.732153055396916,0.7109194045147741,0.5131257653992205,False,False,True,TARGET_CUT_RISK_UNRESOLVED / INCONCLUSIVE_RESEARCH,204651,55.97675054704595,0.0,0.7823871906841339,0.7597984602508105,0.4023432932493027,False,False,True,TARGET_CUT_RISK_UNRESOLVED / INCONCLUSIVE_RESEARCH
M6_DELAY_8000MS_CONFIRM,6000,-1500,30000,False,False,False,False,-32919,-6.933235046335299,0.0,0.5823699421965318,0.5452696201562441,0.17487954079854065,True,True,True,REJECTED_FOR_RUNTIME,19466,5.324398249452954,0.0,0.6464088397790055,0.6052969288041579,0.12283796831602914,True,False,True,TARGET_CUT_RISK_UNRESOLVED / INCONCLUSIVE_RESEARCH
M6_DELAY_8000MS_CONFIRM,6000,-1500,60000,False,False,False,False,-166189,-35.00189553496209,0.0,0.6278701504354711,0.6008619698256273,0.42002671949524295,False,False,True,TARGET_CUT_RISK_UNRESOLVED / INCONCLUSIVE_RESEARCH,65434,17.89770240700219,0.0,0.716566866267465,0.687876729837102,0.2904295252641143,False,False,True,TARGET_CUT_RISK_UNRESOLVED / INCONCLUSIVE_RESEARCH
M6_DELAY_8000MS_CONFIRM,6000,-1500,120000,False,False,False,False,-59761,-12.586562763268745,0.0,0.737217598097503,0.715659640552019,0.5454323237818507,False,False,True,TARGET_CUT_RISK_UNRESOLVED / INCONCLUSIVE_RESEARCH,154392,42.22975929978118,0.0,0.7895545314900153,0.7665776056445578,0.4134108796642246,False,False,True,TARGET_CUT_RISK_UNRESOLVED / INCONCLUSIVE_RESEARCH
M6_DELAY_8000MS_CONFIRM,6000,-1000,30000,False,False,False,False,-30961,-6.520850884582982,0.0,0.593900481540931,0.5548755103794151,0.22159493165356617,True,False,True,TARGET_CUT_RISK_UNRESOLVED / INCONCLUSIVE_RESEARCH,2066,0.5650984682713348,0.0,0.6472945891783567,0.6043913756490744,0.14995533213209575,True,False,True,TARGET_CUT_RISK_UNRESOLVED / INCONCLUSIVE_RESEARCH
M6_DELAY_8000MS_CONFIRM,6000,-1000,60000,False,False,False,False,-163798,-34.4983150800337,0.0,0.6434707903780069,0.6155242102886501,0.42274632169943105,False,False,True,TARGET_CUT_RISK_UNRESOLVED / INCONCLUSIVE_RESEARCH,39104,10.695842450765864,0.0,0.7273695420660277,0.69800352549671,0.28910588917213276,False,False,True,TARGET_CUT_RISK_UNRESOLVED / INCONCLUSIVE_RESEARCH
M6_DELAY_8000MS_CONFIRM,6000,-1000,120000,False,False,False,False,-105425,-22.204085930918282,0.0,0.7485714285714286,0.7265586302161067,0.6076854463489308,False,False,True,TARGET_CUT_RISK_UNRESOLVED / INCONCLUSIVE_RESEARCH,98649,26.982768052516413,0.0,0.8025995125913891,0.7794375411584072,0.44783511774755524,False,False,True,TARGET_CUT_RISK_UNRESOLVED / INCONCLUSIVE_RESEARCH
M6_DELAY_8000MS_CONFIRM,6000,-700,30000,False,False,False,False,-29172,-6.144060657118787,0.0,0.6042402826855123,0.5633808525354136,0.2420922978251997,True,False,True,TARGET_CUT_RISK_UNRESOLVED / INCONCLUSIVE_RESEARCH,-16439,-4.496444201312911,0.0,0.6460554371002132,0.6017509788027013,0.18499976649698782,True,False,True,TARGET_CUT_RISK_UNRESOLVED / INCONCLUSIVE_RESEARCH
M6_DELAY_8000MS_CONFIRM,6000,-700,60000,False,False,False,False,-166384,-35.04296545914069,0.0,0.6498161764705882,0.6209890405880715,0.438195856405965,False,False,True,TARGET_CUT_RISK_UNRESOLVED / INCONCLUSIVE_RESEARCH,10256,2.8052516411378554,0.0,0.7348993288590604,0.7050054290955486,0.33598391274999384,False,False,True,TARGET_CUT_RISK_UNRESOLVED / INCONCLUSIVE_RESEARCH
M6_DELAY_8000MS_CONFIRM,6000,-700,120000,False,False,False,False,-142376,-29.98652064026959,0.0,0.758736559139785,0.7363491885800589,0.6525243189899591,False,False,True,TARGET_CUT_RISK_UNRESOLVED / INCONCLUSIVE_RESEARCH,56938,15.573851203501095,0.0,0.8096856414613424,0.7862659341485094,0.48227167486270833,False,False,True,TARGET_CUT_RISK_UNRESOLVED / INCONCLUSIVE_RESEARCH
M6_DELAY_8000MS_CONFIRM,6000,-500,30000,False,False,False,False,-32576,-6.860994102780118,0.0,0.6203007518796992,0.5783378618667854,0.28626214052414317,False,False,True,TARGET_CUT_RISK_UNRESOLVED / INCONCLUSIVE_RESEARCH,-18798,-5.141684901531729,0.0,0.6559633027522935,0.610184440388912,0.2053452817868642,True,False,True,TARGET_CUT_RISK_UNRESOLVED / INCONCLUSIVE_RESEARCH
M6_DELAY_8000MS_CONFIRM,6000,-500,60000,False,False,False,False,-169961,-35.79633529907329,0.0,0.6560693641618497,0.6266440290300253,0.4618045273095557,False,False,True,TARGET_CUT_RISK_UNRESOLVED / INCONCLUSIVE_RESEARCH,-7497,-2.0506017505470457,0.0,0.744378698224852,0.7139071801798891,0.37980158477258724,False,False,True,TARGET_CUT_RISK_UNRESOLVED / INCONCLUSIVE_RESEARCH
M6_DELAY_8000MS_CONFIRM,6000,-500,120000,False,False,False,False,-180114,-37.93470935130581,0.0,0.7629733520336606,0.7402131933943913,0.7265545561204536,False,False,True,TARGET_CUT_RISK_UNRESOLVED / INCONCLUSIVE_RESEARCH,20557,5.62281181619256,0.0,0.8166368515205724,0.7928826813880696,0.5354749681327549,False,False,True,TARGET_CUT_RISK_UNRESOLVED / INCONCLUSIVE_RESEARCH
M6_DELAY_8000MS_CONFIRM,6000,-300,30000,False,False,False,False,-46074,-9.703875315922494,0.0,0.615866388308977,0.571550706773237,0.35888322027246733,False,False,True,TARGET_CUT_RISK_UNRESOLVED / INCONCLUSIVE_RESEARCH,-22964,-6.281181619256017,0.0,0.6691542288557214,0.621748283036303,0.19595668513539607,True,False,True,TARGET_CUT_RISK_UNRESOLVED / INCONCLUSIVE_RESEARCH
M6_DELAY_8000MS_CONFIRM,6000,-300,60000,False,False,False,False,-182403,-38.41680707666386,0.0,0.6589229144667371,0.6281413465057538,0.5476185516544635,False,False,True,TARGET_CUT_RISK_UNRESOLVED / INCONCLUSIVE_RESEARCH,-29461,-8.058260393873086,0.0,0.7544303797468355,0.723232055083582,0.43644630184167515,False,False,True,TARGET_CUT_RISK_UNRESOLVED / INCONCLUSIVE_RESEARCH
M6_DELAY_8000MS_CONFIRM,6000,-300,120000,False,False,False,False,-224098,-47.19839932603201,0.0,0.7726586102719033,0.749313199290283,0.9265392195253471,False,False,True,TARGET_CUT_RISK_UNRESOLVED / INCONCLUSIVE_RESEARCH,-30423,-8.321389496717725,0.0,0.8244781783681214,0.8003454670497838,0.6612099977735854,False,False,True,TARGET_CUT_RISK_UNRESOLVED / INCONCLUSIVE_RESEARCH
M6_DELAY_8000MS_CONFIRM,6000,-200,30000,False,False,False,False,-46723,-9.840564448188712,0.0,0.6100917431192661,0.5635396206278888,0.3556213425129088,False,False,True,TARGET_CUT_RISK_UNRESOLVED / INCONCLUSIVE_RESEARCH,-27767,-7.594912472647702,0.0,0.6666666666666666,0.6176777360235929,0.14798230765030307,True,False,True,TARGET_CUT_RISK_UNRESOLVED / INCONCLUSIVE_RESEARCH
M6_DELAY_8000MS_CONFIRM,6000,-200,60000,False,False,False,False,-177767,-37.440395956192084,0.0,0.6636466591166478,0.6318346636743472,0.6578336955582584,False,False,True,TARGET_CUT_RISK_UNRESOLVED / INCONCLUSIVE_RESEARCH,-44597,-12.198304157549234,0.0,0.7549668874172185,0.7230470331131381,0.4848210800260247,False,False,True,TARGET_CUT_RISK_UNRESOLVED / INCONCLUSIVE_RESEARCH
M6_DELAY_8000MS_CONFIRM,6000,-200,120000,False,False,False,False,-245101,-51.62194608256108,0.0,0.780448717948718,0.7566414722586886,1.093262631248128,False,False,True,TARGET_CUT_RISK_UNRESOLVED / INCONCLUSIVE_RESEARCH,-65927,-18.03254923413567,0.0,0.8275520317145689,0.8030115083787966,0.7962944105824108,False,False,True,TARGET_CUT_RISK_UNRESOLVED / INCONCLUSIVE_RESEARCH
M6_DELAY_8000MS_CONFIRM,7500,-6000,30000,False,False,False,False,52533,11.064237573715248,0.0,0.5816326530612245,0.5487924341990054,0.11982883045133666,True,True,True,INCONCLUSIVE_RESEARCH,105638,28.894420131291028,0.0,0.6329639889196675,0.5971884529443022,0.05091431153173933,True,True,True,INCONCLUSIVE_RESEARCH
M6_DELAY_8000MS_CONFIRM,7500,-6000,60000,False,False,False,False,63401,13.353201347935974,0.0,0.6258023106546855,0.6014915868008608,0.24203130991205682,True,False,True,TARGET_CUT_RISK_UNRESOLVED / INCONCLUSIVE_RESEARCH,351568,96.16192560175055,0.0,0.6979332273449921,0.6719894685589741,0.11928281095971804,True,True,True,INCONCLUSIVE_RESEARCH
M6_DELAY_8000MS_CONFIRM,7500,-6000,120000,False,False,False,False,381645,80.3801600673968,0.0,0.7245868803204807,0.7045769553256122,0.3437608273591638,False,False,True,TARGET_CUT_RISK_UNRESOLVED / INCONCLUSIVE_RESEARCH,446064,122.00875273522976,0.0,0.7591424968474149,0.7374879763449517,0.3145070206191156,False,False,True,TARGET_CUT_RISK_UNRESOLVED / INCONCLUSIVE_RESEARCH
M6_DELAY_8000MS_CONFIRM,7500,-5000,30000,False,False,False,False,51338,10.812552653748947,0.0,0.5823665893271461,0.5491499267077183,0.12341486098846839,True,True,True,INCONCLUSIVE_RESEARCH,96515,26.399070021881837,0.0,0.6310541310541311,0.5947370883843228,0.05398122994888344,True,True,True,INCONCLUSIVE_RESEARCH
M6_DELAY_8000MS_CONFIRM,7500,-5000,60000,False,False,False,False,24660,5.193765796124684,0.0,0.6256544502617801,0.6011021948039752,0.2553800541839186,False,False,True,TARGET_CUT_RISK_UNRESOLVED / INCONCLUSIVE_RESEARCH,331152,90.57768052516411,0.0,0.6962540716612378,0.6699538946276752,0.12509411650856667,True,True,True,INCONCLUSIVE_RESEARCH
M6_DELAY_8000MS_CONFIRM,7500,-5000,120000,False,False,False,False,329693,69.43828980623421,0.0,0.7269954245043213,0.7068794194585173,0.3600893451798046,False,False,True,TARGET_CUT_RISK_UNRESOLVED / INCONCLUSIVE_RESEARCH,438020,119.80853391684902,0.0,0.7612903225806451,0.7394384623179356,0.3065665070310208,False,False,True,TARGET_CUT_RISK_UNRESOLVED / INCONCLUSIVE_RESEARCH
M6_DELAY_8000MS_CONFIRM,7500,-3000,30000,False,False,False,False,8614,1.8142375737152485,0.0,0.5821831869510665,0.5476282912321258,0.15079932580826397,True,True,True,INCONCLUSIVE_RESEARCH,58130,15.899890590809628,0.0,0.6278713629402757,0.5901501938407437,0.06579422452005439,True,True,True,INCONCLUSIVE_RESEARCH
M6_DELAY_8000MS_CONFIRM,7500,-3000,60000,False,True,False,False,-89511,-18.85235888795282,0.0,0.6246498599439776,0.5992326493023342,0.2987119099595061,False,False,True,TARGET_CUT_RISK_UNRESOLVED / INCONCLUSIVE_RESEARCH,207579,56.77762582056893,0.0,0.7049608355091384,0.6779429691238448,0.1470678821294957,True,True,True,PROMISING_OFFLINE_ONLY
M6_DELAY_8000MS_CONFIRM,7500,-3000,120000,False,False,False,False,83899,17.67038753159225,0.0,0.7314316469321851,0.7108162911515428,0.42649217281174984,False,False,True,TARGET_CUT_RISK_UNRESOLVED / INCONCLUSIVE_RESEARCH,296330,81.05306345733041,0.0,0.7749658002735978,0.752854919851765,0.31049959171256564,False,False,True,TARGET_CUT_RISK_UNRESOLVED / INCONCLUSIVE_RESEARCH
M6_DELAY_8000MS_CONFIRM,7500,-2000,30000,False,False,False,False,-41445,-8.72893850042123,0.0,0.5813008130081301,0.5453760346069874,0.18574568574775543,True,False,True,TARGET_CUT_RISK_UNRESOLVED / INCONCLUSIVE_RESEARCH,18272,4.99781181619256,0.0,0.632996632996633,0.5934967275600247,0.0850293872364084,True,False,True,TARGET_CUT_RISK_UNRESOLVED / INCONCLUSIVE_RESEARCH
M6_DELAY_8000MS_CONFIRM,7500,-2000,60000,False,True,False,False,-175045,-36.867101937657964,0.0,0.627731725697061,0.601388736259709,0.3748867625410486,False,False,True,TARGET_CUT_RISK_UNRESOLVED / INCONCLUSIVE_RESEARCH,140552,38.44420131291029,0.0,0.7193638914873713,0.691680944079916,0.16789722160683865,True,True,True,PROMISING_OFFLINE_ONLY
M6_DELAY_8000MS_CONFIRM,7500,-2000,120000,False,False,False,False,-48984,-10.3167649536647,0.0,0.7361507709880069,0.7150072581892305,0.477011655607929,False,False,True,TARGET_CUT_RISK_UNRESOLVED / INCONCLUSIVE_RESEARCH,230620,63.07986870897155,0.0,0.789665211062591,0.7673232975106802,0.3059925332852418,False,False,True,TARGET_CUT_RISK_UNRESOLVED / INCONCLUSIVE_RESEARCH
M6_DELAY_8000MS_CONFIRM,7500,-1500,30000,False,False,False,False,-47328,-9.96798652064027,0.0,0.5823699421965318,0.5452696201562441,0.18223841609879327,True,True,True,REJECTED_FOR_RUNTIME,14539,3.9767505470459517,0.0,0.6464088397790055,0.6052969288041579,0.10209080831078424,True,False,True,TARGET_CUT_RISK_UNRESOLVED / INCONCLUSIVE_RESEARCH
M6_DELAY_8000MS_CONFIRM,7500,-1500,60000,False,False,False,False,-199047,-41.922283066554336,0.0,0.6278701504354711,0.6008619698256273,0.37640360588328325,False,False,True,TARGET_CUT_RISK_UNRESOLVED / INCONCLUSIVE_RESEARCH,68764,18.808533916849015,0.0,0.719560878243513,0.6909485987319994,0.21042943757345392,True,False,True,TARGET_CUT_RISK_UNRESOLVED / INCONCLUSIVE_RESEARCH
M6_DELAY_8000MS_CONFIRM,7500,-1500,120000,False,False,False,False,-83099,-17.501895534962088,0.0,0.7418203450327187,0.7203649596654426,0.4877383695954158,False,False,True,TARGET_CUT_RISK_UNRESOLVED / INCONCLUSIVE_RESEARCH,160081,43.78583150984683,0.0,0.7949308755760369,0.7721474149902211,0.33207551206927644,False,False,True,TARGET_CUT_RISK_UNRESOLVED / INCONCLUSIVE_RESEARCH
M6_DELAY_8000MS_CONFIRM,7500,-1000,30000,False,False,False,False,-45370,-9.555602358887953,0.0,0.593900481540931,0.5548755103794151,0.23091957570146618,True,False,True,TARGET_CUT_RISK_UNRESOLVED / INCONCLUSIVE_RESEARCH,-2669,-0.7300328227571116,0.0,0.6472945891783567,0.6043913756490744,0.12968066259861,True,False,True,TARGET_CUT_RISK_UNRESOLVED / INCONCLUSIVE_RESEARCH
M6_DELAY_8000MS_CONFIRM,7500,-1000,60000,False,False,False,False,-192908,-40.62931760741365,0.0,0.6434707903780069,0.6155242102886501,0.38072351061609194,False,False,True,TARGET_CUT_RISK_UNRESOLVED / INCONCLUSIVE_RESEARCH,42842,11.718271334792123,0.0,0.7294994675186368,0.7001942781429582,0.20604804313459474,True,False,True,TARGET_CUT_RISK_UNRESOLVED / INCONCLUSIVE_RESEARCH
M6_DELAY_8000MS_CONFIRM,7500,-1000,120000,False,False,False,False,-127163,-26.782434709351307,0.0,0.7534942820838628,0.7316029432246977,0.546203382877685,False,False,True,TARGET_CUT_RISK_UNRESOLVED / INCONCLUSIVE_RESEARCH,107890,29.510393873085338,0.0,0.8074735987002437,0.7845049438036513,0.3321730511115568,False,False,True,TARGET_CUT_RISK_UNRESOLVED / INCONCLUSIVE_RESEARCH
M6_DELAY_8000MS_CONFIRM,7500,-700,30000,False,False,False,False,-42081,-8.862889637742207,0.0,0.6042402826855123,0.5633808525354136,0.24239111422074514,True,False,True,TARGET_CUT_RISK_UNRESOLVED / INCONCLUSIVE_RESEARCH,-21174,-5.791575492341357,0.0,0.6460554371002132,0.6017509788027013,0.15998692383131743,True,False,True,TARGET_CUT_RISK_UNRESOLVED / INCONCLUSIVE_RESEARCH
M6_DELAY_8000MS_CONFIRM,7500,-700,60000,False,False,False,False,-190341,-40.08866891322662,0.0,0.6498161764705882,0.6209890405880715,0.3947887996129682,False,False,True,TARGET_CUT_RISK_UNRESOLVED / INCONCLUSIVE_RESEARCH,19566,5.351750547045952,0.0,0.738255033557047,0.7084640884224657,0.2441080402443357,True,False,True,TARGET_CUT_RISK_UNRESOLVED / INCONCLUSIVE_RESEARCH
M6_DELAY_8000MS_CONFIRM,7500,-700,120000,False,False,False,False,-171978,-36.22114574557708,0.0,0.7626092804303968,0.7403239301137181,0.5980191309142708,False,False,True,TARGET_CUT_RISK_UNRESOLVED / INCONCLUSIVE_RESEARCH,72179,19.742614879649892,0.0,0.8147833474936279,0.7915785337300767,0.3285696104406984,False,False,True,TARGET_CUT_RISK_UNRESOLVED / INCONCLUSIVE_RESEARCH
M6_DELAY_8000MS_CONFIRM,7500,-500,30000,False,False,False,False,-45485,-9.579823083403538,0.0,0.6203007518796992,0.5783378618667854,0.2866154760981411,False,False,True,TARGET_CUT_RISK_UNRESOLVED / INCONCLUSIVE_RESEARCH,-22033,-6.026531728665208,0.0,0.6559633027522935,0.610184440388912,0.15830950397406165,True,False,True,TARGET_CUT_RISK_UNRESOLVED / INCONCLUSIVE_RESEARCH
M6_DELAY_8000MS_CONFIRM,7500,-500,60000,False,False,False,False,-195816,-41.24178601516428,0.0,0.6560693641618497,0.6266440290300253,0.4445220975823551,False,False,True,TARGET_CUT_RISK_UNRESOLVED / INCONCLUSIVE_RESEARCH,4413,1.2070568927789935,0.0,0.7479289940828402,0.7175757867623367,0.2566659915597862,False,False,True,TARGET_CUT_RISK_UNRESOLVED / INCONCLUSIVE_RESEARCH
M6_DELAY_8000MS_CONFIRM,7500,-500,120000,False,False,False,False,-213407,-44.94671440606571,0.0,0.7663157894736842,0.7436461965267402,0.6916409114446067,False,False,True,TARGET_CUT_RISK_UNRESOLVED / INCONCLUSIVE_RESEARCH,39527,10.811542669584245,0.0,0.8220035778175313,0.7984904803260838,0.353562688849402,False,False,True,TARGET_CUT_RISK_UNRESOLVED / INCONCLUSIVE_RESEARCH
M6_DELAY_8000MS_CONFIRM,7500,-300,30000,False,False,False,False,-58415,-12.3030749789385,0.0,0.615866388308977,0.571550706773237,0.37291024275382634,False,False,True,TARGET_CUT_RISK_UNRESOLVED / INCONCLUSIVE_RESEARCH,-26277,-7.187363238512035,0.0,0.6691542288557214,0.621748283036303,0.20887984432792145,True,False,True,TARGET_CUT_RISK_UNRESOLVED / INCONCLUSIVE_RESEARCH
M6_DELAY_8000MS_CONFIRM,7500,-300,60000,False,False,False,False,-208580,-43.93007582139848,0.0,0.6589229144667371,0.6281413465057538,0.532578921604366,False,False,True,TARGET_CUT_RISK_UNRESOLVED / INCONCLUSIVE_RESEARCH,-26883,-7.353118161925602,0.0,0.7569620253164557,0.72585565606197,0.3321210241160394,False,False,True,TARGET_CUT_RISK_UNRESOLVED / INCONCLUSIVE_RESEARCH
M6_DELAY_8000MS_CONFIRM,7500,-300,120000,False,False,False,False,-250691,-52.79928390901432,0.0,0.7762660619803476,0.7530281279114897,0.8528478338434959,False,False,True,TARGET_CUT_RISK_UNRESOLVED / INCONCLUSIVE_RESEARCH,-23733,-6.491520787746171,0.0,0.8292220113851992,0.8053177921000978,0.47103534434569255,False,False,True,TARGET_CUT_RISK_UNRESOLVED / INCONCLUSIVE_RESEARCH
M6_DELAY_8000MS_CONFIRM,7500,-200,30000,False,False,False,False,-57564,-12.123841617523167,0.0,0.6100917431192661,0.5635396206278888,0.35219277108433733,False,False,True,TARGET_CUT_RISK_UNRESOLVED / INCONCLUSIVE_RESEARCH,-29580,-8.090809628008753,0.0,0.6666666666666666,0.6176777360235929,0.13651504395784417,True,False,True,TARGET_CUT_RISK_UNRESOLVED / INCONCLUSIVE_RESEARCH
M6_DELAY_8000MS_CONFIRM,7500,-200,60000,False,False,False,False,-202444,-42.637742207245154,0.0,0.6636466591166478,0.6318346636743472,0.6286696043440406,False,False,True,TARGET_CUT_RISK_UNRESOLVED / INCONCLUSIVE_RESEARCH,-40619,-11.11022975929978,0.0,0.7576158940397351,0.7257944748378581,0.3509609004215196,False,False,True,TARGET_CUT_RISK_UNRESOLVED / INCONCLUSIVE_RESEARCH
M6_DELAY_8000MS_CONFIRM,7500,-200,120000,False,False,False,False,-273913,-57.69018534119629,0.0,0.7842822774659182,0.7605982144653831,1.0535807001549449,False,False,True,TARGET_CUT_RISK_UNRESOLVED / INCONCLUSIVE_RESEARCH,-58137,-15.901805251641138,0.0,0.8325074331020813,0.8082148669263133,0.5499697265218778,False,False,True,TARGET_CUT_RISK_UNRESOLVED / INCONCLUSIVE_RESEARCH
M6_DELAY_8000MS_CONFIRM,10000,-6000,30000,False,False,False,False,35526,7.482308340353833,0.0,0.5816326530612245,0.5487924341990054,0.10787384997044865,True,True,True,INCONCLUSIVE_RESEARCH,99011,27.081783369803063,0.0,0.6329639889196675,0.5971884529443022,0.04627141617225677,True,True,True,INCONCLUSIVE_RESEARCH
M6_DELAY_8000MS_CONFIRM,10000,-6000,60000,False,False,False,False,17957,3.78201347935973,0.0,0.6264441591784339,0.6021401333572945,0.18361319111974675,True,True,True,INCONCLUSIVE_RESEARCH,345378,94.46881838074398,0.0,0.6987281399046105,0.6728008502533466,0.09557133530679593,True,True,True,INCONCLUSIVE_RESEARCH
M6_DELAY_8000MS_CONFIRM,10000,-6000,120000,False,False,False,False,404255,85.1421651221567,0.0,0.728592889334001,0.7086643172667686,0.2074005688163557,True,False,True,TARGET_CUT_RISK_UNRESOLVED / INCONCLUSIVE_RESEARCH,375695,102.76121444201313,0.0,0.7604035308953342,0.7387835467500984,0.33060019972995314,False,False,True,TARGET_CUT_RISK_UNRESOLVED / INCONCLUSIVE_RESEARCH
M6_DELAY_8000MS_CONFIRM,10000,-5000,30000,False,False,False,False,34331,7.2306234203875315,0.0,0.5823665893271461,0.5491499267077183,0.11110211247367899,True,True,True,INCONCLUSIVE_RESEARCH,89888,24.58643326039387,0.0,0.6310541310541311,0.5947370883843228,0.04905866113691801,True,True,True,INCONCLUSIVE_RESEARCH
M6_DELAY_8000MS_CONFIRM,10000,-5000,60000,False,False,False,False,-15215,-3.204507160909857,0.0,0.6269633507853403,0.6024248817841893,0.1927147861346975,True,True,True,REJECTED_FOR_RUNTIME,323962,88.61105032822758,0.0,0.6970684039087948,0.6707850755463106,0.10031281754031075,True,True,True,INCONCLUSIVE_RESEARCH
M6_DELAY_8000MS_CONFIRM,10000,-5000,120000,False,False,False,False,365303,76.93828980623421,0.0,0.7315709201830198,0.7115500065919329,0.210329497338448,True,False,True,TARGET_CUT_RISK_UNRESOLVED / INCONCLUSIVE_RESEARCH,370259,101.27434354485777,0.0,0.7625806451612903,0.7407649366679177,0.32473337846733075,False,False,True,TARGET_CUT_RISK_UNRESOLVED / INCONCLUSIVE_RESEARCH
M6_DELAY_8000MS_CONFIRM,10000,-3000,30000,False,False,False,False,-8393,-1.7676916596461667,0.0,0.5821831869510665,0.5476282912321258,0.1357545073803565,True,True,True,REJECTED_FOR_RUNTIME,51503,14.087253829321662,0.0,0.6278713629402757,0.5901501938407437,0.05979442425732306,True,True,True,INCONCLUSIVE_RESEARCH
M6_DELAY_8000MS_CONFIRM,10000,-3000,60000,False,True,False,False,-131603,-27.717565290648693,0.0,0.6260504201680672,0.6006481867246257,0.2451917196568135,True,False,True,TARGET_CUT_RISK_UNRESOLVED / INCONCLUSIVE_RESEARCH,200889,54.947757111597376,0.0,0.7058311575282855,0.6788329440309724,0.11184299530705565,True,True,True,PROMISING_OFFLINE_ONLY
M6_DELAY_8000MS_CONFIRM,10000,-3000,120000,False,False,False,False,101277,21.3304549283909,0.0,0.7357373519913886,0.7152162091298444,0.2630435409596508,False,False,True,TARGET_CUT_RISK_UNRESOLVED / INCONCLUSIVE_RESEARCH,241084,65.94201312910285,0.0,0.7763337893296853,0.7542654515734193,0.3341111010504342,False,False,True,TARGET_CUT_RISK_UNRESOLVED / INCONCLUSIVE_RESEARCH
M6_DELAY_8000MS_CONFIRM,10000,-2000,30000,False,False,False,False,-55952,-11.784330244313395,0.0,0.5813008130081301,0.5453760346069874,0.15588845241593988,True,False,True,TARGET_CUT_RISK_UNRESOLVED / INCONCLUSIVE_RESEARCH,11645,3.185175054704595,0.0,0.632996632996633,0.5934967275600247,0.0772755251975696,True,True,True,INCONCLUSIVE_RESEARCH
M6_DELAY_8000MS_CONFIRM,10000,-2000,60000,False,False,False,False,-213137,-44.889848357203036,0.0,0.6292388847023361,0.6029130114423906,0.29766972257596974,False,False,True,TARGET_CUT_RISK_UNRESOLVED / INCONCLUSIVE_RESEARCH,135362,37.024617067833695,0.0,0.7202993451824135,0.6926403395358193,0.11875275921387142,True,False,True,TARGET_CUT_RISK_UNRESOLVED / INCONCLUSIVE_RESEARCH
M6_DELAY_8000MS_CONFIRM,10000,-2000,120000,False,False,False,False,-36227,-7.629949452401011,0.0,0.7401484865790977,0.7190972889199608,0.28230205442550294,False,False,True,TARGET_CUT_RISK_UNRESOLVED / INCONCLUSIVE_RESEARCH,191062,52.25984682713348,0.0,0.7911208151382824,0.7688294862628667,0.3233328436218398,False,False,True,TARGET_CUT_RISK_UNRESOLVED / INCONCLUSIVE_RESEARCH
M6_DELAY_8000MS_CONFIRM,10000,-1500,30000,False,False,False,False,-61542,-12.961668070766638,0.0,0.5823699421965318,0.5452696201562441,0.16280258062051411,True,False,True,TARGET_CUT_RISK_UNRESOLVED / INCONCLUSIVE_RESEARCH,7912,2.164113785557987,0.0,0.6464088397790055,0.6052969288041579,0.09278110881977805,True,False,True,TARGET_CUT_RISK_UNRESOLVED / INCONCLUSIVE_RESEARCH
M6_DELAY_8000MS_CONFIRM,10000,-1500,60000,False,False,False,False,-238356,-50.20134793597304,0.0,0.6286619160728424,0.6016628702362417,0.2980650302572489,False,False,True,TARGET_CUT_RISK_UNRESOLVED / INCONCLUSIVE_RESEARCH,63074,17.25218818380744,0.0,0.720558882235529,0.6919728920623283,0.148876732851598,True,False,True,TARGET_CUT_RISK_UNRESOLVED / INCONCLUSIVE_RESEARCH
M6_DELAY_8000MS_CONFIRM,10000,-1500,120000,False,False,False,False,-82709,-17.419755686604887,0.0,0.7453896490184414,0.724020961269154,0.29600805042563744,False,False,True,TARGET_CUT_RISK_UNRESOLVED / INCONCLUSIVE_RESEARCH,130023,35.564277899343544,0.0,0.7964669738863287,0.7737398696733092,0.3381051231316142,False,False,True,TARGET_CUT_RISK_UNRESOLVED / INCONCLUSIVE_RESEARCH
M6_DELAY_8000MS_CONFIRM,10000,-1000,30000,False,False,False,False,-59584,-12.549283909014322,0.0,0.593900481540931,0.5548755103794151,0.20629186559442336,True,False,True,TARGET_CUT_RISK_UNRESOLVED / INCONCLUSIVE_RESEARCH,-9296,-2.5426695842450764,0.0,0.6472945891783567,0.6043913756490744,0.11785503384158806,True,False,True,TARGET_CUT_RISK_UNRESOLVED / INCONCLUSIVE_RESEARCH
M6_DELAY_8000MS_CONFIRM,10000,-1000,60000,False,False,False,False,-229744,-48.38753159224937,0.0,0.6443298969072165,0.6163952471063207,0.36736377764367234,False,False,True,TARGET_CUT_RISK_UNRESOLVED / INCONCLUSIVE_RESEARCH,39062,10.684354485776804,0.0,0.7305644302449414,0.7012899620239967,0.14908401401927504,True,False,True,TARGET_CUT_RISK_UNRESOLVED / INCONCLUSIVE_RESEARCH
M6_DELAY_8000MS_CONFIRM,10000,-1000,120000,False,False,False,False,-135513,-28.5410699241786,0.0,0.7573062261753494,0.7355170433487889,0.34184112549530354,False,False,True,TARGET_CUT_RISK_UNRESOLVED / INCONCLUSIVE_RESEARCH,81403,22.26559080962801,0.0,0.8090982940698619,0.7861952643586392,0.34416172508802934,False,False,True,TARGET_CUT_RISK_UNRESOLVED / INCONCLUSIVE_RESEARCH
M6_DELAY_8000MS_CONFIRM,10000,-700,30000,False,False,False,False,-53795,-11.330033698399326,0.0,0.6042402826855123,0.5633808525354136,0.19450760888577925,True,False,True,TARGET_CUT_RISK_UNRESOLVED / INCONCLUSIVE_RESEARCH,-27801,-7.6042122538293215,0.0,0.6460554371002132,0.6017509788027013,0.14539765562975762,True,False,True,TARGET_CUT_RISK_UNRESOLVED / INCONCLUSIVE_RESEARCH
M6_DELAY_8000MS_CONFIRM,10000,-700,60000,False,False,False,False,-223387,-47.04865206402696,0.0,0.6507352941176471,0.6219220407915727,0.42479392242476455,False,False,True,TARGET_CUT_RISK_UNRESOLVED / INCONCLUSIVE_RESEARCH,15486,4.235776805251641,0.0,0.7393736017897091,0.7096174523442531,0.1767190194438421,True,False,True,TARGET_CUT_RISK_UNRESOLVED / INCONCLUSIVE_RESEARCH
M6_DELAY_8000MS_CONFIRM,10000,-700,120000,False,False,False,False,-176251,-37.12110362257793,0.0,0.7666442501681238,0.7444758742943294,0.3662576641160189,False,False,True,TARGET_CUT_RISK_UNRESOLVED / INCONCLUSIVE_RESEARCH,56800,15.536105032822757,0.0,0.816482582837723,0.7933507861482794,0.3356712552689337,False,False,True,TARGET_CUT_RISK_UNRESOLVED / INCONCLUSIVE_RESEARCH
M6_DELAY_8000MS_CONFIRM,10000,-500,30000,False,False,False,False,-57199,-12.046967144060657,0.0,0.6203007518796992,0.5783378618667854,0.2299956048501771,True,False,True,TARGET_CUT_RISK_UNRESOLVED / INCONCLUSIVE_RESEARCH,-26160,-7.155361050328228,0.0,0.6559633027522935,0.610184440388912,0.11257965010244748,True,False,True,TARGET_CUT_RISK_UNRESOLVED / INCONCLUSIVE_RESEARCH
M6_DELAY_8000MS_CONFIRM,10000,-500,60000,False,False,False,False,-226562,-47.717354675652906,0.0,0.6570327552986512,0.6276230789498237,0.47117117472385767,False,False,True,TARGET_CUT_RISK_UNRESOLVED / INCONCLUSIVE_RESEARCH,5133,1.4039934354485777,0.0,0.749112426035503,0.7187992254658547,0.15542405823295657,True,False,True,TARGET_CUT_RISK_UNRESOLVED / INCONCLUSIVE_RESEARCH
M6_DELAY_8000MS_CONFIRM,10000,-500,120000,False,False,False,False,-214846,-45.24978938500421,0.0,0.7705263157894737,0.7479838747996495,0.4189100087686901,False,False,True,TARGET_CUT_RISK_UNRESOLVED / INCONCLUSIVE_RESEARCH,31448,8.601750547045953,0.0,0.8237924865831843,0.8003613951561708,0.34122368332924025,False,False,True,TARGET_CUT_RISK_UNRESOLVED / INCONCLUSIVE_RESEARCH
M6_DELAY_8000MS_CONFIRM,10000,-300,30000,False,False,False,False,-70129,-14.770219039595618,0.0,0.615866388308977,0.571550706773237,0.2992431462689914,False,False,True,TARGET_CUT_RISK_UNRESOLVED / INCONCLUSIVE_RESEARCH,-30404,-8.316192560175054,0.0,0.6691542288557214,0.621748283036303,0.1485420596841996,True,False,True,TARGET_CUT_RISK_UNRESOLVED / INCONCLUSIVE_RESEARCH
M6_DELAY_8000MS_CONFIRM,10000,-300,60000,False,False,False,False,-234945,-49.4829401853412,0.0,0.6599788806758183,0.6292155336114778,0.5947092315218636,False,False,True,TARGET_CUT_RISK_UNRESOLVED / INCONCLUSIVE_RESEARCH,-26363,-7.210886214442013,0.0,0.7582278481012659,0.7271679814107549,0.20123309700754924,True,False,True,TARGET_CUT_RISK_UNRESOLVED / INCONCLUSIVE_RESEARCH
M6_DELAY_8000MS_CONFIRM,10000,-300,120000,False,False,False,False,-255063,-53.72009267059815,0.0,0.780045351473923,0.7569321335198825,0.4982311103467761,False,False,True,TARGET_CUT_RISK_UNRESOLVED / INCONCLUSIVE_RESEARCH,-30683,-8.392505470459518,0.0,0.8311195445920304,0.8073084782215169,0.4513556913195149,False,False,True,TARGET_CUT_RISK_UNRESOLVED / INCONCLUSIVE_RESEARCH
M6_DELAY_8000MS_CONFIRM,10000,-200,30000,False,False,False,False,-68318,-14.388795282224095,0.0,0.6100917431192661,0.5635396206278888,0.36747676419965575,False,False,True,TARGET_CUT_RISK_UNRESOLVED / INCONCLUSIVE_RESEARCH,-32080,-8.774617067833699,0.0,0.6666666666666666,0.6176777360235929,0.18202005861045886,True,False,True,TARGET_CUT_RISK_UNRESOLVED / INCONCLUSIVE_RESEARCH
M6_DELAY_8000MS_CONFIRM,10000,-200,60000,False,False,False,False,-236609,-49.83340353833193,0.0,0.6636466591166478,0.6318346636743472,0.759482649758406,False,False,True,TARGET_CUT_RISK_UNRESOLVED / INCONCLUSIVE_RESEARCH,-37699,-10.311542669584245,0.0,0.7589403973509934,0.7271687848038685,0.18064634292679538,True,False,True,TARGET_CUT_RISK_UNRESOLVED / INCONCLUSIVE_RESEARCH
M6_DELAY_8000MS_CONFIRM,10000,-200,120000,False,False,False,False,-283885,-59.79043807919124,0.0,0.7874899759422614,0.7639194792888356,0.6098040390723317,False,False,True,TARGET_CUT_RISK_UNRESOLVED / INCONCLUSIVE_RESEARCH,-62787,-17.173687089715536,0.0,0.8344895936570862,0.8102982127530614,0.5133986676159941,False,False,True,TARGET_CUT_RISK_UNRESOLVED / INCONCLUSIVE_RESEARCH
M7_CLASS_RESTRICTED,1000,-6000,30000,False,False,False,False,203579,42.8767902274642,0.0,0.6019332161687171,0.5731961280719451,0.34812941329537883,False,False,False,TARGET_CUT_RISK_UNRESOLVED / INCONCLUSIVE_RESEARCH,281551,77.01066739606127,0.0,0.6572327044025157,0.6265374706120643,0.254646855150483,False,False,False,TARGET_CUT_RISK_UNRESOLVED / INCONCLUSIVE_RESEARCH
M7_CLASS_RESTRICTED,1000,-6000,60000,False,False,False,False,401707,84.60551811288964,0.0,0.6437299035369775,0.6195998162161326,0.4086212770494045,False,False,False,TARGET_CUT_RISK_UNRESOLVED / INCONCLUSIVE_RESEARCH,440554,120.50164113785559,0.0,0.6886363636363636,0.66313938888628,0.33273121433434977,False,False,False,TARGET_CUT_RISK_UNRESOLVED / INCONCLUSIVE_RESEARCH
M7_CLASS_RESTRICTED,1000,-6000,120000,False,False,False,False,611411,128.7723251895535,0.0,0.7033195020746889,0.6825415583296953,0.4167853725858033,False,False,False,TARGET_CUT_RISK_UNRESOLVED / INCONCLUSIVE_RESEARCH,557505,152.49042669584244,0.0,0.7284263959390863,0.7059319487348866,0.3599936595949612,False,False,False,TARGET_CUT_RISK_UNRESOLVED / INCONCLUSIVE_RESEARCH
M7_CLASS_RESTRICTED,1000,-5000,30000,False,False,False,False,195255,41.12363100252738,0.0,0.6024955436720143,0.5735574182138219,0.3604005697935927,False,False,False,TARGET_CUT_RISK_UNRESOLVED / INCONCLUSIVE_RESEARCH,258020,70.57439824945295,0.0,0.655282817502668,0.6242728138905207,0.27017757939693654,False,False,False,TARGET_CUT_RISK_UNRESOLVED / INCONCLUSIVE_RESEARCH
M7_CLASS_RESTRICTED,1000,-5000,60000,False,False,False,False,371150,78.16975568660489,0.0,0.6451822916666666,0.6209197779967123,0.43005532058130513,False,False,False,TARGET_CUT_RISK_UNRESOLVED / INCONCLUSIVE_RESEARCH,419186,114.65700218818381,0.0,0.6897081413210445,0.6640527024011534,0.33553536763612446,False,False,False,TARGET_CUT_RISK_UNRESOLVED / INCONCLUSIVE_RESEARCH
M7_CLASS_RESTRICTED,1000,-5000,120000,False,False,False,False,588385,123.92270429654592,0.0,0.7066526977475118,0.6858300621575831,0.42372759468407273,False,False,False,TARGET_CUT_RISK_UNRESOLVED / INCONCLUSIVE_RESEARCH,533648,145.96498905908095,0.0,0.7296082209377007,0.7070010165530041,0.3652222206999902,False,False,False,TARGET_CUT_RISK_UNRESOLVED / INCONCLUSIVE_RESEARCH
M7_CLASS_RESTRICTED,1000,-3000,30000,False,False,False,False,140587,29.60973041280539,0.0,0.6024551463644948,0.5726607070490369,0.4090415007388484,False,False,True,TARGET_CUT_RISK_UNRESOLVED / INCONCLUSIVE_RESEARCH,179327,49.05005470459518,0.0,0.6524184476940382,0.6205200000497931,0.308911496310527,False,False,True,TARGET_CUT_RISK_UNRESOLVED / INCONCLUSIVE_RESEARCH
M7_CLASS_RESTRICTED,1000,-3000,60000,False,False,False,False,237514,50.0240101095198,0.0,0.6441256830601093,0.6192525811460606,0.49859009232168955,False,False,False,TARGET_CUT_RISK_UNRESOLVED / INCONCLUSIVE_RESEARCH,288444,78.89606126914661,0.0,0.6941081517352704,0.6678836052364319,0.3869035243883903,False,False,True,TARGET_CUT_RISK_UNRESOLVED / INCONCLUSIVE_RESEARCH
M7_CLASS_RESTRICTED,1000,-3000,120000,False,False,False,False,388075,81.7344144903117,0.0,0.7075163398692811,0.6862922575713569,0.49850363061965086,False,False,False,TARGET_CUT_RISK_UNRESOLVED / INCONCLUSIVE_RESEARCH,402174,110.00382932166302,0.0,0.7416107382550335,0.7187823663792259,0.38921639205290887,False,False,True,TARGET_CUT_RISK_UNRESOLVED / INCONCLUSIVE_RESEARCH
M7_CLASS_RESTRICTED,1000,-2000,30000,False,False,False,False,77532,16.329401853411962,0.0,0.6038500506585613,0.5729910453312667,0.4947567832217063,False,False,True,TARGET_CUT_RISK_UNRESOLVED / INCONCLUSIVE_RESEARCH,112640,30.809628008752735,0.0,0.6630952380952381,0.6304537871832461,0.3710505819817168,False,False,True,TARGET_CUT_RISK_UNRESOLVED / INCONCLUSIVE_RESEARCH
M7_CLASS_RESTRICTED,1000,-2000,60000,False,False,False,False,133988,28.21988205560236,0.0,0.6463326071169209,0.6207047462142335,0.5804702135255585,False,False,True,TARGET_CUT_RISK_UNRESOLVED / INCONCLUSIVE_RESEARCH,199106,54.46006564551422,0.0,0.7071729957805907,0.6806274012445935,0.44387327421759243,False,False,True,TARGET_CUT_RISK_UNRESOLVED / INCONCLUSIVE_RESEARCH
M7_CLASS_RESTRICTED,1000,-2000,120000,False,False,False,False,240622,50.67860151642797,0.0,0.711340206185567,0.6896396839186025,0.5777247263007579,False,False,False,TARGET_CUT_RISK_UNRESOLVED / INCONCLUSIVE_RESEARCH,290809,79.542943107221,0.0,0.7529658060013956,0.7299789826416985,0.43429681807141124,False,False,True,TARGET_CUT_RISK_UNRESOLVED / INCONCLUSIVE_RESEARCH
M7_CLASS_RESTRICTED,1000,-1500,30000,False,False,False,False,55548,11.699241786015165,0.0,0.6114044350580782,0.579969242176492,0.5253875013641102,False,False,True,TARGET_CUT_RISK_UNRESOLVED / INCONCLUSIVE_RESEARCH,105772,28.931072210065647,0.0,0.6841448189762797,0.6511386593115495,0.36576055523423945,False,False,True,TARGET_CUT_RISK_UNRESOLVED / INCONCLUSIVE_RESEARCH
M7_CLASS_RESTRICTED,1000,-1500,60000,False,False,False,False,84252,17.74473462510531,0.0,0.6511627906976745,0.6251762905306533,0.6360046266496958,False,False,True,TARGET_CUT_RISK_UNRESOLVED / INCONCLUSIVE_RESEARCH,159971,43.75574398249453,0.0,0.7195442594215601,0.6927754237238866,0.450659733325918,False,False,True,TARGET_CUT_RISK_UNRESOLVED / INCONCLUSIVE_RESEARCH
M7_CLASS_RESTRICTED,1000,-1500,120000,False,False,False,False,183061,38.555391743892166,0.0,0.72,0.6981786358466454,0.6022041577639665,False,False,True,TARGET_CUT_RISK_UNRESOLVED / INCONCLUSIVE_RESEARCH,245288,67.09190371991247,0.0,0.7676767676767676,0.7447221437663495,0.4245556601784249,False,False,True,TARGET_CUT_RISK_UNRESOLVED / INCONCLUSIVE_RESEARCH
M7_CLASS_RESTRICTED,1000,-1000,30000,False,False,False,False,41950,8.835299073294019,0.0,0.6226851851851852,0.5898887134984927,0.5481849695222887,False,False,True,TARGET_CUT_RISK_UNRESOLVED / INCONCLUSIVE_RESEARCH,65473,17.908369803063458,0.0,0.6870748299319728,0.6526535345146189,0.41401255171116963,False,False,True,TARGET_CUT_RISK_UNRESOLVED / INCONCLUSIVE_RESEARCH
M7_CLASS_RESTRICTED,1000,-1000,60000,False,False,False,False,57078,12.021482729570346,0.0,0.6645161290322581,0.6377637055919918,0.6373536091761511,False,False,True,TARGET_CUT_RISK_UNRESOLVED / INCONCLUSIVE_RESEARCH,98326,26.894420131291028,0.0,0.7263355201499532,0.6988080362900445,0.5055005687637231,False,False,True,TARGET_CUT_RISK_UNRESOLVED / INCONCLUSIVE_RESEARCH
M7_CLASS_RESTRICTED,1000,-1000,120000,False,False,False,False,138978,29.270850884582984,0.0,0.7345409119300437,0.7123679741422334,0.5964186654339206,False,False,True,TARGET_CUT_RISK_UNRESOLVED / INCONCLUSIVE_RESEARCH,165034,45.14059080962801,0.0,0.7772692601067888,0.7539547175990612,0.46274184154867765,False,False,True,TARGET_CUT_RISK_UNRESOLVED / INCONCLUSIVE_RESEARCH
M7_CLASS_RESTRICTED,1000,-700,30000,False,False,False,False,24089,5.073504633529907,0.0,0.6366950182260024,0.6032715690900544,0.570143960822392,False,False,True,TARGET_CUT_RISK_UNRESOLVED / INCONCLUSIVE_RESEARCH,33477,9.156728665207877,0.0,0.6841359773371105,0.6489279155315295,0.49541298292358,False,False,True,TARGET_CUT_RISK_UNRESOLVED / INCONCLUSIVE_RESEARCH
M7_CLASS_RESTRICTED,1000,-700,60000,False,False,False,False,25427,5.35530749789385,0.0,0.6786610878661088,0.6516476456160533,0.683755919752022,False,False,True,TARGET_CUT_RISK_UNRESOLVED / INCONCLUSIVE_RESEARCH,49515,13.543490153172867,0.0,0.7293889427740058,0.7014555731874627,0.6064641209384509,False,False,True,TARGET_CUT_RISK_UNRESOLVED / INCONCLUSIVE_RESEARCH
M7_CLASS_RESTRICTED,1000,-700,120000,False,False,False,False,93577,19.70871946082561,0.0,0.7472598323662153,0.7250390995921535,0.6335362654658331,False,False,True,TARGET_CUT_RISK_UNRESOLVED / INCONCLUSIVE_RESEARCH,102185,27.949945295404813,0.0,0.7814465408805031,0.757906684817311,0.5466622690825008,False,False,True,TARGET_CUT_RISK_UNRESOLVED / INCONCLUSIVE_RESEARCH
M7_CLASS_RESTRICTED,1000,-500,30000,False,False,False,False,4795,1.009898904802022,0.0,0.6484771573604061,0.6144943460647923,0.6353724212642917,False,False,True,TARGET_CUT_RISK_UNRESOLVED / INCONCLUSIVE_RESEARCH,19834,5.425054704595186,0.0,0.7022222222222222,0.6666597284587947,0.5345343908763,False,False,True,TARGET_CUT_RISK_UNRESOLVED / INCONCLUSIVE_RESEARCH
M7_CLASS_RESTRICTED,1000,-500,60000,False,False,False,False,-5742,-1.209351305812974,0.0,0.6880415944540728,0.6607246836553707,0.7696950164006009,False,False,True,TARGET_CUT_RISK_UNRESOLVED / INCONCLUSIVE_RESEARCH,25430,6.955689277899343,0.0,0.7464788732394366,0.7185214314764322,0.6707951137628175,False,False,True,TARGET_CUT_RISK_UNRESOLVED / INCONCLUSIVE_RESEARCH
M7_CLASS_RESTRICTED,1000,-500,120000,False,False,False,False,42304,8.909856781802864,0.0,0.7549933422103862,0.7326101486745895,0.7183964927198846,False,False,True,TARGET_CUT_RISK_UNRESOLVED / INCONCLUSIVE_RESEARCH,66139,18.09053610503282,0.0,0.7951417004048583,0.7717334244179065,0.595974646847512,False,False,True,TARGET_CUT_RISK_UNRESOLVED / INCONCLUSIVE_RESEARCH
M7_CLASS_RESTRICTED,1000,-300,30000,False,False,False,False,-22138,-4.662594776748104,0.0,0.6510344827586206,0.6156253986354329,0.8482897770945427,False,False,True,TARGET_CUT_RISK_UNRESOLVED / INCONCLUSIVE_RESEARCH,-4677,-1.2792669584245075,0.0,0.7167449139280125,0.6805945171442597,0.7225687428621629,False,False,True,TARGET_CUT_RISK_UNRESOLVED / INCONCLUSIVE_RESEARCH
M7_CLASS_RESTRICTED,1000,-300,60000,False,False,False,False,-48992,-10.318449873631003,0.0,0.6920222634508348,0.6638222645397813,1.0239614267532553,False,False,True,TARGET_CUT_RISK_UNRESOLVED / INCONCLUSIVE_RESEARCH,-10193,-2.788019693654267,0.0,0.7586933614330874,0.7304625393227574,0.8721264788210394,False,False,True,TARGET_CUT_RISK_UNRESOLVED / INCONCLUSIVE_RESEARCH
M7_CLASS_RESTRICTED,1000,-300,120000,False,False,False,False,-28680,-6.040438079191238,0.0,0.766407904022583,0.7436752522152784,0.9759522039652514,False,False,True,TARGET_CUT_RISK_UNRESOLVED / INCONCLUSIVE_RESEARCH,5926,1.6208971553610503,0.0,0.8045492839090144,0.7810229684224682,0.7972858658561064,False,False,True,TARGET_CUT_RISK_UNRESOLVED / INCONCLUSIVE_RESEARCH
M7_CLASS_RESTRICTED,1000,-200,30000,False,False,False,False,-36564,-7.700926705981466,0.0,0.6508172362555721,0.6140373317869129,1.12755497127627,False,False,True,TARGET_CUT_RISK_UNRESOLVED / INCONCLUSIVE_RESEARCH,-23867,-6.528172866520788,0.0,0.7131011608623549,0.6757395054926821,1.0617444546616728,False,False,True,TARGET_CUT_RISK_UNRESOLVED / INCONCLUSIVE_RESEARCH
M7_CLASS_RESTRICTED,1000,-200,60000,False,False,False,False,-71241,-15.004422914911542,0.0,0.6996086105675147,0.6707981836699717,1.3786404151252576,False,False,True,TARGET_CUT_RISK_UNRESOLVED / INCONCLUSIVE_RESEARCH,-39315,-10.75355579868709,0.0,0.7560706401766004,0.7270637722655235,1.248849847390754,False,False,True,TARGET_CUT_RISK_UNRESOLVED / INCONCLUSIVE_RESEARCH
M7_CLASS_RESTRICTED,1000,-200,120000,False,False,False,False,-74958,-15.787278854254422,0.0,0.7743362831858407,0.7513300630135366,1.389387595799035,False,False,True,TARGET_CUT_RISK_UNRESOLVED / INCONCLUSIVE_RESEARCH,-36801,-10.065919037199125,0.0,0.8059701492537313,0.781991543495326,1.1868906675240862,False,False,True,TARGET_CUT_RISK_UNRESOLVED / INCONCLUSIVE_RESEARCH
M7_CLASS_RESTRICTED,1500,-6000,30000,False,False,False,False,188182,39.63395113732098,0.0,0.6021959459459459,0.5740296925371151,0.3434252276903195,False,False,False,TARGET_CUT_RISK_UNRESOLVED / INCONCLUSIVE_RESEARCH,281887,77.10257111597375,0.0,0.6579212916246215,0.6278256215477155,0.24007336222221387,True,False,True,TARGET_CUT_RISK_UNRESOLVED / INCONCLUSIVE_RESEARCH
M7_CLASS_RESTRICTED,1500,-6000,60000,False,False,False,False,388321,81.78622577927548,0.0,0.6449814126394052,0.6213172692419978,0.42411753790217827,False,False,False,TARGET_CUT_RISK_UNRESOLVED / INCONCLUSIVE_RESEARCH,474681,129.83615973741794,0.0,0.6912948061448427,0.6662984122648923,0.32418090279854683,False,False,False,TARGET_CUT_RISK_UNRESOLVED / INCONCLUSIVE_RESEARCH
M7_CLASS_RESTRICTED,1500,-6000,120000,False,False,False,False,610538,128.58845829823085,0.0,0.7082494969818913,0.6878811108619675,0.4450414574570686,False,False,False,TARGET_CUT_RISK_UNRESOLVED / INCONCLUSIVE_RESEARCH,621315,169.94392778993435,0.0,0.7364532019704434,0.7144864710910658,0.3609418941834683,False,False,False,TARGET_CUT_RISK_UNRESOLVED / INCONCLUSIVE_RESEARCH
M7_CLASS_RESTRICTED,1500,-5000,30000,False,False,False,False,180357,37.98588879528222,0.0,0.603595890410959,0.5752479210212165,0.3559979419056083,False,False,False,TARGET_CUT_RISK_UNRESOLVED / INCONCLUSIVE_RESEARCH,256392,70.12910284463895,0.0,0.6560574948665298,0.6256647575020802,0.2546456953444382,False,False,True,TARGET_CUT_RISK_UNRESOLVED / INCONCLUSIVE_RESEARCH
M7_CLASS_RESTRICTED,1500,-5000,60000,False,False,False,False,351821,74.09877843302444,0.0,0.6463949843260188,0.6226062222129816,0.44706172282856144,False,False,False,TARGET_CUT_RISK_UNRESOLVED / INCONCLUSIVE_RESEARCH,447415,122.37828227571116,0.0,0.69236471460341,0.6672194958767996,0.3277622806590817,False,False,True,TARGET_CUT_RISK_UNRESOLVED / INCONCLUSIVE_RESEARCH
M7_CLASS_RESTRICTED,1500,-5000,120000,False,False,False,False,576468,121.41280539174389,0.0,0.7115286947689182,0.6911208794332488,0.46047912883934883,False,False,False,TARGET_CUT_RISK_UNRESOLVED / INCONCLUSIVE_RESEARCH,590899,161.62445295404814,0.0,0.7375311720698254,0.715450378684619,0.3670944754245401,False,False,False,TARGET_CUT_RISK_UNRESOLVED / INCONCLUSIVE_RESEARCH
M7_CLASS_RESTRICTED,1500,-3000,30000,False,False,False,False,115621,24.35151642796967,0.0,0.603448275862069,0.5742548892234479,0.4149861034421416,False,False,True,TARGET_CUT_RISK_UNRESOLVED / INCONCLUSIVE_RESEARCH,172540,47.193654266958426,0.0,0.652972972972973,0.6217207316229946,0.2919487669545336,False,False,True,TARGET_CUT_RISK_UNRESOLVED / INCONCLUSIVE_RESEARCH
M7_CLASS_RESTRICTED,1500,-3000,60000,False,False,False,False,198441,41.79465037910699,0.0,0.6442687747035574,0.6198494797656735,0.5297662553359707,False,False,True,TARGET_CUT_RISK_UNRESOLVED / INCONCLUSIVE_RESEARCH,309516,84.6597374179431,0.0,0.6972762645914397,0.6715986967386744,0.3720697810948477,False,False,True,TARGET_CUT_RISK_UNRESOLVED / INCONCLUSIVE_RESEARCH
M7_CLASS_RESTRICTED,1500,-3000,120000,False,False,False,False,347355,73.15817186183656,0.0,0.7126984126984127,0.6918826911392719,0.5471542059147474,False,False,True,TARGET_CUT_RISK_UNRESOLVED / INCONCLUSIVE_RESEARCH,433202,118.49070021881838,0.0,0.75,0.727739612509151,0.40101211938456194,False,False,True,TARGET_CUT_RISK_UNRESOLVED / INCONCLUSIVE_RESEARCH
M7_CLASS_RESTRICTED,1500,-2000,30000,False,False,False,False,53473,11.262215669755687,0.0,0.6060311284046692,0.5758197855812752,0.4952730124268129,False,False,True,TARGET_CUT_RISK_UNRESOLVED / INCONCLUSIVE_RESEARCH,106241,29.059354485776804,0.0,0.6651428571428571,0.6332108304636275,0.34912155434440834,False,False,True,TARGET_CUT_RISK_UNRESOLVED / INCONCLUSIVE_RESEARCH
M7_CLASS_RESTRICTED,1500,-2000,60000,False,False,False,False,91069,19.18049705139006,0.0,0.6479663394109397,0.6228100729994512,0.6172048094738057,False,False,True,TARGET_CUT_RISK_UNRESOLVED / INCONCLUSIVE_RESEARCH,215373,58.909463894967175,0.0,0.7113821138211383,0.6854322611611371,0.4142431753988301,False,False,True,TARGET_CUT_RISK_UNRESOLVED / INCONCLUSIVE_RESEARCH
M7_CLASS_RESTRICTED,1500,-2000,120000,False,False,False,False,187742,39.54128053917439,0.0,0.716991643454039,0.6957065674271051,0.6357508894907333,False,False,True,TARGET_CUT_RISK_UNRESOLVED / INCONCLUSIVE_RESEARCH,312812,85.56126914660831,0.0,0.7631935047361299,0.7408552752045144,0.4450787084498116,False,False,True,TARGET_CUT_RISK_UNRESOLVED / INCONCLUSIVE_RESEARCH
M7_CLASS_RESTRICTED,1500,-1500,30000,False,False,False,False,28306,5.961668070766638,0.0,0.6123481781376519,0.5815886758029788,0.5287513447214971,False,False,True,TARGET_CUT_RISK_UNRESOLVED / INCONCLUSIVE_RESEARCH,100686,27.539934354485776,0.0,0.6854066985645934,0.6531422275449633,0.35277583113212635,False,False,True,TARGET_CUT_RISK_UNRESOLVED / INCONCLUSIVE_RESEARCH
M7_CLASS_RESTRICTED,1500,-1500,60000,False,False,False,False,35219,7.417649536647009,0.0,0.6521739130434783,0.6266540585713669,0.683359328293179,False,False,True,TARGET_CUT_RISK_UNRESOLVED / INCONCLUSIVE_RESEARCH,160582,43.92286652078774,0.0,0.7217537942664418,0.695564604920347,0.44653650760580166,False,False,True,TARGET_CUT_RISK_UNRESOLVED / INCONCLUSIVE_RESEARCH
M7_CLASS_RESTRICTED,1500,-1500,120000,False,False,False,False,120790,25.440185341196294,0.0,0.7240984544934173,0.7026646651791273,0.6816875603312503,False,False,True,TARGET_CUT_RISK_UNRESOLVED / INCONCLUSIVE_RESEARCH,249540,68.25492341356674,0.0,0.7749825296995109,0.7526265033961762,0.45609139094121426,False,False,True,TARGET_CUT_RISK_UNRESOLVED / INCONCLUSIVE_RESEARCH
M7_CLASS_RESTRICTED,1500,-1000,30000,False,False,False,False,15616,3.2889637742207247,0.0,0.6216814159292036,0.5896154890311275,0.5537293185198756,False,False,True,TARGET_CUT_RISK_UNRESOLVED / INCONCLUSIVE_RESEARCH,52607,14.389223194748359,0.0,0.687012987012987,0.6534000423723636,0.42312696064545235,False,False,True,TARGET_CUT_RISK_UNRESOLVED / INCONCLUSIVE_RESEARCH
M7_CLASS_RESTRICTED,1500,-1000,60000,False,False,False,False,12705,2.6758635214827295,0.0,0.6638132295719844,0.637529745118928,0.7044870249859404,False,False,True,TARGET_CUT_RISK_UNRESOLVED / INCONCLUSIVE_RESEARCH,89265,24.416028446389497,0.0,0.7281728172817282,0.7012588472485642,0.5135466454528264,False,False,True,TARGET_CUT_RISK_UNRESOLVED / INCONCLUSIVE_RESEARCH
M7_CLASS_RESTRICTED,1500,-1000,120000,False,False,False,False,77139,16.246630160067397,0.0,0.7363304981773997,0.7145116393216161,0.6969879799537237,False,False,True,TARGET_CUT_RISK_UNRESOLVED / INCONCLUSIVE_RESEARCH,161686,44.22483588621444,0.0,0.7837638376383764,0.7610582139918088,0.5017691126922371,False,False,True,TARGET_CUT_RISK_UNRESOLVED / INCONCLUSIVE_RESEARCH
M7_CLASS_RESTRICTED,1500,-700,30000,False,False,False,False,3245,0.6834456613310868,0.0,0.6353077816492451,0.6026210808716892,0.5659571544100935,False,False,True,TARGET_CUT_RISK_UNRESOLVED / INCONCLUSIVE_RESEARCH,20415,5.583971553610503,0.0,0.6851351351351351,0.6507875095495136,0.5171906868328344,False,False,True,TARGET_CUT_RISK_UNRESOLVED / INCONCLUSIVE_RESEARCH
M7_CLASS_RESTRICTED,1500,-700,60000,False,False,False,False,-11294,-2.3786857624262847,0.0,0.6790622473726758,0.6525270077324449,0.7389778311984808,False,False,True,TARGET_CUT_RISK_UNRESOLVED / INCONCLUSIVE_RESEARCH,44180,12.084245076586432,0.0,0.7353215284249767,0.7081193224048211,0.5977567958888187,False,False,True,TARGET_CUT_RISK_UNRESOLVED / INCONCLUSIVE_RESEARCH
M7_CLASS_RESTRICTED,1500,-700,120000,False,False,False,False,41725,8.787910699241786,0.0,0.7501569365976145,0.7283128577997365,0.7327051785749541,False,False,True,TARGET_CUT_RISK_UNRESOLVED / INCONCLUSIVE_RESEARCH,100836,27.580962800875273,0.0,0.791920731707317,0.7691187710694934,0.5771239842599812,False,False,True,TARGET_CUT_RISK_UNRESOLVED / INCONCLUSIVE_RESEARCH
M7_CLASS_RESTRICTED,1500,-500,30000,False,False,False,False,-13397,-2.821609098567818,0.0,0.6464891041162227,0.6132777757779195,0.6215592680986476,False,False,True,TARGET_CUT_RISK_UNRESOLVED / INCONCLUSIVE_RESEARCH,6315,1.7272975929978118,0.0,0.7009873060648801,0.6662780658081179,0.5741387046916289,False,False,True,TARGET_CUT_RISK_UNRESOLVED / INCONCLUSIVE_RESEARCH
M7_CLASS_RESTRICTED,1500,-500,60000,False,False,False,False,-43141,-9.08614153327717,0.0,0.6875522138680034,0.6607305580972306,0.8395689572823748,False,False,True,TARGET_CUT_RISK_UNRESOLVED / INCONCLUSIVE_RESEARCH,19871,5.435175054704596,0.0,0.750965250965251,0.7237369858921462,0.6559806697857671,False,False,True,TARGET_CUT_RISK_UNRESOLVED / INCONCLUSIVE_RESEARCH
M7_CLASS_RESTRICTED,1500,-500,120000,False,False,False,False,-3819,-0.8043386689132266,0.0,0.7585760517799353,0.7366125831905957,0.8165755609582359,False,False,True,TARGET_CUT_RISK_UNRESOLVED / INCONCLUSIVE_RESEARCH,61994,16.956783369803063,0.0,0.803921568627451,0.7812293584906395,0.6313322146246428,False,False,True,TARGET_CUT_RISK_UNRESOLVED / INCONCLUSIVE_RESEARCH
M7_CLASS_RESTRICTED,1500,-300,30000,False,False,False,False,-39394,-8.296967144060657,0.0,0.6482939632545932,0.6137234250070172,0.826822163058996,False,False,True,TARGET_CUT_RISK_UNRESOLVED / INCONCLUSIVE_RESEARCH,-19912,-5.446389496717725,0.0,0.7123695976154992,0.6769872279115805,0.7716608970687122,False,False,True,TARGET_CUT_RISK_UNRESOLVED / INCONCLUSIVE_RESEARCH
M7_CLASS_RESTRICTED,1500,-300,60000,False,False,False,False,-82008,-17.27211457455771,0.0,0.6907953529937444,0.6631022023013755,1.0738040662425912,False,False,True,TARGET_CUT_RISK_UNRESOLVED / INCONCLUSIVE_RESEARCH,-16487,-4.509573304157549,0.0,0.7631578947368421,0.7356606426781775,0.830179972311952,False,False,True,TARGET_CUT_RISK_UNRESOLVED / INCONCLUSIVE_RESEARCH
M7_CLASS_RESTRICTED,1500,-300,120000,False,False,False,False,-73706,-15.523588879528223,0.0,0.7688614540466392,0.7465332175574956,1.093598665395615,False,False,True,TARGET_CUT_RISK_UNRESOLVED / INCONCLUSIVE_RESEARCH,3374,0.9228665207877462,0.0,0.8137254901960784,0.790945123547419,0.7934805345729227,False,False,True,TARGET_CUT_RISK_UNRESOLVED / INCONCLUSIVE_RESEARCH
M7_CLASS_RESTRICTED,1500,-200,30000,False,False,False,False,-52114,-10.975989890480202,0.0,0.6473906911142454,0.6115137075659101,1.0170334235707201,False,False,True,TARGET_CUT_RISK_UNRESOLVED / INCONCLUSIVE_RESEARCH,-39429,-10.784737417943107,0.0,0.7086614173228346,0.6721497203161022,1.0936300567618704,False,False,True,TARGET_CUT_RISK_UNRESOLVED / INCONCLUSIVE_RESEARCH
M7_CLASS_RESTRICTED,1500,-200,60000,False,False,False,False,-100219,-21.107624262847516,0.0,0.6977401129943502,0.6694480820663549,1.3506957594119304,False,False,True,TARGET_CUT_RISK_UNRESOLVED / INCONCLUSIVE_RESEARCH,-48522,-13.271881838074398,0.0,0.7595338983050848,0.7312547151817549,1.1283784508749906,False,False,True,TARGET_CUT_RISK_UNRESOLVED / INCONCLUSIVE_RESEARCH
M7_CLASS_RESTRICTED,1500,-200,120000,False,False,False,False,-113570,-23.9195450716091,0.0,0.7772206303724928,0.7546485242896159,1.4411646471027393,False,False,True,TARGET_CUT_RISK_UNRESOLVED / INCONCLUSIVE_RESEARCH,-43521,-11.903993435448578,0.0,0.814468085106383,0.7912292055901653,1.1375259820789156,False,False,True,TARGET_CUT_RISK_UNRESOLVED / INCONCLUSIVE_RESEARCH
M7_CLASS_RESTRICTED,2000,-6000,30000,False,False,False,False,168955,35.58445661331087,0.0,0.6014790468364831,0.5736944809630296,0.35924569074671214,False,False,False,TARGET_CUT_RISK_UNRESOLVED / INCONCLUSIVE_RESEARCH,280947,76.84545951859957,0.0,0.6571428571428571,0.6273981853060173,0.24266303010705825,True,False,True,TARGET_CUT_RISK_UNRESOLVED / INCONCLUSIVE_RESEARCH
M7_CLASS_RESTRICTED,2000,-6000,60000,False,False,False,False,366228,77.13310867733783,0.0,0.6470234515935057,0.6237399767484133,0.42661664049017894,False,False,False,TARGET_CUT_RISK_UNRESOLVED / INCONCLUSIVE_RESEARCH,480920,131.5426695842451,0.0,0.6937321937321937,0.6691199147323905,0.3323408936929321,False,False,False,TARGET_CUT_RISK_UNRESOLVED / INCONCLUSIVE_RESEARCH
M7_CLASS_RESTRICTED,2000,-6000,120000,False,False,False,False,610513,128.58319292333613,0.0,0.7144259077526988,0.6944265068826457,0.45345572040664806,False,False,False,TARGET_CUT_RISK_UNRESOLVED / INCONCLUSIVE_RESEARCH,622236,170.19584245076587,0.0,0.7373798076923077,0.7157066440785029,0.3922688829812882,False,False,False,TARGET_CUT_RISK_UNRESOLVED / INCONCLUSIVE_RESEARCH
M7_CLASS_RESTRICTED,2000,-5000,30000,False,False,False,False,160130,33.72577927548441,0.0,0.6028309741881765,0.5748719488909946,0.3721681885676408,False,False,True,TARGET_CUT_RISK_UNRESOLVED / INCONCLUSIVE_RESEARCH,254110,69.50492341356674,0.0,0.655310621242485,0.6252793527888946,0.25702431497223777,False,False,True,TARGET_CUT_RISK_UNRESOLVED / INCONCLUSIVE_RESEARCH
M7_CLASS_RESTRICTED,2000,-5000,60000,False,False,False,False,325728,68.60320134793598,0.0,0.648418491484185,0.6250167080108093,0.44970347682745243,False,False,False,TARGET_CUT_RISK_UNRESOLVED / INCONCLUSIVE_RESEARCH,452970,123.89770240700219,0.0,0.6948051948051948,0.6700512899645965,0.3355256009631056,False,False,True,TARGET_CUT_RISK_UNRESOLVED / INCONCLUSIVE_RESEARCH
M7_CLASS_RESTRICTED,2000,-5000,120000,False,False,False,False,569164,119.87447346251054,0.0,0.7176820208023774,0.6976486388529878,0.4711768115019257,False,False,False,TARGET_CUT_RISK_UNRESOLVED / INCONCLUSIVE_RESEARCH,590941,161.6359409190372,0.0,0.7390510948905109,0.7172831029817899,0.39845912297829084,False,False,True,TARGET_CUT_RISK_UNRESOLVED / INCONCLUSIVE_RESEARCH
M7_CLASS_RESTRICTED,2000,-3000,30000,False,False,False,False,94088,19.816343723673125,0.0,0.6028243601059136,0.5740311700267716,0.4235466536394724,False,False,True,TARGET_CUT_RISK_UNRESOLVED / INCONCLUSIVE_RESEARCH,169668,46.40809628008753,0.0,0.6522655426765016,0.6214059939582482,0.2897577115671755,False,False,True,TARGET_CUT_RISK_UNRESOLVED / INCONCLUSIVE_RESEARCH
M7_CLASS_RESTRICTED,2000,-3000,60000,False,False,False,False,168113,35.40711878685762,0.0,0.6464194373401535,0.6223934085972717,0.5329656447227346,False,False,True,TARGET_CUT_RISK_UNRESOLVED / INCONCLUSIVE_RESEARCH,297771,81.44721006564552,0.0,0.6989409984871406,0.673666314621582,0.3849477185309153,False,False,True,TARGET_CUT_RISK_UNRESOLVED / INCONCLUSIVE_RESEARCH
M7_CLASS_RESTRICTED,2000,-3000,120000,False,False,False,False,329403,69.37721145745577,0.0,0.7195247933884298,0.699094316904652,0.5592196679295328,False,False,True,TARGET_CUT_RISK_UNRESOLVED / INCONCLUSIVE_RESEARCH,420543,115.02817286652079,0.0,0.7519035532994924,0.7299845332179692,0.4384810132032456,False,False,True,TARGET_CUT_RISK_UNRESOLVED / INCONCLUSIVE_RESEARCH
M7_CLASS_RESTRICTED,2000,-2000,30000,False,False,False,False,31789,6.695240101095198,0.0,0.6058601134215501,0.5760826118664886,0.4914427100867361,False,False,True,TARGET_CUT_RISK_UNRESOLVED / INCONCLUSIVE_RESEARCH,98004,26.806345733041574,0.0,0.664071190211346,0.6325564890063559,0.34422392500534,False,False,True,TARGET_CUT_RISK_UNRESOLVED / INCONCLUSIVE_RESEARCH
M7_CLASS_RESTRICTED,2000,-2000,60000,False,False,False,False,62323,13.126158382476833,0.0,0.6507828454731109,0.626039932602184,0.603663017182661,False,False,True,TARGET_CUT_RISK_UNRESOLVED / INCONCLUSIVE_RESEARCH,197589,54.04513129102845,0.0,0.7132701421800948,0.6877431069107133,0.43440133025723343,False,False,True,TARGET_CUT_RISK_UNRESOLVED / INCONCLUSIVE_RESEARCH
M7_CLASS_RESTRICTED,2000,-2000,120000,False,False,False,False,164809,34.71124684077506,0.0,0.7241566920565833,0.7032725797346551,0.6439163050990632,False,False,True,TARGET_CUT_RISK_UNRESOLVED / INCONCLUSIVE_RESEARCH,291344,79.68927789934355,0.0,0.7653263019116677,0.7433464597737337,0.49310761789600965,False,False,True,TARGET_CUT_RISK_UNRESOLVED / INCONCLUSIVE_RESEARCH
M7_CLASS_RESTRICTED,2000,-1500,30000,False,False,False,False,765,0.16112047177759056,0.0,0.6110019646365422,0.5806900070542433,0.5417900688488019,False,False,True,TARGET_CUT_RISK_UNRESOLVED / INCONCLUSIVE_RESEARCH,94170,25.75765864332604,0.0,0.6848837209302325,0.653071108446693,0.3516485435740159,False,False,True,TARGET_CUT_RISK_UNRESOLVED / INCONCLUSIVE_RESEARCH
M7_CLASS_RESTRICTED,2000,-1500,60000,False,False,False,False,-3717,-0.7828559393428812,0.0,0.6542515811665496,0.6291546414600738,0.6778084211841069,False,False,True,TARGET_CUT_RISK_UNRESOLVED / INCONCLUSIVE_RESEARCH,145422,39.77625820568928,0.0,0.723996723996724,0.6982501583785633,0.4614573581009546,False,False,True,TARGET_CUT_RISK_UNRESOLVED / INCONCLUSIVE_RESEARCH
M7_CLASS_RESTRICTED,2000,-1500,120000,False,False,False,False,83996,17.690817186183658,0.0,0.7301675977653631,0.7091281277981053,0.7060007262820817,False,False,True,TARGET_CUT_RISK_UNRESOLVED / INCONCLUSIVE_RESEARCH,231651,63.36187089715536,0.0,0.7772479564032697,0.7552547300614785,0.5022577433867315,False,False,True,TARGET_CUT_RISK_UNRESOLVED / INCONCLUSIVE_RESEARCH
M7_CLASS_RESTRICTED,2000,-1000,30000,False,False,False,False,-7313,-1.5402274641954508,0.0,0.6209850107066381,0.5894361713387448,0.5766095498282477,False,False,True,TARGET_CUT_RISK_UNRESOLVED / INCONCLUSIVE_RESEARCH,45935,12.564277899343544,0.0,0.6868686868686869,0.6537333684850885,0.4241032248426792,False,False,True,TARGET_CUT_RISK_UNRESOLVED / INCONCLUSIVE_RESEARCH
M7_CLASS_RESTRICTED,2000,-1000,60000,False,False,False,False,-23854,-5.024010109519798,0.0,0.6646571213263,0.6388127711130916,0.712278818150462,False,False,True,TARGET_CUT_RISK_UNRESOLVED / INCONCLUSIVE_RESEARCH,77034,21.070568927789935,0.0,0.7316433566433567,0.705222598084944,0.5417298543289687,False,False,True,TARGET_CUT_RISK_UNRESOLVED / INCONCLUSIVE_RESEARCH
M7_CLASS_RESTRICTED,2000,-1000,120000,False,False,False,False,44464,9.364785172704297,0.0,0.7411137440758294,0.7196870436372411,0.7196037897423869,False,False,True,TARGET_CUT_RISK_UNRESOLVED / INCONCLUSIVE_RESEARCH,141802,38.78610503282276,0.0,0.7863309352517985,0.7640086915810957,0.5734480813255702,False,False,True,TARGET_CUT_RISK_UNRESOLVED / INCONCLUSIVE_RESEARCH
M7_CLASS_RESTRICTED,2000,-700,30000,False,False,False,False,-15435,-3.2508424599831507,0.0,0.6341189674523008,0.6019784394937496,0.580009703094903,False,False,True,TARGET_CUT_RISK_UNRESOLVED / INCONCLUSIVE_RESEARCH,13318,3.6427789934354484,0.0,0.6863517060367454,0.6525432265142213,0.5049078867455244,False,False,True,TARGET_CUT_RISK_UNRESOLVED / INCONCLUSIVE_RESEARCH
M7_CLASS_RESTRICTED,2000,-700,60000,False,False,False,False,-43046,-9.066133108677338,0.0,0.6802507836990596,0.6541529509566133,0.7369837563387182,False,False,True,TARGET_CUT_RISK_UNRESOLVED / INCONCLUSIVE_RESEARCH,31858,8.713894967177243,0.0,0.7391304347826086,0.7124307518509013,0.6199055861526357,False,False,True,TARGET_CUT_RISK_UNRESOLVED / INCONCLUSIVE_RESEARCH
M7_CLASS_RESTRICTED,2000,-700,120000,False,False,False,False,11305,2.3810025273799496,0.0,0.7549019607843137,0.73345022207065,0.7478277186630756,False,False,True,TARGET_CUT_RISK_UNRESOLVED / INCONCLUSIVE_RESEARCH,84047,22.98878555798687,0.0,0.7955390334572491,0.7731578572617757,0.6434646566740501,False,False,True,TARGET_CUT_RISK_UNRESOLVED / INCONCLUSIVE_RESEARCH
M7_CLASS_RESTRICTED,2000,-500,30000,False,False,False,False,-31183,-6.567607413647852,0.0,0.6456140350877193,0.6129659437044372,0.6492150963629323,False,False,True,TARGET_CUT_RISK_UNRESOLVED / INCONCLUSIVE_RESEARCH,2924,0.799781181619256,0.0,0.7041095890410959,0.6699996333965285,0.5207854412947398,False,False,True,TARGET_CUT_RISK_UNRESOLVED / INCONCLUSIVE_RESEARCH
M7_CLASS_RESTRICTED,2000,-500,60000,False,False,False,False,-74743,-15.741996630160067,0.0,0.6888168557536467,0.6624328006238412,0.8340361554757818,False,False,True,TARGET_CUT_RISK_UNRESOLVED / INCONCLUSIVE_RESEARCH,11119,3.041301969365427,0.0,0.755868544600939,0.7291796108089555,0.6603657972113363,False,False,True,TARGET_CUT_RISK_UNRESOLVED / INCONCLUSIVE_RESEARCH
M7_CLASS_RESTRICTED,2000,-500,120000,False,False,False,False,-34623,-7.29212299915754,0.0,0.7629582806573957,0.7413810469402523,0.8339702385708342,False,False,True,TARGET_CUT_RISK_UNRESOLVED / INCONCLUSIVE_RESEARCH,50562,13.829868708971553,0.0,0.8078101071975498,0.7855500429911708,0.6844344478162641,False,False,True,TARGET_CUT_RISK_UNRESOLVED / INCONCLUSIVE_RESEARCH
M7_CLASS_RESTRICTED,2000,-300,30000,False,False,False,False,-56908,-11.985678180286437,0.0,0.6468354430379747,0.6128692164369934,0.8489106808876308,False,False,True,TARGET_CUT_RISK_UNRESOLVED / INCONCLUSIVE_RESEARCH,-24195,-6.6178884026258205,0.0,0.7144927536231884,0.679677570017341,0.6770343987636505,False,False,True,TARGET_CUT_RISK_UNRESOLVED / INCONCLUSIVE_RESEARCH
M7_CLASS_RESTRICTED,2000,-300,60000,False,False,False,False,-111147,-23.4092249368155,0.0,0.6921075455333912,0.6648610061803044,1.0549023694158375,False,False,True,TARGET_CUT_RISK_UNRESOLVED / INCONCLUSIVE_RESEARCH,-24522,-6.707330415754924,0.0,0.767487684729064,0.7405205302803679,0.8209123616351807,False,False,True,TARGET_CUT_RISK_UNRESOLVED / INCONCLUSIVE_RESEARCH
M7_CLASS_RESTRICTED,2000,-300,120000,False,False,False,False,-101563,-21.390690817186183,0.0,0.7734584450402144,0.7515317697629803,1.0921018019202946,False,False,True,TARGET_CUT_RISK_UNRESOLVED / INCONCLUSIVE_RESEARCH,-10266,-2.8079868708971554,0.0,0.8162939297124601,0.7938872358743105,0.8662054761447232,False,False,True,TARGET_CUT_RISK_UNRESOLVED / INCONCLUSIVE_RESEARCH
M7_CLASS_RESTRICTED,2000,-200,30000,False,False,False,False,-67582,-14.233782645324347,0.0,0.6467391304347826,0.6115265778965489,0.9930662209775047,False,False,True,TARGET_CUT_RISK_UNRESOLVED / INCONCLUSIVE_RESEARCH,-44312,-12.120350109409191,0.0,0.7110091743119266,0.6751159395082218,0.8966098389882444,False,False,True,TARGET_CUT_RISK_UNRESOLVED / INCONCLUSIVE_RESEARCH
M7_CLASS_RESTRICTED,2000,-200,60000,False,False,False,False,-122951,-25.895324347093513,0.0,0.70018281535649,0.672370623742083,1.2375479229446382,False,False,True,TARGET_CUT_RISK_UNRESOLVED / INCONCLUSIVE_RESEARCH,-56877,-15.557166301969366,0.0,0.7649484536082474,0.7372509603037133,1.0669894395897297,False,False,True,TARGET_CUT_RISK_UNRESOLVED / INCONCLUSIVE_RESEARCH
M7_CLASS_RESTRICTED,2000,-200,120000,False,False,False,False,-134659,-28.361204717775905,0.0,0.7829131652661064,0.7607869070979965,1.3547874265172593,False,False,True,TARGET_CUT_RISK_UNRESOLVED / INCONCLUSIVE_RESEARCH,-57386,-15.696389496717725,0.0,0.8178036605657238,0.7949807250432471,1.182826763666888,False,False,True,TARGET_CUT_RISK_UNRESOLVED / INCONCLUSIVE_RESEARCH
M7_CLASS_RESTRICTED,3000,-6000,30000,False,False,False,False,140308,29.550968828980622,0.0,0.6088353413654618,0.5814324858237749,0.3050632791001433,False,False,True,TARGET_CUT_RISK_UNRESOLVED / INCONCLUSIVE_RESEARCH,265575,72.64086433260394,0.0,0.6608527131782945,0.6314197936681277,0.21382228111810359,True,False,True,TARGET_CUT_RISK_UNRESOLVED / INCONCLUSIVE_RESEARCH
M7_CLASS_RESTRICTED,3000,-6000,60000,False,False,False,False,301201,63.437447346251055,0.0,0.6497076023391812,0.6267836660799496,0.43866240606016627,False,False,False,TARGET_CUT_RISK_UNRESOLVED / INCONCLUSIVE_RESEARCH,485724,132.85667396061268,0.0,0.7005571030640668,0.676358434414071,0.2982868797776499,False,False,True,TARGET_CUT_RISK_UNRESOLVED / INCONCLUSIVE_RESEARCH
M7_CLASS_RESTRICTED,3000,-6000,120000,False,False,False,False,542481,114.25463352990732,0.0,0.7196933397220892,0.7000333762130078,0.4848634214925995,False,False,False,TARGET_CUT_RISK_UNRESOLVED / INCONCLUSIVE_RESEARCH,637901,174.48057986870896,0.0,0.7485311398354877,0.7273753041086269,0.3880473840136094,False,False,True,TARGET_CUT_RISK_UNRESOLVED / INCONCLUSIVE_RESEARCH
M7_CLASS_RESTRICTED,3000,-5000,30000,False,False,False,False,131483,27.69229149115417,0.0,0.6102522375915378,0.5826832175201315,0.31534404192112264,False,False,True,TARGET_CUT_RISK_UNRESOLVED / INCONCLUSIVE_RESEARCH,237738,65.02680525164114,0.0,0.6591133004926109,0.6294013737434704,0.22628624650288123,True,False,True,TARGET_CUT_RISK_UNRESOLVED / INCONCLUSIVE_RESEARCH
M7_CLASS_RESTRICTED,3000,-5000,60000,False,False,False,False,257015,54.131213142375735,0.0,0.6510940272028386,0.6280576673870275,0.4621095585834354,False,False,True,TARGET_CUT_RISK_UNRESOLVED / INCONCLUSIVE_RESEARCH,452058,123.64824945295405,0.0,0.7016925246826516,0.6773604754857175,0.306601173376817,False,False,True,TARGET_CUT_RISK_UNRESOLVED / INCONCLUSIVE_RESEARCH
M7_CLASS_RESTRICTED,3000,-5000,120000,False,False,False,False,492988,103.83066554338669,0.0,0.7229206963249516,0.7032313662719666,0.5073536987007908,False,False,True,TARGET_CUT_RISK_UNRESOLVED / INCONCLUSIVE_RESEARCH,599932,164.09518599562364,0.0,0.7501487209994051,0.7288984863650627,0.3940396498650124,False,False,True,TARGET_CUT_RISK_UNRESOLVED / INCONCLUSIVE_RESEARCH
M7_CLASS_RESTRICTED,3000,-3000,30000,False,False,False,False,72195,15.205349620893008,0.0,0.6112068965517241,0.5828312084808684,0.3457344310237766,False,False,True,TARGET_CUT_RISK_UNRESOLVED / INCONCLUSIVE_RESEARCH,151794,41.5191466083151,0.0,0.6563146997929606,0.6257985643542485,0.2566809919262334,False,False,True,TARGET_CUT_RISK_UNRESOLVED / INCONCLUSIVE_RESEARCH
M7_CLASS_RESTRICTED,3000,-3000,60000,False,False,False,False,109208,23.00084245998315,0.0,0.651336233685519,0.6277157430128564,0.5348417450203177,False,False,True,TARGET_CUT_RISK_UNRESOLVED / INCONCLUSIVE_RESEARCH,287713,78.6961159737418,0.0,0.7060561299852289,0.681234941553002,0.34432916394754903,False,False,True,TARGET_CUT_RISK_UNRESOLVED / INCONCLUSIVE_RESEARCH
M7_CLASS_RESTRICTED,3000,-3000,120000,False,False,False,False,248064,52.24599831508004,0.0,0.7261724659606656,0.7061226748676078,0.5993921954616368,False,False,True,TARGET_CUT_RISK_UNRESOLVED / INCONCLUSIVE_RESEARCH,419778,114.81892778993435,0.0,0.7625542467451953,0.7411799569572308,0.430480819469535,False,False,True,TARGET_CUT_RISK_UNRESOLVED / INCONCLUSIVE_RESEARCH
M7_CLASS_RESTRICTED,3000,-2000,30000,False,False,False,False,7482,1.575821398483572,0.0,0.6143911439114391,0.585060183978881,0.39579213913885636,False,False,True,TARGET_CUT_RISK_UNRESOLVED / INCONCLUSIVE_RESEARCH,78998,21.607768052516413,0.0,0.66775956284153,0.6365947393425853,0.29573351741221454,False,False,True,TARGET_CUT_RISK_UNRESOLVED / INCONCLUSIVE_RESEARCH
M7_CLASS_RESTRICTED,3000,-2000,60000,False,False,False,False,106,0.02232518955349621,0.0,0.6558570483123759,0.6315342876428391,0.6116193319457672,False,False,True,TARGET_CUT_RISK_UNRESOLVED / INCONCLUSIVE_RESEARCH,183927,50.308260393873084,0.0,0.7201233616037008,0.6950684383842087,0.398927263299392,False,False,True,TARGET_CUT_RISK_UNRESOLVED / INCONCLUSIVE_RESEARCH
M7_CLASS_RESTRICTED,3000,-2000,120000,False,False,False,False,77305,16.281592249368156,0.0,0.7316684378320936,0.7111928709950884,0.6895335364545337,False,False,True,TARGET_CUT_RISK_UNRESOLVED / INCONCLUSIVE_RESEARCH,287295,78.58178336980306,0.0,0.7764175257731959,0.7550208519835988,0.47803873347679066,False,False,True,TARGET_CUT_RISK_UNRESOLVED / INCONCLUSIVE_RESEARCH
M7_CLASS_RESTRICTED,3000,-1500,30000,False,False,False,False,-18611,-3.919755686604886,0.0,0.6199616122840691,0.5900998090895965,0.407068274509458,False,False,True,TARGET_CUT_RISK_UNRESOLVED / INCONCLUSIVE_RESEARCH,69416,18.98687089715536,0.0,0.6860730593607306,0.6545847211136774,0.30294432299176705,False,False,True,TARGET_CUT_RISK_UNRESOLVED / INCONCLUSIVE_RESEARCH
M7_CLASS_RESTRICTED,3000,-1500,60000,False,False,False,False,-59094,-12.446082561078349,0.0,0.6600547195622435,0.6353823522935236,0.6614968222305113,False,False,True,TARGET_CUT_RISK_UNRESOLVED / INCONCLUSIVE_RESEARCH,123166,33.68873085339168,0.0,0.7290167865707434,0.7037137165417561,0.4374891941988428,False,False,True,TARGET_CUT_RISK_UNRESOLVED / INCONCLUSIVE_RESEARCH
M7_CLASS_RESTRICTED,3000,-1500,120000,False,False,False,False,9289,1.956402695871946,0.0,0.7392017495899399,0.7185930710890936,0.7400924880357047,False,False,True,TARGET_CUT_RISK_UNRESOLVED / INCONCLUSIVE_RESEARCH,224903,61.51613785557987,0.0,0.7876165113182424,0.7662123364678501,0.48427221199961573,False,False,True,TARGET_CUT_RISK_UNRESOLVED / INCONCLUSIVE_RESEARCH
M7_CLASS_RESTRICTED,3000,-1000,30000,False,False,False,False,-23716,-4.994945240101095,0.0,0.6311389759665622,0.6001020090250744,0.4169445590915566,False,False,True,TARGET_CUT_RISK_UNRESOLVED / INCONCLUSIVE_RESEARCH,22773,6.2289387308533914,0.0,0.6881188118811881,0.65534942037414,0.37236330057384076,False,False,True,TARGET_CUT_RISK_UNRESOLVED / INCONCLUSIVE_RESEARCH
M7_CLASS_RESTRICTED,3000,-1000,60000,False,False,False,False,-72251,-15.21714406065712,0.0,0.6718061674008811,0.6464162184615053,0.6969474138961146,False,False,True,TARGET_CUT_RISK_UNRESOLVED / INCONCLUSIVE_RESEARCH,56113,15.348194748358862,0.0,0.7376068376068377,0.7116502097326262,0.5132851382851383,False,False,True,TARGET_CUT_RISK_UNRESOLVED / INCONCLUSIVE_RESEARCH
M7_CLASS_RESTRICTED,3000,-1000,120000,False,False,False,False,-29900,-6.2973883740522325,0.0,0.7492745211839814,0.7282696197826294,0.7706528264172979,False,False,True,TARGET_CUT_RISK_UNRESOLVED / INCONCLUSIVE_RESEARCH,137155,37.51504376367615,0.0,0.7998590556730092,0.7782442003385748,0.5370469216206564,False,False,True,TARGET_CUT_RISK_UNRESOLVED / INCONCLUSIVE_RESEARCH
M7_CLASS_RESTRICTED,3000,-700,30000,False,False,False,False,-37753,-7.9513479359730415,0.0,0.6433260393873085,0.6117308009577346,0.47907558862129207,False,False,True,TARGET_CUT_RISK_UNRESOLVED / INCONCLUSIVE_RESEARCH,-8645,-2.3646061269146608,0.0,0.6885456885456885,0.6551238081970008,0.4272631056007949,False,False,True,TARGET_CUT_RISK_UNRESOLVED / INCONCLUSIVE_RESEARCH
M7_CLASS_RESTRICTED,3000,-700,60000,False,False,False,False,-96017,-20.222620050547597,0.0,0.6857360793287567,0.6600954546035961,0.7347422775782755,False,False,True,TARGET_CUT_RISK_UNRESOLVED / INCONCLUSIVE_RESEARCH,11975,3.275437636761488,0.0,0.745792736935341,0.7195903868034116,0.5910139698787599,False,False,True,TARGET_CUT_RISK_UNRESOLVED / INCONCLUSIVE_RESEARCH
M7_CLASS_RESTRICTED,3000,-700,120000,False,False,False,False,-69501,-14.637952822240944,0.0,0.7606478704259149,0.7395805280989366,0.8278429342307003,False,False,True,TARGET_CUT_RISK_UNRESOLVED / INCONCLUSIVE_RESEARCH,71213,19.47839168490153,0.0,0.8069919883466861,0.7852716038370255,0.6047596704623673,False,False,True,TARGET_CUT_RISK_UNRESOLVED / INCONCLUSIVE_RESEARCH
M7_CLASS_RESTRICTED,3000,-500,30000,False,False,False,False,-56904,-11.984835720303286,0.0,0.6533637400228051,0.6212600038997051,0.554966468497542,False,False,True,TARGET_CUT_RISK_UNRESOLVED / INCONCLUSIVE_RESEARCH,-18424,-5.039387308533917,0.0,0.7060402684563758,0.6723365901030189,0.47253794100256225,False,False,True,TARGET_CUT_RISK_UNRESOLVED / INCONCLUSIVE_RESEARCH
M7_CLASS_RESTRICTED,3000,-500,60000,False,False,False,False,-128305,-27.02295703454086,0.0,0.6929755327545383,0.6670255865686675,0.8299050771928714,False,False,True,TARGET_CUT_RISK_UNRESOLVED / INCONCLUSIVE_RESEARCH,-9923,-2.714168490153173,0.0,0.7621671258034894,0.7359863680564136,0.6394993473691682,False,False,True,TARGET_CUT_RISK_UNRESOLVED / INCONCLUSIVE_RESEARCH
M7_CLASS_RESTRICTED,3000,-500,120000,False,False,False,False,-115989,-24.429022746419545,0.0,0.7671826625386997,0.7459514162552193,0.928564347847637,False,False,True,TARGET_CUT_RISK_UNRESOLVED / INCONCLUSIVE_RESEARCH,37895,10.36515317286652,0.0,0.8195488721804511,0.7979702721060007,0.6399837774930349,False,False,True,TARGET_CUT_RISK_UNRESOLVED / INCONCLUSIVE_RESEARCH
M7_CLASS_RESTRICTED,3000,-300,30000,False,False,False,False,-80016,-16.85256950294861,0.0,0.655980271270037,0.6226192913994983,0.6715054712319096,False,False,True,TARGET_CUT_RISK_UNRESOLVED / INCONCLUSIVE_RESEARCH,-44211,-12.092724288840262,0.0,0.7163120567375887,0.6819338366405971,0.6002755326965467,False,False,True,TARGET_CUT_RISK_UNRESOLVED / INCONCLUSIVE_RESEARCH
M7_CLASS_RESTRICTED,3000,-300,60000,False,False,False,False,-156316,-32.92249368155013,0.0,0.6967905405405406,0.6700072337776698,1.0256448914481364,False,False,True,TARGET_CUT_RISK_UNRESOLVED / INCONCLUSIVE_RESEARCH,-45909,-12.557166301969366,0.0,0.7733847637415622,0.746922736160399,0.7976901023890784,False,False,True,TARGET_CUT_RISK_UNRESOLVED / INCONCLUSIVE_RESEARCH
M7_CLASS_RESTRICTED,3000,-300,120000,False,False,False,False,-168138,-35.412384161752314,0.0,0.7787261982928431,0.7571917987842348,1.16342749288659,False,False,True,TARGET_CUT_RISK_UNRESOLVED / INCONCLUSIVE_RESEARCH,-29612,-8.099562363238512,0.0,0.82574568288854,0.8039452405261103,0.8323441195009793,False,False,True,TARGET_CUT_RISK_UNRESOLVED / INCONCLUSIVE_RESEARCH
M7_CLASS_RESTRICTED,3000,-200,30000,False,False,False,False,-84037,-17.69945240101095,0.0,0.6574074074074074,0.6228585214294335,0.720447710054441,False,False,True,TARGET_CUT_RISK_UNRESOLVED / INCONCLUSIVE_RESEARCH,-63635,-17.40563457330416,0.0,0.7125748502994012,0.6771168397582619,0.7570588662263192,False,False,True,TARGET_CUT_RISK_UNRESOLVED / INCONCLUSIVE_RESEARCH
M7_CLASS_RESTRICTED,3000,-200,60000,False,False,False,False,-152984,-32.22072451558551,0.0,0.7064056939501779,0.6791152104593727,1.0956613203378331,False,False,True,TARGET_CUT_RISK_UNRESOLVED / INCONCLUSIVE_RESEARCH,-77192,-21.11378555798687,0.0,0.7709384460141272,0.7437582809103521,0.9948378209497841,False,False,True,TARGET_CUT_RISK_UNRESOLVED / INCONCLUSIVE_RESEARCH
M7_CLASS_RESTRICTED,3000,-200,120000,False,False,False,False,-181923,-38.31571187868576,0.0,0.7901234567901234,0.7684721035586831,1.3480992714112467,False,False,True,TARGET_CUT_RISK_UNRESOLVED / INCONCLUSIVE_RESEARCH,-77166,-21.106673960612692,0.0,0.8274734260016353,0.8052805741509861,1.0965754290772396,False,False,True,TARGET_CUT_RISK_UNRESOLVED / INCONCLUSIVE_RESEARCH
M7_CLASS_RESTRICTED,5000,-6000,30000,False,False,False,False,90881,19.14090143218197,0.0,0.6092136616362193,0.5819684948950027,0.22470839468673148,True,True,True,INCONCLUSIVE_RESEARCH,246810,67.5082056892779,0.0,0.6644165863066538,0.6351169376668041,0.13415770070463964,True,True,True,INCONCLUSIVE_RESEARCH
M7_CLASS_RESTRICTED,5000,-6000,60000,False,False,False,False,156702,33.003791069924176,0.0,0.6493135011441648,0.6266383222556403,0.3832369403861813,False,False,True,TARGET_CUT_RISK_UNRESOLVED / INCONCLUSIVE_RESEARCH,479684,131.20459518599563,0.0,0.7077028885832187,0.68380219194728,0.2454946010515511,True,False,True,TARGET_CUT_RISK_UNRESOLVED / INCONCLUSIVE_RESEARCH
M7_CLASS_RESTRICTED,5000,-6000,120000,False,False,False,False,408708,86.08003369839932,0.0,0.7260338345864662,0.7066901082134762,0.4703835338024634,False,False,True,TARGET_CUT_RISK_UNRESOLVED / INCONCLUSIVE_RESEARCH,606362,165.8539387308534,0.0,0.7579617834394905,0.7372028149754372,0.3795178245730393,False,False,True,TARGET_CUT_RISK_UNRESOLVED / INCONCLUSIVE_RESEARCH
M7_CLASS_RESTRICTED,5000,-5000,30000,False,False,False,False,80056,16.86099410278012,0.0,0.6106194690265486,0.5832110811187574,0.2328090505081486,True,False,True,TARGET_CUT_RISK_UNRESOLVED / INCONCLUSIVE_RESEARCH,223024,61.00218818380744,0.0,0.6637254901960784,0.6341663756348942,0.14143559793610186,True,True,True,INCONCLUSIVE_RESEARCH
M7_CLASS_RESTRICTED,5000,-5000,60000,False,False,False,False,108500,22.85172704296546,0.0,0.6504629629629629,0.6276697269337362,0.4041837279044955,False,False,True,TARGET_CUT_RISK_UNRESOLVED / INCONCLUSIVE_RESEARCH,450898,123.33096280087527,0.0,0.7096100278551533,0.6855969016823064,0.250717569936575,False,False,True,TARGET_CUT_RISK_UNRESOLVED / INCONCLUSIVE_RESEARCH
M7_CLASS_RESTRICTED,5000,-5000,120000,False,False,False,False,351591,74.05033698399326,0.0,0.7291271347248577,0.7097517275201063,0.49275289270953393,False,False,True,TARGET_CUT_RISK_UNRESOLVED / INCONCLUSIVE_RESEARCH,574881,157.24316192560175,0.0,0.7602579132473622,0.7394288401842393,0.37703620302606977,False,False,True,TARGET_CUT_RISK_UNRESOLVED / INCONCLUSIVE_RESEARCH
M7_CLASS_RESTRICTED,5000,-3000,30000,False,False,False,False,21630,4.555602358887953,0.0,0.6112531969309463,0.583037168943991,0.2506557620934275,False,False,True,TARGET_CUT_RISK_UNRESOLVED / INCONCLUSIVE_RESEARCH,136926,37.45240700218818,0.0,0.6611740473738414,0.6308204495064159,0.16009401764440723,True,False,True,TARGET_CUT_RISK_UNRESOLVED / INCONCLUSIVE_RESEARCH
M7_CLASS_RESTRICTED,5000,-3000,60000,False,False,False,False,-37132,-7.820556023588879,0.0,0.6498172959805115,0.6264188834805743,0.4522631480420465,False,False,True,TARGET_CUT_RISK_UNRESOLVED / INCONCLUSIVE_RESEARCH,268113,73.33506564551422,0.0,0.7145985401459855,0.6901107001783532,0.2870667039066626,False,False,True,TARGET_CUT_RISK_UNRESOLVED / INCONCLUSIVE_RESEARCH
M7_CLASS_RESTRICTED,5000,-3000,120000,False,False,False,False,83024,17.486099410278012,0.0,0.7315502724120851,0.7117938330065574,0.5846213388990216,False,False,True,TARGET_CUT_RISK_UNRESOLVED / INCONCLUSIVE_RESEARCH,368229,100.71909190371991,0.0,0.7730886850152905,0.7521605907603834,0.41888093998608195,False,False,True,TARGET_CUT_RISK_UNRESOLVED / INCONCLUSIVE_RESEARCH
M7_CLASS_RESTRICTED,5000,-2000,30000,False,False,False,False,-37739,-7.948399326032013,0.0,0.614963503649635,0.5858011638428195,0.2612926837655543,False,False,True,TARGET_CUT_RISK_UNRESOLVED / INCONCLUSIVE_RESEARCH,60019,16.416575492341355,0.0,0.6724700761697497,0.6414642871777592,0.18381391053898666,True,False,True,TARGET_CUT_RISK_UNRESOLVED / INCONCLUSIVE_RESEARCH
M7_CLASS_RESTRICTED,5000,-2000,60000,False,False,False,False,-135959,-28.635004212299915,0.0,0.6551948051948052,0.6310961903882303,0.5239451244454234,False,False,True,TARGET_CUT_RISK_UNRESOLVED / INCONCLUSIVE_RESEARCH,159143,43.52926695842451,0.0,0.7284515636918383,0.7037348015083398,0.33586704736894263,False,False,True,TARGET_CUT_RISK_UNRESOLVED / INCONCLUSIVE_RESEARCH
M7_CLASS_RESTRICTED,5000,-2000,120000,False,False,False,False,-63552,-13.385004212299915,0.0,0.7386304234187141,0.7184767555759733,0.6624497867992807,False,False,True,TARGET_CUT_RISK_UNRESOLVED / INCONCLUSIVE_RESEARCH,248659,68.01394967177242,0.0,0.7885350318471338,0.7676442359175569,0.44833395837983414,False,False,True,TARGET_CUT_RISK_UNRESOLVED / INCONCLUSIVE_RESEARCH
M7_CLASS_RESTRICTED,5000,-1500,30000,False,False,False,False,-57599,-12.131213142375737,0.0,0.6204933586337761,0.5908099190664139,0.24778346644432325,True,False,True,TARGET_CUT_RISK_UNRESOLVED / INCONCLUSIVE_RESEARCH,48389,13.235503282275712,0.0,0.6897727272727273,0.6584399880491865,0.1712344902141117,True,True,True,INCONCLUSIVE_RESEARCH
M7_CLASS_RESTRICTED,5000,-1500,60000,False,False,False,False,-182558,-38.44945240101095,0.0,0.6597315436241611,0.635290789505111,0.5650417045914883,False,False,True,TARGET_CUT_RISK_UNRESOLVED / INCONCLUSIVE_RESEARCH,103477,28.303336980306344,0.0,0.7373417721518988,0.712387991304207,0.36358102509858886,False,False,True,TARGET_CUT_RISK_UNRESOLVED / INCONCLUSIVE_RESEARCH
M7_CLASS_RESTRICTED,5000,-1500,120000,False,False,False,False,-106294,-22.387110362257793,0.0,0.7475780409041981,0.7273287276337875,0.6983310195678453,False,False,True,TARGET_CUT_RISK_UNRESOLVED / INCONCLUSIVE_RESEARCH,192226,52.578227571115974,0.0,0.7992100065832785,0.7783213450270761,0.45206909501581494,False,False,True,TARGET_CUT_RISK_UNRESOLVED / INCONCLUSIVE_RESEARCH
M7_CLASS_RESTRICTED,5000,-1000,30000,False,False,False,False,-62439,-13.150589721988206,0.0,0.631198347107438,0.6003413147414768,0.30666798603355905,False,False,True,TARGET_CUT_RISK_UNRESOLVED / INCONCLUSIVE_RESEARCH,4151,1.1353938730853392,0.0,0.6929716399506781,0.6603780763747457,0.2057330482850256,True,False,True,TARGET_CUT_RISK_UNRESOLVED / INCONCLUSIVE_RESEARCH
M7_CLASS_RESTRICTED,5000,-1000,60000,False,False,False,False,-191582,-40.350042122999156,0.0,0.6705118961788031,0.6453344433999698,0.6006772642352721,False,False,True,TARGET_CUT_RISK_UNRESOLVED / INCONCLUSIVE_RESEARCH,45389,12.414934354485776,0.0,0.7470389170896785,0.7214837999904115,0.4012458164235776,False,False,True,TARGET_CUT_RISK_UNRESOLVED / INCONCLUSIVE_RESEARCH
M7_CLASS_RESTRICTED,5000,-1000,120000,False,False,False,False,-148548,-31.286436394271274,0.0,0.7564322469982847,0.7357681583307801,0.7731251132706785,False,False,True,TARGET_CUT_RISK_UNRESOLVED / INCONCLUSIVE_RESEARCH,114388,31.287746170678336,0.0,0.8129797627355199,0.7919639091868426,0.49116032047662417,False,False,True,TARGET_CUT_RISK_UNRESOLVED / INCONCLUSIVE_RESEARCH
M7_CLASS_RESTRICTED,5000,-700,30000,False,False,False,False,-72836,-15.340353833192923,0.0,0.6439393939393939,0.6125274103374495,0.34302388867025596,False,False,True,TARGET_CUT_RISK_UNRESOLVED / INCONCLUSIVE_RESEARCH,-28542,-7.8068927789934355,0.0,0.6935897435897436,0.6603542313717672,0.2520202204635682,False,False,True,TARGET_CUT_RISK_UNRESOLVED / INCONCLUSIVE_RESEARCH
M7_CLASS_RESTRICTED,5000,-700,60000,False,False,False,False,-203088,-42.77337826453243,0.0,0.684407796101949,0.6589688184672888,0.6608745620994974,False,False,True,TARGET_CUT_RISK_UNRESOLVED / INCONCLUSIVE_RESEARCH,-2711,-0.7415207877461707,0.0,0.7552631578947369,0.7294759638795345,0.4648672611131442,False,False,True,TARGET_CUT_RISK_UNRESOLVED / INCONCLUSIVE_RESEARCH
M7_CLASS_RESTRICTED,5000,-700,120000,False,False,False,False,-188663,-39.73525695029486,0.0,0.7674556213017751,0.7467216180383167,0.8404770384880796,False,False,True,TARGET_CUT_RISK_UNRESOLVED / INCONCLUSIVE_RESEARCH,53610,14.663566739606127,0.0,0.8203463203463204,0.7992586517767736,0.5349803401085563,False,False,True,TARGET_CUT_RISK_UNRESOLVED / INCONCLUSIVE_RESEARCH
M7_CLASS_RESTRICTED,5000,-500,30000,False,False,False,False,-90242,-19.006318449873632,0.0,0.6538895152198422,0.621979127831766,0.39392462221310004,False,False,True,TARGET_CUT_RISK_UNRESOLVED / INCONCLUSIVE_RESEARCH,-36558,-9.99945295404814,0.0,0.7112299465240641,0.6777386048625549,0.2700731773649824,False,False,True,TARGET_CUT_RISK_UNRESOLVED / INCONCLUSIVE_RESEARCH
M7_CLASS_RESTRICTED,5000,-500,60000,False,False,False,False,-223635,-47.10088458298231,0.0,0.691233514352211,0.6654761498854138,0.7199214865046724,False,False,True,TARGET_CUT_RISK_UNRESOLVED / INCONCLUSIVE_RESEARCH,-26625,-7.282549234135668,0.0,0.7709090909090909,0.7451570307363665,0.5112352634475567,False,False,True,TARGET_CUT_RISK_UNRESOLVED / INCONCLUSIVE_RESEARCH
M7_CLASS_RESTRICTED,5000,-500,120000,False,False,False,False,-230120,-48.466722830665546,0.0,0.773365913255956,0.7524590582120193,0.9377363246785985,False,False,True,TARGET_CUT_RISK_UNRESOLVED / INCONCLUSIVE_RESEARCH,8130,2.223741794310722,0.0,0.8301043219076006,0.8090763973886946,0.5947186066111059,False,False,True,TARGET_CUT_RISK_UNRESOLVED / INCONCLUSIVE_RESEARCH
M7_CLASS_RESTRICTED,5000,-300,30000,False,False,False,False,-112118,-23.613732097725357,0.0,0.656516443361754,0.6233723316266492,0.4952545717303096,False,False,True,TARGET_CUT_RISK_UNRESOLVED / INCONCLUSIVE_RESEARCH,-59007,-16.13977024070022,0.0,0.7217514124293786,0.687612460632505,0.32915860184447226,False,False,True,TARGET_CUT_RISK_UNRESOLVED / INCONCLUSIVE_RESEARCH
M7_CLASS_RESTRICTED,5000,-300,60000,False,False,False,False,-248159,-52.26600673967987,0.0,0.6943521594684385,0.6677464117316216,0.8852010172119146,False,False,True,TARGET_CUT_RISK_UNRESOLVED / INCONCLUSIVE_RESEARCH,-62476,-17.088621444201312,0.0,0.7814885496183206,0.7554663299119485,0.6191631889977407,False,False,True,TARGET_CUT_RISK_UNRESOLVED / INCONCLUSIVE_RESEARCH
M7_CLASS_RESTRICTED,5000,-300,120000,False,False,False,False,-280096,-58.99241786015164,0.0,0.7835385612443292,0.7622991127041724,1.2132048881507995,False,False,True,TARGET_CUT_RISK_UNRESOLVED / INCONCLUSIVE_RESEARCH,-58973,-16.130470459518598,0.0,0.8359253499222395,0.8146892936766768,0.7602662162009639,False,False,True,TARGET_CUT_RISK_UNRESOLVED / INCONCLUSIVE_RESEARCH
M7_CLASS_RESTRICTED,5000,-200,30000,False,False,False,False,-113921,-23.99347093513058,0.0,0.657516339869281,0.6231770128197515,0.5438251424217455,False,False,True,TARGET_CUT_RISK_UNRESOLVED / INCONCLUSIVE_RESEARCH,-76784,-21.00218818380744,0.0,0.7183308494783904,0.6831278339082599,0.3744521048306091,False,False,True,TARGET_CUT_RISK_UNRESOLVED / INCONCLUSIVE_RESEARCH
M7_CLASS_RESTRICTED,5000,-200,60000,False,False,False,False,-238268,-50.182813816343725,0.0,0.7016622922134733,0.674498399804994,0.9793161574119508,False,False,True,TARGET_CUT_RISK_UNRESOLVED / INCONCLUSIVE_RESEARCH,-91215,-24.949398249452955,0.0,0.779441117764471,0.7527282452173587,0.7268278261088361,False,False,True,TARGET_CUT_RISK_UNRESOLVED / INCONCLUSIVE_RESEARCH
M7_CLASS_RESTRICTED,5000,-200,120000,False,False,False,False,-291271,-61.34604043807919,0.0,0.7921462423832092,0.7707075890610902,1.4312138881761152,False,False,True,TARGET_CUT_RISK_UNRESOLVED / INCONCLUSIVE_RESEARCH,-104583,-28.605853391684903,0.0,0.8380566801619433,0.8164672706692677,0.9541467581877241,False,False,True,TARGET_CUT_RISK_UNRESOLVED / INCONCLUSIVE_RESEARCH
M7_CLASS_RESTRICTED,6000,-6000,30000,False,False,False,False,70117,14.767691659646166,0.0,0.6088677751385589,0.5816629915652214,0.21741092398795636,True,False,True,TARGET_CUT_RISK_UNRESOLVED / INCONCLUSIVE_RESEARCH,232945,63.715809628008756,0.0,0.6637764932562621,0.6344801155535911,0.13050867399631338,True,True,True,INCONCLUSIVE_RESEARCH
M7_CLASS_RESTRICTED,6000,-6000,60000,False,False,False,False,118004,24.853411962931762,0.0,0.6501706484641638,0.6275715189312041,0.33363924246391585,False,False,True,TARGET_CUT_RISK_UNRESOLVED / INCONCLUSIVE_RESEARCH,469715,128.47784463894968,0.0,0.708904109589041,0.6850785578638726,0.21066394359555302,True,False,True,TARGET_CUT_RISK_UNRESOLVED / INCONCLUSIVE_RESEARCH
M7_CLASS_RESTRICTED,6000,-6000,120000,False,False,False,False,419893,88.43576242628475,0.0,0.7301587301587301,0.7109614695576119,0.40853408190350704,False,False,True,TARGET_CUT_RISK_UNRESOLVED / INCONCLUSIVE_RESEARCH,581022,158.92286652078775,0.0,0.7599309153713298,0.7392848538480664,0.37053219272477406,False,False,True,TARGET_CUT_RISK_UNRESOLVED / INCONCLUSIVE_RESEARCH
M7_CLASS_RESTRICTED,6000,-5000,30000,False,False,False,False,59292,12.487784330244313,0.0,0.6102646351242983,0.5828973078657849,0.22523925468058423,True,False,True,TARGET_CUT_RISK_UNRESOLVED / INCONCLUSIVE_RESEARCH,209159,57.209792122538296,0.0,0.66307541625857,0.633519761568465,0.13758861582723897,True,True,True,INCONCLUSIVE_RESEARCH
M7_CLASS_RESTRICTED,6000,-5000,60000,False,False,False,False,69802,14.701347935973041,0.0,0.6513233601841196,0.6286074808357653,0.3517170284268657,False,False,True,TARGET_CUT_RISK_UNRESOLVED / INCONCLUSIVE_RESEARCH,440840,120.57986870897156,0.0,0.7108183079056866,0.686881809581069,0.21336230795537883,True,False,True,TARGET_CUT_RISK_UNRESOLVED / INCONCLUSIVE_RESEARCH
M7_CLASS_RESTRICTED,6000,-5000,120000,False,False,False,False,361193,76.07266217354676,0.0,0.7332704995287465,0.7140445749942902,0.4277273403517768,False,False,True,TARGET_CUT_RISK_UNRESOLVED / INCONCLUSIVE_RESEARCH,550583,150.59710065645515,0.0,0.7622377622377622,0.7415238442440034,0.36568014555005335,False,False,True,TARGET_CUT_RISK_UNRESOLVED / INCONCLUSIVE_RESEARCH
M7_CLASS_RESTRICTED,6000,-3000,30000,False,False,False,False,2866,0.6036225779275485,0.0,0.610875106202209,0.5827038644739991,0.2374471262480551,True,False,True,TARGET_CUT_RISK_UNRESOLVED / INCONCLUSIVE_RESEARCH,124061,33.933533916849015,0.0,0.6604938271604939,0.6301443573320834,0.15315431343507846,True,False,True,TARGET_CUT_RISK_UNRESOLVED / INCONCLUSIVE_RESEARCH
M7_CLASS_RESTRICTED,6000,-3000,60000,False,False,False,False,-70317,-14.809814658803706,0.0,0.6507263922518159,0.6274114664358268,0.3793037241304973,False,False,True,TARGET_CUT_RISK_UNRESOLVED / INCONCLUSIVE_RESEARCH,258055,70.58397155361051,0.0,0.715843023255814,0.6914375696439233,0.23466725319984869,True,False,True,TARGET_CUT_RISK_UNRESOLVED / INCONCLUSIVE_RESEARCH
M7_CLASS_RESTRICTED,6000,-3000,120000,False,False,False,False,94772,19.960404380791914,0.0,0.736350221347762,0.716764411704739,0.5003752089747566,False,False,True,TARGET_CUT_RISK_UNRESOLVED / INCONCLUSIVE_RESEARCH,351383,96.11132385120351,0.0,0.7755474452554745,0.7547503320996531,0.39591789992952786,False,False,True,TARGET_CUT_RISK_UNRESOLVED / INCONCLUSIVE_RESEARCH
M7_CLASS_RESTRICTED,6000,-2000,30000,False,False,False,False,-55014,-11.586773378264532,0.0,0.6145454545454545,0.5854323979565497,0.25504705022777313,False,False,True,TARGET_CUT_RISK_UNRESOLVED / INCONCLUSIVE_RESEARCH,48154,13.171225382932166,0.0,0.6717391304347826,0.640736360685536,0.1721805709762881,True,False,True,TARGET_CUT_RISK_UNRESOLVED / INCONCLUSIVE_RESEARCH
M7_CLASS_RESTRICTED,6000,-2000,60000,False,False,False,False,-168319,-35.45050547598989,0.0,0.6559070367979342,0.6318892987496703,0.43480209196002134,False,False,True,TARGET_CUT_RISK_UNRESOLVED / INCONCLUSIVE_RESEARCH,147794,40.42505470459518,0.0,0.729483282674772,0.704840255309722,0.2754230912145044,False,False,True,TARGET_CUT_RISK_UNRESOLVED / INCONCLUSIVE_RESEARCH
M7_CLASS_RESTRICTED,6000,-2000,120000,False,False,False,False,-53345,-11.235256950294861,0.0,0.7435098650051921,0.72353566105211,0.5603388191320716,False,False,True,TARGET_CUT_RISK_UNRESOLVED / INCONCLUSIVE_RESEARCH,242085,66.21580962800876,0.0,0.7913760304375397,0.770625633396939,0.4175268618938264,False,False,True,TARGET_CUT_RISK_UNRESOLVED / INCONCLUSIVE_RESEARCH
M7_CLASS_RESTRICTED,6000,-1500,30000,False,False,False,False,-71874,-15.137742207245156,0.0,0.6200378071833649,0.5904060488187846,0.23200522013170005,True,False,True,TARGET_CUT_RISK_UNRESOLVED / INCONCLUSIVE_RESEARCH,40931,11.195568927789934,0.0,0.6897727272727273,0.6584399880491865,0.15112057698823758,True,False,True,TARGET_CUT_RISK_UNRESOLVED / INCONCLUSIVE_RESEARCH
M7_CLASS_RESTRICTED,6000,-1500,60000,False,False,False,False,-210418,-44.317186183656275,0.0,0.6604402935290193,0.6360843478556262,0.4511408501084005,False,False,True,TARGET_CUT_RISK_UNRESOLVED / INCONCLUSIVE_RESEARCH,99825,27.304431072210065,0.0,0.739542225730071,0.7146775484704788,0.292690490116889,False,False,True,TARGET_CUT_RISK_UNRESOLVED / INCONCLUSIVE_RESEARCH
M7_CLASS_RESTRICTED,6000,-1500,120000,False,False,False,False,-104063,-21.917228306655435,0.0,0.7518716577540107,0.731791968077502,0.5949842407875151,False,False,True,TARGET_CUT_RISK_UNRESOLVED / INCONCLUSIVE_RESEARCH,191648,52.42013129102845,0.0,0.80249343832021,0.7817556406348126,0.41943585548484213,False,False,True,TARGET_CUT_RISK_UNRESOLVED / INCONCLUSIVE_RESEARCH
M7_CLASS_RESTRICTED,6000,-1000,30000,False,False,False,False,-72756,-15.323504633529907,0.0,0.631307929969104,0.6005006571761097,0.2730451456447565,False,False,True,TARGET_CUT_RISK_UNRESOLVED / INCONCLUSIVE_RESEARCH,-2307,-0.6310175054704595,0.0,0.6929716399506781,0.6603780763747457,0.17492994455185806,True,False,True,TARGET_CUT_RISK_UNRESOLVED / INCONCLUSIVE_RESEARCH
M7_CLASS_RESTRICTED,6000,-1000,60000,False,False,False,False,-209455,-44.11436394271272,0.0,0.6716845878136201,0.6465996982130855,0.4578439493529266,False,False,True,TARGET_CUT_RISK_UNRESOLVED / INCONCLUSIVE_RESEARCH,43448,11.88402625820569,0.0,0.7491554054054054,0.723684191145692,0.31364843790983704,False,False,True,TARGET_CUT_RISK_UNRESOLVED / INCONCLUSIVE_RESEARCH
M7_CLASS_RESTRICTED,6000,-1000,120000,False,False,False,False,-149724,-31.53411962931761,0.0,0.7607954545454545,0.7403109404026569,0.6598170896725382,False,False,True,TARGET_CUT_RISK_UNRESOLVED / INCONCLUSIVE_RESEARCH,104623,28.6167943107221,0.0,0.8155880306193458,0.7947040835053392,0.4724060972538901,False,False,True,TARGET_CUT_RISK_UNRESOLVED / INCONCLUSIVE_RESEARCH
M7_CLASS_RESTRICTED,6000,-700,30000,False,False,False,False,-82153,-17.302653748946923,0.0,0.6440129449838188,0.612653710092191,0.2989257005484186,False,False,True,TARGET_CUT_RISK_UNRESOLVED / INCONCLUSIVE_RESEARCH,-35000,-9.573304157549234,0.0,0.6935897435897436,0.6603542313717672,0.2142868321795427,True,False,True,TARGET_CUT_RISK_UNRESOLVED / INCONCLUSIVE_RESEARCH
M7_CLASS_RESTRICTED,6000,-700,60000,False,False,False,False,-217740,-45.85930918281382,0.0,0.6855439642324889,0.6602031655554517,0.4918708507467353,False,False,True,TARGET_CUT_RISK_UNRESOLVED / INCONCLUSIVE_RESEARCH,-4059,-1.1102297592997812,0.0,0.7583187390542907,0.7326500685681113,0.3701633241087892,False,False,True,TARGET_CUT_RISK_UNRESOLVED / INCONCLUSIVE_RESEARCH
M7_CLASS_RESTRICTED,6000,-700,120000,False,False,False,False,-191512,-40.33529907329402,0.0,0.7718988830099941,0.7513586066564731,0.7162588369074311,False,False,True,TARGET_CUT_RISK_UNRESOLVED / INCONCLUSIVE_RESEARCH,44119,12.067560175054705,0.0,0.823021582733813,0.8020757371004824,0.5222764047434334,False,False,True,TARGET_CUT_RISK_UNRESOLVED / INCONCLUSIVE_RESEARCH
M7_CLASS_RESTRICTED,6000,-500,30000,False,False,False,False,-99746,-21.008003369839933,0.0,0.6539325842696629,0.6220776528491276,0.3661899819517657,False,False,True,TARGET_CUT_RISK_UNRESOLVED / INCONCLUSIVE_RESEARCH,-42016,-11.492341356673961,0.0,0.7112299465240641,0.6777386048625549,0.21800150529065393,True,False,True,TARGET_CUT_RISK_UNRESOLVED / INCONCLUSIVE_RESEARCH
M7_CLASS_RESTRICTED,6000,-500,60000,False,False,False,False,-238405,-50.21166807076664,0.0,0.69236700077101,0.6667129007242815,0.5508074606642507,False,False,True,TARGET_CUT_RISK_UNRESOLVED / INCONCLUSIVE_RESEARCH,-27768,-7.595185995623632,0.0,0.7740471869328494,0.748428115036611,0.408799471733481,False,False,True,TARGET_CUT_RISK_UNRESOLVED / INCONCLUSIVE_RESEARCH
M7_CLASS_RESTRICTED,6000,-500,120000,False,False,False,False,-246138,-51.84035383319292,0.0,0.7766990291262136,0.7559619183447074,0.8207886101996552,False,False,True,TARGET_CUT_RISK_UNRESOLVED / INCONCLUSIVE_RESEARCH,-67,-0.018326039387308535,0.0,0.8328380386329867,0.8119635999883451,0.5815689353540038,False,False,True,TARGET_CUT_RISK_UNRESOLVED / INCONCLUSIVE_RESEARCH
M7_CLASS_RESTRICTED,6000,-300,30000,False,False,False,False,-120822,-25.4469250210615,0.0,0.6565533980582524,0.623471399517398,0.450965865817351,False,False,True,TARGET_CUT_RISK_UNRESOLVED / INCONCLUSIVE_RESEARCH,-63465,-17.35913566739606,0.0,0.7217514124293786,0.687612460632505,0.24829434484449855,True,False,True,TARGET_CUT_RISK_UNRESOLVED / INCONCLUSIVE_RESEARCH
M7_CLASS_RESTRICTED,6000,-300,60000,False,False,False,False,-260625,-54.89153327716934,0.0,0.6955445544554455,0.669053073197463,0.6761481415296641,False,False,True,TARGET_CUT_RISK_UNRESOLVED / INCONCLUSIVE_RESEARCH,-71887,-19.662746170678336,0.0,0.7833969465648855,0.7574463531388103,0.5051906863131352,False,False,True,TARGET_CUT_RISK_UNRESOLVED / INCONCLUSIVE_RESEARCH
M7_CLASS_RESTRICTED,6000,-300,120000,False,False,False,False,-300537,-63.29759898904802,0.0,0.7863577863577863,0.7652858692460818,1.075150560489891,False,False,True,TARGET_CUT_RISK_UNRESOLVED / INCONCLUSIVE_RESEARCH,-73697,-20.157822757111596,0.0,0.8385093167701864,0.8174110053457709,0.7591107980939251,False,False,True,TARGET_CUT_RISK_UNRESOLVED / INCONCLUSIVE_RESEARCH
M7_CLASS_RESTRICTED,6000,-200,30000,False,False,False,False,-122054,-25.706402695871947,0.0,0.6575520833333334,0.6232817750953187,0.5246797503332715,False,False,True,TARGET_CUT_RISK_UNRESOLVED / INCONCLUSIVE_RESEARCH,-80242,-21.948030634573303,0.0,0.7183308494783904,0.6831278339082599,0.2576477034060816,False,False,True,TARGET_CUT_RISK_UNRESOLVED / INCONCLUSIVE_RESEARCH
M7_CLASS_RESTRICTED,6000,-200,60000,False,False,False,False,-256824,-54.09098567818029,0.0,0.7019982623805386,0.6749384159964648,0.8267787604591229,False,False,True,TARGET_CUT_RISK_UNRESOLVED / INCONCLUSIVE_RESEARCH,-99661,-27.25957330415755,0.0,0.781437125748503,0.7547998059361345,0.6084207483014575,False,False,True,TARGET_CUT_RISK_UNRESOLVED / INCONCLUSIVE_RESEARCH
M7_CLASS_RESTRICTED,6000,-200,120000,False,False,False,False,-322275,-67.87594776748105,0.0,0.7936827956989247,0.7723784405136036,1.3000196569650482,False,False,True,TARGET_CUT_RISK_UNRESOLVED / INCONCLUSIVE_RESEARCH,-121839,-33.3257658643326,0.0,0.8407437348423605,0.8193018964410507,0.9736911091875851,False,False,True,TARGET_CUT_RISK_UNRESOLVED / INCONCLUSIVE_RESEARCH
M7_CLASS_RESTRICTED,7500,-6000,30000,False,False,False,False,57510,12.112468407750631,0.0,0.6088677751385589,0.5816629915652214,0.1848360939774066,True,True,True,INCONCLUSIVE_RESEARCH,229706,62.82986870897155,0.0,0.6647398843930635,0.6354602222125708,0.08874299970114734,True,True,True,INCONCLUSIVE_RESEARCH
M7_CLASS_RESTRICTED,7500,-6000,60000,False,True,False,False,80748,17.006739679865206,0.0,0.6507394766780432,0.6281474686467807,0.2901368566885099,False,False,True,TARGET_CUT_RISK_UNRESOLVED / INCONCLUSIVE_RESEARCH,517061,141.4280634573304,0.0,0.713013698630137,0.689275049246282,0.128065555952012,True,True,True,PROMISING_OFFLINE_ONLY
M7_CLASS_RESTRICTED,7500,-6000,120000,False,False,False,False,400291,84.30728727885426,0.0,0.7351704810836058,0.7160709502337936,0.3809531924625055,False,False,True,TARGET_CUT_RISK_UNRESOLVED / INCONCLUSIVE_RESEARCH,619314,169.39660831509846,0.0,0.7651122625215889,0.7446045314868571,0.298393497602079,False,False,True,TARGET_CUT_RISK_UNRESOLVED / INCONCLUSIVE_RESEARCH
M7_CLASS_RESTRICTED,7500,-5000,30000,False,False,False,False,46685,9.832561078348778,0.0,0.6102646351242983,0.5828973078657849,0.1914915004355887,True,True,True,INCONCLUSIVE_RESEARCH,205920,56.32385120350109,0.0,0.6640548481880509,0.6345161981415817,0.09352634975410776,True,True,True,INCONCLUSIVE_RESEARCH
M7_CLASS_RESTRICTED,7500,-5000,60000,False,True,False,False,31546,6.644060657118787,0.0,0.6518987341772152,0.6291901640003684,0.3061094017032964,False,False,True,TARGET_CUT_RISK_UNRESOLVED / INCONCLUSIVE_RESEARCH,477235,130.53473741794312,0.0,0.7142857142857143,0.6904236967687689,0.1347662477309042,True,True,True,PROMISING_OFFLINE_ONLY
M7_CLASS_RESTRICTED,7500,-5000,120000,False,False,False,False,337878,71.16217354675653,0.0,0.7383309759547383,0.719206115948246,0.39930588968105846,False,False,True,TARGET_CUT_RISK_UNRESOLVED / INCONCLUSIVE_RESEARCH,588326,160.9206783369803,0.0,0.7674825174825175,0.7469112831536673,0.29485183254658187,False,False,True,TARGET_CUT_RISK_UNRESOLVED / INCONCLUSIVE_RESEARCH
M7_CLASS_RESTRICTED,7500,-3000,30000,False,False,False,False,-18615,-3.920598146588037,0.0,0.610875106202209,0.5827038644739991,0.21367250721272255,True,True,True,REJECTED_FOR_RUNTIME,122322,33.45787746170679,0.0,0.661522633744856,0.6311909780102608,0.09502272078771076,True,True,True,INCONCLUSIVE_RESEARCH
M7_CLASS_RESTRICTED,7500,-3000,60000,False,True,False,False,-112036,-23.596461668070766,0.0,0.6513317191283293,0.6280246048333609,0.35044420069136556,False,False,True,TARGET_CUT_RISK_UNRESOLVED / INCONCLUSIVE_RESEARCH,291385,79.70049234135668,0.0,0.7194767441860465,0.6951535952315583,0.15155414863454988,True,True,True,PROMISING_OFFLINE_ONLY
M7_CLASS_RESTRICTED,7500,-3000,120000,False,False,False,False,63259,13.323294018534119,0.0,0.7411417322834646,0.7216548282599505,0.47269220563011544,False,False,True,TARGET_CUT_RISK_UNRESOLVED / INCONCLUSIVE_RESEARCH,384170,105.0793216630197,0.0,0.781021897810219,0.7603885963422319,0.30201959359955055,False,False,True,TARGET_CUT_RISK_UNRESOLVED / INCONCLUSIVE_RESEARCH
M7_CLASS_RESTRICTED,7500,-2000,30000,False,False,False,False,-80943,-17.04780960404381,0.0,0.6145454545454545,0.5854323979565497,0.24342547234113499,True,False,True,TARGET_CUT_RISK_UNRESOLVED / INCONCLUSIVE_RESEARCH,47915,13.105853391684901,0.0,0.6728260869565217,0.641844409664947,0.09364492998052294,True,True,True,INCONCLUSIVE_RESEARCH
M7_CLASS_RESTRICTED,7500,-2000,60000,False,True,False,False,-214979,-45.277801179443976,0.0,0.6559070367979342,0.6318892987496703,0.41605641712139946,False,False,True,TARGET_CUT_RISK_UNRESOLVED / INCONCLUSIVE_RESEARCH,179124,48.9945295404814,0.0,0.7332826747720365,0.7087352390278355,0.16617931435511252,True,True,True,PROMISING_OFFLINE_ONLY
M7_CLASS_RESTRICTED,7500,-2000,120000,False,False,False,False,-87183,-18.362047177759056,0.0,0.7480519480519481,0.7281775479272176,0.5253961681785674,False,False,True,TARGET_CUT_RISK_UNRESOLVED / INCONCLUSIVE_RESEARCH,271554,74.27625820568927,0.0,0.7970830691185796,0.7765229387103161,0.3077219569883054,False,False,True,TARGET_CUT_RISK_UNRESOLVED / INCONCLUSIVE_RESEARCH
M7_CLASS_RESTRICTED,7500,-1500,30000,False,False,False,False,-93783,-19.75210614995788,0.0,0.6200378071833649,0.5904060488187846,0.23138119783786248,True,False,True,TARGET_CUT_RISK_UNRESOLVED / INCONCLUSIVE_RESEARCH,39803,10.887035010940918,0.0,0.6909090909090909,0.6596021089425608,0.10976344662005108,True,False,True,TARGET_CUT_RISK_UNRESOLVED / INCONCLUSIVE_RESEARCH
M7_CLASS_RESTRICTED,7500,-1500,60000,False,False,False,False,-249578,-52.564869418702614,0.0,0.6604402935290193,0.6360843478556262,0.4163468950102187,False,False,True,TARGET_CUT_RISK_UNRESOLVED / INCONCLUSIVE_RESEARCH,106155,29.035831509846826,0.0,0.7411207576953434,0.7162987148376099,0.20158416423580242,True,False,True,TARGET_CUT_RISK_UNRESOLVED / INCONCLUSIVE_RESEARCH
M7_CLASS_RESTRICTED,7500,-1500,120000,False,False,False,False,-127401,-26.83256107834878,0.0,0.7565543071161048,0.7365844283056151,0.5395255017656788,False,False,True,TARGET_CUT_RISK_UNRESOLVED / INCONCLUSIVE_RESEARCH,200337,54.796772428884026,0.0,0.8064304461942258,0.7858338041047405,0.3294848371259086,False,False,True,TARGET_CUT_RISK_UNRESOLVED / INCONCLUSIVE_RESEARCH
M7_CLASS_RESTRICTED,7500,-1000,30000,False,False,False,False,-93165,-19.621946082561077,0.0,0.631307929969104,0.6005006571761097,0.2669860135916307,False,False,True,TARGET_CUT_RISK_UNRESOLVED / INCONCLUSIVE_RESEARCH,-3243,-0.8870350109409191,0.0,0.6942046855733662,0.6616406788545032,0.1443045297160439,True,False,True,TARGET_CUT_RISK_UNRESOLVED / INCONCLUSIVE_RESEARCH
M7_CLASS_RESTRICTED,7500,-1000,60000,False,False,False,False,-243367,-51.256739679865206,0.0,0.6716845878136201,0.6465996982130855,0.4200092515894446,False,False,True,TARGET_CUT_RISK_UNRESOLVED / INCONCLUSIVE_RESEARCH,49686,13.590262582056893,0.0,0.7508445945945946,0.7254231693830758,0.21906005652767332,True,False,True,TARGET_CUT_RISK_UNRESOLVED / INCONCLUSIVE_RESEARCH
M7_CLASS_RESTRICTED,7500,-1000,120000,False,False,False,False,-170462,-35.90185341196293,0.0,0.7657760090960773,0.7454183056104842,0.5994902540540463,False,False,True,TARGET_CUT_RISK_UNRESOLVED / INCONCLUSIVE_RESEARCH,116364,31.828227571115974,0.0,0.8197633959638135,0.7990450692016393,0.3516727579896772,False,False,True,TARGET_CUT_RISK_UNRESOLVED / INCONCLUSIVE_RESEARCH
M7_CLASS_RESTRICTED,7500,-700,30000,False,False,False,False,-101062,-21.285172704296546,0.0,0.6440129449838188,0.612653710092191,0.28549069691733653,False,False,True,TARGET_CUT_RISK_UNRESOLVED / INCONCLUSIVE_RESEARCH,-36035,-9.856400437636761,0.0,0.6948717948717948,0.6616676340844572,0.17623840435770893,True,False,True,TARGET_CUT_RISK_UNRESOLVED / INCONCLUSIVE_RESEARCH
M7_CLASS_RESTRICTED,7500,-700,60000,False,False,False,False,-246499,-51.916385846672284,0.0,0.6855439642324889,0.6602031655554517,0.4473272816333337,False,False,True,TARGET_CUT_RISK_UNRESOLVED / INCONCLUSIVE_RESEARCH,7451,2.038019693654267,0.0,0.7609457092819615,0.7353602843076409,0.2680409694920925,False,False,True,TARGET_CUT_RISK_UNRESOLVED / INCONCLUSIVE_RESEARCH
M7_CLASS_RESTRICTED,7500,-700,120000,False,False,False,False,-220414,-46.42249368155013,0.0,0.7758823529411765,0.7554503899869982,0.6632074911132161,False,False,True,TARGET_CUT_RISK_UNRESOLVED / INCONCLUSIVE_RESEARCH,61560,16.838074398249454,0.0,0.8273381294964028,0.8065736761659388,0.35848871257991904,False,False,True,TARGET_CUT_RISK_UNRESOLVED / INCONCLUSIVE_RESEARCH
M7_CLASS_RESTRICTED,7500,-500,30000,False,False,False,False,-118655,-24.990522325189552,0.0,0.6539325842696629,0.6220776528491276,0.34973183289277915,False,False,True,TARGET_CUT_RISK_UNRESOLVED / INCONCLUSIVE_RESEARCH,-41751,-11.419857768052516,0.0,0.7125668449197861,0.679113131779067,0.16289909256347723,True,False,True,TARGET_CUT_RISK_UNRESOLVED / INCONCLUSIVE_RESEARCH
M7_CLASS_RESTRICTED,7500,-500,60000,False,False,False,False,-269062,-56.66849199663016,0.0,0.69236700077101,0.6667129007242815,0.5318802715090536,False,False,True,TARGET_CUT_RISK_UNRESOLVED / INCONCLUSIVE_RESEARCH,-13858,-3.7904814004376366,0.0,0.7767695099818511,0.7512464248839242,0.27456315439296847,False,False,True,TARGET_CUT_RISK_UNRESOLVED / INCONCLUSIVE_RESEARCH
M7_CLASS_RESTRICTED,7500,-500,120000,False,False,False,False,-278931,-58.74705139005897,0.0,0.7802064359441409,0.7595678054322808,0.7892846615341934,False,False,True,TARGET_CUT_RISK_UNRESOLVED / INCONCLUSIVE_RESEARCH,20903,5.717450765864332,0.0,0.837295690936107,0.8166224133883638,0.3843333737529057,False,False,True,TARGET_CUT_RISK_UNRESOLVED / INCONCLUSIVE_RESEARCH
M7_CLASS_RESTRICTED,7500,-300,30000,False,False,False,False,-139163,-29.309814658803706,0.0,0.6565533980582524,0.623471399517398,0.4736065914283736,False,False,True,TARGET_CUT_RISK_UNRESOLVED / INCONCLUSIVE_RESEARCH,-63478,-17.362691466083152,0.0,0.7231638418079096,0.6890685021791451,0.22411943044011445,True,False,True,TARGET_CUT_RISK_UNRESOLVED / INCONCLUSIVE_RESEARCH
M7_CLASS_RESTRICTED,7500,-300,60000,False,False,False,False,-291604,-61.4161752316765,0.0,0.6955445544554455,0.669053073197463,0.663389027877055,False,False,True,TARGET_CUT_RISK_UNRESOLVED / INCONCLUSIVE_RESEARCH,-67509,-18.465262582056894,0.0,0.7853053435114504,0.7594271586675697,0.37969675397943814,False,False,True,TARGET_CUT_RISK_UNRESOLVED / INCONCLUSIVE_RESEARCH
M7_CLASS_RESTRICTED,7500,-300,120000,False,False,False,False,-326830,-68.83529907329402,0.0,0.7900837089504186,0.7691257598493131,1.0018348455518757,False,False,True,TARGET_CUT_RISK_UNRESOLVED / INCONCLUSIVE_RESEARCH,-65207,-17.835612691466082,0.0,0.842391304347826,0.8214774275719499,0.5437939417832972,False,False,True,TARGET_CUT_RISK_UNRESOLVED / INCONCLUSIVE_RESEARCH
M7_CLASS_RESTRICTED,7500,-200,30000,False,False,False,False,-138895,-29.253369839932603,0.0,0.6575520833333334,0.6232817750953187,0.5403059918249155,False,False,True,TARGET_CUT_RISK_UNRESOLVED / INCONCLUSIVE_RESEARCH,-78855,-21.568654266958426,0.0,0.7198211624441133,0.6846641219396764,0.20978920807025664,True,False,True,TARGET_CUT_RISK_UNRESOLVED / INCONCLUSIVE_RESEARCH
M7_CLASS_RESTRICTED,7500,-200,60000,False,False,False,False,-286303,-60.299705139005894,0.0,0.7019982623805386,0.6749384159964648,0.8020515207593011,False,False,True,TARGET_CUT_RISK_UNRESOLVED / INCONCLUSIVE_RESEARCH,-93983,-25.706509846827135,0.0,0.783433133732535,0.7568722330898481,0.4381213427779489,False,False,True,TARGET_CUT_RISK_UNRESOLVED / INCONCLUSIVE_RESEARCH
M7_CLASS_RESTRICTED,7500,-200,120000,False,False,False,False,-350887,-73.90206402695873,0.0,0.7975790181573639,0.7764017437545903,1.253519715215753,False,False,True,TARGET_CUT_RISK_UNRESOLVED / INCONCLUSIVE_RESEARCH,-112349,-30.73003282275711,0.0,0.8447857720291027,0.8235422484221171,0.6789789199783401,False,False,True,TARGET_CUT_RISK_UNRESOLVED / INCONCLUSIVE_RESEARCH
M7_CLASS_RESTRICTED,10000,-6000,30000,False,False,False,False,50356,10.605728727885426,0.0,0.6104513064133017,0.583261261906877,0.1397254670382058,True,True,True,INCONCLUSIVE_RESEARCH,213079,58.28200218818381,0.0,0.6647398843930635,0.6354602222125708,0.10128506646223412,True,True,True,INCONCLUSIVE_RESEARCH
M7_CLASS_RESTRICTED,10000,-6000,60000,False,True,False,False,67513,14.219250210614996,0.0,0.6524459613196815,0.6298755265892709,0.21134851617433772,True,True,True,INCONCLUSIVE_RESEARCH,498371,136.31591903719914,0.0,0.7136986301369863,0.6899746900640238,0.12227115724957699,True,True,True,PROMISING_OFFLINE_ONLY
M7_CLASS_RESTRICTED,10000,-6000,120000,False,False,False,False,455004,95.83066554338669,0.0,0.7389070527790752,0.7198857997100334,0.2366558656155793,True,False,True,TARGET_CUT_RISK_UNRESOLVED / INCONCLUSIVE_RESEARCH,536445,146.73003282275712,0.0,0.7662636729994243,0.7457872388222845,0.3193976303479015,False,False,True,TARGET_CUT_RISK_UNRESOLVED / INCONCLUSIVE_RESEARCH
M7_CLASS_RESTRICTED,10000,-5000,30000,False,False,False,False,39531,8.325821398483573,0.0,0.6118684843624699,0.5845164171437751,0.14474885335533957,True,True,True,INCONCLUSIVE_RESEARCH,189293,51.77598468271335,0.0,0.6640548481880509,0.6345161981415817,0.10674444838145906,True,True,True,INCONCLUSIVE_RESEARCH
M7_CLASS_RESTRICTED,10000,-5000,60000,False,True,False,False,21880,4.608256107834878,0.0,0.6542002301495973,0.6315212557081018,0.22216114711328058,True,True,True,INCONCLUSIVE_RESEARCH,457545,125.14907002188184,0.0,0.7149791955617198,0.6911322745688531,0.1287513676683653,True,True,True,PROMISING_OFFLINE_ONLY
M7_CLASS_RESTRICTED,10000,-5000,120000,False,False,False,False,403591,85.00231676495366,0.0,0.7425742574257426,0.7235404817063708,0.2421527689147941,True,False,True,TARGET_CUT_RISK_UNRESOLVED / INCONCLUSIVE_RESEARCH,508065,138.96745076586433,0.0,0.7686480186480187,0.7481090716926201,0.31815628732230355,False,False,True,TARGET_CUT_RISK_UNRESOLVED / INCONCLUSIVE_RESEARCH
M7_CLASS_RESTRICTED,10000,-3000,30000,False,False,False,False,-36817,-7.754212299915754,0.0,0.6117247238742566,0.5835617458952745,0.1773855356766339,True,True,True,REJECTED_FOR_RUNTIME,108195,29.593818380743983,0.0,0.661522633744856,0.6311909780102608,0.10614249149301341,True,True,True,INCONCLUSIVE_RESEARCH
M7_CLASS_RESTRICTED,10000,-3000,60000,False,True,False,False,-138419,-29.153117101937656,0.0,0.6531476997578692,0.6298642641878991,0.2798201910718308,False,False,True,TARGET_CUT_RISK_UNRESOLVED / INCONCLUSIVE_RESEARCH,274695,75.13539387308533,0.0,0.720203488372093,0.6958970292663986,0.138063174548288,True,True,True,PROMISING_OFFLINE_ONLY
M7_CLASS_RESTRICTED,10000,-3000,120000,False,False,False,False,96240,20.269587194608256,0.0,0.7450787401574803,0.7256793593779451,0.30238204106516864,False,False,True,TARGET_CUT_RISK_UNRESOLVED / INCONCLUSIVE_RESEARCH,318924,87.23304157549234,0.0,0.7822384428223844,0.7616422310543796,0.3298813752038676,False,False,True,TARGET_CUT_RISK_UNRESOLVED / INCONCLUSIVE_RESEARCH
M7_CLASS_RESTRICTED,10000,-2000,30000,False,False,False,False,-96645,-20.354886267902273,0.0,0.6154545454545455,0.5863509543579064,0.19175818526334343,True,False,True,TARGET_CUT_RISK_UNRESOLVED / INCONCLUSIVE_RESEARCH,36288,9.925601750547045,0.0,0.6728260869565217,0.641844409664947,0.1010494760780388,True,True,True,INCONCLUSIVE_RESEARCH
M7_CLASS_RESTRICTED,10000,-2000,60000,False,False,False,False,-238683,-50.27021903959562,0.0,0.657843770174306,0.6338529884066928,0.319964836120159,False,False,True,TARGET_CUT_RISK_UNRESOLVED / INCONCLUSIVE_RESEARCH,166434,45.52352297592998,0.0,0.7340425531914894,0.7095145038140899,0.14161423344824098,True,False,True,TARGET_CUT_RISK_UNRESOLVED / INCONCLUSIVE_RESEARCH
M7_CLASS_RESTRICTED,10000,-2000,120000,False,False,False,False,-57874,-12.189132266217355,0.0,0.7522077922077922,0.7324320197996074,0.3206063245479119,False,False,True,TARGET_CUT_RISK_UNRESOLVED / INCONCLUSIVE_RESEARCH,224496,61.40481400437637,0.0,0.7983512999365885,0.7778342786487016,0.32992286131049714,False,False,True,TARGET_CUT_RISK_UNRESOLVED / INCONCLUSIVE_RESEARCH
M7_CLASS_RESTRICTED,10000,-1500,30000,False,False,False,False,-109192,-22.997472620050548,0.0,0.6209829867674859,0.5913618746645599,0.1887503022200731,True,False,True,TARGET_CUT_RISK_UNRESOLVED / INCONCLUSIVE_RESEARCH,28176,7.706783369803063,0.0,0.6909090909090909,0.6596021089425608,0.11844249096862854,True,True,True,INCONCLUSIVE_RESEARCH
M7_CLASS_RESTRICTED,10000,-1500,60000,False,False,False,False,-275499,-58.02422072451559,0.0,0.6624416277518346,0.6381149924469405,0.3209750355680921,False,False,True,TARGET_CUT_RISK_UNRESOLVED / INCONCLUSIVE_RESEARCH,92965,25.428063457330417,0.0,0.7419100236779794,0.717109450028066,0.1718377831685563,True,False,True,TARGET_CUT_RISK_UNRESOLVED / INCONCLUSIVE_RESEARCH
M7_CLASS_RESTRICTED,10000,-1500,120000,False,False,False,False,-111459,-23.474936815501263,0.0,0.7602996254681648,0.7404242277346363,0.33502844468894216,False,False,True,TARGET_CUT_RISK_UNRESOLVED / INCONCLUSIVE_RESEARCH,162779,44.52379649890591,0.0,0.8077427821522309,0.7871938851685907,0.3430948163383946,False,False,True,TARGET_CUT_RISK_UNRESOLVED / INCONCLUSIVE_RESEARCH
M7_CLASS_RESTRICTED,10000,-1000,30000,False,False,False,False,-114648,-24.146588037068238,0.0,0.631307929969104,0.6005006571761097,0.23389871133293855,True,False,True,TARGET_CUT_RISK_UNRESOLVED / INCONCLUSIVE_RESEARCH,-14870,-4.067286652078774,0.0,0.6942046855733662,0.6616406788545032,0.1557147528064454,True,False,True,TARGET_CUT_RISK_UNRESOLVED / INCONCLUSIVE_RESEARCH
M7_CLASS_RESTRICTED,10000,-1000,60000,False,False,False,False,-276315,-58.19608256107835,0.0,0.6731182795698925,0.6480569698022517,0.3975228546151578,False,False,True,TARGET_CUT_RISK_UNRESOLVED / INCONCLUSIVE_RESEARCH,38406,10.50492341356674,0.0,0.7516891891891891,0.7262928453824778,0.19458878379363798,True,False,True,TARGET_CUT_RISK_UNRESOLVED / INCONCLUSIVE_RESEARCH
M7_CLASS_RESTRICTED,10000,-1000,120000,False,False,False,False,-172760,-36.385846672283066,0.0,0.7691870380898238,0.7489224616690194,0.3912920550164999,False,False,True,TARGET_CUT_RISK_UNRESOLVED / INCONCLUSIVE_RESEARCH,82377,22.532002188183807,0.0,0.8211551844119693,0.8004929350570018,0.3735448685166743,False,False,True,TARGET_CUT_RISK_UNRESOLVED / INCONCLUSIVE_RESEARCH
M7_CLASS_RESTRICTED,10000,-700,30000,False,False,False,False,-120045,-25.283277169334458,0.0,0.6440129449838188,0.612653710092191,0.235878429703086,True,False,True,TARGET_CUT_RISK_UNRESOLVED / INCONCLUSIVE_RESEARCH,-47662,-13.036652078774617,0.0,0.6948717948717948,0.6616676340844572,0.19017365306247824,True,False,True,TARGET_CUT_RISK_UNRESOLVED / INCONCLUSIVE_RESEARCH
M7_CLASS_RESTRICTED,10000,-700,60000,False,False,False,False,-275957,-58.12068239258635,0.0,0.6870342771982116,0.6617210928660637,0.4554760780772152,False,False,True,TARGET_CUT_RISK_UNRESOLVED / INCONCLUSIVE_RESEARCH,-4129,-1.1293763676148796,0.0,0.7618213660245184,0.7362639734732155,0.23819094319847278,True,False,True,TARGET_CUT_RISK_UNRESOLVED / INCONCLUSIVE_RESEARCH
M7_CLASS_RESTRICTED,10000,-700,120000,False,False,False,False,-218935,-46.11099410278012,0.0,0.7794117647058824,0.7590834339075533,0.4222926160002324,False,False,True,TARGET_CUT_RISK_UNRESOLVED / INCONCLUSIVE_RESEARCH,38681,10.580142231947484,0.0,0.8287769784172662,0.8080739833805921,0.38188930624442274,False,False,True,TARGET_CUT_RISK_UNRESOLVED / INCONCLUSIVE_RESEARCH
M7_CLASS_RESTRICTED,10000,-500,30000,False,False,False,False,-137638,-28.988626790227464,0.0,0.6539325842696629,0.6220776528491276,0.28895580994646886,False,False,True,TARGET_CUT_RISK_UNRESOLVED / INCONCLUSIVE_RESEARCH,-50878,-13.916301969365426,0.0,0.7125668449197861,0.679113131779067,0.16427324609728017,True,True,True,REJECTED_FOR_RUNTIME
M7_CLASS_RESTRICTED,10000,-500,60000,False,False,False,False,-296420,-62.430497051390056,0.0,0.6939090208172706,0.668285346804018,0.533104928326254,False,False,True,TARGET_CUT_RISK_UNRESOLVED / INCONCLUSIVE_RESEARCH,-20638,-5.644967177242888,0.0,0.7776769509981851,0.752186194686337,0.22100569989859076,True,False,True,TARGET_CUT_RISK_UNRESOLVED / INCONCLUSIVE_RESEARCH
M7_CLASS_RESTRICTED,10000,-500,120000,False,False,False,False,-274818,-57.88079191238416,0.0,0.7838494231936854,0.7633220150691955,0.5009054277062991,False,False,True,TARGET_CUT_RISK_UNRESOLVED / INCONCLUSIVE_RESEARCH,5324,1.4562363238512035,0.0,0.8387815750371471,0.818176506549191,0.39396598928401455,False,False,True,TARGET_CUT_RISK_UNRESOLVED / INCONCLUSIVE_RESEARCH
M7_CLASS_RESTRICTED,10000,-300,30000,False,False,False,False,-158146,-33.307919123841614,0.0,0.6565533980582524,0.623471399517398,0.3913037457591913,False,False,True,TARGET_CUT_RISK_UNRESOLVED / INCONCLUSIVE_RESEARCH,-72605,-19.85913566739606,0.0,0.7231638418079096,0.6890685021791451,0.22601001498841805,True,False,True,TARGET_CUT_RISK_UNRESOLVED / INCONCLUSIVE_RESEARCH
M7_CLASS_RESTRICTED,10000,-300,60000,False,False,False,False,-314781,-66.29759898904803,0.0,0.6971947194719472,0.6707374993331426,0.6853111736039545,False,False,True,TARGET_CUT_RISK_UNRESOLVED / INCONCLUSIVE_RESEARCH,-74489,-20.37445295404814,0.0,0.7862595419847328,0.7604178571400723,0.30576345313717046,False,False,True,TARGET_CUT_RISK_UNRESOLVED / INCONCLUSIVE_RESEARCH
M7_CLASS_RESTRICTED,10000,-300,120000,False,False,False,False,-325850,-68.62889637742207,0.0,0.7933032839665164,0.7724519095678873,0.6164860210847034,False,False,True,TARGET_CUT_RISK_UNRESOLVED / INCONCLUSIVE_RESEARCH,-79657,-21.788019693654267,0.0,0.843944099378882,0.8231051704270493,0.5532721497154027,False,False,True,TARGET_CUT_RISK_UNRESOLVED / INCONCLUSIVE_RESEARCH
M7_CLASS_RESTRICTED,10000,-200,30000,False,False,False,False,-156918,-33.04928390901432,0.0,0.6575520833333334,0.6232817750953187,0.49894500798968844,False,False,True,TARGET_CUT_RISK_UNRESOLVED / INCONCLUSIVE_RESEARCH,-86355,-23.62007658643326,0.0,0.7198211624441133,0.6846641219396764,0.29243110420592155,False,False,True,TARGET_CUT_RISK_UNRESOLVED / INCONCLUSIVE_RESEARCH
M7_CLASS_RESTRICTED,10000,-200,60000,False,False,False,False,-317380,-66.84498736310026,0.0,0.7028670721112077,0.6758264416548166,0.8688520052262108,False,False,True,TARGET_CUT_RISK_UNRESOLVED / INCONCLUSIVE_RESEARCH,-98563,-26.959245076586434,0.0,0.7844311377245509,0.757908774260175,0.3288581101877501,False,False,True,TARGET_CUT_RISK_UNRESOLVED / INCONCLUSIVE_RESEARCH
M7_CLASS_RESTRICTED,10000,-200,120000,False,False,False,False,-355607,-74.89616680707667,0.0,0.8002689979825152,0.7791862959364635,0.7641239009163537,False,False,True,TARGET_CUT_RISK_UNRESOLVED / INCONCLUSIVE_RESEARCH,-124499,-34.05333698030635,0.0,0.8464025869037995,0.8252397114009474,0.6775033242962594,False,False,True,TARGET_CUT_RISK_UNRESOLVED / INCONCLUSIVE_RESEARCH
M8_DELAY_12000MS_CONFIRM,1000,-6000,30000,False,False,False,False,55817,11.755897219882055,0.0,0.5754189944134078,0.533223109120573,0.2532128575353338,False,False,False,TARGET_CUT_RISK_UNRESOLVED / INCONCLUSIVE_RESEARCH,54194,14.823304157549234,0.0,0.5986842105263158,0.5530514010052283,0.17828244170471008,True,False,False,TARGET_CUT_RISK_UNRESOLVED / INCONCLUSIVE_RESEARCH
M8_DELAY_12000MS_CONFIRM,1000,-6000,60000,False,False,False,False,246413,51.89827295703454,0.0,0.6308213378492803,0.6029156451714353,0.3521148757734084,False,False,False,TARGET_CUT_RISK_UNRESOLVED / INCONCLUSIVE_RESEARCH,187647,51.3257658643326,0.0,0.6693961105424769,0.6392847602985442,0.36109945008940975,False,False,False,TARGET_CUT_RISK_UNRESOLVED / INCONCLUSIVE_RESEARCH
M8_DELAY_12000MS_CONFIRM,1000,-6000,120000,False,False,False,False,455029,95.83593091828138,0.0,0.7148125384142594,0.6923876202734922,0.3855532373520224,False,False,False,TARGET_CUT_RISK_UNRESOLVED / INCONCLUSIVE_RESEARCH,308768,84.45514223194748,0.0,0.7283950617283951,0.7035307196170179,0.3954938239368908,False,False,False,TARGET_CUT_RISK_UNRESOLVED / INCONCLUSIVE_RESEARCH
M8_DELAY_12000MS_CONFIRM,1000,-5000,30000,False,False,False,False,57153,12.037278854254422,0.0,0.5782442748091603,0.535541858693367,0.2656525220176141,False,False,False,TARGET_CUT_RISK_UNRESOLVED / INCONCLUSIVE_RESEARCH,46097,12.608588621444202,0.0,0.5945330296127562,0.5479768564518405,0.1954097034434715,True,False,False,TARGET_CUT_RISK_UNRESOLVED / INCONCLUSIVE_RESEARCH
M8_DELAY_12000MS_CONFIRM,1000,-5000,60000,False,False,False,False,226751,47.75716090985678,0.0,0.6288927335640139,0.6006598679641896,0.37383928984590703,False,False,False,TARGET_CUT_RISK_UNRESOLVED / INCONCLUSIVE_RESEARCH,183957,50.316466083150985,0.0,0.667016806722689,0.6364611959519914,0.3503373070880695,False,False,False,TARGET_CUT_RISK_UNRESOLVED / INCONCLUSIVE_RESEARCH
M8_DELAY_12000MS_CONFIRM,1000,-5000,120000,False,False,False,False,443187,93.34182813816344,0.0,0.7175,0.6949391887779525,0.3853047201584105,False,False,False,TARGET_CUT_RISK_UNRESOLVED / INCONCLUSIVE_RESEARCH,302614,82.77188183807439,0.0,0.7292817679558011,0.7041496961721005,0.3943922025339198,False,False,False,TARGET_CUT_RISK_UNRESOLVED / INCONCLUSIVE_RESEARCH
M8_DELAY_12000MS_CONFIRM,1000,-3000,30000,False,False,False,False,39412,8.300758213984835,0.0,0.583864118895966,0.5388454138013005,0.33034384433417496,False,False,True,TARGET_CUT_RISK_UNRESOLVED / INCONCLUSIVE_RESEARCH,31432,8.597374179431073,0.0,0.5974683544303797,0.5483915872482218,0.24295788404438193,True,False,True,TARGET_CUT_RISK_UNRESOLVED / INCONCLUSIVE_RESEARCH
M8_DELAY_12000MS_CONFIRM,1000,-3000,60000,False,False,False,False,133395,28.094987363100252,0.0,0.6264044943820225,0.5969870856720858,0.4537360776611748,False,False,False,TARGET_CUT_RISK_UNRESOLVED / INCONCLUSIVE_RESEARCH,127303,34.820295404814004,0.0,0.6757990867579908,0.6440933017729347,0.4116482711925904,False,False,True,TARGET_CUT_RISK_UNRESOLVED / INCONCLUSIVE_RESEARCH
M8_DELAY_12000MS_CONFIRM,1000,-3000,120000,False,False,False,False,283909,59.795492839090144,0.0,0.7192282102461743,0.6959729669805508,0.4665963677480419,False,False,False,TARGET_CUT_RISK_UNRESOLVED / INCONCLUSIVE_RESEARCH,243166,66.51148796498906,0.0,0.7445008460236887,0.7188727200756128,0.40566741391530814,False,False,True,TARGET_CUT_RISK_UNRESOLVED / INCONCLUSIVE_RESEARCH
M8_DELAY_12000MS_CONFIRM,1000,-2000,30000,False,False,False,False,18040,3.7994945240101097,0.0,0.5807228915662651,0.5327205849333945,0.4102029842720796,False,False,True,TARGET_CUT_RISK_UNRESOLVED / INCONCLUSIVE_RESEARCH,17047,4.662746170678337,0.0,0.5914285714285714,0.5392076268431256,0.32006281174949197,False,False,True,TARGET_CUT_RISK_UNRESOLVED / INCONCLUSIVE_RESEARCH
M8_DELAY_12000MS_CONFIRM,1000,-2000,60000,False,False,False,False,73445,15.468618365627632,0.0,0.6295918367346939,0.5989060359358471,0.5138307508612052,False,False,True,TARGET_CUT_RISK_UNRESOLVED / INCONCLUSIVE_RESEARCH,98000,26.805251641137854,0.0,0.6910669975186104,0.6583248322083249,0.45691422607139753,False,False,True,TARGET_CUT_RISK_UNRESOLVED / INCONCLUSIVE_RESEARCH
M8_DELAY_12000MS_CONFIRM,1000,-2000,120000,False,False,False,False,180032,37.91743892165122,0.0,0.7223011363636364,0.6983269192155531,0.5248637302508369,False,False,False,TARGET_CUT_RISK_UNRESOLVED / INCONCLUSIVE_RESEARCH,191645,52.419310722100654,0.0,0.7572463768115942,0.7310915616453598,0.4283603787670425,False,False,True,TARGET_CUT_RISK_UNRESOLVED / INCONCLUSIVE_RESEARCH
M8_DELAY_12000MS_CONFIRM,1000,-1500,30000,False,False,False,False,15348,3.232518955349621,0.0,0.5888594164456233,0.538537917392546,0.4604642123382753,False,False,True,TARGET_CUT_RISK_UNRESOLVED / INCONCLUSIVE_RESEARCH,17753,4.855853391684901,0.0,0.6077170418006431,0.5524539984687051,0.3681995126119568,False,False,True,TARGET_CUT_RISK_UNRESOLVED / INCONCLUSIVE_RESEARCH
M8_DELAY_12000MS_CONFIRM,1000,-1500,60000,False,False,False,False,42013,8.848567818028643,0.0,0.6318622174381054,0.6003644497694349,0.5842068873705772,False,False,True,TARGET_CUT_RISK_UNRESOLVED / INCONCLUSIVE_RESEARCH,66755,18.25902625820569,0.0,0.6932270916334662,0.6593774283562394,0.49693062903550717,False,False,True,TARGET_CUT_RISK_UNRESOLVED / INCONCLUSIVE_RESEARCH
M8_DELAY_12000MS_CONFIRM,1000,-1500,120000,False,False,False,False,140775,29.64932603201348,0.0,0.7298892988929889,0.7056222441373761,0.5397136515598507,False,False,True,TARGET_CUT_RISK_UNRESOLVED / INCONCLUSIVE_RESEARCH,153322,41.9370897155361,0.0,0.7688634192932188,0.7423734613650862,0.43100042443602665,False,False,True,TARGET_CUT_RISK_UNRESOLVED / INCONCLUSIVE_RESEARCH
M8_DELAY_12000MS_CONFIRM,1000,-1000,30000,False,False,False,False,8590,1.8091828138163437,0.0,0.5932721712538226,0.5392462450378995,0.5076492256803489,False,False,True,TARGET_CUT_RISK_UNRESOLVED / INCONCLUSIVE_RESEARCH,12506,3.4206783369803064,0.0,0.6123188405797102,0.5536716886604959,0.3988325231625743,False,False,True,TARGET_CUT_RISK_UNRESOLVED / INCONCLUSIVE_RESEARCH
M8_DELAY_12000MS_CONFIRM,1000,-1000,60000,False,False,False,False,21244,4.4743049705139,0.0,0.6477541371158393,0.6149643689067219,0.6080020066265341,False,False,True,TARGET_CUT_RISK_UNRESOLVED / INCONCLUSIVE_RESEARCH,43630,11.933807439824946,0.0,0.7073863636363636,0.6727257124172884,0.539746200201559,False,False,True,TARGET_CUT_RISK_UNRESOLVED / INCONCLUSIVE_RESEARCH
M8_DELAY_12000MS_CONFIRM,1000,-1000,120000,False,False,False,False,102281,21.54191238416175,0.0,0.7448494453248812,0.7200794447923857,0.5433179392379596,False,False,True,TARGET_CUT_RISK_UNRESOLVED / INCONCLUSIVE_RESEARCH,110625,30.258479212253828,0.0,0.7788944723618091,0.7520636520846459,0.4490465340640844,False,False,True,TARGET_CUT_RISK_UNRESOLVED / INCONCLUSIVE_RESEARCH
M8_DELAY_12000MS_CONFIRM,1000,-700,30000,False,False,False,False,4739,0.9981044650379107,0.0,0.5966101694915255,0.5397338573917116,0.563417667033335,False,False,True,TARGET_CUT_RISK_UNRESOLVED / INCONCLUSIVE_RESEARCH,5476,1.4978118161925602,0.0,0.61003861003861,0.5494439547417431,0.4380580795517034,False,False,True,TARGET_CUT_RISK_UNRESOLVED / INCONCLUSIVE_RESEARCH
M8_DELAY_12000MS_CONFIRM,1000,-700,60000,False,False,False,False,3450,0.7266217354675653,0.0,0.6536030341340076,0.6197733791704131,0.6591863359625708,False,False,True,TARGET_CUT_RISK_UNRESOLVED / INCONCLUSIVE_RESEARCH,21014,5.74781181619256,0.0,0.7106824925816023,0.6753319095076488,0.619055300158615,False,False,True,TARGET_CUT_RISK_UNRESOLVED / INCONCLUSIVE_RESEARCH
M8_DELAY_12000MS_CONFIRM,1000,-700,120000,False,False,False,False,70737,14.898272957034541,0.0,0.7518796992481203,0.7266313831314717,0.5739911209057954,False,False,True,TARGET_CUT_RISK_UNRESOLVED / INCONCLUSIVE_RESEARCH,73686,20.154814004376366,0.0,0.7842931937172775,0.7570950157022607,0.5079048413590834,False,False,True,TARGET_CUT_RISK_UNRESOLVED / INCONCLUSIVE_RESEARCH
M8_DELAY_12000MS_CONFIRM,1000,-500,30000,False,False,False,False,-485,-0.10214827295703455,0.0,0.6014492753623188,0.5426765522858537,0.6705660260576238,False,False,True,TARGET_CUT_RISK_UNRESOLVED / INCONCLUSIVE_RESEARCH,4607,1.2601203501094091,0.0,0.6266094420600858,0.5629190320467059,0.4051933624939249,False,False,True,TARGET_CUT_RISK_UNRESOLVED / INCONCLUSIVE_RESEARCH
M8_DELAY_12000MS_CONFIRM,1000,-500,60000,False,False,False,False,-12514,-2.635636057287279,0.0,0.6595460614152203,0.6248729971416914,0.73984692888975,False,False,True,TARGET_CUT_RISK_UNRESOLVED / INCONCLUSIVE_RESEARCH,8317,2.274890590809628,0.0,0.722662440570523,0.6864643321540843,0.6933363473046769,False,False,True,TARGET_CUT_RISK_UNRESOLVED / INCONCLUSIVE_RESEARCH
M8_DELAY_12000MS_CONFIRM,1000,-500,120000,False,False,False,False,34669,7.3018112889637745,0.0,0.7563318777292577,0.7306358657645251,0.6517670312161229,False,False,True,TARGET_CUT_RISK_UNRESOLVED / INCONCLUSIVE_RESEARCH,49028,13.410284463894968,0.0,0.7944751381215469,0.7669300067288697,0.5481274649632055,False,False,True,TARGET_CUT_RISK_UNRESOLVED / INCONCLUSIVE_RESEARCH
M8_DELAY_12000MS_CONFIRM,1000,-300,30000,False,False,False,False,-3651,-0.768955349620893,0.0,0.6099585062240664,0.5471131779064419,0.7917038987913276,False,False,True,TARGET_CUT_RISK_UNRESOLVED / INCONCLUSIVE_RESEARCH,565,0.15454048140043763,0.0,0.6556603773584906,0.5894405269386312,0.4457794049399268,False,False,True,TARGET_CUT_RISK_UNRESOLVED / INCONCLUSIVE_RESEARCH
M8_DELAY_12000MS_CONFIRM,1000,-300,60000,False,False,False,False,-29471,-6.2070345408593095,0.0,0.6597325408618128,0.6231201649827696,0.932255985128997,False,False,True,TARGET_CUT_RISK_UNRESOLVED / INCONCLUSIVE_RESEARCH,-6037,-1.651258205689278,0.0,0.735494880546075,0.6983332850886369,0.8387416125838741,False,False,True,TARGET_CUT_RISK_UNRESOLVED / INCONCLUSIVE_RESEARCH
M8_DELAY_12000MS_CONFIRM,1000,-300,120000,False,False,False,False,-9607,-2.0233782645324347,0.0,0.7679924242424242,0.7415894392144076,0.8489844970556424,False,False,True,TARGET_CUT_RISK_UNRESOLVED / INCONCLUSIVE_RESEARCH,10084,2.7582056892778994,0.0,0.8049353701527615,0.7769668650381051,0.7085963799055721,False,False,True,TARGET_CUT_RISK_UNRESOLVED / INCONCLUSIVE_RESEARCH
M8_DELAY_12000MS_CONFIRM,1000,-200,30000,False,False,False,False,-8014,-1.6878685762426284,0.0,0.6036866359447005,0.537346962075661,1.0402684563758389,False,False,True,TARGET_CUT_RISK_UNRESOLVED / INCONCLUSIVE_RESEARCH,-3496,-0.9562363238512035,0.0,0.6633663366336634,0.5956895258979005,0.5635712278729981,False,False,True,TARGET_CUT_RISK_UNRESOLVED / INCONCLUSIVE_RESEARCH
M8_DELAY_12000MS_CONFIRM,1000,-200,60000,False,False,False,False,-41473,-8.734835720303286,0.0,0.6688,0.6309693829464436,1.2198185165702262,False,False,True,TARGET_CUT_RISK_UNRESOLVED / INCONCLUSIVE_RESEARCH,-19527,-5.341083150984683,0.0,0.7410714285714286,0.7032349529648474,1.1395564015121473,False,False,True,TARGET_CUT_RISK_UNRESOLVED / INCONCLUSIVE_RESEARCH
M8_DELAY_12000MS_CONFIRM,1000,-200,120000,False,False,False,False,-45638,-9.612047177759056,0.0,0.7781124497991968,0.7512662562849726,1.2464065445126877,False,False,True,TARGET_CUT_RISK_UNRESOLVED / INCONCLUSIVE_RESEARCH,-17011,-4.652899343544858,0.0,0.8108108108108109,0.7824688327458508,1.0300257557272603,False,False,True,TARGET_CUT_RISK_UNRESOLVED / INCONCLUSIVE_RESEARCH
M8_DELAY_12000MS_CONFIRM,1500,-6000,30000,False,False,False,False,36068,7.596461668070766,0.0,0.5687285223367697,0.5281714903025635,0.24476201940990674,True,False,True,TARGET_CUT_RISK_UNRESOLVED / INCONCLUSIVE_RESEARCH,56859,15.552242888402626,0.0,0.5925925925925926,0.5483480147259969,0.14129794048118235,True,True,True,INCONCLUSIVE_RESEARCH
M8_DELAY_12000MS_CONFIRM,1500,-6000,60000,False,False,False,False,230742,48.597725358045494,0.0,0.6304,0.6032796897031429,0.3852077771065162,False,False,False,TARGET_CUT_RISK_UNRESOLVED / INCONCLUSIVE_RESEARCH,223970,61.260940919037196,0.0,0.6737864077669903,0.6445552781962955,0.3347498587897237,False,False,False,TARGET_CUT_RISK_UNRESOLVED / INCONCLUSIVE_RESEARCH
M8_DELAY_12000MS_CONFIRM,1500,-6000,120000,False,False,False,False,458580,96.58382476832351,0.0,0.7141176470588235,0.6921752829062282,0.4127073720916686,False,False,False,TARGET_CUT_RISK_UNRESOLVED / INCONCLUSIVE_RESEARCH,372348,101.84573304157549,0.0,0.7348148148148148,0.7106250337923126,0.38624638378427945,False,False,False,TARGET_CUT_RISK_UNRESOLVED / INCONCLUSIVE_RESEARCH
M8_DELAY_12000MS_CONFIRM,1500,-5000,30000,False,False,False,False,38104,8.025273799494524,0.0,0.5699115044247788,0.5287515713280789,0.2567497684934637,False,False,True,TARGET_CUT_RISK_UNRESOLVED / INCONCLUSIVE_RESEARCH,47798,13.073851203501095,0.0,0.5884861407249466,0.5434056106476933,0.1542211668568093,True,True,True,INCONCLUSIVE_RESEARCH
M8_DELAY_12000MS_CONFIRM,1500,-5000,60000,False,False,False,False,205338,43.24726200505476,0.0,0.6273546273546273,0.5998745106667174,0.4103595927441329,False,False,False,TARGET_CUT_RISK_UNRESOLVED / INCONCLUSIVE_RESEARCH,215382,58.911925601750546,0.0,0.6716417910447762,0.642002110313895,0.3268230749759328,False,False,True,TARGET_CUT_RISK_UNRESOLVED / INCONCLUSIVE_RESEARCH
M8_DELAY_12000MS_CONFIRM,1500,-5000,120000,False,False,False,False,435895,91.80602358887953,0.0,0.7159976033553026,0.6938867614383378,0.424223863784478,False,False,False,TARGET_CUT_RISK_UNRESOLVED / INCONCLUSIVE_RESEARCH,362853,99.24863238512035,0.0,0.7363636363636363,0.7119334234277669,0.38615902453079776,False,False,True,TARGET_CUT_RISK_UNRESOLVED / INCONCLUSIVE_RESEARCH
M8_DELAY_12000MS_CONFIRM,1500,-3000,30000,False,False,False,False,21958,4.624684077506318,0.0,0.5745098039215686,0.5312000380897233,0.315253987005316,False,False,True,TARGET_CUT_RISK_UNRESOLVED / INCONCLUSIVE_RESEARCH,30032,8.214442013129103,0.0,0.5919811320754716,0.5445785312487754,0.19958796514871882,True,False,True,TARGET_CUT_RISK_UNRESOLVED / INCONCLUSIVE_RESEARCH
M8_DELAY_12000MS_CONFIRM,1500,-3000,60000,False,False,False,False,105527,22.225568660488626,0.0,0.6244464127546502,0.595821390823739,0.496750857983704,False,False,True,TARGET_CUT_RISK_UNRESOLVED / INCONCLUSIVE_RESEARCH,153629,42.02106126914661,0.0,0.6817691477885652,0.6510869600494658,0.36689352314352314,False,False,True,TARGET_CUT_RISK_UNRESOLVED / INCONCLUSIVE_RESEARCH
M8_DELAY_12000MS_CONFIRM,1500,-3000,120000,False,False,False,False,258518,54.44776748104465,0.0,0.7183908045977011,0.6956002859742503,0.5122562740201053,False,False,True,TARGET_CUT_RISK_UNRESOLVED / INCONCLUSIVE_RESEARCH,279240,76.37855579868709,0.0,0.7518248175182481,0.7269570727384392,0.40716090757983214,False,False,True,TARGET_CUT_RISK_UNRESOLVED / INCONCLUSIVE_RESEARCH
M8_DELAY_12000MS_CONFIRM,1500,-2000,30000,False,False,False,False,1127,0.237363100252738,0.0,0.5717439293598234,0.525761513592669,0.39683293105363615,False,False,True,TARGET_CUT_RISK_UNRESOLVED / INCONCLUSIVE_RESEARCH,17689,4.838347921225383,0.0,0.58994708994709,0.5397014027628244,0.2634972801450589,False,False,True,TARGET_CUT_RISK_UNRESOLVED / INCONCLUSIVE_RESEARCH
M8_DELAY_12000MS_CONFIRM,1500,-2000,60000,False,False,False,False,39549,8.32961246840775,0.0,0.626808100289296,0.5969538283900109,0.5759471470445596,False,False,True,TARGET_CUT_RISK_UNRESOLVED / INCONCLUSIVE_RESEARCH,118114,32.306892778993436,0.0,0.6998827667057445,0.668286446200276,0.3896015867079816,False,False,True,TARGET_CUT_RISK_UNRESOLVED / INCONCLUSIVE_RESEARCH
M8_DELAY_12000MS_CONFIRM,1500,-2000,120000,False,False,False,False,139299,29.338458298230833,0.0,0.721881390593047,0.6983957419224175,0.5884642362081441,False,False,True,TARGET_CUT_RISK_UNRESOLVED / INCONCLUSIVE_RESEARCH,217287,59.43298687089715,0.0,0.7662901824500434,0.7409809000955324,0.4253788879600473,False,False,True,TARGET_CUT_RISK_UNRESOLVED / INCONCLUSIVE_RESEARCH
M8_DELAY_12000MS_CONFIRM,1500,-1500,30000,False,False,False,False,-1248,-0.2628475147430497,0.0,0.5783132530120482,0.5302962183709806,0.42964588676267507,False,False,True,TARGET_CUT_RISK_UNRESOLVED / INCONCLUSIVE_RESEARCH,18459,5.048960612691466,0.0,0.6017964071856288,0.5484262702627477,0.30271792628240185,False,False,True,TARGET_CUT_RISK_UNRESOLVED / INCONCLUSIVE_RESEARCH
M8_DELAY_12000MS_CONFIRM,1500,-1500,60000,False,False,False,False,6062,1.276748104465038,0.0,0.6286876907426246,0.5980378481530789,0.6562306869055335,False,False,True,TARGET_CUT_RISK_UNRESOLVED / INCONCLUSIVE_RESEARCH,70114,19.177789934354486,0.0,0.6973518284993695,0.6644887024635212,0.45764418236732346,False,False,True,TARGET_CUT_RISK_UNRESOLVED / INCONCLUSIVE_RESEARCH
M8_DELAY_12000MS_CONFIRM,1500,-1500,120000,False,False,False,False,94210,19.842038753159226,0.0,0.7285613040396882,0.7047604459266228,0.6283137402090231,False,False,True,TARGET_CUT_RISK_UNRESOLVED / INCONCLUSIVE_RESEARCH,160114,43.794857768052516,0.0,0.7736890524379025,0.7478750249442658,0.4529827347229885,False,False,True,TARGET_CUT_RISK_UNRESOLVED / INCONCLUSIVE_RESEARCH
M8_DELAY_12000MS_CONFIRM,1500,-1000,30000,False,False,False,False,-7377,-1.5537068239258636,0.0,0.5789473684210527,0.5274471395650514,0.471228040682525,False,False,True,TARGET_CUT_RISK_UNRESOLVED / INCONCLUSIVE_RESEARCH,12100,3.3096280087527354,0.0,0.6047297297297297,0.5480328753396048,0.3029884975095854,False,False,True,TARGET_CUT_RISK_UNRESOLVED / INCONCLUSIVE_RESEARCH
M8_DELAY_12000MS_CONFIRM,1500,-1000,60000,False,False,False,False,-11424,-2.4060657118786857,0.0,0.6435754189944134,0.611645289511345,0.6939388021502503,False,False,True,TARGET_CUT_RISK_UNRESOLVED / INCONCLUSIVE_RESEARCH,43940,12.018599562363239,0.0,0.7108108108108108,0.6771220606402545,0.4787839557152742,False,False,True,TARGET_CUT_RISK_UNRESOLVED / INCONCLUSIVE_RESEARCH
M8_DELAY_12000MS_CONFIRM,1500,-1000,120000,False,False,False,False,53846,11.340775063184498,0.0,0.7416158536585366,0.7172479186860863,0.6561931579683783,False,False,True,TARGET_CUT_RISK_UNRESOLVED / INCONCLUSIVE_RESEARCH,115940,31.712253829321664,0.0,0.7846750727449079,0.7585520634767582,0.4586869462370054,False,False,True,TARGET_CUT_RISK_UNRESOLVED / INCONCLUSIVE_RESEARCH
M8_DELAY_12000MS_CONFIRM,1500,-700,30000,False,False,False,False,-6779,-1.4277590564448188,0.0,0.5851393188854489,0.5307146410661362,0.5142077076551507,False,False,True,TARGET_CUT_RISK_UNRESOLVED / INCONCLUSIVE_RESEARCH,5609,1.5341903719912473,0.0,0.60431654676259,0.5457881027980718,0.36194818191927053,False,False,True,TARGET_CUT_RISK_UNRESOLVED / INCONCLUSIVE_RESEARCH
M8_DELAY_12000MS_CONFIRM,1500,-700,60000,False,False,False,False,-23856,-5.0244313395113736,0.0,0.6514423076923077,0.6184344109558042,0.7253855514112637,False,False,True,TARGET_CUT_RISK_UNRESOLVED / INCONCLUSIVE_RESEARCH,26174,7.159190371991247,0.0,0.7189265536723164,0.6847015879807847,0.5264389200896917,False,False,True,TARGET_CUT_RISK_UNRESOLVED / INCONCLUSIVE_RESEARCH
M8_DELAY_12000MS_CONFIRM,1500,-700,120000,False,False,False,False,29699,6.255054759898905,0.0,0.7506053268765133,0.7257641417187193,0.6794925594757739,False,False,True,TARGET_CUT_RISK_UNRESOLVED / INCONCLUSIVE_RESEARCH,82832,22.65645514223195,0.0,0.7943262411347518,0.767992092500188,0.49501136785350186,False,False,True,TARGET_CUT_RISK_UNRESOLVED / INCONCLUSIVE_RESEARCH
M8_DELAY_12000MS_CONFIRM,1500,-500,30000,False,False,False,False,-9943,-2.094144903117102,0.0,0.5946843853820598,0.5383656920501348,0.578584353937741,False,False,True,TARGET_CUT_RISK_UNRESOLVED / INCONCLUSIVE_RESEARCH,3689,1.0090262582056893,0.0,0.6184738955823293,0.5567716831688874,0.32568526676456194,False,False,True,TARGET_CUT_RISK_UNRESOLVED / INCONCLUSIVE_RESEARCH
M8_DELAY_12000MS_CONFIRM,1500,-500,60000,False,False,False,False,-40890,-8.612047177759056,0.0,0.6556543837357052,0.6217736527579822,0.8266389124457122,False,False,True,TARGET_CUT_RISK_UNRESOLVED / INCONCLUSIVE_RESEARCH,12559,3.435175054704595,0.0,0.7311178247734139,0.6960807356161027,0.5754317688624258,False,False,True,TARGET_CUT_RISK_UNRESOLVED / INCONCLUSIVE_RESEARCH
M8_DELAY_12000MS_CONFIRM,1500,-500,120000,False,False,False,False,-1232,-0.2594776748104465,0.0,0.7567567567567568,0.7315135446553069,0.7530284709735279,False,False,True,TARGET_CUT_RISK_UNRESOLVED / INCONCLUSIVE_RESEARCH,54684,14.957330415754923,0.0,0.80406852248394,0.7773896990939336,0.5381001886719803,False,False,True,TARGET_CUT_RISK_UNRESOLVED / INCONCLUSIVE_RESEARCH
M8_DELAY_12000MS_CONFIRM,1500,-300,30000,False,False,False,False,-10834,-2.2818028643639425,0.0,0.6022727272727273,0.5421739409222903,0.6868336688287482,False,False,True,TARGET_CUT_RISK_UNRESOLVED / INCONCLUSIVE_RESEARCH,-1414,-0.38676148796498905,0.0,0.6403508771929824,0.5762082637876451,0.3842444434702556,False,False,True,TARGET_CUT_RISK_UNRESOLVED / INCONCLUSIVE_RESEARCH
M8_DELAY_12000MS_CONFIRM,1500,-300,60000,False,False,False,False,-52056,-10.963774220724515,0.0,0.655367231638418,0.6196065341490846,0.977664151649311,False,False,True,TARGET_CUT_RISK_UNRESOLVED / INCONCLUSIVE_RESEARCH,-1668,-0.4562363238512035,0.0,0.7435064935064936,0.7075856450527296,0.6667983736314159,False,False,True,TARGET_CUT_RISK_UNRESOLVED / INCONCLUSIVE_RESEARCH
M8_DELAY_12000MS_CONFIRM,1500,-300,120000,False,False,False,False,-42894,-9.034119629317608,0.0,0.7673992673992674,0.7414299246659602,0.9690611203231728,False,False,True,TARGET_CUT_RISK_UNRESOLVED / INCONCLUSIVE_RESEARCH,18195,4.976750547045952,0.0,0.8156996587030717,0.7887129723074842,0.6253006132927246,False,False,True,TARGET_CUT_RISK_UNRESOLVED / INCONCLUSIVE_RESEARCH
M8_DELAY_12000MS_CONFIRM,1500,-200,30000,False,False,False,False,-14441,-3.041491154170177,0.0,0.5983263598326359,0.535092917751946,0.8057890762647874,False,False,True,TARGET_CUT_RISK_UNRESOLVED / INCONCLUSIVE_RESEARCH,-5402,-1.4775711159737417,0.0,0.6467889908256881,0.5812995085054106,0.5021771513693136,False,False,True,TARGET_CUT_RISK_UNRESOLVED / INCONCLUSIVE_RESEARCH
M8_DELAY_12000MS_CONFIRM,1500,-200,60000,False,False,False,False,-60870,-12.820134793597305,0.0,0.6641337386018237,0.6271867322419031,1.195211053014301,False,False,True,TARGET_CUT_RISK_UNRESOLVED / INCONCLUSIVE_RESEARCH,-16420,-4.491247264770241,0.0,0.7487266553480475,0.7121626631125818,0.8377221079604842,False,False,True,TARGET_CUT_RISK_UNRESOLVED / INCONCLUSIVE_RESEARCH
M8_DELAY_12000MS_CONFIRM,1500,-200,120000,False,False,False,False,-73461,-15.471988205560235,0.0,0.7784256559766763,0.7520410211065287,1.2871524154441103,False,False,True,TARGET_CUT_RISK_UNRESOLVED / INCONCLUSIVE_RESEARCH,-11417,-3.12281181619256,0.0,0.8204518430439952,0.7930729891224159,0.8675234380677826,False,False,True,TARGET_CUT_RISK_UNRESOLVED / INCONCLUSIVE_RESEARCH
M8_DELAY_12000MS_CONFIRM,2000,-6000,30000,False,False,False,False,29358,6.183235046335299,0.0,0.5599343185550082,0.5202560449494411,0.2527767218799956,False,False,True,TARGET_CUT_RISK_UNRESOLVED / INCONCLUSIVE_RESEARCH,53457,14.62171772428884,0.0,0.5823529411764706,0.5390914377453567,0.15685123370850595,True,True,True,INCONCLUSIVE_RESEARCH
M8_DELAY_12000MS_CONFIRM,2000,-6000,60000,False,False,False,False,218769,46.07603201347936,0.0,0.625,0.598474686135858,0.36892173987765325,False,False,False,TARGET_CUT_RISK_UNRESOLVED / INCONCLUSIVE_RESEARCH,229190,62.68873085339168,0.0,0.6703806870937791,0.6417443282301691,0.3219955112943004,False,False,False,TARGET_CUT_RISK_UNRESOLVED / INCONCLUSIVE_RESEARCH
M8_DELAY_12000MS_CONFIRM,2000,-6000,120000,False,False,False,False,468246,98.61962931760742,0.0,0.7130730050933786,0.6915383186866875,0.41210530455845373,False,False,False,TARGET_CUT_RISK_UNRESOLVED / INCONCLUSIVE_RESEARCH,372470,101.87910284463895,0.0,0.7296718972895863,0.7058197353018504,0.4142532345425396,False,False,False,TARGET_CUT_RISK_UNRESOLVED / INCONCLUSIVE_RESEARCH
M8_DELAY_12000MS_CONFIRM,2000,-5000,30000,False,False,False,False,31394,6.612047177759057,0.0,0.5608108108108109,0.5205678908863329,0.2639724194934148,False,False,True,TARGET_CUT_RISK_UNRESOLVED / INCONCLUSIVE_RESEARCH,43396,11.869803063457331,0.0,0.5780933062880325,0.5340596574025432,0.17099023539881264,True,True,True,INCONCLUSIVE_RESEARCH
M8_DELAY_12000MS_CONFIRM,2000,-5000,60000,False,False,False,False,190365,40.093723673125524,0.0,0.6219797349961029,0.5951200953694237,0.39262029623509603,False,False,False,TARGET_CUT_RISK_UNRESOLVED / INCONCLUSIVE_RESEARCH,220260,60.24617067833698,0.0,0.6679352997145576,0.6388965561383755,0.31327052220106244,False,False,True,TARGET_CUT_RISK_UNRESOLVED / INCONCLUSIVE_RESEARCH
M8_DELAY_12000MS_CONFIRM,2000,-5000,120000,False,False,False,False,439282,92.51937657961247,0.0,0.7148617511520737,0.6931675844699455,0.4286401470575603,False,False,False,TARGET_CUT_RISK_UNRESOLVED / INCONCLUSIVE_RESEARCH,362438,99.1351203501094,0.0,0.7315827862873815,0.7075029098657305,0.41434236084330367,False,False,True,TARGET_CUT_RISK_UNRESOLVED / INCONCLUSIVE_RESEARCH
M8_DELAY_12000MS_CONFIRM,2000,-3000,30000,False,False,False,False,11150,2.348357203032856,0.0,0.5636704119850188,0.521300944692447,0.32562638543695843,False,False,True,TARGET_CUT_RISK_UNRESOLVED / INCONCLUSIVE_RESEARCH,25191,6.8903172866520785,0.0,0.5807174887892377,0.5344241052242652,0.22058233800136817,True,False,True,TARGET_CUT_RISK_UNRESOLVED / INCONCLUSIVE_RESEARCH
M8_DELAY_12000MS_CONFIRM,2000,-3000,60000,False,False,False,False,84000,17.69165964616681,0.0,0.6173986486486487,0.589377209659052,0.48140323222903314,False,False,True,TARGET_CUT_RISK_UNRESOLVED / INCONCLUSIVE_RESEARCH,141356,38.66411378555799,0.0,0.6762886597938145,0.6461984620268402,0.35733788073463835,False,False,True,TARGET_CUT_RISK_UNRESOLVED / INCONCLUSIVE_RESEARCH
M8_DELAY_12000MS_CONFIRM,2000,-3000,120000,False,False,False,False,249254,52.4966301600674,0.0,0.7177121771217713,0.6953407417961314,0.5184440231955202,False,False,True,TARGET_CUT_RISK_UNRESOLVED / INCONCLUSIVE_RESEARCH,266273,72.83178336980306,0.0,0.7462919594067136,0.721751436054206,0.4437401703951463,False,False,True,TARGET_CUT_RISK_UNRESOLVED / INCONCLUSIVE_RESEARCH
M8_DELAY_12000MS_CONFIRM,2000,-2000,30000,False,False,False,False,-11362,-2.393007582139848,0.0,0.559748427672956,0.5148980571687292,0.4042151848224326,False,False,True,TARGET_CUT_RISK_UNRESOLVED / INCONCLUSIVE_RESEARCH,10747,2.9395514223194747,0.0,0.5764411027568922,0.5274546544580204,0.28974086200307786,False,False,True,TARGET_CUT_RISK_UNRESOLVED / INCONCLUSIVE_RESEARCH
M8_DELAY_12000MS_CONFIRM,2000,-2000,60000,False,False,False,False,19624,4.133108677337827,0.0,0.6194852941176471,0.5902633600163735,0.5394546072764366,False,False,True,TARGET_CUT_RISK_UNRESOLVED / INCONCLUSIVE_RESEARCH,103700,28.36433260393873,0.0,0.6928251121076233,0.6617778871336862,0.3953840766945981,False,False,True,TARGET_CUT_RISK_UNRESOLVED / INCONCLUSIVE_RESEARCH
M8_DELAY_12000MS_CONFIRM,2000,-2000,120000,False,False,False,False,125074,26.3424599831508,0.0,0.7209455022980958,0.6978845955067922,0.5916315675704001,False,False,True,TARGET_CUT_RISK_UNRESOLVED / INCONCLUSIVE_RESEARCH,199409,54.54294310722101,0.0,0.7598326359832636,0.734804225987982,0.47383592583362605,False,False,True,TARGET_CUT_RISK_UNRESOLVED / INCONCLUSIVE_RESEARCH
M8_DELAY_12000MS_CONFIRM,2000,-1500,30000,False,False,False,False,-15582,-3.2818028643639425,0.0,0.5639269406392694,0.5171290754623984,0.4623672481153359,False,False,True,TARGET_CUT_RISK_UNRESOLVED / INCONCLUSIVE_RESEARCH,12007,3.2841903719912473,0.0,0.5875706214689266,0.5356174860763969,0.33179312480644163,False,False,True,TARGET_CUT_RISK_UNRESOLVED / INCONCLUSIVE_RESEARCH
M8_DELAY_12000MS_CONFIRM,2000,-1500,60000,False,False,False,False,-19268,-4.058129738837406,0.0,0.6191860465116279,0.5891695708957843,0.6125175385848868,False,False,True,TARGET_CUT_RISK_UNRESOLVED / INCONCLUSIVE_RESEARCH,57225,15.652352297592998,0.0,0.690734055354994,0.6584919580463022,0.4525550831078469,False,False,True,TARGET_CUT_RISK_UNRESOLVED / INCONCLUSIVE_RESEARCH
M8_DELAY_12000MS_CONFIRM,2000,-1500,120000,False,False,False,False,70909,14.934498736310026,0.0,0.7249146757679181,0.7014819490644089,0.6412111595301251,False,False,True,TARGET_CUT_RISK_UNRESOLVED / INCONCLUSIVE_RESEARCH,144610,39.554157549234134,0.0,0.7661647475642162,0.740597783236226,0.49576520281303754,False,False,True,TARGET_CUT_RISK_UNRESOLVED / INCONCLUSIVE_RESEARCH
M8_DELAY_12000MS_CONFIRM,2000,-1000,30000,False,False,False,False,-17874,-3.764532434709351,0.0,0.5669291338582677,0.5167513196946092,0.45900126014711484,False,False,True,TARGET_CUT_RISK_UNRESOLVED / INCONCLUSIVE_RESEARCH,5466,1.4950765864332605,0.0,0.589171974522293,0.5339963739561929,0.32515038995995005,False,False,True,TARGET_CUT_RISK_UNRESOLVED / INCONCLUSIVE_RESEARCH
M8_DELAY_12000MS_CONFIRM,2000,-1000,60000,False,False,False,False,-33652,-7.087615838247683,0.0,0.6336528221512248,0.6023495067416876,0.6554645156596705,False,False,True,TARGET_CUT_RISK_UNRESOLVED / INCONCLUSIVE_RESEARCH,33234,9.090262582056893,0.0,0.7054263565891473,0.6723607301115261,0.502177195888985,False,False,True,TARGET_CUT_RISK_UNRESOLVED / INCONCLUSIVE_RESEARCH
M8_DELAY_12000MS_CONFIRM,2000,-1000,120000,False,False,False,False,35389,7.453454085930918,0.0,0.7376928728875827,0.7136770215288527,0.6586107124492505,False,False,True,TARGET_CUT_RISK_UNRESOLVED / INCONCLUSIVE_RESEARCH,97195,26.585065645514224,0.0,0.7773620205799813,0.751455261267188,0.5470013497950541,False,False,True,TARGET_CUT_RISK_UNRESOLVED / INCONCLUSIVE_RESEARCH
M8_DELAY_12000MS_CONFIRM,2000,-700,30000,False,False,False,False,-13791,-2.904591406908172,0.0,0.5781710914454278,0.5250124151833145,0.458548479632817,False,False,True,TARGET_CUT_RISK_UNRESOLVED / INCONCLUSIVE_RESEARCH,87,0.023796498905908098,0.0,0.5898305084745763,0.5328973828743375,0.37665259636827014,False,False,True,TARGET_CUT_RISK_UNRESOLVED / INCONCLUSIVE_RESEARCH
M8_DELAY_12000MS_CONFIRM,2000,-700,60000,False,False,False,False,-45619,-9.60804549283909,0.0,0.6402298850574712,0.6077865684329471,0.6898138999639657,False,False,True,TARGET_CUT_RISK_UNRESOLVED / INCONCLUSIVE_RESEARCH,18530,5.068380743982495,0.0,0.7135135135135136,0.6799012993240865,0.5357119354858008,False,False,True,TARGET_CUT_RISK_UNRESOLVED / INCONCLUSIVE_RESEARCH
M8_DELAY_12000MS_CONFIRM,2000,-700,120000,False,False,False,False,9155,1.9281802864363942,0.0,0.7480499219968799,0.7235684403343876,0.6826465390419006,False,False,True,TARGET_CUT_RISK_UNRESOLVED / INCONCLUSIVE_RESEARCH,70335,19.23823851203501,0.0,0.7876712328767124,0.761545196801194,0.5709514475271411,False,False,True,TARGET_CUT_RISK_UNRESOLVED / INCONCLUSIVE_RESEARCH
M8_DELAY_12000MS_CONFIRM,2000,-500,30000,False,False,False,False,-15129,-3.1863942712721145,0.0,0.5904761904761905,0.5353990148802478,0.5153403643336529,False,False,True,TARGET_CUT_RISK_UNRESOLVED / INCONCLUSIVE_RESEARCH,-733,-0.20049234135667396,0.0,0.6015037593984962,0.5416257950551149,0.31395317868271766,False,False,True,TARGET_CUT_RISK_UNRESOLVED / INCONCLUSIVE_RESEARCH
M8_DELAY_12000MS_CONFIRM,2000,-500,60000,False,False,False,False,-61137,-12.87636899747262,0.0,0.6443361753958587,0.6109878225493179,0.7759309252359385,False,False,True,TARGET_CUT_RISK_UNRESOLVED / INCONCLUSIVE_RESEARCH,5611,1.5347374179431073,0.0,0.7250361794500724,0.6905699193537737,0.5688715716416547,False,False,True,TARGET_CUT_RISK_UNRESOLVED / INCONCLUSIVE_RESEARCH
M8_DELAY_12000MS_CONFIRM,2000,-500,120000,False,False,False,False,-20794,-4.379528222409435,0.0,0.7547015535568274,0.729814580084489,0.7527630535822543,False,False,True,TARGET_CUT_RISK_UNRESOLVED / INCONCLUSIVE_RESEARCH,44670,12.218271334792123,0.0,0.7968911917098446,0.7703537397702551,0.6071133842551721,False,False,True,TARGET_CUT_RISK_UNRESOLVED / INCONCLUSIVE_RESEARCH
M8_DELAY_12000MS_CONFIRM,2000,-300,30000,False,False,False,False,-15663,-3.298862679022746,0.0,0.5971223021582733,0.5385215828299486,0.6243308860093018,False,False,True,TARGET_CUT_RISK_UNRESOLVED / INCONCLUSIVE_RESEARCH,-5277,-1.4433807439824946,0.0,0.6255144032921811,0.5631519851101778,0.41074440777411075,False,False,True,TARGET_CUT_RISK_UNRESOLVED / INCONCLUSIVE_RESEARCH
M8_DELAY_12000MS_CONFIRM,2000,-300,60000,False,False,False,False,-68905,-14.512426284751474,0.0,0.6445945945945946,0.609443332371944,0.910940948512574,False,False,True,TARGET_CUT_RISK_UNRESOLVED / INCONCLUSIVE_RESEARCH,-6448,-1.763676148796499,0.0,0.7387247278382582,0.7034210083160907,0.6490956179857088,False,False,True,TARGET_CUT_RISK_UNRESOLVED / INCONCLUSIVE_RESEARCH
M8_DELAY_12000MS_CONFIRM,2000,-300,120000,False,False,False,False,-58461,-12.312763268744735,0.0,0.7650709219858156,0.7394561699376978,0.9424154917615084,False,False,True,TARGET_CUT_RISK_UNRESOLVED / INCONCLUSIVE_RESEARCH,7810,2.136214442013129,0.0,0.8092613009922822,0.7824089790556773,0.7270438316116353,False,False,True,TARGET_CUT_RISK_UNRESOLVED / INCONCLUSIVE_RESEARCH
M8_DELAY_12000MS_CONFIRM,2000,-200,30000,False,False,False,False,-18066,-3.8049705139005896,0.0,0.5928853754940712,0.5313960164940493,0.6470850352766432,False,False,True,TARGET_CUT_RISK_UNRESOLVED / INCONCLUSIVE_RESEARCH,-9465,-2.588894967177243,0.0,0.630901287553648,0.5672844880117464,0.5158660710173628,False,False,True,TARGET_CUT_RISK_UNRESOLVED / INCONCLUSIVE_RESEARCH
M8_DELAY_12000MS_CONFIRM,2000,-200,60000,False,False,False,False,-72837,-15.340564448188712,0.0,0.6531204644412192,0.6168194094442422,1.0157940639393856,False,False,True,TARGET_CUT_RISK_UNRESOLVED / INCONCLUSIVE_RESEARCH,-21620,-5.913566739606127,0.0,0.7435064935064936,0.7075856450527296,0.8038311551433389,False,False,True,TARGET_CUT_RISK_UNRESOLVED / INCONCLUSIVE_RESEARCH
M8_DELAY_12000MS_CONFIRM,2000,-200,120000,False,False,False,False,-83785,-17.64637742207245,0.0,0.7770460959548448,0.7510522440240645,1.1525315741084246,False,False,True,TARGET_CUT_RISK_UNRESOLVED / INCONCLUSIVE_RESEARCH,-22127,-6.052242888402626,0.0,0.8135788262370541,0.7863257490298479,0.9739568289912002,False,False,True,TARGET_CUT_RISK_UNRESOLVED / INCONCLUSIVE_RESEARCH
M8_DELAY_12000MS_CONFIRM,3000,-6000,30000,False,False,False,False,17627,3.7125105307497894,0.0,0.5550387596899224,0.5164729537767184,0.18822331265623554,True,False,True,TARGET_CUT_RISK_UNRESOLVED / INCONCLUSIVE_RESEARCH,54523,14.913293216630198,0.0,0.5894538606403014,0.5471154970048643,0.139917737318684,True,True,True,INCONCLUSIVE_RESEARCH
M8_DELAY_12000MS_CONFIRM,3000,-6000,60000,False,False,False,False,175595,36.9829401853412,0.0,0.6177325581395349,0.5917627343106288,0.38053263290708594,False,False,True,TARGET_CUT_RISK_UNRESOLVED / INCONCLUSIVE_RESEARCH,254505,69.61296498905908,0.0,0.6758928571428572,0.6479210743037825,0.2732823560529419,False,False,True,TARGET_CUT_RISK_UNRESOLVED / INCONCLUSIVE_RESEARCH
M8_DELAY_12000MS_CONFIRM,3000,-6000,120000,False,False,False,False,424906,89.49157540016849,0.0,0.7083786724700761,0.6871825269089701,0.4421451776331596,False,False,False,TARGET_CUT_RISK_UNRESOLVED / INCONCLUSIVE_RESEARCH,411279,112.49425601750546,0.0,0.7373113854595336,0.7141188987982509,0.3982821426534875,False,False,True,TARGET_CUT_RISK_UNRESOLVED / INCONCLUSIVE_RESEARCH
M8_DELAY_12000MS_CONFIRM,3000,-5000,30000,False,False,False,False,19663,4.141322662173547,0.0,0.5557324840764332,0.5166486296378018,0.19559831629585087,True,False,True,TARGET_CUT_RISK_UNRESOLVED / INCONCLUSIVE_RESEARCH,43462,11.88785557986871,0.0,0.585603112840467,0.5425346497517632,0.15212992957357185,True,True,True,INCONCLUSIVE_RESEARCH
M8_DELAY_12000MS_CONFIRM,3000,-5000,60000,False,False,False,False,144505,30.4349199663016,0.0,0.6146993318485523,0.5884187280408454,0.40403404032618184,False,False,True,TARGET_CUT_RISK_UNRESOLVED / INCONCLUSIVE_RESEARCH,239859,65.60694748358863,0.0,0.6736745886654479,0.6453251860049236,0.27414908172931163,False,False,True,TARGET_CUT_RISK_UNRESOLVED / INCONCLUSIVE_RESEARCH
M8_DELAY_12000MS_CONFIRM,3000,-5000,120000,False,False,False,False,388798,81.88668913226621,0.0,0.710016602102933,0.6886671781595217,0.4659128530749346,False,False,True,TARGET_CUT_RISK_UNRESOLVED / INCONCLUSIVE_RESEARCH,394573,107.92478118161925,0.0,0.7391304347826086,0.7157186966139364,0.3986588838843893,False,False,True,TARGET_CUT_RISK_UNRESOLVED / INCONCLUSIVE_RESEARCH
M8_DELAY_12000MS_CONFIRM,3000,-3000,30000,False,False,False,False,1964,0.413647851727043,0.0,0.5598591549295775,0.5187690047013351,0.230549295692632,True,False,True,TARGET_CUT_RISK_UNRESOLVED / INCONCLUSIVE_RESEARCH,24024,6.571115973741795,0.0,0.5870967741935483,0.5418103636417569,0.19274408180417427,True,False,True,TARGET_CUT_RISK_UNRESOLVED / INCONCLUSIVE_RESEARCH
M8_DELAY_12000MS_CONFIRM,3000,-3000,60000,False,False,False,False,43353,9.130791912384161,0.0,0.6109324758842444,0.5835381804313203,0.4827567869880534,False,False,True,TARGET_CUT_RISK_UNRESOLVED / INCONCLUSIVE_RESEARCH,152645,41.75191466083151,0.0,0.6815476190476191,0.6521447916017005,0.3038742902524593,False,False,True,TARGET_CUT_RISK_UNRESOLVED / INCONCLUSIVE_RESEARCH
M8_DELAY_12000MS_CONFIRM,3000,-3000,120000,False,False,False,False,189012,39.80876158382477,0.0,0.7141169521559362,0.6921283417712888,0.5608683499487561,False,False,True,TARGET_CUT_RISK_UNRESOLVED / INCONCLUSIVE_RESEARCH,289488,79.18161925601751,0.0,0.7528174305033809,0.7289371679933031,0.4260168469557199,False,False,True,TARGET_CUT_RISK_UNRESOLVED / INCONCLUSIVE_RESEARCH
M8_DELAY_12000MS_CONFIRM,3000,-2000,30000,False,False,False,False,-22875,-4.817818028643639,0.0,0.5568627450980392,0.5134841961952495,0.3028694261912594,False,False,True,TARGET_CUT_RISK_UNRESOLVED / INCONCLUSIVE_RESEARCH,8985,2.4576039387308533,0.0,0.583732057416268,0.5359234445982278,0.24609001242969175,True,False,True,TARGET_CUT_RISK_UNRESOLVED / INCONCLUSIVE_RESEARCH
M8_DELAY_12000MS_CONFIRM,3000,-2000,60000,False,False,False,False,-23939,-5.041912384161752,0.0,0.6139737991266375,0.5854386299937492,0.5583978634377458,False,False,True,TARGET_CUT_RISK_UNRESOLVED / INCONCLUSIVE_RESEARCH,112922,30.88676148796499,0.0,0.6978494623655914,0.66757307030132,0.3526222839669142,False,False,True,TARGET_CUT_RISK_UNRESOLVED / INCONCLUSIVE_RESEARCH
M8_DELAY_12000MS_CONFIRM,3000,-2000,120000,False,False,False,False,59063,12.43955349620893,0.0,0.7187894073139974,0.6961546596637268,0.6432898785622017,False,False,True,TARGET_CUT_RISK_UNRESOLVED / INCONCLUSIVE_RESEARCH,220920,60.42669584245077,0.0,0.7668810289389068,0.7425854262258532,0.4486316516708474,False,False,True,TARGET_CUT_RISK_UNRESOLVED / INCONCLUSIVE_RESEARCH
M8_DELAY_12000MS_CONFIRM,3000,-1500,30000,False,False,False,False,-27480,-5.787700084245999,0.0,0.5595744680851064,0.5143899940314328,0.3277664074225679,False,False,True,TARGET_CUT_RISK_UNRESOLVED / INCONCLUSIVE_RESEARCH,1690,0.46225382932166303,0.0,0.5913978494623656,0.5407572367273321,0.3111467884721924,False,False,True,TARGET_CUT_RISK_UNRESOLVED / INCONCLUSIVE_RESEARCH
M8_DELAY_12000MS_CONFIRM,3000,-1500,60000,False,False,False,False,-62751,-13.216301600673969,0.0,0.6129032258064516,0.5835706222683937,0.6155384896372381,False,False,True,TARGET_CUT_RISK_UNRESOLVED / INCONCLUSIVE_RESEARCH,53661,14.677516411378555,0.0,0.6947004608294931,0.6632608459906525,0.4230434495945144,False,False,True,TARGET_CUT_RISK_UNRESOLVED / INCONCLUSIVE_RESEARCH
M8_DELAY_12000MS_CONFIRM,3000,-1500,120000,False,False,False,False,7197,1.5157961246840774,0.0,0.7233902759526938,0.7003761422203869,0.6941720336095114,False,False,True,TARGET_CUT_RISK_UNRESOLVED / INCONCLUSIVE_RESEARCH,159013,43.49370897155361,0.0,0.7721088435374149,0.7472711686555915,0.46108600989096776,False,False,True,TARGET_CUT_RISK_UNRESOLVED / INCONCLUSIVE_RESEARCH
M8_DELAY_12000MS_CONFIRM,3000,-1000,30000,False,False,False,False,-27092,-5.70598146588037,0.0,0.5606796116504854,0.5124142477721702,0.3241107184923439,False,False,True,TARGET_CUT_RISK_UNRESOLVED / INCONCLUSIVE_RESEARCH,-2759,-0.7546498905908097,0.0,0.5933734939759037,0.5397603153714582,0.3378485481662944,False,False,True,TARGET_CUT_RISK_UNRESOLVED / INCONCLUSIVE_RESEARCH
M8_DELAY_12000MS_CONFIRM,3000,-1000,60000,False,False,False,False,-70567,-14.862468407750631,0.0,0.627648839556004,0.5971114844162192,0.6613670780719567,False,False,True,TARGET_CUT_RISK_UNRESOLVED / INCONCLUSIVE_RESEARCH,30983,8.474562363238512,0.0,0.7091584158415841,0.6769129544236565,0.4633701415576203,False,False,True,TARGET_CUT_RISK_UNRESOLVED / INCONCLUSIVE_RESEARCH
M8_DELAY_12000MS_CONFIRM,3000,-1000,120000,False,False,False,False,-26983,-5.683024431339511,0.0,0.734982332155477,0.7113728141658465,0.7224099276895387,False,False,True,TARGET_CUT_RISK_UNRESOLVED / INCONCLUSIVE_RESEARCH,111983,30.62992341356674,0.0,0.7848784878487849,0.7597564942627137,0.4890374177084197,False,False,True,TARGET_CUT_RISK_UNRESOLVED / INCONCLUSIVE_RESEARCH
M8_DELAY_12000MS_CONFIRM,3000,-700,30000,False,False,False,False,-26907,-5.667017691659646,0.0,0.5679347826086957,0.5168788058615983,0.4101199791340636,False,False,True,TARGET_CUT_RISK_UNRESOLVED / INCONCLUSIVE_RESEARCH,-7138,-1.9524070021881839,0.0,0.5942492012779552,0.539026331488966,0.36773892934801367,False,False,True,TARGET_CUT_RISK_UNRESOLVED / INCONCLUSIVE_RESEARCH
M8_DELAY_12000MS_CONFIRM,3000,-700,60000,False,False,False,False,-85622,-18.033277169334458,0.0,0.6324972737186477,0.6007998711924397,0.7038622415073688,False,False,True,TARGET_CUT_RISK_UNRESOLVED / INCONCLUSIVE_RESEARCH,16960,4.638949671772429,0.0,0.7179818887451488,0.6852426577407783,0.5143210955710956,False,False,True,TARGET_CUT_RISK_UNRESOLVED / INCONCLUSIVE_RESEARCH
M8_DELAY_12000MS_CONFIRM,3000,-700,120000,False,False,False,False,-58173,-12.252106149957877,0.0,0.7430503380916604,0.7188999707138182,0.7785548436069746,False,False,True,TARGET_CUT_RISK_UNRESOLVED / INCONCLUSIVE_RESEARCH,76579,20.946115973741794,0.0,0.7920978363123237,0.7666723381820836,0.5202239707049724,False,False,True,TARGET_CUT_RISK_UNRESOLVED / INCONCLUSIVE_RESEARCH
M8_DELAY_12000MS_CONFIRM,3000,-500,30000,False,False,False,False,-29559,-6.2255686604886264,0.0,0.5794117647058824,0.5263385686461405,0.4558223492469398,False,False,True,TARGET_CUT_RISK_UNRESOLVED / INCONCLUSIVE_RESEARCH,-8667,-2.3706236323851204,0.0,0.6042402826855123,0.5462360011882754,0.48324111030478956,False,False,True,TARGET_CUT_RISK_UNRESOLVED / INCONCLUSIVE_RESEARCH
M8_DELAY_12000MS_CONFIRM,3000,-500,60000,False,False,False,False,-98587,-20.763900589721988,0.0,0.6365740740740741,0.6039630636215991,0.7785406877303909,False,False,True,TARGET_CUT_RISK_UNRESOLVED / INCONCLUSIVE_RESEARCH,1086,0.29704595185995625,0.0,0.7271468144044322,0.6935180566236874,0.553801645420848,False,False,True,TARGET_CUT_RISK_UNRESOLVED / INCONCLUSIVE_RESEARCH
M8_DELAY_12000MS_CONFIRM,3000,-500,120000,False,False,False,False,-86048,-18.12299915754002,0.0,0.7490134175217048,0.7244106820895647,0.8576704770362416,False,False,True,TARGET_CUT_RISK_UNRESOLVED / INCONCLUSIVE_RESEARCH,47782,13.069474835886215,0.0,0.8001998001998002,0.7743027942417937,0.5447666073376586,False,False,True,TARGET_CUT_RISK_UNRESOLVED / INCONCLUSIVE_RESEARCH
M8_DELAY_12000MS_CONFIRM,3000,-300,30000,False,False,False,False,-30069,-6.332982308340354,0.0,0.5827814569536424,0.5264689017882795,0.5169127450496271,False,False,True,TARGET_CUT_RISK_UNRESOLVED / INCONCLUSIVE_RESEARCH,-12279,-3.358588621444201,0.0,0.6230769230769231,0.5627820299620307,0.5856518400378049,False,False,True,TARGET_CUT_RISK_UNRESOLVED / INCONCLUSIVE_RESEARCH
M8_DELAY_12000MS_CONFIRM,3000,-300,60000,False,False,False,False,-102137,-21.511583824768323,0.0,0.6368286445012787,0.602529256761363,0.9316515827838978,False,False,True,TARGET_CUT_RISK_UNRESOLVED / INCONCLUSIVE_RESEARCH,-12709,-3.476203501094092,0.0,0.736998514115899,0.7024583224110291,0.654036335351964,False,False,True,TARGET_CUT_RISK_UNRESOLVED / INCONCLUSIVE_RESEARCH
M8_DELAY_12000MS_CONFIRM,3000,-300,120000,False,False,False,False,-113099,-23.82034540859309,0.0,0.7591801878736123,0.7338681513134842,1.0394386298763083,False,False,True,TARGET_CUT_RISK_UNRESOLVED / INCONCLUSIVE_RESEARCH,3152,0.862144420131291,0.0,0.8087141339001063,0.7823487525842929,0.6847712254998378,False,False,True,TARGET_CUT_RISK_UNRESOLVED / INCONCLUSIVE_RESEARCH
M8_DELAY_12000MS_CONFIRM,3000,-200,30000,False,False,False,False,-31013,-6.531802864363943,0.0,0.5760869565217391,0.5171336157387869,0.4985350809560524,False,False,True,TARGET_CUT_RISK_UNRESOLVED / INCONCLUSIVE_RESEARCH,-15321,-4.190645514223195,0.0,0.6305220883534136,0.5690126675258084,0.6589482642459488,False,False,True,TARGET_CUT_RISK_UNRESOLVED / INCONCLUSIVE_RESEARCH
M8_DELAY_12000MS_CONFIRM,3000,-200,60000,False,False,False,False,-98524,-20.750631844987364,0.0,0.6446280991735537,0.609134499304252,0.9729852534181502,False,False,True,TARGET_CUT_RISK_UNRESOLVED / INCONCLUSIVE_RESEARCH,-26635,-7.285284463894967,0.0,0.7426356589147287,0.7075296483677125,0.7519140080569716,False,False,True,TARGET_CUT_RISK_UNRESOLVED / INCONCLUSIVE_RESEARCH
M8_DELAY_12000MS_CONFIRM,3000,-200,120000,False,False,False,False,-126703,-26.685551811288963,0.0,0.7720254314259763,0.7463239685204807,1.2066679452755402,False,False,True,TARGET_CUT_RISK_UNRESOLVED / INCONCLUSIVE_RESEARCH,-26607,-7.277625820568928,0.0,0.8146503884572697,0.7879605292439561,0.8521218804885022,False,False,True,TARGET_CUT_RISK_UNRESOLVED / INCONCLUSIVE_RESEARCH
M8_DELAY_12000MS_CONFIRM,5000,-6000,30000,False,False,False,False,-3927,-0.8270850884582982,0.0,0.5538922155688623,0.5159949800214291,0.14199819087990634,True,True,True,REJECTED_FOR_RUNTIME,59392,16.24507658643326,0.0,0.5894160583941606,0.5477445956692313,0.05856682682790765,True,True,True,INCONCLUSIVE_RESEARCH
M8_DELAY_12000MS_CONFIRM,5000,-6000,60000,False,False,False,False,66685,14.04486099410278,0.0,0.6114605171208944,0.5859401769378756,0.3024372950010749,False,False,True,TARGET_CUT_RISK_UNRESOLVED / INCONCLUSIVE_RESEARCH,248551,67.98440919037199,0.0,0.6762152777777778,0.6486477591708927,0.21193350412163972,True,True,True,INCONCLUSIVE_RESEARCH
M8_DELAY_12000MS_CONFIRM,5000,-6000,120000,False,False,False,False,329188,69.33192923336142,0.0,0.71,0.6891892098985951,0.41939730953408033,False,False,True,TARGET_CUT_RISK_UNRESOLVED / INCONCLUSIVE_RESEARCH,369337,101.02215536105032,0.0,0.7389853137516689,0.7161536830636335,0.39743894871579616,False,False,True,TARGET_CUT_RISK_UNRESOLVED / INCONCLUSIVE_RESEARCH
M8_DELAY_12000MS_CONFIRM,5000,-5000,30000,False,False,False,False,-1891,-0.39827295703454085,0.0,0.554531490015361,0.516142990958253,0.14731873824058442,True,True,True,REJECTED_FOR_RUNTIME,47672,13.039387308533916,0.0,0.5867924528301887,0.5443928657827055,0.06335193953875427,True,True,True,INCONCLUSIVE_RESEARCH
M8_DELAY_12000MS_CONFIRM,5000,-5000,60000,False,False,False,False,34595,7.286225779275484,0.0,0.608416547788873,0.582603755141472,0.3203285202209309,False,False,True,TARGET_CUT_RISK_UNRESOLVED / INCONCLUSIVE_RESEARCH,236075,64.57193654266959,0.0,0.6746666666666666,0.6467357552623862,0.21543240805691954,True,True,True,INCONCLUSIVE_RESEARCH
M8_DELAY_12000MS_CONFIRM,5000,-5000,120000,False,False,False,False,288472,60.75652906486942,0.0,0.7116104868913857,0.6906551074420041,0.4411773453902889,False,False,True,TARGET_CUT_RISK_UNRESOLVED / INCONCLUSIVE_RESEARCH,356900,97.62035010940919,0.0,0.7418032786885246,0.7187728507815774,0.3902136887290772,False,False,True,TARGET_CUT_RISK_UNRESOLVED / INCONCLUSIVE_RESEARCH
M8_DELAY_12000MS_CONFIRM,5000,-3000,30000,False,False,False,False,-18645,-3.926916596461668,0.0,0.5583756345177665,0.5180909567131237,0.17670071123912312,True,True,True,REJECTED_FOR_RUNTIME,27857,7.6195295404814,0.0,0.5895833333333333,0.5450352893799528,0.07837730441798017,True,True,True,INCONCLUSIVE_RESEARCH
M8_DELAY_12000MS_CONFIRM,5000,-3000,60000,False,False,False,False,-62963,-13.26095197978096,0.0,0.6054054054054054,0.5785109879606292,0.3745295179169889,False,False,True,TARGET_CUT_RISK_UNRESOLVED / INCONCLUSIVE_RESEARCH,135921,37.177516411378555,0.0,0.6834462729912875,0.654446632515545,0.25773955865203924,False,False,True,TARGET_CUT_RISK_UNRESOLVED / INCONCLUSIVE_RESEARCH
M8_DELAY_12000MS_CONFIRM,5000,-3000,120000,False,False,False,False,65499,13.795071609098567,0.0,0.7152658662092625,0.6936621981333674,0.5338785570021193,False,False,True,TARGET_CUT_RISK_UNRESOLVED / INCONCLUSIVE_RESEARCH,236067,64.56974835886214,0.0,0.7562408223201175,0.7327389751197428,0.42892963340345974,False,False,True,TARGET_CUT_RISK_UNRESOLVED / INCONCLUSIVE_RESEARCH
M8_DELAY_12000MS_CONFIRM,5000,-2000,30000,False,False,False,False,-43484,-9.158382476832351,0.0,0.5553470919324578,0.5129135193578392,0.22837256733724604,True,True,True,REJECTED_FOR_RUNTIME,8105,2.2169037199124726,0.0,0.5856481481481481,0.5386397443359314,0.09980832630529786,True,True,True,INCONCLUSIVE_RESEARCH
M8_DELAY_12000MS_CONFIRM,5000,-2000,60000,False,False,False,False,-127307,-26.812763268744735,0.0,0.607563025210084,0.5795163090403199,0.46606799823084016,False,False,True,TARGET_CUT_RISK_UNRESOLVED / INCONCLUSIVE_RESEARCH,93510,25.577133479212254,0.0,0.6998950682056663,0.6700424916409493,0.30430406807660004,False,False,True,TARGET_CUT_RISK_UNRESOLVED / INCONCLUSIVE_RESEARCH
M8_DELAY_12000MS_CONFIRM,5000,-2000,120000,False,False,False,False,-46578,-9.810025273799495,0.0,0.7206601466992665,0.698421129989051,0.6112408656817212,False,False,True,TARGET_CUT_RISK_UNRESOLVED / INCONCLUSIVE_RESEARCH,183033,50.06373085339168,0.0,0.7720125786163522,0.7481583670178551,0.43846274518834294,False,False,True,TARGET_CUT_RISK_UNRESOLVED / INCONCLUSIVE_RESEARCH
M8_DELAY_12000MS_CONFIRM,5000,-1500,30000,False,False,False,False,-41822,-8.808340353833193,0.0,0.560081466395112,0.5158778029637319,0.20222875275245103,True,False,True,TARGET_CUT_RISK_UNRESOLVED / INCONCLUSIVE_RESEARCH,-3991,-1.0916301969365427,0.0,0.5922077922077922,0.542443556152586,0.127319138947842,True,False,True,TARGET_CUT_RISK_UNRESOLVED / INCONCLUSIVE_RESEARCH
M8_DELAY_12000MS_CONFIRM,5000,-1500,60000,False,False,False,False,-151062,-31.81592249368155,0.0,0.6072695035460993,0.5784523773386612,0.5096003715764973,False,False,True,TARGET_CUT_RISK_UNRESOLVED / INCONCLUSIVE_RESEARCH,39166,10.712800875273523,0.0,0.697752808988764,0.6667851612996959,0.3595977211952099,False,False,True,TARGET_CUT_RISK_UNRESOLVED / INCONCLUSIVE_RESEARCH
M8_DELAY_12000MS_CONFIRM,5000,-1500,120000,False,False,False,False,-72199,-15.206192080876159,0.0,0.7270408163265306,0.7044561856838223,0.6356185809344713,False,False,True,TARGET_CUT_RISK_UNRESOLVED / INCONCLUSIVE_RESEARCH,127407,34.84874179431072,0.0,0.7772236076475478,0.7528482588056828,0.4539485692623066,False,False,True,TARGET_CUT_RISK_UNRESOLVED / INCONCLUSIVE_RESEARCH
M8_DELAY_12000MS_CONFIRM,5000,-1000,30000,False,False,False,False,-40467,-8.522957034540859,0.0,0.5591647331786543,0.5119741999154614,0.26031102824688274,False,False,True,TARGET_CUT_RISK_UNRESOLVED / INCONCLUSIVE_RESEARCH,-7970,-2.1799781181619258,0.0,0.5942028985507246,0.5416255945970672,0.15837946347101406,True,False,True,TARGET_CUT_RISK_UNRESOLVED / INCONCLUSIVE_RESEARCH
M8_DELAY_12000MS_CONFIRM,5000,-1000,60000,False,False,False,False,-152282,-32.07287278854255,0.0,0.6219630709426628,0.591933975086896,0.5582482699559373,False,False,True,TARGET_CUT_RISK_UNRESOLVED / INCONCLUSIVE_RESEARCH,28185,7.709245076586433,0.0,0.7132530120481928,0.6815591466175912,0.3652744787085962,False,False,True,TARGET_CUT_RISK_UNRESOLVED / INCONCLUSIVE_RESEARCH
M8_DELAY_12000MS_CONFIRM,5000,-1000,120000,False,False,False,False,-106981,-22.531802864363943,0.0,0.7376373626373627,0.7144366951569318,0.7117217119405902,False,False,True,TARGET_CUT_RISK_UNRESOLVED / INCONCLUSIVE_RESEARCH,93400,25.547045951859957,0.0,0.7918871252204586,0.7672932630692194,0.46159233978500236,False,False,True,TARGET_CUT_RISK_UNRESOLVED / INCONCLUSIVE_RESEARCH
M8_DELAY_12000MS_CONFIRM,5000,-700,30000,False,False,False,False,-38209,-8.047388374052233,0.0,0.5662337662337662,0.5163158574896034,0.28126783142678585,False,False,True,TARGET_CUT_RISK_UNRESOLVED / INCONCLUSIVE_RESEARCH,-12966,-3.5464989059080962,0.0,0.5938461538461538,0.5396577904083627,0.1860219202354925,True,False,True,TARGET_CUT_RISK_UNRESOLVED / INCONCLUSIVE_RESEARCH
M8_DELAY_12000MS_CONFIRM,5000,-700,60000,False,False,False,False,-156846,-33.03411962931761,0.0,0.6267087276550999,0.5955158640155895,0.6051032281226886,False,False,True,TARGET_CUT_RISK_UNRESOLVED / INCONCLUSIVE_RESEARCH,13299,3.637582056892779,0.0,0.7229219143576826,0.6907746836209833,0.404506043197215,False,False,True,TARGET_CUT_RISK_UNRESOLVED / INCONCLUSIVE_RESEARCH
M8_DELAY_12000MS_CONFIRM,5000,-700,120000,False,False,False,False,-140137,-29.514953664700926,0.0,0.7459736456808199,0.7222212520841922,0.7701676118218592,False,False,True,TARGET_CUT_RISK_UNRESOLVED / INCONCLUSIVE_RESEARCH,66559,18.205415754923415,0.0,0.8,0.775159160853297,0.47223318926107555,False,False,True,TARGET_CUT_RISK_UNRESOLVED / INCONCLUSIVE_RESEARCH
M8_DELAY_12000MS_CONFIRM,5000,-500,30000,False,False,False,False,-38716,-8.154170176916596,0.0,0.5770308123249299,0.5252307423096859,0.275153281736858,False,False,True,TARGET_CUT_RISK_UNRESOLVED / INCONCLUSIVE_RESEARCH,-15052,-4.11706783369803,0.0,0.6020408163265306,0.5451202933156639,0.23424623025155647,True,False,True,TARGET_CUT_RISK_UNRESOLVED / INCONCLUSIVE_RESEARCH
M8_DELAY_12000MS_CONFIRM,5000,-500,60000,False,False,False,False,-157017,-33.070134793597305,0.0,0.6298773690078038,0.5977886138689423,0.608080721661061,False,False,True,TARGET_CUT_RISK_UNRESOLVED / INCONCLUSIVE_RESEARCH,-6311,-1.726203501094092,0.0,0.7304582210242587,0.6974045481945412,0.4490410698852481,False,False,True,TARGET_CUT_RISK_UNRESOLVED / INCONCLUSIVE_RESEARCH
M8_DELAY_12000MS_CONFIRM,5000,-500,120000,False,False,False,False,-161928,-34.1044650379107,0.0,0.7501921598770177,0.7259553726246688,0.8277004168919537,False,False,True,TARGET_CUT_RISK_UNRESOLVED / INCONCLUSIVE_RESEARCH,26498,7.24781181619256,0.0,0.8052837573385518,0.7798819324146863,0.5286465011052216,False,False,True,TARGET_CUT_RISK_UNRESOLVED / INCONCLUSIVE_RESEARCH
M8_DELAY_12000MS_CONFIRM,5000,-300,30000,False,False,False,False,-40285,-8.484625105307497,0.0,0.5786163522012578,0.5237235836693791,0.3604424060216375,False,False,True,TARGET_CUT_RISK_UNRESOLVED / INCONCLUSIVE_RESEARCH,-15456,-4.227571115973742,0.0,0.6222222222222222,0.5630586207976631,0.21225743279330603,True,False,True,TARGET_CUT_RISK_UNRESOLVED / INCONCLUSIVE_RESEARCH
M8_DELAY_12000MS_CONFIRM,5000,-300,60000,False,False,False,False,-161799,-34.077295703454084,0.0,0.6288532675709001,0.5950692103449747,0.7147331424846235,False,False,True,TARGET_CUT_RISK_UNRESOLVED / INCONCLUSIVE_RESEARCH,-19499,-5.333424507658643,0.0,0.7395079594790159,0.7055227093717225,0.5047837758750111,False,False,True,TARGET_CUT_RISK_UNRESOLVED / INCONCLUSIVE_RESEARCH
M8_DELAY_12000MS_CONFIRM,5000,-300,120000,False,False,False,False,-191525,-40.33803706823926,0.0,0.76,0.7350306040138627,1.0413448818515387,False,False,True,TARGET_CUT_RISK_UNRESOLVED / INCONCLUSIVE_RESEARCH,-17256,-4.719912472647702,0.0,0.8135416666666667,0.7876721259327838,0.6451550009748489,False,False,True,TARGET_CUT_RISK_UNRESOLVED / INCONCLUSIVE_RESEARCH
M8_DELAY_12000MS_CONFIRM,5000,-200,30000,False,False,False,False,-39795,-8.381423757371525,0.0,0.5694444444444444,0.511714302312274,0.29541750683645,False,False,True,TARGET_CUT_RISK_UNRESOLVED / INCONCLUSIVE_RESEARCH,-16751,-4.581783369803063,0.0,0.6293436293436293,0.5690336945385569,0.16122584943371085,True,False,True,TARGET_CUT_RISK_UNRESOLVED / INCONCLUSIVE_RESEARCH
M8_DELAY_12000MS_CONFIRM,5000,-200,60000,False,False,False,False,-152111,-32.03685762426285,0.0,0.6351531291611185,0.6001172915068992,0.7760256084732852,False,False,True,TARGET_CUT_RISK_UNRESOLVED / INCONCLUSIVE_RESEARCH,-30381,-8.309901531728665,0.0,0.7450980392156863,0.7105786842892964,0.5311956030606727,False,False,True,TARGET_CUT_RISK_UNRESOLVED / INCONCLUSIVE_RESEARCH
M8_DELAY_12000MS_CONFIRM,5000,-200,120000,False,False,False,False,-203003,-42.75547598989048,0.0,0.7699822380106572,0.7445079374806054,1.2096383462013671,False,False,True,TARGET_CUT_RISK_UNRESOLVED / INCONCLUSIVE_RESEARCH,-44571,-12.191192560175054,0.0,0.8195652173913044,0.7934037235167369,0.751276351336978,False,False,True,TARGET_CUT_RISK_UNRESOLVED / INCONCLUSIVE_RESEARCH
M8_DELAY_12000MS_CONFIRM,6000,-6000,30000,False,False,False,False,-16636,-3.5037910699241785,0.0,0.5512630014858841,0.5135012459864109,0.16174919591726447,True,True,True,REJECTED_FOR_RUNTIME,56483,15.449398249452955,0.0,0.5901639344262295,0.5485368516611099,0.04878114538632636,True,True,True,INCONCLUSIVE_RESEARCH
M8_DELAY_12000MS_CONFIRM,6000,-6000,60000,False,False,False,False,39908,8.405223251895535,0.0,0.611764705882353,0.5863721910401615,0.2813817729787701,False,False,True,TARGET_CUT_RISK_UNRESOLVED / INCONCLUSIVE_RESEARCH,241518,66.06072210065645,0.0,0.6776145203111495,0.6501334348384924,0.17941547425725418,True,True,True,INCONCLUSIVE_RESEARCH
M8_DELAY_12000MS_CONFIRM,6000,-6000,120000,False,False,False,False,347063,73.09667228306655,0.0,0.7131702238417491,0.6925352938665786,0.35969509485558027,False,False,True,TARGET_CUT_RISK_UNRESOLVED / INCONCLUSIVE_RESEARCH,348078,95.20733041575492,0.0,0.7407161803713528,0.7180054206857576,0.38706113751566873,False,False,True,TARGET_CUT_RISK_UNRESOLVED / INCONCLUSIVE_RESEARCH
M8_DELAY_12000MS_CONFIRM,6000,-5000,30000,False,False,False,False,-14600,-3.074978938500421,0.0,0.551829268292683,0.5135815177050318,0.16770217207614693,True,True,True,REJECTED_FOR_RUNTIME,44763,12.24370897155361,0.0,0.5875706214689266,0.5452172864779825,0.052761523357763566,True,True,True,INCONCLUSIVE_RESEARCH
M8_DELAY_12000MS_CONFIRM,6000,-5000,60000,False,False,False,False,7818,1.6465880370682393,0.0,0.6087570621468926,0.5830763273144718,0.2974888965910892,False,False,True,TARGET_CUT_RISK_UNRESOLVED / INCONCLUSIVE_RESEARCH,229953,62.89742888402626,0.0,0.6761061946902654,0.6482646681940755,0.17980164397339243,True,True,True,INCONCLUSIVE_RESEARCH
M8_DELAY_12000MS_CONFIRM,6000,-5000,120000,False,False,False,False,304764,64.18786857624262,0.0,0.7148148148148148,0.694039775480946,0.377685878629476,False,False,True,TARGET_CUT_RISK_UNRESOLVED / INCONCLUSIVE_RESEARCH,337683,92.3640590809628,0.0,0.7435549525101763,0.7206496490630198,0.37665152007594843,False,False,True,TARGET_CUT_RISK_UNRESOLVED / INCONCLUSIVE_RESEARCH
M8_DELAY_12000MS_CONFIRM,6000,-3000,30000,False,False,False,False,-31354,-6.603622577927548,0.0,0.5553691275167785,0.5152461668657382,0.20043961266559734,True,True,True,REJECTED_FOR_RUNTIME,24948,6.8238512035010945,0.0,0.5904365904365905,0.545942283214834,0.06525489441762893,True,True,True,INCONCLUSIVE_RESEARCH
M8_DELAY_12000MS_CONFIRM,6000,-3000,60000,False,False,False,False,-88079,-18.550758213984835,0.0,0.6055045871559633,0.5787461827242072,0.33779398630544805,False,False,True,TARGET_CUT_RISK_UNRESOLVED / INCONCLUSIVE_RESEARCH,129361,35.3832056892779,0.0,0.6846673095467696,0.655749527610239,0.20680168159520132,True,False,True,TARGET_CUT_RISK_UNRESOLVED / INCONCLUSIVE_RESEARCH
M8_DELAY_12000MS_CONFIRM,6000,-3000,120000,False,False,False,False,80085,16.86710193765796,0.0,0.7190503109101187,0.6976480952744946,0.4498432237835327,False,False,True,TARGET_CUT_RISK_UNRESOLVED / INCONCLUSIVE_RESEARCH,222105,60.75082056892779,0.0,0.7583941605839416,0.7350250996486684,0.4018271548572507,False,False,True,TARGET_CUT_RISK_UNRESOLVED / INCONCLUSIVE_RESEARCH
M8_DELAY_12000MS_CONFIRM,6000,-2000,30000,False,False,False,False,-49963,-10.522957034540859,0.0,0.553072625698324,0.5107931351619311,0.25745541319533566,False,False,True,TARGET_CUT_RISK_UNRESOLVED / INCONCLUSIVE_RESEARCH,5196,1.4212253829321664,0.0,0.5866050808314087,0.5396585271838448,0.08306107927375114,True,True,True,INCONCLUSIVE_RESEARCH
M8_DELAY_12000MS_CONFIRM,6000,-2000,60000,False,False,False,False,-144632,-30.46166807076664,0.0,0.608153078202995,0.5802534581263076,0.40715589125262747,False,False,True,TARGET_CUT_RISK_UNRESOLVED / INCONCLUSIVE_RESEARCH,85771,23.460339168490155,0.0,0.700836820083682,0.6710543954549323,0.24898783572974184,True,False,True,TARGET_CUT_RISK_UNRESOLVED / INCONCLUSIVE_RESEARCH
M8_DELAY_12000MS_CONFIRM,6000,-2000,120000,False,False,False,False,-26567,-5.595408593091828,0.0,0.7250755287009063,0.7030625630314137,0.5013323410934499,False,False,True,TARGET_CUT_RISK_UNRESOLVED / INCONCLUSIVE_RESEARCH,180069,49.25300875273523,0.0,0.7746478873239436,0.7509374952981648,0.4037784598675104,False,False,True,TARGET_CUT_RISK_UNRESOLVED / INCONCLUSIVE_RESEARCH
M8_DELAY_12000MS_CONFIRM,6000,-1500,30000,False,False,False,False,-46301,-9.751684919966301,0.0,0.5575757575757576,0.5135450079135593,0.22083343465538344,True,True,True,REJECTED_FOR_RUNTIME,-6900,-1.887308533916849,0.0,0.5932642487046632,0.5435742546345188,0.10589566506691639,True,True,True,REJECTED_FOR_RUNTIME
M8_DELAY_12000MS_CONFIRM,6000,-1500,60000,False,False,False,False,-164887,-34.7276748104465,0.0,0.6078947368421053,0.579236953756309,0.42820784940437284,False,False,True,TARGET_CUT_RISK_UNRESOLVED / INCONCLUSIVE_RESEARCH,37028,10.12800875273523,0.0,0.6995515695067265,0.6686625278743861,0.29417043669895687,False,False,True,TARGET_CUT_RISK_UNRESOLVED / INCONCLUSIVE_RESEARCH
M8_DELAY_12000MS_CONFIRM,6000,-1500,120000,False,False,False,False,-60719,-12.788331929233362,0.0,0.7301387137452712,0.7077560874854318,0.5285416255767633,False,False,True,TARGET_CUT_RISK_UNRESOLVED / INCONCLUSIVE_RESEARCH,128343,35.10475929978118,0.0,0.7806291390728477,0.7564235997951516,0.41900160648156787,False,False,True,TARGET_CUT_RISK_UNRESOLVED / INCONCLUSIVE_RESEARCH
M8_DELAY_12000MS_CONFIRM,6000,-1000,30000,False,False,False,False,-44946,-9.466301600673969,0.0,0.5563218390804597,0.5093435036052818,0.2816819859593255,False,False,True,TARGET_CUT_RISK_UNRESOLVED / INCONCLUSIVE_RESEARCH,-10879,-2.9756564551422318,0.0,0.5953757225433526,0.5428857137536908,0.1316453240201785,True,True,True,REJECTED_FOR_RUNTIME
M8_DELAY_12000MS_CONFIRM,6000,-1000,60000,False,False,False,False,-160121,-33.723883740522325,0.0,0.6221153846153846,0.5922491075978367,0.44534657364871627,False,False,True,TARGET_CUT_RISK_UNRESOLVED / INCONCLUSIVE_RESEARCH,25809,7.059354485776805,0.0,0.7148014440433214,0.6831695433067752,0.28843910898955033,False,False,True,TARGET_CUT_RISK_UNRESOLVED / INCONCLUSIVE_RESEARCH
M8_DELAY_12000MS_CONFIRM,6000,-1000,120000,False,False,False,False,-102909,-21.674178601516427,0.0,0.7399864222674813,0.7169821877929662,0.5969719178449493,False,False,True,TARGET_CUT_RISK_UNRESOLVED / INCONCLUSIVE_RESEARCH,83200,22.75711159737418,0.0,0.7934973637961336,0.769010145821365,0.44929609004639215,False,False,True,TARGET_CUT_RISK_UNRESOLVED / INCONCLUSIVE_RESEARCH
M8_DELAY_12000MS_CONFIRM,6000,-700,30000,False,False,False,False,-41688,-8.780117944397642,0.0,0.5629820051413882,0.513312560393701,0.2939666735451919,False,False,True,TARGET_CUT_RISK_UNRESOLVED / INCONCLUSIVE_RESEARCH,-15875,-4.342177242888402,0.0,0.5950920245398773,0.5409986138092459,0.1545338078291815,True,True,True,REJECTED_FOR_RUNTIME
M8_DELAY_12000MS_CONFIRM,6000,-700,60000,False,False,False,False,-161464,-34.006739679865206,0.0,0.6268191268191268,0.5958087208125372,0.4676857932321384,False,False,True,TARGET_CUT_RISK_UNRESOLVED / INCONCLUSIVE_RESEARCH,11816,3.2319474835886215,0.0,0.7257861635220125,0.6937451690755474,0.32528088326923915,False,False,True,TARGET_CUT_RISK_UNRESOLVED / INCONCLUSIVE_RESEARCH
M8_DELAY_12000MS_CONFIRM,6000,-700,120000,False,False,False,False,-137738,-29.009688289806235,0.0,0.74765003615329,0.7240932848895597,0.6410438732177121,False,False,True,TARGET_CUT_RISK_UNRESOLVED / INCONCLUSIVE_RESEARCH,56933,15.572483588621445,0.0,0.8016528925619835,0.776927249874088,0.46798517557489905,False,False,True,TARGET_CUT_RISK_UNRESOLVED / INCONCLUSIVE_RESEARCH
M8_DELAY_12000MS_CONFIRM,6000,-500,30000,False,False,False,False,-42382,-8.926284751474306,0.0,0.5734072022160664,0.5218786043067756,0.35845940930393483,False,False,True,TARGET_CUT_RISK_UNRESOLVED / INCONCLUSIVE_RESEARCH,-17961,-4.912746170678337,0.0,0.6033898305084746,0.546581217226698,0.19440216320756407,True,False,True,TARGET_CUT_RISK_UNRESOLVED / INCONCLUSIVE_RESEARCH
M8_DELAY_12000MS_CONFIRM,6000,-500,60000,False,False,False,False,-161753,-34.06760741364785,0.0,0.6299559471365639,0.5980657547285926,0.48645093651864546,False,False,True,TARGET_CUT_RISK_UNRESOLVED / INCONCLUSIVE_RESEARCH,-8389,-2.2945842450765865,0.0,0.7335127860026918,0.7005804319923002,0.3645256659227269,False,False,True,TARGET_CUT_RISK_UNRESOLVED / INCONCLUSIVE_RESEARCH
M8_DELAY_12000MS_CONFIRM,6000,-500,120000,False,False,False,False,-172698,-36.37278854254423,0.0,0.7503793626707133,0.7263090727670395,0.7094194625906429,False,False,True,TARGET_CUT_RISK_UNRESOLVED / INCONCLUSIVE_RESEARCH,17366,4.75,0.0,0.8070175438596491,0.7817425642203529,0.5259124395324363,False,False,True,TARGET_CUT_RISK_UNRESOLVED / INCONCLUSIVE_RESEARCH
M8_DELAY_12000MS_CONFIRM,6000,-300,30000,False,False,False,False,-44151,-9.298862679022747,0.0,0.5745341614906833,0.5199654565790326,0.4626986865877672,False,False,True,TARGET_CUT_RISK_UNRESOLVED / INCONCLUSIVE_RESEARCH,-17365,-4.74972647702407,0.0,0.6236162361623616,0.5645852859693935,0.14104634443092579,True,False,True,TARGET_CUT_RISK_UNRESOLVED / INCONCLUSIVE_RESEARCH
M8_DELAY_12000MS_CONFIRM,6000,-300,60000,False,False,False,False,-165619,-34.8818449873631,0.0,0.6285018270401949,0.5949222036687836,0.5567559371505468,False,False,True,TARGET_CUT_RISK_UNRESOLVED / INCONCLUSIVE_RESEARCH,-25361,-6.936816192560175,0.0,0.7417027417027418,0.7078450619635958,0.41745246985632484,False,False,True,TARGET_CUT_RISK_UNRESOLVED / INCONCLUSIVE_RESEARCH
M8_DELAY_12000MS_CONFIRM,6000,-300,120000,False,False,False,False,-208106,-43.83024431339511,0.0,0.7598684210526315,0.7350648670661174,0.8985344458707745,False,False,True,TARGET_CUT_RISK_UNRESOLVED / INCONCLUSIVE_RESEARCH,-28431,-7.776531728665208,0.0,0.8153526970954357,0.7896239971058063,0.6471454804299833,False,False,True,TARGET_CUT_RISK_UNRESOLVED / INCONCLUSIVE_RESEARCH
M8_DELAY_12000MS_CONFIRM,6000,-200,30000,False,False,False,False,-43090,-9.075400168491997,0.0,0.565068493150685,0.5077262321274127,0.416057293629853,False,False,True,TARGET_CUT_RISK_UNRESOLVED / INCONCLUSIVE_RESEARCH,-17660,-4.830415754923414,0.0,0.6307692307692307,0.5706022753195767,0.05420536963990329,True,True,True,REJECTED_FOR_RUNTIME
M8_DELAY_12000MS_CONFIRM,6000,-200,60000,False,False,False,False,-162021,-34.124052232518956,0.0,0.633377135348226,0.5985496780284368,0.6688693038414101,False,False,True,TARGET_CUT_RISK_UNRESOLVED / INCONCLUSIVE_RESEARCH,-35278,-9.649343544857768,0.0,0.7473684210526316,0.7129865865900163,0.4535818972231269,False,False,True,TARGET_CUT_RISK_UNRESOLVED / INCONCLUSIVE_RESEARCH
M8_DELAY_12000MS_CONFIRM,6000,-200,120000,False,False,False,False,-230147,-48.47240943555181,0.0,0.7679509632224168,0.7425938281125868,1.0729894567632736,False,False,True,TARGET_CUT_RISK_UNRESOLVED / INCONCLUSIVE_RESEARCH,-58278,-15.940371991247265,0.0,0.8214285714285714,0.7954184004526795,0.7657101562735238,False,False,True,TARGET_CUT_RISK_UNRESOLVED / INCONCLUSIVE_RESEARCH
M8_DELAY_12000MS_CONFIRM,7500,-6000,30000,False,False,False,False,-29997,-6.317818028643639,0.0,0.5512630014858841,0.5135012459864109,0.1352515101066009,True,True,True,REJECTED_FOR_RUNTIME,54748,14.974835886214443,0.0,0.5901639344262295,0.5485368516611099,0.025819497180345548,True,True,True,INCONCLUSIVE_RESEARCH
M8_DELAY_12000MS_CONFIRM,7500,-6000,60000,False,False,False,False,-1235,-0.2601095197978096,0.0,0.611764705882353,0.5863721910401615,0.25473834304238674,False,False,True,TARGET_CUT_RISK_UNRESOLVED / INCONCLUSIVE_RESEARCH,266759,72.96471553610503,0.0,0.6810717372515125,0.6536553604505014,0.10791529763984356,True,True,True,INCONCLUSIVE_RESEARCH
M8_DELAY_12000MS_CONFIRM,7500,-6000,120000,False,False,False,False,311827,65.67544229149115,0.0,0.7182291666666667,0.6976865198731586,0.3507039222570817,False,False,True,TARGET_CUT_RISK_UNRESOLVED / INCONCLUSIVE_RESEARCH,360687,98.65618161925602,0.0,0.7453580901856764,0.7227653004323487,0.32324146981627294,False,False,True,TARGET_CUT_RISK_UNRESOLVED / INCONCLUSIVE_RESEARCH
M8_DELAY_12000MS_CONFIRM,7500,-5000,30000,False,False,False,False,-27961,-5.889005897219882,0.0,0.551829268292683,0.5135815177050318,0.14022927219408157,True,True,True,REJECTED_FOR_RUNTIME,43028,11.769146608315099,0.0,0.5875706214689266,0.5452172864779825,0.027926281615116934,True,True,True,INCONCLUSIVE_RESEARCH
M8_DELAY_12000MS_CONFIRM,7500,-5000,60000,False,False,False,False,-33325,-7.0187447346251055,0.0,0.6087570621468926,0.5830763273144718,0.26932031804647005,False,False,True,TARGET_CUT_RISK_UNRESOLVED / INCONCLUSIVE_RESEARCH,244243,66.80607221006565,0.0,0.6787610619469027,0.6509689833991708,0.11407136514400003,True,True,True,INCONCLUSIVE_RESEARCH
M8_DELAY_12000MS_CONFIRM,7500,-5000,120000,False,False,False,False,267815,56.405855096882895,0.0,0.7199576495500265,0.6992781714226457,0.3682175667007332,False,False,True,TARGET_CUT_RISK_UNRESOLVED / INCONCLUSIVE_RESEARCH,350743,95.93626914660831,0.0,0.748303934871099,0.7255226565629279,0.31597554124081656,False,False,True,TARGET_CUT_RISK_UNRESOLVED / INCONCLUSIVE_RESEARCH
M8_DELAY_12000MS_CONFIRM,7500,-3000,30000,False,False,False,False,-44715,-9.417649536647009,0.0,0.5553691275167785,0.5152461668657382,0.16760367892073472,True,True,True,REJECTED_FOR_RUNTIME,23213,6.349288840262582,0.0,0.5904365904365905,0.545942283214834,0.034538929930333064,True,True,True,INCONCLUSIVE_RESEARCH
M8_DELAY_12000MS_CONFIRM,7500,-3000,60000,False,False,False,False,-124996,-26.32603201347936,0.0,0.6055045871559633,0.5787461827242072,0.31395421917898847,False,False,True,TARGET_CUT_RISK_UNRESOLVED / INCONCLUSIVE_RESEARCH,142469,38.96854485776805,0.0,0.6875602700096431,0.6587020147192375,0.13911259112591126,True,True,True,INCONCLUSIVE_RESEARCH
M8_DELAY_12000MS_CONFIRM,7500,-3000,120000,False,False,False,False,46438,9.780539174389217,0.0,0.7245475113122172,0.703253588420955,0.4342631388406637,False,False,True,TARGET_CUT_RISK_UNRESOLVED / INCONCLUSIVE_RESEARCH,233650,63.90864332603939,0.0,0.7635036496350365,0.7402850638303261,0.32119006251861326,False,False,True,TARGET_CUT_RISK_UNRESOLVED / INCONCLUSIVE_RESEARCH
M8_DELAY_12000MS_CONFIRM,7500,-2000,30000,False,False,False,False,-63324,-13.33698399326032,0.0,0.553072625698324,0.5107931351619311,0.21527917478859854,True,False,True,TARGET_CUT_RISK_UNRESOLVED / INCONCLUSIVE_RESEARCH,3461,0.9466630196936543,0.0,0.5866050808314087,0.5396585271838448,0.04396361104522605,True,True,True,INCONCLUSIVE_RESEARCH
M8_DELAY_12000MS_CONFIRM,7500,-2000,60000,False,True,False,False,-178990,-37.69797809604044,0.0,0.608153078202995,0.5802534581263076,0.37919630089264905,False,False,True,TARGET_CUT_RISK_UNRESOLVED / INCONCLUSIVE_RESEARCH,98379,26.908916849015316,0.0,0.7039748953974896,0.67426741397041,0.16142781272338985,True,True,True,PROMISING_OFFLINE_ONLY
M8_DELAY_12000MS_CONFIRM,7500,-2000,120000,False,False,False,False,-54905,-11.563816343723673,0.0,0.7309552599758162,0.7090665242756081,0.47544378124104647,False,False,True,TARGET_CUT_RISK_UNRESOLVED / INCONCLUSIVE_RESEARCH,189796,51.913566739606125,0.0,0.7801251956181534,0.7565975986137514,0.30945898370331304,False,False,True,TARGET_CUT_RISK_UNRESOLVED / INCONCLUSIVE_RESEARCH
M8_DELAY_12000MS_CONFIRM,7500,-1500,30000,False,False,False,False,-57142,-12.034962089300759,0.0,0.5575757575757576,0.5135450079135593,0.21255744960241227,True,False,True,TARGET_CUT_RISK_UNRESOLVED / INCONCLUSIVE_RESEARCH,-8635,-2.3618708971553612,0.0,0.5932642487046632,0.5435742546345188,0.05604978735026728,True,True,True,REJECTED_FOR_RUNTIME
M8_DELAY_12000MS_CONFIRM,7500,-1500,60000,False,True,False,False,-193245,-40.700294860994106,0.0,0.6078947368421053,0.579236953756309,0.3802022622151416,False,False,True,TARGET_CUT_RISK_UNRESOLVED / INCONCLUSIVE_RESEARCH,41136,11.25164113785558,0.0,0.7017937219730942,0.6709590999026771,0.20124540446311837,True,True,True,PROMISING_OFFLINE_ONLY
M8_DELAY_12000MS_CONFIRM,7500,-1500,120000,False,False,False,False,-79557,-16.755897219882055,0.0,0.7362776025236593,0.7140316411991245,0.4827412463386451,False,False,True,TARGET_CUT_RISK_UNRESOLVED / INCONCLUSIVE_RESEARCH,133790,36.594638949671776,0.0,0.7855960264900662,0.7615661008727438,0.33097563028399707,False,False,True,TARGET_CUT_RISK_UNRESOLVED / INCONCLUSIVE_RESEARCH
M8_DELAY_12000MS_CONFIRM,7500,-1000,30000,False,False,False,False,-55787,-11.749578770008425,0.0,0.5563218390804597,0.5093435036052818,0.2711256319854424,False,False,True,TARGET_CUT_RISK_UNRESOLVED / INCONCLUSIVE_RESEARCH,-12614,-3.450218818380744,0.0,0.5953757225433526,0.5428857137536908,0.06967889018238262,True,True,True,REJECTED_FOR_RUNTIME
M8_DELAY_12000MS_CONFIRM,7500,-1000,60000,False,False,False,False,-184731,-38.90711878685762,0.0,0.6221153846153846,0.5922491075978367,0.38551334738717913,False,False,True,TARGET_CUT_RISK_UNRESOLVED / INCONCLUSIVE_RESEARCH,32547,8.902352297592998,0.0,0.717208182912154,0.6856430104720759,0.19027947505446044,True,False,True,TARGET_CUT_RISK_UNRESOLVED / INCONCLUSIVE_RESEARCH
M8_DELAY_12000MS_CONFIRM,7500,-1000,120000,False,False,False,False,-120147,-25.304759898904802,0.0,0.7459239130434783,0.7230641248125337,0.5435250649608508,False,False,True,TARGET_CUT_RISK_UNRESOLVED / INCONCLUSIVE_RESEARCH,95441,26.10530634573304,0.0,0.7987697715289982,0.774488652988971,0.322460112382593,False,False,True,TARGET_CUT_RISK_UNRESOLVED / INCONCLUSIVE_RESEARCH
M8_DELAY_12000MS_CONFIRM,7500,-700,30000,False,False,False,False,-51029,-10.747472620050548,0.0,0.5629820051413882,0.513312560393701,0.2614527445315724,False,False,True,TARGET_CUT_RISK_UNRESOLVED / INCONCLUSIVE_RESEARCH,-17610,-4.816739606126915,0.0,0.5950920245398773,0.5409986138092459,0.08179359430604982,True,True,True,REJECTED_FOR_RUNTIME
M8_DELAY_12000MS_CONFIRM,7500,-700,60000,False,False,False,False,-180921,-38.10467565290649,0.0,0.6268191268191268,0.5958087208125372,0.4032567393531975,False,False,True,TARGET_CUT_RISK_UNRESOLVED / INCONCLUSIVE_RESEARCH,24126,6.599015317286652,0.0,0.7295597484276729,0.6976337168862453,0.21950658902850137,True,False,True,TARGET_CUT_RISK_UNRESOLVED / INCONCLUSIVE_RESEARCH
M8_DELAY_12000MS_CONFIRM,7500,-700,120000,False,False,False,False,-162840,-34.29654591406908,0.0,0.7525325615050651,0.7291015331933974,0.5959710796586787,False,False,True,TARGET_CUT_RISK_UNRESOLVED / INCONCLUSIVE_RESEARCH,75174,20.561816192560176,0.0,0.8071625344352618,0.7826670834422972,0.30577088508491285,False,False,True,TARGET_CUT_RISK_UNRESOLVED / INCONCLUSIVE_RESEARCH
M8_DELAY_12000MS_CONFIRM,7500,-500,30000,False,False,False,False,-51723,-10.893639427127212,0.0,0.5734072022160664,0.5218786043067756,0.318812317176737,False,False,True,TARGET_CUT_RISK_UNRESOLVED / INCONCLUSIVE_RESEARCH,-19696,-5.387308533916849,0.0,0.6033898305084746,0.546581217226698,0.10289561807209498,True,False,True,TARGET_CUT_RISK_UNRESOLVED / INCONCLUSIVE_RESEARCH
M8_DELAY_12000MS_CONFIRM,7500,-500,60000,False,False,False,False,-183108,-38.56529064869419,0.0,0.6299559471365639,0.5980657547285926,0.4511306660712812,False,False,True,TARGET_CUT_RISK_UNRESOLVED / INCONCLUSIVE_RESEARCH,5021,1.3733588621444202,0.0,0.7375504710632571,0.7047510849074293,0.22857288580397175,True,False,True,TARGET_CUT_RISK_UNRESOLVED / INCONCLUSIVE_RESEARCH
M8_DELAY_12000MS_CONFIRM,7500,-500,120000,False,False,False,False,-201491,-42.437026116259474,0.0,0.7547456340167046,0.7307906001175929,0.6871813762741729,False,False,True,TARGET_CUT_RISK_UNRESOLVED / INCONCLUSIVE_RESEARCH,37836,10.349015317286652,0.0,0.8128654970760234,0.7878494846591634,0.3352727337792662,False,False,True,TARGET_CUT_RISK_UNRESOLVED / INCONCLUSIVE_RESEARCH
M8_DELAY_12000MS_CONFIRM,7500,-300,30000,False,False,False,False,-53492,-11.266217354675653,0.0,0.5745341614906833,0.5199654565790326,0.4115222995879093,False,False,True,TARGET_CUT_RISK_UNRESOLVED / INCONCLUSIVE_RESEARCH,-19178,-5.24562363238512,0.0,0.6236162361623616,0.5645852859693935,0.1271098329830771,True,False,True,TARGET_CUT_RISK_UNRESOLVED / INCONCLUSIVE_RESEARCH
M8_DELAY_12000MS_CONFIRM,7500,-300,60000,False,False,False,False,-188796,-39.763268744734624,0.0,0.6285018270401949,0.5949222036687836,0.5376003740136338,False,False,True,TARGET_CUT_RISK_UNRESOLVED / INCONCLUSIVE_RESEARCH,-21283,-5.821389496717725,0.0,0.7445887445887446,0.7108336491727975,0.29296368930884886,False,False,True,TARGET_CUT_RISK_UNRESOLVED / INCONCLUSIVE_RESEARCH
M8_DELAY_12000MS_CONFIRM,7500,-300,120000,False,False,False,False,-231699,-48.79928390901432,0.0,0.7646090534979424,0.7399433697450467,0.8440666839422993,False,False,True,TARGET_CUT_RISK_UNRESOLVED / INCONCLUSIVE_RESEARCH,-20241,-5.536378555798687,0.0,0.8205394190871369,0.795057947444123,0.44468967917759344,False,False,True,TARGET_CUT_RISK_UNRESOLVED / INCONCLUSIVE_RESEARCH
M8_DELAY_12000MS_CONFIRM,7500,-200,30000,False,False,False,False,-50931,-10.726832350463352,0.0,0.565068493150685,0.5077262321274127,0.31501444905138837,False,False,True,TARGET_CUT_RISK_UNRESOLVED / INCONCLUSIVE_RESEARCH,-17973,-4.916028446389497,0.0,0.6307692307692307,0.5706022753195767,0.0,True,True,True,REJECTED_FOR_RUNTIME
M8_DELAY_12000MS_CONFIRM,7500,-200,60000,False,False,False,False,-183698,-38.68955349620893,0.0,0.633377135348226,0.5985496780284368,0.631851930506661,False,False,True,TARGET_CUT_RISK_UNRESOLVED / INCONCLUSIVE_RESEARCH,-29800,-8.150984682713348,0.0,0.750375939849624,0.7161067624566405,0.29875493054364605,False,False,True,TARGET_CUT_RISK_UNRESOLVED / INCONCLUSIVE_RESEARCH
M8_DELAY_12000MS_CONFIRM,7500,-200,120000,False,False,False,False,-255959,-53.908803706823925,0.0,0.7730061349693251,0.7478081453774487,1.0445989231922579,False,False,True,TARGET_CUT_RISK_UNRESOLVED / INCONCLUSIVE_RESEARCH,-48988,-13.399343544857768,0.0,0.8268398268398268,0.8011020406908903,0.509577262956771,False,False,True,TARGET_CUT_RISK_UNRESOLVED / INCONCLUSIVE_RESEARCH
M8_DELAY_12000MS_CONFIRM,10000,-6000,30000,False,False,False,False,-37004,-7.7935973041280535,0.0,0.5512630014858841,0.5135012459864109,0.07577553670888283,True,True,True,REJECTED_FOR_RUNTIME,53121,14.529814004376368,0.0,0.5901639344262295,0.5485368516611099,0.0,True,True,True,INCONCLUSIVE_RESEARCH
M8_DELAY_12000MS_CONFIRM,10000,-6000,60000,False,False,False,False,-34179,-7.198609941027801,0.0,0.6124567474048442,0.5870705741322595,0.18540401806329931,True,False,True,TARGET_CUT_RISK_UNRESOLVED / INCONCLUSIVE_RESEARCH,265569,72.63922319474835,0.0,0.6819360414866033,0.6545361055191492,0.07979052859975407,True,True,True,INCONCLUSIVE_RESEARCH
M8_DELAY_12000MS_CONFIRM,10000,-6000,120000,False,False,False,False,346937,73.0701347935973,0.0,0.7223958333333333,0.7019360525769883,0.20107514069223903,True,False,True,TARGET_CUT_RISK_UNRESOLVED / INCONCLUSIVE_RESEARCH,295318,80.77625820568927,0.0,0.746684350132626,0.7241258644425993,0.336822439953189,False,False,True,TARGET_CUT_RISK_UNRESOLVED / INCONCLUSIVE_RESEARCH
M8_DELAY_12000MS_CONFIRM,10000,-5000,30000,False,False,False,False,-34968,-7.364785172704297,0.0,0.551829268292683,0.5135815177050318,0.0785643602383997,True,True,True,REJECTED_FOR_RUNTIME,41401,11.324124726477024,0.0,0.5875706214689266,0.5452172864779825,0.0,True,True,True,INCONCLUSIVE_RESEARCH
M8_DELAY_12000MS_CONFIRM,10000,-5000,60000,False,False,False,False,-60700,-12.784330244313395,0.0,0.6101694915254238,0.5845013734381583,0.19479304053389784,True,False,True,TARGET_CUT_RISK_UNRESOLVED / INCONCLUSIVE_RESEARCH,242053,66.207056892779,0.0,0.679646017699115,0.65187064441187,0.08442118683420206,True,True,True,INCONCLUSIVE_RESEARCH
M8_DELAY_12000MS_CONFIRM,10000,-5000,120000,True,False,False,False,315925,66.53854254422914,0.0,0.7247220751720487,0.704139246109187,0.2035036086405625,True,True,True,PROMISING_OFFLINE_ONLY,287982,78.76969365426696,0.0,0.7496607869742198,0.7269155850285873,0.3315726495726496,False,False,True,TARGET_CUT_RISK_UNRESOLVED / INCONCLUSIVE_RESEARCH
M8_DELAY_12000MS_CONFIRM,10000,-3000,30000,False,False,False,False,-51722,-10.893428812131424,0.0,0.5553691275167785,0.5152461668657382,0.09390104934571161,True,True,True,REJECTED_FOR_RUNTIME,21586,5.9042669584245075,0.0,0.5904365904365905,0.545942283214834,0.0,True,True,True,INCONCLUSIVE_RESEARCH
M8_DELAY_12000MS_CONFIRM,10000,-3000,60000,False,False,False,False,-154588,-32.55855096882898,0.0,0.6070336391437309,0.5802887004473432,0.25021977012700747,False,False,True,TARGET_CUT_RISK_UNRESOLVED / INCONCLUSIVE_RESEARCH,140779,38.50629102844639,0.0,0.6885245901639344,0.6596864590118756,0.09626824245680007,True,True,True,INCONCLUSIVE_RESEARCH
M8_DELAY_12000MS_CONFIRM,10000,-3000,120000,False,False,False,False,76316,16.07329401853412,0.0,0.7296380090497737,0.7084535923054339,0.25399238538416796,False,False,True,TARGET_CUT_RISK_UNRESOLVED / INCONCLUSIVE_RESEARCH,183404,50.165207877461704,0.0,0.7649635036496351,0.7417887289732183,0.3422297599832257,False,False,True,TARGET_CUT_RISK_UNRESOLVED / INCONCLUSIVE_RESEARCH
M8_DELAY_12000MS_CONFIRM,10000,-2000,30000,False,False,False,False,-70331,-14.812763268744735,0.0,0.553072625698324,0.5107931351619311,0.12061155545689768,True,True,True,REJECTED_FOR_RUNTIME,1834,0.5016411378555798,0.0,0.5866050808314087,0.5396585271838448,0.0,True,True,True,INCONCLUSIVE_RESEARCH
M8_DELAY_12000MS_CONFIRM,10000,-2000,60000,False,True,False,False,-207082,-43.61457455770851,0.0,0.6098169717138103,0.5819329571895812,0.29318324238910254,False,False,True,TARGET_CUT_RISK_UNRESOLVED / INCONCLUSIVE_RESEARCH,98189,26.85694748358862,0.0,0.7050209205020921,0.6753387813308117,0.10267567259996117,True,True,True,PROMISING_OFFLINE_ONLY
M8_DELAY_12000MS_CONFIRM,10000,-2000,120000,False,False,False,False,-32148,-6.770850884582982,0.0,0.7357920193470375,0.7140146307039535,0.2633607694112754,False,False,True,TARGET_CUT_RISK_UNRESOLVED / INCONCLUSIVE_RESEARCH,155238,42.461159737417944,0.0,0.7816901408450704,0.7582158205886732,0.3244271922289394,False,False,True,TARGET_CUT_RISK_UNRESOLVED / INCONCLUSIVE_RESEARCH
M8_DELAY_12000MS_CONFIRM,10000,-1500,30000,False,False,False,False,-66356,-13.975568660488626,0.0,0.5575757575757576,0.5135450079135593,0.14093491882077344,True,True,True,REJECTED_FOR_RUNTIME,-10262,-2.8068927789934355,0.0,0.5932642487046632,0.5435742546345188,0.0,True,True,True,REJECTED_FOR_RUNTIME
M8_DELAY_12000MS_CONFIRM,10000,-1500,60000,False,True,False,False,-225054,-47.39974726200506,0.0,0.6087719298245614,0.5801224441604029,0.2942199582273118,False,False,True,TARGET_CUT_RISK_UNRESOLVED / INCONCLUSIVE_RESEARCH,40446,11.062910284463895,0.0,0.702914798206278,0.6721077061538703,0.12804572624361357,True,True,True,PROMISING_OFFLINE_ONLY
M8_DELAY_12000MS_CONFIRM,10000,-1500,120000,False,False,False,False,-71667,-15.094144903117101,0.0,0.7406940063091483,0.7185548897816454,0.27516669933346577,False,False,True,TARGET_CUT_RISK_UNRESOLVED / INCONCLUSIVE_RESEARCH,108732,29.740700218818382,0.0,0.7872516556291391,0.7632813719846886,0.3328542350214857,False,False,True,TARGET_CUT_RISK_UNRESOLVED / INCONCLUSIVE_RESEARCH
M8_DELAY_12000MS_CONFIRM,10000,-1000,30000,False,False,False,False,-65001,-13.690185341196294,0.0,0.5563218390804597,0.5093435036052818,0.17976819446024048,True,False,True,TARGET_CUT_RISK_UNRESOLVED / INCONCLUSIVE_RESEARCH,-14241,-3.8952407002188183,0.0,0.5953757225433526,0.5428857137536908,0.0,True,True,True,REJECTED_FOR_RUNTIME
M8_DELAY_12000MS_CONFIRM,10000,-1000,60000,False,True,False,False,-214067,-45.08572030328559,0.0,0.6230769230769231,0.5932218040509837,0.36293374124466626,False,False,True,TARGET_CUT_RISK_UNRESOLVED / INCONCLUSIVE_RESEARCH,33767,9.236050328227572,0.0,0.7184115523465704,0.6868801443268976,0.12366737739872068,True,True,True,PROMISING_OFFLINE_ONLY
M8_DELAY_12000MS_CONFIRM,10000,-1000,120000,False,False,False,False,-120997,-25.483782645324347,0.0,0.75,0.7272480082482535,0.31691976313141884,False,False,True,TARGET_CUT_RISK_UNRESOLVED / INCONCLUSIVE_RESEARCH,73954,20.2281181619256,0.0,0.8005272407732865,0.7763161946991389,0.32921396108984263,False,False,True,TARGET_CUT_RISK_UNRESOLVED / INCONCLUSIVE_RESEARCH
M8_DELAY_12000MS_CONFIRM,10000,-700,30000,False,False,False,False,-57743,-12.161541701769165,0.0,0.5629820051413882,0.513312560393701,0.115249690466364,True,False,True,TARGET_CUT_RISK_UNRESOLVED / INCONCLUSIVE_RESEARCH,-19237,-5.261761487964989,0.0,0.5950920245398773,0.5409986138092459,0.0,True,True,True,REJECTED_FOR_RUNTIME
M8_DELAY_12000MS_CONFIRM,10000,-700,60000,False,True,False,False,-206467,-43.485046335299074,0.0,0.6278586278586279,0.5968612816491894,0.41489332065094103,False,False,True,TARGET_CUT_RISK_UNRESOLVED / INCONCLUSIVE_RESEARCH,25046,6.850656455142232,0.0,0.730817610062893,0.6989305194650367,0.1427610457116649,True,True,True,PROMISING_OFFLINE_ONLY
M8_DELAY_12000MS_CONFIRM,10000,-700,120000,False,False,False,False,-159613,-33.61689132266218,0.0,0.7568740955137482,0.7335659061550582,0.33688266636200287,False,False,True,TARGET_CUT_RISK_UNRESOLVED / INCONCLUSIVE_RESEARCH,64795,17.722921225382933,0.0,0.8089990817263545,0.7845819672139606,0.30603015436677505,False,False,True,TARGET_CUT_RISK_UNRESOLVED / INCONCLUSIVE_RESEARCH
M8_DELAY_12000MS_CONFIRM,10000,-500,30000,False,False,False,False,-58437,-12.30770850884583,0.0,0.5734072022160664,0.5218786043067756,0.14053407982889315,True,False,True,TARGET_CUT_RISK_UNRESOLVED / INCONCLUSIVE_RESEARCH,-21323,-5.832330415754924,0.0,0.6033898305084746,0.546581217226698,0.0,True,True,True,REJECTED_FOR_RUNTIME
M8_DELAY_12000MS_CONFIRM,10000,-500,60000,False,False,False,False,-206354,-43.46124684077506,0.0,0.6310572687224669,0.599181680226795,0.4535151459332115,False,False,True,TARGET_CUT_RISK_UNRESOLVED / INCONCLUSIVE_RESEARCH,8241,2.2541028446389495,0.0,0.7388963660834454,0.7061420571929989,0.12425893100942736,True,False,True,TARGET_CUT_RISK_UNRESOLVED / INCONCLUSIVE_RESEARCH
M8_DELAY_12000MS_CONFIRM,10000,-500,120000,False,False,False,False,-195430,-41.160488626790226,0.0,0.7593014426727411,0.7354798963829118,0.37976254343259114,False,False,True,TARGET_CUT_RISK_UNRESOLVED / INCONCLUSIVE_RESEARCH,32257,8.823030634573303,0.0,0.8148148148148148,0.7898870512556911,0.320723451013753,False,False,True,TARGET_CUT_RISK_UNRESOLVED / INCONCLUSIVE_RESEARCH
M8_DELAY_12000MS_CONFIRM,10000,-300,30000,False,False,False,False,-60206,-12.68028643639427,0.0,0.5745341614906833,0.5199654565790326,0.18140110838188425,True,False,True,TARGET_CUT_RISK_UNRESOLVED / INCONCLUSIVE_RESEARCH,-20805,-5.690645514223195,0.0,0.6236162361623616,0.5645852859693935,0.0,True,True,True,REJECTED_FOR_RUNTIME
M8_DELAY_12000MS_CONFIRM,10000,-300,60000,False,False,False,False,-210161,-44.26305812973884,0.0,0.6297198538367844,0.5961566683089132,0.5908353173726058,False,False,True,TARGET_CUT_RISK_UNRESOLVED / INCONCLUSIVE_RESEARCH,-18263,-4.99535010940919,0.0,0.746031746031746,0.7123286349108431,0.15936962070398292,True,False,True,TARGET_CUT_RISK_UNRESOLVED / INCONCLUSIVE_RESEARCH
M8_DELAY_12000MS_CONFIRM,10000,-300,120000,False,False,False,False,-231071,-48.667017691659645,0.0,0.7687242798353909,0.7441907400883652,0.4603126970372344,False,False,True,TARGET_CUT_RISK_UNRESOLVED / INCONCLUSIVE_RESEARCH,-24691,-6.753555798687089,0.0,0.8226141078838174,0.7972335964456544,0.42221530923726014,False,False,True,TARGET_CUT_RISK_UNRESOLVED / INCONCLUSIVE_RESEARCH
M8_DELAY_12000MS_CONFIRM,10000,-200,30000,False,False,False,False,-56685,-11.93871103622578,0.0,0.565068493150685,0.5077262321274127,0.2245508229677095,True,False,True,TARGET_CUT_RISK_UNRESOLVED / INCONCLUSIVE_RESEARCH,-17973,-4.916028446389497,0.0,0.6307692307692307,0.5706022753195767,0.0,True,True,True,REJECTED_FOR_RUNTIME
M8_DELAY_12000MS_CONFIRM,10000,-200,60000,False,False,False,False,-212863,-44.8321398483572,0.0,0.633377135348226,0.5985496780284368,0.7641735209795065,False,False,True,TARGET_CUT_RISK_UNRESOLVED / INCONCLUSIVE_RESEARCH,-24380,-6.668490153172867,0.0,0.7518796992481203,0.7176676347530169,0.12752699228791775,True,False,True,TARGET_CUT_RISK_UNRESOLVED / INCONCLUSIVE_RESEARCH
M8_DELAY_12000MS_CONFIRM,10000,-200,120000,False,False,False,False,-260931,-54.95598146588037,0.0,0.7765118317265557,0.7514351015256616,0.5613939978932244,False,False,True,TARGET_CUT_RISK_UNRESOLVED / INCONCLUSIVE_RESEARCH,-51138,-13.987417943107221,0.0,0.829004329004329,0.8033778926415366,0.4699525986435343,False,False,True,TARGET_CUT_RISK_UNRESOLVED / INCONCLUSIVE_RESEARCH
