mask_name,target_bps,stop_bps,max_hold_ms,paired_delta_cost0,paired_delta_sum_cost0,paired_delta_avg_cost0,paired_delta_median_cost0,absolute_baseline_pnl_cost0,absolute_tsv2_pnl_cost0,paired_delta_cost50,paired_delta_sum_cost50,paired_delta_avg_cost50,paired_delta_median_cost50,absolute_baseline_pnl_cost50,absolute_tsv2_pnl_cost50,paired_delta_cost100,paired_delta_sum_cost100,paired_delta_avg_cost100,paired_delta_median_cost100,absolute_baseline_pnl_cost100,absolute_tsv2_pnl_cost100,paired_delta_cost150,paired_delta_sum_cost150,paired_delta_avg_cost150,paired_delta_median_cost150,absolute_baseline_pnl_cost150,absolute_tsv2_pnl_cost150,paired_delta_cost200,paired_delta_sum_cost200,paired_delta_avg_cost200,paired_delta_median_cost200,absolute_baseline_pnl_cost200,absolute_tsv2_pnl_cost200
M0_ALL,1000,-6000,30000,277094,277094,75.79157549234135,0.0,-1368914,-1091820,277094,277094,75.79157549234135,0.0,-1551714,-1274620,277094,277094,75.79157549234135,0.0,-1734514,-1457420,277094,277094,75.79157549234135,0.0,-1917314,-1640220,277094,277094,75.79157549234135,0.0,-2100114,-1823020
M0_ALL,1000,-6000,60000,436118,436118,119.2882932166302,0.0,-1531283,-1095165,436118,436118,119.2882932166302,0.0,-1714083,-1277965,436118,436118,119.2882932166302,0.0,-1896883,-1460765,436118,436118,119.2882932166302,0.0,-2079683,-1643565,436118,436118,119.2882932166302,0.0,-2262483,-1826365
M0_ALL,1000,-6000,120000,553071,553071,151.27762582056891,0.0,-1651963,-1098892,553071,553071,151.27762582056891,0.0,-1834763,-1281692,553071,553071,151.27762582056891,0.0,-2017563,-1464492,553071,553071,151.27762582056891,0.0,-2200363,-1647292,553071,553071,151.27762582056891,0.0,-2383163,-1830092
M0_ALL,1000,-5000,30000,253563,253563,69.35530634573304,0.0,-1307295,-1053732,253563,253563,69.35530634573304,0.0,-1490095,-1236532,253563,253563,69.35530634573304,0.0,-1672895,-1419332,253563,253563,69.35530634573304,0.0,-1855695,-1602132,253563,253563,69.35530634573304,0.0,-2038495,-1784932
M0_ALL,1000,-5000,60000,414750,414750,113.44365426695842,0.0,-1471063,-1056313,414750,414750,113.44365426695842,0.0,-1653863,-1239113,414750,414750,113.44365426695842,0.0,-1836663,-1421913,414750,414750,113.44365426695842,0.0,-2019463,-1604713,414750,414750,113.44365426695842,0.0,-2202263,-1787513
M0_ALL,1000,-5000,120000,529214,529214,144.75218818380745,0.0,-1587331,-1058117,529214,529214,144.75218818380745,0.0,-1770131,-1240917,529214,529214,144.75218818380745,0.0,-1952931,-1423717,529214,529214,144.75218818380745,0.0,-2135731,-1606517,529214,529214,144.75218818380745,0.0,-2318531,-1789317
M0_ALL,1000,-3000,30000,179323,179323,49.04896061269147,0.0,-1103907,-924584,179323,179323,49.04896061269147,0.0,-1286707,-1107384,179323,179323,49.04896061269147,0.0,-1469507,-1290184,179323,179323,49.04896061269147,0.0,-1652307,-1472984,179323,179323,49.04896061269147,0.0,-1835107,-1655784
M0_ALL,1000,-3000,60000,288461,288461,78.90071115973741,0.0,-1210749,-922288,288461,288461,78.90071115973741,0.0,-1393549,-1105088,288461,288461,78.90071115973741,0.0,-1576349,-1287888,288461,288461,78.90071115973741,0.0,-1759149,-1470688,288461,288461,78.90071115973741,0.0,-1941949,-1653488
M0_ALL,1000,-3000,120000,402193,402193,110.0090262582057,0.0,-1325565,-923372,402193,402193,110.0090262582057,0.0,-1508365,-1106172,402193,402193,110.0090262582057,0.0,-1691165,-1288972,402193,402193,110.0090262582057,0.0,-1873965,-1471772,402193,402193,110.0090262582057,0.0,-2056765,-1654572
M0_ALL,1000,-2000,30000,112636,112636,30.808533916849015,0.0,-887598,-774962,112636,112636,30.808533916849015,0.0,-1070398,-957762,112636,112636,30.808533916849015,0.0,-1253198,-1140562,112636,112636,30.808533916849015,0.0,-1435998,-1323362,112636,112636,30.808533916849015,0.0,-1618798,-1506162
M0_ALL,1000,-2000,60000,199123,199123,54.46471553610503,0.0,-975024,-775901,199123,199123,54.46471553610503,0.0,-1157824,-958701,199123,199123,54.46471553610503,0.0,-1340624,-1141501,199123,199123,54.46471553610503,0.0,-1523424,-1324301,199123,199123,54.46471553610503,0.0,-1706224,-1507101
M0_ALL,1000,-2000,120000,290828,290828,79.54814004376368,0.0,-1066538,-775710,290828,290828,79.54814004376368,0.0,-1249338,-958510,290828,290828,79.54814004376368,0.0,-1432138,-1141310,290828,290828,79.54814004376368,0.0,-1614938,-1324110,290828,290828,79.54814004376368,0.0,-1797738,-1506910
M0_ALL,1000,-1500,30000,105768,105768,28.929978118161927,0.0,-779901,-674133,105768,105768,28.929978118161927,0.0,-962701,-856933,105768,105768,28.929978118161927,0.0,-1145501,-1039733,105768,105768,28.929978118161927,0.0,-1328301,-1222533,105768,105768,28.929978118161927,0.0,-1511101,-1405333
M0_ALL,1000,-1500,60000,159988,159988,43.76039387308534,0.0,-833953,-673965,159988,159988,43.76039387308534,0.0,-1016753,-856765,159988,159988,43.76039387308534,0.0,-1199553,-1039565,159988,159988,43.76039387308534,0.0,-1382353,-1222365,159988,159988,43.76039387308534,0.0,-1565153,-1405165
M0_ALL,1000,-1500,120000,245307,245307,67.09710065645514,0.0,-919272,-673965,245307,245307,67.09710065645514,0.0,-1102072,-856765,245307,245307,67.09710065645514,0.0,-1284872,-1039565,245307,245307,67.09710065645514,0.0,-1467672,-1222365,245307,245307,67.09710065645514,0.0,-1650472,-1405165
M0_ALL,1000,-1000,30000,65469,65469,17.907275711159738,0.0,-616262,-550793,65469,65469,17.907275711159738,0.0,-799062,-733593,65469,65469,17.907275711159738,0.0,-981862,-916393,65469,65469,17.907275711159738,0.0,-1164662,-1099193,65469,65469,17.907275711159738,0.0,-1347462,-1281993
M0_ALL,1000,-1000,60000,98343,98343,26.899070021881837,0.0,-647358,-549015,98343,98343,26.899070021881837,0.0,-830158,-731815,98343,98343,26.899070021881837,0.0,-1012958,-914615,98343,98343,26.899070021881837,0.0,-1195758,-1097415,98343,98343,26.899070021881837,0.0,-1378558,-1280215
M0_ALL,1000,-1000,120000,165053,165053,45.145787746170676,0.0,-714068,-549015,165053,165053,45.145787746170676,0.0,-896868,-731815,165053,165053,45.145787746170676,0.0,-1079668,-914615,165053,165053,45.145787746170676,0.0,-1262468,-1097415,165053,165053,45.145787746170676,0.0,-1445268,-1280215
M0_ALL,1000,-700,30000,33473,33473,9.155634573304157,0.0,-484713,-451240,33473,33473,9.155634573304157,0.0,-667513,-634040,33473,33473,9.155634573304157,0.0,-850313,-816840,33473,33473,9.155634573304157,0.0,-1033113,-999640,33473,33473,9.155634573304157,0.0,-1215913,-1182440
M0_ALL,1000,-700,60000,49532,49532,13.548140043763675,0.0,-501276,-451744,49532,49532,13.548140043763675,0.0,-684076,-634544,49532,49532,13.548140043763675,0.0,-866876,-817344,49532,49532,13.548140043763675,0.0,-1049676,-1000144,49532,49532,13.548140043763675,0.0,-1232476,-1182944
M0_ALL,1000,-700,120000,102204,102204,27.955142231947484,0.0,-553948,-451744,102204,102204,27.955142231947484,0.0,-736748,-634544,102204,102204,27.955142231947484,0.0,-919548,-817344,102204,102204,27.955142231947484,0.0,-1102348,-1000144,102204,102204,27.955142231947484,0.0,-1285148,-1182944
M0_ALL,1000,-500,30000,19830,19830,5.423960612691466,0.0,-385927,-366097,19830,19830,5.423960612691466,0.0,-568727,-548897,19830,19830,5.423960612691466,0.0,-751527,-731697,19830,19830,5.423960612691466,0.0,-934327,-914497,19830,19830,5.423960612691466,0.0,-1117127,-1097297
M0_ALL,1000,-500,60000,25447,25447,6.960339168490153,0.0,-391170,-365723,25447,25447,6.960339168490153,0.0,-573970,-548523,25447,25447,6.960339168490153,0.0,-756770,-731323,25447,25447,6.960339168490153,0.0,-939570,-914123,25447,25447,6.960339168490153,0.0,-1122370,-1096923
M0_ALL,1000,-500,120000,66158,66158,18.095733041575492,0.0,-431881,-365723,66158,66158,18.095733041575492,0.0,-614681,-548523,66158,66158,18.095733041575492,0.0,-797481,-731323,66158,66158,18.095733041575492,0.0,-980281,-914123,66158,66158,18.095733041575492,0.0,-1163081,-1096923
M0_ALL,1000,-300,30000,-4681,-4681,-1.2803610503282277,0.0,-266617,-271298,-4681,-4681,-1.2803610503282277,0.0,-449417,-454098,-4681,-4681,-1.2803610503282277,0.0,-632217,-636898,-4681,-4681,-1.2803610503282277,0.0,-815017,-819698,-4681,-4681,-1.2803610503282277,0.0,-997817,-1002498
M0_ALL,1000,-300,60000,-10176,-10176,-2.7833698030634575,0.0,-262739,-272915,-10176,-10176,-2.7833698030634575,0.0,-445539,-455715,-10176,-10176,-2.7833698030634575,0.0,-628339,-638515,-10176,-10176,-2.7833698030634575,0.0,-811139,-821315,-10176,-10176,-2.7833698030634575,0.0,-993939,-1004115
M0_ALL,1000,-300,120000,5945,5945,1.62609409190372,0.0,-278860,-272915,5945,5945,1.62609409190372,0.0,-461660,-455715,5945,5945,1.62609409190372,0.0,-644460,-638515,5945,5945,1.62609409190372,0.0,-827260,-821315,5945,5945,1.62609409190372,0.0,-1010060,-1004115
M0_ALL,1000,-200,30000,-23871,-23871,-6.5292669584245075,0.0,-192313,-216184,-23871,-23871,-6.5292669584245075,0.0,-375113,-398984,-23871,-23871,-6.5292669584245075,0.0,-557913,-581784,-23871,-23871,-6.5292669584245075,0.0,-740713,-764584,-23871,-23871,-6.5292669584245075,0.0,-923513,-947384
M0_ALL,1000,-200,60000,-39298,-39298,-10.74890590809628,0.0,-178101,-217399,-39298,-39298,-10.74890590809628,0.0,-360901,-400199,-39298,-39298,-10.74890590809628,0.0,-543701,-582999,-39298,-39298,-10.74890590809628,0.0,-726501,-765799,-39298,-39298,-10.74890590809628,0.0,-909301,-948599
M0_ALL,1000,-200,120000,-36782,-36782,-10.060722100656456,0.0,-180617,-217399,-36782,-36782,-10.060722100656456,0.0,-363417,-400199,-36782,-36782,-10.060722100656456,0.0,-546217,-582999,-36782,-36782,-10.060722100656456,0.0,-729017,-765799,-36782,-36782,-10.060722100656456,0.0,-911817,-948599
M0_ALL,1500,-6000,30000,276930,276930,75.74671772428884,0.0,-1327813,-1050883,276930,276930,75.74671772428884,0.0,-1510613,-1233683,276930,276930,75.74671772428884,0.0,-1693413,-1416483,276930,276930,75.74671772428884,0.0,-1876213,-1599283,276930,276930,75.74671772428884,0.0,-2059013,-1782083
M0_ALL,1500,-6000,60000,469745,469745,128.48605032822758,0.0,-1515337,-1045592,469745,469745,128.48605032822758,0.0,-1698137,-1228392,469745,469745,128.48605032822758,0.0,-1880937,-1411192,469745,469745,128.48605032822758,0.0,-2063737,-1593992,469745,469745,128.48605032822758,0.0,-2246537,-1776792
M0_ALL,1500,-6000,120000,616381,616381,168.59436542669584,0.0,-1665000,-1048619,616381,616381,168.59436542669584,0.0,-1847800,-1231419,616381,616381,168.59436542669584,0.0,-2030600,-1414219,616381,616381,168.59436542669584,0.0,-2213400,-1597019,616381,616381,168.59436542669584,0.0,-2396200,-1779819
M0_ALL,1500,-5000,30000,251435,251435,68.77324945295405,0.0,-1263117,-1011682,251435,251435,68.77324945295405,0.0,-1445917,-1194482,251435,251435,68.77324945295405,0.0,-1628717,-1377282,251435,251435,68.77324945295405,0.0,-1811517,-1560082,251435,251435,68.77324945295405,0.0,-1994317,-1742882
M0_ALL,1500,-5000,60000,442479,442479,121.02817286652079,0.0,-1450577,-1008098,442479,442479,121.02817286652079,0.0,-1633377,-1190898,442479,442479,121.02817286652079,0.0,-1816177,-1373698,442479,442479,121.02817286652079,0.0,-1998977,-1556498,442479,442479,121.02817286652079,0.0,-2181777,-1739298
M0_ALL,1500,-5000,120000,585965,585965,160.27489059080963,0.0,-1595103,-1009138,585965,585965,160.27489059080963,0.0,-1777903,-1191938,585965,585965,160.27489059080963,0.0,-1960703,-1374738,585965,585965,160.27489059080963,0.0,-2143503,-1557538,585965,585965,160.27489059080963,0.0,-2326303,-1740338
M0_ALL,1500,-3000,30000,172536,172536,47.1925601750547,0.0,-1055149,-882613,172536,172536,47.1925601750547,0.0,-1237949,-1065413,172536,172536,47.1925601750547,0.0,-1420749,-1248213,172536,172536,47.1925601750547,0.0,-1603549,-1431013,172536,172536,47.1925601750547,0.0,-1786349,-1613813
M0_ALL,1500,-3000,60000,309533,309533,84.66438730853392,0.0,-1182185,-872652,309533,309533,84.66438730853392,0.0,-1364985,-1055452,309533,309533,84.66438730853392,0.0,-1547785,-1238252,309533,309533,84.66438730853392,0.0,-1730585,-1421052,309533,309533,84.66438730853392,0.0,-1913385,-1603852
M0_ALL,1500,-3000,120000,433221,433221,118.49589715536105,0.0,-1306193,-872972,433221,433221,118.49589715536105,0.0,-1488993,-1055772,433221,433221,118.49589715536105,0.0,-1671793,-1238572,433221,433221,118.49589715536105,0.0,-1854593,-1421372,433221,433221,118.49589715536105,0.0,-2037393,-1604172
M0_ALL,1500,-2000,30000,106237,106237,29.058260393873084,0.0,-839451,-733214,106237,106237,29.058260393873084,0.0,-1022251,-916014,106237,106237,29.058260393873084,0.0,-1205051,-1098814,106237,106237,29.058260393873084,0.0,-1387851,-1281614,106237,106237,29.058260393873084,0.0,-1570651,-1464414
M0_ALL,1500,-2000,60000,215390,215390,58.91411378555799,0.0,-944127,-728737,215390,215390,58.91411378555799,0.0,-1126927,-911537,215390,215390,58.91411378555799,0.0,-1309727,-1094337,215390,215390,58.91411378555799,0.0,-1492527,-1277137,215390,215390,58.91411378555799,0.0,-1675327,-1459937
M0_ALL,1500,-2000,120000,312831,312831,85.56646608315098,0.0,-1040613,-727782,312831,312831,85.56646608315098,0.0,-1223413,-910582,312831,312831,85.56646608315098,0.0,-1406213,-1093382,312831,312831,85.56646608315098,0.0,-1589013,-1276182,312831,312831,85.56646608315098,0.0,-1771813,-1458982
M0_ALL,1500,-1500,30000,100682,100682,27.538840262582056,0.0,-730067,-629385,100682,100682,27.538840262582056,0.0,-912867,-812185,100682,100682,27.538840262582056,0.0,-1095667,-994985,100682,100682,27.538840262582056,0.0,-1278467,-1177785,100682,100682,27.538840262582056,0.0,-1461267,-1360585
M0_ALL,1500,-1500,60000,160599,160599,43.927516411378555,0.0,-784400,-623801,160599,160599,43.927516411378555,0.0,-967200,-806601,160599,160599,43.927516411378555,0.0,-1150000,-989401,160599,160599,43.927516411378555,0.0,-1332800,-1172201,160599,160599,43.927516411378555,0.0,-1515600,-1355001
M0_ALL,1500,-1500,120000,249559,249559,68.2601203501094,0.0,-872596,-623037,249559,249559,68.2601203501094,0.0,-1055396,-805837,249559,249559,68.2601203501094,0.0,-1238196,-988637,249559,249559,68.2601203501094,0.0,-1420996,-1171437,249559,249559,68.2601203501094,0.0,-1603796,-1354237
M0_ALL,1500,-1000,30000,52603,52603,14.388129102844639,0.0,-561170,-508567,52603,52603,14.388129102844639,0.0,-743970,-691367,52603,52603,14.388129102844639,0.0,-926770,-874167,52603,52603,14.388129102844639,0.0,-1109570,-1056967,52603,52603,14.388129102844639,0.0,-1292370,-1239767
M0_ALL,1500,-1000,60000,89282,89282,24.420678336980306,0.0,-592649,-503367,89282,89282,24.420678336980306,0.0,-775449,-686167,89282,89282,24.420678336980306,0.0,-958249,-868967,89282,89282,24.420678336980306,0.0,-1141049,-1051767,89282,89282,24.420678336980306,0.0,-1323849,-1234567
M0_ALL,1500,-1000,120000,161705,161705,44.23003282275711,0.0,-664308,-502603,161705,161705,44.23003282275711,0.0,-847108,-685403,161705,161705,44.23003282275711,0.0,-1029908,-868203,161705,161705,44.23003282275711,0.0,-1212708,-1051003,161705,161705,44.23003282275711,0.0,-1395508,-1233803
M0_ALL,1500,-700,30000,20411,20411,5.582877461706784,0.0,-432610,-412199,20411,20411,5.582877461706784,0.0,-615410,-594999,20411,20411,5.582877461706784,0.0,-798210,-777799,20411,20411,5.582877461706784,0.0,-981010,-960599,20411,20411,5.582877461706784,0.0,-1163810,-1143399
M0_ALL,1500,-700,60000,44197,44197,12.088894967177243,0.0,-454067,-409870,44197,44197,12.088894967177243,0.0,-636867,-592670,44197,44197,12.088894967177243,0.0,-819667,-775470,44197,44197,12.088894967177243,0.0,-1002467,-958270,44197,44197,12.088894967177243,0.0,-1185267,-1141070
M0_ALL,1500,-700,120000,100855,100855,27.586159737417944,0.0,-509859,-409004,100855,100855,27.586159737417944,0.0,-692659,-591804,100855,100855,27.586159737417944,0.0,-875459,-774604,100855,100855,27.586159737417944,0.0,-1058259,-957404,100855,100855,27.586159737417944,0.0,-1241059,-1140204
M0_ALL,1500,-500,30000,6311,6311,1.726203501094092,0.0,-334140,-327829,6311,6311,1.726203501094092,0.0,-516940,-510629,6311,6311,1.726203501094092,0.0,-699740,-693429,6311,6311,1.726203501094092,0.0,-882540,-876229,6311,6311,1.726203501094092,0.0,-1065340,-1059029
M0_ALL,1500,-500,60000,19888,19888,5.439824945295404,0.0,-347571,-327683,19888,19888,5.439824945295404,0.0,-530371,-510483,19888,19888,5.439824945295404,0.0,-713171,-693283,19888,19888,5.439824945295404,0.0,-895971,-876083,19888,19888,5.439824945295404,0.0,-1078771,-1058883
M0_ALL,1500,-500,120000,62013,62013,16.961980306345733,0.0,-389696,-327683,62013,62013,16.961980306345733,0.0,-572496,-510483,62013,62013,16.961980306345733,0.0,-755296,-693283,62013,62013,16.961980306345733,0.0,-938096,-876083,62013,62013,16.961980306345733,0.0,-1120896,-1058883
M0_ALL,1500,-300,30000,-19916,-19916,-5.447483588621444,0.0,-214017,-233933,-19916,-19916,-5.447483588621444,0.0,-396817,-416733,-19916,-19916,-5.447483588621444,0.0,-579617,-599533,-19916,-19916,-5.447483588621444,0.0,-762417,-782333,-19916,-19916,-5.447483588621444,0.0,-945217,-965133
M0_ALL,1500,-300,60000,-16470,-16470,-4.50492341356674,0.0,-221025,-237495,-16470,-16470,-4.50492341356674,0.0,-403825,-420295,-16470,-16470,-4.50492341356674,0.0,-586625,-603095,-16470,-16470,-4.50492341356674,0.0,-769425,-785895,-16470,-16470,-4.50492341356674,0.0,-952225,-968695
M0_ALL,1500,-300,120000,3393,3393,0.9280634573304157,0.0,-240888,-237495,3393,3393,0.9280634573304157,0.0,-423688,-420295,3393,3393,0.9280634573304157,0.0,-606488,-603095,3393,3393,0.9280634573304157,0.0,-789288,-785895,3393,3393,0.9280634573304157,0.0,-972088,-968695
M0_ALL,1500,-200,30000,-39433,-39433,-10.785831509846828,0.0,-139295,-178728,-39433,-39433,-10.785831509846828,0.0,-322095,-361528,-39433,-39433,-10.785831509846828,0.0,-504895,-544328,-39433,-39433,-10.785831509846828,0.0,-687695,-727128,-39433,-39433,-10.785831509846828,0.0,-870495,-909928
M0_ALL,1500,-200,60000,-48505,-48505,-13.26723194748359,0.0,-133847,-182352,-48505,-48505,-13.26723194748359,0.0,-316647,-365152,-48505,-48505,-13.26723194748359,0.0,-499447,-547952,-48505,-48505,-13.26723194748359,0.0,-682247,-730752,-48505,-48505,-13.26723194748359,0.0,-865047,-913552
M0_ALL,1500,-200,120000,-43502,-43502,-11.898796498905908,0.0,-138850,-182352,-43502,-43502,-11.898796498905908,0.0,-321650,-365152,-43502,-43502,-11.898796498905908,0.0,-504450,-547952,-43502,-43502,-11.898796498905908,0.0,-687250,-730752,-43502,-43502,-11.898796498905908,0.0,-870050,-913552
M0_ALL,2000,-6000,30000,275490,275490,75.35284463894968,0.0,-1315991,-1040501,275490,275490,75.35284463894968,0.0,-1498791,-1223301,275490,275490,75.35284463894968,0.0,-1681591,-1406101,275490,275490,75.35284463894968,0.0,-1864391,-1588901,275490,275490,75.35284463894968,0.0,-2047191,-1771701
M0_ALL,2000,-6000,60000,475484,475484,130.05579868708972,0.0,-1508631,-1033147,475484,475484,130.05579868708972,0.0,-1691431,-1215947,475484,475484,130.05579868708972,0.0,-1874231,-1398747,475484,475484,130.05579868708972,0.0,-2057031,-1581547,475484,475484,130.05579868708972,0.0,-2239831,-1764347
M0_ALL,2000,-6000,120000,616802,616802,168.70951859956236,0.0,-1657547,-1040745,616802,616802,168.70951859956236,0.0,-1840347,-1223545,616802,616802,168.70951859956236,0.0,-2023147,-1406345,616802,616802,168.70951859956236,0.0,-2205947,-1589145,616802,616802,168.70951859956236,0.0,-2388747,-1771945
M0_ALL,2000,-5000,30000,248653,248653,68.01230853391685,0.0,-1248953,-1000300,248653,248653,68.01230853391685,0.0,-1431753,-1183100,248653,248653,68.01230853391685,0.0,-1614553,-1365900,248653,248653,68.01230853391685,0.0,-1797353,-1548700,248653,248653,68.01230853391685,0.0,-1980153,-1731500
M0_ALL,2000,-5000,60000,447534,447534,122.41083150984683,0.0,-1442687,-995153,447534,447534,122.41083150984683,0.0,-1625487,-1177953,447534,447534,122.41083150984683,0.0,-1808287,-1360753,447534,447534,122.41083150984683,0.0,-1991087,-1543553,447534,447534,122.41083150984683,0.0,-2173887,-1726353
M0_ALL,2000,-5000,120000,585507,585507,160.1496170678337,0.0,-1585271,-999764,585507,585507,160.1496170678337,0.0,-1768071,-1182564,585507,585507,160.1496170678337,0.0,-1950871,-1365364,585507,585507,160.1496170678337,0.0,-2133671,-1548164,585507,585507,160.1496170678337,0.0,-2316471,-1730964
M0_ALL,2000,-3000,30000,169664,169664,46.40700218818381,0.0,-1035535,-865871,169664,169664,46.40700218818381,0.0,-1218335,-1048671,169664,169664,46.40700218818381,0.0,-1401135,-1231471,169664,169664,46.40700218818381,0.0,-1583935,-1414271,169664,169664,46.40700218818381,0.0,-1766735,-1597071
M0_ALL,2000,-3000,60000,297788,297788,81.45185995623632,0.0,-1152357,-854569,297788,297788,81.45185995623632,0.0,-1335157,-1037369,297788,297788,81.45185995623632,0.0,-1517957,-1220169,297788,297788,81.45185995623632,0.0,-1700757,-1402969,297788,297788,81.45185995623632,0.0,-1883557,-1585769
M0_ALL,2000,-3000,120000,420562,420562,115.03336980306345,0.0,-1277022,-856460,420562,420562,115.03336980306345,0.0,-1459822,-1039260,420562,420562,115.03336980306345,0.0,-1642622,-1222060,420562,420562,115.03336980306345,0.0,-1825422,-1404860,420562,420562,115.03336980306345,0.0,-2008222,-1587660
M0_ALL,2000,-2000,30000,98000,98000,26.805251641137854,0.0,-811235,-713235,98000,98000,26.805251641137854,0.0,-994035,-896035,98000,98000,26.805251641137854,0.0,-1176835,-1078835,98000,98000,26.805251641137854,0.0,-1359635,-1261635,98000,98000,26.805251641137854,0.0,-1542435,-1444435
M0_ALL,2000,-2000,60000,197606,197606,54.04978118161926,0.0,-909382,-711776,197606,197606,54.04978118161926,0.0,-1092182,-894576,197606,197606,54.04978118161926,0.0,-1274982,-1077376,197606,197606,54.04978118161926,0.0,-1457782,-1260176,197606,197606,54.04978118161926,0.0,-1640582,-1442976
M0_ALL,2000,-2000,120000,291363,291363,79.69447483588621,0.0,-1002911,-711548,291363,291363,79.69447483588621,0.0,-1185711,-894348,291363,291363,79.69447483588621,0.0,-1368511,-1077148,291363,291363,79.69447483588621,0.0,-1551311,-1259948,291363,291363,79.69447483588621,0.0,-1734111,-1442748
M0_ALL,2000,-1500,30000,94166,94166,25.75656455142232,0.0,-707572,-613406,94166,94166,25.75656455142232,0.0,-890372,-796206,94166,94166,25.75656455142232,0.0,-1073172,-979006,94166,94166,25.75656455142232,0.0,-1255972,-1161806,94166,94166,25.75656455142232,0.0,-1438772,-1344606
M0_ALL,2000,-1500,60000,145439,145439,39.780908096280086,0.0,-752564,-607125,145439,145439,39.780908096280086,0.0,-935364,-789925,145439,145439,39.780908096280086,0.0,-1118164,-972725,145439,145439,39.780908096280086,0.0,-1300964,-1155525,145439,145439,39.780908096280086,0.0,-1483764,-1338325
M0_ALL,2000,-1500,120000,231670,231670,63.36706783369803,0.0,-838758,-607088,231670,231670,63.36706783369803,0.0,-1021558,-789888,231670,231670,63.36706783369803,0.0,-1204358,-972688,231670,231670,63.36706783369803,0.0,-1387158,-1155488,231670,231670,63.36706783369803,0.0,-1569958,-1338288
M0_ALL,2000,-1000,30000,45931,45931,12.563183807439826,0.0,-541676,-495745,45931,45931,12.563183807439826,0.0,-724476,-678545,45931,45931,12.563183807439826,0.0,-907276,-861345,45931,45931,12.563183807439826,0.0,-1090076,-1044145,45931,45931,12.563183807439826,0.0,-1272876,-1226945
M0_ALL,2000,-1000,60000,77051,77051,21.075218818380744,0.0,-567155,-490104,77051,77051,21.075218818380744,0.0,-749955,-672904,77051,77051,21.075218818380744,0.0,-932755,-855704,77051,77051,21.075218818380744,0.0,-1115555,-1038504,77051,77051,21.075218818380744,0.0,-1298355,-1221304
M0_ALL,2000,-1000,120000,141821,141821,38.79130196936543,0.0,-631888,-490067,141821,141821,38.79130196936543,0.0,-814688,-672867,141821,141821,38.79130196936543,0.0,-997488,-855667,141821,141821,38.79130196936543,0.0,-1180288,-1038467,141821,141821,38.79130196936543,0.0,-1363088,-1221267
M0_ALL,2000,-700,30000,13314,13314,3.6416849015317285,0.0,-411307,-397993,13314,13314,3.6416849015317285,0.0,-594107,-580793,13314,13314,3.6416849015317285,0.0,-776907,-763593,13314,13314,3.6416849015317285,0.0,-959707,-946393,13314,13314,3.6416849015317285,0.0,-1142507,-1129193
M0_ALL,2000,-700,60000,31875,31875,8.718544857768052,0.0,-426540,-394665,31875,31875,8.718544857768052,0.0,-609340,-577465,31875,31875,8.718544857768052,0.0,-792140,-760265,31875,31875,8.718544857768052,0.0,-974940,-943065,31875,31875,8.718544857768052,0.0,-1157740,-1125865
M0_ALL,2000,-700,120000,84066,84066,22.99398249452954,0.0,-478592,-394526,84066,84066,22.99398249452954,0.0,-661392,-577326,84066,84066,22.99398249452954,0.0,-844192,-760126,84066,84066,22.99398249452954,0.0,-1026992,-942926,84066,84066,22.99398249452954,0.0,-1209792,-1125726
M0_ALL,2000,-500,30000,2920,2920,0.7986870897155361,0.0,-313810,-310890,2920,2920,0.7986870897155361,0.0,-496610,-493690,2920,2920,0.7986870897155361,0.0,-679410,-676490,2920,2920,0.7986870897155361,0.0,-862210,-859290,2920,2920,0.7986870897155361,0.0,-1045010,-1042090
M0_ALL,2000,-500,60000,11136,11136,3.0459518599562365,0.0,-321327,-310191,11136,11136,3.0459518599562365,0.0,-504127,-492991,11136,11136,3.0459518599562365,0.0,-686927,-675791,11136,11136,3.0459518599562365,0.0,-869727,-858591,11136,11136,3.0459518599562365,0.0,-1052527,-1041391
M0_ALL,2000,-500,120000,50581,50581,13.835065645514224,0.0,-364499,-313918,50581,50581,13.835065645514224,0.0,-547299,-496718,50581,50581,13.835065645514224,0.0,-730099,-679518,50581,50581,13.835065645514224,0.0,-912899,-862318,50581,50581,13.835065645514224,0.0,-1095699,-1045118
M0_ALL,2000,-300,30000,-24199,-24199,-6.618982494529541,0.0,-192259,-216458,-24199,-24199,-6.618982494529541,0.0,-375059,-399258,-24199,-24199,-6.618982494529541,0.0,-557859,-582058,-24199,-24199,-6.618982494529541,0.0,-740659,-764858,-24199,-24199,-6.618982494529541,0.0,-923459,-947658
M0_ALL,2000,-300,60000,-24505,-24505,-6.702680525164114,0.0,-196251,-220756,-24505,-24505,-6.702680525164114,0.0,-379051,-403556,-24505,-24505,-6.702680525164114,0.0,-561851,-586356,-24505,-24505,-6.702680525164114,0.0,-744651,-769156,-24505,-24505,-6.702680525164114,0.0,-927451,-951956
M0_ALL,2000,-300,120000,-10247,-10247,-2.802789934354486,0.0,-210509,-220756,-10247,-10247,-2.802789934354486,0.0,-393309,-403556,-10247,-10247,-2.802789934354486,0.0,-576109,-586356,-10247,-10247,-2.802789934354486,0.0,-758909,-769156,-10247,-10247,-2.802789934354486,0.0,-941709,-951956
M0_ALL,2000,-200,30000,-44316,-44316,-12.12144420131291,0.0,-114574,-158890,-44316,-44316,-12.12144420131291,0.0,-297374,-341690,-44316,-44316,-12.12144420131291,0.0,-480174,-524490,-44316,-44316,-12.12144420131291,0.0,-662974,-707290,-44316,-44316,-12.12144420131291,0.0,-845774,-890090
M0_ALL,2000,-200,60000,-56860,-56860,-15.552516411378555,0.0,-106653,-163513,-56860,-56860,-15.552516411378555,0.0,-289453,-346313,-56860,-56860,-15.552516411378555,0.0,-472253,-529113,-56860,-56860,-15.552516411378555,0.0,-655053,-711913,-56860,-56860,-15.552516411378555,0.0,-837853,-894713
M0_ALL,2000,-200,120000,-57367,-57367,-15.691192560175054,0.0,-106146,-163513,-57367,-57367,-15.691192560175054,0.0,-288946,-346313,-57367,-57367,-15.691192560175054,0.0,-471746,-529113,-57367,-57367,-15.691192560175054,0.0,-654546,-711913,-57367,-57367,-15.691192560175054,0.0,-837346,-894713
M0_ALL,3000,-6000,30000,259118,259118,70.87472647702407,0.0,-1268097,-1008979,259118,259118,70.87472647702407,0.0,-1450897,-1191779,259118,259118,70.87472647702407,0.0,-1633697,-1374579,259118,259118,70.87472647702407,0.0,-1816497,-1557379,259118,259118,70.87472647702407,0.0,-1999297,-1740179
M0_ALL,3000,-6000,60000,479288,479288,131.09628008752736,0.0,-1493400,-1014112,479288,479288,131.09628008752736,0.0,-1676200,-1196912,479288,479288,131.09628008752736,0.0,-1859000,-1379712,479288,479288,131.09628008752736,0.0,-2041800,-1562512,479288,479288,131.09628008752736,0.0,-2224600,-1745312
M0_ALL,3000,-6000,120000,631467,631467,172.7207330415755,0.0,-1661981,-1030514,631467,631467,172.7207330415755,0.0,-1844781,-1213314,631467,631467,172.7207330415755,0.0,-2027581,-1396114,631467,631467,172.7207330415755,0.0,-2210381,-1578914,631467,631467,172.7207330415755,0.0,-2393181,-1761714
M0_ALL,3000,-5000,30000,231281,231281,63.26066739606127,0.0,-1198179,-966898,231281,231281,63.26066739606127,0.0,-1380979,-1149698,231281,231281,63.26066739606127,0.0,-1563779,-1332498,231281,231281,63.26066739606127,0.0,-1746579,-1515298,231281,231281,63.26066739606127,0.0,-1929379,-1698098
M0_ALL,3000,-5000,60000,445622,445622,121.88785557986871,0.0,-1419829,-974207,445622,445622,121.88785557986871,0.0,-1602629,-1157007,445622,445622,121.88785557986871,0.0,-1785429,-1339807,445622,445622,121.88785557986871,0.0,-1968229,-1522607,445622,445622,121.88785557986871,0.0,-2151029,-1705407
M0_ALL,3000,-5000,120000,593498,593498,162.33533916849015,0.0,-1581120,-987622,593498,593498,162.33533916849015,0.0,-1763920,-1170422,593498,593498,162.33533916849015,0.0,-1946720,-1353222,593498,593498,162.33533916849015,0.0,-2129520,-1536022,593498,593498,162.33533916849015,0.0,-2312320,-1718822
M0_ALL,3000,-3000,30000,151790,151790,41.51805251641138,0.0,-994418,-842628,151790,151790,41.51805251641138,0.0,-1177218,-1025428,151790,151790,41.51805251641138,0.0,-1360018,-1208228,151790,151790,41.51805251641138,0.0,-1542818,-1391028,151790,151790,41.51805251641138,0.0,-1725618,-1573828
M0_ALL,3000,-3000,60000,287730,287730,78.70076586433261,0.0,-1126824,-839094,287730,287730,78.70076586433261,0.0,-1309624,-1021894,287730,287730,78.70076586433261,0.0,-1492424,-1204694,287730,287730,78.70076586433261,0.0,-1675224,-1387494,287730,287730,78.70076586433261,0.0,-1858024,-1570294
M0_ALL,3000,-3000,120000,419797,419797,114.82412472647702,0.0,-1269441,-849644,419797,419797,114.82412472647702,0.0,-1452241,-1032444,419797,419797,114.82412472647702,0.0,-1635041,-1215244,419797,419797,114.82412472647702,0.0,-1817841,-1398044,419797,419797,114.82412472647702,0.0,-2000641,-1580844
M0_ALL,3000,-2000,30000,78994,78994,21.606673960612692,0.0,-768523,-689529,78994,78994,21.606673960612692,0.0,-951323,-872329,78994,78994,21.606673960612692,0.0,-1134123,-1055129,78994,78994,21.606673960612692,0.0,-1316923,-1237929,78994,78994,21.606673960612692,0.0,-1499723,-1420729
M0_ALL,3000,-2000,60000,183944,183944,50.3129102844639,0.0,-878119,-694175,183944,183944,50.3129102844639,0.0,-1060919,-876975,183944,183944,50.3129102844639,0.0,-1243719,-1059775,183944,183944,50.3129102844639,0.0,-1426519,-1242575,183944,183944,50.3129102844639,0.0,-1609319,-1425375
M0_ALL,3000,-2000,120000,287314,287314,78.58698030634574,0.0,-985684,-698370,287314,287314,78.58698030634574,0.0,-1168484,-881170,287314,287314,78.58698030634574,0.0,-1351284,-1063970,287314,287314,78.58698030634574,0.0,-1534084,-1246770,287314,287314,78.58698030634574,0.0,-1716884,-1429570
M0_ALL,3000,-1500,30000,69412,69412,18.985776805251643,0.0,-661612,-592200,69412,69412,18.985776805251643,0.0,-844412,-775000,69412,69412,18.985776805251643,0.0,-1027212,-957800,69412,69412,18.985776805251643,0.0,-1210012,-1140600,69412,69412,18.985776805251643,0.0,-1392812,-1323400
M0_ALL,3000,-1500,60000,123183,123183,33.693380743982495,0.0,-714857,-591674,123183,123183,33.693380743982495,0.0,-897657,-774474,123183,123183,33.693380743982495,0.0,-1080457,-957274,123183,123183,33.693380743982495,0.0,-1263257,-1140074,123183,123183,33.693380743982495,0.0,-1446057,-1322874
M0_ALL,3000,-1500,120000,224922,224922,61.52133479212254,0.0,-820490,-595568,224922,224922,61.52133479212254,0.0,-1003290,-778368,224922,224922,61.52133479212254,0.0,-1186090,-961168,224922,224922,61.52133479212254,0.0,-1368890,-1143968,224922,224922,61.52133479212254,0.0,-1551690,-1326768
M0_ALL,3000,-1000,30000,22769,22769,6.227844638949672,0.0,-493618,-470849,22769,22769,6.227844638949672,0.0,-676418,-653649,22769,22769,6.227844638949672,0.0,-859218,-836449,22769,22769,6.227844638949672,0.0,-1042018,-1019249,22769,22769,6.227844638949672,0.0,-1224818,-1202049
M0_ALL,3000,-1000,60000,56130,56130,15.352844638949671,0.0,-525369,-469239,56130,56130,15.352844638949671,0.0,-708169,-652039,56130,56130,15.352844638949671,0.0,-890969,-834839,56130,56130,15.352844638949671,0.0,-1073769,-1017639,56130,56130,15.352844638949671,0.0,-1256569,-1200439
M0_ALL,3000,-1000,120000,137174,137174,37.52024070021882,0.0,-609845,-472671,137174,137174,37.52024070021882,0.0,-792645,-655471,137174,137174,37.52024070021882,0.0,-975445,-838271,137174,137174,37.52024070021882,0.0,-1158245,-1021071,137174,137174,37.52024070021882,0.0,-1341045,-1203871
M0_ALL,3000,-700,30000,-8649,-8649,-2.3657002188183807,0.0,-364099,-372748,-8649,-8649,-2.3657002188183807,0.0,-546899,-555548,-8649,-8649,-2.3657002188183807,0.0,-729699,-738348,-8649,-8649,-2.3657002188183807,0.0,-912499,-921148,-8649,-8649,-2.3657002188183807,0.0,-1095299,-1103948
M0_ALL,3000,-700,60000,11992,11992,3.280087527352298,0.0,-384284,-372292,11992,11992,3.280087527352298,0.0,-567084,-555092,11992,11992,3.280087527352298,0.0,-749884,-737892,11992,11992,3.280087527352298,0.0,-932684,-920692,11992,11992,3.280087527352298,0.0,-1115484,-1103492
M0_ALL,3000,-700,120000,71232,71232,19.483588621444202,0.0,-444685,-373453,71232,71232,19.483588621444202,0.0,-627485,-556253,71232,71232,19.483588621444202,0.0,-810285,-739053,71232,71232,19.483588621444202,0.0,-993085,-921853,71232,71232,19.483588621444202,0.0,-1175885,-1104653
M0_ALL,3000,-500,30000,-18428,-18428,-5.040481400437637,0.0,-267119,-285547,-18428,-18428,-5.040481400437637,0.0,-449919,-468347,-18428,-18428,-5.040481400437637,0.0,-632719,-651147,-18428,-18428,-5.040481400437637,0.0,-815519,-833947,-18428,-18428,-5.040481400437637,0.0,-998319,-1016747
M0_ALL,3000,-500,60000,-9906,-9906,-2.7095185995623634,0.0,-275973,-285879,-9906,-9906,-2.7095185995623634,0.0,-458773,-468679,-9906,-9906,-2.7095185995623634,0.0,-641573,-651479,-9906,-9906,-2.7095185995623634,0.0,-824373,-834279,-9906,-9906,-2.7095185995623634,0.0,-1007173,-1017079
M0_ALL,3000,-500,120000,37914,37914,10.370350109409191,0.0,-327520,-289606,37914,37914,10.370350109409191,0.0,-510320,-472406,37914,37914,10.370350109409191,0.0,-693120,-655206,37914,37914,10.370350109409191,0.0,-875920,-838006,37914,37914,10.370350109409191,0.0,-1058720,-1020806
M0_ALL,3000,-300,30000,-44215,-44215,-12.093818380743983,0.0,-149122,-193337,-44215,-44215,-12.093818380743983,0.0,-331922,-376137,-44215,-44215,-12.093818380743983,0.0,-514722,-558937,-44215,-44215,-12.093818380743983,0.0,-697522,-741737,-44215,-44215,-12.093818380743983,0.0,-880322,-924537
M0_ALL,3000,-300,60000,-45892,-45892,-12.552516411378555,0.0,-151231,-197123,-45892,-45892,-12.552516411378555,0.0,-334031,-379923,-45892,-45892,-12.552516411378555,0.0,-516831,-562723,-45892,-45892,-12.552516411378555,0.0,-699631,-745523,-45892,-45892,-12.552516411378555,0.0,-882431,-928323
M0_ALL,3000,-300,120000,-29593,-29593,-8.094365426695843,0.0,-167530,-197123,-29593,-29593,-8.094365426695843,0.0,-350330,-379923,-29593,-29593,-8.094365426695843,0.0,-533130,-562723,-29593,-29593,-8.094365426695843,0.0,-715930,-745523,-29593,-29593,-8.094365426695843,0.0,-898730,-928323
M0_ALL,3000,-200,30000,-63639,-63639,-17.40672866520788,0.0,-71437,-135076,-63639,-63639,-17.40672866520788,0.0,-254237,-317876,-63639,-63639,-17.40672866520788,0.0,-437037,-500676,-63639,-63639,-17.40672866520788,0.0,-619837,-683476,-63639,-63639,-17.40672866520788,0.0,-802637,-866276
M0_ALL,3000,-200,60000,-77175,-77175,-21.10913566739606,0.0,-66112,-143287,-77175,-77175,-21.10913566739606,0.0,-248912,-326087,-77175,-77175,-21.10913566739606,0.0,-431712,-508887,-77175,-77175,-21.10913566739606,0.0,-614512,-691687,-77175,-77175,-21.10913566739606,0.0,-797312,-874487
M0_ALL,3000,-200,120000,-77147,-77147,-21.10147702407002,0.0,-66140,-143287,-77147,-77147,-21.10147702407002,0.0,-248940,-326087,-77147,-77147,-21.10147702407002,0.0,-431740,-508887,-77147,-77147,-21.10147702407002,0.0,-614540,-691687,-77147,-77147,-21.10147702407002,0.0,-797340,-874487
M0_ALL,5000,-6000,30000,238353,238353,65.19502188183807,0.0,-1223501,-985148,238353,238353,65.19502188183807,0.0,-1406301,-1167948,238353,238353,65.19502188183807,0.0,-1589101,-1350748,238353,238353,65.19502188183807,0.0,-1771901,-1533548,238353,238353,65.19502188183807,0.0,-1954701,-1716348
M0_ALL,5000,-6000,60000,471248,471248,128.89715536105032,0.0,-1471773,-1000525,471248,471248,128.89715536105032,0.0,-1654573,-1183325,471248,471248,128.89715536105032,0.0,-1837373,-1366125,471248,471248,128.89715536105032,0.0,-2020173,-1548925,471248,471248,128.89715536105032,0.0,-2202973,-1731725
M0_ALL,5000,-6000,120000,597928,597928,163.54704595185996,0.0,-1620038,-1022110,597928,597928,163.54704595185996,0.0,-1802838,-1204910,597928,597928,163.54704595185996,0.0,-1985638,-1387710,597928,597928,163.54704595185996,0.0,-2168438,-1570510,597928,597928,163.54704595185996,0.0,-2351238,-1753310
M0_ALL,5000,-5000,30000,214567,214567,58.68900437636761,0.0,-1155634,-941067,214567,214567,58.68900437636761,0.0,-1338434,-1123867,214567,214567,58.68900437636761,0.0,-1521234,-1306667,214567,214567,58.68900437636761,0.0,-1704034,-1489467,214567,214567,58.68900437636761,0.0,-1886834,-1672267
M0_ALL,5000,-5000,60000,442462,442462,121.02352297592998,0.0,-1401082,-958620,442462,442462,121.02352297592998,0.0,-1583882,-1141420,442462,442462,121.02352297592998,0.0,-1766682,-1324220,442462,442462,121.02352297592998,0.0,-1949482,-1507020,442462,442462,121.02352297592998,0.0,-2132282,-1689820
M0_ALL,5000,-5000,120000,566447,566447,154.9362691466083,0.0,-1543665,-977218,566447,566447,154.9362691466083,0.0,-1726465,-1160018,566447,566447,154.9362691466083,0.0,-1909265,-1342818,566447,566447,154.9362691466083,0.0,-2092065,-1525618,566447,566447,154.9362691466083,0.0,-2274865,-1708418
M0_ALL,5000,-3000,30000,136922,136922,37.451312910284464,0.0,-958730,-821808,136922,136922,37.451312910284464,0.0,-1141530,-1004608,136922,136922,37.451312910284464,0.0,-1324330,-1187408,136922,136922,37.451312910284464,0.0,-1507130,-1370208,136922,136922,37.451312910284464,0.0,-1689930,-1553008
M0_ALL,5000,-3000,60000,268130,268130,73.33971553610503,0.0,-1099372,-831242,268130,268130,73.33971553610503,0.0,-1282172,-1014042,268130,268130,73.33971553610503,0.0,-1464972,-1196842,268130,268130,73.33971553610503,0.0,-1647772,-1379642,268130,268130,73.33971553610503,0.0,-1830572,-1562442
M0_ALL,5000,-3000,120000,368248,368248,100.72428884026259,0.0,-1215811,-847563,368248,368248,100.72428884026259,0.0,-1398611,-1030363,368248,368248,100.72428884026259,0.0,-1581411,-1213163,368248,368248,100.72428884026259,0.0,-1764211,-1395963,368248,368248,100.72428884026259,0.0,-1947011,-1578763
M0_ALL,5000,-2000,30000,60015,60015,16.41548140043764,0.0,-726030,-666015,60015,60015,16.41548140043764,0.0,-908830,-848815,60015,60015,16.41548140043764,0.0,-1091630,-1031615,60015,60015,16.41548140043764,0.0,-1274430,-1214415,60015,60015,16.41548140043764,0.0,-1457230,-1397215
M0_ALL,5000,-2000,60000,159160,159160,43.53391684901532,0.0,-842604,-683444,159160,159160,43.53391684901532,0.0,-1025404,-866244,159160,159160,43.53391684901532,0.0,-1208204,-1049044,159160,159160,43.53391684901532,0.0,-1391004,-1231844,159160,159160,43.53391684901532,0.0,-1573804,-1414644
M0_ALL,5000,-2000,120000,248678,248678,68.0191466083151,0.0,-939442,-690764,248678,248678,68.0191466083151,0.0,-1122242,-873564,248678,248678,68.0191466083151,0.0,-1305042,-1056364,248678,248678,68.0191466083151,0.0,-1487842,-1239164,248678,248678,68.0191466083151,0.0,-1670642,-1421964
M0_ALL,5000,-1500,30000,48385,48385,13.234409190371991,0.0,-615504,-567119,48385,48385,13.234409190371991,0.0,-798304,-749919,48385,48385,13.234409190371991,0.0,-981104,-932719,48385,48385,13.234409190371991,0.0,-1163904,-1115519,48385,48385,13.234409190371991,0.0,-1346704,-1298319
M0_ALL,5000,-1500,60000,103494,103494,28.307986870897157,0.0,-677512,-574018,103494,103494,28.307986870897157,0.0,-860312,-756818,103494,103494,28.307986870897157,0.0,-1043112,-939618,103494,103494,28.307986870897157,0.0,-1225912,-1122418,103494,103494,28.307986870897157,0.0,-1408712,-1305218
M0_ALL,5000,-1500,120000,192245,192245,52.58342450765864,0.0,-772782,-580537,192245,192245,52.58342450765864,0.0,-955582,-763337,192245,192245,52.58342450765864,0.0,-1138382,-946137,192245,192245,52.58342450765864,0.0,-1321182,-1128937,192245,192245,52.58342450765864,0.0,-1503982,-1311737
M0_ALL,5000,-1000,30000,4147,4147,1.1342997811816193,0.0,-450196,-446049,4147,4147,1.1342997811816193,0.0,-632996,-628849,4147,4147,1.1342997811816193,0.0,-815796,-811649,4147,4147,1.1342997811816193,0.0,-998596,-994449,4147,4147,1.1342997811816193,0.0,-1181396,-1177249
M0_ALL,5000,-1000,60000,45406,45406,12.419584245076587,0.0,-496821,-451415,45406,45406,12.419584245076587,0.0,-679621,-634215,45406,45406,12.419584245076587,0.0,-862421,-817015,45406,45406,12.419584245076587,0.0,-1045221,-999815,45406,45406,12.419584245076587,0.0,-1228021,-1182615
M0_ALL,5000,-1000,120000,114407,114407,31.292943107221006,0.0,-571278,-456871,114407,114407,31.292943107221006,0.0,-754078,-639671,114407,114407,31.292943107221006,0.0,-936878,-822471,114407,114407,31.292943107221006,0.0,-1119678,-1005271,114407,114407,31.292943107221006,0.0,-1302478,-1188071
M0_ALL,5000,-700,30000,-28546,-28546,-7.807986870897155,0.0,-322105,-350651,-28546,-28546,-7.807986870897155,0.0,-504905,-533451,-28546,-28546,-7.807986870897155,0.0,-687705,-716251,-28546,-28546,-7.807986870897155,0.0,-870505,-899051,-28546,-28546,-7.807986870897155,0.0,-1053305,-1081851
M0_ALL,5000,-700,60000,-2694,-2694,-0.736870897155361,0.0,-349132,-351826,-2694,-2694,-0.736870897155361,0.0,-531932,-534626,-2694,-2694,-0.736870897155361,0.0,-714732,-717426,-2694,-2694,-0.736870897155361,0.0,-897532,-900226,-2694,-2694,-0.736870897155361,0.0,-1080332,-1083026
M0_ALL,5000,-700,120000,53629,53629,14.668763676148796,0.0,-407023,-353394,53629,53629,14.668763676148796,0.0,-589823,-536194,53629,53629,14.668763676148796,0.0,-772623,-718994,53629,53629,14.668763676148796,0.0,-955423,-901794,53629,53629,14.668763676148796,0.0,-1138223,-1084594
M0_ALL,5000,-500,30000,-36562,-36562,-10.00054704595186,0.0,-222588,-259150,-36562,-36562,-10.00054704595186,0.0,-405388,-441950,-36562,-36562,-10.00054704595186,0.0,-588188,-624750,-36562,-36562,-10.00054704595186,0.0,-770988,-807550,-36562,-36562,-10.00054704595186,0.0,-953788,-990350
M0_ALL,5000,-500,60000,-26608,-26608,-7.277899343544858,0.0,-234105,-260713,-26608,-26608,-7.277899343544858,0.0,-416905,-443513,-26608,-26608,-7.277899343544858,0.0,-599705,-626313,-26608,-26608,-7.277899343544858,0.0,-782505,-809113,-26608,-26608,-7.277899343544858,0.0,-965305,-991913
M0_ALL,5000,-500,120000,8149,8149,2.228938730853392,0.0,-271914,-263765,8149,8149,2.228938730853392,0.0,-454714,-446565,8149,8149,2.228938730853392,0.0,-637514,-629365,8149,8149,2.228938730853392,0.0,-820314,-812165,8149,8149,2.228938730853392,0.0,-1003114,-994965
M0_ALL,5000,-300,30000,-59011,-59011,-16.14086433260394,0.0,-114197,-173208,-59011,-59011,-16.14086433260394,0.0,-296997,-356008,-59011,-59011,-16.14086433260394,0.0,-479797,-538808,-59011,-59011,-16.14086433260394,0.0,-662597,-721608,-59011,-59011,-16.14086433260394,0.0,-845397,-904408
M0_ALL,5000,-300,60000,-62459,-62459,-17.083971553610503,0.0,-118498,-180957,-62459,-62459,-17.083971553610503,0.0,-301298,-363757,-62459,-62459,-17.083971553610503,0.0,-484098,-546557,-62459,-62459,-17.083971553610503,0.0,-666898,-729357,-62459,-62459,-17.083971553610503,0.0,-849698,-912157
M0_ALL,5000,-300,120000,-58954,-58954,-16.12527352297593,0.0,-121328,-180282,-58954,-58954,-16.12527352297593,0.0,-304128,-363082,-58954,-58954,-16.12527352297593,0.0,-486928,-545882,-58954,-58954,-16.12527352297593,0.0,-669728,-728682,-58954,-58954,-16.12527352297593,0.0,-852528,-911482
M0_ALL,5000,-200,30000,-76788,-76788,-21.00328227571116,0.0,-37859,-114647,-76788,-76788,-21.00328227571116,0.0,-220659,-297447,-76788,-76788,-21.00328227571116,0.0,-403459,-480247,-76788,-76788,-21.00328227571116,0.0,-586259,-663047,-76788,-76788,-21.00328227571116,0.0,-769059,-845847
M0_ALL,5000,-200,60000,-91198,-91198,-24.944748358862146,0.0,-39188,-130386,-91198,-91198,-24.944748358862146,0.0,-221988,-313186,-91198,-91198,-24.944748358862146,0.0,-404788,-495986,-91198,-91198,-24.944748358862146,0.0,-587588,-678786,-91198,-91198,-24.944748358862146,0.0,-770388,-861586
M0_ALL,5000,-200,120000,-104564,-104564,-28.600656455142232,0.0,-25382,-129946,-104564,-104564,-28.600656455142232,0.0,-208182,-312746,-104564,-104564,-28.600656455142232,0.0,-390982,-495546,-104564,-104564,-28.600656455142232,0.0,-573782,-678346,-104564,-104564,-28.600656455142232,0.0,-756582,-861146
M0_ALL,6000,-6000,30000,223488,223488,61.12910284463895,0.0,-1217033,-993545,223488,223488,61.12910284463895,0.0,-1399833,-1176345,223488,223488,61.12910284463895,0.0,-1582633,-1359145,223488,223488,61.12910284463895,0.0,-1765433,-1541945,223488,223488,61.12910284463895,0.0,-1948233,-1724745
M0_ALL,6000,-6000,60000,460279,460279,125.89688183807439,0.0,-1477063,-1016784,460279,460279,125.89688183807439,0.0,-1659863,-1199584,460279,460279,125.89688183807439,0.0,-1842663,-1382384,460279,460279,125.89688183807439,0.0,-2025463,-1565184,460279,460279,125.89688183807439,0.0,-2208263,-1747984
M0_ALL,6000,-6000,120000,571588,571588,156.34245076586433,0.0,-1626770,-1055182,571588,571588,156.34245076586433,0.0,-1809570,-1237982,571588,571588,156.34245076586433,0.0,-1992370,-1420782,571588,571588,156.34245076586433,0.0,-2175170,-1603582,571588,571588,156.34245076586433,0.0,-2357970,-1786382
M0_ALL,6000,-5000,30000,199702,199702,54.62308533916849,0.0,-1148166,-948464,199702,199702,54.62308533916849,0.0,-1330966,-1131264,199702,199702,54.62308533916849,0.0,-1513766,-1314064,199702,199702,54.62308533916849,0.0,-1696566,-1496864,199702,199702,54.62308533916849,0.0,-1879366,-1679664
M0_ALL,6000,-5000,60000,431404,431404,117.99890590809628,0.0,-1406283,-974879,431404,431404,117.99890590809628,0.0,-1589083,-1157679,431404,431404,117.99890590809628,0.0,-1771883,-1340479,431404,431404,117.99890590809628,0.0,-1954683,-1523279,431404,431404,117.99890590809628,0.0,-2137483,-1706079
M0_ALL,6000,-5000,120000,541149,541149,148.01668490153173,0.0,-1550439,-1009290,541149,541149,148.01668490153173,0.0,-1733239,-1192090,541149,541149,148.01668490153173,0.0,-1916039,-1374890,541149,541149,148.01668490153173,0.0,-2098839,-1557690,541149,541149,148.01668490153173,0.0,-2281639,-1740490
M0_ALL,6000,-3000,30000,124057,124057,33.9324398249453,0.0,-955612,-831555,124057,124057,33.9324398249453,0.0,-1138412,-1014355,124057,124057,33.9324398249453,0.0,-1321212,-1197155,124057,124057,33.9324398249453,0.0,-1504012,-1379955,124057,124057,33.9324398249453,0.0,-1686812,-1562755
M0_ALL,6000,-3000,60000,258072,258072,70.58862144420131,0.0,-1101696,-843624,258072,258072,70.58862144420131,0.0,-1284496,-1026424,258072,258072,70.58862144420131,0.0,-1467296,-1209224,258072,258072,70.58862144420131,0.0,-1650096,-1392024,258072,258072,70.58862144420131,0.0,-1832896,-1574824
M0_ALL,6000,-3000,120000,351402,351402,96.11652078774617,0.0,-1223321,-871919,351402,351402,96.11652078774617,0.0,-1406121,-1054719,351402,351402,96.11652078774617,0.0,-1588921,-1237519,351402,351402,96.11652078774617,0.0,-1771721,-1420319,351402,351402,96.11652078774617,0.0,-1954521,-1603119
M0_ALL,6000,-2000,30000,48150,48150,13.170131291028447,0.0,-725474,-677324,48150,48150,13.170131291028447,0.0,-908274,-860124,48150,48150,13.170131291028447,0.0,-1091074,-1042924,48150,48150,13.170131291028447,0.0,-1273874,-1225724,48150,48150,13.170131291028447,0.0,-1456674,-1408524
M0_ALL,6000,-2000,60000,147811,147811,40.429704595185996,0.0,-845556,-697745,147811,147811,40.429704595185996,0.0,-1028356,-880545,147811,147811,40.429704595185996,0.0,-1211156,-1063345,147811,147811,40.429704595185996,0.0,-1393956,-1246145,147811,147811,40.429704595185996,0.0,-1576756,-1428945
M0_ALL,6000,-2000,120000,242104,242104,66.22100656455142,0.0,-953169,-711065,242104,242104,66.22100656455142,0.0,-1135969,-893865,242104,242104,66.22100656455142,0.0,-1318769,-1076665,242104,242104,66.22100656455142,0.0,-1501569,-1259465,242104,242104,66.22100656455142,0.0,-1684369,-1442265
M0_ALL,6000,-1500,30000,40927,40927,11.194474835886215,0.0,-622926,-581999,40927,40927,11.194474835886215,0.0,-805726,-764799,40927,40927,11.194474835886215,0.0,-988526,-947599,40927,40927,11.194474835886215,0.0,-1171326,-1130399,40927,40927,11.194474835886215,0.0,-1354126,-1313199
M0_ALL,6000,-1500,60000,99842,99842,27.309080962800877,0.0,-691295,-591453,99842,99842,27.309080962800877,0.0,-874095,-774253,99842,99842,27.309080962800877,0.0,-1056895,-957053,99842,99842,27.309080962800877,0.0,-1239695,-1139853,99842,99842,27.309080962800877,0.0,-1422495,-1322653
M0_ALL,6000,-1500,120000,191667,191667,52.425328227571114,0.0,-795139,-603472,191667,191667,52.425328227571114,0.0,-977939,-786272,191667,191667,52.425328227571114,0.0,-1160739,-969072,191667,191667,52.425328227571114,0.0,-1343539,-1151872,191667,191667,52.425328227571114,0.0,-1526339,-1334672
M0_ALL,6000,-1000,30000,-2311,-2311,-0.6321115973741794,0.0,-452118,-454429,-2311,-2311,-0.6321115973741794,0.0,-634918,-637229,-2311,-2311,-0.6321115973741794,0.0,-817718,-820029,-2311,-2311,-0.6321115973741794,0.0,-1000518,-1002829,-2311,-2311,-0.6321115973741794,0.0,-1183318,-1185629
M0_ALL,6000,-1000,60000,43465,43465,11.888676148796499,0.0,-506155,-462690,43465,43465,11.888676148796499,0.0,-688955,-645490,43465,43465,11.888676148796499,0.0,-871755,-828290,43465,43465,11.888676148796499,0.0,-1054555,-1011090,43465,43465,11.888676148796499,0.0,-1237355,-1193890
M0_ALL,6000,-1000,120000,104642,104642,28.62199124726477,0.0,-577788,-473146,104642,104642,28.62199124726477,0.0,-760588,-655946,104642,104642,28.62199124726477,0.0,-943388,-838746,104642,104642,28.62199124726477,0.0,-1126188,-1021546,104642,104642,28.62199124726477,0.0,-1308988,-1204346
M0_ALL,6000,-700,30000,-35004,-35004,-9.574398249452955,0.0,-324427,-359431,-35004,-35004,-9.574398249452955,0.0,-507227,-542231,-35004,-35004,-9.574398249452955,0.0,-690027,-725031,-35004,-35004,-9.574398249452955,0.0,-872827,-907831,-35004,-35004,-9.574398249452955,0.0,-1055627,-1090631
M0_ALL,6000,-700,60000,-4042,-4042,-1.1055798687089715,0.0,-359859,-363901,-4042,-4042,-1.1055798687089715,0.0,-542659,-546701,-4042,-4042,-1.1055798687089715,0.0,-725459,-729501,-4042,-4042,-1.1055798687089715,0.0,-908259,-912301,-4042,-4042,-1.1055798687089715,0.0,-1091059,-1095101
M0_ALL,6000,-700,120000,44138,44138,12.072757111597374,0.0,-414307,-370169,44138,44138,12.072757111597374,0.0,-597107,-552969,44138,44138,12.072757111597374,0.0,-779907,-735769,44138,44138,12.072757111597374,0.0,-962707,-918569,44138,44138,12.072757111597374,0.0,-1145507,-1101369
M0_ALL,6000,-500,30000,-42020,-42020,-11.49343544857768,0.0,-225510,-267530,-42020,-42020,-11.49343544857768,0.0,-408310,-450330,-42020,-42020,-11.49343544857768,0.0,-591110,-633130,-42020,-42020,-11.49343544857768,0.0,-773910,-815930,-42020,-42020,-11.49343544857768,0.0,-956710,-998730
M0_ALL,6000,-500,60000,-27751,-27751,-7.590536105032823,0.0,-244237,-271988,-27751,-27751,-7.590536105032823,0.0,-427037,-454788,-27751,-27751,-7.590536105032823,0.0,-609837,-637588,-27751,-27751,-7.590536105032823,0.0,-792637,-820388,-27751,-27751,-7.590536105032823,0.0,-975437,-1003188
M0_ALL,6000,-500,120000,-48,-48,-0.01312910284463895,0.0,-279492,-279540,-48,-48,-0.01312910284463895,0.0,-462292,-462340,-48,-48,-0.01312910284463895,0.0,-645092,-645140,-48,-48,-0.01312910284463895,0.0,-827892,-827940,-48,-48,-0.01312910284463895,0.0,-1010692,-1010740
M0_ALL,6000,-300,30000,-63469,-63469,-17.36022975929978,0.0,-118870,-182339,-63469,-63469,-17.36022975929978,0.0,-301670,-365139,-63469,-63469,-17.36022975929978,0.0,-484470,-547939,-63469,-63469,-17.36022975929978,0.0,-667270,-730739,-63469,-63469,-17.36022975929978,0.0,-850070,-913539
M0_ALL,6000,-300,60000,-71870,-71870,-19.658096280087527,0.0,-119771,-191641,-71870,-71870,-19.658096280087527,0.0,-302571,-374441,-71870,-71870,-19.658096280087527,0.0,-485371,-557241,-71870,-71870,-19.658096280087527,0.0,-668171,-740041,-71870,-71870,-19.658096280087527,0.0,-850971,-922841
M0_ALL,6000,-300,120000,-73678,-73678,-20.15262582056893,0.0,-121588,-195266,-73678,-73678,-20.15262582056893,0.0,-304388,-378066,-73678,-73678,-20.15262582056893,0.0,-487188,-560866,-73678,-73678,-20.15262582056893,0.0,-669988,-743666,-73678,-73678,-20.15262582056893,0.0,-852788,-926466
M0_ALL,6000,-200,30000,-80246,-80246,-21.949124726477024,0.0,-44578,-124824,-80246,-80246,-21.949124726477024,0.0,-227378,-307624,-80246,-80246,-21.949124726477024,0.0,-410178,-490424,-80246,-80246,-21.949124726477024,0.0,-592978,-673224,-80246,-80246,-21.949124726477024,0.0,-775778,-856024
M0_ALL,6000,-200,60000,-99644,-99644,-27.25492341356674,0.0,-41026,-140670,-99644,-99644,-27.25492341356674,0.0,-223826,-323470,-99644,-99644,-27.25492341356674,0.0,-406626,-506270,-99644,-99644,-27.25492341356674,0.0,-589426,-689070,-99644,-99644,-27.25492341356674,0.0,-772226,-871870
M0_ALL,6000,-200,120000,-121820,-121820,-33.320568927789935,0.0,-18410,-140230,-121820,-121820,-33.320568927789935,0.0,-201210,-323030,-121820,-121820,-33.320568927789935,0.0,-384010,-505830,-121820,-121820,-33.320568927789935,0.0,-566810,-688630,-121820,-121820,-33.320568927789935,0.0,-749610,-871430
M0_ALL,7500,-6000,30000,218749,218749,59.83287746170679,0.0,-1204921,-986172,218749,218749,59.83287746170679,0.0,-1387721,-1168972,218749,218749,59.83287746170679,0.0,-1570521,-1351772,218749,218749,59.83287746170679,0.0,-1753321,-1534572,218749,218749,59.83287746170679,0.0,-1936121,-1717372
M0_ALL,7500,-6000,60000,506125,506125,138.43681619256017,0.0,-1508523,-1002398,506125,506125,138.43681619256017,0.0,-1691323,-1185198,506125,506125,138.43681619256017,0.0,-1874123,-1367998,506125,506125,138.43681619256017,0.0,-2056923,-1550798,506125,506125,138.43681619256017,0.0,-2239723,-1733598
M0_ALL,7500,-6000,120000,608380,608380,166.4059080962801,0.0,-1665810,-1057430,608380,608380,166.4059080962801,0.0,-1848610,-1240230,608380,608380,166.4059080962801,0.0,-2031410,-1423030,608380,608380,166.4059080962801,0.0,-2214210,-1605830,608380,608380,166.4059080962801,0.0,-2397010,-1788630
M0_ALL,7500,-5000,30000,194963,194963,53.326859956236326,0.0,-1136054,-941091,194963,194963,53.326859956236326,0.0,-1318854,-1123891,194963,194963,53.326859956236326,0.0,-1501654,-1306691,194963,194963,53.326859956236326,0.0,-1684454,-1489491,194963,194963,53.326859956236326,0.0,-1867254,-1672291
M0_ALL,7500,-5000,60000,466299,466299,127.54349015317287,0.0,-1427292,-960993,466299,466299,127.54349015317287,0.0,-1610092,-1143793,466299,466299,127.54349015317287,0.0,-1792892,-1326593,466299,466299,127.54349015317287,0.0,-1975692,-1509393,466299,466299,127.54349015317287,0.0,-2158492,-1692193
M0_ALL,7500,-5000,120000,577392,577392,157.92997811816193,0.0,-1588430,-1011038,577392,577392,157.92997811816193,0.0,-1771230,-1193838,577392,577392,157.92997811816193,0.0,-1954030,-1376638,577392,577392,157.92997811816193,0.0,-2136830,-1559438,577392,577392,157.92997811816193,0.0,-2319630,-1742238
M0_ALL,7500,-3000,30000,122318,122318,33.45678336980306,0.0,-943353,-821035,122318,122318,33.45678336980306,0.0,-1126153,-1003835,122318,122318,33.45678336980306,0.0,-1308953,-1186635,122318,122318,33.45678336980306,0.0,-1491753,-1369435,122318,122318,33.45678336980306,0.0,-1674553,-1552235
M0_ALL,7500,-3000,60000,291402,291402,79.70514223194748,0.0,-1124787,-833385,291402,291402,79.70514223194748,0.0,-1307587,-1016185,291402,291402,79.70514223194748,0.0,-1490387,-1198985,291402,291402,79.70514223194748,0.0,-1673187,-1381785,291402,291402,79.70514223194748,0.0,-1855987,-1564585
M0_ALL,7500,-3000,120000,384189,384189,105.08451859956236,0.0,-1262856,-878667,384189,384189,105.08451859956236,0.0,-1445656,-1061467,384189,384189,105.08451859956236,0.0,-1628456,-1244267,384189,384189,105.08451859956236,0.0,-1811256,-1427067,384189,384189,105.08451859956236,0.0,-1994056,-1609867
M0_ALL,7500,-2000,30000,47911,47911,13.10475929978118,0.0,-718215,-670304,47911,47911,13.10475929978118,0.0,-901015,-853104,47911,47911,13.10475929978118,0.0,-1083815,-1035904,47911,47911,13.10475929978118,0.0,-1266615,-1218704,47911,47911,13.10475929978118,0.0,-1449415,-1401504
M0_ALL,7500,-2000,60000,179141,179141,48.99917943107221,0.0,-869147,-690006,179141,179141,48.99917943107221,0.0,-1051947,-872806,179141,179141,48.99917943107221,0.0,-1234747,-1055606,179141,179141,48.99917943107221,0.0,-1417547,-1238406,179141,179141,48.99917943107221,0.0,-1600347,-1421206
M0_ALL,7500,-2000,120000,271573,271573,74.28145514223195,0.0,-994428,-722855,271573,271573,74.28145514223195,0.0,-1177228,-905655,271573,271573,74.28145514223195,0.0,-1360028,-1088455,271573,271573,74.28145514223195,0.0,-1542828,-1271255,271573,271573,74.28145514223195,0.0,-1725628,-1454055
M0_ALL,7500,-1500,30000,39799,39799,10.8859409190372,0.0,-618297,-578498,39799,39799,10.8859409190372,0.0,-801097,-761298,39799,39799,10.8859409190372,0.0,-983897,-944098,39799,39799,10.8859409190372,0.0,-1166697,-1126898,39799,39799,10.8859409190372,0.0,-1349497,-1309698
M0_ALL,7500,-1500,60000,106172,106172,29.04048140043764,0.0,-693386,-587214,106172,106172,29.04048140043764,0.0,-876186,-770014,106172,106172,29.04048140043764,0.0,-1058986,-952814,106172,106172,29.04048140043764,0.0,-1241786,-1135614,106172,106172,29.04048140043764,0.0,-1424586,-1318414
M0_ALL,7500,-1500,120000,200356,200356,54.80196936542669,0.0,-818118,-617762,200356,200356,54.80196936542669,0.0,-1000918,-800562,200356,200356,54.80196936542669,0.0,-1183718,-983362,200356,200356,54.80196936542669,0.0,-1366518,-1166162,200356,200356,54.80196936542669,0.0,-1549318,-1348962
M0_ALL,7500,-1000,30000,-3247,-3247,-0.888129102844639,0.0,-445740,-448987,-3247,-3247,-0.888129102844639,0.0,-628540,-631787,-3247,-3247,-0.888129102844639,0.0,-811340,-814587,-3247,-3247,-0.888129102844639,0.0,-994140,-997387,-3247,-3247,-0.888129102844639,0.0,-1176940,-1180187
M0_ALL,7500,-1000,60000,49703,49703,13.594912472647703,0.0,-506711,-457008,49703,49703,13.594912472647703,0.0,-689511,-639808,49703,49703,13.594912472647703,0.0,-872311,-822608,49703,49703,13.594912472647703,0.0,-1055111,-1005408,49703,49703,13.594912472647703,0.0,-1237911,-1188208
M0_ALL,7500,-1000,120000,116383,116383,31.833424507658645,0.0,-604819,-488436,116383,116383,31.833424507658645,0.0,-787619,-671236,116383,116383,31.833424507658645,0.0,-970419,-854036,116383,116383,31.833424507658645,0.0,-1153219,-1036836,116383,116383,31.833424507658645,0.0,-1336019,-1219636
M0_ALL,7500,-700,30000,-36039,-36039,-9.857494529540482,0.0,-317843,-353882,-36039,-36039,-9.857494529540482,0.0,-500643,-536682,-36039,-36039,-9.857494529540482,0.0,-683443,-719482,-36039,-36039,-9.857494529540482,0.0,-866243,-902282,-36039,-36039,-9.857494529540482,0.0,-1049043,-1085082
M0_ALL,7500,-700,60000,7468,7468,2.0426695842450764,0.0,-358886,-351418,7468,7468,2.0426695842450764,0.0,-541686,-534218,7468,7468,2.0426695842450764,0.0,-724486,-717018,7468,7468,2.0426695842450764,0.0,-907286,-899818,7468,7468,2.0426695842450764,0.0,-1090086,-1082618
M0_ALL,7500,-700,120000,61579,61579,16.84327133479212,0.0,-432285,-370706,61579,61579,16.84327133479212,0.0,-615085,-553506,61579,61579,16.84327133479212,0.0,-797885,-736306,61579,61579,16.84327133479212,0.0,-980685,-919106,61579,61579,16.84327133479212,0.0,-1163485,-1101906
M0_ALL,7500,-500,30000,-41755,-41755,-11.420951859956237,0.0,-220026,-261781,-41755,-41755,-11.420951859956237,0.0,-402826,-444581,-41755,-41755,-11.420951859956237,0.0,-585626,-627381,-41755,-41755,-11.420951859956237,0.0,-768426,-810181,-41755,-41755,-11.420951859956237,0.0,-951226,-992981
M0_ALL,7500,-500,60000,-13841,-13841,-3.785831509846827,0.0,-245464,-259305,-13841,-13841,-3.785831509846827,0.0,-428264,-442105,-13841,-13841,-3.785831509846827,0.0,-611064,-624905,-13841,-13841,-3.785831509846827,0.0,-793864,-807705,-13841,-13841,-3.785831509846827,0.0,-976664,-990505
M0_ALL,7500,-500,120000,20922,20922,5.722647702407002,0.0,-300399,-279477,20922,20922,5.722647702407002,0.0,-483199,-462277,20922,20922,5.722647702407002,0.0,-665999,-645077,20922,20922,5.722647702407002,0.0,-848799,-827877,20922,20922,5.722647702407002,0.0,-1031599,-1010677
M0_ALL,7500,-300,30000,-63482,-63482,-17.36378555798687,0.0,-114408,-177890,-63482,-63482,-17.36378555798687,0.0,-297208,-360690,-63482,-63482,-17.36378555798687,0.0,-480008,-543490,-63482,-63482,-17.36378555798687,0.0,-662808,-726290,-63482,-63482,-17.36378555798687,0.0,-845608,-909090
M0_ALL,7500,-300,60000,-67492,-67492,-18.460612691466082,0.0,-110949,-178441,-67492,-67492,-18.460612691466082,0.0,-293749,-361241,-67492,-67492,-18.460612691466082,0.0,-476549,-544041,-67492,-67492,-18.460612691466082,0.0,-659349,-726841,-67492,-67492,-18.460612691466082,0.0,-842149,-909641
M0_ALL,7500,-300,120000,-65188,-65188,-17.830415754923415,0.0,-118315,-183503,-65188,-65188,-17.830415754923415,0.0,-301115,-366303,-65188,-65188,-17.830415754923415,0.0,-483915,-549103,-65188,-65188,-17.830415754923415,0.0,-666715,-731903,-65188,-65188,-17.830415754923415,0.0,-849515,-914703
M0_ALL,7500,-200,30000,-78859,-78859,-21.569748358862146,0.0,-41416,-120275,-78859,-78859,-21.569748358862146,0.0,-224216,-303075,-78859,-78859,-21.569748358862146,0.0,-407016,-485875,-78859,-78859,-21.569748358862146,0.0,-589816,-668675,-78859,-78859,-21.569748358862146,0.0,-772616,-851475
M0_ALL,7500,-200,60000,-93966,-93966,-25.701859956236323,0.0,-33404,-127370,-93966,-93966,-25.701859956236323,0.0,-216204,-310170,-93966,-93966,-25.701859956236323,0.0,-399004,-492970,-93966,-93966,-25.701859956236323,0.0,-581804,-675770,-93966,-93966,-25.701859956236323,0.0,-764604,-858570
M0_ALL,7500,-200,120000,-112330,-112330,-30.724835886214443,0.0,-14600,-126930,-112330,-112330,-30.724835886214443,0.0,-197400,-309730,-112330,-112330,-30.724835886214443,0.0,-380200,-492530,-112330,-112330,-30.724835886214443,0.0,-563000,-675330,-112330,-112330,-30.724835886214443,0.0,-745800,-858130
M0_ALL,10000,-6000,30000,199622,199622,54.60120350109409,0.0,-1170690,-971068,199622,199622,54.60120350109409,0.0,-1353490,-1153868,199622,199622,54.60120350109409,0.0,-1536290,-1336668,199622,199622,54.60120350109409,0.0,-1719090,-1519468,199622,199622,54.60120350109409,0.0,-1901890,-1702268
M0_ALL,10000,-6000,60000,484935,484935,132.64086433260394,0.0,-1492785,-1007850,484935,484935,132.64086433260394,0.0,-1675585,-1190650,484935,484935,132.64086433260394,0.0,-1858385,-1373450,484935,484935,132.64086433260394,0.0,-2041185,-1556250,484935,484935,132.64086433260394,0.0,-2223985,-1739050
M0_ALL,10000,-6000,120000,523011,523011,143.0555251641138,0.0,-1561555,-1038544,523011,523011,143.0555251641138,0.0,-1744355,-1221344,523011,523011,143.0555251641138,0.0,-1927155,-1404144,523011,523011,143.0555251641138,0.0,-2109955,-1586944,523011,523011,143.0555251641138,0.0,-2292755,-1769744
M0_ALL,10000,-5000,30000,175836,175836,48.09518599562363,0.0,-1100823,-924987,175836,175836,48.09518599562363,0.0,-1283623,-1107787,175836,175836,48.09518599562363,0.0,-1466423,-1290587,175836,175836,48.09518599562363,0.0,-1649223,-1473387,175836,175836,48.09518599562363,0.0,-1832023,-1656187
M0_ALL,10000,-5000,60000,444109,444109,121.47401531728666,0.0,-1405965,-961856,444109,444109,121.47401531728666,0.0,-1588765,-1144656,444109,444109,121.47401531728666,0.0,-1771565,-1327456,444109,444109,121.47401531728666,0.0,-1954365,-1510256,444109,444109,121.47401531728666,0.0,-2137165,-1693056
M0_ALL,10000,-5000,120000,494631,494631,135.29294310722102,0.0,-1500456,-1005825,494631,494631,135.29294310722102,0.0,-1683256,-1188625,494631,494631,135.29294310722102,0.0,-1866056,-1371425,494631,494631,135.29294310722102,0.0,-2048856,-1554225,494631,494631,135.29294310722102,0.0,-2231656,-1737025
M0_ALL,10000,-3000,30000,108191,108191,29.592724288840262,0.0,-905622,-797431,108191,108191,29.592724288840262,0.0,-1088422,-980231,108191,108191,29.592724288840262,0.0,-1271222,-1163031,108191,108191,29.592724288840262,0.0,-1454022,-1345831,108191,108191,29.592724288840262,0.0,-1636822,-1528631
M0_ALL,10000,-3000,60000,274712,274712,75.14004376367615,0.0,-1101960,-827248,274712,274712,75.14004376367615,0.0,-1284760,-1010048,274712,274712,75.14004376367615,0.0,-1467560,-1192848,274712,274712,75.14004376367615,0.0,-1650360,-1375648,274712,274712,75.14004376367615,0.0,-1833160,-1558448
M0_ALL,10000,-3000,120000,318943,318943,87.23823851203501,0.0,-1188397,-869454,318943,318943,87.23823851203501,0.0,-1371197,-1052254,318943,318943,87.23823851203501,0.0,-1553997,-1235054,318943,318943,87.23823851203501,0.0,-1736797,-1417854,318943,318943,87.23823851203501,0.0,-1919597,-1600654
M0_ALL,10000,-2000,30000,36284,36284,9.924507658643327,0.0,-690484,-654200,36284,36284,9.924507658643327,0.0,-873284,-837000,36284,36284,9.924507658643327,0.0,-1056084,-1019800,36284,36284,9.924507658643327,0.0,-1238884,-1202600,36284,36284,9.924507658643327,0.0,-1421684,-1385400
M0_ALL,10000,-2000,60000,166451,166451,45.52817286652079,0.0,-856820,-690369,166451,166451,45.52817286652079,0.0,-1039620,-873169,166451,166451,45.52817286652079,0.0,-1222420,-1055969,166451,166451,45.52817286652079,0.0,-1405220,-1238769,166451,166451,45.52817286652079,0.0,-1588020,-1421569
M0_ALL,10000,-2000,120000,224515,224515,61.41001094091904,0.0,-943657,-719142,224515,224515,61.41001094091904,0.0,-1126457,-901942,224515,224515,61.41001094091904,0.0,-1309257,-1084742,224515,224515,61.41001094091904,0.0,-1492057,-1267542,224515,224515,61.41001094091904,0.0,-1674857,-1450342
M0_ALL,10000,-1500,30000,28172,28172,7.705689277899343,0.0,-598170,-569998,28172,28172,7.705689277899343,0.0,-780970,-752798,28172,28172,7.705689277899343,0.0,-963770,-935598,28172,28172,7.705689277899343,0.0,-1146570,-1118398,28172,28172,7.705689277899343,0.0,-1329370,-1301198
M0_ALL,10000,-1500,60000,92982,92982,25.432713347921226,0.0,-683170,-590188,92982,92982,25.432713347921226,0.0,-865970,-772988,92982,92982,25.432713347921226,0.0,-1048770,-955788,92982,92982,25.432713347921226,0.0,-1231570,-1138588,92982,92982,25.432713347921226,0.0,-1414370,-1321388
M0_ALL,10000,-1500,120000,162798,162798,44.52899343544858,0.0,-777633,-614835,162798,162798,44.52899343544858,0.0,-960433,-797635,162798,162798,44.52899343544858,0.0,-1143233,-980435,162798,162798,44.52899343544858,0.0,-1326033,-1163235,162798,162798,44.52899343544858,0.0,-1508833,-1346035
M0_ALL,10000,-1000,30000,-14874,-14874,-4.068380743982495,0.0,-425113,-439987,-14874,-14874,-4.068380743982495,0.0,-607913,-622787,-14874,-14874,-4.068380743982495,0.0,-790713,-805587,-14874,-14874,-4.068380743982495,0.0,-973513,-988387,-14874,-14874,-4.068380743982495,0.0,-1156313,-1171187
M0_ALL,10000,-1000,60000,38423,38423,10.509573304157549,0.0,-497257,-458834,38423,38423,10.509573304157549,0.0,-680057,-641634,38423,38423,10.509573304157549,0.0,-862857,-824434,38423,38423,10.509573304157549,0.0,-1045657,-1007234,38423,38423,10.509573304157549,0.0,-1228457,-1190034
M0_ALL,10000,-1000,120000,82396,82396,22.537199124726477,0.0,-567469,-485073,82396,82396,22.537199124726477,0.0,-750269,-667873,82396,82396,22.537199124726477,0.0,-933069,-850673,82396,82396,22.537199124726477,0.0,-1115869,-1033473,82396,82396,22.537199124726477,0.0,-1298669,-1216273
M0_ALL,10000,-700,30000,-47666,-47666,-13.037746170678338,0.0,-296916,-344582,-47666,-47666,-13.037746170678338,0.0,-479716,-527382,-47666,-47666,-13.037746170678338,0.0,-662516,-710182,-47666,-47666,-13.037746170678338,0.0,-845316,-892982,-47666,-47666,-13.037746170678338,0.0,-1028116,-1075782
M0_ALL,10000,-700,60000,-4112,-4112,-1.12472647702407,0.0,-348532,-352644,-4112,-4112,-1.12472647702407,0.0,-531332,-535444,-4112,-4112,-1.12472647702407,0.0,-714132,-718244,-4112,-4112,-1.12472647702407,0.0,-896932,-901044,-4112,-4112,-1.12472647702407,0.0,-1079732,-1083844
M0_ALL,10000,-700,120000,38700,38700,10.585339168490153,0.0,-405443,-366743,38700,38700,10.585339168490153,0.0,-588243,-549543,38700,38700,10.585339168490153,0.0,-771043,-732343,38700,38700,10.585339168490153,0.0,-953843,-915143,38700,38700,10.585339168490153,0.0,-1136643,-1097943
M0_ALL,10000,-500,30000,-50882,-50882,-13.917396061269146,0.0,-201399,-252281,-50882,-50882,-13.917396061269146,0.0,-384199,-435081,-50882,-50882,-13.917396061269146,0.0,-566999,-617881,-50882,-50882,-13.917396061269146,0.0,-749799,-800681,-50882,-50882,-13.917396061269146,0.0,-932599,-983481
M0_ALL,10000,-500,60000,-20621,-20621,-5.6403172866520785,0.0,-239510,-260131,-20621,-20621,-5.6403172866520785,0.0,-422310,-442931,-20621,-20621,-5.6403172866520785,0.0,-605110,-625731,-20621,-20621,-5.6403172866520785,0.0,-787910,-808531,-20621,-20621,-5.6403172866520785,0.0,-970710,-991331
M0_ALL,10000,-500,120000,5343,5343,1.4614332603938731,0.0,-280457,-275114,5343,5343,1.4614332603938731,0.0,-463257,-457914,5343,5343,1.4614332603938731,0.0,-646057,-640714,5343,5343,1.4614332603938731,0.0,-828857,-823514,5343,5343,1.4614332603938731,0.0,-1011657,-1006314
M0_ALL,10000,-300,30000,-72609,-72609,-19.86022975929978,0.0,-98081,-170690,-72609,-72609,-19.86022975929978,0.0,-280881,-353490,-72609,-72609,-19.86022975929978,0.0,-463681,-536290,-72609,-72609,-19.86022975929978,0.0,-646481,-719090,-72609,-72609,-19.86022975929978,0.0,-829281,-901890
M0_ALL,10000,-300,60000,-74472,-74472,-20.36980306345733,0.0,-106895,-181367,-74472,-74472,-20.36980306345733,0.0,-289695,-364167,-74472,-74472,-20.36980306345733,0.0,-472495,-546967,-74472,-74472,-20.36980306345733,0.0,-655295,-729767,-74472,-74472,-20.36980306345733,0.0,-838095,-912567
M0_ALL,10000,-300,120000,-79638,-79638,-21.782822757111596,0.0,-101602,-181240,-79638,-79638,-21.782822757111596,0.0,-284402,-364040,-79638,-79638,-21.782822757111596,0.0,-467202,-546840,-79638,-79638,-21.782822757111596,0.0,-650002,-729640,-79638,-79638,-21.782822757111596,0.0,-832802,-912440
M0_ALL,10000,-200,30000,-86359,-86359,-23.62117067833698,0.0,-26616,-112975,-86359,-86359,-23.62117067833698,0.0,-209416,-295775,-86359,-86359,-23.62117067833698,0.0,-392216,-478575,-86359,-86359,-23.62117067833698,0.0,-575016,-661375,-86359,-86359,-23.62117067833698,0.0,-757816,-844175
M0_ALL,10000,-200,60000,-98546,-98546,-26.954595185995622,0.0,-31550,-130096,-98546,-98546,-26.954595185995622,0.0,-214350,-312896,-98546,-98546,-26.954595185995622,0.0,-397150,-495696,-98546,-98546,-26.954595185995622,0.0,-579950,-678496,-98546,-98546,-26.954595185995622,0.0,-762750,-861296
M0_ALL,10000,-200,120000,-124480,-124480,-34.048140043763674,0.0,13,-124467,-124480,-124480,-34.048140043763674,0.0,-182787,-307267,-124480,-124480,-34.048140043763674,0.0,-365587,-490067,-124480,-124480,-34.048140043763674,0.0,-548387,-672867,-124480,-124480,-34.048140043763674,0.0,-731187,-855667
M1_NEGATIVE_OR_FLAT_ONLY,1000,-6000,30000,237450,237450,64.9480306345733,0.0,-1368914,-1131464,237450,237450,64.9480306345733,0.0,-1551714,-1314264,237450,237450,64.9480306345733,0.0,-1734514,-1497064,237450,237450,64.9480306345733,0.0,-1917314,-1679864,237450,237450,64.9480306345733,0.0,-2100114,-1862664
M1_NEGATIVE_OR_FLAT_ONLY,1000,-6000,60000,362568,362568,99.1706783369803,0.0,-1531283,-1168715,362568,362568,99.1706783369803,0.0,-1714083,-1351515,362568,362568,99.1706783369803,0.0,-1896883,-1534315,362568,362568,99.1706783369803,0.0,-2079683,-1717115,362568,362568,99.1706783369803,0.0,-2262483,-1899915
M1_NEGATIVE_OR_FLAT_ONLY,1000,-6000,120000,477744,477744,130.67396061269147,0.0,-1651963,-1174219,477744,477744,130.67396061269147,0.0,-1834763,-1357019,477744,477744,130.67396061269147,0.0,-2017563,-1539819,477744,477744,130.67396061269147,0.0,-2200363,-1722619,477744,477744,130.67396061269147,0.0,-2383163,-1905419
M1_NEGATIVE_OR_FLAT_ONLY,1000,-5000,30000,217126,217126,59.38894967177243,0.0,-1307295,-1090169,217126,217126,59.38894967177243,0.0,-1490095,-1272969,217126,217126,59.38894967177243,0.0,-1672895,-1455769,217126,217126,59.38894967177243,0.0,-1855695,-1638569,217126,217126,59.38894967177243,0.0,-2038495,-1821369
M1_NEGATIVE_OR_FLAT_ONLY,1000,-5000,60000,345745,345745,94.56920131291028,0.0,-1471063,-1125318,345745,345745,94.56920131291028,0.0,-1653863,-1308118,345745,345745,94.56920131291028,0.0,-1836663,-1490918,345745,345745,94.56920131291028,0.0,-2019463,-1673718,345745,345745,94.56920131291028,0.0,-2202263,-1856518
M1_NEGATIVE_OR_FLAT_ONLY,1000,-5000,120000,459320,459320,125.63457330415756,0.0,-1587331,-1128011,459320,459320,125.63457330415756,0.0,-1770131,-1310811,459320,459320,125.63457330415756,0.0,-1952931,-1493611,459320,459320,125.63457330415756,0.0,-2135731,-1676411,459320,459320,125.63457330415756,0.0,-2318531,-1859211
M1_NEGATIVE_OR_FLAT_ONLY,1000,-3000,30000,155652,155652,42.574398249452955,0.0,-1103907,-948255,155652,155652,42.574398249452955,0.0,-1286707,-1131055,155652,155652,42.574398249452955,0.0,-1469507,-1313855,155652,155652,42.574398249452955,0.0,-1652307,-1496655,155652,155652,42.574398249452955,0.0,-1835107,-1679455
M1_NEGATIVE_OR_FLAT_ONLY,1000,-3000,60000,243321,243321,66.5538840262582,0.0,-1210749,-967428,243321,243321,66.5538840262582,0.0,-1393549,-1150228,243321,243321,66.5538840262582,0.0,-1576349,-1333028,243321,243321,66.5538840262582,0.0,-1759149,-1515828,243321,243321,66.5538840262582,0.0,-1941949,-1698628
M1_NEGATIVE_OR_FLAT_ONLY,1000,-3000,120000,355710,355710,97.29485776805252,0.0,-1325565,-969855,355710,355710,97.29485776805252,0.0,-1508365,-1152655,355710,355710,97.29485776805252,0.0,-1691165,-1335455,355710,355710,97.29485776805252,0.0,-1873965,-1518255,355710,355710,97.29485776805252,0.0,-2056765,-1701055
M1_NEGATIVE_OR_FLAT_ONLY,1000,-2000,30000,96357,96357,26.355853391684903,0.0,-887598,-791241,96357,96357,26.355853391684903,0.0,-1070398,-974041,96357,96357,26.355853391684903,0.0,-1253198,-1156841,96357,96357,26.355853391684903,0.0,-1435998,-1339641,96357,96357,26.355853391684903,0.0,-1618798,-1522441
M1_NEGATIVE_OR_FLAT_ONLY,1000,-2000,60000,167986,167986,45.94803063457331,0.0,-975024,-807038,167986,167986,45.94803063457331,0.0,-1157824,-989838,167986,167986,45.94803063457331,0.0,-1340624,-1172638,167986,167986,45.94803063457331,0.0,-1523424,-1355438,167986,167986,45.94803063457331,0.0,-1706224,-1538238
M1_NEGATIVE_OR_FLAT_ONLY,1000,-2000,120000,261052,261052,71.40371991247265,0.0,-1066538,-805486,261052,261052,71.40371991247265,0.0,-1249338,-988286,261052,261052,71.40371991247265,0.0,-1432138,-1171086,261052,261052,71.40371991247265,0.0,-1614938,-1353886,261052,261052,71.40371991247265,0.0,-1797738,-1536686
M1_NEGATIVE_OR_FLAT_ONLY,1000,-1500,30000,91722,91722,25.088074398249454,0.0,-779901,-688179,91722,91722,25.088074398249454,0.0,-962701,-870979,91722,91722,25.088074398249454,0.0,-1145501,-1053779,91722,91722,25.088074398249454,0.0,-1328301,-1236579,91722,91722,25.088074398249454,0.0,-1511101,-1419379
M1_NEGATIVE_OR_FLAT_ONLY,1000,-1500,60000,133978,133978,36.64606126914661,0.0,-833953,-699975,133978,133978,36.64606126914661,0.0,-1016753,-882775,133978,133978,36.64606126914661,0.0,-1199553,-1065575,133978,133978,36.64606126914661,0.0,-1382353,-1248375,133978,133978,36.64606126914661,0.0,-1565153,-1431175
M1_NEGATIVE_OR_FLAT_ONLY,1000,-1500,120000,217838,217838,59.58369803063457,0.0,-919272,-701434,217838,217838,59.58369803063457,0.0,-1102072,-884234,217838,217838,59.58369803063457,0.0,-1284872,-1067034,217838,217838,59.58369803063457,0.0,-1467672,-1249834,217838,217838,59.58369803063457,0.0,-1650472,-1432634
M1_NEGATIVE_OR_FLAT_ONLY,1000,-1000,30000,58771,58771,16.075218818380744,0.0,-616262,-557491,58771,58771,16.075218818380744,0.0,-799062,-740291,58771,58771,16.075218818380744,0.0,-981862,-923091,58771,58771,16.075218818380744,0.0,-1164662,-1105891,58771,58771,16.075218818380744,0.0,-1347462,-1288691
M1_NEGATIVE_OR_FLAT_ONLY,1000,-1000,60000,84776,84776,23.188183807439824,0.0,-647358,-562582,84776,84776,23.188183807439824,0.0,-830158,-745382,84776,84776,23.188183807439824,0.0,-1012958,-928182,84776,84776,23.188183807439824,0.0,-1195758,-1110982,84776,84776,23.188183807439824,0.0,-1378558,-1293782
M1_NEGATIVE_OR_FLAT_ONLY,1000,-1000,120000,149666,149666,40.9370897155361,0.0,-714068,-564402,149666,149666,40.9370897155361,0.0,-896868,-747202,149666,149666,40.9370897155361,0.0,-1079668,-930002,149666,149666,40.9370897155361,0.0,-1262468,-1112802,149666,149666,40.9370897155361,0.0,-1445268,-1295602
M1_NEGATIVE_OR_FLAT_ONLY,1000,-700,30000,30332,30332,8.296498905908097,0.0,-484713,-454381,30332,30332,8.296498905908097,0.0,-667513,-637181,30332,30332,8.296498905908097,0.0,-850313,-819981,30332,30332,8.296498905908097,0.0,-1033113,-1002781,30332,30332,8.296498905908097,0.0,-1215913,-1185581
M1_NEGATIVE_OR_FLAT_ONLY,1000,-700,60000,43566,43566,11.916301969365426,0.0,-501276,-457710,43566,43566,11.916301969365426,0.0,-684076,-640510,43566,43566,11.916301969365426,0.0,-866876,-823310,43566,43566,11.916301969365426,0.0,-1049676,-1006110,43566,43566,11.916301969365426,0.0,-1232476,-1188910
M1_NEGATIVE_OR_FLAT_ONLY,1000,-700,120000,93480,93480,25.568927789934353,0.0,-553948,-460468,93480,93480,25.568927789934353,0.0,-736748,-643268,93480,93480,25.568927789934353,0.0,-919548,-826068,93480,93480,25.568927789934353,0.0,-1102348,-1008868,93480,93480,25.568927789934353,0.0,-1285148,-1191668
M1_NEGATIVE_OR_FLAT_ONLY,1000,-500,30000,16392,16392,4.483588621444201,0.0,-385927,-369535,16392,16392,4.483588621444201,0.0,-568727,-552335,16392,16392,4.483588621444201,0.0,-751527,-735135,16392,16392,4.483588621444201,0.0,-934327,-917935,16392,16392,4.483588621444201,0.0,-1117127,-1100735
M1_NEGATIVE_OR_FLAT_ONLY,1000,-500,60000,17596,17596,4.812910284463895,0.0,-391170,-373574,17596,17596,4.812910284463895,0.0,-573970,-556374,17596,17596,4.812910284463895,0.0,-756770,-739174,17596,17596,4.812910284463895,0.0,-939570,-921974,17596,17596,4.812910284463895,0.0,-1122370,-1104774
M1_NEGATIVE_OR_FLAT_ONLY,1000,-500,120000,56218,56218,15.37691466083151,0.0,-431881,-375663,56218,56218,15.37691466083151,0.0,-614681,-558463,56218,56218,15.37691466083151,0.0,-797481,-741263,56218,56218,15.37691466083151,0.0,-980281,-924063,56218,56218,15.37691466083151,0.0,-1163081,-1106863
M1_NEGATIVE_OR_FLAT_ONLY,1000,-300,30000,-4438,-4438,-1.213894967177243,0.0,-266617,-271055,-4438,-4438,-1.213894967177243,0.0,-449417,-453855,-4438,-4438,-1.213894967177243,0.0,-632217,-636655,-4438,-4438,-1.213894967177243,0.0,-815017,-819455,-4438,-4438,-1.213894967177243,0.0,-997817,-1002255
M1_NEGATIVE_OR_FLAT_ONLY,1000,-300,60000,-11470,-11470,-3.137308533916849,0.0,-262739,-274209,-11470,-11470,-3.137308533916849,0.0,-445539,-457009,-11470,-11470,-3.137308533916849,0.0,-628339,-639809,-11470,-11470,-3.137308533916849,0.0,-811139,-822609,-11470,-11470,-3.137308533916849,0.0,-993939,-1005409
M1_NEGATIVE_OR_FLAT_ONLY,1000,-300,120000,3767,3767,1.0303610503282277,0.0,-278860,-275093,3767,3767,1.0303610503282277,0.0,-461660,-457893,3767,3767,1.0303610503282277,0.0,-644460,-640693,3767,3767,1.0303610503282277,0.0,-827260,-823493,3767,3767,1.0303610503282277,0.0,-1010060,-1006293
M1_NEGATIVE_OR_FLAT_ONLY,1000,-200,30000,-21282,-21282,-5.821115973741795,0.0,-192313,-213595,-21282,-21282,-5.821115973741795,0.0,-375113,-396395,-21282,-21282,-5.821115973741795,0.0,-557913,-579195,-21282,-21282,-5.821115973741795,0.0,-740713,-761995,-21282,-21282,-5.821115973741795,0.0,-923513,-944795
M1_NEGATIVE_OR_FLAT_ONLY,1000,-200,60000,-37235,-37235,-10.184628008752735,0.0,-178101,-215336,-37235,-37235,-10.184628008752735,0.0,-360901,-398136,-37235,-37235,-10.184628008752735,0.0,-543701,-580936,-37235,-37235,-10.184628008752735,0.0,-726501,-763736,-37235,-37235,-10.184628008752735,0.0,-909301,-946536
M1_NEGATIVE_OR_FLAT_ONLY,1000,-200,120000,-35073,-35073,-9.593271334792123,0.0,-180617,-215690,-35073,-35073,-9.593271334792123,0.0,-363417,-398490,-35073,-35073,-9.593271334792123,0.0,-546217,-581290,-35073,-35073,-9.593271334792123,0.0,-729017,-764090,-35073,-35073,-9.593271334792123,0.0,-911817,-946890
M1_NEGATIVE_OR_FLAT_ONLY,1500,-6000,30000,225186,225186,61.59354485776805,0.0,-1327813,-1102627,225186,225186,61.59354485776805,0.0,-1510613,-1285427,225186,225186,61.59354485776805,0.0,-1693413,-1468227,225186,225186,61.59354485776805,0.0,-1876213,-1651027,225186,225186,61.59354485776805,0.0,-2059013,-1833827
M1_NEGATIVE_OR_FLAT_ONLY,1500,-6000,60000,344001,344001,94.0921772428884,0.0,-1515337,-1171336,344001,344001,94.0921772428884,0.0,-1698137,-1354136,344001,344001,94.0921772428884,0.0,-1880937,-1536936,344001,344001,94.0921772428884,0.0,-2063737,-1719736,344001,344001,94.0921772428884,0.0,-2246537,-1902536
M1_NEGATIVE_OR_FLAT_ONLY,1500,-6000,120000,460529,460529,125.9652625820569,0.0,-1665000,-1204471,460529,460529,125.9652625820569,0.0,-1847800,-1387271,460529,460529,125.9652625820569,0.0,-2030600,-1570071,460529,460529,125.9652625820569,0.0,-2213400,-1752871,460529,460529,125.9652625820569,0.0,-2396200,-1935671
M1_NEGATIVE_OR_FLAT_ONLY,1500,-5000,30000,203862,203862,55.760940919037196,0.0,-1263117,-1059255,203862,203862,55.760940919037196,0.0,-1445917,-1242055,203862,203862,55.760940919037196,0.0,-1628717,-1424855,203862,203862,55.760940919037196,0.0,-1811517,-1607655,203862,203862,55.760940919037196,0.0,-1994317,-1790455
M1_NEGATIVE_OR_FLAT_ONLY,1500,-5000,60000,325285,325285,88.97292122538293,0.0,-1450577,-1125292,325285,325285,88.97292122538293,0.0,-1633377,-1308092,325285,325285,88.97292122538293,0.0,-1816177,-1490892,325285,325285,88.97292122538293,0.0,-1998977,-1673692,325285,325285,88.97292122538293,0.0,-2181777,-1856492
M1_NEGATIVE_OR_FLAT_ONLY,1500,-5000,120000,438077,438077,119.82412472647702,0.0,-1595103,-1157026,438077,438077,119.82412472647702,0.0,-1777903,-1339826,438077,438077,119.82412472647702,0.0,-1960703,-1522626,438077,438077,119.82412472647702,0.0,-2143503,-1705426,438077,438077,119.82412472647702,0.0,-2326303,-1888226
M1_NEGATIVE_OR_FLAT_ONLY,1500,-3000,30000,140829,140829,38.51996717724289,0.0,-1055149,-914320,140829,140829,38.51996717724289,0.0,-1237949,-1097120,140829,140829,38.51996717724289,0.0,-1420749,-1279920,140829,140829,38.51996717724289,0.0,-1603549,-1462720,140829,140829,38.51996717724289,0.0,-1786349,-1645520
M1_NEGATIVE_OR_FLAT_ONLY,1500,-3000,60000,225242,225242,61.60886214442013,0.0,-1182185,-956943,225242,225242,61.60886214442013,0.0,-1364985,-1139743,225242,225242,61.60886214442013,0.0,-1547785,-1322543,225242,225242,61.60886214442013,0.0,-1730585,-1505343,225242,225242,61.60886214442013,0.0,-1913385,-1688143
M1_NEGATIVE_OR_FLAT_ONLY,1500,-3000,120000,334398,334398,91.46553610503283,0.0,-1306193,-971795,334398,334398,91.46553610503283,0.0,-1488993,-1154595,334398,334398,91.46553610503283,0.0,-1671793,-1337395,334398,334398,91.46553610503283,0.0,-1854593,-1520195,334398,334398,91.46553610503283,0.0,-2037393,-1702995
M1_NEGATIVE_OR_FLAT_ONLY,1500,-2000,30000,81863,81863,22.391411378555798,0.0,-839451,-757588,81863,81863,22.391411378555798,0.0,-1022251,-940388,81863,81863,22.391411378555798,0.0,-1205051,-1123188,81863,81863,22.391411378555798,0.0,-1387851,-1305988,81863,81863,22.391411378555798,0.0,-1570651,-1488788
M1_NEGATIVE_OR_FLAT_ONLY,1500,-2000,60000,149396,149396,40.86323851203501,0.0,-944127,-794731,149396,149396,40.86323851203501,0.0,-1126927,-977531,149396,149396,40.86323851203501,0.0,-1309727,-1160331,149396,149396,40.86323851203501,0.0,-1492527,-1343131,149396,149396,40.86323851203501,0.0,-1675327,-1525931
M1_NEGATIVE_OR_FLAT_ONLY,1500,-2000,120000,240105,240105,65.67423413566739,0.0,-1040613,-800508,240105,240105,65.67423413566739,0.0,-1223413,-983308,240105,240105,65.67423413566739,0.0,-1406213,-1166108,240105,240105,65.67423413566739,0.0,-1589013,-1348908,240105,240105,65.67423413566739,0.0,-1771813,-1531708
M1_NEGATIVE_OR_FLAT_ONLY,1500,-1500,30000,79010,79010,21.61105032822757,0.0,-730067,-651057,79010,79010,21.61105032822757,0.0,-912867,-833857,79010,79010,21.61105032822757,0.0,-1095667,-1016657,79010,79010,21.61105032822757,0.0,-1278467,-1199457,79010,79010,21.61105032822757,0.0,-1461267,-1382257
M1_NEGATIVE_OR_FLAT_ONLY,1500,-1500,60000,107709,107709,29.460886214442013,0.0,-784400,-676691,107709,107709,29.460886214442013,0.0,-967200,-859491,107709,107709,29.460886214442013,0.0,-1150000,-1042291,107709,107709,29.460886214442013,0.0,-1332800,-1225091,107709,107709,29.460886214442013,0.0,-1515600,-1407891
M1_NEGATIVE_OR_FLAT_ONLY,1500,-1500,120000,189242,189242,51.76203501094092,0.0,-872596,-683354,189242,189242,51.76203501094092,0.0,-1055396,-866154,189242,189242,51.76203501094092,0.0,-1238196,-1048954,189242,189242,51.76203501094092,0.0,-1420996,-1231754,189242,189242,51.76203501094092,0.0,-1603796,-1414554
M1_NEGATIVE_OR_FLAT_ONLY,1500,-1000,30000,42676,42676,11.672866520787746,0.0,-561170,-518494,42676,42676,11.672866520787746,0.0,-743970,-701294,42676,42676,11.672866520787746,0.0,-926770,-884094,42676,42676,11.672866520787746,0.0,-1109570,-1066894,42676,42676,11.672866520787746,0.0,-1292370,-1249694
M1_NEGATIVE_OR_FLAT_ONLY,1500,-1000,60000,55849,55849,15.275984682713348,0.0,-592649,-536800,55849,55849,15.275984682713348,0.0,-775449,-719600,55849,55849,15.275984682713348,0.0,-958249,-902400,55849,55849,15.275984682713348,0.0,-1141049,-1085200,55849,55849,15.275984682713348,0.0,-1323849,-1268000
M1_NEGATIVE_OR_FLAT_ONLY,1500,-1000,120000,119484,119484,32.681619256017505,0.0,-664308,-544824,119484,119484,32.681619256017505,0.0,-847108,-727624,119484,119484,32.681619256017505,0.0,-1029908,-910424,119484,119484,32.681619256017505,0.0,-1212708,-1093224,119484,119484,32.681619256017505,0.0,-1395508,-1276024
M1_NEGATIVE_OR_FLAT_ONLY,1500,-700,30000,15070,15070,4.12199124726477,0.0,-432610,-417540,15070,15070,4.12199124726477,0.0,-615410,-600340,15070,15070,4.12199124726477,0.0,-798210,-783140,15070,15070,4.12199124726477,0.0,-981010,-965940,15070,15070,4.12199124726477,0.0,-1163810,-1148740
M1_NEGATIVE_OR_FLAT_ONLY,1500,-700,60000,16633,16633,4.549507658643326,0.0,-454067,-437434,16633,16633,4.549507658643326,0.0,-636867,-620234,16633,16633,4.549507658643326,0.0,-819667,-803034,16633,16633,4.549507658643326,0.0,-1002467,-985834,16633,16633,4.549507658643326,0.0,-1185267,-1168634
M1_NEGATIVE_OR_FLAT_ONLY,1500,-700,120000,65940,65940,18.036105032822757,0.0,-509859,-443919,65940,65940,18.036105032822757,0.0,-692659,-626719,65940,65940,18.036105032822757,0.0,-875459,-809519,65940,65940,18.036105032822757,0.0,-1058259,-992319,65940,65940,18.036105032822757,0.0,-1241059,-1175119
M1_NEGATIVE_OR_FLAT_ONLY,1500,-500,30000,3378,3378,0.9239606126914661,0.0,-334140,-330762,3378,3378,0.9239606126914661,0.0,-516940,-513562,3378,3378,0.9239606126914661,0.0,-699740,-696362,3378,3378,0.9239606126914661,0.0,-882540,-879162,3378,3378,0.9239606126914661,0.0,-1065340,-1061962
M1_NEGATIVE_OR_FLAT_ONLY,1500,-500,60000,-6125,-6125,-1.6753282275711159,0.0,-347571,-353696,-6125,-6125,-1.6753282275711159,0.0,-530371,-536496,-6125,-6125,-1.6753282275711159,0.0,-713171,-719296,-6125,-6125,-1.6753282275711159,0.0,-895971,-902096,-6125,-6125,-1.6753282275711159,0.0,-1078771,-1084896
M1_NEGATIVE_OR_FLAT_ONLY,1500,-500,120000,33182,33182,9.076039387308533,0.0,-389696,-356514,33182,33182,9.076039387308533,0.0,-572496,-539314,33182,33182,9.076039387308533,0.0,-755296,-722114,33182,33182,9.076039387308533,0.0,-938096,-904914,33182,33182,9.076039387308533,0.0,-1120896,-1087714
M1_NEGATIVE_OR_FLAT_ONLY,1500,-300,30000,-15338,-15338,-4.195295404814004,0.0,-214017,-229355,-15338,-15338,-4.195295404814004,0.0,-396817,-412155,-15338,-15338,-4.195295404814004,0.0,-579617,-594955,-15338,-15338,-4.195295404814004,0.0,-762417,-777755,-15338,-15338,-4.195295404814004,0.0,-945217,-960555
M1_NEGATIVE_OR_FLAT_ONLY,1500,-300,60000,-30976,-30976,-8.472647702407002,0.0,-221025,-252001,-30976,-30976,-8.472647702407002,0.0,-403825,-434801,-30976,-30976,-8.472647702407002,0.0,-586625,-617601,-30976,-30976,-8.472647702407002,0.0,-769425,-800401,-30976,-30976,-8.472647702407002,0.0,-952225,-983201
M1_NEGATIVE_OR_FLAT_ONLY,1500,-300,120000,-12258,-12258,-3.3528446389496716,0.0,-240888,-253146,-12258,-12258,-3.3528446389496716,0.0,-423688,-435946,-12258,-12258,-3.3528446389496716,0.0,-606488,-618746,-12258,-12258,-3.3528446389496716,0.0,-789288,-801546,-12258,-12258,-3.3528446389496716,0.0,-972088,-984346
M1_NEGATIVE_OR_FLAT_ONLY,1500,-200,30000,-31909,-31909,-8.727844638949671,0.0,-139295,-171204,-31909,-31909,-8.727844638949671,0.0,-322095,-354004,-31909,-31909,-8.727844638949671,0.0,-504895,-536804,-31909,-31909,-8.727844638949671,0.0,-687695,-719604,-31909,-31909,-8.727844638949671,0.0,-870495,-902404
M1_NEGATIVE_OR_FLAT_ONLY,1500,-200,60000,-56702,-56702,-15.50929978118162,0.0,-133847,-190549,-56702,-56702,-15.50929978118162,0.0,-316647,-373349,-56702,-56702,-15.50929978118162,0.0,-499447,-556149,-56702,-56702,-15.50929978118162,0.0,-682247,-738949,-56702,-56702,-15.50929978118162,0.0,-865047,-921749
M1_NEGATIVE_OR_FLAT_ONLY,1500,-200,120000,-51193,-51193,-14.00246170678337,0.0,-138850,-190043,-51193,-51193,-14.00246170678337,0.0,-321650,-372843,-51193,-51193,-14.00246170678337,0.0,-504450,-555643,-51193,-51193,-14.00246170678337,0.0,-687250,-738443,-51193,-51193,-14.00246170678337,0.0,-870050,-921243
M1_NEGATIVE_OR_FLAT_ONLY,2000,-6000,30000,208565,208565,57.04731947483589,0.0,-1315991,-1107426,208565,208565,57.04731947483589,0.0,-1498791,-1290226,208565,208565,57.04731947483589,0.0,-1681591,-1473026,208565,208565,57.04731947483589,0.0,-1864391,-1655826,208565,208565,57.04731947483589,0.0,-2047191,-1838626
M1_NEGATIVE_OR_FLAT_ONLY,2000,-6000,60000,325816,325816,89.11816192560175,0.0,-1508631,-1182815,325816,325816,89.11816192560175,0.0,-1691431,-1365615,325816,325816,89.11816192560175,0.0,-1874231,-1548415,325816,325816,89.11816192560175,0.0,-2057031,-1731215,325816,325816,89.11816192560175,0.0,-2239831,-1914015
M1_NEGATIVE_OR_FLAT_ONLY,2000,-6000,120000,437688,437688,119.71772428884026,0.0,-1657547,-1219859,437688,437688,119.71772428884026,0.0,-1840347,-1402659,437688,437688,119.71772428884026,0.0,-2023147,-1585459,437688,437688,119.71772428884026,0.0,-2205947,-1768259,437688,437688,119.71772428884026,0.0,-2388747,-1951059
M1_NEGATIVE_OR_FLAT_ONLY,2000,-5000,30000,187241,187241,51.21471553610503,0.0,-1248953,-1061712,187241,187241,51.21471553610503,0.0,-1431753,-1244512,187241,187241,51.21471553610503,0.0,-1614553,-1427312,187241,187241,51.21471553610503,0.0,-1797353,-1610112,187241,187241,51.21471553610503,0.0,-1980153,-1792912
M1_NEGATIVE_OR_FLAT_ONLY,2000,-5000,60000,306494,306494,83.83315098468272,0.0,-1442687,-1136193,306494,306494,83.83315098468272,0.0,-1625487,-1318993,306494,306494,83.83315098468272,0.0,-1808287,-1501793,306494,306494,83.83315098468272,0.0,-1991087,-1684593,306494,306494,83.83315098468272,0.0,-2173887,-1867393
M1_NEGATIVE_OR_FLAT_ONLY,2000,-5000,120000,413159,413159,113.00847921225383,0.0,-1585271,-1172112,413159,413159,113.00847921225383,0.0,-1768071,-1354912,413159,413159,113.00847921225383,0.0,-1950871,-1537712,413159,413159,113.00847921225383,0.0,-2133671,-1720512,413159,413159,113.00847921225383,0.0,-2316471,-1903312
M1_NEGATIVE_OR_FLAT_ONLY,2000,-3000,30000,127656,127656,34.91684901531729,0.0,-1035535,-907879,127656,127656,34.91684901531729,0.0,-1218335,-1090679,127656,127656,34.91684901531729,0.0,-1401135,-1273479,127656,127656,34.91684901531729,0.0,-1583935,-1456279,127656,127656,34.91684901531729,0.0,-1766735,-1639079
M1_NEGATIVE_OR_FLAT_ONLY,2000,-3000,60000,201651,201651,55.15618161925602,0.0,-1152357,-950706,201651,201651,55.15618161925602,0.0,-1335157,-1133506,201651,201651,55.15618161925602,0.0,-1517957,-1316306,201651,201651,55.15618161925602,0.0,-1700757,-1499106,201651,201651,55.15618161925602,0.0,-1883557,-1681906
M1_NEGATIVE_OR_FLAT_ONLY,2000,-3000,120000,311442,311442,85.18654266958424,0.0,-1277022,-965580,311442,311442,85.18654266958424,0.0,-1459822,-1148380,311442,311442,85.18654266958424,0.0,-1642622,-1331180,311442,311442,85.18654266958424,0.0,-1825422,-1513980,311442,311442,85.18654266958424,0.0,-2008222,-1696780
M1_NEGATIVE_OR_FLAT_ONLY,2000,-2000,30000,67608,67608,18.49234135667396,0.0,-811235,-743627,67608,67608,18.49234135667396,0.0,-994035,-926427,67608,67608,18.49234135667396,0.0,-1176835,-1109227,67608,67608,18.49234135667396,0.0,-1359635,-1292027,67608,67608,18.49234135667396,0.0,-1542435,-1474827
M1_NEGATIVE_OR_FLAT_ONLY,2000,-2000,60000,125567,125567,34.34545951859956,0.0,-909382,-783815,125567,125567,34.34545951859956,0.0,-1092182,-966615,125567,125567,34.34545951859956,0.0,-1274982,-1149415,125567,125567,34.34545951859956,0.0,-1457782,-1332215,125567,125567,34.34545951859956,0.0,-1640582,-1515015
M1_NEGATIVE_OR_FLAT_ONLY,2000,-2000,120000,216747,216747,59.28528446389497,0.0,-1002911,-786164,216747,216747,59.28528446389497,0.0,-1185711,-968964,216747,216747,59.28528446389497,0.0,-1368511,-1151764,216747,216747,59.28528446389497,0.0,-1551311,-1334564,216747,216747,59.28528446389497,0.0,-1734111,-1517364
M1_NEGATIVE_OR_FLAT_ONLY,2000,-1500,30000,65476,65476,17.909190371991247,0.0,-707572,-642096,65476,65476,17.909190371991247,0.0,-890372,-824896,65476,65476,17.909190371991247,0.0,-1073172,-1007696,65476,65476,17.909190371991247,0.0,-1255972,-1190496,65476,65476,17.909190371991247,0.0,-1438772,-1373296
M1_NEGATIVE_OR_FLAT_ONLY,2000,-1500,60000,85248,85248,23.317286652078774,0.0,-752564,-667316,85248,85248,23.317286652078774,0.0,-935364,-850116,85248,85248,23.317286652078774,0.0,-1118164,-1032916,85248,85248,23.317286652078774,0.0,-1300964,-1215716,85248,85248,23.317286652078774,0.0,-1483764,-1398516
M1_NEGATIVE_OR_FLAT_ONLY,2000,-1500,120000,168471,168471,46.080689277899346,0.0,-838758,-670287,168471,168471,46.080689277899346,0.0,-1021558,-853087,168471,168471,46.080689277899346,0.0,-1204358,-1035887,168471,168471,46.080689277899346,0.0,-1387158,-1218687,168471,168471,46.080689277899346,0.0,-1569958,-1401487
M1_NEGATIVE_OR_FLAT_ONLY,2000,-1000,30000,29056,29056,7.947483588621444,0.0,-541676,-512620,29056,29056,7.947483588621444,0.0,-724476,-695420,29056,29056,7.947483588621444,0.0,-907276,-878220,29056,29056,7.947483588621444,0.0,-1090076,-1061020,29056,29056,7.947483588621444,0.0,-1272876,-1243820
M1_NEGATIVE_OR_FLAT_ONLY,2000,-1000,60000,35910,35910,9.822210065645514,0.0,-567155,-531245,35910,35910,9.822210065645514,0.0,-749955,-714045,35910,35910,9.822210065645514,0.0,-932755,-896845,35910,35910,9.822210065645514,0.0,-1115555,-1079645,35910,35910,9.822210065645514,0.0,-1298355,-1262445
M1_NEGATIVE_OR_FLAT_ONLY,2000,-1000,120000,95994,95994,26.25656455142232,0.0,-631888,-535894,95994,95994,26.25656455142232,0.0,-814688,-718694,95994,95994,26.25656455142232,0.0,-997488,-901494,95994,95994,26.25656455142232,0.0,-1180288,-1084294,95994,95994,26.25656455142232,0.0,-1363088,-1267094
M1_NEGATIVE_OR_FLAT_ONLY,2000,-700,30000,1350,1350,0.36925601750547044,0.0,-411307,-409957,1350,1350,0.36925601750547044,0.0,-594107,-592757,1350,1350,0.36925601750547044,0.0,-776907,-775557,1350,1350,0.36925601750547044,0.0,-959707,-958357,1350,1350,0.36925601750547044,0.0,-1142507,-1141157
M1_NEGATIVE_OR_FLAT_ONLY,2000,-700,60000,-3518,-3518,-0.962253829321663,0.0,-426540,-430058,-3518,-3518,-0.962253829321663,0.0,-609340,-612858,-3518,-3518,-0.962253829321663,0.0,-792140,-795658,-3518,-3518,-0.962253829321663,0.0,-974940,-978458,-3518,-3518,-0.962253829321663,0.0,-1157740,-1161258
M1_NEGATIVE_OR_FLAT_ONLY,2000,-700,120000,43104,43104,11.789934354485776,0.0,-478592,-435488,43104,43104,11.789934354485776,0.0,-661392,-618288,43104,43104,11.789934354485776,0.0,-844192,-801088,43104,43104,11.789934354485776,0.0,-1026992,-983888,43104,43104,11.789934354485776,0.0,-1209792,-1166688
M1_NEGATIVE_OR_FLAT_ONLY,2000,-500,30000,-5333,-5333,-1.4586980306345734,0.0,-313810,-319143,-5333,-5333,-1.4586980306345734,0.0,-496610,-501943,-5333,-5333,-1.4586980306345734,0.0,-679410,-684743,-5333,-5333,-1.4586980306345734,0.0,-862210,-867543,-5333,-5333,-1.4586980306345734,0.0,-1045010,-1050343
M1_NEGATIVE_OR_FLAT_ONLY,2000,-500,60000,-23773,-23773,-6.50246170678337,0.0,-321327,-345100,-23773,-23773,-6.50246170678337,0.0,-504127,-527900,-23773,-23773,-6.50246170678337,0.0,-686927,-710700,-23773,-23773,-6.50246170678337,0.0,-869727,-893500,-23773,-23773,-6.50246170678337,0.0,-1052527,-1076300
M1_NEGATIVE_OR_FLAT_ONLY,2000,-500,120000,13949,13949,3.8153719912472646,0.0,-364499,-350550,13949,13949,3.8153719912472646,0.0,-547299,-533350,13949,13949,3.8153719912472646,0.0,-730099,-716150,13949,13949,3.8153719912472646,0.0,-912899,-898950,13949,13949,3.8153719912472646,0.0,-1095699,-1081750
M1_NEGATIVE_OR_FLAT_ONLY,2000,-300,30000,-22941,-22941,-6.274890590809628,0.0,-192259,-215200,-22941,-22941,-6.274890590809628,0.0,-375059,-398000,-22941,-22941,-6.274890590809628,0.0,-557859,-580800,-22941,-22941,-6.274890590809628,0.0,-740659,-763600,-22941,-22941,-6.274890590809628,0.0,-923459,-946400
M1_NEGATIVE_OR_FLAT_ONLY,2000,-300,60000,-45207,-45207,-12.36515317286652,0.0,-196251,-241458,-45207,-45207,-12.36515317286652,0.0,-379051,-424258,-45207,-45207,-12.36515317286652,0.0,-561851,-607058,-45207,-45207,-12.36515317286652,0.0,-744651,-789858,-45207,-45207,-12.36515317286652,0.0,-927451,-972658
M1_NEGATIVE_OR_FLAT_ONLY,2000,-300,120000,-30825,-30825,-8.431345733041576,0.0,-210509,-241334,-30825,-30825,-8.431345733041576,0.0,-393309,-424134,-30825,-30825,-8.431345733041576,0.0,-576109,-606934,-30825,-30825,-8.431345733041576,0.0,-758909,-789734,-30825,-30825,-8.431345733041576,0.0,-941709,-972534
M1_NEGATIVE_OR_FLAT_ONLY,2000,-200,30000,-39612,-39612,-10.834792122538293,0.0,-114574,-154186,-39612,-39612,-10.834792122538293,0.0,-297374,-336986,-39612,-39612,-10.834792122538293,0.0,-480174,-519786,-39612,-39612,-10.834792122538293,0.0,-662974,-702586,-39612,-39612,-10.834792122538293,0.0,-845774,-885386
M1_NEGATIVE_OR_FLAT_ONLY,2000,-200,60000,-70653,-70653,-19.325218818380744,0.0,-106653,-177306,-70653,-70653,-19.325218818380744,0.0,-289453,-360106,-70653,-70653,-19.325218818380744,0.0,-472253,-542906,-70653,-70653,-19.325218818380744,0.0,-655053,-725706,-70653,-70653,-19.325218818380744,0.0,-837853,-908506
M1_NEGATIVE_OR_FLAT_ONLY,2000,-200,120000,-69085,-69085,-18.896334792122538,0.0,-106146,-175231,-69085,-69085,-18.896334792122538,0.0,-288946,-358031,-69085,-69085,-18.896334792122538,0.0,-471746,-540831,-69085,-69085,-18.896334792122538,0.0,-654546,-723631,-69085,-69085,-18.896334792122538,0.0,-837346,-906431
M1_NEGATIVE_OR_FLAT_ONLY,3000,-6000,30000,192898,192898,52.76203501094092,0.0,-1268097,-1075199,192898,192898,52.76203501094092,0.0,-1450897,-1257999,192898,192898,52.76203501094092,0.0,-1633697,-1440799,192898,192898,52.76203501094092,0.0,-1816497,-1623599,192898,192898,52.76203501094092,0.0,-1999297,-1806399
M1_NEGATIVE_OR_FLAT_ONLY,3000,-6000,60000,306730,306730,83.89770240700219,0.0,-1493400,-1186670,306730,306730,83.89770240700219,0.0,-1676200,-1369470,306730,306730,83.89770240700219,0.0,-1859000,-1552270,306730,306730,83.89770240700219,0.0,-2041800,-1735070,306730,306730,83.89770240700219,0.0,-2224600,-1917870
M1_NEGATIVE_OR_FLAT_ONLY,3000,-6000,120000,426345,426345,116.61515317286653,0.0,-1661981,-1235636,426345,426345,116.61515317286653,0.0,-1844781,-1418436,426345,426345,116.61515317286653,0.0,-2027581,-1601236,426345,426345,116.61515317286653,0.0,-2210381,-1784036,426345,426345,116.61515317286653,0.0,-2393181,-1966836
M1_NEGATIVE_OR_FLAT_ONLY,3000,-5000,30000,171574,171574,46.929431072210065,0.0,-1198179,-1026605,171574,171574,46.929431072210065,0.0,-1380979,-1209405,171574,171574,46.929431072210065,0.0,-1563779,-1392205,171574,171574,46.929431072210065,0.0,-1746579,-1575005,171574,171574,46.929431072210065,0.0,-1929379,-1757805
M1_NEGATIVE_OR_FLAT_ONLY,3000,-5000,60000,284692,284692,77.86980306345733,0.0,-1419829,-1135137,284692,284692,77.86980306345733,0.0,-1602629,-1317937,284692,284692,77.86980306345733,0.0,-1785429,-1500737,284692,284692,77.86980306345733,0.0,-1968229,-1683537,284692,284692,77.86980306345733,0.0,-2151029,-1866337
M1_NEGATIVE_OR_FLAT_ONLY,3000,-5000,120000,399467,399467,109.26340262582058,0.0,-1581120,-1181653,399467,399467,109.26340262582058,0.0,-1763920,-1364453,399467,399467,109.26340262582058,0.0,-1946720,-1547253,399467,399467,109.26340262582058,0.0,-2129520,-1730053,399467,399467,109.26340262582058,0.0,-2312320,-1912853
M1_NEGATIVE_OR_FLAT_ONLY,3000,-3000,30000,114482,114482,31.313457330415755,0.0,-994418,-879936,114482,114482,31.313457330415755,0.0,-1177218,-1062736,114482,114482,31.313457330415755,0.0,-1360018,-1245536,114482,114482,31.313457330415755,0.0,-1542818,-1428336,114482,114482,31.313457330415755,0.0,-1725618,-1611136
M1_NEGATIVE_OR_FLAT_ONLY,3000,-3000,60000,179117,179117,48.99261487964989,0.0,-1126824,-947707,179117,179117,48.99261487964989,0.0,-1309624,-1130507,179117,179117,48.99261487964989,0.0,-1492424,-1313307,179117,179117,48.99261487964989,0.0,-1675224,-1496107,179117,179117,48.99261487964989,0.0,-1858024,-1678907
M1_NEGATIVE_OR_FLAT_ONLY,3000,-3000,120000,298826,298826,81.73577680525165,0.0,-1269441,-970615,298826,298826,81.73577680525165,0.0,-1452241,-1153415,298826,298826,81.73577680525165,0.0,-1635041,-1336215,298826,298826,81.73577680525165,0.0,-1817841,-1519015,298826,298826,81.73577680525165,0.0,-2000641,-1701815
M1_NEGATIVE_OR_FLAT_ONLY,3000,-2000,30000,55302,55302,15.12636761487965,0.0,-768523,-713221,55302,55302,15.12636761487965,0.0,-951323,-896021,55302,55302,15.12636761487965,0.0,-1134123,-1078821,55302,55302,15.12636761487965,0.0,-1316923,-1261621,55302,55302,15.12636761487965,0.0,-1499723,-1444421
M1_NEGATIVE_OR_FLAT_ONLY,3000,-2000,60000,102742,102742,28.10229759299781,0.0,-878119,-775377,102742,102742,28.10229759299781,0.0,-1060919,-958177,102742,102742,28.10229759299781,0.0,-1243719,-1140977,102742,102742,28.10229759299781,0.0,-1426519,-1323777,102742,102742,28.10229759299781,0.0,-1609319,-1506577
M1_NEGATIVE_OR_FLAT_ONLY,3000,-2000,120000,208048,208048,56.905908096280086,0.0,-985684,-777636,208048,208048,56.905908096280086,0.0,-1168484,-960436,208048,208048,56.905908096280086,0.0,-1351284,-1143236,208048,208048,56.905908096280086,0.0,-1534084,-1326036,208048,208048,56.905908096280086,0.0,-1716884,-1508836
M1_NEGATIVE_OR_FLAT_ONLY,3000,-1500,30000,52061,52061,14.239879649890591,0.0,-661612,-609551,52061,52061,14.239879649890591,0.0,-844412,-792351,52061,52061,14.239879649890591,0.0,-1027212,-975151,52061,52061,14.239879649890591,0.0,-1210012,-1157951,52061,52061,14.239879649890591,0.0,-1392812,-1340751
M1_NEGATIVE_OR_FLAT_ONLY,3000,-1500,60000,60497,60497,16.547319474835888,0.0,-714857,-654360,60497,60497,16.547319474835888,0.0,-897657,-837160,60497,60497,16.547319474835888,0.0,-1080457,-1019960,60497,60497,16.547319474835888,0.0,-1263257,-1202760,60497,60497,16.547319474835888,0.0,-1446057,-1385560
M1_NEGATIVE_OR_FLAT_ONLY,3000,-1500,120000,162141,162141,44.34928884026258,0.0,-820490,-658349,162141,162141,44.34928884026258,0.0,-1003290,-841149,162141,162141,44.34928884026258,0.0,-1186090,-1023949,162141,162141,44.34928884026258,0.0,-1368890,-1206749,162141,162141,44.34928884026258,0.0,-1551690,-1389549
M1_NEGATIVE_OR_FLAT_ONLY,3000,-1000,30000,17233,17233,4.713621444201313,0.0,-493618,-476385,17233,17233,4.713621444201313,0.0,-676418,-659185,17233,17233,4.713621444201313,0.0,-859218,-841985,17233,17233,4.713621444201313,0.0,-1042018,-1024785,17233,17233,4.713621444201313,0.0,-1224818,-1207585
M1_NEGATIVE_OR_FLAT_ONLY,3000,-1000,60000,16306,16306,4.460065645514224,0.0,-525369,-509063,16306,16306,4.460065645514224,0.0,-708169,-691863,16306,16306,4.460065645514224,0.0,-890969,-874663,16306,16306,4.460065645514224,0.0,-1073769,-1057463,16306,16306,4.460065645514224,0.0,-1256569,-1240263
M1_NEGATIVE_OR_FLAT_ONLY,3000,-1000,120000,89182,89182,24.393326039387308,0.0,-609845,-520663,89182,89182,24.393326039387308,0.0,-792645,-703463,89182,89182,24.393326039387308,0.0,-975445,-886263,89182,89182,24.393326039387308,0.0,-1158245,-1069063,89182,89182,24.393326039387308,0.0,-1341045,-1251863
M1_NEGATIVE_OR_FLAT_ONLY,3000,-700,30000,-9674,-9674,-2.646061269146608,0.0,-364099,-373773,-9674,-9674,-2.646061269146608,0.0,-546899,-556573,-9674,-9674,-2.646061269146608,0.0,-729699,-739373,-9674,-9674,-2.646061269146608,0.0,-912499,-922173,-9674,-9674,-2.646061269146608,0.0,-1095299,-1104973
M1_NEGATIVE_OR_FLAT_ONLY,3000,-700,60000,-19206,-19206,-5.25328227571116,0.0,-384284,-403490,-19206,-19206,-5.25328227571116,0.0,-567084,-586290,-19206,-19206,-5.25328227571116,0.0,-749884,-769090,-19206,-19206,-5.25328227571116,0.0,-932684,-951890,-19206,-19206,-5.25328227571116,0.0,-1115484,-1134690
M1_NEGATIVE_OR_FLAT_ONLY,3000,-700,120000,39452,39452,10.791028446389497,0.0,-444685,-405233,39452,39452,10.791028446389497,0.0,-627485,-588033,39452,39452,10.791028446389497,0.0,-810285,-770833,39452,39452,10.791028446389497,0.0,-993085,-953633,39452,39452,10.791028446389497,0.0,-1175885,-1136433
M1_NEGATIVE_OR_FLAT_ONLY,3000,-500,30000,-15423,-15423,-4.218544857768053,0.0,-267119,-282542,-15423,-15423,-4.218544857768053,0.0,-449919,-465342,-15423,-15423,-4.218544857768053,0.0,-632719,-648142,-15423,-15423,-4.218544857768053,0.0,-815519,-830942,-15423,-15423,-4.218544857768053,0.0,-998319,-1013742
M1_NEGATIVE_OR_FLAT_ONLY,3000,-500,60000,-37940,-37940,-10.37746170678337,0.0,-275973,-313913,-37940,-37940,-10.37746170678337,0.0,-458773,-496713,-37940,-37940,-10.37746170678337,0.0,-641573,-679513,-37940,-37940,-10.37746170678337,0.0,-824373,-862313,-37940,-37940,-10.37746170678337,0.0,-1007173,-1045113
M1_NEGATIVE_OR_FLAT_ONLY,3000,-500,120000,7382,7382,2.0191466083150984,0.0,-327520,-320138,7382,7382,2.0191466083150984,0.0,-510320,-502938,7382,7382,2.0191466083150984,0.0,-693120,-685738,7382,7382,2.0191466083150984,0.0,-875920,-868538,7382,7382,2.0191466083150984,0.0,-1058720,-1051338
M1_NEGATIVE_OR_FLAT_ONLY,3000,-300,30000,-31369,-31369,-8.580142231947484,0.0,-149122,-180491,-31369,-31369,-8.580142231947484,0.0,-331922,-363291,-31369,-31369,-8.580142231947484,0.0,-514722,-546091,-31369,-31369,-8.580142231947484,0.0,-697522,-728891,-31369,-31369,-8.580142231947484,0.0,-880322,-911691
M1_NEGATIVE_OR_FLAT_ONLY,3000,-300,60000,-59042,-59042,-16.149343544857768,0.0,-151231,-210273,-59042,-59042,-16.149343544857768,0.0,-334031,-393073,-59042,-59042,-16.149343544857768,0.0,-516831,-575873,-59042,-59042,-16.149343544857768,0.0,-699631,-758673,-59042,-59042,-16.149343544857768,0.0,-882431,-941473
M1_NEGATIVE_OR_FLAT_ONLY,3000,-300,120000,-42957,-42957,-11.74972647702407,0.0,-167530,-210487,-42957,-42957,-11.74972647702407,0.0,-350330,-393287,-42957,-42957,-11.74972647702407,0.0,-533130,-576087,-42957,-42957,-11.74972647702407,0.0,-715930,-758887,-42957,-42957,-11.74972647702407,0.0,-898730,-941687
M1_NEGATIVE_OR_FLAT_ONLY,3000,-200,30000,-48047,-48047,-13.141958424507658,0.0,-71437,-119484,-48047,-48047,-13.141958424507658,0.0,-254237,-302284,-48047,-48047,-13.141958424507658,0.0,-437037,-485084,-48047,-48047,-13.141958424507658,0.0,-619837,-667884,-48047,-48047,-13.141958424507658,0.0,-802637,-850684
M1_NEGATIVE_OR_FLAT_ONLY,3000,-200,60000,-83695,-83695,-22.89250547045952,0.0,-66112,-149807,-83695,-83695,-22.89250547045952,0.0,-248912,-332607,-83695,-83695,-22.89250547045952,0.0,-431712,-515407,-83695,-83695,-22.89250547045952,0.0,-614512,-698207,-83695,-83695,-22.89250547045952,0.0,-797312,-881007
M1_NEGATIVE_OR_FLAT_ONLY,3000,-200,120000,-80988,-80988,-22.152078774617067,0.0,-66140,-147128,-80988,-80988,-22.152078774617067,0.0,-248940,-329928,-80988,-80988,-22.152078774617067,0.0,-431740,-512728,-80988,-80988,-22.152078774617067,0.0,-614540,-695528,-80988,-80988,-22.152078774617067,0.0,-797340,-878328
M1_NEGATIVE_OR_FLAT_ONLY,5000,-6000,30000,170791,170791,46.715262582056894,0.0,-1223501,-1052710,170791,170791,46.715262582056894,0.0,-1406301,-1235510,170791,170791,46.715262582056894,0.0,-1589101,-1418310,170791,170791,46.715262582056894,0.0,-1771901,-1601110,170791,170791,46.715262582056894,0.0,-1954701,-1783910
M1_NEGATIVE_OR_FLAT_ONLY,5000,-6000,60000,288670,288670,78.95787746170679,0.0,-1471773,-1183103,288670,288670,78.95787746170679,0.0,-1654573,-1365903,288670,288670,78.95787746170679,0.0,-1837373,-1548703,288670,288670,78.95787746170679,0.0,-2020173,-1731503,288670,288670,78.95787746170679,0.0,-2202973,-1914303
M1_NEGATIVE_OR_FLAT_ONLY,5000,-6000,120000,406694,406694,111.24015317286653,0.0,-1620038,-1213344,406694,406694,111.24015317286653,0.0,-1802838,-1396144,406694,406694,111.24015317286653,0.0,-1985638,-1578944,406694,406694,111.24015317286653,0.0,-2168438,-1761744,406694,406694,111.24015317286653,0.0,-2351238,-1944544
M1_NEGATIVE_OR_FLAT_ONLY,5000,-5000,30000,154518,154518,42.26422319474836,0.0,-1155634,-1001116,154518,154518,42.26422319474836,0.0,-1338434,-1183916,154518,154518,42.26422319474836,0.0,-1521234,-1366716,154518,154518,42.26422319474836,0.0,-1704034,-1549516,154518,154518,42.26422319474836,0.0,-1886834,-1732316
M1_NEGATIVE_OR_FLAT_ONLY,5000,-5000,60000,274395,274395,75.05333698030634,0.0,-1401082,-1126687,274395,274395,75.05333698030634,0.0,-1583882,-1309487,274395,274395,75.05333698030634,0.0,-1766682,-1492287,274395,274395,75.05333698030634,0.0,-1949482,-1675087,274395,274395,75.05333698030634,0.0,-2132282,-1857887
M1_NEGATIVE_OR_FLAT_ONLY,5000,-5000,120000,389945,389945,106.65891684901531,0.0,-1543665,-1153720,389945,389945,106.65891684901531,0.0,-1726465,-1336520,389945,389945,106.65891684901531,0.0,-1909265,-1519320,389945,389945,106.65891684901531,0.0,-2092065,-1702120,389945,389945,106.65891684901531,0.0,-2274865,-1884920
M1_NEGATIVE_OR_FLAT_ONLY,5000,-3000,30000,99970,99970,27.344091903719914,0.0,-958730,-858760,99970,99970,27.344091903719914,0.0,-1141530,-1041560,99970,99970,27.344091903719914,0.0,-1324330,-1224360,99970,99970,27.344091903719914,0.0,-1507130,-1407160,99970,99970,27.344091903719914,0.0,-1689930,-1589960
M1_NEGATIVE_OR_FLAT_ONLY,5000,-3000,60000,156912,156912,42.91903719912472,0.0,-1099372,-942460,156912,156912,42.91903719912472,0.0,-1282172,-1125260,156912,156912,42.91903719912472,0.0,-1464972,-1308060,156912,156912,42.91903719912472,0.0,-1647772,-1490860,156912,156912,42.91903719912472,0.0,-1830572,-1673660
M1_NEGATIVE_OR_FLAT_ONLY,5000,-3000,120000,276116,276116,75.52407002188184,0.0,-1215811,-939695,276116,276116,75.52407002188184,0.0,-1398611,-1122495,276116,276116,75.52407002188184,0.0,-1581411,-1305295,276116,276116,75.52407002188184,0.0,-1764211,-1488095,276116,276116,75.52407002188184,0.0,-1947011,-1670895
M1_NEGATIVE_OR_FLAT_ONLY,5000,-2000,30000,39679,39679,10.853118161925602,0.0,-726030,-686351,39679,39679,10.853118161925602,0.0,-908830,-869151,39679,39679,10.853118161925602,0.0,-1091630,-1051951,39679,39679,10.853118161925602,0.0,-1274430,-1234751,39679,39679,10.853118161925602,0.0,-1457230,-1417551
M1_NEGATIVE_OR_FLAT_ONLY,5000,-2000,60000,82543,82543,22.577407002188185,0.0,-842604,-760061,82543,82543,22.577407002188185,0.0,-1025404,-942861,82543,82543,22.577407002188185,0.0,-1208204,-1125661,82543,82543,22.577407002188185,0.0,-1391004,-1308461,82543,82543,22.577407002188185,0.0,-1573804,-1491261
M1_NEGATIVE_OR_FLAT_ONLY,5000,-2000,120000,194927,194927,53.31701312910285,0.0,-939442,-744515,194927,194927,53.31701312910285,0.0,-1122242,-927315,194927,194927,53.31701312910285,0.0,-1305042,-1110115,194927,194927,53.31701312910285,0.0,-1487842,-1292915,194927,194927,53.31701312910285,0.0,-1670642,-1475715
M1_NEGATIVE_OR_FLAT_ONLY,5000,-1500,30000,35890,35890,9.816739606126914,0.0,-615504,-579614,35890,35890,9.816739606126914,0.0,-798304,-762414,35890,35890,9.816739606126914,0.0,-981104,-945214,35890,35890,9.816739606126914,0.0,-1163904,-1128014,35890,35890,9.816739606126914,0.0,-1346704,-1310814
M1_NEGATIVE_OR_FLAT_ONLY,5000,-1500,60000,41723,41723,11.412199124726477,0.0,-677512,-635789,41723,41723,11.412199124726477,0.0,-860312,-818589,41723,41723,11.412199124726477,0.0,-1043112,-1001389,41723,41723,11.412199124726477,0.0,-1225912,-1184189,41723,41723,11.412199124726477,0.0,-1408712,-1366989
M1_NEGATIVE_OR_FLAT_ONLY,5000,-1500,120000,151492,151492,41.43654266958424,0.0,-772782,-621290,151492,151492,41.43654266958424,0.0,-955582,-804090,151492,151492,41.43654266958424,0.0,-1138382,-986890,151492,151492,41.43654266958424,0.0,-1321182,-1169690,151492,151492,41.43654266958424,0.0,-1503982,-1352490
M1_NEGATIVE_OR_FLAT_ONLY,5000,-1000,30000,2532,2532,0.6925601750547046,0.0,-450196,-447664,2532,2532,0.6925601750547046,0.0,-632996,-630464,2532,2532,0.6925601750547046,0.0,-815796,-813264,2532,2532,0.6925601750547046,0.0,-998596,-996064,2532,2532,0.6925601750547046,0.0,-1181396,-1178864
M1_NEGATIVE_OR_FLAT_ONLY,5000,-1000,60000,4075,4075,1.1146061269146608,0.0,-496821,-492746,4075,4075,1.1146061269146608,0.0,-679621,-675546,4075,4075,1.1146061269146608,0.0,-862421,-858346,4075,4075,1.1146061269146608,0.0,-1045221,-1041146,4075,4075,1.1146061269146608,0.0,-1228021,-1223946
M1_NEGATIVE_OR_FLAT_ONLY,5000,-1000,120000,78922,78922,21.586980306345733,0.0,-571278,-492356,78922,78922,21.586980306345733,0.0,-754078,-675156,78922,78922,21.586980306345733,0.0,-936878,-857956,78922,78922,21.586980306345733,0.0,-1119678,-1040756,78922,78922,21.586980306345733,0.0,-1302478,-1223556
M1_NEGATIVE_OR_FLAT_ONLY,5000,-700,30000,-24227,-24227,-6.62664113785558,0.0,-322105,-346332,-24227,-24227,-6.62664113785558,0.0,-504905,-529132,-24227,-24227,-6.62664113785558,0.0,-687705,-711932,-24227,-24227,-6.62664113785558,0.0,-870505,-894732,-24227,-24227,-6.62664113785558,0.0,-1053305,-1077532
M1_NEGATIVE_OR_FLAT_ONLY,5000,-700,60000,-31958,-31958,-8.74124726477024,0.0,-349132,-381090,-31958,-31958,-8.74124726477024,0.0,-531932,-563890,-31958,-31958,-8.74124726477024,0.0,-714732,-746690,-31958,-31958,-8.74124726477024,0.0,-897532,-929490,-31958,-31958,-8.74124726477024,0.0,-1080332,-1112290
M1_NEGATIVE_OR_FLAT_ONLY,5000,-700,120000,35597,35597,9.73659737417943,0.0,-407023,-371426,35597,35597,9.73659737417943,0.0,-589823,-554226,35597,35597,9.73659737417943,0.0,-772623,-737026,35597,35597,9.73659737417943,0.0,-955423,-919826,35597,35597,9.73659737417943,0.0,-1138223,-1102626
M1_NEGATIVE_OR_FLAT_ONLY,5000,-500,30000,-27613,-27613,-7.552789934354486,0.0,-222588,-250201,-27613,-27613,-7.552789934354486,0.0,-405388,-433001,-27613,-27613,-7.552789934354486,0.0,-588188,-615801,-27613,-27613,-7.552789934354486,0.0,-770988,-798601,-27613,-27613,-7.552789934354486,0.0,-953788,-981401
M1_NEGATIVE_OR_FLAT_ONLY,5000,-500,60000,-48057,-48057,-13.144693654266959,0.0,-234105,-282162,-48057,-48057,-13.144693654266959,0.0,-416905,-464962,-48057,-48057,-13.144693654266959,0.0,-599705,-647762,-48057,-48057,-13.144693654266959,0.0,-782505,-830562,-48057,-48057,-13.144693654266959,0.0,-965305,-1013362
M1_NEGATIVE_OR_FLAT_ONLY,5000,-500,120000,-1487,-1487,-0.4067286652078775,0.0,-271914,-273401,-1487,-1487,-0.4067286652078775,0.0,-454714,-456201,-1487,-1487,-0.4067286652078775,0.0,-637514,-639001,-1487,-1487,-0.4067286652078775,0.0,-820314,-821801,-1487,-1487,-0.4067286652078775,0.0,-1003114,-1004601
M1_NEGATIVE_OR_FLAT_ONLY,5000,-300,30000,-39621,-39621,-10.837253829321662,0.0,-114197,-153818,-39621,-39621,-10.837253829321662,0.0,-296997,-336618,-39621,-39621,-10.837253829321662,0.0,-479797,-519418,-39621,-39621,-10.837253829321662,0.0,-662597,-702218,-39621,-39621,-10.837253829321662,0.0,-845397,-885018
M1_NEGATIVE_OR_FLAT_ONLY,5000,-300,60000,-66624,-66624,-18.22319474835886,0.0,-118498,-185122,-66624,-66624,-18.22319474835886,0.0,-301298,-367922,-66624,-66624,-18.22319474835886,0.0,-484098,-550722,-66624,-66624,-18.22319474835886,0.0,-666898,-733522,-66624,-66624,-18.22319474835886,0.0,-849698,-916322
M1_NEGATIVE_OR_FLAT_ONLY,5000,-300,120000,-50887,-50887,-13.918763676148796,0.0,-121328,-172215,-50887,-50887,-13.918763676148796,0.0,-304128,-355015,-50887,-50887,-13.918763676148796,0.0,-486928,-537815,-50887,-50887,-13.918763676148796,0.0,-669728,-720615,-50887,-50887,-13.918763676148796,0.0,-852528,-903415
M1_NEGATIVE_OR_FLAT_ONLY,5000,-200,30000,-56299,-56299,-15.399070021881839,0.0,-37859,-94158,-56299,-56299,-15.399070021881839,0.0,-220659,-276958,-56299,-56299,-15.399070021881839,0.0,-403459,-459758,-56299,-56299,-15.399070021881839,0.0,-586259,-642558,-56299,-56299,-15.399070021881839,0.0,-769059,-825358
M1_NEGATIVE_OR_FLAT_ONLY,5000,-200,60000,-89533,-89533,-24.48933260393873,0.0,-39188,-128721,-89533,-89533,-24.48933260393873,0.0,-221988,-311521,-89533,-89533,-24.48933260393873,0.0,-404788,-494321,-89533,-89533,-24.48933260393873,0.0,-587588,-677121,-89533,-89533,-24.48933260393873,0.0,-770388,-859921
M1_NEGATIVE_OR_FLAT_ONLY,5000,-200,120000,-87274,-87274,-23.87144420131291,0.0,-25382,-112656,-87274,-87274,-23.87144420131291,0.0,-208182,-295456,-87274,-87274,-23.87144420131291,0.0,-390982,-478256,-87274,-87274,-23.87144420131291,0.0,-573782,-661056,-87274,-87274,-23.87144420131291,0.0,-756582,-843856
M1_NEGATIVE_OR_FLAT_ONLY,6000,-6000,30000,161747,161747,44.24152078774617,0.0,-1217033,-1055286,161747,161747,44.24152078774617,0.0,-1399833,-1238086,161747,161747,44.24152078774617,0.0,-1582633,-1420886,161747,161747,44.24152078774617,0.0,-1765433,-1603686,161747,161747,44.24152078774617,0.0,-1948233,-1786486
M1_NEGATIVE_OR_FLAT_ONLY,6000,-6000,60000,293576,293576,80.29978118161925,0.0,-1477063,-1183487,293576,293576,80.29978118161925,0.0,-1659863,-1366287,293576,293576,80.29978118161925,0.0,-1842663,-1549087,293576,293576,80.29978118161925,0.0,-2025463,-1731887,293576,293576,80.29978118161925,0.0,-2208263,-1914687
M1_NEGATIVE_OR_FLAT_ONLY,6000,-6000,120000,400875,400875,109.64852297592998,0.0,-1626770,-1225895,400875,400875,109.64852297592998,0.0,-1809570,-1408695,400875,400875,109.64852297592998,0.0,-1992370,-1591495,400875,400875,109.64852297592998,0.0,-2175170,-1774295,400875,400875,109.64852297592998,0.0,-2357970,-1957095
M1_NEGATIVE_OR_FLAT_ONLY,6000,-5000,30000,145474,145474,39.790481400437635,0.0,-1148166,-1002692,145474,145474,39.790481400437635,0.0,-1330966,-1185492,145474,145474,39.790481400437635,0.0,-1513766,-1368292,145474,145474,39.790481400437635,0.0,-1696566,-1551092,145474,145474,39.790481400437635,0.0,-1879366,-1733892
M1_NEGATIVE_OR_FLAT_ONLY,6000,-5000,60000,279212,279212,76.37089715536105,0.0,-1406283,-1127071,279212,279212,76.37089715536105,0.0,-1589083,-1309871,279212,279212,76.37089715536105,0.0,-1771883,-1492671,279212,279212,76.37089715536105,0.0,-1954683,-1675471,279212,279212,76.37089715536105,0.0,-2137483,-1858271
M1_NEGATIVE_OR_FLAT_ONLY,6000,-5000,120000,385721,385721,105.50355579868709,0.0,-1550439,-1164718,385721,385721,105.50355579868709,0.0,-1733239,-1347518,385721,385721,105.50355579868709,0.0,-1916039,-1530318,385721,385721,105.50355579868709,0.0,-2098839,-1713118,385721,385721,105.50355579868709,0.0,-2281639,-1895918
M1_NEGATIVE_OR_FLAT_ONLY,6000,-3000,30000,92926,92926,25.417396061269148,0.0,-955612,-862686,92926,92926,25.417396061269148,0.0,-1138412,-1045486,92926,92926,25.417396061269148,0.0,-1321212,-1228286,92926,92926,25.417396061269148,0.0,-1504012,-1411086,92926,92926,25.417396061269148,0.0,-1686812,-1593886
M1_NEGATIVE_OR_FLAT_ONLY,6000,-3000,60000,162729,162729,44.51012035010941,0.0,-1101696,-938967,162729,162729,44.51012035010941,0.0,-1284496,-1121767,162729,162729,44.51012035010941,0.0,-1467296,-1304567,162729,162729,44.51012035010941,0.0,-1650096,-1487367,162729,162729,44.51012035010941,0.0,-1832896,-1670167
M1_NEGATIVE_OR_FLAT_ONLY,6000,-3000,120000,281328,281328,76.94967177242889,0.0,-1223321,-941993,281328,281328,76.94967177242889,0.0,-1406121,-1124793,281328,281328,76.94967177242889,0.0,-1588921,-1307593,281328,281328,76.94967177242889,0.0,-1771721,-1490393,281328,281328,76.94967177242889,0.0,-1954521,-1673193
M1_NEGATIVE_OR_FLAT_ONLY,6000,-2000,30000,33635,33635,9.199945295404815,0.0,-725474,-691839,33635,33635,9.199945295404815,0.0,-908274,-874639,33635,33635,9.199945295404815,0.0,-1091074,-1057439,33635,33635,9.199945295404815,0.0,-1273874,-1240239,33635,33635,9.199945295404815,0.0,-1456674,-1423039
M1_NEGATIVE_OR_FLAT_ONLY,6000,-2000,60000,87069,87069,23.815371991247265,0.0,-845556,-758487,87069,87069,23.815371991247265,0.0,-1028356,-941287,87069,87069,23.815371991247265,0.0,-1211156,-1124087,87069,87069,23.815371991247265,0.0,-1393956,-1306887,87069,87069,23.815371991247265,0.0,-1576756,-1489687
M1_NEGATIVE_OR_FLAT_ONLY,6000,-2000,120000,204816,204816,56.0218818380744,0.0,-953169,-748353,204816,204816,56.0218818380744,0.0,-1135969,-931153,204816,204816,56.0218818380744,0.0,-1318769,-1113953,204816,204816,56.0218818380744,0.0,-1501569,-1296753,204816,204816,56.0218818380744,0.0,-1684369,-1479553
M1_NEGATIVE_OR_FLAT_ONLY,6000,-1500,30000,31846,31846,8.710612691466084,0.0,-622926,-591080,31846,31846,8.710612691466084,0.0,-805726,-773880,31846,31846,8.710612691466084,0.0,-988526,-956680,31846,31846,8.710612691466084,0.0,-1171326,-1139480,31846,31846,8.710612691466084,0.0,-1354126,-1322280
M1_NEGATIVE_OR_FLAT_ONLY,6000,-1500,60000,48308,48308,13.213347921225383,0.0,-691295,-642987,48308,48308,13.213347921225383,0.0,-874095,-825787,48308,48308,13.213347921225383,0.0,-1056895,-1008587,48308,48308,13.213347921225383,0.0,-1239695,-1191387,48308,48308,13.213347921225383,0.0,-1422495,-1374187
M1_NEGATIVE_OR_FLAT_ONLY,6000,-1500,120000,160948,160948,44.02297592997812,0.0,-795139,-634191,160948,160948,44.02297592997812,0.0,-977939,-816991,160948,160948,44.02297592997812,0.0,-1160739,-999791,160948,160948,44.02297592997812,0.0,-1343539,-1182591,160948,160948,44.02297592997812,0.0,-1526339,-1365391
M1_NEGATIVE_OR_FLAT_ONLY,6000,-1000,30000,-1512,-1512,-0.4135667396061269,0.0,-452118,-453630,-1512,-1512,-0.4135667396061269,0.0,-634918,-636430,-1512,-1512,-0.4135667396061269,0.0,-817718,-819230,-1512,-1512,-0.4135667396061269,0.0,-1000518,-1002030,-1512,-1512,-0.4135667396061269,0.0,-1183318,-1184830
M1_NEGATIVE_OR_FLAT_ONLY,6000,-1000,60000,10664,10664,2.9168490153172866,0.0,-506155,-495491,10664,10664,2.9168490153172866,0.0,-688955,-678291,10664,10664,2.9168490153172866,0.0,-871755,-861091,10664,10664,2.9168490153172866,0.0,-1054555,-1043891,10664,10664,2.9168490153172866,0.0,-1237355,-1226691
M1_NEGATIVE_OR_FLAT_ONLY,6000,-1000,120000,86178,86178,23.571663019693656,0.0,-577788,-491610,86178,86178,23.571663019693656,0.0,-760588,-674410,86178,86178,23.571663019693656,0.0,-943388,-857210,86178,86178,23.571663019693656,0.0,-1126188,-1040010,86178,86178,23.571663019693656,0.0,-1308988,-1222810
M1_NEGATIVE_OR_FLAT_ONLY,6000,-700,30000,-28271,-28271,-7.732768052516412,0.0,-324427,-352698,-28271,-28271,-7.732768052516412,0.0,-507227,-535498,-28271,-28271,-7.732768052516412,0.0,-690027,-718298,-28271,-28271,-7.732768052516412,0.0,-872827,-901098,-28271,-28271,-7.732768052516412,0.0,-1055627,-1083898
M1_NEGATIVE_OR_FLAT_ONLY,6000,-700,60000,-25476,-25476,-6.968271334792123,0.0,-359859,-385335,-25476,-25476,-6.968271334792123,0.0,-542659,-568135,-25476,-25476,-6.968271334792123,0.0,-725459,-750935,-25476,-25476,-6.968271334792123,0.0,-908259,-933735,-25476,-25476,-6.968271334792123,0.0,-1091059,-1116535
M1_NEGATIVE_OR_FLAT_ONLY,6000,-700,120000,45139,45139,12.346553610503282,0.0,-414307,-369168,45139,45139,12.346553610503282,0.0,-597107,-551968,45139,45139,12.346553610503282,0.0,-779907,-734768,45139,45139,12.346553610503282,0.0,-962707,-917568,45139,45139,12.346553610503282,0.0,-1145507,-1100368
M1_NEGATIVE_OR_FLAT_ONLY,6000,-500,30000,-30657,-30657,-8.38539387308534,0.0,-225510,-256167,-30657,-30657,-8.38539387308534,0.0,-408310,-438967,-30657,-30657,-8.38539387308534,0.0,-591110,-621767,-30657,-30657,-8.38539387308534,0.0,-773910,-804567,-30657,-30657,-8.38539387308534,0.0,-956710,-987367
M1_NEGATIVE_OR_FLAT_ONLY,6000,-500,60000,-42170,-42170,-11.534463894967177,0.0,-244237,-286407,-42170,-42170,-11.534463894967177,0.0,-427037,-469207,-42170,-42170,-11.534463894967177,0.0,-609837,-652007,-42170,-42170,-11.534463894967177,0.0,-792637,-834807,-42170,-42170,-11.534463894967177,0.0,-975437,-1017607
M1_NEGATIVE_OR_FLAT_ONLY,6000,-500,120000,10655,10655,2.9143873085339167,0.0,-279492,-268837,10655,10655,2.9143873085339167,0.0,-462292,-451637,10655,10655,2.9143873085339167,0.0,-645092,-634437,10655,10655,2.9143873085339167,0.0,-827892,-817237,10655,10655,2.9143873085339167,0.0,-1010692,-1000037
M1_NEGATIVE_OR_FLAT_ONLY,6000,-300,30000,-41665,-41665,-11.396334792122538,0.0,-118870,-160535,-41665,-41665,-11.396334792122538,0.0,-301670,-343335,-41665,-41665,-11.396334792122538,0.0,-484470,-526135,-41665,-41665,-11.396334792122538,0.0,-667270,-708935,-41665,-41665,-11.396334792122538,0.0,-850070,-891735
M1_NEGATIVE_OR_FLAT_ONLY,6000,-300,60000,-64521,-64521,-17.647975929978116,0.0,-119771,-184292,-64521,-64521,-17.647975929978116,0.0,-302571,-367092,-64521,-64521,-17.647975929978116,0.0,-485371,-549892,-64521,-64521,-17.647975929978116,0.0,-668171,-732692,-64521,-64521,-17.647975929978116,0.0,-850971,-915492
M1_NEGATIVE_OR_FLAT_ONLY,6000,-300,120000,-42529,-42529,-11.632658643326039,0.0,-121588,-164117,-42529,-42529,-11.632658643326039,0.0,-304388,-346917,-42529,-42529,-11.632658643326039,0.0,-487188,-529717,-42529,-42529,-11.632658643326039,0.0,-669988,-712517,-42529,-42529,-11.632658643326039,0.0,-852788,-895317
M1_NEGATIVE_OR_FLAT_ONLY,6000,-200,30000,-58343,-58343,-15.958150984682714,0.0,-44578,-102921,-58343,-58343,-15.958150984682714,0.0,-227378,-285721,-58343,-58343,-15.958150984682714,0.0,-410178,-468521,-58343,-58343,-15.958150984682714,0.0,-592978,-651321,-58343,-58343,-15.958150984682714,0.0,-775778,-834121
M1_NEGATIVE_OR_FLAT_ONLY,6000,-200,60000,-87465,-87465,-23.923687089715536,0.0,-41026,-128491,-87465,-87465,-23.923687089715536,0.0,-223826,-311291,-87465,-87465,-23.923687089715536,0.0,-406626,-494091,-87465,-87465,-23.923687089715536,0.0,-589426,-676891,-87465,-87465,-23.923687089715536,0.0,-772226,-859691
M1_NEGATIVE_OR_FLAT_ONLY,6000,-200,120000,-82348,-82348,-22.524070021881837,0.0,-18410,-100758,-82348,-82348,-22.524070021881837,0.0,-201210,-283558,-82348,-82348,-22.524070021881837,0.0,-384010,-466358,-82348,-82348,-22.524070021881837,0.0,-566810,-649158,-82348,-82348,-22.524070021881837,0.0,-749610,-831958
M1_NEGATIVE_OR_FLAT_ONLY,7500,-6000,30000,155214,155214,42.45459518599562,0.0,-1204921,-1049707,155214,155214,42.45459518599562,0.0,-1387721,-1232507,155214,155214,42.45459518599562,0.0,-1570521,-1415307,155214,155214,42.45459518599562,0.0,-1753321,-1598107,155214,155214,42.45459518599562,0.0,-1936121,-1780907
M1_NEGATIVE_OR_FLAT_ONLY,7500,-6000,60000,323870,323870,88.58588621444201,0.0,-1508523,-1184653,323870,323870,88.58588621444201,0.0,-1691323,-1367453,323870,323870,88.58588621444201,0.0,-1874123,-1550253,323870,323870,88.58588621444201,0.0,-2056923,-1733053,323870,323870,88.58588621444201,0.0,-2239723,-1915853
M1_NEGATIVE_OR_FLAT_ONLY,7500,-6000,120000,434421,434421,118.82412472647702,0.0,-1665810,-1231389,434421,434421,118.82412472647702,0.0,-1848610,-1414189,434421,434421,118.82412472647702,0.0,-2031410,-1596989,434421,434421,118.82412472647702,0.0,-2214210,-1779789,434421,434421,118.82412472647702,0.0,-2397010,-1962589
M1_NEGATIVE_OR_FLAT_ONLY,7500,-5000,30000,138941,138941,38.00355579868709,0.0,-1136054,-997113,138941,138941,38.00355579868709,0.0,-1318854,-1179913,138941,138941,38.00355579868709,0.0,-1501654,-1362713,138941,138941,38.00355579868709,0.0,-1684454,-1545513,138941,138941,38.00355579868709,0.0,-1867254,-1728313
M1_NEGATIVE_OR_FLAT_ONLY,7500,-5000,60000,299555,299555,81.9351750547046,0.0,-1427292,-1127737,299555,299555,81.9351750547046,0.0,-1610092,-1310537,299555,299555,81.9351750547046,0.0,-1792892,-1493337,299555,299555,81.9351750547046,0.0,-1975692,-1676137,299555,299555,81.9351750547046,0.0,-2158492,-1858937
M1_NEGATIVE_OR_FLAT_ONLY,7500,-5000,120000,418218,418218,114.3922319474836,0.0,-1588430,-1170212,418218,418218,114.3922319474836,0.0,-1771230,-1353012,418218,418218,114.3922319474836,0.0,-1954030,-1535812,418218,418218,114.3922319474836,0.0,-2136830,-1718612,418218,418218,114.3922319474836,0.0,-2319630,-1901412
M1_NEGATIVE_OR_FLAT_ONLY,7500,-3000,30000,89393,89393,24.451039387308533,0.0,-943353,-853960,89393,89393,24.451039387308533,0.0,-1126153,-1036760,89393,89393,24.451039387308533,0.0,-1308953,-1219560,89393,89393,24.451039387308533,0.0,-1491753,-1402360,89393,89393,24.451039387308533,0.0,-1674553,-1585160
M1_NEGATIVE_OR_FLAT_ONLY,7500,-3000,60000,184319,184319,50.415481400437635,0.0,-1124787,-940468,184319,184319,50.415481400437635,0.0,-1307587,-1123268,184319,184319,50.415481400437635,0.0,-1490387,-1306068,184319,184319,50.415481400437635,0.0,-1673187,-1488868,184319,184319,50.415481400437635,0.0,-1855987,-1671668
M1_NEGATIVE_OR_FLAT_ONLY,7500,-3000,120000,311873,311873,85.30443107221006,0.0,-1262856,-950983,311873,311873,85.30443107221006,0.0,-1445656,-1133783,311873,311873,85.30443107221006,0.0,-1628456,-1316583,311873,311873,85.30443107221006,0.0,-1811256,-1499383,311873,311873,85.30443107221006,0.0,-1994056,-1682183
M1_NEGATIVE_OR_FLAT_ONLY,7500,-2000,30000,31602,31602,8.643873085339168,0.0,-718215,-686613,31602,31602,8.643873085339168,0.0,-901015,-869413,31602,31602,8.643873085339168,0.0,-1083815,-1052213,31602,31602,8.643873085339168,0.0,-1266615,-1235013,31602,31602,8.643873085339168,0.0,-1449415,-1417813
M1_NEGATIVE_OR_FLAT_ONLY,7500,-2000,60000,108659,108659,29.720733041575492,0.0,-869147,-760488,108659,108659,29.720733041575492,0.0,-1051947,-943288,108659,108659,29.720733041575492,0.0,-1234747,-1126088,108659,108659,29.720733041575492,0.0,-1417547,-1308888,108659,108659,29.720733041575492,0.0,-1600347,-1491688
M1_NEGATIVE_OR_FLAT_ONLY,7500,-2000,120000,230901,230901,63.15672866520788,0.0,-994428,-763527,230901,230901,63.15672866520788,0.0,-1177228,-946327,230901,230901,63.15672866520788,0.0,-1360028,-1129127,230901,230901,63.15672866520788,0.0,-1542828,-1311927,230901,230901,63.15672866520788,0.0,-1725628,-1494727
M1_NEGATIVE_OR_FLAT_ONLY,7500,-1500,30000,28924,28924,7.911378555798687,0.0,-618297,-589373,28924,28924,7.911378555798687,0.0,-801097,-772173,28924,28924,7.911378555798687,0.0,-983897,-954973,28924,28924,7.911378555798687,0.0,-1166697,-1137773,28924,28924,7.911378555798687,0.0,-1349497,-1320573
M1_NEGATIVE_OR_FLAT_ONLY,7500,-1500,60000,53398,53398,14.605579868708972,0.0,-693386,-639988,53398,53398,14.605579868708972,0.0,-876186,-822788,53398,53398,14.605579868708972,0.0,-1058986,-1005588,53398,53398,14.605579868708972,0.0,-1241786,-1188388,53398,53398,14.605579868708972,0.0,-1424586,-1371188
M1_NEGATIVE_OR_FLAT_ONLY,7500,-1500,120000,172253,172253,47.11515317286652,0.0,-818118,-645865,172253,172253,47.11515317286652,0.0,-1000918,-828665,172253,172253,47.11515317286652,0.0,-1183718,-1011465,172253,172253,47.11515317286652,0.0,-1366518,-1194265,172253,172253,47.11515317286652,0.0,-1549318,-1377065
M1_NEGATIVE_OR_FLAT_ONLY,7500,-1000,30000,-4434,-4434,-1.2128008752735229,0.0,-445740,-450174,-4434,-4434,-1.2128008752735229,0.0,-628540,-632974,-4434,-4434,-1.2128008752735229,0.0,-811340,-815774,-4434,-4434,-1.2128008752735229,0.0,-994140,-998574,-4434,-4434,-1.2128008752735229,0.0,-1176940,-1181374
M1_NEGATIVE_OR_FLAT_ONLY,7500,-1000,60000,18384,18384,5.028446389496717,0.0,-506711,-488327,18384,18384,5.028446389496717,0.0,-689511,-671127,18384,18384,5.028446389496717,0.0,-872311,-853927,18384,18384,5.028446389496717,0.0,-1055111,-1036727,18384,18384,5.028446389496717,0.0,-1237911,-1219527
M1_NEGATIVE_OR_FLAT_ONLY,7500,-1000,120000,101983,101983,27.89469365426696,0.0,-604819,-502836,101983,101983,27.89469365426696,0.0,-787619,-685636,101983,101983,27.89469365426696,0.0,-970419,-868436,101983,101983,27.89469365426696,0.0,-1153219,-1051236,101983,101983,27.89469365426696,0.0,-1336019,-1234036
M1_NEGATIVE_OR_FLAT_ONLY,7500,-700,30000,-31193,-31193,-8.532002188183807,0.0,-317843,-349036,-31193,-31193,-8.532002188183807,0.0,-500643,-531836,-31193,-31193,-8.532002188183807,0.0,-683443,-714636,-31193,-31193,-8.532002188183807,0.0,-866243,-897436,-31193,-31193,-8.532002188183807,0.0,-1049043,-1080236
M1_NEGATIVE_OR_FLAT_ONLY,7500,-700,60000,-12548,-12548,-3.4321663019693656,0.0,-358886,-371434,-12548,-12548,-3.4321663019693656,0.0,-541686,-554234,-12548,-12548,-3.4321663019693656,0.0,-724486,-737034,-12548,-12548,-3.4321663019693656,0.0,-907286,-919834,-12548,-12548,-3.4321663019693656,0.0,-1090086,-1102634
M1_NEGATIVE_OR_FLAT_ONLY,7500,-700,120000,64544,64544,17.654266958424508,0.0,-432285,-367741,64544,64544,17.654266958424508,0.0,-615085,-550541,64544,64544,17.654266958424508,0.0,-797885,-733341,64544,64544,17.654266958424508,0.0,-980685,-916141,64544,64544,17.654266958424508,0.0,-1163485,-1098941
M1_NEGATIVE_OR_FLAT_ONLY,7500,-500,30000,-32079,-32079,-8.774343544857768,0.0,-220026,-252105,-32079,-32079,-8.774343544857768,0.0,-402826,-434905,-32079,-32079,-8.774343544857768,0.0,-585626,-617705,-32079,-32079,-8.774343544857768,0.0,-768426,-800505,-32079,-32079,-8.774343544857768,0.0,-951226,-983305
M1_NEGATIVE_OR_FLAT_ONLY,7500,-500,60000,-28142,-28142,-7.697483588621444,0.0,-245464,-273606,-28142,-28142,-7.697483588621444,0.0,-428264,-456406,-28142,-28142,-7.697483588621444,0.0,-611064,-639206,-28142,-28142,-7.697483588621444,0.0,-793864,-822006,-28142,-28142,-7.697483588621444,0.0,-976664,-1004806
M1_NEGATIVE_OR_FLAT_ONLY,7500,-500,120000,32689,32689,8.941192560175054,0.0,-300399,-267710,32689,32689,8.941192560175054,0.0,-483199,-450510,32689,32689,8.941192560175054,0.0,-665999,-633310,32689,32689,8.941192560175054,0.0,-848799,-816110,32689,32689,8.941192560175054,0.0,-1031599,-998910
M1_NEGATIVE_OR_FLAT_ONLY,7500,-300,30000,-43165,-43165,-11.806619256017505,0.0,-114408,-157573,-43165,-43165,-11.806619256017505,0.0,-297208,-340373,-43165,-43165,-11.806619256017505,0.0,-480008,-523173,-43165,-43165,-11.806619256017505,0.0,-662808,-705973,-43165,-43165,-11.806619256017505,0.0,-845608,-888773
M1_NEGATIVE_OR_FLAT_ONLY,7500,-300,60000,-59825,-59825,-16.36351203501094,0.0,-110949,-170774,-59825,-59825,-16.36351203501094,0.0,-293749,-353574,-59825,-59825,-16.36351203501094,0.0,-476549,-536374,-59825,-59825,-16.36351203501094,0.0,-659349,-719174,-59825,-59825,-16.36351203501094,0.0,-842149,-901974
M1_NEGATIVE_OR_FLAT_ONLY,7500,-300,120000,-29138,-29138,-7.969912472647702,0.0,-118315,-147453,-29138,-29138,-7.969912472647702,0.0,-301115,-330253,-29138,-29138,-7.969912472647702,0.0,-483915,-513053,-29138,-29138,-7.969912472647702,0.0,-666715,-695853,-29138,-29138,-7.969912472647702,0.0,-849515,-878653
M1_NEGATIVE_OR_FLAT_ONLY,7500,-200,30000,-59843,-59843,-16.36843544857768,0.0,-41416,-101259,-59843,-59843,-16.36843544857768,0.0,-224216,-284059,-59843,-59843,-16.36843544857768,0.0,-407016,-466859,-59843,-59843,-16.36843544857768,0.0,-589816,-649659,-59843,-59843,-16.36843544857768,0.0,-772616,-832459
M1_NEGATIVE_OR_FLAT_ONLY,7500,-200,60000,-82869,-82869,-22.666575492341355,0.0,-33404,-116273,-82869,-82869,-22.666575492341355,0.0,-216204,-299073,-82869,-82869,-22.666575492341355,0.0,-399004,-481873,-82869,-82869,-22.666575492341355,0.0,-581804,-664673,-82869,-82869,-22.666575492341355,0.0,-764604,-847473
M1_NEGATIVE_OR_FLAT_ONLY,7500,-200,120000,-69157,-69157,-18.916028446389497,0.0,-14600,-83757,-69157,-69157,-18.916028446389497,0.0,-197400,-266557,-69157,-69157,-18.916028446389497,0.0,-380200,-449357,-69157,-69157,-18.916028446389497,0.0,-563000,-632157,-69157,-69157,-18.916028446389497,0.0,-745800,-814957
M1_NEGATIVE_OR_FLAT_ONLY,10000,-6000,30000,142714,142714,39.0355579868709,0.0,-1170690,-1027976,142714,142714,39.0355579868709,0.0,-1353490,-1210776,142714,142714,39.0355579868709,0.0,-1536290,-1393576,142714,142714,39.0355579868709,0.0,-1719090,-1576376,142714,142714,39.0355579868709,0.0,-1901890,-1759176
M1_NEGATIVE_OR_FLAT_ONLY,10000,-6000,60000,322379,322379,88.17806345733041,0.0,-1492785,-1170406,322379,322379,88.17806345733041,0.0,-1675585,-1353206,322379,322379,88.17806345733041,0.0,-1858385,-1536006,322379,322379,88.17806345733041,0.0,-2041185,-1718806,322379,322379,88.17806345733041,0.0,-2223985,-1901606
M1_NEGATIVE_OR_FLAT_ONLY,10000,-6000,120000,391570,391570,107.10339168490154,0.0,-1561555,-1169985,391570,391570,107.10339168490154,0.0,-1744355,-1352785,391570,391570,107.10339168490154,0.0,-1927155,-1535585,391570,391570,107.10339168490154,0.0,-2109955,-1718385,391570,391570,107.10339168490154,0.0,-2292755,-1901185
M1_NEGATIVE_OR_FLAT_ONLY,10000,-5000,30000,126441,126441,34.584518599562365,0.0,-1100823,-974382,126441,126441,34.584518599562365,0.0,-1283623,-1157182,126441,126441,34.584518599562365,0.0,-1466423,-1339982,126441,126441,34.584518599562365,0.0,-1649223,-1522782,126441,126441,34.584518599562365,0.0,-1832023,-1705582
M1_NEGATIVE_OR_FLAT_ONLY,10000,-5000,60000,297064,297064,81.25382932166302,0.0,-1405965,-1108901,297064,297064,81.25382932166302,0.0,-1588765,-1291701,297064,297064,81.25382932166302,0.0,-1771565,-1474501,297064,297064,81.25382932166302,0.0,-1954365,-1657301,297064,297064,81.25382932166302,0.0,-2137165,-1840101
M1_NEGATIVE_OR_FLAT_ONLY,10000,-5000,120000,379367,379367,103.76559080962801,0.0,-1500456,-1121089,379367,379367,103.76559080962801,0.0,-1683256,-1303889,379367,379367,103.76559080962801,0.0,-1866056,-1486689,379367,379367,103.76559080962801,0.0,-2048856,-1669489,379367,379367,103.76559080962801,0.0,-2231656,-1852289
M1_NEGATIVE_OR_FLAT_ONLY,10000,-3000,30000,81893,81893,22.3996170678337,0.0,-905622,-823729,81893,81893,22.3996170678337,0.0,-1088422,-1006529,81893,81893,22.3996170678337,0.0,-1271222,-1189329,81893,81893,22.3996170678337,0.0,-1454022,-1372129,81893,81893,22.3996170678337,0.0,-1636822,-1554929
M1_NEGATIVE_OR_FLAT_ONLY,10000,-3000,60000,187328,187328,51.23851203501094,0.0,-1101960,-914632,187328,187328,51.23851203501094,0.0,-1284760,-1097432,187328,187328,51.23851203501094,0.0,-1467560,-1280232,187328,187328,51.23851203501094,0.0,-1650360,-1463032,187328,187328,51.23851203501094,0.0,-1833160,-1645832
M1_NEGATIVE_OR_FLAT_ONLY,10000,-3000,120000,288037,288037,78.7847374179431,0.0,-1188397,-900360,288037,288037,78.7847374179431,0.0,-1371197,-1083160,288037,288037,78.7847374179431,0.0,-1553997,-1265960,288037,288037,78.7847374179431,0.0,-1736797,-1448760,288037,288037,78.7847374179431,0.0,-1919597,-1631560
M1_NEGATIVE_OR_FLAT_ONLY,10000,-2000,30000,26602,26602,7.2762582056892775,0.0,-690484,-663882,26602,26602,7.2762582056892775,0.0,-873284,-846682,26602,26602,7.2762582056892775,0.0,-1056084,-1029482,26602,26602,7.2762582056892775,0.0,-1238884,-1212282,26602,26602,7.2762582056892775,0.0,-1421684,-1395082
M1_NEGATIVE_OR_FLAT_ONLY,10000,-2000,60000,115668,115668,31.63785557986871,0.0,-856820,-741152,115668,115668,31.63785557986871,0.0,-1039620,-923952,115668,115668,31.63785557986871,0.0,-1222420,-1106752,115668,115668,31.63785557986871,0.0,-1405220,-1289552,115668,115668,31.63785557986871,0.0,-1588020,-1472352
M1_NEGATIVE_OR_FLAT_ONLY,10000,-2000,120000,217753,217753,59.560448577680525,0.0,-943657,-725904,217753,217753,59.560448577680525,0.0,-1126457,-908704,217753,217753,59.560448577680525,0.0,-1309257,-1091504,217753,217753,59.560448577680525,0.0,-1492057,-1274304,217753,217753,59.560448577680525,0.0,-1674857,-1457104
M1_NEGATIVE_OR_FLAT_ONLY,10000,-1500,30000,23924,23924,6.543763676148797,0.0,-598170,-574246,23924,23924,6.543763676148797,0.0,-780970,-757046,23924,23924,6.543763676148797,0.0,-963770,-939846,23924,23924,6.543763676148797,0.0,-1146570,-1122646,23924,23924,6.543763676148797,0.0,-1329370,-1305446
M1_NEGATIVE_OR_FLAT_ONLY,10000,-1500,60000,59907,59907,16.3859409190372,0.0,-683170,-623263,59907,59907,16.3859409190372,0.0,-865970,-806063,59907,59907,16.3859409190372,0.0,-1048770,-988863,59907,59907,16.3859409190372,0.0,-1231570,-1171663,59907,59907,16.3859409190372,0.0,-1414370,-1354463
M1_NEGATIVE_OR_FLAT_ONLY,10000,-1500,120000,163605,163605,44.74972647702407,0.0,-777633,-614028,163605,163605,44.74972647702407,0.0,-960433,-796828,163605,163605,44.74972647702407,0.0,-1143233,-979628,163605,163605,44.74972647702407,0.0,-1326033,-1162428,163605,163605,44.74972647702407,0.0,-1508833,-1345228
M1_NEGATIVE_OR_FLAT_ONLY,10000,-1000,30000,-9434,-9434,-2.5804157549234135,0.0,-425113,-434547,-9434,-9434,-2.5804157549234135,0.0,-607913,-617347,-9434,-9434,-2.5804157549234135,0.0,-790713,-800147,-9434,-9434,-2.5804157549234135,0.0,-973513,-982947,-9434,-9434,-2.5804157549234135,0.0,-1156313,-1165747
M1_NEGATIVE_OR_FLAT_ONLY,10000,-1000,60000,26803,26803,7.331236323851203,0.0,-497257,-470454,26803,26803,7.331236323851203,0.0,-680057,-653254,26803,26803,7.331236323851203,0.0,-862857,-836054,26803,26803,7.331236323851203,0.0,-1045657,-1018854,26803,26803,7.331236323851203,0.0,-1228457,-1201654
M1_NEGATIVE_OR_FLAT_ONLY,10000,-1000,120000,93994,93994,25.70951859956236,0.0,-567469,-473475,93994,93994,25.70951859956236,0.0,-750269,-656275,93994,93994,25.70951859956236,0.0,-933069,-839075,93994,93994,25.70951859956236,0.0,-1115869,-1021875,93994,93994,25.70951859956236,0.0,-1298669,-1204675
M1_NEGATIVE_OR_FLAT_ONLY,10000,-700,30000,-36193,-36193,-9.899617067833699,0.0,-296916,-333109,-36193,-36193,-9.899617067833699,0.0,-479716,-515909,-36193,-36193,-9.899617067833699,0.0,-662516,-698709,-36193,-36193,-9.899617067833699,0.0,-845316,-881509,-36193,-36193,-9.899617067833699,0.0,-1028116,-1064309
M1_NEGATIVE_OR_FLAT_ONLY,10000,-700,60000,-4429,-4429,-1.2114332603938731,0.0,-348532,-352961,-4429,-4429,-1.2114332603938731,0.0,-531332,-535761,-4429,-4429,-1.2114332603938731,0.0,-714132,-718561,-4429,-4429,-1.2114332603938731,0.0,-896932,-901361,-4429,-4429,-1.2114332603938731,0.0,-1079732,-1084161
M1_NEGATIVE_OR_FLAT_ONLY,10000,-700,120000,62663,62663,17.13977024070022,0.0,-405443,-342780,62663,62663,17.13977024070022,0.0,-588243,-525580,62663,62663,17.13977024070022,0.0,-771043,-708380,62663,62663,17.13977024070022,0.0,-953843,-891180,62663,62663,17.13977024070022,0.0,-1136643,-1073980
M1_NEGATIVE_OR_FLAT_ONLY,10000,-500,30000,-34579,-34579,-9.458150984682714,0.0,-201399,-235978,-34579,-34579,-9.458150984682714,0.0,-384199,-418778,-34579,-34579,-9.458150984682714,0.0,-566999,-601578,-34579,-34579,-9.458150984682714,0.0,-749799,-784378,-34579,-34579,-9.458150984682714,0.0,-932599,-967178
M1_NEGATIVE_OR_FLAT_ONLY,10000,-500,60000,-17723,-17723,-4.847647702407002,0.0,-239510,-257233,-17723,-17723,-4.847647702407002,0.0,-422310,-440033,-17723,-17723,-4.847647702407002,0.0,-605110,-622833,-17723,-17723,-4.847647702407002,0.0,-787910,-805633,-17723,-17723,-4.847647702407002,0.0,-970710,-988433
M1_NEGATIVE_OR_FLAT_ONLY,10000,-500,120000,35608,35608,9.73960612691466,0.0,-280457,-244849,35608,35608,9.73960612691466,0.0,-463257,-427649,35608,35608,9.73960612691466,0.0,-646057,-610449,35608,35608,9.73960612691466,0.0,-828857,-793249,35608,35608,9.73960612691466,0.0,-1011657,-976049
M1_NEGATIVE_OR_FLAT_ONLY,10000,-300,30000,-45665,-45665,-12.490426695842451,0.0,-98081,-143746,-45665,-45665,-12.490426695842451,0.0,-280881,-326546,-45665,-45665,-12.490426695842451,0.0,-463681,-509346,-45665,-45665,-12.490426695842451,0.0,-646481,-692146,-45665,-45665,-12.490426695842451,0.0,-829281,-874946
M1_NEGATIVE_OR_FLAT_ONLY,10000,-300,60000,-49606,-49606,-13.568380743982495,0.0,-106895,-156501,-49606,-49606,-13.568380743982495,0.0,-289695,-339301,-49606,-49606,-13.568380743982495,0.0,-472495,-522101,-49606,-49606,-13.568380743982495,0.0,-655295,-704901,-49606,-49606,-13.568380743982495,0.0,-838095,-887701
M1_NEGATIVE_OR_FLAT_ONLY,10000,-300,120000,-26419,-26419,-7.2262035010940915,0.0,-101602,-128021,-26419,-26419,-7.2262035010940915,0.0,-284402,-310821,-26419,-26419,-7.2262035010940915,0.0,-467202,-493621,-26419,-26419,-7.2262035010940915,0.0,-650002,-676421,-26419,-26419,-7.2262035010940915,0.0,-832802,-859221
M1_NEGATIVE_OR_FLAT_ONLY,10000,-200,30000,-62343,-62343,-17.052242888402628,0.0,-26616,-88959,-62343,-62343,-17.052242888402628,0.0,-209416,-271759,-62343,-62343,-17.052242888402628,0.0,-392216,-454559,-62343,-62343,-17.052242888402628,0.0,-575016,-637359,-62343,-62343,-17.052242888402628,0.0,-757816,-820159
M1_NEGATIVE_OR_FLAT_ONLY,10000,-200,60000,-72750,-72750,-19.89879649890591,0.0,-31550,-104300,-72750,-72750,-19.89879649890591,0.0,-214350,-287100,-72750,-72750,-19.89879649890591,0.0,-397150,-469900,-72750,-72750,-19.89879649890591,0.0,-579950,-652700,-72750,-72750,-19.89879649890591,0.0,-762750,-835500
M1_NEGATIVE_OR_FLAT_ONLY,10000,-200,120000,-66538,-66538,-18.199671772428886,0.0,13,-66525,-66538,-66538,-18.199671772428886,0.0,-182787,-249325,-66538,-66538,-18.199671772428886,0.0,-365587,-432125,-66538,-66538,-18.199671772428886,0.0,-548387,-614925,-66538,-66538,-18.199671772428886,0.0,-731187,-797725
M2_LOW_PROFIT_ONLY,1000,-6000,30000,265285,265285,72.56154266958424,0.0,-1368914,-1103629,265285,265285,72.56154266958424,0.0,-1551714,-1286429,265285,265285,72.56154266958424,0.0,-1734514,-1469229,265285,265285,72.56154266958424,0.0,-1917314,-1652029,265285,265285,72.56154266958424,0.0,-2100114,-1834829
M2_LOW_PROFIT_ONLY,1000,-6000,60000,408201,408201,111.652352297593,0.0,-1531283,-1123082,408201,408201,111.652352297593,0.0,-1714083,-1305882,408201,408201,111.652352297593,0.0,-1896883,-1488682,408201,408201,111.652352297593,0.0,-2079683,-1671482,408201,408201,111.652352297593,0.0,-2262483,-1854282
M2_LOW_PROFIT_ONLY,1000,-6000,120000,523772,523772,143.2636761487965,0.0,-1651963,-1128191,523772,523772,143.2636761487965,0.0,-1834763,-1310991,523772,523772,143.2636761487965,0.0,-2017563,-1493791,523772,523772,143.2636761487965,0.0,-2200363,-1676591,523772,523772,143.2636761487965,0.0,-2383163,-1859391
M2_LOW_PROFIT_ONLY,1000,-5000,30000,242231,242231,66.25574398249454,0.0,-1307295,-1065064,242231,242231,66.25574398249454,0.0,-1490095,-1247864,242231,242231,66.25574398249454,0.0,-1672895,-1430664,242231,242231,66.25574398249454,0.0,-1855695,-1613464,242231,242231,66.25574398249454,0.0,-2038495,-1796264
M2_LOW_PROFIT_ONLY,1000,-5000,60000,387980,387980,106.12144420131291,0.0,-1471063,-1083083,387980,387980,106.12144420131291,0.0,-1653863,-1265883,387980,387980,106.12144420131291,0.0,-1836663,-1448683,387980,387980,106.12144420131291,0.0,-2019463,-1631483,387980,387980,106.12144420131291,0.0,-2202263,-1814283
M2_LOW_PROFIT_ONLY,1000,-5000,120000,501936,501936,137.2910284463895,0.0,-1587331,-1085395,501936,501936,137.2910284463895,0.0,-1770131,-1268195,501936,501936,137.2910284463895,0.0,-1952931,-1450995,501936,501936,137.2910284463895,0.0,-2135731,-1633795,501936,501936,137.2910284463895,0.0,-2318531,-1816595
M2_LOW_PROFIT_ONLY,1000,-3000,30000,170757,170757,46.70596280087528,0.0,-1103907,-933150,170757,170757,46.70596280087528,0.0,-1286707,-1115950,170757,170757,46.70596280087528,0.0,-1469507,-1298750,170757,170757,46.70596280087528,0.0,-1652307,-1481550,170757,170757,46.70596280087528,0.0,-1835107,-1664350
M2_LOW_PROFIT_ONLY,1000,-3000,60000,268432,268432,73.42231947483589,0.0,-1210749,-942317,268432,268432,73.42231947483589,0.0,-1393549,-1125117,268432,268432,73.42231947483589,0.0,-1576349,-1307917,268432,268432,73.42231947483589,0.0,-1759149,-1490717,268432,268432,73.42231947483589,0.0,-1941949,-1673517
M2_LOW_PROFIT_ONLY,1000,-3000,120000,383610,383610,104.92614879649891,0.0,-1325565,-941955,383610,383610,104.92614879649891,0.0,-1508365,-1124755,383610,383610,104.92614879649891,0.0,-1691165,-1307555,383610,383610,104.92614879649891,0.0,-1873965,-1490355,383610,383610,104.92614879649891,0.0,-2056765,-1673155
M2_LOW_PROFIT_ONLY,1000,-2000,30000,106072,106072,29.01312910284464,0.0,-887598,-781526,106072,106072,29.01312910284464,0.0,-1070398,-964326,106072,106072,29.01312910284464,0.0,-1253198,-1147126,106072,106072,29.01312910284464,0.0,-1435998,-1329926,106072,106072,29.01312910284464,0.0,-1618798,-1512726
M2_LOW_PROFIT_ONLY,1000,-2000,60000,183096,183096,50.08096280087528,0.0,-975024,-791928,183096,183096,50.08096280087528,0.0,-1157824,-974728,183096,183096,50.08096280087528,0.0,-1340624,-1157528,183096,183096,50.08096280087528,0.0,-1523424,-1340328,183096,183096,50.08096280087528,0.0,-1706224,-1523128
M2_LOW_PROFIT_ONLY,1000,-2000,120000,277613,277613,75.93353391684902,0.0,-1066538,-788925,277613,277613,75.93353391684902,0.0,-1249338,-971725,277613,277613,75.93353391684902,0.0,-1432138,-1154525,277613,277613,75.93353391684902,0.0,-1614938,-1337325,277613,277613,75.93353391684902,0.0,-1797738,-1520125
M2_LOW_PROFIT_ONLY,1000,-1500,30000,100887,100887,27.594912472647703,0.0,-779901,-679014,100887,100887,27.594912472647703,0.0,-962701,-861814,100887,100887,27.594912472647703,0.0,-1145501,-1044614,100887,100887,27.594912472647703,0.0,-1328301,-1227414,100887,100887,27.594912472647703,0.0,-1511101,-1410214
M2_LOW_PROFIT_ONLY,1000,-1500,60000,144860,144860,39.62253829321663,0.0,-833953,-689093,144860,144860,39.62253829321663,0.0,-1016753,-871893,144860,144860,39.62253829321663,0.0,-1199553,-1054693,144860,144860,39.62253829321663,0.0,-1382353,-1237493,144860,144860,39.62253829321663,0.0,-1565153,-1420293
M2_LOW_PROFIT_ONLY,1000,-1500,120000,230416,230416,63.02407002188184,0.0,-919272,-688856,230416,230416,63.02407002188184,0.0,-1102072,-871656,230416,230416,63.02407002188184,0.0,-1284872,-1054456,230416,230416,63.02407002188184,0.0,-1467672,-1237256,230416,230416,63.02407002188184,0.0,-1650472,-1420056
M2_LOW_PROFIT_ONLY,1000,-1000,30000,62966,62966,17.222647702407002,0.0,-616262,-553296,62966,62966,17.222647702407002,0.0,-799062,-736096,62966,62966,17.222647702407002,0.0,-981862,-918896,62966,62966,17.222647702407002,0.0,-1164662,-1101696,62966,62966,17.222647702407002,0.0,-1347462,-1284496
M2_LOW_PROFIT_ONLY,1000,-1000,60000,89513,89513,24.483862144420133,0.0,-647358,-557845,89513,89513,24.483862144420133,0.0,-830158,-740645,89513,89513,24.483862144420133,0.0,-1012958,-923445,89513,89513,24.483862144420133,0.0,-1195758,-1106245,89513,89513,24.483862144420133,0.0,-1378558,-1289045
M2_LOW_PROFIT_ONLY,1000,-1000,120000,156562,156562,42.82330415754923,0.0,-714068,-557506,156562,156562,42.82330415754923,0.0,-896868,-740306,156562,156562,42.82330415754923,0.0,-1079668,-923106,156562,156562,42.82330415754923,0.0,-1262468,-1105906,156562,156562,42.82330415754923,0.0,-1445268,-1288706
M2_LOW_PROFIT_ONLY,1000,-700,30000,31227,31227,8.541301969365426,0.0,-484713,-453486,31227,31227,8.541301969365426,0.0,-667513,-636286,31227,31227,8.541301969365426,0.0,-850313,-819086,31227,31227,8.541301969365426,0.0,-1033113,-1001886,31227,31227,8.541301969365426,0.0,-1215913,-1184686
M2_LOW_PROFIT_ONLY,1000,-700,60000,42889,42889,11.731126914660832,0.0,-501276,-458387,42889,42889,11.731126914660832,0.0,-684076,-641187,42889,42889,11.731126914660832,0.0,-866876,-823987,42889,42889,11.731126914660832,0.0,-1049676,-1006787,42889,42889,11.731126914660832,0.0,-1232476,-1189587
M2_LOW_PROFIT_ONLY,1000,-700,120000,94689,94689,25.8996170678337,0.0,-553948,-459259,94689,94689,25.8996170678337,0.0,-736748,-642059,94689,94689,25.8996170678337,0.0,-919548,-824859,94689,94689,25.8996170678337,0.0,-1102348,-1007659,94689,94689,25.8996170678337,0.0,-1285148,-1190459
M2_LOW_PROFIT_ONLY,1000,-500,30000,17882,17882,4.891137855579869,0.0,-385927,-368045,17882,17882,4.891137855579869,0.0,-568727,-550845,17882,17882,4.891137855579869,0.0,-751527,-733645,17882,17882,4.891137855579869,0.0,-934327,-916445,17882,17882,4.891137855579869,0.0,-1117127,-1099245
M2_LOW_PROFIT_ONLY,1000,-500,60000,19609,19609,5.363512035010941,0.0,-391170,-371561,19609,19609,5.363512035010941,0.0,-573970,-554361,19609,19609,5.363512035010941,0.0,-756770,-737161,19609,19609,5.363512035010941,0.0,-939570,-919961,19609,19609,5.363512035010941,0.0,-1122370,-1102761
M2_LOW_PROFIT_ONLY,1000,-500,120000,59448,59448,16.260393873085338,0.0,-431881,-372433,59448,59448,16.260393873085338,0.0,-614681,-555233,59448,59448,16.260393873085338,0.0,-797481,-738033,59448,59448,16.260393873085338,0.0,-980281,-920833,59448,59448,16.260393873085338,0.0,-1163081,-1103633
M2_LOW_PROFIT_ONLY,1000,-300,30000,-5669,-5669,-1.550601750547046,0.0,-266617,-272286,-5669,-5669,-1.550601750547046,0.0,-449417,-455086,-5669,-5669,-1.550601750547046,0.0,-632217,-637886,-5669,-5669,-1.550601750547046,0.0,-815017,-820686,-5669,-5669,-1.550601750547046,0.0,-997817,-1003486
M2_LOW_PROFIT_ONLY,1000,-300,60000,-14314,-14314,-3.915207877461707,0.0,-262739,-277053,-14314,-14314,-3.915207877461707,0.0,-445539,-459853,-14314,-14314,-3.915207877461707,0.0,-628339,-642653,-14314,-14314,-3.915207877461707,0.0,-811139,-825453,-14314,-14314,-3.915207877461707,0.0,-993939,-1008253
M2_LOW_PROFIT_ONLY,1000,-300,120000,972,972,0.2658643326039387,0.0,-278860,-277888,972,972,0.2658643326039387,0.0,-461660,-460688,972,972,0.2658643326039387,0.0,-644460,-643488,972,972,0.2658643326039387,0.0,-827260,-826288,972,972,0.2658643326039387,0.0,-1010060,-1009088
M2_LOW_PROFIT_ONLY,1000,-200,30000,-23559,-23559,-6.443927789934355,0.0,-192313,-215872,-23559,-23559,-6.443927789934355,0.0,-375113,-398672,-23559,-23559,-6.443927789934355,0.0,-557913,-581472,-23559,-23559,-6.443927789934355,0.0,-740713,-764272,-23559,-23559,-6.443927789934355,0.0,-923513,-947072
M2_LOW_PROFIT_ONLY,1000,-200,60000,-41805,-41805,-11.434628008752735,0.0,-178101,-219906,-41805,-41805,-11.434628008752735,0.0,-360901,-402706,-41805,-41805,-11.434628008752735,0.0,-543701,-585506,-41805,-41805,-11.434628008752735,0.0,-726501,-768306,-41805,-41805,-11.434628008752735,0.0,-909301,-951106
M2_LOW_PROFIT_ONLY,1000,-200,120000,-40024,-40024,-10.947483588621445,0.0,-180617,-220641,-40024,-40024,-10.947483588621445,0.0,-363417,-403441,-40024,-40024,-10.947483588621445,0.0,-546217,-586241,-40024,-40024,-10.947483588621445,0.0,-729017,-769041,-40024,-40024,-10.947483588621445,0.0,-911817,-951841
M2_LOW_PROFIT_ONLY,1500,-6000,30000,258055,258055,70.58397155361051,0.0,-1327813,-1069758,258055,258055,70.58397155361051,0.0,-1510613,-1252558,258055,258055,70.58397155361051,0.0,-1693413,-1435358,258055,258055,70.58397155361051,0.0,-1876213,-1618158,258055,258055,70.58397155361051,0.0,-2059013,-1800958
M2_LOW_PROFIT_ONLY,1500,-6000,60000,391551,391551,107.09819474835886,0.0,-1515337,-1123786,391551,391551,107.09819474835886,0.0,-1698137,-1306586,391551,391551,107.09819474835886,0.0,-1880937,-1489386,391551,391551,107.09819474835886,0.0,-2063737,-1672186,391551,391551,107.09819474835886,0.0,-2246537,-1854986
M2_LOW_PROFIT_ONLY,1500,-6000,120000,511135,511135,139.80716630196937,0.0,-1665000,-1153865,511135,511135,139.80716630196937,0.0,-1847800,-1336665,511135,511135,139.80716630196937,0.0,-2030600,-1519465,511135,511135,139.80716630196937,0.0,-2213400,-1702265,511135,511135,139.80716630196937,0.0,-2396200,-1885065
M2_LOW_PROFIT_ONLY,1500,-5000,30000,234001,234001,64.00464989059081,0.0,-1263117,-1029116,234001,234001,64.00464989059081,0.0,-1445917,-1211916,234001,234001,64.00464989059081,0.0,-1628717,-1394716,234001,234001,64.00464989059081,0.0,-1811517,-1577516,234001,234001,64.00464989059081,0.0,-1994317,-1760316
M2_LOW_PROFIT_ONLY,1500,-5000,60000,369437,369437,101.04950765864332,0.0,-1450577,-1081140,369437,369437,101.04950765864332,0.0,-1633377,-1263940,369437,369437,101.04950765864332,0.0,-1816177,-1446740,369437,369437,101.04950765864332,0.0,-1998977,-1629540,369437,369437,101.04950765864332,0.0,-2181777,-1812340
M2_LOW_PROFIT_ONLY,1500,-5000,120000,484271,484271,132.45924507658643,0.0,-1595103,-1110832,484271,484271,132.45924507658643,0.0,-1777903,-1293632,484271,484271,132.45924507658643,0.0,-1960703,-1476432,484271,484271,132.45924507658643,0.0,-2143503,-1659232,484271,484271,132.45924507658643,0.0,-2326303,-1842032
M2_LOW_PROFIT_ONLY,1500,-3000,30000,159814,159814,43.71280087527352,0.0,-1055149,-895335,159814,159814,43.71280087527352,0.0,-1237949,-1078135,159814,159814,43.71280087527352,0.0,-1420749,-1260935,159814,159814,43.71280087527352,0.0,-1603549,-1443735,159814,159814,43.71280087527352,0.0,-1786349,-1626535
M2_LOW_PROFIT_ONLY,1500,-3000,60000,253187,253187,69.25246170678336,0.0,-1182185,-928998,253187,253187,69.25246170678336,0.0,-1364985,-1111798,253187,253187,69.25246170678336,0.0,-1547785,-1294598,253187,253187,69.25246170678336,0.0,-1730585,-1477398,253187,253187,69.25246170678336,0.0,-1913385,-1660198
M2_LOW_PROFIT_ONLY,1500,-3000,120000,364859,364859,99.79731947483589,0.0,-1306193,-941334,364859,364859,99.79731947483589,0.0,-1488993,-1124134,364859,364859,99.79731947483589,0.0,-1671793,-1306934,364859,364859,99.79731947483589,0.0,-1854593,-1489734,364859,364859,99.79731947483589,0.0,-2037393,-1672534
M2_LOW_PROFIT_ONLY,1500,-2000,30000,97084,97084,26.554704595185996,0.0,-839451,-742367,97084,97084,26.554704595185996,0.0,-1022251,-925167,97084,97084,26.554704595185996,0.0,-1205051,-1107967,97084,97084,26.554704595185996,0.0,-1387851,-1290767,97084,97084,26.554704595185996,0.0,-1570651,-1473567
M2_LOW_PROFIT_ONLY,1500,-2000,60000,172150,172150,47.08698030634573,0.0,-944127,-771977,172150,172150,47.08698030634573,0.0,-1126927,-954777,172150,172150,47.08698030634573,0.0,-1309727,-1137577,172150,172150,47.08698030634573,0.0,-1492527,-1320377,172150,172150,47.08698030634573,0.0,-1675327,-1503177
M2_LOW_PROFIT_ONLY,1500,-2000,120000,262708,262708,71.8566739606127,0.0,-1040613,-777905,262708,262708,71.8566739606127,0.0,-1223413,-960705,262708,262708,71.8566739606127,0.0,-1406213,-1143505,262708,262708,71.8566739606127,0.0,-1589013,-1326305,262708,262708,71.8566739606127,0.0,-1771813,-1509105
M2_LOW_PROFIT_ONLY,1500,-1500,30000,94153,94153,25.75300875273523,0.0,-730067,-635914,94153,94153,25.75300875273523,0.0,-912867,-818714,94153,94153,25.75300875273523,0.0,-1095667,-1001514,94153,94153,25.75300875273523,0.0,-1278467,-1184314,94153,94153,25.75300875273523,0.0,-1461267,-1367114
M2_LOW_PROFIT_ONLY,1500,-1500,60000,124258,124258,33.98741794310722,0.0,-784400,-660142,124258,124258,33.98741794310722,0.0,-967200,-842942,124258,124258,33.98741794310722,0.0,-1150000,-1025742,124258,124258,33.98741794310722,0.0,-1332800,-1208542,124258,124258,33.98741794310722,0.0,-1515600,-1391342
M2_LOW_PROFIT_ONLY,1500,-1500,120000,206557,206557,56.49808533916849,0.0,-872596,-666039,206557,206557,56.49808533916849,0.0,-1055396,-848839,206557,206557,56.49808533916849,0.0,-1238196,-1031639,206557,206557,56.49808533916849,0.0,-1420996,-1214439,206557,206557,56.49808533916849,0.0,-1603796,-1397239
M2_LOW_PROFIT_ONLY,1500,-1000,30000,50952,50952,13.936542669584245,0.0,-561170,-510218,50952,50952,13.936542669584245,0.0,-743970,-693018,50952,50952,13.936542669584245,0.0,-926770,-875818,50952,50952,13.936542669584245,0.0,-1109570,-1058618,50952,50952,13.936542669584245,0.0,-1292370,-1241418
M2_LOW_PROFIT_ONLY,1500,-1000,60000,65070,65070,17.798140043763677,0.0,-592649,-527579,65070,65070,17.798140043763677,0.0,-775449,-710379,65070,65070,17.798140043763677,0.0,-958249,-893179,65070,65070,17.798140043763677,0.0,-1141049,-1075979,65070,65070,17.798140043763677,0.0,-1323849,-1258779
M2_LOW_PROFIT_ONLY,1500,-1000,120000,131516,131516,35.972647702407,0.0,-664308,-532792,131516,131516,35.972647702407,0.0,-847108,-715592,131516,131516,35.972647702407,0.0,-1029908,-898392,131516,131516,35.972647702407,0.0,-1212708,-1081192,131516,131516,35.972647702407,0.0,-1395508,-1263992
M2_LOW_PROFIT_ONLY,1500,-700,30000,18546,18546,5.072757111597374,0.0,-432610,-414064,18546,18546,5.072757111597374,0.0,-615410,-596864,18546,18546,5.072757111597374,0.0,-798210,-779664,18546,18546,5.072757111597374,0.0,-981010,-962464,18546,18546,5.072757111597374,0.0,-1163810,-1145264
M2_LOW_PROFIT_ONLY,1500,-700,60000,18340,18340,5.016411378555799,0.0,-454067,-435727,18340,18340,5.016411378555799,0.0,-636867,-618527,18340,18340,5.016411378555799,0.0,-819667,-801327,18340,18340,5.016411378555799,0.0,-1002467,-984127,18340,18340,5.016411378555799,0.0,-1185267,-1166927
M2_LOW_PROFIT_ONLY,1500,-700,120000,69585,69585,19.033096280087527,0.0,-509859,-440274,69585,69585,19.033096280087527,0.0,-692659,-623074,69585,69585,19.033096280087527,0.0,-875459,-805874,69585,69585,19.033096280087527,0.0,-1058259,-988674,69585,69585,19.033096280087527,0.0,-1241059,-1171474
M2_LOW_PROFIT_ONLY,1500,-500,30000,7234,7234,1.9786652078774618,0.0,-334140,-326906,7234,7234,1.9786652078774618,0.0,-516940,-509706,7234,7234,1.9786652078774618,0.0,-699740,-692506,7234,7234,1.9786652078774618,0.0,-882540,-875306,7234,7234,1.9786652078774618,0.0,-1065340,-1058106
M2_LOW_PROFIT_ONLY,1500,-500,60000,-1134,-1134,-0.31017505470459517,0.0,-347571,-348705,-1134,-1134,-0.31017505470459517,0.0,-530371,-531505,-1134,-1134,-0.31017505470459517,0.0,-713171,-714305,-1134,-1134,-0.31017505470459517,0.0,-895971,-897105,-1134,-1134,-0.31017505470459517,0.0,-1078771,-1079905
M2_LOW_PROFIT_ONLY,1500,-500,120000,39548,39548,10.817286652078774,0.0,-389696,-350148,39548,39548,10.817286652078774,0.0,-572496,-532948,39548,39548,10.817286652078774,0.0,-755296,-715748,39548,39548,10.817286652078774,0.0,-938096,-898548,39548,39548,10.817286652078774,0.0,-1120896,-1081348
M2_LOW_PROFIT_ONLY,1500,-300,30000,-15203,-15203,-4.158369803063457,0.0,-214017,-229220,-15203,-15203,-4.158369803063457,0.0,-396817,-412020,-15203,-15203,-4.158369803063457,0.0,-579617,-594820,-15203,-15203,-4.158369803063457,0.0,-762417,-777620,-15203,-15203,-4.158369803063457,0.0,-945217,-960420
M2_LOW_PROFIT_ONLY,1500,-300,60000,-32965,-32965,-9.016684901531729,0.0,-221025,-253990,-32965,-32965,-9.016684901531729,0.0,-403825,-436790,-32965,-32965,-9.016684901531729,0.0,-586625,-619590,-32965,-32965,-9.016684901531729,0.0,-769425,-802390,-32965,-32965,-9.016684901531729,0.0,-952225,-985190
M2_LOW_PROFIT_ONLY,1500,-300,120000,-14240,-14240,-3.894967177242888,0.0,-240888,-255128,-14240,-14240,-3.894967177242888,0.0,-423688,-437928,-14240,-14240,-3.894967177242888,0.0,-606488,-620728,-14240,-14240,-3.894967177242888,0.0,-789288,-803528,-14240,-14240,-3.894967177242888,0.0,-972088,-986328
M2_LOW_PROFIT_ONLY,1500,-200,30000,-32820,-32820,-8.977024070021882,0.0,-139295,-172115,-32820,-32820,-8.977024070021882,0.0,-322095,-354915,-32820,-32820,-8.977024070021882,0.0,-504895,-537715,-32820,-32820,-8.977024070021882,0.0,-687695,-720515,-32820,-32820,-8.977024070021882,0.0,-870495,-903315
M2_LOW_PROFIT_ONLY,1500,-200,60000,-60617,-60617,-16.580142231947484,0.0,-133847,-194464,-60617,-60617,-16.580142231947484,0.0,-316647,-377264,-60617,-60617,-16.580142231947484,0.0,-499447,-560064,-60617,-60617,-16.580142231947484,0.0,-682247,-742864,-60617,-60617,-16.580142231947484,0.0,-865047,-925664
M2_LOW_PROFIT_ONLY,1500,-200,120000,-55631,-55631,-15.216356673960613,0.0,-138850,-194481,-55631,-55631,-15.216356673960613,0.0,-321650,-377281,-55631,-55631,-15.216356673960613,0.0,-504450,-560081,-55631,-55631,-15.216356673960613,0.0,-687250,-742881,-55631,-55631,-15.216356673960613,0.0,-870050,-925681
M2_LOW_PROFIT_ONLY,2000,-6000,30000,243870,243870,66.70404814004377,0.0,-1315991,-1072121,243870,243870,66.70404814004377,0.0,-1498791,-1254921,243870,243870,66.70404814004377,0.0,-1681591,-1437721,243870,243870,66.70404814004377,0.0,-1864391,-1620521,243870,243870,66.70404814004377,0.0,-2047191,-1803321
M2_LOW_PROFIT_ONLY,2000,-6000,60000,373549,373549,102.17423413566739,0.0,-1508631,-1135082,373549,373549,102.17423413566739,0.0,-1691431,-1317882,373549,373549,102.17423413566739,0.0,-1874231,-1500682,373549,373549,102.17423413566739,0.0,-2057031,-1683482,373549,373549,102.17423413566739,0.0,-2239831,-1866282
M2_LOW_PROFIT_ONLY,2000,-6000,120000,483534,483534,132.25765864332604,0.0,-1657547,-1174013,483534,483534,132.25765864332604,0.0,-1840347,-1356813,483534,483534,132.25765864332604,0.0,-2023147,-1539613,483534,483534,132.25765864332604,0.0,-2205947,-1722413,483534,483534,132.25765864332604,0.0,-2388747,-1905213
M2_LOW_PROFIT_ONLY,2000,-5000,30000,218816,218816,59.85120350109409,0.0,-1248953,-1030137,218816,218816,59.85120350109409,0.0,-1431753,-1212937,218816,218816,59.85120350109409,0.0,-1614553,-1395737,218816,218816,59.85120350109409,0.0,-1797353,-1578537,218816,218816,59.85120350109409,0.0,-1980153,-1761337
M2_LOW_PROFIT_ONLY,2000,-5000,60000,349829,349829,95.68626914660831,0.0,-1442687,-1092858,349829,349829,95.68626914660831,0.0,-1625487,-1275658,349829,349829,95.68626914660831,0.0,-1808287,-1458458,349829,349829,95.68626914660831,0.0,-1991087,-1641258,349829,349829,95.68626914660831,0.0,-2173887,-1824058
M2_LOW_PROFIT_ONLY,2000,-5000,120000,453593,453593,124.06810722100657,0.0,-1585271,-1131678,453593,453593,124.06810722100657,0.0,-1768071,-1314478,453593,453593,124.06810722100657,0.0,-1950871,-1497278,453593,453593,124.06810722100657,0.0,-2133671,-1680078,453593,453593,124.06810722100657,0.0,-2316471,-1862878
M2_LOW_PROFIT_ONLY,2000,-3000,30000,146077,146077,39.955415754923415,0.0,-1035535,-889458,146077,146077,39.955415754923415,0.0,-1218335,-1072258,146077,146077,39.955415754923415,0.0,-1401135,-1255058,146077,146077,39.955415754923415,0.0,-1583935,-1437858,146077,146077,39.955415754923415,0.0,-1766735,-1620658
M2_LOW_PROFIT_ONLY,2000,-3000,60000,226779,226779,62.02926695842451,0.0,-1152357,-925578,226779,226779,62.02926695842451,0.0,-1335157,-1108378,226779,226779,62.02926695842451,0.0,-1517957,-1291178,226779,226779,62.02926695842451,0.0,-1700757,-1473978,226779,226779,62.02926695842451,0.0,-1883557,-1656778
M2_LOW_PROFIT_ONLY,2000,-3000,120000,334143,334143,91.39578774617068,0.0,-1277022,-942879,334143,334143,91.39578774617068,0.0,-1459822,-1125679,334143,334143,91.39578774617068,0.0,-1642622,-1308479,334143,334143,91.39578774617068,0.0,-1825422,-1491279,334143,334143,91.39578774617068,0.0,-2008222,-1674079
M2_LOW_PROFIT_ONLY,2000,-2000,30000,81265,81265,22.227844638949673,0.0,-811235,-729970,81265,81265,22.227844638949673,0.0,-994035,-912770,81265,81265,22.227844638949673,0.0,-1176835,-1095570,81265,81265,22.227844638949673,0.0,-1359635,-1278370,81265,81265,22.227844638949673,0.0,-1542435,-1461170
M2_LOW_PROFIT_ONLY,2000,-2000,60000,145004,145004,39.661925601750546,0.0,-909382,-764378,145004,145004,39.661925601750546,0.0,-1092182,-947178,145004,145004,39.661925601750546,0.0,-1274982,-1129978,145004,145004,39.661925601750546,0.0,-1457782,-1312778,145004,145004,39.661925601750546,0.0,-1640582,-1495578
M2_LOW_PROFIT_ONLY,2000,-2000,120000,231090,231090,63.20842450765864,0.0,-1002911,-771821,231090,231090,63.20842450765864,0.0,-1185711,-954621,231090,231090,63.20842450765864,0.0,-1368511,-1137421,231090,231090,63.20842450765864,0.0,-1551311,-1320221,231090,231090,63.20842450765864,0.0,-1734111,-1503021
M2_LOW_PROFIT_ONLY,2000,-1500,30000,78555,78555,21.486597374179432,0.0,-707572,-629017,78555,78555,21.486597374179432,0.0,-890372,-811817,78555,78555,21.486597374179432,0.0,-1073172,-994617,78555,78555,21.486597374179432,0.0,-1255972,-1177417,78555,78555,21.486597374179432,0.0,-1438772,-1360217
M2_LOW_PROFIT_ONLY,2000,-1500,60000,98480,98480,26.936542669584245,0.0,-752564,-654084,98480,98480,26.936542669584245,0.0,-935364,-836884,98480,98480,26.936542669584245,0.0,-1118164,-1019684,98480,98480,26.936542669584245,0.0,-1300964,-1202484,98480,98480,26.936542669584245,0.0,-1483764,-1385284
M2_LOW_PROFIT_ONLY,2000,-1500,120000,178026,178026,48.69420131291029,0.0,-838758,-660732,178026,178026,48.69420131291029,0.0,-1021558,-843532,178026,178026,48.69420131291029,0.0,-1204358,-1026332,178026,178026,48.69420131291029,0.0,-1387158,-1209132,178026,178026,48.69420131291029,0.0,-1569958,-1391932
M2_LOW_PROFIT_ONLY,2000,-1000,30000,36522,36522,9.98960612691466,0.0,-541676,-505154,36522,36522,9.98960612691466,0.0,-724476,-687954,36522,36522,9.98960612691466,0.0,-907276,-870754,36522,36522,9.98960612691466,0.0,-1090076,-1053554,36522,36522,9.98960612691466,0.0,-1272876,-1236354
M2_LOW_PROFIT_ONLY,2000,-1000,60000,43331,43331,11.852024070021882,0.0,-567155,-523824,43331,43331,11.852024070021882,0.0,-749955,-706624,43331,43331,11.852024070021882,0.0,-932755,-889424,43331,43331,11.852024070021882,0.0,-1115555,-1072224,43331,43331,11.852024070021882,0.0,-1298355,-1255024
M2_LOW_PROFIT_ONLY,2000,-1000,120000,102600,102600,28.063457330415755,0.0,-631888,-529288,102600,102600,28.063457330415755,0.0,-814688,-712088,102600,102600,28.063457330415755,0.0,-997488,-894888,102600,102600,28.063457330415755,0.0,-1180288,-1077688,102600,102600,28.063457330415755,0.0,-1363088,-1260488
M2_LOW_PROFIT_ONLY,2000,-700,30000,3716,3716,1.0164113785557987,0.0,-411307,-407591,3716,3716,1.0164113785557987,0.0,-594107,-590391,3716,3716,1.0164113785557987,0.0,-776907,-773191,3716,3716,1.0164113785557987,0.0,-959707,-955991,3716,3716,1.0164113785557987,0.0,-1142507,-1138791
M2_LOW_PROFIT_ONLY,2000,-700,60000,-3911,-3911,-1.0697483588621444,0.0,-426540,-430451,-3911,-3911,-1.0697483588621444,0.0,-609340,-613251,-3911,-3911,-1.0697483588621444,0.0,-792140,-796051,-3911,-3911,-1.0697483588621444,0.0,-974940,-978851,-3911,-3911,-1.0697483588621444,0.0,-1157740,-1161651
M2_LOW_PROFIT_ONLY,2000,-700,120000,41023,41023,11.220733041575492,0.0,-478592,-437569,41023,41023,11.220733041575492,0.0,-661392,-620369,41023,41023,11.220733041575492,0.0,-844192,-803169,41023,41023,11.220733041575492,0.0,-1026992,-985969,41023,41023,11.220733041575492,0.0,-1209792,-1168769
M2_LOW_PROFIT_ONLY,2000,-500,30000,-2287,-2287,-0.62554704595186,0.0,-313810,-316097,-2287,-2287,-0.62554704595186,0.0,-496610,-498897,-2287,-2287,-0.62554704595186,0.0,-679410,-681697,-2287,-2287,-0.62554704595186,0.0,-862210,-864497,-2287,-2287,-0.62554704595186,0.0,-1045010,-1047297
M2_LOW_PROFIT_ONLY,2000,-500,60000,-19867,-19867,-5.434080962800875,0.0,-321327,-341194,-19867,-19867,-5.434080962800875,0.0,-504127,-523994,-19867,-19867,-5.434080962800875,0.0,-686927,-706794,-19867,-19867,-5.434080962800875,0.0,-869727,-889594,-19867,-19867,-5.434080962800875,0.0,-1052527,-1072394
M2_LOW_PROFIT_ONLY,2000,-500,120000,16889,16889,4.6195295404814,0.0,-364499,-347610,16889,16889,4.6195295404814,0.0,-547299,-530410,16889,16889,4.6195295404814,0.0,-730099,-713210,16889,16889,4.6195295404814,0.0,-912899,-896010,16889,16889,4.6195295404814,0.0,-1095699,-1078810
M2_LOW_PROFIT_ONLY,2000,-300,30000,-23816,-23816,-6.514223194748359,0.0,-192259,-216075,-23816,-23816,-6.514223194748359,0.0,-375059,-398875,-23816,-23816,-6.514223194748359,0.0,-557859,-581675,-23816,-23816,-6.514223194748359,0.0,-740659,-764475,-23816,-23816,-6.514223194748359,0.0,-923459,-947275
M2_LOW_PROFIT_ONLY,2000,-300,60000,-48481,-48481,-13.260667396061269,0.0,-196251,-244732,-48481,-48481,-13.260667396061269,0.0,-379051,-427532,-48481,-48481,-13.260667396061269,0.0,-561851,-610332,-48481,-48481,-13.260667396061269,0.0,-744651,-793132,-48481,-48481,-13.260667396061269,0.0,-927451,-975932
M2_LOW_PROFIT_ONLY,2000,-300,120000,-36507,-36507,-9.985503282275712,0.0,-210509,-247016,-36507,-36507,-9.985503282275712,0.0,-393309,-429816,-36507,-36507,-9.985503282275712,0.0,-576109,-612616,-36507,-36507,-9.985503282275712,0.0,-758909,-795416,-36507,-36507,-9.985503282275712,0.0,-941709,-978216
M2_LOW_PROFIT_ONLY,2000,-200,30000,-41133,-41133,-11.25082056892779,0.0,-114574,-155707,-41133,-41133,-11.25082056892779,0.0,-297374,-338507,-41133,-41133,-11.25082056892779,0.0,-480174,-521307,-41133,-41133,-11.25082056892779,0.0,-662974,-704107,-41133,-41133,-11.25082056892779,0.0,-845774,-886907
M2_LOW_PROFIT_ONLY,2000,-200,60000,-75453,-75453,-20.63812910284464,0.0,-106653,-182106,-75453,-75453,-20.63812910284464,0.0,-289453,-364906,-75453,-75453,-20.63812910284464,0.0,-472253,-547706,-75453,-75453,-20.63812910284464,0.0,-655053,-730506,-75453,-75453,-20.63812910284464,0.0,-837853,-913306
M2_LOW_PROFIT_ONLY,2000,-200,120000,-76823,-76823,-21.01285557986871,0.0,-106146,-182969,-76823,-76823,-21.01285557986871,0.0,-288946,-365769,-76823,-76823,-21.01285557986871,0.0,-471746,-548569,-76823,-76823,-21.01285557986871,0.0,-654546,-731369,-76823,-76823,-21.01285557986871,0.0,-837346,-914169
M2_LOW_PROFIT_ONLY,3000,-6000,30000,223893,223893,61.23987964989059,0.0,-1268097,-1044204,223893,223893,61.23987964989059,0.0,-1450897,-1227004,223893,223893,61.23987964989059,0.0,-1633697,-1409804,223893,223893,61.23987964989059,0.0,-1816497,-1592604,223893,223893,61.23987964989059,0.0,-1999297,-1775404
M2_LOW_PROFIT_ONLY,3000,-6000,60000,363754,363754,99.49507658643326,0.0,-1493400,-1129646,363754,363754,99.49507658643326,0.0,-1676200,-1312446,363754,363754,99.49507658643326,0.0,-1859000,-1495246,363754,363754,99.49507658643326,0.0,-2041800,-1678046,363754,363754,99.49507658643326,0.0,-2224600,-1860846
M2_LOW_PROFIT_ONLY,3000,-6000,120000,480801,480801,131.51012035010942,0.0,-1661981,-1181180,480801,480801,131.51012035010942,0.0,-1844781,-1363980,480801,480801,131.51012035010942,0.0,-2027581,-1546780,480801,480801,131.51012035010942,0.0,-2210381,-1729580,480801,480801,131.51012035010942,0.0,-2393181,-1912380
M2_LOW_PROFIT_ONLY,3000,-5000,30000,198839,198839,54.38703501094092,0.0,-1198179,-999340,198839,198839,54.38703501094092,0.0,-1380979,-1182140,198839,198839,54.38703501094092,0.0,-1563779,-1364940,198839,198839,54.38703501094092,0.0,-1746579,-1547740,198839,198839,54.38703501094092,0.0,-1929379,-1730540
M2_LOW_PROFIT_ONLY,3000,-5000,60000,336318,336318,91.99070021881838,0.0,-1419829,-1083511,336318,336318,91.99070021881838,0.0,-1602629,-1266311,336318,336318,91.99070021881838,0.0,-1785429,-1449111,336318,336318,91.99070021881838,0.0,-1968229,-1631911,336318,336318,91.99070021881838,0.0,-2151029,-1814711
M2_LOW_PROFIT_ONLY,3000,-5000,120000,447186,447186,122.31564551422319,0.0,-1581120,-1133934,447186,447186,122.31564551422319,0.0,-1763920,-1316734,447186,447186,122.31564551422319,0.0,-1946720,-1499534,447186,447186,122.31564551422319,0.0,-2129520,-1682334,447186,447186,122.31564551422319,0.0,-2312320,-1865134
M2_LOW_PROFIT_ONLY,3000,-3000,30000,128593,128593,35.173140043763674,0.0,-994418,-865825,128593,128593,35.173140043763674,0.0,-1177218,-1048625,128593,128593,35.173140043763674,0.0,-1360018,-1231425,128593,128593,35.173140043763674,0.0,-1542818,-1414225,128593,128593,35.173140043763674,0.0,-1725618,-1597025
M2_LOW_PROFIT_ONLY,3000,-3000,60000,211685,211685,57.90071115973742,0.0,-1126824,-915139,211685,211685,57.90071115973742,0.0,-1309624,-1097939,211685,211685,57.90071115973742,0.0,-1492424,-1280739,211685,211685,57.90071115973742,0.0,-1675224,-1463539,211685,211685,57.90071115973742,0.0,-1858024,-1646339
M2_LOW_PROFIT_ONLY,3000,-3000,120000,322812,322812,88.2964989059081,0.0,-1269441,-946629,322812,322812,88.2964989059081,0.0,-1452241,-1129429,322812,322812,88.2964989059081,0.0,-1635041,-1312229,322812,322812,88.2964989059081,0.0,-1817841,-1495029,322812,322812,88.2964989059081,0.0,-2000641,-1677829
M2_LOW_PROFIT_ONLY,3000,-2000,30000,64649,64649,17.682986870897157,0.0,-768523,-703874,64649,64649,17.682986870897157,0.0,-951323,-886674,64649,64649,17.682986870897157,0.0,-1134123,-1069474,64649,64649,17.682986870897157,0.0,-1316923,-1252274,64649,64649,17.682986870897157,0.0,-1499723,-1435074
M2_LOW_PROFIT_ONLY,3000,-2000,60000,128178,128178,35.05962800875273,0.0,-878119,-749941,128178,128178,35.05962800875273,0.0,-1060919,-932741,128178,128178,35.05962800875273,0.0,-1243719,-1115541,128178,128178,35.05962800875273,0.0,-1426519,-1298341,128178,128178,35.05962800875273,0.0,-1609319,-1481141
M2_LOW_PROFIT_ONLY,3000,-2000,120000,219085,219085,59.92478118161926,0.0,-985684,-766599,219085,219085,59.92478118161926,0.0,-1168484,-949399,219085,219085,59.92478118161926,0.0,-1351284,-1132199,219085,219085,59.92478118161926,0.0,-1534084,-1314999,219085,219085,59.92478118161926,0.0,-1716884,-1497799
M2_LOW_PROFIT_ONLY,3000,-1500,30000,60830,60830,16.638402625820568,0.0,-661612,-600782,60830,60830,16.638402625820568,0.0,-844412,-783582,60830,60830,16.638402625820568,0.0,-1027212,-966382,60830,60830,16.638402625820568,0.0,-1210012,-1149182,60830,60830,16.638402625820568,0.0,-1392812,-1331982
M2_LOW_PROFIT_ONLY,3000,-1500,60000,79789,79789,21.824124726477024,0.0,-714857,-635068,79789,79789,21.824124726477024,0.0,-897657,-817868,79789,79789,21.824124726477024,0.0,-1080457,-1000668,79789,79789,21.824124726477024,0.0,-1263257,-1183468,79789,79789,21.824124726477024,0.0,-1446057,-1366268
M2_LOW_PROFIT_ONLY,3000,-1500,120000,172864,172864,47.282275711159734,0.0,-820490,-647626,172864,172864,47.282275711159734,0.0,-1003290,-830426,172864,172864,47.282275711159734,0.0,-1186090,-1013226,172864,172864,47.282275711159734,0.0,-1368890,-1196026,172864,172864,47.282275711159734,0.0,-1551690,-1378826
M2_LOW_PROFIT_ONLY,3000,-1000,30000,21389,21389,5.850382932166302,0.0,-493618,-472229,21389,21389,5.850382932166302,0.0,-676418,-655029,21389,21389,5.850382932166302,0.0,-859218,-837829,21389,21389,5.850382932166302,0.0,-1042018,-1020629,21389,21389,5.850382932166302,0.0,-1224818,-1203429
M2_LOW_PROFIT_ONLY,3000,-1000,60000,28787,28787,7.87390590809628,0.0,-525369,-496582,28787,28787,7.87390590809628,0.0,-708169,-679382,28787,28787,7.87390590809628,0.0,-890969,-862182,28787,28787,7.87390590809628,0.0,-1073769,-1044982,28787,28787,7.87390590809628,0.0,-1256569,-1227782
M2_LOW_PROFIT_ONLY,3000,-1000,120000,97456,97456,26.65645514223195,0.0,-609845,-512389,97456,97456,26.65645514223195,0.0,-792645,-695189,97456,97456,26.65645514223195,0.0,-975445,-877989,97456,97456,26.65645514223195,0.0,-1158245,-1060789,97456,97456,26.65645514223195,0.0,-1341045,-1243589
M2_LOW_PROFIT_ONLY,3000,-700,30000,-10618,-10618,-2.9042669584245075,0.0,-364099,-374717,-10618,-10618,-2.9042669584245075,0.0,-546899,-557517,-10618,-10618,-2.9042669584245075,0.0,-729699,-740317,-10618,-10618,-2.9042669584245075,0.0,-912499,-923117,-10618,-10618,-2.9042669584245075,0.0,-1095299,-1105917
M2_LOW_PROFIT_ONLY,3000,-700,60000,-15739,-15739,-4.304978118161926,0.0,-384284,-400023,-15739,-15739,-4.304978118161926,0.0,-567084,-582823,-15739,-15739,-4.304978118161926,0.0,-749884,-765623,-15739,-15739,-4.304978118161926,0.0,-932684,-948423,-15739,-15739,-4.304978118161926,0.0,-1115484,-1131223
M2_LOW_PROFIT_ONLY,3000,-700,120000,37539,37539,10.26777899343545,0.0,-444685,-407146,37539,37539,10.26777899343545,0.0,-627485,-589946,37539,37539,10.26777899343545,0.0,-810285,-772746,37539,37539,10.26777899343545,0.0,-993085,-955546,37539,37539,10.26777899343545,0.0,-1175885,-1138346
M2_LOW_PROFIT_ONLY,3000,-500,30000,-15606,-15606,-4.268599562363239,0.0,-267119,-282725,-15606,-15606,-4.268599562363239,0.0,-449919,-465525,-15606,-15606,-4.268599562363239,0.0,-632719,-648325,-15606,-15606,-4.268599562363239,0.0,-815519,-831125,-15606,-15606,-4.268599562363239,0.0,-998319,-1013925
M2_LOW_PROFIT_ONLY,3000,-500,60000,-35754,-35754,-9.779540481400439,0.0,-275973,-311727,-35754,-35754,-9.779540481400439,0.0,-458773,-494527,-35754,-35754,-9.779540481400439,0.0,-641573,-677327,-35754,-35754,-9.779540481400439,0.0,-824373,-860127,-35754,-35754,-9.779540481400439,0.0,-1007173,-1042927
M2_LOW_PROFIT_ONLY,3000,-500,120000,8890,8890,2.4316192560175054,0.0,-327520,-318630,8890,8890,2.4316192560175054,0.0,-510320,-501430,8890,8890,2.4316192560175054,0.0,-693120,-684230,8890,8890,2.4316192560175054,0.0,-875920,-867030,8890,8890,2.4316192560175054,0.0,-1058720,-1049830
M2_LOW_PROFIT_ONLY,3000,-300,30000,-35473,-35473,-9.702680525164114,0.0,-149122,-184595,-35473,-35473,-9.702680525164114,0.0,-331922,-367395,-35473,-35473,-9.702680525164114,0.0,-514722,-550195,-35473,-35473,-9.702680525164114,0.0,-697522,-732995,-35473,-35473,-9.702680525164114,0.0,-880322,-915795
M2_LOW_PROFIT_ONLY,3000,-300,60000,-64436,-64436,-17.62472647702407,0.0,-151231,-215667,-64436,-64436,-17.62472647702407,0.0,-334031,-398467,-64436,-64436,-17.62472647702407,0.0,-516831,-581267,-64436,-64436,-17.62472647702407,0.0,-699631,-764067,-64436,-64436,-17.62472647702407,0.0,-882431,-946867
M2_LOW_PROFIT_ONLY,3000,-300,120000,-50671,-50671,-13.85968271334792,0.0,-167530,-218201,-50671,-50671,-13.85968271334792,0.0,-350330,-401001,-50671,-50671,-13.85968271334792,0.0,-533130,-583801,-50671,-50671,-13.85968271334792,0.0,-715930,-766601,-50671,-50671,-13.85968271334792,0.0,-898730,-949401
M2_LOW_PROFIT_ONLY,3000,-200,30000,-51797,-51797,-14.167669584245077,0.0,-71437,-123234,-51797,-51797,-14.167669584245077,0.0,-254237,-306034,-51797,-51797,-14.167669584245077,0.0,-437037,-488834,-51797,-51797,-14.167669584245077,0.0,-619837,-671634,-51797,-51797,-14.167669584245077,0.0,-802637,-854434
M2_LOW_PROFIT_ONLY,3000,-200,60000,-89815,-89815,-24.566466083150985,0.0,-66112,-155927,-89815,-89815,-24.566466083150985,0.0,-248912,-338727,-89815,-89815,-24.566466083150985,0.0,-431712,-521527,-89815,-89815,-24.566466083150985,0.0,-614512,-704327,-89815,-89815,-24.566466083150985,0.0,-797312,-887127
M2_LOW_PROFIT_ONLY,3000,-200,120000,-90058,-90058,-24.63293216630197,0.0,-66140,-156198,-90058,-90058,-24.63293216630197,0.0,-248940,-338998,-90058,-90058,-24.63293216630197,0.0,-431740,-521798,-90058,-90058,-24.63293216630197,0.0,-614540,-704598,-90058,-90058,-24.63293216630197,0.0,-797340,-887398
M2_LOW_PROFIT_ONLY,5000,-6000,30000,198368,198368,54.2582056892779,0.0,-1223501,-1025133,198368,198368,54.2582056892779,0.0,-1406301,-1207933,198368,198368,54.2582056892779,0.0,-1589101,-1390733,198368,198368,54.2582056892779,0.0,-1771901,-1573533,198368,198368,54.2582056892779,0.0,-1954701,-1756333
M2_LOW_PROFIT_ONLY,5000,-6000,60000,341764,341764,93.48030634573304,0.0,-1471773,-1130009,341764,341764,93.48030634573304,0.0,-1654573,-1312809,341764,341764,93.48030634573304,0.0,-1837373,-1495609,341764,341764,93.48030634573304,0.0,-2020173,-1678409,341764,341764,93.48030634573304,0.0,-2202973,-1861209
M2_LOW_PROFIT_ONLY,5000,-6000,120000,446365,446365,122.09108315098469,0.0,-1620038,-1173673,446365,446365,122.09108315098469,0.0,-1802838,-1356473,446365,446365,122.09108315098469,0.0,-1985638,-1539273,446365,446365,122.09108315098469,0.0,-2168438,-1722073,446365,446365,122.09108315098469,0.0,-2351238,-1904873
M2_LOW_PROFIT_ONLY,5000,-5000,30000,178365,178365,48.786925601750546,0.0,-1155634,-977269,178365,178365,48.786925601750546,0.0,-1338434,-1160069,178365,178365,48.786925601750546,0.0,-1521234,-1342869,178365,178365,48.786925601750546,0.0,-1704034,-1525669,178365,178365,48.786925601750546,0.0,-1886834,-1708469
M2_LOW_PROFIT_ONLY,5000,-5000,60000,322091,322091,88.09928884026259,0.0,-1401082,-1078991,322091,322091,88.09928884026259,0.0,-1583882,-1261791,322091,322091,88.09928884026259,0.0,-1766682,-1444591,322091,322091,88.09928884026259,0.0,-1949482,-1627391,322091,322091,88.09928884026259,0.0,-2132282,-1810191
M2_LOW_PROFIT_ONLY,5000,-5000,120000,422879,422879,115.66712253829321,0.0,-1543665,-1120786,422879,422879,115.66712253829321,0.0,-1726465,-1303586,422879,422879,115.66712253829321,0.0,-1909265,-1486386,422879,422879,115.66712253829321,0.0,-2092065,-1669186,422879,422879,115.66712253829321,0.0,-2274865,-1851986
M2_LOW_PROFIT_ONLY,5000,-3000,30000,110663,110663,30.26887308533917,0.0,-958730,-848067,110663,110663,30.26887308533917,0.0,-1141530,-1030867,110663,110663,30.26887308533917,0.0,-1324330,-1213667,110663,110663,30.26887308533917,0.0,-1507130,-1396467,110663,110663,30.26887308533917,0.0,-1689930,-1579267
M2_LOW_PROFIT_ONLY,5000,-3000,60000,185977,185977,50.86898249452954,0.0,-1099372,-913395,185977,185977,50.86898249452954,0.0,-1282172,-1096195,185977,185977,50.86898249452954,0.0,-1464972,-1278995,185977,185977,50.86898249452954,0.0,-1647772,-1461795,185977,185977,50.86898249452954,0.0,-1830572,-1644595
M2_LOW_PROFIT_ONLY,5000,-3000,120000,284208,284208,77.73741794310722,0.0,-1215811,-931603,284208,284208,77.73741794310722,0.0,-1398611,-1114403,284208,284208,77.73741794310722,0.0,-1581411,-1297203,284208,284208,77.73741794310722,0.0,-1764211,-1480003,284208,284208,77.73741794310722,0.0,-1947011,-1662803
M2_LOW_PROFIT_ONLY,5000,-2000,30000,45608,45608,12.474835886214443,0.0,-726030,-680422,45608,45608,12.474835886214443,0.0,-908830,-863222,45608,45608,12.474835886214443,0.0,-1091630,-1046022,45608,45608,12.474835886214443,0.0,-1274430,-1228822,45608,45608,12.474835886214443,0.0,-1457230,-1411622
M2_LOW_PROFIT_ONLY,5000,-2000,60000,103459,103459,28.298413566739605,0.0,-842604,-739145,103459,103459,28.298413566739605,0.0,-1025404,-921945,103459,103459,28.298413566739605,0.0,-1208204,-1104745,103459,103459,28.298413566739605,0.0,-1391004,-1287545,103459,103459,28.298413566739605,0.0,-1573804,-1470345
M2_LOW_PROFIT_ONLY,5000,-2000,120000,191070,191070,52.26203501094092,0.0,-939442,-748372,191070,191070,52.26203501094092,0.0,-1122242,-931172,191070,191070,52.26203501094092,0.0,-1305042,-1113972,191070,191070,52.26203501094092,0.0,-1487842,-1296772,191070,191070,52.26203501094092,0.0,-1670642,-1479572
M2_LOW_PROFIT_ONLY,5000,-1500,30000,41241,41241,11.280361050328228,0.0,-615504,-574263,41241,41241,11.280361050328228,0.0,-798304,-757063,41241,41241,11.280361050328228,0.0,-981104,-939863,41241,41241,11.280361050328228,0.0,-1163904,-1122663,41241,41241,11.280361050328228,0.0,-1346704,-1305463
M2_LOW_PROFIT_ONLY,5000,-1500,60000,57665,57665,15.772702407002189,0.0,-677512,-619847,57665,57665,15.772702407002189,0.0,-860312,-802647,57665,57665,15.772702407002189,0.0,-1043112,-985447,57665,57665,15.772702407002189,0.0,-1225912,-1168247,57665,57665,15.772702407002189,0.0,-1408712,-1351047
M2_LOW_PROFIT_ONLY,5000,-1500,120000,150200,150200,41.08315098468271,0.0,-772782,-622582,150200,150200,41.08315098468271,0.0,-955582,-805382,150200,150200,41.08315098468271,0.0,-1138382,-988182,150200,150200,41.08315098468271,0.0,-1321182,-1170982,150200,150200,41.08315098468271,0.0,-1503982,-1353782
M2_LOW_PROFIT_ONLY,5000,-1000,30000,5270,5270,1.4414660831509847,0.0,-450196,-444926,5270,5270,1.4414660831509847,0.0,-632996,-627726,5270,5270,1.4414660831509847,0.0,-815796,-810526,5270,5270,1.4414660831509847,0.0,-998596,-993326,5270,5270,1.4414660831509847,0.0,-1181396,-1176126
M2_LOW_PROFIT_ONLY,5000,-1000,60000,17835,17835,4.87828227571116,0.0,-496821,-478986,17835,17835,4.87828227571116,0.0,-679621,-661786,17835,17835,4.87828227571116,0.0,-862421,-844586,17835,17835,4.87828227571116,0.0,-1045221,-1027386,17835,17835,4.87828227571116,0.0,-1228021,-1210186
M2_LOW_PROFIT_ONLY,5000,-1000,120000,85460,85460,23.37527352297593,0.0,-571278,-485818,85460,85460,23.37527352297593,0.0,-754078,-668618,85460,85460,23.37527352297593,0.0,-936878,-851418,85460,85460,23.37527352297593,0.0,-1119678,-1034218,85460,85460,23.37527352297593,0.0,-1302478,-1217018
M2_LOW_PROFIT_ONLY,5000,-700,30000,-26589,-26589,-7.272702407002188,0.0,-322105,-348694,-26589,-26589,-7.272702407002188,0.0,-504905,-531494,-26589,-26589,-7.272702407002188,0.0,-687705,-714294,-26589,-26589,-7.272702407002188,0.0,-870505,-897094,-26589,-26589,-7.272702407002188,0.0,-1053305,-1079894
M2_LOW_PROFIT_ONLY,5000,-700,60000,-27812,-27812,-7.607221006564552,0.0,-349132,-376944,-27812,-27812,-7.607221006564552,0.0,-531932,-559744,-27812,-27812,-7.607221006564552,0.0,-714732,-742544,-27812,-27812,-7.607221006564552,0.0,-897532,-925344,-27812,-27812,-7.607221006564552,0.0,-1080332,-1108144
M2_LOW_PROFIT_ONLY,5000,-700,120000,31348,31348,8.574398249452955,0.0,-407023,-375675,31348,31348,8.574398249452955,0.0,-589823,-558475,31348,31348,8.574398249452955,0.0,-772623,-741275,31348,31348,8.574398249452955,0.0,-955423,-924075,31348,31348,8.574398249452955,0.0,-1138223,-1106875
M2_LOW_PROFIT_ONLY,5000,-500,30000,-29214,-29214,-7.990700218818381,0.0,-222588,-251802,-29214,-29214,-7.990700218818381,0.0,-405388,-434602,-29214,-29214,-7.990700218818381,0.0,-588188,-617402,-29214,-29214,-7.990700218818381,0.0,-770988,-800202,-29214,-29214,-7.990700218818381,0.0,-953788,-983002
M2_LOW_PROFIT_ONLY,5000,-500,60000,-49092,-49092,-13.427789934354486,0.0,-234105,-283197,-49092,-49092,-13.427789934354486,0.0,-416905,-465997,-49092,-49092,-13.427789934354486,0.0,-599705,-648797,-49092,-49092,-13.427789934354486,0.0,-782505,-831597,-49092,-49092,-13.427789934354486,0.0,-965305,-1014397
M2_LOW_PROFIT_ONLY,5000,-500,120000,-4479,-4479,-1.225109409190372,0.0,-271914,-276393,-4479,-4479,-1.225109409190372,0.0,-454714,-459193,-4479,-4479,-1.225109409190372,0.0,-637514,-641993,-4479,-4479,-1.225109409190372,0.0,-820314,-824793,-4479,-4479,-1.225109409190372,0.0,-1003114,-1007593
M2_LOW_PROFIT_ONLY,5000,-300,30000,-45143,-45143,-12.347647702407002,0.0,-114197,-159340,-45143,-45143,-12.347647702407002,0.0,-296997,-342140,-45143,-45143,-12.347647702407002,0.0,-479797,-524940,-45143,-45143,-12.347647702407002,0.0,-662597,-707740,-45143,-45143,-12.347647702407002,0.0,-845397,-890540
M2_LOW_PROFIT_ONLY,5000,-300,60000,-75439,-75439,-20.634299781181618,0.0,-118498,-193937,-75439,-75439,-20.634299781181618,0.0,-301298,-376737,-75439,-75439,-20.634299781181618,0.0,-484098,-559537,-75439,-75439,-20.634299781181618,0.0,-666898,-742337,-75439,-75439,-20.634299781181618,0.0,-849698,-925137
M2_LOW_PROFIT_ONLY,5000,-300,120000,-63301,-63301,-17.314277899343544,0.0,-121328,-184629,-63301,-63301,-17.314277899343544,0.0,-304128,-367429,-63301,-63301,-17.314277899343544,0.0,-486928,-550229,-63301,-63301,-17.314277899343544,0.0,-669728,-733029,-63301,-63301,-17.314277899343544,0.0,-852528,-915829
M2_LOW_PROFIT_ONLY,5000,-200,30000,-59520,-59520,-16.280087527352297,0.0,-37859,-97379,-59520,-59520,-16.280087527352297,0.0,-220659,-280179,-59520,-59520,-16.280087527352297,0.0,-403459,-462979,-59520,-59520,-16.280087527352297,0.0,-586259,-645779,-59520,-59520,-16.280087527352297,0.0,-769059,-828579
M2_LOW_PROFIT_ONLY,5000,-200,60000,-97174,-97174,-26.579321663019694,0.0,-39188,-136362,-97174,-97174,-26.579321663019694,0.0,-221988,-319162,-97174,-97174,-26.579321663019694,0.0,-404788,-501962,-97174,-97174,-26.579321663019694,0.0,-587588,-684762,-97174,-97174,-26.579321663019694,0.0,-770388,-867562
M2_LOW_PROFIT_ONLY,5000,-200,120000,-99144,-99144,-27.11816192560175,0.0,-25382,-124526,-99144,-99144,-27.11816192560175,0.0,-208182,-307326,-99144,-99144,-27.11816192560175,0.0,-390982,-490126,-99144,-99144,-27.11816192560175,0.0,-573782,-672926,-99144,-99144,-27.11816192560175,0.0,-756582,-855726
M2_LOW_PROFIT_ONLY,6000,-6000,30000,187503,187503,51.286378555798684,0.0,-1217033,-1029530,187503,187503,51.286378555798684,0.0,-1399833,-1212330,187503,187503,51.286378555798684,0.0,-1582633,-1395130,187503,187503,51.286378555798684,0.0,-1765433,-1577930,187503,187503,51.286378555798684,0.0,-1948233,-1760730
M2_LOW_PROFIT_ONLY,6000,-6000,60000,341189,341189,93.3230306345733,0.0,-1477063,-1135874,341189,341189,93.3230306345733,0.0,-1659863,-1318674,341189,341189,93.3230306345733,0.0,-1842663,-1501474,341189,341189,93.3230306345733,0.0,-2025463,-1684274,341189,341189,93.3230306345733,0.0,-2208263,-1867074
M2_LOW_PROFIT_ONLY,6000,-6000,120000,442569,442569,121.05278993435448,0.0,-1626770,-1184201,442569,442569,121.05278993435448,0.0,-1809570,-1367001,442569,442569,121.05278993435448,0.0,-1992370,-1549801,442569,442569,121.05278993435448,0.0,-2175170,-1732601,442569,442569,121.05278993435448,0.0,-2357970,-1915401
M2_LOW_PROFIT_ONLY,6000,-5000,30000,167500,167500,45.81509846827134,0.0,-1148166,-980666,167500,167500,45.81509846827134,0.0,-1330966,-1163466,167500,167500,45.81509846827134,0.0,-1513766,-1346266,167500,167500,45.81509846827134,0.0,-1696566,-1529066,167500,167500,45.81509846827134,0.0,-1879366,-1711866
M2_LOW_PROFIT_ONLY,6000,-5000,60000,321427,321427,87.91766958424508,0.0,-1406283,-1084856,321427,321427,87.91766958424508,0.0,-1589083,-1267656,321427,321427,87.91766958424508,0.0,-1771883,-1450456,321427,321427,87.91766958424508,0.0,-1954683,-1633256,321427,321427,87.91766958424508,0.0,-2137483,-1816056
M2_LOW_PROFIT_ONLY,6000,-5000,120000,420125,420125,114.91384026258206,0.0,-1550439,-1130314,420125,420125,114.91384026258206,0.0,-1733239,-1313114,420125,420125,114.91384026258206,0.0,-1916039,-1495914,420125,420125,114.91384026258206,0.0,-2098839,-1678714,420125,420125,114.91384026258206,0.0,-2281639,-1861514
M2_LOW_PROFIT_ONLY,6000,-3000,30000,101798,101798,27.844091903719914,0.0,-955612,-853814,101798,101798,27.844091903719914,0.0,-1138412,-1036614,101798,101798,27.844091903719914,0.0,-1321212,-1219414,101798,101798,27.844091903719914,0.0,-1504012,-1402214,101798,101798,27.844091903719914,0.0,-1686812,-1585014
M2_LOW_PROFIT_ONLY,6000,-3000,60000,186313,186313,50.96088621444201,0.0,-1101696,-915383,186313,186313,50.96088621444201,0.0,-1284496,-1098183,186313,186313,50.96088621444201,0.0,-1467296,-1280983,186313,186313,50.96088621444201,0.0,-1650096,-1463783,186313,186313,50.96088621444201,0.0,-1832896,-1646583
M2_LOW_PROFIT_ONLY,6000,-3000,120000,288890,288890,79.01805251641137,0.0,-1223321,-934431,288890,288890,79.01805251641137,0.0,-1406121,-1117231,288890,288890,79.01805251641137,0.0,-1588921,-1300031,288890,288890,79.01805251641137,0.0,-1771721,-1482831,288890,288890,79.01805251641137,0.0,-1954521,-1665631
M2_LOW_PROFIT_ONLY,6000,-2000,30000,37743,37743,10.323577680525164,0.0,-725474,-687731,37743,37743,10.323577680525164,0.0,-908274,-870531,37743,37743,10.323577680525164,0.0,-1091074,-1053331,37743,37743,10.323577680525164,0.0,-1273874,-1236131,37743,37743,10.323577680525164,0.0,-1456674,-1418931
M2_LOW_PROFIT_ONLY,6000,-2000,60000,102504,102504,28.037199124726477,0.0,-845556,-743052,102504,102504,28.037199124726477,0.0,-1028356,-925852,102504,102504,28.037199124726477,0.0,-1211156,-1108652,102504,102504,28.037199124726477,0.0,-1393956,-1291452,102504,102504,28.037199124726477,0.0,-1576756,-1474252
M2_LOW_PROFIT_ONLY,6000,-2000,120000,208429,208429,57.01012035010941,0.0,-953169,-744740,208429,208429,57.01012035010941,0.0,-1135969,-927540,208429,208429,57.01012035010941,0.0,-1318769,-1110340,208429,208429,57.01012035010941,0.0,-1501569,-1293140,208429,208429,57.01012035010941,0.0,-1684369,-1475940
M2_LOW_PROFIT_ONLY,6000,-1500,30000,37783,37783,10.334518599562363,0.0,-622926,-585143,37783,37783,10.334518599562363,0.0,-805726,-767943,37783,37783,10.334518599562363,0.0,-988526,-950743,37783,37783,10.334518599562363,0.0,-1171326,-1133543,37783,37783,10.334518599562363,0.0,-1354126,-1316343
M2_LOW_PROFIT_ONLY,6000,-1500,60000,64698,64698,17.696389496717725,0.0,-691295,-626597,64698,64698,17.696389496717725,0.0,-874095,-809397,64698,64698,17.696389496717725,0.0,-1056895,-992197,64698,64698,17.696389496717725,0.0,-1239695,-1174997,64698,64698,17.696389496717725,0.0,-1422495,-1357797
M2_LOW_PROFIT_ONLY,6000,-1500,120000,173055,173055,47.334518599562365,0.0,-795139,-622084,173055,173055,47.334518599562365,0.0,-977939,-804884,173055,173055,47.334518599562365,0.0,-1160739,-987684,173055,173055,47.334518599562365,0.0,-1343539,-1170484,173055,173055,47.334518599562365,0.0,-1526339,-1353284
M2_LOW_PROFIT_ONLY,6000,-1000,30000,2812,2812,0.7691466083150985,0.0,-452118,-449306,2812,2812,0.7691466083150985,0.0,-634918,-632106,2812,2812,0.7691466083150985,0.0,-817718,-814906,2812,2812,0.7691466083150985,0.0,-1000518,-997706,2812,2812,0.7691466083150985,0.0,-1183318,-1180506
M2_LOW_PROFIT_ONLY,6000,-1000,60000,25872,25872,7.076586433260394,0.0,-506155,-480283,25872,25872,7.076586433260394,0.0,-688955,-663083,25872,25872,7.076586433260394,0.0,-871755,-845883,25872,25872,7.076586433260394,0.0,-1054555,-1028683,25872,25872,7.076586433260394,0.0,-1237355,-1211483
M2_LOW_PROFIT_ONLY,6000,-1000,120000,97622,97622,26.701859956236323,0.0,-577788,-480166,97622,97622,26.701859956236323,0.0,-760588,-662966,97622,97622,26.701859956236323,0.0,-943388,-845766,97622,97622,26.701859956236323,0.0,-1126188,-1028566,97622,97622,26.701859956236323,0.0,-1308988,-1211366
M2_LOW_PROFIT_ONLY,6000,-700,30000,-29047,-29047,-7.945021881838074,0.0,-324427,-353474,-29047,-29047,-7.945021881838074,0.0,-507227,-536274,-29047,-29047,-7.945021881838074,0.0,-690027,-719074,-29047,-29047,-7.945021881838074,0.0,-872827,-901874,-29047,-29047,-7.945021881838074,0.0,-1055627,-1084674
M2_LOW_PROFIT_ONLY,6000,-700,60000,-19882,-19882,-5.438183807439825,0.0,-359859,-379741,-19882,-19882,-5.438183807439825,0.0,-542659,-562541,-19882,-19882,-5.438183807439825,0.0,-725459,-745341,-19882,-19882,-5.438183807439825,0.0,-908259,-928141,-19882,-19882,-5.438183807439825,0.0,-1091059,-1110941
M2_LOW_PROFIT_ONLY,6000,-700,120000,45496,45496,12.444201312910284,0.0,-414307,-368811,45496,45496,12.444201312910284,0.0,-597107,-551611,45496,45496,12.444201312910284,0.0,-779907,-734411,45496,45496,12.444201312910284,0.0,-962707,-917211,45496,45496,12.444201312910284,0.0,-1145507,-1100011
M2_LOW_PROFIT_ONLY,6000,-500,30000,-30672,-30672,-8.389496717724288,0.0,-225510,-256182,-30672,-30672,-8.389496717724288,0.0,-408310,-438982,-30672,-30672,-8.389496717724288,0.0,-591110,-621782,-30672,-30672,-8.389496717724288,0.0,-773910,-804582,-30672,-30672,-8.389496717724288,0.0,-956710,-987382
M2_LOW_PROFIT_ONLY,6000,-500,60000,-41757,-41757,-11.421498905908097,0.0,-244237,-285994,-41757,-41757,-11.421498905908097,0.0,-427037,-468794,-41757,-41757,-11.421498905908097,0.0,-609837,-651594,-41757,-41757,-11.421498905908097,0.0,-792637,-834394,-41757,-41757,-11.421498905908097,0.0,-975437,-1017194
M2_LOW_PROFIT_ONLY,6000,-500,120000,10163,10163,2.7798140043763677,0.0,-279492,-269329,10163,10163,2.7798140043763677,0.0,-462292,-452129,10163,10163,2.7798140043763677,0.0,-645092,-634929,10163,10163,2.7798140043763677,0.0,-827892,-817729,10163,10163,2.7798140043763677,0.0,-1010692,-1000529
M2_LOW_PROFIT_ONLY,6000,-300,30000,-45601,-45601,-12.472921225382931,0.0,-118870,-164471,-45601,-45601,-12.472921225382931,0.0,-301670,-347271,-45601,-45601,-12.472921225382931,0.0,-484470,-530071,-45601,-45601,-12.472921225382931,0.0,-667270,-712871,-45601,-45601,-12.472921225382931,0.0,-850070,-895671
M2_LOW_PROFIT_ONLY,6000,-300,60000,-71888,-71888,-19.663019693654267,0.0,-119771,-191659,-71888,-71888,-19.663019693654267,0.0,-302571,-374459,-71888,-71888,-19.663019693654267,0.0,-485371,-557259,-71888,-71888,-19.663019693654267,0.0,-668171,-740059,-71888,-71888,-19.663019693654267,0.0,-850971,-922859
M2_LOW_PROFIT_ONLY,6000,-300,120000,-52643,-52643,-14.399070021881839,0.0,-121588,-174231,-52643,-52643,-14.399070021881839,0.0,-304388,-357031,-52643,-52643,-14.399070021881839,0.0,-487188,-539831,-52643,-52643,-14.399070021881839,0.0,-669988,-722631,-52643,-52643,-14.399070021881839,0.0,-852788,-905431
M2_LOW_PROFIT_ONLY,6000,-200,30000,-58978,-58978,-16.13183807439825,0.0,-44578,-103556,-58978,-58978,-16.13183807439825,0.0,-227378,-286356,-58978,-58978,-16.13183807439825,0.0,-410178,-469156,-58978,-58978,-16.13183807439825,0.0,-592978,-651956,-58978,-58978,-16.13183807439825,0.0,-775778,-834756
M2_LOW_PROFIT_ONLY,6000,-200,60000,-92658,-92658,-25.344091903719914,0.0,-41026,-133684,-92658,-92658,-25.344091903719914,0.0,-223826,-316484,-92658,-92658,-25.344091903719914,0.0,-406626,-499284,-92658,-92658,-25.344091903719914,0.0,-589426,-682084,-92658,-92658,-25.344091903719914,0.0,-772226,-864884
M2_LOW_PROFIT_ONLY,6000,-200,120000,-91018,-91018,-24.89551422319475,0.0,-18410,-109428,-91018,-91018,-24.89551422319475,0.0,-201210,-292228,-91018,-91018,-24.89551422319475,0.0,-384010,-475028,-91018,-91018,-24.89551422319475,0.0,-566810,-657828,-91018,-91018,-24.89551422319475,0.0,-749610,-840628
M2_LOW_PROFIT_ONLY,7500,-6000,30000,179278,179278,49.036652078774615,0.0,-1204921,-1025643,179278,179278,49.036652078774615,0.0,-1387721,-1208443,179278,179278,49.036652078774615,0.0,-1570521,-1391243,179278,179278,49.036652078774615,0.0,-1753321,-1574043,179278,179278,49.036652078774615,0.0,-1936121,-1756843
M2_LOW_PROFIT_ONLY,7500,-6000,60000,384205,384205,105.08889496717724,0.0,-1508523,-1124318,384205,384205,105.08889496717724,0.0,-1691323,-1307118,384205,384205,105.08889496717724,0.0,-1874123,-1489918,384205,384205,105.08889496717724,0.0,-2056923,-1672718,384205,384205,105.08889496717724,0.0,-2239723,-1855518
M2_LOW_PROFIT_ONLY,7500,-6000,120000,485564,485564,132.8129102844639,0.0,-1665810,-1180246,485564,485564,132.8129102844639,0.0,-1848610,-1363046,485564,485564,132.8129102844639,0.0,-2031410,-1545846,485564,485564,132.8129102844639,0.0,-2214210,-1728646,485564,485564,132.8129102844639,0.0,-2397010,-1911446
M2_LOW_PROFIT_ONLY,7500,-5000,30000,159275,159275,43.56537199124727,0.0,-1136054,-976779,159275,159275,43.56537199124727,0.0,-1318854,-1159579,159275,159275,43.56537199124727,0.0,-1501654,-1342379,159275,159275,43.56537199124727,0.0,-1684454,-1525179,159275,159275,43.56537199124727,0.0,-1867254,-1707979
M2_LOW_PROFIT_ONLY,7500,-5000,60000,353492,353492,96.68818380743983,0.0,-1427292,-1073800,353492,353492,96.68818380743983,0.0,-1610092,-1256600,353492,353492,96.68818380743983,0.0,-1792892,-1439400,353492,353492,96.68818380743983,0.0,-1975692,-1622200,353492,353492,96.68818380743983,0.0,-2158492,-1805000
M2_LOW_PROFIT_ONLY,7500,-5000,120000,461071,461071,126.11351203501094,0.0,-1588430,-1127359,461071,461071,126.11351203501094,0.0,-1771230,-1310159,461071,461071,126.11351203501094,0.0,-1954030,-1492959,461071,461071,126.11351203501094,0.0,-2136830,-1675759,461071,461071,126.11351203501094,0.0,-2319630,-1858559
M2_LOW_PROFIT_ONLY,7500,-3000,30000,96573,96573,26.414934354485776,0.0,-943353,-846780,96573,96573,26.414934354485776,0.0,-1126153,-1029580,96573,96573,26.414934354485776,0.0,-1308953,-1212380,96573,96573,26.414934354485776,0.0,-1491753,-1395180,96573,96573,26.414934354485776,0.0,-1674553,-1577980
M2_LOW_PROFIT_ONLY,7500,-3000,60000,217625,217625,59.52543763676149,0.0,-1124787,-907162,217625,217625,59.52543763676149,0.0,-1307587,-1089962,217625,217625,59.52543763676149,0.0,-1490387,-1272762,217625,217625,59.52543763676149,0.0,-1673187,-1455562,217625,217625,59.52543763676149,0.0,-1855987,-1638362
M2_LOW_PROFIT_ONLY,7500,-3000,120000,325884,325884,89.13676148796499,0.0,-1262856,-936972,325884,325884,89.13676148796499,0.0,-1445656,-1119772,325884,325884,89.13676148796499,0.0,-1628456,-1302572,325884,325884,89.13676148796499,0.0,-1811256,-1485372,325884,325884,89.13676148796499,0.0,-1994056,-1668172
M2_LOW_PROFIT_ONLY,7500,-2000,30000,34018,34018,9.304704595185996,0.0,-718215,-684197,34018,34018,9.304704595185996,0.0,-901015,-866997,34018,34018,9.304704595185996,0.0,-1083815,-1049797,34018,34018,9.304704595185996,0.0,-1266615,-1232597,34018,34018,9.304704595185996,0.0,-1449415,-1415397
M2_LOW_PROFIT_ONLY,7500,-2000,60000,132816,132816,36.328227571115974,0.0,-869147,-736331,132816,132816,36.328227571115974,0.0,-1051947,-919131,132816,132816,36.328227571115974,0.0,-1234747,-1101931,132816,132816,36.328227571115974,0.0,-1417547,-1284731,132816,132816,36.328227571115974,0.0,-1600347,-1467531
M2_LOW_PROFIT_ONLY,7500,-2000,120000,240001,240001,65.64578774617068,0.0,-994428,-754427,240001,240001,65.64578774617068,0.0,-1177228,-937227,240001,240001,65.64578774617068,0.0,-1360028,-1120027,240001,240001,65.64578774617068,0.0,-1542828,-1302827,240001,240001,65.64578774617068,0.0,-1725628,-1485627
M2_LOW_PROFIT_ONLY,7500,-1500,30000,33169,33169,9.072483588621445,0.0,-618297,-585128,33169,33169,9.072483588621445,0.0,-801097,-767928,33169,33169,9.072483588621445,0.0,-983897,-950728,33169,33169,9.072483588621445,0.0,-1166697,-1133528,33169,33169,9.072483588621445,0.0,-1349497,-1316328
M2_LOW_PROFIT_ONLY,7500,-1500,60000,70510,70510,19.286105032822757,0.0,-693386,-622876,70510,70510,19.286105032822757,0.0,-876186,-805676,70510,70510,19.286105032822757,0.0,-1058986,-988476,70510,70510,19.286105032822757,0.0,-1241786,-1171276,70510,70510,19.286105032822757,0.0,-1424586,-1354076
M2_LOW_PROFIT_ONLY,7500,-1500,120000,183347,183347,50.149617067833695,0.0,-818118,-634771,183347,183347,50.149617067833695,0.0,-1000918,-817571,183347,183347,50.149617067833695,0.0,-1183718,-1000371,183347,183347,50.149617067833695,0.0,-1366518,-1183171,183347,183347,50.149617067833695,0.0,-1549318,-1365971
M2_LOW_PROFIT_ONLY,7500,-1000,30000,-1610,-1610,-0.4403719912472648,0.0,-445740,-447350,-1610,-1610,-0.4403719912472648,0.0,-628540,-630150,-1610,-1610,-0.4403719912472648,0.0,-811340,-812950,-1610,-1610,-0.4403719912472648,0.0,-994140,-995750,-1610,-1610,-0.4403719912472648,0.0,-1176940,-1178550
M2_LOW_PROFIT_ONLY,7500,-1000,60000,32092,32092,8.777899343544858,0.0,-506711,-474619,32092,32092,8.777899343544858,0.0,-689511,-657419,32092,32092,8.777899343544858,0.0,-872311,-840219,32092,32092,8.777899343544858,0.0,-1055111,-1023019,32092,32092,8.777899343544858,0.0,-1237911,-1205819
M2_LOW_PROFIT_ONLY,7500,-1000,120000,109172,109172,29.86105032822757,0.0,-604819,-495647,109172,109172,29.86105032822757,0.0,-787619,-678447,109172,109172,29.86105032822757,0.0,-970419,-861247,109172,109172,29.86105032822757,0.0,-1153219,-1044047,109172,109172,29.86105032822757,0.0,-1336019,-1226847
M2_LOW_PROFIT_ONLY,7500,-700,30000,-33469,-33469,-9.154540481400439,0.0,-317843,-351312,-33469,-33469,-9.154540481400439,0.0,-500643,-534112,-33469,-33469,-9.154540481400439,0.0,-683443,-716912,-33469,-33469,-9.154540481400439,0.0,-866243,-899712,-33469,-33469,-9.154540481400439,0.0,-1049043,-1082512
M2_LOW_PROFIT_ONLY,7500,-700,60000,-8454,-8454,-2.312363238512035,0.0,-358886,-367340,-8454,-8454,-2.312363238512035,0.0,-541686,-550140,-8454,-8454,-2.312363238512035,0.0,-724486,-732940,-8454,-8454,-2.312363238512035,0.0,-907286,-915740,-8454,-8454,-2.312363238512035,0.0,-1090086,-1098540
M2_LOW_PROFIT_ONLY,7500,-700,120000,60646,60646,16.588074398249454,0.0,-432285,-371639,60646,60646,16.588074398249454,0.0,-615085,-554439,60646,60646,16.588074398249454,0.0,-797885,-737239,60646,60646,16.588074398249454,0.0,-980685,-920039,60646,60646,16.588074398249454,0.0,-1163485,-1102839
M2_LOW_PROFIT_ONLY,7500,-500,30000,-33594,-33594,-9.188730853391684,0.0,-220026,-253620,-33594,-33594,-9.188730853391684,0.0,-402826,-436420,-33594,-33594,-9.188730853391684,0.0,-585626,-619220,-33594,-33594,-9.188730853391684,0.0,-768426,-802020,-33594,-33594,-9.188730853391684,0.0,-951226,-984820
M2_LOW_PROFIT_ONLY,7500,-500,60000,-29229,-29229,-7.99480306345733,0.0,-245464,-274693,-29229,-29229,-7.99480306345733,0.0,-428264,-457493,-29229,-29229,-7.99480306345733,0.0,-611064,-640293,-29229,-29229,-7.99480306345733,0.0,-793864,-823093,-29229,-29229,-7.99480306345733,0.0,-976664,-1005893
M2_LOW_PROFIT_ONLY,7500,-500,120000,27942,27942,7.642778993435448,0.0,-300399,-272457,27942,27942,7.642778993435448,0.0,-483199,-455257,27942,27942,7.642778993435448,0.0,-665999,-638057,27942,27942,7.642778993435448,0.0,-848799,-820857,27942,27942,7.642778993435448,0.0,-1031599,-1003657
M2_LOW_PROFIT_ONLY,7500,-300,30000,-48601,-48601,-13.293490153172867,0.0,-114408,-163009,-48601,-48601,-13.293490153172867,0.0,-297208,-345809,-48601,-48601,-13.293490153172867,0.0,-480008,-528609,-48601,-48601,-13.293490153172867,0.0,-662808,-711409,-48601,-48601,-13.293490153172867,0.0,-845608,-894209
M2_LOW_PROFIT_ONLY,7500,-300,60000,-68692,-68692,-18.788840262582056,0.0,-110949,-179641,-68692,-68692,-18.788840262582056,0.0,-293749,-362441,-68692,-68692,-18.788840262582056,0.0,-476549,-545241,-68692,-68692,-18.788840262582056,0.0,-659349,-728041,-68692,-68692,-18.788840262582056,0.0,-842149,-910841
M2_LOW_PROFIT_ONLY,7500,-300,120000,-43507,-43507,-11.900164113785557,0.0,-118315,-161822,-43507,-43507,-11.900164113785557,0.0,-301115,-344622,-43507,-43507,-11.900164113785557,0.0,-483915,-527422,-43507,-43507,-11.900164113785557,0.0,-666715,-710222,-43507,-43507,-11.900164113785557,0.0,-849515,-893022
M2_LOW_PROFIT_ONLY,7500,-200,30000,-60478,-60478,-16.542122538293217,0.0,-41416,-101894,-60478,-60478,-16.542122538293217,0.0,-224216,-284694,-60478,-60478,-16.542122538293217,0.0,-407016,-467494,-60478,-60478,-16.542122538293217,0.0,-589816,-650294,-60478,-60478,-16.542122538293217,0.0,-772616,-833094
M2_LOW_PROFIT_ONLY,7500,-200,60000,-88062,-88062,-24.086980306345733,0.0,-33404,-121466,-88062,-88062,-24.086980306345733,0.0,-216204,-304266,-88062,-88062,-24.086980306345733,0.0,-399004,-487066,-88062,-88062,-24.086980306345733,0.0,-581804,-669866,-88062,-88062,-24.086980306345733,0.0,-764604,-852666
M2_LOW_PROFIT_ONLY,7500,-200,120000,-80582,-80582,-22.041028446389497,0.0,-14600,-95182,-80582,-80582,-22.041028446389497,0.0,-197400,-277982,-80582,-80582,-22.041028446389497,0.0,-380200,-460782,-80582,-80582,-22.041028446389497,0.0,-563000,-643582,-80582,-80582,-22.041028446389497,0.0,-745800,-826382
M2_LOW_PROFIT_ONLY,10000,-6000,30000,165151,165151,45.17259299781182,0.0,-1170690,-1005539,165151,165151,45.17259299781182,0.0,-1353490,-1188339,165151,165151,45.17259299781182,0.0,-1536290,-1371139,165151,165151,45.17259299781182,0.0,-1719090,-1553939,165151,165151,45.17259299781182,0.0,-1901890,-1736739
M2_LOW_PROFIT_ONLY,10000,-6000,60000,380214,380214,103.9972647702407,0.0,-1492785,-1112571,380214,380214,103.9972647702407,0.0,-1675585,-1295371,380214,380214,103.9972647702407,0.0,-1858385,-1478171,380214,380214,103.9972647702407,0.0,-2041185,-1660971,380214,380214,103.9972647702407,0.0,-2223985,-1843771
M2_LOW_PROFIT_ONLY,10000,-6000,120000,432713,432713,118.35694748358863,0.0,-1561555,-1128842,432713,432713,118.35694748358863,0.0,-1744355,-1311642,432713,432713,118.35694748358863,0.0,-1927155,-1494442,432713,432713,118.35694748358863,0.0,-2109955,-1677242,432713,432713,118.35694748358863,0.0,-2292755,-1860042
M2_LOW_PROFIT_ONLY,10000,-5000,30000,145148,145148,39.701312910284464,0.0,-1100823,-955675,145148,145148,39.701312910284464,0.0,-1283623,-1138475,145148,145148,39.701312910284464,0.0,-1466423,-1321275,145148,145148,39.701312910284464,0.0,-1649223,-1504075,145148,145148,39.701312910284464,0.0,-1832023,-1686875
M2_LOW_PROFIT_ONLY,10000,-5000,60000,348501,348501,95.3230306345733,0.0,-1405965,-1057464,348501,348501,95.3230306345733,0.0,-1588765,-1240264,348501,348501,95.3230306345733,0.0,-1771565,-1423064,348501,348501,95.3230306345733,0.0,-1954365,-1605864,348501,348501,95.3230306345733,0.0,-2137165,-1788664
M2_LOW_PROFIT_ONLY,10000,-5000,120000,412220,412220,112.75164113785559,0.0,-1500456,-1088236,412220,412220,112.75164113785559,0.0,-1683256,-1271036,412220,412220,112.75164113785559,0.0,-1866056,-1453836,412220,412220,112.75164113785559,0.0,-2048856,-1636636,412220,412220,112.75164113785559,0.0,-2231656,-1819436
M2_LOW_PROFIT_ONLY,10000,-3000,30000,87446,87446,23.918490153172865,0.0,-905622,-818176,87446,87446,23.918490153172865,0.0,-1088422,-1000976,87446,87446,23.918490153172865,0.0,-1271222,-1183776,87446,87446,23.918490153172865,0.0,-1454022,-1366576,87446,87446,23.918490153172865,0.0,-1636822,-1549376
M2_LOW_PROFIT_ONLY,10000,-3000,60000,218134,218134,59.66466083150985,0.0,-1101960,-883826,218134,218134,59.66466083150985,0.0,-1284760,-1066626,218134,218134,59.66466083150985,0.0,-1467560,-1249426,218134,218134,59.66466083150985,0.0,-1650360,-1432226,218134,218134,59.66466083150985,0.0,-1833160,-1615026
M2_LOW_PROFIT_ONLY,10000,-3000,120000,292048,292048,79.88183807439825,0.0,-1188397,-896349,292048,292048,79.88183807439825,0.0,-1371197,-1079149,292048,292048,79.88183807439825,0.0,-1553997,-1261949,292048,292048,79.88183807439825,0.0,-1736797,-1444749,292048,292048,79.88183807439825,0.0,-1919597,-1627549
M2_LOW_PROFIT_ONLY,10000,-2000,30000,27391,27391,7.49206783369803,0.0,-690484,-663093,27391,27391,7.49206783369803,0.0,-873284,-845893,27391,27391,7.49206783369803,0.0,-1056084,-1028693,27391,27391,7.49206783369803,0.0,-1238884,-1211493,27391,27391,7.49206783369803,0.0,-1421684,-1394293
M2_LOW_PROFIT_ONLY,10000,-2000,60000,137325,137325,37.56154266958424,0.0,-856820,-719495,137325,137325,37.56154266958424,0.0,-1039620,-902295,137325,137325,37.56154266958424,0.0,-1222420,-1085095,137325,137325,37.56154266958424,0.0,-1405220,-1267895,137325,137325,37.56154266958424,0.0,-1588020,-1450695
M2_LOW_PROFIT_ONLY,10000,-2000,120000,219353,219353,59.99808533916849,0.0,-943657,-724304,219353,219353,59.99808533916849,0.0,-1126457,-907104,219353,219353,59.99808533916849,0.0,-1309257,-1089904,219353,219353,59.99808533916849,0.0,-1492057,-1272704,219353,219353,59.99808533916849,0.0,-1674857,-1455504
M2_LOW_PROFIT_ONLY,10000,-1500,30000,26542,26542,7.2598468271334795,0.0,-598170,-571628,26542,26542,7.2598468271334795,0.0,-780970,-754428,26542,26542,7.2598468271334795,0.0,-963770,-937228,26542,26542,7.2598468271334795,0.0,-1146570,-1120028,26542,26542,7.2598468271334795,0.0,-1329370,-1302828
M2_LOW_PROFIT_ONLY,10000,-1500,60000,74519,74519,20.38265864332604,0.0,-683170,-608651,74519,74519,20.38265864332604,0.0,-865970,-791451,74519,74519,20.38265864332604,0.0,-1048770,-974251,74519,74519,20.38265864332604,0.0,-1231570,-1157051,74519,74519,20.38265864332604,0.0,-1414370,-1339851
M2_LOW_PROFIT_ONLY,10000,-1500,120000,169699,169699,46.41657549234136,0.0,-777633,-607934,169699,169699,46.41657549234136,0.0,-960433,-790734,169699,169699,46.41657549234136,0.0,-1143233,-973534,169699,169699,46.41657549234136,0.0,-1326033,-1156334,169699,169699,46.41657549234136,0.0,-1508833,-1339134
M2_LOW_PROFIT_ONLY,10000,-1000,30000,-8237,-8237,-2.2530087527352296,0.0,-425113,-433350,-8237,-8237,-2.2530087527352296,0.0,-607913,-616150,-8237,-8237,-2.2530087527352296,0.0,-790713,-798950,-8237,-8237,-2.2530087527352296,0.0,-973513,-981750,-8237,-8237,-2.2530087527352296,0.0,-1156313,-1164550
M2_LOW_PROFIT_ONLY,10000,-1000,60000,38011,38011,10.396881838074398,0.0,-497257,-459246,38011,38011,10.396881838074398,0.0,-680057,-642046,38011,38011,10.396881838074398,0.0,-862857,-824846,38011,38011,10.396881838074398,0.0,-1045657,-1007646,38011,38011,10.396881838074398,0.0,-1228457,-1190446
M2_LOW_PROFIT_ONLY,10000,-1000,120000,96183,96183,26.308260393873084,0.0,-567469,-471286,96183,96183,26.308260393873084,0.0,-750269,-654086,96183,96183,26.308260393873084,0.0,-933069,-836886,96183,96183,26.308260393873084,0.0,-1115869,-1019686,96183,96183,26.308260393873084,0.0,-1298669,-1202486
M2_LOW_PROFIT_ONLY,10000,-700,30000,-40096,-40096,-10.967177242888402,0.0,-296916,-337012,-40096,-40096,-10.967177242888402,0.0,-479716,-519812,-40096,-40096,-10.967177242888402,0.0,-662516,-702612,-40096,-40096,-10.967177242888402,0.0,-845316,-885412,-40096,-40096,-10.967177242888402,0.0,-1028116,-1068212
M2_LOW_PROFIT_ONLY,10000,-700,60000,-2835,-2835,-0.7754376367614879,0.0,-348532,-351367,-2835,-2835,-0.7754376367614879,0.0,-531332,-534167,-2835,-2835,-0.7754376367614879,0.0,-714132,-716967,-2835,-2835,-0.7754376367614879,0.0,-896932,-899767,-2835,-2835,-0.7754376367614879,0.0,-1079732,-1082567
M2_LOW_PROFIT_ONLY,10000,-700,120000,53765,53765,14.705962800875273,0.0,-405443,-351678,53765,53765,14.705962800875273,0.0,-588243,-534478,53765,53765,14.705962800875273,0.0,-771043,-717278,53765,53765,14.705962800875273,0.0,-953843,-900078,53765,53765,14.705962800875273,0.0,-1136643,-1082878
M2_LOW_PROFIT_ONLY,10000,-500,30000,-37721,-37721,-10.317560175054705,0.0,-201399,-239120,-37721,-37721,-10.317560175054705,0.0,-384199,-421920,-37721,-37721,-10.317560175054705,0.0,-566999,-604720,-37721,-37721,-10.317560175054705,0.0,-749799,-787520,-37721,-37721,-10.317560175054705,0.0,-932599,-970320
M2_LOW_PROFIT_ONLY,10000,-500,60000,-21310,-21310,-5.828774617067833,0.0,-239510,-260820,-21310,-21310,-5.828774617067833,0.0,-422310,-443620,-21310,-21310,-5.828774617067833,0.0,-605110,-626420,-21310,-21310,-5.828774617067833,0.0,-787910,-809220,-21310,-21310,-5.828774617067833,0.0,-970710,-992020
M2_LOW_PROFIT_ONLY,10000,-500,120000,25861,25861,7.0735776805251644,0.0,-280457,-254596,25861,25861,7.0735776805251644,0.0,-463257,-437396,25861,25861,7.0735776805251644,0.0,-646057,-620196,25861,25861,7.0735776805251644,0.0,-828857,-802996,25861,25861,7.0735776805251644,0.0,-1011657,-985796
M2_LOW_PROFIT_ONLY,10000,-300,30000,-52728,-52728,-14.422319474835886,0.0,-98081,-150809,-52728,-52728,-14.422319474835886,0.0,-280881,-333609,-52728,-52728,-14.422319474835886,0.0,-463681,-516409,-52728,-52728,-14.422319474835886,0.0,-646481,-699209,-52728,-52728,-14.422319474835886,0.0,-829281,-882009
M2_LOW_PROFIT_ONLY,10000,-300,60000,-60973,-60973,-16.677516411378555,0.0,-106895,-167868,-60973,-60973,-16.677516411378555,0.0,-289695,-350668,-60973,-60973,-16.677516411378555,0.0,-472495,-533468,-60973,-60973,-16.677516411378555,0.0,-655295,-716268,-60973,-60973,-16.677516411378555,0.0,-838095,-899068
M2_LOW_PROFIT_ONLY,10000,-300,120000,-45788,-45788,-12.524070021881839,0.0,-101602,-147390,-45788,-45788,-12.524070021881839,0.0,-284402,-330190,-45788,-45788,-12.524070021881839,0.0,-467202,-512990,-45788,-45788,-12.524070021881839,0.0,-650002,-695790,-45788,-45788,-12.524070021881839,0.0,-832802,-878590
M2_LOW_PROFIT_ONLY,10000,-200,30000,-62978,-62978,-17.225929978118163,0.0,-26616,-89594,-62978,-62978,-17.225929978118163,0.0,-209416,-272394,-62978,-62978,-17.225929978118163,0.0,-392216,-455194,-62978,-62978,-17.225929978118163,0.0,-575016,-637994,-62978,-62978,-17.225929978118163,0.0,-757816,-820794
M2_LOW_PROFIT_ONLY,10000,-200,60000,-77943,-77943,-21.319201312910284,0.0,-31550,-109493,-77943,-77943,-21.319201312910284,0.0,-214350,-292293,-77943,-77943,-21.319201312910284,0.0,-397150,-475093,-77943,-77943,-21.319201312910284,0.0,-579950,-657893,-77943,-77943,-21.319201312910284,0.0,-762750,-840693
M2_LOW_PROFIT_ONLY,10000,-200,120000,-80463,-80463,-22.008479212253828,0.0,13,-80450,-80463,-80463,-22.008479212253828,0.0,-182787,-263250,-80463,-80463,-22.008479212253828,0.0,-365587,-446050,-80463,-80463,-22.008479212253828,0.0,-548387,-628850,-80463,-80463,-22.008479212253828,0.0,-731187,-811650
M3_EXCLUDE_HEARTBEAT_ONLY,1000,-6000,30000,281551,281551,77.01066739606127,0.0,-1368914,-1087363,281551,281551,77.01066739606127,0.0,-1551714,-1270163,281551,281551,77.01066739606127,0.0,-1734514,-1452963,281551,281551,77.01066739606127,0.0,-1917314,-1635763,281551,281551,77.01066739606127,0.0,-2100114,-1818563
M3_EXCLUDE_HEARTBEAT_ONLY,1000,-6000,60000,440554,440554,120.50164113785559,0.0,-1531283,-1090729,440554,440554,120.50164113785559,0.0,-1714083,-1273529,440554,440554,120.50164113785559,0.0,-1896883,-1456329,440554,440554,120.50164113785559,0.0,-2079683,-1639129,440554,440554,120.50164113785559,0.0,-2262483,-1821929
M3_EXCLUDE_HEARTBEAT_ONLY,1000,-6000,120000,557505,557505,152.49042669584244,0.0,-1651963,-1094458,557505,557505,152.49042669584244,0.0,-1834763,-1277258,557505,557505,152.49042669584244,0.0,-2017563,-1460058,557505,557505,152.49042669584244,0.0,-2200363,-1642858,557505,557505,152.49042669584244,0.0,-2383163,-1825658
M3_EXCLUDE_HEARTBEAT_ONLY,1000,-5000,30000,258020,258020,70.57439824945295,0.0,-1307295,-1049275,258020,258020,70.57439824945295,0.0,-1490095,-1232075,258020,258020,70.57439824945295,0.0,-1672895,-1414875,258020,258020,70.57439824945295,0.0,-1855695,-1597675,258020,258020,70.57439824945295,0.0,-2038495,-1780475
M3_EXCLUDE_HEARTBEAT_ONLY,1000,-5000,60000,419186,419186,114.65700218818381,0.0,-1471063,-1051877,419186,419186,114.65700218818381,0.0,-1653863,-1234677,419186,419186,114.65700218818381,0.0,-1836663,-1417477,419186,419186,114.65700218818381,0.0,-2019463,-1600277,419186,419186,114.65700218818381,0.0,-2202263,-1783077
M3_EXCLUDE_HEARTBEAT_ONLY,1000,-5000,120000,533648,533648,145.96498905908095,0.0,-1587331,-1053683,533648,533648,145.96498905908095,0.0,-1770131,-1236483,533648,533648,145.96498905908095,0.0,-1952931,-1419283,533648,533648,145.96498905908095,0.0,-2135731,-1602083,533648,533648,145.96498905908095,0.0,-2318531,-1784883
M3_EXCLUDE_HEARTBEAT_ONLY,1000,-3000,30000,179327,179327,49.05005470459518,0.0,-1103907,-924580,179327,179327,49.05005470459518,0.0,-1286707,-1107380,179327,179327,49.05005470459518,0.0,-1469507,-1290180,179327,179327,49.05005470459518,0.0,-1652307,-1472980,179327,179327,49.05005470459518,0.0,-1835107,-1655780
M3_EXCLUDE_HEARTBEAT_ONLY,1000,-3000,60000,288444,288444,78.89606126914661,0.0,-1210749,-922305,288444,288444,78.89606126914661,0.0,-1393549,-1105105,288444,288444,78.89606126914661,0.0,-1576349,-1287905,288444,288444,78.89606126914661,0.0,-1759149,-1470705,288444,288444,78.89606126914661,0.0,-1941949,-1653505
M3_EXCLUDE_HEARTBEAT_ONLY,1000,-3000,120000,402174,402174,110.00382932166302,0.0,-1325565,-923391,402174,402174,110.00382932166302,0.0,-1508365,-1106191,402174,402174,110.00382932166302,0.0,-1691165,-1288991,402174,402174,110.00382932166302,0.0,-1873965,-1471791,402174,402174,110.00382932166302,0.0,-2056765,-1654591
M3_EXCLUDE_HEARTBEAT_ONLY,1000,-2000,30000,112640,112640,30.809628008752735,0.0,-887598,-774958,112640,112640,30.809628008752735,0.0,-1070398,-957758,112640,112640,30.809628008752735,0.0,-1253198,-1140558,112640,112640,30.809628008752735,0.0,-1435998,-1323358,112640,112640,30.809628008752735,0.0,-1618798,-1506158
M3_EXCLUDE_HEARTBEAT_ONLY,1000,-2000,60000,199106,199106,54.46006564551422,0.0,-975024,-775918,199106,199106,54.46006564551422,0.0,-1157824,-958718,199106,199106,54.46006564551422,0.0,-1340624,-1141518,199106,199106,54.46006564551422,0.0,-1523424,-1324318,199106,199106,54.46006564551422,0.0,-1706224,-1507118
M3_EXCLUDE_HEARTBEAT_ONLY,1000,-2000,120000,290809,290809,79.542943107221,0.0,-1066538,-775729,290809,290809,79.542943107221,0.0,-1249338,-958529,290809,290809,79.542943107221,0.0,-1432138,-1141329,290809,290809,79.542943107221,0.0,-1614938,-1324129,290809,290809,79.542943107221,0.0,-1797738,-1506929
M3_EXCLUDE_HEARTBEAT_ONLY,1000,-1500,30000,105772,105772,28.931072210065647,0.0,-779901,-674129,105772,105772,28.931072210065647,0.0,-962701,-856929,105772,105772,28.931072210065647,0.0,-1145501,-1039729,105772,105772,28.931072210065647,0.0,-1328301,-1222529,105772,105772,28.931072210065647,0.0,-1511101,-1405329
M3_EXCLUDE_HEARTBEAT_ONLY,1000,-1500,60000,159971,159971,43.75574398249453,0.0,-833953,-673982,159971,159971,43.75574398249453,0.0,-1016753,-856782,159971,159971,43.75574398249453,0.0,-1199553,-1039582,159971,159971,43.75574398249453,0.0,-1382353,-1222382,159971,159971,43.75574398249453,0.0,-1565153,-1405182
M3_EXCLUDE_HEARTBEAT_ONLY,1000,-1500,120000,245288,245288,67.09190371991247,0.0,-919272,-673984,245288,245288,67.09190371991247,0.0,-1102072,-856784,245288,245288,67.09190371991247,0.0,-1284872,-1039584,245288,245288,67.09190371991247,0.0,-1467672,-1222384,245288,245288,67.09190371991247,0.0,-1650472,-1405184
M3_EXCLUDE_HEARTBEAT_ONLY,1000,-1000,30000,65473,65473,17.908369803063458,0.0,-616262,-550789,65473,65473,17.908369803063458,0.0,-799062,-733589,65473,65473,17.908369803063458,0.0,-981862,-916389,65473,65473,17.908369803063458,0.0,-1164662,-1099189,65473,65473,17.908369803063458,0.0,-1347462,-1281989
M3_EXCLUDE_HEARTBEAT_ONLY,1000,-1000,60000,98326,98326,26.894420131291028,0.0,-647358,-549032,98326,98326,26.894420131291028,0.0,-830158,-731832,98326,98326,26.894420131291028,0.0,-1012958,-914632,98326,98326,26.894420131291028,0.0,-1195758,-1097432,98326,98326,26.894420131291028,0.0,-1378558,-1280232
M3_EXCLUDE_HEARTBEAT_ONLY,1000,-1000,120000,165034,165034,45.14059080962801,0.0,-714068,-549034,165034,165034,45.14059080962801,0.0,-896868,-731834,165034,165034,45.14059080962801,0.0,-1079668,-914634,165034,165034,45.14059080962801,0.0,-1262468,-1097434,165034,165034,45.14059080962801,0.0,-1445268,-1280234
M3_EXCLUDE_HEARTBEAT_ONLY,1000,-700,30000,33477,33477,9.156728665207877,0.0,-484713,-451236,33477,33477,9.156728665207877,0.0,-667513,-634036,33477,33477,9.156728665207877,0.0,-850313,-816836,33477,33477,9.156728665207877,0.0,-1033113,-999636,33477,33477,9.156728665207877,0.0,-1215913,-1182436
M3_EXCLUDE_HEARTBEAT_ONLY,1000,-700,60000,49515,49515,13.543490153172867,0.0,-501276,-451761,49515,49515,13.543490153172867,0.0,-684076,-634561,49515,49515,13.543490153172867,0.0,-866876,-817361,49515,49515,13.543490153172867,0.0,-1049676,-1000161,49515,49515,13.543490153172867,0.0,-1232476,-1182961
M3_EXCLUDE_HEARTBEAT_ONLY,1000,-700,120000,102185,102185,27.949945295404813,0.0,-553948,-451763,102185,102185,27.949945295404813,0.0,-736748,-634563,102185,102185,27.949945295404813,0.0,-919548,-817363,102185,102185,27.949945295404813,0.0,-1102348,-1000163,102185,102185,27.949945295404813,0.0,-1285148,-1182963
M3_EXCLUDE_HEARTBEAT_ONLY,1000,-500,30000,19834,19834,5.425054704595186,0.0,-385927,-366093,19834,19834,5.425054704595186,0.0,-568727,-548893,19834,19834,5.425054704595186,0.0,-751527,-731693,19834,19834,5.425054704595186,0.0,-934327,-914493,19834,19834,5.425054704595186,0.0,-1117127,-1097293
M3_EXCLUDE_HEARTBEAT_ONLY,1000,-500,60000,25430,25430,6.955689277899343,0.0,-391170,-365740,25430,25430,6.955689277899343,0.0,-573970,-548540,25430,25430,6.955689277899343,0.0,-756770,-731340,25430,25430,6.955689277899343,0.0,-939570,-914140,25430,25430,6.955689277899343,0.0,-1122370,-1096940
M3_EXCLUDE_HEARTBEAT_ONLY,1000,-500,120000,66139,66139,18.09053610503282,0.0,-431881,-365742,66139,66139,18.09053610503282,0.0,-614681,-548542,66139,66139,18.09053610503282,0.0,-797481,-731342,66139,66139,18.09053610503282,0.0,-980281,-914142,66139,66139,18.09053610503282,0.0,-1163081,-1096942
M3_EXCLUDE_HEARTBEAT_ONLY,1000,-300,30000,-4677,-4677,-1.2792669584245075,0.0,-266617,-271294,-4677,-4677,-1.2792669584245075,0.0,-449417,-454094,-4677,-4677,-1.2792669584245075,0.0,-632217,-636894,-4677,-4677,-1.2792669584245075,0.0,-815017,-819694,-4677,-4677,-1.2792669584245075,0.0,-997817,-1002494
M3_EXCLUDE_HEARTBEAT_ONLY,1000,-300,60000,-10193,-10193,-2.788019693654267,0.0,-262739,-272932,-10193,-10193,-2.788019693654267,0.0,-445539,-455732,-10193,-10193,-2.788019693654267,0.0,-628339,-638532,-10193,-10193,-2.788019693654267,0.0,-811139,-821332,-10193,-10193,-2.788019693654267,0.0,-993939,-1004132
M3_EXCLUDE_HEARTBEAT_ONLY,1000,-300,120000,5926,5926,1.6208971553610503,0.0,-278860,-272934,5926,5926,1.6208971553610503,0.0,-461660,-455734,5926,5926,1.6208971553610503,0.0,-644460,-638534,5926,5926,1.6208971553610503,0.0,-827260,-821334,5926,5926,1.6208971553610503,0.0,-1010060,-1004134
M3_EXCLUDE_HEARTBEAT_ONLY,1000,-200,30000,-23867,-23867,-6.528172866520788,0.0,-192313,-216180,-23867,-23867,-6.528172866520788,0.0,-375113,-398980,-23867,-23867,-6.528172866520788,0.0,-557913,-581780,-23867,-23867,-6.528172866520788,0.0,-740713,-764580,-23867,-23867,-6.528172866520788,0.0,-923513,-947380
M3_EXCLUDE_HEARTBEAT_ONLY,1000,-200,60000,-39315,-39315,-10.75355579868709,0.0,-178101,-217416,-39315,-39315,-10.75355579868709,0.0,-360901,-400216,-39315,-39315,-10.75355579868709,0.0,-543701,-583016,-39315,-39315,-10.75355579868709,0.0,-726501,-765816,-39315,-39315,-10.75355579868709,0.0,-909301,-948616
M3_EXCLUDE_HEARTBEAT_ONLY,1000,-200,120000,-36801,-36801,-10.065919037199125,0.0,-180617,-217418,-36801,-36801,-10.065919037199125,0.0,-363417,-400218,-36801,-36801,-10.065919037199125,0.0,-546217,-583018,-36801,-36801,-10.065919037199125,0.0,-729017,-765818,-36801,-36801,-10.065919037199125,0.0,-911817,-948618
M3_EXCLUDE_HEARTBEAT_ONLY,1500,-6000,30000,281887,281887,77.10257111597375,0.0,-1327813,-1045926,281887,281887,77.10257111597375,0.0,-1510613,-1228726,281887,281887,77.10257111597375,0.0,-1693413,-1411526,281887,281887,77.10257111597375,0.0,-1876213,-1594326,281887,281887,77.10257111597375,0.0,-2059013,-1777126
M3_EXCLUDE_HEARTBEAT_ONLY,1500,-6000,60000,474681,474681,129.83615973741794,0.0,-1515337,-1040656,474681,474681,129.83615973741794,0.0,-1698137,-1223456,474681,474681,129.83615973741794,0.0,-1880937,-1406256,474681,474681,129.83615973741794,0.0,-2063737,-1589056,474681,474681,129.83615973741794,0.0,-2246537,-1771856
M3_EXCLUDE_HEARTBEAT_ONLY,1500,-6000,120000,621315,621315,169.94392778993435,0.0,-1665000,-1043685,621315,621315,169.94392778993435,0.0,-1847800,-1226485,621315,621315,169.94392778993435,0.0,-2030600,-1409285,621315,621315,169.94392778993435,0.0,-2213400,-1592085,621315,621315,169.94392778993435,0.0,-2396200,-1774885
M3_EXCLUDE_HEARTBEAT_ONLY,1500,-5000,30000,256392,256392,70.12910284463895,0.0,-1263117,-1006725,256392,256392,70.12910284463895,0.0,-1445917,-1189525,256392,256392,70.12910284463895,0.0,-1628717,-1372325,256392,256392,70.12910284463895,0.0,-1811517,-1555125,256392,256392,70.12910284463895,0.0,-1994317,-1737925
M3_EXCLUDE_HEARTBEAT_ONLY,1500,-5000,60000,447415,447415,122.37828227571116,0.0,-1450577,-1003162,447415,447415,122.37828227571116,0.0,-1633377,-1185962,447415,447415,122.37828227571116,0.0,-1816177,-1368762,447415,447415,122.37828227571116,0.0,-1998977,-1551562,447415,447415,122.37828227571116,0.0,-2181777,-1734362
M3_EXCLUDE_HEARTBEAT_ONLY,1500,-5000,120000,590899,590899,161.62445295404814,0.0,-1595103,-1004204,590899,590899,161.62445295404814,0.0,-1777903,-1187004,590899,590899,161.62445295404814,0.0,-1960703,-1369804,590899,590899,161.62445295404814,0.0,-2143503,-1552604,590899,590899,161.62445295404814,0.0,-2326303,-1735404
M3_EXCLUDE_HEARTBEAT_ONLY,1500,-3000,30000,172540,172540,47.193654266958426,0.0,-1055149,-882609,172540,172540,47.193654266958426,0.0,-1237949,-1065409,172540,172540,47.193654266958426,0.0,-1420749,-1248209,172540,172540,47.193654266958426,0.0,-1603549,-1431009,172540,172540,47.193654266958426,0.0,-1786349,-1613809
M3_EXCLUDE_HEARTBEAT_ONLY,1500,-3000,60000,309516,309516,84.6597374179431,0.0,-1182185,-872669,309516,309516,84.6597374179431,0.0,-1364985,-1055469,309516,309516,84.6597374179431,0.0,-1547785,-1238269,309516,309516,84.6597374179431,0.0,-1730585,-1421069,309516,309516,84.6597374179431,0.0,-1913385,-1603869
M3_EXCLUDE_HEARTBEAT_ONLY,1500,-3000,120000,433202,433202,118.49070021881838,0.0,-1306193,-872991,433202,433202,118.49070021881838,0.0,-1488993,-1055791,433202,433202,118.49070021881838,0.0,-1671793,-1238591,433202,433202,118.49070021881838,0.0,-1854593,-1421391,433202,433202,118.49070021881838,0.0,-2037393,-1604191
M3_EXCLUDE_HEARTBEAT_ONLY,1500,-2000,30000,106241,106241,29.059354485776804,0.0,-839451,-733210,106241,106241,29.059354485776804,0.0,-1022251,-916010,106241,106241,29.059354485776804,0.0,-1205051,-1098810,106241,106241,29.059354485776804,0.0,-1387851,-1281610,106241,106241,29.059354485776804,0.0,-1570651,-1464410
M3_EXCLUDE_HEARTBEAT_ONLY,1500,-2000,60000,215373,215373,58.909463894967175,0.0,-944127,-728754,215373,215373,58.909463894967175,0.0,-1126927,-911554,215373,215373,58.909463894967175,0.0,-1309727,-1094354,215373,215373,58.909463894967175,0.0,-1492527,-1277154,215373,215373,58.909463894967175,0.0,-1675327,-1459954
M3_EXCLUDE_HEARTBEAT_ONLY,1500,-2000,120000,312812,312812,85.56126914660831,0.0,-1040613,-727801,312812,312812,85.56126914660831,0.0,-1223413,-910601,312812,312812,85.56126914660831,0.0,-1406213,-1093401,312812,312812,85.56126914660831,0.0,-1589013,-1276201,312812,312812,85.56126914660831,0.0,-1771813,-1459001
M3_EXCLUDE_HEARTBEAT_ONLY,1500,-1500,30000,100686,100686,27.539934354485776,0.0,-730067,-629381,100686,100686,27.539934354485776,0.0,-912867,-812181,100686,100686,27.539934354485776,0.0,-1095667,-994981,100686,100686,27.539934354485776,0.0,-1278467,-1177781,100686,100686,27.539934354485776,0.0,-1461267,-1360581
M3_EXCLUDE_HEARTBEAT_ONLY,1500,-1500,60000,160582,160582,43.92286652078774,0.0,-784400,-623818,160582,160582,43.92286652078774,0.0,-967200,-806618,160582,160582,43.92286652078774,0.0,-1150000,-989418,160582,160582,43.92286652078774,0.0,-1332800,-1172218,160582,160582,43.92286652078774,0.0,-1515600,-1355018
M3_EXCLUDE_HEARTBEAT_ONLY,1500,-1500,120000,249540,249540,68.25492341356674,0.0,-872596,-623056,249540,249540,68.25492341356674,0.0,-1055396,-805856,249540,249540,68.25492341356674,0.0,-1238196,-988656,249540,249540,68.25492341356674,0.0,-1420996,-1171456,249540,249540,68.25492341356674,0.0,-1603796,-1354256
M3_EXCLUDE_HEARTBEAT_ONLY,1500,-1000,30000,52607,52607,14.389223194748359,0.0,-561170,-508563,52607,52607,14.389223194748359,0.0,-743970,-691363,52607,52607,14.389223194748359,0.0,-926770,-874163,52607,52607,14.389223194748359,0.0,-1109570,-1056963,52607,52607,14.389223194748359,0.0,-1292370,-1239763
M3_EXCLUDE_HEARTBEAT_ONLY,1500,-1000,60000,89265,89265,24.416028446389497,0.0,-592649,-503384,89265,89265,24.416028446389497,0.0,-775449,-686184,89265,89265,24.416028446389497,0.0,-958249,-868984,89265,89265,24.416028446389497,0.0,-1141049,-1051784,89265,89265,24.416028446389497,0.0,-1323849,-1234584
M3_EXCLUDE_HEARTBEAT_ONLY,1500,-1000,120000,161686,161686,44.22483588621444,0.0,-664308,-502622,161686,161686,44.22483588621444,0.0,-847108,-685422,161686,161686,44.22483588621444,0.0,-1029908,-868222,161686,161686,44.22483588621444,0.0,-1212708,-1051022,161686,161686,44.22483588621444,0.0,-1395508,-1233822
M3_EXCLUDE_HEARTBEAT_ONLY,1500,-700,30000,20415,20415,5.583971553610503,0.0,-432610,-412195,20415,20415,5.583971553610503,0.0,-615410,-594995,20415,20415,5.583971553610503,0.0,-798210,-777795,20415,20415,5.583971553610503,0.0,-981010,-960595,20415,20415,5.583971553610503,0.0,-1163810,-1143395
M3_EXCLUDE_HEARTBEAT_ONLY,1500,-700,60000,44180,44180,12.084245076586432,0.0,-454067,-409887,44180,44180,12.084245076586432,0.0,-636867,-592687,44180,44180,12.084245076586432,0.0,-819667,-775487,44180,44180,12.084245076586432,0.0,-1002467,-958287,44180,44180,12.084245076586432,0.0,-1185267,-1141087
M3_EXCLUDE_HEARTBEAT_ONLY,1500,-700,120000,100836,100836,27.580962800875273,0.0,-509859,-409023,100836,100836,27.580962800875273,0.0,-692659,-591823,100836,100836,27.580962800875273,0.0,-875459,-774623,100836,100836,27.580962800875273,0.0,-1058259,-957423,100836,100836,27.580962800875273,0.0,-1241059,-1140223
M3_EXCLUDE_HEARTBEAT_ONLY,1500,-500,30000,6315,6315,1.7272975929978118,0.0,-334140,-327825,6315,6315,1.7272975929978118,0.0,-516940,-510625,6315,6315,1.7272975929978118,0.0,-699740,-693425,6315,6315,1.7272975929978118,0.0,-882540,-876225,6315,6315,1.7272975929978118,0.0,-1065340,-1059025
M3_EXCLUDE_HEARTBEAT_ONLY,1500,-500,60000,19871,19871,5.435175054704596,0.0,-347571,-327700,19871,19871,5.435175054704596,0.0,-530371,-510500,19871,19871,5.435175054704596,0.0,-713171,-693300,19871,19871,5.435175054704596,0.0,-895971,-876100,19871,19871,5.435175054704596,0.0,-1078771,-1058900
M3_EXCLUDE_HEARTBEAT_ONLY,1500,-500,120000,61994,61994,16.956783369803063,0.0,-389696,-327702,61994,61994,16.956783369803063,0.0,-572496,-510502,61994,61994,16.956783369803063,0.0,-755296,-693302,61994,61994,16.956783369803063,0.0,-938096,-876102,61994,61994,16.956783369803063,0.0,-1120896,-1058902
M3_EXCLUDE_HEARTBEAT_ONLY,1500,-300,30000,-19912,-19912,-5.446389496717725,0.0,-214017,-233929,-19912,-19912,-5.446389496717725,0.0,-396817,-416729,-19912,-19912,-5.446389496717725,0.0,-579617,-599529,-19912,-19912,-5.446389496717725,0.0,-762417,-782329,-19912,-19912,-5.446389496717725,0.0,-945217,-965129
M3_EXCLUDE_HEARTBEAT_ONLY,1500,-300,60000,-16487,-16487,-4.509573304157549,0.0,-221025,-237512,-16487,-16487,-4.509573304157549,0.0,-403825,-420312,-16487,-16487,-4.509573304157549,0.0,-586625,-603112,-16487,-16487,-4.509573304157549,0.0,-769425,-785912,-16487,-16487,-4.509573304157549,0.0,-952225,-968712
M3_EXCLUDE_HEARTBEAT_ONLY,1500,-300,120000,3374,3374,0.9228665207877462,0.0,-240888,-237514,3374,3374,0.9228665207877462,0.0,-423688,-420314,3374,3374,0.9228665207877462,0.0,-606488,-603114,3374,3374,0.9228665207877462,0.0,-789288,-785914,3374,3374,0.9228665207877462,0.0,-972088,-968714
M3_EXCLUDE_HEARTBEAT_ONLY,1500,-200,30000,-39429,-39429,-10.784737417943107,0.0,-139295,-178724,-39429,-39429,-10.784737417943107,0.0,-322095,-361524,-39429,-39429,-10.784737417943107,0.0,-504895,-544324,-39429,-39429,-10.784737417943107,0.0,-687695,-727124,-39429,-39429,-10.784737417943107,0.0,-870495,-909924
M3_EXCLUDE_HEARTBEAT_ONLY,1500,-200,60000,-48522,-48522,-13.271881838074398,0.0,-133847,-182369,-48522,-48522,-13.271881838074398,0.0,-316647,-365169,-48522,-48522,-13.271881838074398,0.0,-499447,-547969,-48522,-48522,-13.271881838074398,0.0,-682247,-730769,-48522,-48522,-13.271881838074398,0.0,-865047,-913569
M3_EXCLUDE_HEARTBEAT_ONLY,1500,-200,120000,-43521,-43521,-11.903993435448578,0.0,-138850,-182371,-43521,-43521,-11.903993435448578,0.0,-321650,-365171,-43521,-43521,-11.903993435448578,0.0,-504450,-547971,-43521,-43521,-11.903993435448578,0.0,-687250,-730771,-43521,-43521,-11.903993435448578,0.0,-870050,-913571
M3_EXCLUDE_HEARTBEAT_ONLY,2000,-6000,30000,280947,280947,76.84545951859957,0.0,-1315991,-1035044,280947,280947,76.84545951859957,0.0,-1498791,-1217844,280947,280947,76.84545951859957,0.0,-1681591,-1400644,280947,280947,76.84545951859957,0.0,-1864391,-1583444,280947,280947,76.84545951859957,0.0,-2047191,-1766244
M3_EXCLUDE_HEARTBEAT_ONLY,2000,-6000,60000,480920,480920,131.5426695842451,0.0,-1508631,-1027711,480920,480920,131.5426695842451,0.0,-1691431,-1210511,480920,480920,131.5426695842451,0.0,-1874231,-1393311,480920,480920,131.5426695842451,0.0,-2057031,-1576111,480920,480920,131.5426695842451,0.0,-2239831,-1758911
M3_EXCLUDE_HEARTBEAT_ONLY,2000,-6000,120000,622236,622236,170.19584245076587,0.0,-1657547,-1035311,622236,622236,170.19584245076587,0.0,-1840347,-1218111,622236,622236,170.19584245076587,0.0,-2023147,-1400911,622236,622236,170.19584245076587,0.0,-2205947,-1583711,622236,622236,170.19584245076587,0.0,-2388747,-1766511
M3_EXCLUDE_HEARTBEAT_ONLY,2000,-5000,30000,254110,254110,69.50492341356674,0.0,-1248953,-994843,254110,254110,69.50492341356674,0.0,-1431753,-1177643,254110,254110,69.50492341356674,0.0,-1614553,-1360443,254110,254110,69.50492341356674,0.0,-1797353,-1543243,254110,254110,69.50492341356674,0.0,-1980153,-1726043
M3_EXCLUDE_HEARTBEAT_ONLY,2000,-5000,60000,452970,452970,123.89770240700219,0.0,-1442687,-989717,452970,452970,123.89770240700219,0.0,-1625487,-1172517,452970,452970,123.89770240700219,0.0,-1808287,-1355317,452970,452970,123.89770240700219,0.0,-1991087,-1538117,452970,452970,123.89770240700219,0.0,-2173887,-1720917
M3_EXCLUDE_HEARTBEAT_ONLY,2000,-5000,120000,590941,590941,161.6359409190372,0.0,-1585271,-994330,590941,590941,161.6359409190372,0.0,-1768071,-1177130,590941,590941,161.6359409190372,0.0,-1950871,-1359930,590941,590941,161.6359409190372,0.0,-2133671,-1542730,590941,590941,161.6359409190372,0.0,-2316471,-1725530
M3_EXCLUDE_HEARTBEAT_ONLY,2000,-3000,30000,169668,169668,46.40809628008753,0.0,-1035535,-865867,169668,169668,46.40809628008753,0.0,-1218335,-1048667,169668,169668,46.40809628008753,0.0,-1401135,-1231467,169668,169668,46.40809628008753,0.0,-1583935,-1414267,169668,169668,46.40809628008753,0.0,-1766735,-1597067
M3_EXCLUDE_HEARTBEAT_ONLY,2000,-3000,60000,297771,297771,81.44721006564552,0.0,-1152357,-854586,297771,297771,81.44721006564552,0.0,-1335157,-1037386,297771,297771,81.44721006564552,0.0,-1517957,-1220186,297771,297771,81.44721006564552,0.0,-1700757,-1402986,297771,297771,81.44721006564552,0.0,-1883557,-1585786
M3_EXCLUDE_HEARTBEAT_ONLY,2000,-3000,120000,420543,420543,115.02817286652079,0.0,-1277022,-856479,420543,420543,115.02817286652079,0.0,-1459822,-1039279,420543,420543,115.02817286652079,0.0,-1642622,-1222079,420543,420543,115.02817286652079,0.0,-1825422,-1404879,420543,420543,115.02817286652079,0.0,-2008222,-1587679
M3_EXCLUDE_HEARTBEAT_ONLY,2000,-2000,30000,98004,98004,26.806345733041574,0.0,-811235,-713231,98004,98004,26.806345733041574,0.0,-994035,-896031,98004,98004,26.806345733041574,0.0,-1176835,-1078831,98004,98004,26.806345733041574,0.0,-1359635,-1261631,98004,98004,26.806345733041574,0.0,-1542435,-1444431
M3_EXCLUDE_HEARTBEAT_ONLY,2000,-2000,60000,197589,197589,54.04513129102845,0.0,-909382,-711793,197589,197589,54.04513129102845,0.0,-1092182,-894593,197589,197589,54.04513129102845,0.0,-1274982,-1077393,197589,197589,54.04513129102845,0.0,-1457782,-1260193,197589,197589,54.04513129102845,0.0,-1640582,-1442993
M3_EXCLUDE_HEARTBEAT_ONLY,2000,-2000,120000,291344,291344,79.68927789934355,0.0,-1002911,-711567,291344,291344,79.68927789934355,0.0,-1185711,-894367,291344,291344,79.68927789934355,0.0,-1368511,-1077167,291344,291344,79.68927789934355,0.0,-1551311,-1259967,291344,291344,79.68927789934355,0.0,-1734111,-1442767
M3_EXCLUDE_HEARTBEAT_ONLY,2000,-1500,30000,94170,94170,25.75765864332604,0.0,-707572,-613402,94170,94170,25.75765864332604,0.0,-890372,-796202,94170,94170,25.75765864332604,0.0,-1073172,-979002,94170,94170,25.75765864332604,0.0,-1255972,-1161802,94170,94170,25.75765864332604,0.0,-1438772,-1344602
M3_EXCLUDE_HEARTBEAT_ONLY,2000,-1500,60000,145422,145422,39.77625820568928,0.0,-752564,-607142,145422,145422,39.77625820568928,0.0,-935364,-789942,145422,145422,39.77625820568928,0.0,-1118164,-972742,145422,145422,39.77625820568928,0.0,-1300964,-1155542,145422,145422,39.77625820568928,0.0,-1483764,-1338342
M3_EXCLUDE_HEARTBEAT_ONLY,2000,-1500,120000,231651,231651,63.36187089715536,0.0,-838758,-607107,231651,231651,63.36187089715536,0.0,-1021558,-789907,231651,231651,63.36187089715536,0.0,-1204358,-972707,231651,231651,63.36187089715536,0.0,-1387158,-1155507,231651,231651,63.36187089715536,0.0,-1569958,-1338307
M3_EXCLUDE_HEARTBEAT_ONLY,2000,-1000,30000,45935,45935,12.564277899343544,0.0,-541676,-495741,45935,45935,12.564277899343544,0.0,-724476,-678541,45935,45935,12.564277899343544,0.0,-907276,-861341,45935,45935,12.564277899343544,0.0,-1090076,-1044141,45935,45935,12.564277899343544,0.0,-1272876,-1226941
M3_EXCLUDE_HEARTBEAT_ONLY,2000,-1000,60000,77034,77034,21.070568927789935,0.0,-567155,-490121,77034,77034,21.070568927789935,0.0,-749955,-672921,77034,77034,21.070568927789935,0.0,-932755,-855721,77034,77034,21.070568927789935,0.0,-1115555,-1038521,77034,77034,21.070568927789935,0.0,-1298355,-1221321
M3_EXCLUDE_HEARTBEAT_ONLY,2000,-1000,120000,141802,141802,38.78610503282276,0.0,-631888,-490086,141802,141802,38.78610503282276,0.0,-814688,-672886,141802,141802,38.78610503282276,0.0,-997488,-855686,141802,141802,38.78610503282276,0.0,-1180288,-1038486,141802,141802,38.78610503282276,0.0,-1363088,-1221286
M3_EXCLUDE_HEARTBEAT_ONLY,2000,-700,30000,13318,13318,3.6427789934354484,0.0,-411307,-397989,13318,13318,3.6427789934354484,0.0,-594107,-580789,13318,13318,3.6427789934354484,0.0,-776907,-763589,13318,13318,3.6427789934354484,0.0,-959707,-946389,13318,13318,3.6427789934354484,0.0,-1142507,-1129189
M3_EXCLUDE_HEARTBEAT_ONLY,2000,-700,60000,31858,31858,8.713894967177243,0.0,-426540,-394682,31858,31858,8.713894967177243,0.0,-609340,-577482,31858,31858,8.713894967177243,0.0,-792140,-760282,31858,31858,8.713894967177243,0.0,-974940,-943082,31858,31858,8.713894967177243,0.0,-1157740,-1125882
M3_EXCLUDE_HEARTBEAT_ONLY,2000,-700,120000,84047,84047,22.98878555798687,0.0,-478592,-394545,84047,84047,22.98878555798687,0.0,-661392,-577345,84047,84047,22.98878555798687,0.0,-844192,-760145,84047,84047,22.98878555798687,0.0,-1026992,-942945,84047,84047,22.98878555798687,0.0,-1209792,-1125745
M3_EXCLUDE_HEARTBEAT_ONLY,2000,-500,30000,2924,2924,0.799781181619256,0.0,-313810,-310886,2924,2924,0.799781181619256,0.0,-496610,-493686,2924,2924,0.799781181619256,0.0,-679410,-676486,2924,2924,0.799781181619256,0.0,-862210,-859286,2924,2924,0.799781181619256,0.0,-1045010,-1042086
M3_EXCLUDE_HEARTBEAT_ONLY,2000,-500,60000,11119,11119,3.041301969365427,0.0,-321327,-310208,11119,11119,3.041301969365427,0.0,-504127,-493008,11119,11119,3.041301969365427,0.0,-686927,-675808,11119,11119,3.041301969365427,0.0,-869727,-858608,11119,11119,3.041301969365427,0.0,-1052527,-1041408
M3_EXCLUDE_HEARTBEAT_ONLY,2000,-500,120000,50562,50562,13.829868708971553,0.0,-364499,-313937,50562,50562,13.829868708971553,0.0,-547299,-496737,50562,50562,13.829868708971553,0.0,-730099,-679537,50562,50562,13.829868708971553,0.0,-912899,-862337,50562,50562,13.829868708971553,0.0,-1095699,-1045137
M3_EXCLUDE_HEARTBEAT_ONLY,2000,-300,30000,-24195,-24195,-6.6178884026258205,0.0,-192259,-216454,-24195,-24195,-6.6178884026258205,0.0,-375059,-399254,-24195,-24195,-6.6178884026258205,0.0,-557859,-582054,-24195,-24195,-6.6178884026258205,0.0,-740659,-764854,-24195,-24195,-6.6178884026258205,0.0,-923459,-947654
M3_EXCLUDE_HEARTBEAT_ONLY,2000,-300,60000,-24522,-24522,-6.707330415754924,0.0,-196251,-220773,-24522,-24522,-6.707330415754924,0.0,-379051,-403573,-24522,-24522,-6.707330415754924,0.0,-561851,-586373,-24522,-24522,-6.707330415754924,0.0,-744651,-769173,-24522,-24522,-6.707330415754924,0.0,-927451,-951973
M3_EXCLUDE_HEARTBEAT_ONLY,2000,-300,120000,-10266,-10266,-2.8079868708971554,0.0,-210509,-220775,-10266,-10266,-2.8079868708971554,0.0,-393309,-403575,-10266,-10266,-2.8079868708971554,0.0,-576109,-586375,-10266,-10266,-2.8079868708971554,0.0,-758909,-769175,-10266,-10266,-2.8079868708971554,0.0,-941709,-951975
M3_EXCLUDE_HEARTBEAT_ONLY,2000,-200,30000,-44312,-44312,-12.120350109409191,0.0,-114574,-158886,-44312,-44312,-12.120350109409191,0.0,-297374,-341686,-44312,-44312,-12.120350109409191,0.0,-480174,-524486,-44312,-44312,-12.120350109409191,0.0,-662974,-707286,-44312,-44312,-12.120350109409191,0.0,-845774,-890086
M3_EXCLUDE_HEARTBEAT_ONLY,2000,-200,60000,-56877,-56877,-15.557166301969366,0.0,-106653,-163530,-56877,-56877,-15.557166301969366,0.0,-289453,-346330,-56877,-56877,-15.557166301969366,0.0,-472253,-529130,-56877,-56877,-15.557166301969366,0.0,-655053,-711930,-56877,-56877,-15.557166301969366,0.0,-837853,-894730
M3_EXCLUDE_HEARTBEAT_ONLY,2000,-200,120000,-57386,-57386,-15.696389496717725,0.0,-106146,-163532,-57386,-57386,-15.696389496717725,0.0,-288946,-346332,-57386,-57386,-15.696389496717725,0.0,-471746,-529132,-57386,-57386,-15.696389496717725,0.0,-654546,-711932,-57386,-57386,-15.696389496717725,0.0,-837346,-894732
M3_EXCLUDE_HEARTBEAT_ONLY,3000,-6000,30000,265575,265575,72.64086433260394,0.0,-1268097,-1002522,265575,265575,72.64086433260394,0.0,-1450897,-1185322,265575,265575,72.64086433260394,0.0,-1633697,-1368122,265575,265575,72.64086433260394,0.0,-1816497,-1550922,265575,265575,72.64086433260394,0.0,-1999297,-1733722
M3_EXCLUDE_HEARTBEAT_ONLY,3000,-6000,60000,485724,485724,132.85667396061268,0.0,-1493400,-1007676,485724,485724,132.85667396061268,0.0,-1676200,-1190476,485724,485724,132.85667396061268,0.0,-1859000,-1373276,485724,485724,132.85667396061268,0.0,-2041800,-1556076,485724,485724,132.85667396061268,0.0,-2224600,-1738876
M3_EXCLUDE_HEARTBEAT_ONLY,3000,-6000,120000,637901,637901,174.48057986870896,0.0,-1661981,-1024080,637901,637901,174.48057986870896,0.0,-1844781,-1206880,637901,637901,174.48057986870896,0.0,-2027581,-1389680,637901,637901,174.48057986870896,0.0,-2210381,-1572480,637901,637901,174.48057986870896,0.0,-2393181,-1755280
M3_EXCLUDE_HEARTBEAT_ONLY,3000,-5000,30000,237738,237738,65.02680525164114,0.0,-1198179,-960441,237738,237738,65.02680525164114,0.0,-1380979,-1143241,237738,237738,65.02680525164114,0.0,-1563779,-1326041,237738,237738,65.02680525164114,0.0,-1746579,-1508841,237738,237738,65.02680525164114,0.0,-1929379,-1691641
M3_EXCLUDE_HEARTBEAT_ONLY,3000,-5000,60000,452058,452058,123.64824945295405,0.0,-1419829,-967771,452058,452058,123.64824945295405,0.0,-1602629,-1150571,452058,452058,123.64824945295405,0.0,-1785429,-1333371,452058,452058,123.64824945295405,0.0,-1968229,-1516171,452058,452058,123.64824945295405,0.0,-2151029,-1698971
M3_EXCLUDE_HEARTBEAT_ONLY,3000,-5000,120000,599932,599932,164.09518599562364,0.0,-1581120,-981188,599932,599932,164.09518599562364,0.0,-1763920,-1163988,599932,599932,164.09518599562364,0.0,-1946720,-1346788,599932,599932,164.09518599562364,0.0,-2129520,-1529588,599932,599932,164.09518599562364,0.0,-2312320,-1712388
M3_EXCLUDE_HEARTBEAT_ONLY,3000,-3000,30000,151794,151794,41.5191466083151,0.0,-994418,-842624,151794,151794,41.5191466083151,0.0,-1177218,-1025424,151794,151794,41.5191466083151,0.0,-1360018,-1208224,151794,151794,41.5191466083151,0.0,-1542818,-1391024,151794,151794,41.5191466083151,0.0,-1725618,-1573824
M3_EXCLUDE_HEARTBEAT_ONLY,3000,-3000,60000,287713,287713,78.6961159737418,0.0,-1126824,-839111,287713,287713,78.6961159737418,0.0,-1309624,-1021911,287713,287713,78.6961159737418,0.0,-1492424,-1204711,287713,287713,78.6961159737418,0.0,-1675224,-1387511,287713,287713,78.6961159737418,0.0,-1858024,-1570311
M3_EXCLUDE_HEARTBEAT_ONLY,3000,-3000,120000,419778,419778,114.81892778993435,0.0,-1269441,-849663,419778,419778,114.81892778993435,0.0,-1452241,-1032463,419778,419778,114.81892778993435,0.0,-1635041,-1215263,419778,419778,114.81892778993435,0.0,-1817841,-1398063,419778,419778,114.81892778993435,0.0,-2000641,-1580863
M3_EXCLUDE_HEARTBEAT_ONLY,3000,-2000,30000,78998,78998,21.607768052516413,0.0,-768523,-689525,78998,78998,21.607768052516413,0.0,-951323,-872325,78998,78998,21.607768052516413,0.0,-1134123,-1055125,78998,78998,21.607768052516413,0.0,-1316923,-1237925,78998,78998,21.607768052516413,0.0,-1499723,-1420725
M3_EXCLUDE_HEARTBEAT_ONLY,3000,-2000,60000,183927,183927,50.308260393873084,0.0,-878119,-694192,183927,183927,50.308260393873084,0.0,-1060919,-876992,183927,183927,50.308260393873084,0.0,-1243719,-1059792,183927,183927,50.308260393873084,0.0,-1426519,-1242592,183927,183927,50.308260393873084,0.0,-1609319,-1425392
M3_EXCLUDE_HEARTBEAT_ONLY,3000,-2000,120000,287295,287295,78.58178336980306,0.0,-985684,-698389,287295,287295,78.58178336980306,0.0,-1168484,-881189,287295,287295,78.58178336980306,0.0,-1351284,-1063989,287295,287295,78.58178336980306,0.0,-1534084,-1246789,287295,287295,78.58178336980306,0.0,-1716884,-1429589
M3_EXCLUDE_HEARTBEAT_ONLY,3000,-1500,30000,69416,69416,18.98687089715536,0.0,-661612,-592196,69416,69416,18.98687089715536,0.0,-844412,-774996,69416,69416,18.98687089715536,0.0,-1027212,-957796,69416,69416,18.98687089715536,0.0,-1210012,-1140596,69416,69416,18.98687089715536,0.0,-1392812,-1323396
M3_EXCLUDE_HEARTBEAT_ONLY,3000,-1500,60000,123166,123166,33.68873085339168,0.0,-714857,-591691,123166,123166,33.68873085339168,0.0,-897657,-774491,123166,123166,33.68873085339168,0.0,-1080457,-957291,123166,123166,33.68873085339168,0.0,-1263257,-1140091,123166,123166,33.68873085339168,0.0,-1446057,-1322891
M3_EXCLUDE_HEARTBEAT_ONLY,3000,-1500,120000,224903,224903,61.51613785557987,0.0,-820490,-595587,224903,224903,61.51613785557987,0.0,-1003290,-778387,224903,224903,61.51613785557987,0.0,-1186090,-961187,224903,224903,61.51613785557987,0.0,-1368890,-1143987,224903,224903,61.51613785557987,0.0,-1551690,-1326787
M3_EXCLUDE_HEARTBEAT_ONLY,3000,-1000,30000,22773,22773,6.2289387308533914,0.0,-493618,-470845,22773,22773,6.2289387308533914,0.0,-676418,-653645,22773,22773,6.2289387308533914,0.0,-859218,-836445,22773,22773,6.2289387308533914,0.0,-1042018,-1019245,22773,22773,6.2289387308533914,0.0,-1224818,-1202045
M3_EXCLUDE_HEARTBEAT_ONLY,3000,-1000,60000,56113,56113,15.348194748358862,0.0,-525369,-469256,56113,56113,15.348194748358862,0.0,-708169,-652056,56113,56113,15.348194748358862,0.0,-890969,-834856,56113,56113,15.348194748358862,0.0,-1073769,-1017656,56113,56113,15.348194748358862,0.0,-1256569,-1200456
M3_EXCLUDE_HEARTBEAT_ONLY,3000,-1000,120000,137155,137155,37.51504376367615,0.0,-609845,-472690,137155,137155,37.51504376367615,0.0,-792645,-655490,137155,137155,37.51504376367615,0.0,-975445,-838290,137155,137155,37.51504376367615,0.0,-1158245,-1021090,137155,137155,37.51504376367615,0.0,-1341045,-1203890
M3_EXCLUDE_HEARTBEAT_ONLY,3000,-700,30000,-8645,-8645,-2.3646061269146608,0.0,-364099,-372744,-8645,-8645,-2.3646061269146608,0.0,-546899,-555544,-8645,-8645,-2.3646061269146608,0.0,-729699,-738344,-8645,-8645,-2.3646061269146608,0.0,-912499,-921144,-8645,-8645,-2.3646061269146608,0.0,-1095299,-1103944
M3_EXCLUDE_HEARTBEAT_ONLY,3000,-700,60000,11975,11975,3.275437636761488,0.0,-384284,-372309,11975,11975,3.275437636761488,0.0,-567084,-555109,11975,11975,3.275437636761488,0.0,-749884,-737909,11975,11975,3.275437636761488,0.0,-932684,-920709,11975,11975,3.275437636761488,0.0,-1115484,-1103509
M3_EXCLUDE_HEARTBEAT_ONLY,3000,-700,120000,71213,71213,19.47839168490153,0.0,-444685,-373472,71213,71213,19.47839168490153,0.0,-627485,-556272,71213,71213,19.47839168490153,0.0,-810285,-739072,71213,71213,19.47839168490153,0.0,-993085,-921872,71213,71213,19.47839168490153,0.0,-1175885,-1104672
M3_EXCLUDE_HEARTBEAT_ONLY,3000,-500,30000,-18424,-18424,-5.039387308533917,0.0,-267119,-285543,-18424,-18424,-5.039387308533917,0.0,-449919,-468343,-18424,-18424,-5.039387308533917,0.0,-632719,-651143,-18424,-18424,-5.039387308533917,0.0,-815519,-833943,-18424,-18424,-5.039387308533917,0.0,-998319,-1016743
M3_EXCLUDE_HEARTBEAT_ONLY,3000,-500,60000,-9923,-9923,-2.714168490153173,0.0,-275973,-285896,-9923,-9923,-2.714168490153173,0.0,-458773,-468696,-9923,-9923,-2.714168490153173,0.0,-641573,-651496,-9923,-9923,-2.714168490153173,0.0,-824373,-834296,-9923,-9923,-2.714168490153173,0.0,-1007173,-1017096
M3_EXCLUDE_HEARTBEAT_ONLY,3000,-500,120000,37895,37895,10.36515317286652,0.0,-327520,-289625,37895,37895,10.36515317286652,0.0,-510320,-472425,37895,37895,10.36515317286652,0.0,-693120,-655225,37895,37895,10.36515317286652,0.0,-875920,-838025,37895,37895,10.36515317286652,0.0,-1058720,-1020825
M3_EXCLUDE_HEARTBEAT_ONLY,3000,-300,30000,-44211,-44211,-12.092724288840262,0.0,-149122,-193333,-44211,-44211,-12.092724288840262,0.0,-331922,-376133,-44211,-44211,-12.092724288840262,0.0,-514722,-558933,-44211,-44211,-12.092724288840262,0.0,-697522,-741733,-44211,-44211,-12.092724288840262,0.0,-880322,-924533
M3_EXCLUDE_HEARTBEAT_ONLY,3000,-300,60000,-45909,-45909,-12.557166301969366,0.0,-151231,-197140,-45909,-45909,-12.557166301969366,0.0,-334031,-379940,-45909,-45909,-12.557166301969366,0.0,-516831,-562740,-45909,-45909,-12.557166301969366,0.0,-699631,-745540,-45909,-45909,-12.557166301969366,0.0,-882431,-928340
M3_EXCLUDE_HEARTBEAT_ONLY,3000,-300,120000,-29612,-29612,-8.099562363238512,0.0,-167530,-197142,-29612,-29612,-8.099562363238512,0.0,-350330,-379942,-29612,-29612,-8.099562363238512,0.0,-533130,-562742,-29612,-29612,-8.099562363238512,0.0,-715930,-745542,-29612,-29612,-8.099562363238512,0.0,-898730,-928342
M3_EXCLUDE_HEARTBEAT_ONLY,3000,-200,30000,-63635,-63635,-17.40563457330416,0.0,-71437,-135072,-63635,-63635,-17.40563457330416,0.0,-254237,-317872,-63635,-63635,-17.40563457330416,0.0,-437037,-500672,-63635,-63635,-17.40563457330416,0.0,-619837,-683472,-63635,-63635,-17.40563457330416,0.0,-802637,-866272
M3_EXCLUDE_HEARTBEAT_ONLY,3000,-200,60000,-77192,-77192,-21.11378555798687,0.0,-66112,-143304,-77192,-77192,-21.11378555798687,0.0,-248912,-326104,-77192,-77192,-21.11378555798687,0.0,-431712,-508904,-77192,-77192,-21.11378555798687,0.0,-614512,-691704,-77192,-77192,-21.11378555798687,0.0,-797312,-874504
M3_EXCLUDE_HEARTBEAT_ONLY,3000,-200,120000,-77166,-77166,-21.106673960612692,0.0,-66140,-143306,-77166,-77166,-21.106673960612692,0.0,-248940,-326106,-77166,-77166,-21.106673960612692,0.0,-431740,-508906,-77166,-77166,-21.106673960612692,0.0,-614540,-691706,-77166,-77166,-21.106673960612692,0.0,-797340,-874506
M3_EXCLUDE_HEARTBEAT_ONLY,5000,-6000,30000,246810,246810,67.5082056892779,0.0,-1223501,-976691,246810,246810,67.5082056892779,0.0,-1406301,-1159491,246810,246810,67.5082056892779,0.0,-1589101,-1342291,246810,246810,67.5082056892779,0.0,-1771901,-1525091,246810,246810,67.5082056892779,0.0,-1954701,-1707891
M3_EXCLUDE_HEARTBEAT_ONLY,5000,-6000,60000,479684,479684,131.20459518599563,0.0,-1471773,-992089,479684,479684,131.20459518599563,0.0,-1654573,-1174889,479684,479684,131.20459518599563,0.0,-1837373,-1357689,479684,479684,131.20459518599563,0.0,-2020173,-1540489,479684,479684,131.20459518599563,0.0,-2202973,-1723289
M3_EXCLUDE_HEARTBEAT_ONLY,5000,-6000,120000,606362,606362,165.8539387308534,0.0,-1620038,-1013676,606362,606362,165.8539387308534,0.0,-1802838,-1196476,606362,606362,165.8539387308534,0.0,-1985638,-1379276,606362,606362,165.8539387308534,0.0,-2168438,-1562076,606362,606362,165.8539387308534,0.0,-2351238,-1744876
M3_EXCLUDE_HEARTBEAT_ONLY,5000,-5000,30000,223024,223024,61.00218818380744,0.0,-1155634,-932610,223024,223024,61.00218818380744,0.0,-1338434,-1115410,223024,223024,61.00218818380744,0.0,-1521234,-1298210,223024,223024,61.00218818380744,0.0,-1704034,-1481010,223024,223024,61.00218818380744,0.0,-1886834,-1663810
M3_EXCLUDE_HEARTBEAT_ONLY,5000,-5000,60000,450898,450898,123.33096280087527,0.0,-1401082,-950184,450898,450898,123.33096280087527,0.0,-1583882,-1132984,450898,450898,123.33096280087527,0.0,-1766682,-1315784,450898,450898,123.33096280087527,0.0,-1949482,-1498584,450898,450898,123.33096280087527,0.0,-2132282,-1681384
M3_EXCLUDE_HEARTBEAT_ONLY,5000,-5000,120000,574881,574881,157.24316192560175,0.0,-1543665,-968784,574881,574881,157.24316192560175,0.0,-1726465,-1151584,574881,574881,157.24316192560175,0.0,-1909265,-1334384,574881,574881,157.24316192560175,0.0,-2092065,-1517184,574881,574881,157.24316192560175,0.0,-2274865,-1699984
M3_EXCLUDE_HEARTBEAT_ONLY,5000,-3000,30000,136926,136926,37.45240700218818,0.0,-958730,-821804,136926,136926,37.45240700218818,0.0,-1141530,-1004604,136926,136926,37.45240700218818,0.0,-1324330,-1187404,136926,136926,37.45240700218818,0.0,-1507130,-1370204,136926,136926,37.45240700218818,0.0,-1689930,-1553004
M3_EXCLUDE_HEARTBEAT_ONLY,5000,-3000,60000,268113,268113,73.33506564551422,0.0,-1099372,-831259,268113,268113,73.33506564551422,0.0,-1282172,-1014059,268113,268113,73.33506564551422,0.0,-1464972,-1196859,268113,268113,73.33506564551422,0.0,-1647772,-1379659,268113,268113,73.33506564551422,0.0,-1830572,-1562459
M3_EXCLUDE_HEARTBEAT_ONLY,5000,-3000,120000,368229,368229,100.71909190371991,0.0,-1215811,-847582,368229,368229,100.71909190371991,0.0,-1398611,-1030382,368229,368229,100.71909190371991,0.0,-1581411,-1213182,368229,368229,100.71909190371991,0.0,-1764211,-1395982,368229,368229,100.71909190371991,0.0,-1947011,-1578782
M3_EXCLUDE_HEARTBEAT_ONLY,5000,-2000,30000,60019,60019,16.416575492341355,0.0,-726030,-666011,60019,60019,16.416575492341355,0.0,-908830,-848811,60019,60019,16.416575492341355,0.0,-1091630,-1031611,60019,60019,16.416575492341355,0.0,-1274430,-1214411,60019,60019,16.416575492341355,0.0,-1457230,-1397211
M3_EXCLUDE_HEARTBEAT_ONLY,5000,-2000,60000,159143,159143,43.52926695842451,0.0,-842604,-683461,159143,159143,43.52926695842451,0.0,-1025404,-866261,159143,159143,43.52926695842451,0.0,-1208204,-1049061,159143,159143,43.52926695842451,0.0,-1391004,-1231861,159143,159143,43.52926695842451,0.0,-1573804,-1414661
M3_EXCLUDE_HEARTBEAT_ONLY,5000,-2000,120000,248659,248659,68.01394967177242,0.0,-939442,-690783,248659,248659,68.01394967177242,0.0,-1122242,-873583,248659,248659,68.01394967177242,0.0,-1305042,-1056383,248659,248659,68.01394967177242,0.0,-1487842,-1239183,248659,248659,68.01394967177242,0.0,-1670642,-1421983
M3_EXCLUDE_HEARTBEAT_ONLY,5000,-1500,30000,48389,48389,13.235503282275712,0.0,-615504,-567115,48389,48389,13.235503282275712,0.0,-798304,-749915,48389,48389,13.235503282275712,0.0,-981104,-932715,48389,48389,13.235503282275712,0.0,-1163904,-1115515,48389,48389,13.235503282275712,0.0,-1346704,-1298315
M3_EXCLUDE_HEARTBEAT_ONLY,5000,-1500,60000,103477,103477,28.303336980306344,0.0,-677512,-574035,103477,103477,28.303336980306344,0.0,-860312,-756835,103477,103477,28.303336980306344,0.0,-1043112,-939635,103477,103477,28.303336980306344,0.0,-1225912,-1122435,103477,103477,28.303336980306344,0.0,-1408712,-1305235
M3_EXCLUDE_HEARTBEAT_ONLY,5000,-1500,120000,192226,192226,52.578227571115974,0.0,-772782,-580556,192226,192226,52.578227571115974,0.0,-955582,-763356,192226,192226,52.578227571115974,0.0,-1138382,-946156,192226,192226,52.578227571115974,0.0,-1321182,-1128956,192226,192226,52.578227571115974,0.0,-1503982,-1311756
M3_EXCLUDE_HEARTBEAT_ONLY,5000,-1000,30000,4151,4151,1.1353938730853392,0.0,-450196,-446045,4151,4151,1.1353938730853392,0.0,-632996,-628845,4151,4151,1.1353938730853392,0.0,-815796,-811645,4151,4151,1.1353938730853392,0.0,-998596,-994445,4151,4151,1.1353938730853392,0.0,-1181396,-1177245
M3_EXCLUDE_HEARTBEAT_ONLY,5000,-1000,60000,45389,45389,12.414934354485776,0.0,-496821,-451432,45389,45389,12.414934354485776,0.0,-679621,-634232,45389,45389,12.414934354485776,0.0,-862421,-817032,45389,45389,12.414934354485776,0.0,-1045221,-999832,45389,45389,12.414934354485776,0.0,-1228021,-1182632
M3_EXCLUDE_HEARTBEAT_ONLY,5000,-1000,120000,114388,114388,31.287746170678336,0.0,-571278,-456890,114388,114388,31.287746170678336,0.0,-754078,-639690,114388,114388,31.287746170678336,0.0,-936878,-822490,114388,114388,31.287746170678336,0.0,-1119678,-1005290,114388,114388,31.287746170678336,0.0,-1302478,-1188090
M3_EXCLUDE_HEARTBEAT_ONLY,5000,-700,30000,-28542,-28542,-7.8068927789934355,0.0,-322105,-350647,-28542,-28542,-7.8068927789934355,0.0,-504905,-533447,-28542,-28542,-7.8068927789934355,0.0,-687705,-716247,-28542,-28542,-7.8068927789934355,0.0,-870505,-899047,-28542,-28542,-7.8068927789934355,0.0,-1053305,-1081847
M3_EXCLUDE_HEARTBEAT_ONLY,5000,-700,60000,-2711,-2711,-0.7415207877461707,0.0,-349132,-351843,-2711,-2711,-0.7415207877461707,0.0,-531932,-534643,-2711,-2711,-0.7415207877461707,0.0,-714732,-717443,-2711,-2711,-0.7415207877461707,0.0,-897532,-900243,-2711,-2711,-0.7415207877461707,0.0,-1080332,-1083043
M3_EXCLUDE_HEARTBEAT_ONLY,5000,-700,120000,53610,53610,14.663566739606127,0.0,-407023,-353413,53610,53610,14.663566739606127,0.0,-589823,-536213,53610,53610,14.663566739606127,0.0,-772623,-719013,53610,53610,14.663566739606127,0.0,-955423,-901813,53610,53610,14.663566739606127,0.0,-1138223,-1084613
M3_EXCLUDE_HEARTBEAT_ONLY,5000,-500,30000,-36558,-36558,-9.99945295404814,0.0,-222588,-259146,-36558,-36558,-9.99945295404814,0.0,-405388,-441946,-36558,-36558,-9.99945295404814,0.0,-588188,-624746,-36558,-36558,-9.99945295404814,0.0,-770988,-807546,-36558,-36558,-9.99945295404814,0.0,-953788,-990346
M3_EXCLUDE_HEARTBEAT_ONLY,5000,-500,60000,-26625,-26625,-7.282549234135668,0.0,-234105,-260730,-26625,-26625,-7.282549234135668,0.0,-416905,-443530,-26625,-26625,-7.282549234135668,0.0,-599705,-626330,-26625,-26625,-7.282549234135668,0.0,-782505,-809130,-26625,-26625,-7.282549234135668,0.0,-965305,-991930
M3_EXCLUDE_HEARTBEAT_ONLY,5000,-500,120000,8130,8130,2.223741794310722,0.0,-271914,-263784,8130,8130,2.223741794310722,0.0,-454714,-446584,8130,8130,2.223741794310722,0.0,-637514,-629384,8130,8130,2.223741794310722,0.0,-820314,-812184,8130,8130,2.223741794310722,0.0,-1003114,-994984
M3_EXCLUDE_HEARTBEAT_ONLY,5000,-300,30000,-59007,-59007,-16.13977024070022,0.0,-114197,-173204,-59007,-59007,-16.13977024070022,0.0,-296997,-356004,-59007,-59007,-16.13977024070022,0.0,-479797,-538804,-59007,-59007,-16.13977024070022,0.0,-662597,-721604,-59007,-59007,-16.13977024070022,0.0,-845397,-904404
M3_EXCLUDE_HEARTBEAT_ONLY,5000,-300,60000,-62476,-62476,-17.088621444201312,0.0,-118498,-180974,-62476,-62476,-17.088621444201312,0.0,-301298,-363774,-62476,-62476,-17.088621444201312,0.0,-484098,-546574,-62476,-62476,-17.088621444201312,0.0,-666898,-729374,-62476,-62476,-17.088621444201312,0.0,-849698,-912174
M3_EXCLUDE_HEARTBEAT_ONLY,5000,-300,120000,-58973,-58973,-16.130470459518598,0.0,-121328,-180301,-58973,-58973,-16.130470459518598,0.0,-304128,-363101,-58973,-58973,-16.130470459518598,0.0,-486928,-545901,-58973,-58973,-16.130470459518598,0.0,-669728,-728701,-58973,-58973,-16.130470459518598,0.0,-852528,-911501
M3_EXCLUDE_HEARTBEAT_ONLY,5000,-200,30000,-76784,-76784,-21.00218818380744,0.0,-37859,-114643,-76784,-76784,-21.00218818380744,0.0,-220659,-297443,-76784,-76784,-21.00218818380744,0.0,-403459,-480243,-76784,-76784,-21.00218818380744,0.0,-586259,-663043,-76784,-76784,-21.00218818380744,0.0,-769059,-845843
M3_EXCLUDE_HEARTBEAT_ONLY,5000,-200,60000,-91215,-91215,-24.949398249452955,0.0,-39188,-130403,-91215,-91215,-24.949398249452955,0.0,-221988,-313203,-91215,-91215,-24.949398249452955,0.0,-404788,-496003,-91215,-91215,-24.949398249452955,0.0,-587588,-678803,-91215,-91215,-24.949398249452955,0.0,-770388,-861603
M3_EXCLUDE_HEARTBEAT_ONLY,5000,-200,120000,-104583,-104583,-28.605853391684903,0.0,-25382,-129965,-104583,-104583,-28.605853391684903,0.0,-208182,-312765,-104583,-104583,-28.605853391684903,0.0,-390982,-495565,-104583,-104583,-28.605853391684903,0.0,-573782,-678365,-104583,-104583,-28.605853391684903,0.0,-756582,-861165
M3_EXCLUDE_HEARTBEAT_ONLY,6000,-6000,30000,232945,232945,63.715809628008756,0.0,-1217033,-984088,232945,232945,63.715809628008756,0.0,-1399833,-1166888,232945,232945,63.715809628008756,0.0,-1582633,-1349688,232945,232945,63.715809628008756,0.0,-1765433,-1532488,232945,232945,63.715809628008756,0.0,-1948233,-1715288
M3_EXCLUDE_HEARTBEAT_ONLY,6000,-6000,60000,469715,469715,128.47784463894968,0.0,-1477063,-1007348,469715,469715,128.47784463894968,0.0,-1659863,-1190148,469715,469715,128.47784463894968,0.0,-1842663,-1372948,469715,469715,128.47784463894968,0.0,-2025463,-1555748,469715,469715,128.47784463894968,0.0,-2208263,-1738548
M3_EXCLUDE_HEARTBEAT_ONLY,6000,-6000,120000,581022,581022,158.92286652078775,0.0,-1626770,-1045748,581022,581022,158.92286652078775,0.0,-1809570,-1228548,581022,581022,158.92286652078775,0.0,-1992370,-1411348,581022,581022,158.92286652078775,0.0,-2175170,-1594148,581022,581022,158.92286652078775,0.0,-2357970,-1776948
M3_EXCLUDE_HEARTBEAT_ONLY,6000,-5000,30000,209159,209159,57.209792122538296,0.0,-1148166,-939007,209159,209159,57.209792122538296,0.0,-1330966,-1121807,209159,209159,57.209792122538296,0.0,-1513766,-1304607,209159,209159,57.209792122538296,0.0,-1696566,-1487407,209159,209159,57.209792122538296,0.0,-1879366,-1670207
M3_EXCLUDE_HEARTBEAT_ONLY,6000,-5000,60000,440840,440840,120.57986870897156,0.0,-1406283,-965443,440840,440840,120.57986870897156,0.0,-1589083,-1148243,440840,440840,120.57986870897156,0.0,-1771883,-1331043,440840,440840,120.57986870897156,0.0,-1954683,-1513843,440840,440840,120.57986870897156,0.0,-2137483,-1696643
M3_EXCLUDE_HEARTBEAT_ONLY,6000,-5000,120000,550583,550583,150.59710065645515,0.0,-1550439,-999856,550583,550583,150.59710065645515,0.0,-1733239,-1182656,550583,550583,150.59710065645515,0.0,-1916039,-1365456,550583,550583,150.59710065645515,0.0,-2098839,-1548256,550583,550583,150.59710065645515,0.0,-2281639,-1731056
M3_EXCLUDE_HEARTBEAT_ONLY,6000,-3000,30000,124061,124061,33.933533916849015,0.0,-955612,-831551,124061,124061,33.933533916849015,0.0,-1138412,-1014351,124061,124061,33.933533916849015,0.0,-1321212,-1197151,124061,124061,33.933533916849015,0.0,-1504012,-1379951,124061,124061,33.933533916849015,0.0,-1686812,-1562751
M3_EXCLUDE_HEARTBEAT_ONLY,6000,-3000,60000,258055,258055,70.58397155361051,0.0,-1101696,-843641,258055,258055,70.58397155361051,0.0,-1284496,-1026441,258055,258055,70.58397155361051,0.0,-1467296,-1209241,258055,258055,70.58397155361051,0.0,-1650096,-1392041,258055,258055,70.58397155361051,0.0,-1832896,-1574841
M3_EXCLUDE_HEARTBEAT_ONLY,6000,-3000,120000,351383,351383,96.11132385120351,0.0,-1223321,-871938,351383,351383,96.11132385120351,0.0,-1406121,-1054738,351383,351383,96.11132385120351,0.0,-1588921,-1237538,351383,351383,96.11132385120351,0.0,-1771721,-1420338,351383,351383,96.11132385120351,0.0,-1954521,-1603138
M3_EXCLUDE_HEARTBEAT_ONLY,6000,-2000,30000,48154,48154,13.171225382932166,0.0,-725474,-677320,48154,48154,13.171225382932166,0.0,-908274,-860120,48154,48154,13.171225382932166,0.0,-1091074,-1042920,48154,48154,13.171225382932166,0.0,-1273874,-1225720,48154,48154,13.171225382932166,0.0,-1456674,-1408520
M3_EXCLUDE_HEARTBEAT_ONLY,6000,-2000,60000,147794,147794,40.42505470459518,0.0,-845556,-697762,147794,147794,40.42505470459518,0.0,-1028356,-880562,147794,147794,40.42505470459518,0.0,-1211156,-1063362,147794,147794,40.42505470459518,0.0,-1393956,-1246162,147794,147794,40.42505470459518,0.0,-1576756,-1428962
M3_EXCLUDE_HEARTBEAT_ONLY,6000,-2000,120000,242085,242085,66.21580962800876,0.0,-953169,-711084,242085,242085,66.21580962800876,0.0,-1135969,-893884,242085,242085,66.21580962800876,0.0,-1318769,-1076684,242085,242085,66.21580962800876,0.0,-1501569,-1259484,242085,242085,66.21580962800876,0.0,-1684369,-1442284
M3_EXCLUDE_HEARTBEAT_ONLY,6000,-1500,30000,40931,40931,11.195568927789934,0.0,-622926,-581995,40931,40931,11.195568927789934,0.0,-805726,-764795,40931,40931,11.195568927789934,0.0,-988526,-947595,40931,40931,11.195568927789934,0.0,-1171326,-1130395,40931,40931,11.195568927789934,0.0,-1354126,-1313195
M3_EXCLUDE_HEARTBEAT_ONLY,6000,-1500,60000,99825,99825,27.304431072210065,0.0,-691295,-591470,99825,99825,27.304431072210065,0.0,-874095,-774270,99825,99825,27.304431072210065,0.0,-1056895,-957070,99825,99825,27.304431072210065,0.0,-1239695,-1139870,99825,99825,27.304431072210065,0.0,-1422495,-1322670
M3_EXCLUDE_HEARTBEAT_ONLY,6000,-1500,120000,191648,191648,52.42013129102845,0.0,-795139,-603491,191648,191648,52.42013129102845,0.0,-977939,-786291,191648,191648,52.42013129102845,0.0,-1160739,-969091,191648,191648,52.42013129102845,0.0,-1343539,-1151891,191648,191648,52.42013129102845,0.0,-1526339,-1334691
M3_EXCLUDE_HEARTBEAT_ONLY,6000,-1000,30000,-2307,-2307,-0.6310175054704595,0.0,-452118,-454425,-2307,-2307,-0.6310175054704595,0.0,-634918,-637225,-2307,-2307,-0.6310175054704595,0.0,-817718,-820025,-2307,-2307,-0.6310175054704595,0.0,-1000518,-1002825,-2307,-2307,-0.6310175054704595,0.0,-1183318,-1185625
M3_EXCLUDE_HEARTBEAT_ONLY,6000,-1000,60000,43448,43448,11.88402625820569,0.0,-506155,-462707,43448,43448,11.88402625820569,0.0,-688955,-645507,43448,43448,11.88402625820569,0.0,-871755,-828307,43448,43448,11.88402625820569,0.0,-1054555,-1011107,43448,43448,11.88402625820569,0.0,-1237355,-1193907
M3_EXCLUDE_HEARTBEAT_ONLY,6000,-1000,120000,104623,104623,28.6167943107221,0.0,-577788,-473165,104623,104623,28.6167943107221,0.0,-760588,-655965,104623,104623,28.6167943107221,0.0,-943388,-838765,104623,104623,28.6167943107221,0.0,-1126188,-1021565,104623,104623,28.6167943107221,0.0,-1308988,-1204365
M3_EXCLUDE_HEARTBEAT_ONLY,6000,-700,30000,-35000,-35000,-9.573304157549234,0.0,-324427,-359427,-35000,-35000,-9.573304157549234,0.0,-507227,-542227,-35000,-35000,-9.573304157549234,0.0,-690027,-725027,-35000,-35000,-9.573304157549234,0.0,-872827,-907827,-35000,-35000,-9.573304157549234,0.0,-1055627,-1090627
M3_EXCLUDE_HEARTBEAT_ONLY,6000,-700,60000,-4059,-4059,-1.1102297592997812,0.0,-359859,-363918,-4059,-4059,-1.1102297592997812,0.0,-542659,-546718,-4059,-4059,-1.1102297592997812,0.0,-725459,-729518,-4059,-4059,-1.1102297592997812,0.0,-908259,-912318,-4059,-4059,-1.1102297592997812,0.0,-1091059,-1095118
M3_EXCLUDE_HEARTBEAT_ONLY,6000,-700,120000,44119,44119,12.067560175054705,0.0,-414307,-370188,44119,44119,12.067560175054705,0.0,-597107,-552988,44119,44119,12.067560175054705,0.0,-779907,-735788,44119,44119,12.067560175054705,0.0,-962707,-918588,44119,44119,12.067560175054705,0.0,-1145507,-1101388
M3_EXCLUDE_HEARTBEAT_ONLY,6000,-500,30000,-42016,-42016,-11.492341356673961,0.0,-225510,-267526,-42016,-42016,-11.492341356673961,0.0,-408310,-450326,-42016,-42016,-11.492341356673961,0.0,-591110,-633126,-42016,-42016,-11.492341356673961,0.0,-773910,-815926,-42016,-42016,-11.492341356673961,0.0,-956710,-998726
M3_EXCLUDE_HEARTBEAT_ONLY,6000,-500,60000,-27768,-27768,-7.595185995623632,0.0,-244237,-272005,-27768,-27768,-7.595185995623632,0.0,-427037,-454805,-27768,-27768,-7.595185995623632,0.0,-609837,-637605,-27768,-27768,-7.595185995623632,0.0,-792637,-820405,-27768,-27768,-7.595185995623632,0.0,-975437,-1003205
M3_EXCLUDE_HEARTBEAT_ONLY,6000,-500,120000,-67,-67,-0.018326039387308535,0.0,-279492,-279559,-67,-67,-0.018326039387308535,0.0,-462292,-462359,-67,-67,-0.018326039387308535,0.0,-645092,-645159,-67,-67,-0.018326039387308535,0.0,-827892,-827959,-67,-67,-0.018326039387308535,0.0,-1010692,-1010759
M3_EXCLUDE_HEARTBEAT_ONLY,6000,-300,30000,-63465,-63465,-17.35913566739606,0.0,-118870,-182335,-63465,-63465,-17.35913566739606,0.0,-301670,-365135,-63465,-63465,-17.35913566739606,0.0,-484470,-547935,-63465,-63465,-17.35913566739606,0.0,-667270,-730735,-63465,-63465,-17.35913566739606,0.0,-850070,-913535
M3_EXCLUDE_HEARTBEAT_ONLY,6000,-300,60000,-71887,-71887,-19.662746170678336,0.0,-119771,-191658,-71887,-71887,-19.662746170678336,0.0,-302571,-374458,-71887,-71887,-19.662746170678336,0.0,-485371,-557258,-71887,-71887,-19.662746170678336,0.0,-668171,-740058,-71887,-71887,-19.662746170678336,0.0,-850971,-922858
M3_EXCLUDE_HEARTBEAT_ONLY,6000,-300,120000,-73697,-73697,-20.157822757111596,0.0,-121588,-195285,-73697,-73697,-20.157822757111596,0.0,-304388,-378085,-73697,-73697,-20.157822757111596,0.0,-487188,-560885,-73697,-73697,-20.157822757111596,0.0,-669988,-743685,-73697,-73697,-20.157822757111596,0.0,-852788,-926485
M3_EXCLUDE_HEARTBEAT_ONLY,6000,-200,30000,-80242,-80242,-21.948030634573303,0.0,-44578,-124820,-80242,-80242,-21.948030634573303,0.0,-227378,-307620,-80242,-80242,-21.948030634573303,0.0,-410178,-490420,-80242,-80242,-21.948030634573303,0.0,-592978,-673220,-80242,-80242,-21.948030634573303,0.0,-775778,-856020
M3_EXCLUDE_HEARTBEAT_ONLY,6000,-200,60000,-99661,-99661,-27.25957330415755,0.0,-41026,-140687,-99661,-99661,-27.25957330415755,0.0,-223826,-323487,-99661,-99661,-27.25957330415755,0.0,-406626,-506287,-99661,-99661,-27.25957330415755,0.0,-589426,-689087,-99661,-99661,-27.25957330415755,0.0,-772226,-871887
M3_EXCLUDE_HEARTBEAT_ONLY,6000,-200,120000,-121839,-121839,-33.3257658643326,0.0,-18410,-140249,-121839,-121839,-33.3257658643326,0.0,-201210,-323049,-121839,-121839,-33.3257658643326,0.0,-384010,-505849,-121839,-121839,-33.3257658643326,0.0,-566810,-688649,-121839,-121839,-33.3257658643326,0.0,-749610,-871449
M3_EXCLUDE_HEARTBEAT_ONLY,7500,-6000,30000,229706,229706,62.82986870897155,0.0,-1204921,-975215,229706,229706,62.82986870897155,0.0,-1387721,-1158015,229706,229706,62.82986870897155,0.0,-1570521,-1340815,229706,229706,62.82986870897155,0.0,-1753321,-1523615,229706,229706,62.82986870897155,0.0,-1936121,-1706415
M3_EXCLUDE_HEARTBEAT_ONLY,7500,-6000,60000,517061,517061,141.4280634573304,0.0,-1508523,-991462,517061,517061,141.4280634573304,0.0,-1691323,-1174262,517061,517061,141.4280634573304,0.0,-1874123,-1357062,517061,517061,141.4280634573304,0.0,-2056923,-1539862,517061,517061,141.4280634573304,0.0,-2239723,-1722662
M3_EXCLUDE_HEARTBEAT_ONLY,7500,-6000,120000,619314,619314,169.39660831509846,0.0,-1665810,-1046496,619314,619314,169.39660831509846,0.0,-1848610,-1229296,619314,619314,169.39660831509846,0.0,-2031410,-1412096,619314,619314,169.39660831509846,0.0,-2214210,-1594896,619314,619314,169.39660831509846,0.0,-2397010,-1777696
M3_EXCLUDE_HEARTBEAT_ONLY,7500,-5000,30000,205920,205920,56.32385120350109,0.0,-1136054,-930134,205920,205920,56.32385120350109,0.0,-1318854,-1112934,205920,205920,56.32385120350109,0.0,-1501654,-1295734,205920,205920,56.32385120350109,0.0,-1684454,-1478534,205920,205920,56.32385120350109,0.0,-1867254,-1661334
M3_EXCLUDE_HEARTBEAT_ONLY,7500,-5000,60000,477235,477235,130.53473741794312,0.0,-1427292,-950057,477235,477235,130.53473741794312,0.0,-1610092,-1132857,477235,477235,130.53473741794312,0.0,-1792892,-1315657,477235,477235,130.53473741794312,0.0,-1975692,-1498457,477235,477235,130.53473741794312,0.0,-2158492,-1681257
M3_EXCLUDE_HEARTBEAT_ONLY,7500,-5000,120000,588326,588326,160.9206783369803,0.0,-1588430,-1000104,588326,588326,160.9206783369803,0.0,-1771230,-1182904,588326,588326,160.9206783369803,0.0,-1954030,-1365704,588326,588326,160.9206783369803,0.0,-2136830,-1548504,588326,588326,160.9206783369803,0.0,-2319630,-1731304
M3_EXCLUDE_HEARTBEAT_ONLY,7500,-3000,30000,122322,122322,33.45787746170679,0.0,-943353,-821031,122322,122322,33.45787746170679,0.0,-1126153,-1003831,122322,122322,33.45787746170679,0.0,-1308953,-1186631,122322,122322,33.45787746170679,0.0,-1491753,-1369431,122322,122322,33.45787746170679,0.0,-1674553,-1552231
M3_EXCLUDE_HEARTBEAT_ONLY,7500,-3000,60000,291385,291385,79.70049234135668,0.0,-1124787,-833402,291385,291385,79.70049234135668,0.0,-1307587,-1016202,291385,291385,79.70049234135668,0.0,-1490387,-1199002,291385,291385,79.70049234135668,0.0,-1673187,-1381802,291385,291385,79.70049234135668,0.0,-1855987,-1564602
M3_EXCLUDE_HEARTBEAT_ONLY,7500,-3000,120000,384170,384170,105.0793216630197,0.0,-1262856,-878686,384170,384170,105.0793216630197,0.0,-1445656,-1061486,384170,384170,105.0793216630197,0.0,-1628456,-1244286,384170,384170,105.0793216630197,0.0,-1811256,-1427086,384170,384170,105.0793216630197,0.0,-1994056,-1609886
M3_EXCLUDE_HEARTBEAT_ONLY,7500,-2000,30000,47915,47915,13.105853391684901,0.0,-718215,-670300,47915,47915,13.105853391684901,0.0,-901015,-853100,47915,47915,13.105853391684901,0.0,-1083815,-1035900,47915,47915,13.105853391684901,0.0,-1266615,-1218700,47915,47915,13.105853391684901,0.0,-1449415,-1401500
M3_EXCLUDE_HEARTBEAT_ONLY,7500,-2000,60000,179124,179124,48.9945295404814,0.0,-869147,-690023,179124,179124,48.9945295404814,0.0,-1051947,-872823,179124,179124,48.9945295404814,0.0,-1234747,-1055623,179124,179124,48.9945295404814,0.0,-1417547,-1238423,179124,179124,48.9945295404814,0.0,-1600347,-1421223
M3_EXCLUDE_HEARTBEAT_ONLY,7500,-2000,120000,271554,271554,74.27625820568927,0.0,-994428,-722874,271554,271554,74.27625820568927,0.0,-1177228,-905674,271554,271554,74.27625820568927,0.0,-1360028,-1088474,271554,271554,74.27625820568927,0.0,-1542828,-1271274,271554,271554,74.27625820568927,0.0,-1725628,-1454074
M3_EXCLUDE_HEARTBEAT_ONLY,7500,-1500,30000,39803,39803,10.887035010940918,0.0,-618297,-578494,39803,39803,10.887035010940918,0.0,-801097,-761294,39803,39803,10.887035010940918,0.0,-983897,-944094,39803,39803,10.887035010940918,0.0,-1166697,-1126894,39803,39803,10.887035010940918,0.0,-1349497,-1309694
M3_EXCLUDE_HEARTBEAT_ONLY,7500,-1500,60000,106155,106155,29.035831509846826,0.0,-693386,-587231,106155,106155,29.035831509846826,0.0,-876186,-770031,106155,106155,29.035831509846826,0.0,-1058986,-952831,106155,106155,29.035831509846826,0.0,-1241786,-1135631,106155,106155,29.035831509846826,0.0,-1424586,-1318431
M3_EXCLUDE_HEARTBEAT_ONLY,7500,-1500,120000,200337,200337,54.796772428884026,0.0,-818118,-617781,200337,200337,54.796772428884026,0.0,-1000918,-800581,200337,200337,54.796772428884026,0.0,-1183718,-983381,200337,200337,54.796772428884026,0.0,-1366518,-1166181,200337,200337,54.796772428884026,0.0,-1549318,-1348981
M3_EXCLUDE_HEARTBEAT_ONLY,7500,-1000,30000,-3243,-3243,-0.8870350109409191,0.0,-445740,-448983,-3243,-3243,-0.8870350109409191,0.0,-628540,-631783,-3243,-3243,-0.8870350109409191,0.0,-811340,-814583,-3243,-3243,-0.8870350109409191,0.0,-994140,-997383,-3243,-3243,-0.8870350109409191,0.0,-1176940,-1180183
M3_EXCLUDE_HEARTBEAT_ONLY,7500,-1000,60000,49686,49686,13.590262582056893,0.0,-506711,-457025,49686,49686,13.590262582056893,0.0,-689511,-639825,49686,49686,13.590262582056893,0.0,-872311,-822625,49686,49686,13.590262582056893,0.0,-1055111,-1005425,49686,49686,13.590262582056893,0.0,-1237911,-1188225
M3_EXCLUDE_HEARTBEAT_ONLY,7500,-1000,120000,116364,116364,31.828227571115974,0.0,-604819,-488455,116364,116364,31.828227571115974,0.0,-787619,-671255,116364,116364,31.828227571115974,0.0,-970419,-854055,116364,116364,31.828227571115974,0.0,-1153219,-1036855,116364,116364,31.828227571115974,0.0,-1336019,-1219655
M3_EXCLUDE_HEARTBEAT_ONLY,7500,-700,30000,-36035,-36035,-9.856400437636761,0.0,-317843,-353878,-36035,-36035,-9.856400437636761,0.0,-500643,-536678,-36035,-36035,-9.856400437636761,0.0,-683443,-719478,-36035,-36035,-9.856400437636761,0.0,-866243,-902278,-36035,-36035,-9.856400437636761,0.0,-1049043,-1085078
M3_EXCLUDE_HEARTBEAT_ONLY,7500,-700,60000,7451,7451,2.038019693654267,0.0,-358886,-351435,7451,7451,2.038019693654267,0.0,-541686,-534235,7451,7451,2.038019693654267,0.0,-724486,-717035,7451,7451,2.038019693654267,0.0,-907286,-899835,7451,7451,2.038019693654267,0.0,-1090086,-1082635
M3_EXCLUDE_HEARTBEAT_ONLY,7500,-700,120000,61560,61560,16.838074398249454,0.0,-432285,-370725,61560,61560,16.838074398249454,0.0,-615085,-553525,61560,61560,16.838074398249454,0.0,-797885,-736325,61560,61560,16.838074398249454,0.0,-980685,-919125,61560,61560,16.838074398249454,0.0,-1163485,-1101925
M3_EXCLUDE_HEARTBEAT_ONLY,7500,-500,30000,-41751,-41751,-11.419857768052516,0.0,-220026,-261777,-41751,-41751,-11.419857768052516,0.0,-402826,-444577,-41751,-41751,-11.419857768052516,0.0,-585626,-627377,-41751,-41751,-11.419857768052516,0.0,-768426,-810177,-41751,-41751,-11.419857768052516,0.0,-951226,-992977
M3_EXCLUDE_HEARTBEAT_ONLY,7500,-500,60000,-13858,-13858,-3.7904814004376366,0.0,-245464,-259322,-13858,-13858,-3.7904814004376366,0.0,-428264,-442122,-13858,-13858,-3.7904814004376366,0.0,-611064,-624922,-13858,-13858,-3.7904814004376366,0.0,-793864,-807722,-13858,-13858,-3.7904814004376366,0.0,-976664,-990522
M3_EXCLUDE_HEARTBEAT_ONLY,7500,-500,120000,20903,20903,5.717450765864332,0.0,-300399,-279496,20903,20903,5.717450765864332,0.0,-483199,-462296,20903,20903,5.717450765864332,0.0,-665999,-645096,20903,20903,5.717450765864332,0.0,-848799,-827896,20903,20903,5.717450765864332,0.0,-1031599,-1010696
M3_EXCLUDE_HEARTBEAT_ONLY,7500,-300,30000,-63478,-63478,-17.362691466083152,0.0,-114408,-177886,-63478,-63478,-17.362691466083152,0.0,-297208,-360686,-63478,-63478,-17.362691466083152,0.0,-480008,-543486,-63478,-63478,-17.362691466083152,0.0,-662808,-726286,-63478,-63478,-17.362691466083152,0.0,-845608,-909086
M3_EXCLUDE_HEARTBEAT_ONLY,7500,-300,60000,-67509,-67509,-18.465262582056894,0.0,-110949,-178458,-67509,-67509,-18.465262582056894,0.0,-293749,-361258,-67509,-67509,-18.465262582056894,0.0,-476549,-544058,-67509,-67509,-18.465262582056894,0.0,-659349,-726858,-67509,-67509,-18.465262582056894,0.0,-842149,-909658
M3_EXCLUDE_HEARTBEAT_ONLY,7500,-300,120000,-65207,-65207,-17.835612691466082,0.0,-118315,-183522,-65207,-65207,-17.835612691466082,0.0,-301115,-366322,-65207,-65207,-17.835612691466082,0.0,-483915,-549122,-65207,-65207,-17.835612691466082,0.0,-666715,-731922,-65207,-65207,-17.835612691466082,0.0,-849515,-914722
M3_EXCLUDE_HEARTBEAT_ONLY,7500,-200,30000,-78855,-78855,-21.568654266958426,0.0,-41416,-120271,-78855,-78855,-21.568654266958426,0.0,-224216,-303071,-78855,-78855,-21.568654266958426,0.0,-407016,-485871,-78855,-78855,-21.568654266958426,0.0,-589816,-668671,-78855,-78855,-21.568654266958426,0.0,-772616,-851471
M3_EXCLUDE_HEARTBEAT_ONLY,7500,-200,60000,-93983,-93983,-25.706509846827135,0.0,-33404,-127387,-93983,-93983,-25.706509846827135,0.0,-216204,-310187,-93983,-93983,-25.706509846827135,0.0,-399004,-492987,-93983,-93983,-25.706509846827135,0.0,-581804,-675787,-93983,-93983,-25.706509846827135,0.0,-764604,-858587
M3_EXCLUDE_HEARTBEAT_ONLY,7500,-200,120000,-112349,-112349,-30.73003282275711,0.0,-14600,-126949,-112349,-112349,-30.73003282275711,0.0,-197400,-309749,-112349,-112349,-30.73003282275711,0.0,-380200,-492549,-112349,-112349,-30.73003282275711,0.0,-563000,-675349,-112349,-112349,-30.73003282275711,0.0,-745800,-858149
M3_EXCLUDE_HEARTBEAT_ONLY,10000,-6000,30000,213079,213079,58.28200218818381,0.0,-1170690,-957611,213079,213079,58.28200218818381,0.0,-1353490,-1140411,213079,213079,58.28200218818381,0.0,-1536290,-1323211,213079,213079,58.28200218818381,0.0,-1719090,-1506011,213079,213079,58.28200218818381,0.0,-1901890,-1688811
M3_EXCLUDE_HEARTBEAT_ONLY,10000,-6000,60000,498371,498371,136.31591903719914,0.0,-1492785,-994414,498371,498371,136.31591903719914,0.0,-1675585,-1177214,498371,498371,136.31591903719914,0.0,-1858385,-1360014,498371,498371,136.31591903719914,0.0,-2041185,-1542814,498371,498371,136.31591903719914,0.0,-2223985,-1725614
M3_EXCLUDE_HEARTBEAT_ONLY,10000,-6000,120000,536445,536445,146.73003282275712,0.0,-1561555,-1025110,536445,536445,146.73003282275712,0.0,-1744355,-1207910,536445,536445,146.73003282275712,0.0,-1927155,-1390710,536445,536445,146.73003282275712,0.0,-2109955,-1573510,536445,536445,146.73003282275712,0.0,-2292755,-1756310
M3_EXCLUDE_HEARTBEAT_ONLY,10000,-5000,30000,189293,189293,51.77598468271335,0.0,-1100823,-911530,189293,189293,51.77598468271335,0.0,-1283623,-1094330,189293,189293,51.77598468271335,0.0,-1466423,-1277130,189293,189293,51.77598468271335,0.0,-1649223,-1459930,189293,189293,51.77598468271335,0.0,-1832023,-1642730
M3_EXCLUDE_HEARTBEAT_ONLY,10000,-5000,60000,457545,457545,125.14907002188184,0.0,-1405965,-948420,457545,457545,125.14907002188184,0.0,-1588765,-1131220,457545,457545,125.14907002188184,0.0,-1771565,-1314020,457545,457545,125.14907002188184,0.0,-1954365,-1496820,457545,457545,125.14907002188184,0.0,-2137165,-1679620
M3_EXCLUDE_HEARTBEAT_ONLY,10000,-5000,120000,508065,508065,138.96745076586433,0.0,-1500456,-992391,508065,508065,138.96745076586433,0.0,-1683256,-1175191,508065,508065,138.96745076586433,0.0,-1866056,-1357991,508065,508065,138.96745076586433,0.0,-2048856,-1540791,508065,508065,138.96745076586433,0.0,-2231656,-1723591
M3_EXCLUDE_HEARTBEAT_ONLY,10000,-3000,30000,108195,108195,29.593818380743983,0.0,-905622,-797427,108195,108195,29.593818380743983,0.0,-1088422,-980227,108195,108195,29.593818380743983,0.0,-1271222,-1163027,108195,108195,29.593818380743983,0.0,-1454022,-1345827,108195,108195,29.593818380743983,0.0,-1636822,-1528627
M3_EXCLUDE_HEARTBEAT_ONLY,10000,-3000,60000,274695,274695,75.13539387308533,0.0,-1101960,-827265,274695,274695,75.13539387308533,0.0,-1284760,-1010065,274695,274695,75.13539387308533,0.0,-1467560,-1192865,274695,274695,75.13539387308533,0.0,-1650360,-1375665,274695,274695,75.13539387308533,0.0,-1833160,-1558465
M3_EXCLUDE_HEARTBEAT_ONLY,10000,-3000,120000,318924,318924,87.23304157549234,0.0,-1188397,-869473,318924,318924,87.23304157549234,0.0,-1371197,-1052273,318924,318924,87.23304157549234,0.0,-1553997,-1235073,318924,318924,87.23304157549234,0.0,-1736797,-1417873,318924,318924,87.23304157549234,0.0,-1919597,-1600673
M3_EXCLUDE_HEARTBEAT_ONLY,10000,-2000,30000,36288,36288,9.925601750547045,0.0,-690484,-654196,36288,36288,9.925601750547045,0.0,-873284,-836996,36288,36288,9.925601750547045,0.0,-1056084,-1019796,36288,36288,9.925601750547045,0.0,-1238884,-1202596,36288,36288,9.925601750547045,0.0,-1421684,-1385396
M3_EXCLUDE_HEARTBEAT_ONLY,10000,-2000,60000,166434,166434,45.52352297592998,0.0,-856820,-690386,166434,166434,45.52352297592998,0.0,-1039620,-873186,166434,166434,45.52352297592998,0.0,-1222420,-1055986,166434,166434,45.52352297592998,0.0,-1405220,-1238786,166434,166434,45.52352297592998,0.0,-1588020,-1421586
M3_EXCLUDE_HEARTBEAT_ONLY,10000,-2000,120000,224496,224496,61.40481400437637,0.0,-943657,-719161,224496,224496,61.40481400437637,0.0,-1126457,-901961,224496,224496,61.40481400437637,0.0,-1309257,-1084761,224496,224496,61.40481400437637,0.0,-1492057,-1267561,224496,224496,61.40481400437637,0.0,-1674857,-1450361
M3_EXCLUDE_HEARTBEAT_ONLY,10000,-1500,30000,28176,28176,7.706783369803063,0.0,-598170,-569994,28176,28176,7.706783369803063,0.0,-780970,-752794,28176,28176,7.706783369803063,0.0,-963770,-935594,28176,28176,7.706783369803063,0.0,-1146570,-1118394,28176,28176,7.706783369803063,0.0,-1329370,-1301194
M3_EXCLUDE_HEARTBEAT_ONLY,10000,-1500,60000,92965,92965,25.428063457330417,0.0,-683170,-590205,92965,92965,25.428063457330417,0.0,-865970,-773005,92965,92965,25.428063457330417,0.0,-1048770,-955805,92965,92965,25.428063457330417,0.0,-1231570,-1138605,92965,92965,25.428063457330417,0.0,-1414370,-1321405
M3_EXCLUDE_HEARTBEAT_ONLY,10000,-1500,120000,162779,162779,44.52379649890591,0.0,-777633,-614854,162779,162779,44.52379649890591,0.0,-960433,-797654,162779,162779,44.52379649890591,0.0,-1143233,-980454,162779,162779,44.52379649890591,0.0,-1326033,-1163254,162779,162779,44.52379649890591,0.0,-1508833,-1346054
M3_EXCLUDE_HEARTBEAT_ONLY,10000,-1000,30000,-14870,-14870,-4.067286652078774,0.0,-425113,-439983,-14870,-14870,-4.067286652078774,0.0,-607913,-622783,-14870,-14870,-4.067286652078774,0.0,-790713,-805583,-14870,-14870,-4.067286652078774,0.0,-973513,-988383,-14870,-14870,-4.067286652078774,0.0,-1156313,-1171183
M3_EXCLUDE_HEARTBEAT_ONLY,10000,-1000,60000,38406,38406,10.50492341356674,0.0,-497257,-458851,38406,38406,10.50492341356674,0.0,-680057,-641651,38406,38406,10.50492341356674,0.0,-862857,-824451,38406,38406,10.50492341356674,0.0,-1045657,-1007251,38406,38406,10.50492341356674,0.0,-1228457,-1190051
M3_EXCLUDE_HEARTBEAT_ONLY,10000,-1000,120000,82377,82377,22.532002188183807,0.0,-567469,-485092,82377,82377,22.532002188183807,0.0,-750269,-667892,82377,82377,22.532002188183807,0.0,-933069,-850692,82377,82377,22.532002188183807,0.0,-1115869,-1033492,82377,82377,22.532002188183807,0.0,-1298669,-1216292
M3_EXCLUDE_HEARTBEAT_ONLY,10000,-700,30000,-47662,-47662,-13.036652078774617,0.0,-296916,-344578,-47662,-47662,-13.036652078774617,0.0,-479716,-527378,-47662,-47662,-13.036652078774617,0.0,-662516,-710178,-47662,-47662,-13.036652078774617,0.0,-845316,-892978,-47662,-47662,-13.036652078774617,0.0,-1028116,-1075778
M3_EXCLUDE_HEARTBEAT_ONLY,10000,-700,60000,-4129,-4129,-1.1293763676148796,0.0,-348532,-352661,-4129,-4129,-1.1293763676148796,0.0,-531332,-535461,-4129,-4129,-1.1293763676148796,0.0,-714132,-718261,-4129,-4129,-1.1293763676148796,0.0,-896932,-901061,-4129,-4129,-1.1293763676148796,0.0,-1079732,-1083861
M3_EXCLUDE_HEARTBEAT_ONLY,10000,-700,120000,38681,38681,10.580142231947484,0.0,-405443,-366762,38681,38681,10.580142231947484,0.0,-588243,-549562,38681,38681,10.580142231947484,0.0,-771043,-732362,38681,38681,10.580142231947484,0.0,-953843,-915162,38681,38681,10.580142231947484,0.0,-1136643,-1097962
M3_EXCLUDE_HEARTBEAT_ONLY,10000,-500,30000,-50878,-50878,-13.916301969365426,0.0,-201399,-252277,-50878,-50878,-13.916301969365426,0.0,-384199,-435077,-50878,-50878,-13.916301969365426,0.0,-566999,-617877,-50878,-50878,-13.916301969365426,0.0,-749799,-800677,-50878,-50878,-13.916301969365426,0.0,-932599,-983477
M3_EXCLUDE_HEARTBEAT_ONLY,10000,-500,60000,-20638,-20638,-5.644967177242888,0.0,-239510,-260148,-20638,-20638,-5.644967177242888,0.0,-422310,-442948,-20638,-20638,-5.644967177242888,0.0,-605110,-625748,-20638,-20638,-5.644967177242888,0.0,-787910,-808548,-20638,-20638,-5.644967177242888,0.0,-970710,-991348
M3_EXCLUDE_HEARTBEAT_ONLY,10000,-500,120000,5324,5324,1.4562363238512035,0.0,-280457,-275133,5324,5324,1.4562363238512035,0.0,-463257,-457933,5324,5324,1.4562363238512035,0.0,-646057,-640733,5324,5324,1.4562363238512035,0.0,-828857,-823533,5324,5324,1.4562363238512035,0.0,-1011657,-1006333
M3_EXCLUDE_HEARTBEAT_ONLY,10000,-300,30000,-72605,-72605,-19.85913566739606,0.0,-98081,-170686,-72605,-72605,-19.85913566739606,0.0,-280881,-353486,-72605,-72605,-19.85913566739606,0.0,-463681,-536286,-72605,-72605,-19.85913566739606,0.0,-646481,-719086,-72605,-72605,-19.85913566739606,0.0,-829281,-901886
M3_EXCLUDE_HEARTBEAT_ONLY,10000,-300,60000,-74489,-74489,-20.37445295404814,0.0,-106895,-181384,-74489,-74489,-20.37445295404814,0.0,-289695,-364184,-74489,-74489,-20.37445295404814,0.0,-472495,-546984,-74489,-74489,-20.37445295404814,0.0,-655295,-729784,-74489,-74489,-20.37445295404814,0.0,-838095,-912584
M3_EXCLUDE_HEARTBEAT_ONLY,10000,-300,120000,-79657,-79657,-21.788019693654267,0.0,-101602,-181259,-79657,-79657,-21.788019693654267,0.0,-284402,-364059,-79657,-79657,-21.788019693654267,0.0,-467202,-546859,-79657,-79657,-21.788019693654267,0.0,-650002,-729659,-79657,-79657,-21.788019693654267,0.0,-832802,-912459
M3_EXCLUDE_HEARTBEAT_ONLY,10000,-200,30000,-86355,-86355,-23.62007658643326,0.0,-26616,-112971,-86355,-86355,-23.62007658643326,0.0,-209416,-295771,-86355,-86355,-23.62007658643326,0.0,-392216,-478571,-86355,-86355,-23.62007658643326,0.0,-575016,-661371,-86355,-86355,-23.62007658643326,0.0,-757816,-844171
M3_EXCLUDE_HEARTBEAT_ONLY,10000,-200,60000,-98563,-98563,-26.959245076586434,0.0,-31550,-130113,-98563,-98563,-26.959245076586434,0.0,-214350,-312913,-98563,-98563,-26.959245076586434,0.0,-397150,-495713,-98563,-98563,-26.959245076586434,0.0,-579950,-678513,-98563,-98563,-26.959245076586434,0.0,-762750,-861313
M3_EXCLUDE_HEARTBEAT_ONLY,10000,-200,120000,-124499,-124499,-34.05333698030635,0.0,13,-124486,-124499,-124499,-34.05333698030635,0.0,-182787,-307286,-124499,-124499,-34.05333698030635,0.0,-365587,-490086,-124499,-124499,-34.05333698030635,0.0,-548387,-672886,-124499,-124499,-34.05333698030635,0.0,-731187,-855686
M4_CONFIRM_2_WINDOWS,1000,-6000,30000,194530,194530,53.20842450765864,0.0,-1368914,-1174384,194530,194530,53.20842450765864,0.0,-1551714,-1357184,194530,194530,53.20842450765864,0.0,-1734514,-1539984,194530,194530,53.20842450765864,0.0,-1917314,-1722784,194530,194530,53.20842450765864,0.0,-2100114,-1905584
M4_CONFIRM_2_WINDOWS,1000,-6000,60000,342227,342227,93.60694748358863,0.0,-1531283,-1189056,342227,342227,93.60694748358863,0.0,-1714083,-1371856,342227,342227,93.60694748358863,0.0,-1896883,-1554656,342227,342227,93.60694748358863,0.0,-2079683,-1737456,342227,342227,93.60694748358863,0.0,-2262483,-1920256
M4_CONFIRM_2_WINDOWS,1000,-6000,120000,458460,458460,125.39934354485777,0.0,-1651963,-1193503,458460,458460,125.39934354485777,0.0,-1834763,-1376303,458460,458460,125.39934354485777,0.0,-2017563,-1559103,458460,458460,125.39934354485777,0.0,-2200363,-1741903,458460,458460,125.39934354485777,0.0,-2383163,-1924703
M4_CONFIRM_2_WINDOWS,1000,-5000,30000,178807,178807,48.907822757111596,0.0,-1307295,-1128488,178807,178807,48.907822757111596,0.0,-1490095,-1311288,178807,178807,48.907822757111596,0.0,-1672895,-1494088,178807,178807,48.907822757111596,0.0,-1855695,-1676888,178807,178807,48.907822757111596,0.0,-2038495,-1859688
M4_CONFIRM_2_WINDOWS,1000,-5000,60000,329160,329160,90.0328227571116,0.0,-1471063,-1141903,329160,329160,90.0328227571116,0.0,-1653863,-1324703,329160,329160,90.0328227571116,0.0,-1836663,-1507503,329160,329160,90.0328227571116,0.0,-2019463,-1690303,329160,329160,90.0328227571116,0.0,-2202263,-1873103
M4_CONFIRM_2_WINDOWS,1000,-5000,120000,442847,442847,121.12882932166302,0.0,-1587331,-1144484,442847,442847,121.12882932166302,0.0,-1770131,-1327284,442847,442847,121.12882932166302,0.0,-1952931,-1510084,442847,442847,121.12882932166302,0.0,-2135731,-1692884,442847,442847,121.12882932166302,0.0,-2318531,-1875684
M4_CONFIRM_2_WINDOWS,1000,-3000,30000,123500,123500,33.7800875273523,0.0,-1103907,-980407,123500,123500,33.7800875273523,0.0,-1286707,-1163207,123500,123500,33.7800875273523,0.0,-1469507,-1346007,123500,123500,33.7800875273523,0.0,-1652307,-1528807,123500,123500,33.7800875273523,0.0,-1835107,-1711607
M4_CONFIRM_2_WINDOWS,1000,-3000,60000,226952,226952,62.076586433260395,0.0,-1210749,-983797,226952,226952,62.076586433260395,0.0,-1393549,-1166597,226952,226952,62.076586433260395,0.0,-1576349,-1349397,226952,226952,62.076586433260395,0.0,-1759149,-1532197,226952,226952,62.076586433260395,0.0,-1941949,-1714997
M4_CONFIRM_2_WINDOWS,1000,-3000,120000,340850,340850,93.23030634573304,0.0,-1325565,-984715,340850,340850,93.23030634573304,0.0,-1508365,-1167515,340850,340850,93.23030634573304,0.0,-1691165,-1350315,340850,340850,93.23030634573304,0.0,-1873965,-1533115,340850,340850,93.23030634573304,0.0,-2056765,-1715915
M4_CONFIRM_2_WINDOWS,1000,-2000,30000,73703,73703,20.15946389496718,0.0,-887598,-813895,73703,73703,20.15946389496718,0.0,-1070398,-996695,73703,73703,20.15946389496718,0.0,-1253198,-1179495,73703,73703,20.15946389496718,0.0,-1435998,-1362295,73703,73703,20.15946389496718,0.0,-1618798,-1545095
M4_CONFIRM_2_WINDOWS,1000,-2000,60000,155940,155940,42.65317286652079,0.0,-975024,-819084,155940,155940,42.65317286652079,0.0,-1157824,-1001884,155940,155940,42.65317286652079,0.0,-1340624,-1184684,155940,155940,42.65317286652079,0.0,-1523424,-1367484,155940,155940,42.65317286652079,0.0,-1706224,-1550284
M4_CONFIRM_2_WINDOWS,1000,-2000,120000,247809,247809,67.78145514223195,0.0,-1066538,-818729,247809,247809,67.78145514223195,0.0,-1249338,-1001529,247809,247809,67.78145514223195,0.0,-1432138,-1184329,247809,247809,67.78145514223195,0.0,-1614938,-1367129,247809,247809,67.78145514223195,0.0,-1797738,-1549929
M4_CONFIRM_2_WINDOWS,1000,-1500,30000,70650,70650,19.324398249452955,0.0,-779901,-709251,70650,70650,19.324398249452955,0.0,-962701,-892051,70650,70650,19.324398249452955,0.0,-1145501,-1074851,70650,70650,19.324398249452955,0.0,-1328301,-1257651,70650,70650,19.324398249452955,0.0,-1511101,-1440451
M4_CONFIRM_2_WINDOWS,1000,-1500,60000,121452,121452,33.2199124726477,0.0,-833953,-712501,121452,121452,33.2199124726477,0.0,-1016753,-895301,121452,121452,33.2199124726477,0.0,-1199553,-1078101,121452,121452,33.2199124726477,0.0,-1382353,-1260901,121452,121452,33.2199124726477,0.0,-1565153,-1443701
M4_CONFIRM_2_WINDOWS,1000,-1500,120000,206771,206771,56.556619256017505,0.0,-919272,-712501,206771,206771,56.556619256017505,0.0,-1102072,-895301,206771,206771,56.556619256017505,0.0,-1284872,-1078101,206771,206771,56.556619256017505,0.0,-1467672,-1260901,206771,206771,56.556619256017505,0.0,-1650472,-1443701
M4_CONFIRM_2_WINDOWS,1000,-1000,30000,44290,44290,12.114332603938731,0.0,-616262,-571972,44290,44290,12.114332603938731,0.0,-799062,-754772,44290,44290,12.114332603938731,0.0,-981862,-937572,44290,44290,12.114332603938731,0.0,-1164662,-1120372,44290,44290,12.114332603938731,0.0,-1347462,-1303172
M4_CONFIRM_2_WINDOWS,1000,-1000,60000,75564,75564,20.668490153172865,0.0,-647358,-571794,75564,75564,20.668490153172865,0.0,-830158,-754594,75564,75564,20.668490153172865,0.0,-1012958,-937394,75564,75564,20.668490153172865,0.0,-1195758,-1120194,75564,75564,20.668490153172865,0.0,-1378558,-1302994
M4_CONFIRM_2_WINDOWS,1000,-1000,120000,142274,142274,38.915207877461704,0.0,-714068,-571794,142274,142274,38.915207877461704,0.0,-896868,-754594,142274,142274,38.915207877461704,0.0,-1079668,-937394,142274,142274,38.915207877461704,0.0,-1262468,-1120194,142274,142274,38.915207877461704,0.0,-1445268,-1302994
M4_CONFIRM_2_WINDOWS,1000,-700,30000,25195,25195,6.891411378555799,0.0,-484713,-459518,25195,25195,6.891411378555799,0.0,-667513,-642318,25195,25195,6.891411378555799,0.0,-850313,-825118,25195,25195,6.891411378555799,0.0,-1033113,-1007918,25195,25195,6.891411378555799,0.0,-1215913,-1190718
M4_CONFIRM_2_WINDOWS,1000,-700,60000,39782,39782,10.88129102844639,0.0,-501276,-461494,39782,39782,10.88129102844639,0.0,-684076,-644294,39782,39782,10.88129102844639,0.0,-866876,-827094,39782,39782,10.88129102844639,0.0,-1049676,-1009894,39782,39782,10.88129102844639,0.0,-1232476,-1192694
M4_CONFIRM_2_WINDOWS,1000,-700,120000,92454,92454,25.288293216630198,0.0,-553948,-461494,92454,92454,25.288293216630198,0.0,-736748,-644294,92454,92454,25.288293216630198,0.0,-919548,-827094,92454,92454,25.288293216630198,0.0,-1102348,-1009894,92454,92454,25.288293216630198,0.0,-1285148,-1192694
M4_CONFIRM_2_WINDOWS,1000,-500,30000,18163,18163,4.9679978118161925,0.0,-385927,-367764,18163,18163,4.9679978118161925,0.0,-568727,-550564,18163,18163,4.9679978118161925,0.0,-751527,-733364,18163,18163,4.9679978118161925,0.0,-934327,-916164,18163,18163,4.9679978118161925,0.0,-1117127,-1098964
M4_CONFIRM_2_WINDOWS,1000,-500,60000,23077,23077,6.312089715536105,0.0,-391170,-368093,23077,23077,6.312089715536105,0.0,-573970,-550893,23077,23077,6.312089715536105,0.0,-756770,-733693,23077,23077,6.312089715536105,0.0,-939570,-916493,23077,23077,6.312089715536105,0.0,-1122370,-1099293
M4_CONFIRM_2_WINDOWS,1000,-500,120000,63788,63788,17.447483588621445,0.0,-431881,-368093,63788,63788,17.447483588621445,0.0,-614681,-550893,63788,63788,17.447483588621445,0.0,-797481,-733693,63788,63788,17.447483588621445,0.0,-980281,-916493,63788,63788,17.447483588621445,0.0,-1163081,-1099293
M4_CONFIRM_2_WINDOWS,1000,-300,30000,2644,2644,0.7231947483588621,0.0,-266617,-263973,2644,2644,0.7231947483588621,0.0,-449417,-446773,2644,2644,0.7231947483588621,0.0,-632217,-629573,2644,2644,0.7231947483588621,0.0,-815017,-812373,2644,2644,0.7231947483588621,0.0,-997817,-995173
M4_CONFIRM_2_WINDOWS,1000,-300,60000,-3154,-3154,-0.862691466083151,0.0,-262739,-265893,-3154,-3154,-0.862691466083151,0.0,-445539,-448693,-3154,-3154,-0.862691466083151,0.0,-628339,-631493,-3154,-3154,-0.862691466083151,0.0,-811139,-814293,-3154,-3154,-0.862691466083151,0.0,-993939,-997093
M4_CONFIRM_2_WINDOWS,1000,-300,120000,12967,12967,3.5467724288840263,0.0,-278860,-265893,12967,12967,3.5467724288840263,0.0,-461660,-448693,12967,12967,3.5467724288840263,0.0,-644460,-631493,12967,12967,3.5467724288840263,0.0,-827260,-814293,12967,12967,3.5467724288840263,0.0,-1010060,-997093
M4_CONFIRM_2_WINDOWS,1000,-200,30000,-12166,-12166,-3.327680525164114,0.0,-192313,-204479,-12166,-12166,-3.327680525164114,0.0,-375113,-387279,-12166,-12166,-3.327680525164114,0.0,-557913,-570079,-12166,-12166,-3.327680525164114,0.0,-740713,-752879,-12166,-12166,-3.327680525164114,0.0,-923513,-935679
M4_CONFIRM_2_WINDOWS,1000,-200,60000,-27593,-27593,-7.547319474835886,0.0,-178101,-205694,-27593,-27593,-7.547319474835886,0.0,-360901,-388494,-27593,-27593,-7.547319474835886,0.0,-543701,-571294,-27593,-27593,-7.547319474835886,0.0,-726501,-754094,-27593,-27593,-7.547319474835886,0.0,-909301,-936894
M4_CONFIRM_2_WINDOWS,1000,-200,120000,-25077,-25077,-6.859135667396061,0.0,-180617,-205694,-25077,-25077,-6.859135667396061,0.0,-363417,-388494,-25077,-25077,-6.859135667396061,0.0,-546217,-571294,-25077,-25077,-6.859135667396061,0.0,-729017,-754094,-25077,-25077,-6.859135667396061,0.0,-911817,-936894
M4_CONFIRM_2_WINDOWS,1500,-6000,30000,195777,195777,53.54950765864333,0.0,-1327813,-1132036,195777,195777,53.54950765864333,0.0,-1510613,-1314836,195777,195777,53.54950765864333,0.0,-1693413,-1497636,195777,195777,53.54950765864333,0.0,-1876213,-1680436,195777,195777,53.54950765864333,0.0,-2059013,-1863236
M4_CONFIRM_2_WINDOWS,1500,-6000,60000,378362,378362,103.49070021881838,0.0,-1515337,-1136975,378362,378362,103.49070021881838,0.0,-1698137,-1319775,378362,378362,103.49070021881838,0.0,-1880937,-1502575,378362,378362,103.49070021881838,0.0,-2063737,-1685375,378362,378362,103.49070021881838,0.0,-2246537,-1868175
M4_CONFIRM_2_WINDOWS,1500,-6000,120000,521652,521652,142.68380743982493,0.0,-1665000,-1143348,521652,521652,142.68380743982493,0.0,-1847800,-1326148,521652,521652,142.68380743982493,0.0,-2030600,-1508948,521652,521652,142.68380743982493,0.0,-2213400,-1691748,521652,521652,142.68380743982493,0.0,-2396200,-1874548
M4_CONFIRM_2_WINDOWS,1500,-5000,30000,178090,178090,48.711706783369806,0.0,-1263117,-1085027,178090,178090,48.711706783369806,0.0,-1445917,-1267827,178090,178090,48.711706783369806,0.0,-1628717,-1450627,178090,178090,48.711706783369806,0.0,-1811517,-1633427,178090,178090,48.711706783369806,0.0,-1994317,-1816227
M4_CONFIRM_2_WINDOWS,1500,-5000,60000,359397,359397,98.30333698030634,0.0,-1450577,-1091180,359397,359397,98.30333698030634,0.0,-1633377,-1273980,359397,359397,98.30333698030634,0.0,-1816177,-1456780,359397,359397,98.30333698030634,0.0,-1998977,-1639580,359397,359397,98.30333698030634,0.0,-2181777,-1822380
M4_CONFIRM_2_WINDOWS,1500,-5000,120000,502174,502174,137.35612691466082,0.0,-1595103,-1092929,502174,502174,137.35612691466082,0.0,-1777903,-1275729,502174,502174,137.35612691466082,0.0,-1960703,-1458529,502174,502174,137.35612691466082,0.0,-2143503,-1641329,502174,502174,137.35612691466082,0.0,-2326303,-1824129
M4_CONFIRM_2_WINDOWS,1500,-3000,30000,120301,120301,32.9050875273523,0.0,-1055149,-934848,120301,120301,32.9050875273523,0.0,-1237949,-1117648,120301,120301,32.9050875273523,0.0,-1420749,-1300448,120301,120301,32.9050875273523,0.0,-1603549,-1483248,120301,120301,32.9050875273523,0.0,-1786349,-1666048
M4_CONFIRM_2_WINDOWS,1500,-3000,60000,252709,252709,69.12171772428884,0.0,-1182185,-929476,252709,252709,69.12171772428884,0.0,-1364985,-1112276,252709,252709,69.12171772428884,0.0,-1547785,-1295076,252709,252709,69.12171772428884,0.0,-1730585,-1477876,252709,252709,69.12171772428884,0.0,-1913385,-1660676
M4_CONFIRM_2_WINDOWS,1500,-3000,120000,376631,376631,103.0172319474836,0.0,-1306193,-929562,376631,376631,103.0172319474836,0.0,-1488993,-1112362,376631,376631,103.0172319474836,0.0,-1671793,-1295162,376631,376631,103.0172319474836,0.0,-1854593,-1477962,376631,376631,103.0172319474836,0.0,-2037393,-1660762
M4_CONFIRM_2_WINDOWS,1500,-2000,30000,72123,72123,19.72729759299781,0.0,-839451,-767328,72123,72123,19.72729759299781,0.0,-1022251,-950128,72123,72123,19.72729759299781,0.0,-1205051,-1132928,72123,72123,19.72729759299781,0.0,-1387851,-1315728,72123,72123,19.72729759299781,0.0,-1570651,-1498528
M4_CONFIRM_2_WINDOWS,1500,-2000,60000,178123,178123,48.72073304157549,0.0,-944127,-766004,178123,178123,48.72073304157549,0.0,-1126927,-948804,178123,178123,48.72073304157549,0.0,-1309727,-1131604,178123,178123,48.72073304157549,0.0,-1492527,-1314404,178123,178123,48.72073304157549,0.0,-1675327,-1497204
M4_CONFIRM_2_WINDOWS,1500,-2000,120000,275796,275796,75.43654266958424,0.0,-1040613,-764817,275796,275796,75.43654266958424,0.0,-1223413,-947617,275796,275796,75.43654266958424,0.0,-1406213,-1130417,275796,275796,75.43654266958424,0.0,-1589013,-1313217,275796,275796,75.43654266958424,0.0,-1771813,-1496017
M4_CONFIRM_2_WINDOWS,1500,-1500,30000,71298,71298,19.50164113785558,0.0,-730067,-658769,71298,71298,19.50164113785558,0.0,-912867,-841569,71298,71298,19.50164113785558,0.0,-1095667,-1024369,71298,71298,19.50164113785558,0.0,-1278467,-1207169,71298,71298,19.50164113785558,0.0,-1461267,-1389969
M4_CONFIRM_2_WINDOWS,1500,-1500,60000,128894,128894,35.2554704595186,0.0,-784400,-655506,128894,128894,35.2554704595186,0.0,-967200,-838306,128894,128894,35.2554704595186,0.0,-1150000,-1021106,128894,128894,35.2554704595186,0.0,-1332800,-1203906,128894,128894,35.2554704595186,0.0,-1515600,-1386706
M4_CONFIRM_2_WINDOWS,1500,-1500,120000,217922,217922,59.60667396061269,0.0,-872596,-654674,217922,217922,59.60667396061269,0.0,-1055396,-837474,217922,217922,59.60667396061269,0.0,-1238196,-1020274,217922,217922,59.60667396061269,0.0,-1420996,-1203074,217922,217922,59.60667396061269,0.0,-1603796,-1385874
M4_CONFIRM_2_WINDOWS,1500,-1000,30000,39570,39570,10.823304157549234,0.0,-561170,-521600,39570,39570,10.823304157549234,0.0,-743970,-704400,39570,39570,10.823304157549234,0.0,-926770,-887200,39570,39570,10.823304157549234,0.0,-1109570,-1070000,39570,39570,10.823304157549234,0.0,-1292370,-1252800
M4_CONFIRM_2_WINDOWS,1500,-1000,60000,74923,74923,20.49316192560175,0.0,-592649,-517726,74923,74923,20.49316192560175,0.0,-775449,-700526,74923,74923,20.49316192560175,0.0,-958249,-883326,74923,74923,20.49316192560175,0.0,-1141049,-1066126,74923,74923,20.49316192560175,0.0,-1323849,-1248926
M4_CONFIRM_2_WINDOWS,1500,-1000,120000,147414,147414,40.3211159737418,0.0,-664308,-516894,147414,147414,40.3211159737418,0.0,-847108,-699694,147414,147414,40.3211159737418,0.0,-1029908,-882494,147414,147414,40.3211159737418,0.0,-1212708,-1065294,147414,147414,40.3211159737418,0.0,-1395508,-1248094
M4_CONFIRM_2_WINDOWS,1500,-700,30000,19016,19016,5.2013129102844635,0.0,-432610,-413594,19016,19016,5.2013129102844635,0.0,-615410,-596394,19016,19016,5.2013129102844635,0.0,-798210,-779194,19016,19016,5.2013129102844635,0.0,-981010,-961994,19016,19016,5.2013129102844635,0.0,-1163810,-1144794
M4_CONFIRM_2_WINDOWS,1500,-700,60000,40753,40753,11.146881838074398,0.0,-454067,-413314,40753,40753,11.146881838074398,0.0,-636867,-596114,40753,40753,11.146881838074398,0.0,-819667,-778914,40753,40753,11.146881838074398,0.0,-1002467,-961714,40753,40753,11.146881838074398,0.0,-1185267,-1144514
M4_CONFIRM_2_WINDOWS,1500,-700,120000,97411,97411,26.644146608315097,0.0,-509859,-412448,97411,97411,26.644146608315097,0.0,-692659,-595248,97411,97411,26.644146608315097,0.0,-875459,-778048,97411,97411,26.644146608315097,0.0,-1058259,-960848,97411,97411,26.644146608315097,0.0,-1241059,-1143648
M4_CONFIRM_2_WINDOWS,1500,-500,30000,11111,11111,3.039113785557987,0.0,-334140,-323029,11111,11111,3.039113785557987,0.0,-516940,-505829,11111,11111,3.039113785557987,0.0,-699740,-688629,11111,11111,3.039113785557987,0.0,-882540,-871429,11111,11111,3.039113785557987,0.0,-1065340,-1054229
M4_CONFIRM_2_WINDOWS,1500,-500,60000,23408,23408,6.402625820568928,0.0,-347571,-324163,23408,23408,6.402625820568928,0.0,-530371,-506963,23408,23408,6.402625820568928,0.0,-713171,-689763,23408,23408,6.402625820568928,0.0,-895971,-872563,23408,23408,6.402625820568928,0.0,-1078771,-1055363
M4_CONFIRM_2_WINDOWS,1500,-500,120000,65533,65533,17.924781181619256,0.0,-389696,-324163,65533,65533,17.924781181619256,0.0,-572496,-506963,65533,65533,17.924781181619256,0.0,-755296,-689763,65533,65533,17.924781181619256,0.0,-938096,-872563,65533,65533,17.924781181619256,0.0,-1120896,-1055363
M4_CONFIRM_2_WINDOWS,1500,-300,30000,-4969,-4969,-1.3591356673960613,0.0,-214017,-218986,-4969,-4969,-1.3591356673960613,0.0,-396817,-401786,-4969,-4969,-1.3591356673960613,0.0,-579617,-584586,-4969,-4969,-1.3591356673960613,0.0,-762417,-767386,-4969,-4969,-1.3591356673960613,0.0,-945217,-950186
M4_CONFIRM_2_WINDOWS,1500,-300,60000,-2375,-2375,-0.649617067833698,0.0,-221025,-223400,-2375,-2375,-0.649617067833698,0.0,-403825,-406200,-2375,-2375,-0.649617067833698,0.0,-586625,-589000,-2375,-2375,-0.649617067833698,0.0,-769425,-771800,-2375,-2375,-0.649617067833698,0.0,-952225,-954600
M4_CONFIRM_2_WINDOWS,1500,-300,120000,17488,17488,4.783369803063457,0.0,-240888,-223400,17488,17488,4.783369803063457,0.0,-423688,-406200,17488,17488,4.783369803063457,0.0,-606488,-589000,17488,17488,4.783369803063457,0.0,-789288,-771800,17488,17488,4.783369803063457,0.0,-972088,-954600
M4_CONFIRM_2_WINDOWS,1500,-200,30000,-19706,-19706,-5.3900437636761485,0.0,-139295,-159001,-19706,-19706,-5.3900437636761485,0.0,-322095,-341801,-19706,-19706,-5.3900437636761485,0.0,-504895,-524601,-19706,-19706,-5.3900437636761485,0.0,-687695,-707401,-19706,-19706,-5.3900437636761485,0.0,-870495,-890201
M4_CONFIRM_2_WINDOWS,1500,-200,60000,-28778,-28778,-7.871444201312911,0.0,-133847,-162625,-28778,-28778,-7.871444201312911,0.0,-316647,-345425,-28778,-28778,-7.871444201312911,0.0,-499447,-528225,-28778,-28778,-7.871444201312911,0.0,-682247,-711025,-28778,-28778,-7.871444201312911,0.0,-865047,-893825
M4_CONFIRM_2_WINDOWS,1500,-200,120000,-23775,-23775,-6.50300875273523,0.0,-138850,-162625,-23775,-23775,-6.50300875273523,0.0,-321650,-345425,-23775,-23775,-6.50300875273523,0.0,-504450,-528225,-23775,-23775,-6.50300875273523,0.0,-687250,-711025,-23775,-23775,-6.50300875273523,0.0,-870050,-893825
M4_CONFIRM_2_WINDOWS,2000,-6000,30000,196262,196262,53.68216630196937,0.0,-1315991,-1119729,196262,196262,53.68216630196937,0.0,-1498791,-1302529,196262,196262,53.68216630196937,0.0,-1681591,-1485329,196262,196262,53.68216630196937,0.0,-1864391,-1668129,196262,196262,53.68216630196937,0.0,-2047191,-1850929
M4_CONFIRM_2_WINDOWS,2000,-6000,60000,384117,384117,105.0648249452954,0.0,-1508631,-1124514,384117,384117,105.0648249452954,0.0,-1691431,-1307314,384117,384117,105.0648249452954,0.0,-1874231,-1490114,384117,384117,105.0648249452954,0.0,-2057031,-1672914,384117,384117,105.0648249452954,0.0,-2239831,-1855714
M4_CONFIRM_2_WINDOWS,2000,-6000,120000,522173,522173,142.82631291028446,0.0,-1657547,-1135374,522173,522173,142.82631291028446,0.0,-1840347,-1318174,522173,522173,142.82631291028446,0.0,-2023147,-1500974,522173,522173,142.82631291028446,0.0,-2205947,-1683774,522173,522173,142.82631291028446,0.0,-2388747,-1866574
M4_CONFIRM_2_WINDOWS,2000,-5000,30000,177233,177233,48.477297592997814,0.0,-1248953,-1071720,177233,177233,48.477297592997814,0.0,-1431753,-1254520,177233,177233,48.477297592997814,0.0,-1614553,-1437320,177233,177233,48.477297592997814,0.0,-1797353,-1620120,177233,177233,48.477297592997814,0.0,-1980153,-1802920
M4_CONFIRM_2_WINDOWS,2000,-5000,60000,364468,364468,99.69037199124726,0.0,-1442687,-1078219,364468,364468,99.69037199124726,0.0,-1625487,-1261019,364468,364468,99.69037199124726,0.0,-1808287,-1443819,364468,364468,99.69037199124726,0.0,-1991087,-1626619,364468,364468,99.69037199124726,0.0,-2173887,-1809419
M4_CONFIRM_2_WINDOWS,2000,-5000,120000,501816,501816,137.2582056892779,0.0,-1585271,-1083455,501816,501816,137.2582056892779,0.0,-1768071,-1266255,501816,501816,137.2582056892779,0.0,-1950871,-1449055,501816,501816,137.2582056892779,0.0,-2133671,-1631855,501816,501816,137.2582056892779,0.0,-2316471,-1814655
M4_CONFIRM_2_WINDOWS,2000,-3000,30000,119405,119405,32.66001094091904,0.0,-1035535,-916130,119405,119405,32.66001094091904,0.0,-1218335,-1098930,119405,119405,32.66001094091904,0.0,-1401135,-1281730,119405,119405,32.66001094091904,0.0,-1583935,-1464530,119405,119405,32.66001094091904,0.0,-1766735,-1647330
M4_CONFIRM_2_WINDOWS,2000,-3000,60000,241031,241031,65.92751641137856,0.0,-1152357,-911326,241031,241031,65.92751641137856,0.0,-1335157,-1094126,241031,241031,65.92751641137856,0.0,-1517957,-1276926,241031,241031,65.92751641137856,0.0,-1700757,-1459726,241031,241031,65.92751641137856,0.0,-1883557,-1642526
M4_CONFIRM_2_WINDOWS,2000,-3000,120000,364123,364123,99.59600656455142,0.0,-1277022,-912899,364123,364123,99.59600656455142,0.0,-1459822,-1095699,364123,364123,99.59600656455142,0.0,-1642622,-1278499,364123,364123,99.59600656455142,0.0,-1825422,-1461299,364123,364123,99.59600656455142,0.0,-2008222,-1644099
M4_CONFIRM_2_WINDOWS,2000,-2000,30000,66872,66872,18.291028446389497,0.0,-811235,-744363,66872,66872,18.291028446389497,0.0,-994035,-927163,66872,66872,18.291028446389497,0.0,-1176835,-1109963,66872,66872,18.291028446389497,0.0,-1359635,-1292763,66872,66872,18.291028446389497,0.0,-1542435,-1475563
M4_CONFIRM_2_WINDOWS,2000,-2000,60000,162256,162256,44.38074398249453,0.0,-909382,-747126,162256,162256,44.38074398249453,0.0,-1092182,-929926,162256,162256,44.38074398249453,0.0,-1274982,-1112726,162256,162256,44.38074398249453,0.0,-1457782,-1295526,162256,162256,44.38074398249453,0.0,-1640582,-1478326
M4_CONFIRM_2_WINDOWS,2000,-2000,120000,256329,256329,70.11187089715536,0.0,-1002911,-746582,256329,256329,70.11187089715536,0.0,-1185711,-929382,256329,256329,70.11187089715536,0.0,-1368511,-1112182,256329,256329,70.11187089715536,0.0,-1551311,-1294982,256329,256329,70.11187089715536,0.0,-1734111,-1477782
M4_CONFIRM_2_WINDOWS,2000,-1500,30000,68768,68768,18.809628008752735,0.0,-707572,-638804,68768,68768,18.809628008752735,0.0,-890372,-821604,68768,68768,18.809628008752735,0.0,-1073172,-1004404,68768,68768,18.809628008752735,0.0,-1255972,-1187204,68768,68768,18.809628008752735,0.0,-1438772,-1370004
M4_CONFIRM_2_WINDOWS,2000,-1500,60000,116783,116783,31.942833698030636,0.0,-752564,-635781,116783,116783,31.942833698030636,0.0,-935364,-818581,116783,116783,31.942833698030636,0.0,-1118164,-1001381,116783,116783,31.942833698030636,0.0,-1300964,-1184181,116783,116783,31.942833698030636,0.0,-1483764,-1366981
M4_CONFIRM_2_WINDOWS,2000,-1500,120000,203166,203166,55.570568927789935,0.0,-838758,-635592,203166,203166,55.570568927789935,0.0,-1021558,-818392,203166,203166,55.570568927789935,0.0,-1204358,-1001192,203166,203166,55.570568927789935,0.0,-1387158,-1183992,203166,203166,55.570568927789935,0.0,-1569958,-1366792
M4_CONFIRM_2_WINDOWS,2000,-1000,30000,37417,37417,10.234409190371991,0.0,-541676,-504259,37417,37417,10.234409190371991,0.0,-724476,-687059,37417,37417,10.234409190371991,0.0,-907276,-869859,37417,37417,10.234409190371991,0.0,-1090076,-1052659,37417,37417,10.234409190371991,0.0,-1272876,-1235459
M4_CONFIRM_2_WINDOWS,2000,-1000,60000,66274,66274,18.127461706783368,0.0,-567155,-500881,66274,66274,18.127461706783368,0.0,-749955,-683681,66274,66274,18.127461706783368,0.0,-932755,-866481,66274,66274,18.127461706783368,0.0,-1115555,-1049281,66274,66274,18.127461706783368,0.0,-1298355,-1232081
M4_CONFIRM_2_WINDOWS,2000,-1000,120000,131196,131196,35.88512035010941,0.0,-631888,-500692,131196,131196,35.88512035010941,0.0,-814688,-683492,131196,131196,35.88512035010941,0.0,-997488,-866292,131196,131196,35.88512035010941,0.0,-1180288,-1049092,131196,131196,35.88512035010941,0.0,-1363088,-1231892
M4_CONFIRM_2_WINDOWS,2000,-700,30000,17338,17338,4.74234135667396,0.0,-411307,-393969,17338,17338,4.74234135667396,0.0,-594107,-576769,17338,17338,4.74234135667396,0.0,-776907,-759569,17338,17338,4.74234135667396,0.0,-959707,-942369,17338,17338,4.74234135667396,0.0,-1142507,-1125169
M4_CONFIRM_2_WINDOWS,2000,-700,60000,33369,33369,9.12718818380744,0.0,-426540,-393171,33369,33369,9.12718818380744,0.0,-609340,-575971,33369,33369,9.12718818380744,0.0,-792140,-758771,33369,33369,9.12718818380744,0.0,-974940,-941571,33369,33369,9.12718818380744,0.0,-1157740,-1124371
M4_CONFIRM_2_WINDOWS,2000,-700,120000,85644,85644,23.425601750547045,0.0,-478592,-392948,85644,85644,23.425601750547045,0.0,-661392,-575748,85644,85644,23.425601750547045,0.0,-844192,-758548,85644,85644,23.425601750547045,0.0,-1026992,-941348,85644,85644,23.425601750547045,0.0,-1209792,-1124148
M4_CONFIRM_2_WINDOWS,2000,-500,30000,11274,11274,3.083698030634573,0.0,-313810,-302536,11274,11274,3.083698030634573,0.0,-496610,-485336,11274,11274,3.083698030634573,0.0,-679410,-668136,11274,11274,3.083698030634573,0.0,-862210,-850936,11274,11274,3.083698030634573,0.0,-1045010,-1033736
M4_CONFIRM_2_WINDOWS,2000,-500,60000,17729,17729,4.849288840262582,0.0,-321327,-303598,17729,17729,4.849288840262582,0.0,-504127,-486398,17729,17729,4.849288840262582,0.0,-686927,-669198,17729,17729,4.849288840262582,0.0,-869727,-851998,17729,17729,4.849288840262582,0.0,-1052527,-1034798
M4_CONFIRM_2_WINDOWS,2000,-500,120000,57258,57258,15.661378555798686,0.0,-364499,-307241,57258,57258,15.661378555798686,0.0,-547299,-490041,57258,57258,15.661378555798686,0.0,-730099,-672841,57258,57258,15.661378555798686,0.0,-912899,-855641,57258,57258,15.661378555798686,0.0,-1095699,-1038441
M4_CONFIRM_2_WINDOWS,2000,-300,30000,-4713,-4713,-1.2891137855579868,0.0,-192259,-196972,-4713,-4713,-1.2891137855579868,0.0,-375059,-379772,-4713,-4713,-1.2891137855579868,0.0,-557859,-562572,-4713,-4713,-1.2891137855579868,0.0,-740659,-745372,-4713,-4713,-1.2891137855579868,0.0,-923459,-928172
M4_CONFIRM_2_WINDOWS,2000,-300,60000,-6352,-6352,-1.737417943107221,0.0,-196251,-202603,-6352,-6352,-1.737417943107221,0.0,-379051,-385403,-6352,-6352,-1.737417943107221,0.0,-561851,-568203,-6352,-6352,-1.737417943107221,0.0,-744651,-751003,-6352,-6352,-1.737417943107221,0.0,-927451,-933803
M4_CONFIRM_2_WINDOWS,2000,-300,120000,7906,7906,2.162472647702407,0.0,-210509,-202603,7906,7906,2.162472647702407,0.0,-393309,-385403,7906,7906,2.162472647702407,0.0,-576109,-568203,7906,7906,2.162472647702407,0.0,-758909,-751003,7906,7906,2.162472647702407,0.0,-941709,-933803
M4_CONFIRM_2_WINDOWS,2000,-200,30000,-19733,-19733,-5.397428884026258,0.0,-114574,-134307,-19733,-19733,-5.397428884026258,0.0,-297374,-317107,-19733,-19733,-5.397428884026258,0.0,-480174,-499907,-19733,-19733,-5.397428884026258,0.0,-662974,-682707,-19733,-19733,-5.397428884026258,0.0,-845774,-865507
M4_CONFIRM_2_WINDOWS,2000,-200,60000,-32753,-32753,-8.958698030634574,0.0,-106653,-139406,-32753,-32753,-8.958698030634574,0.0,-289453,-322206,-32753,-32753,-8.958698030634574,0.0,-472253,-505006,-32753,-32753,-8.958698030634574,0.0,-655053,-687806,-32753,-32753,-8.958698030634574,0.0,-837853,-870606
M4_CONFIRM_2_WINDOWS,2000,-200,120000,-33260,-33260,-9.097374179431073,0.0,-106146,-139406,-33260,-33260,-9.097374179431073,0.0,-288946,-322206,-33260,-33260,-9.097374179431073,0.0,-471746,-505006,-33260,-33260,-9.097374179431073,0.0,-654546,-687806,-33260,-33260,-9.097374179431073,0.0,-837346,-870606
M4_CONFIRM_2_WINDOWS,3000,-6000,30000,188318,188318,51.50929978118162,0.0,-1268097,-1079779,188318,188318,51.50929978118162,0.0,-1450897,-1262579,188318,188318,51.50929978118162,0.0,-1633697,-1445379,188318,188318,51.50929978118162,0.0,-1816497,-1628179,188318,188318,51.50929978118162,0.0,-1999297,-1810979
M4_CONFIRM_2_WINDOWS,3000,-6000,60000,402381,402381,110.06044857768053,0.0,-1493400,-1091019,402381,402381,110.06044857768053,0.0,-1676200,-1273819,402381,402381,110.06044857768053,0.0,-1859000,-1456619,402381,402381,110.06044857768053,0.0,-2041800,-1639419,402381,402381,110.06044857768053,0.0,-2224600,-1822219
M4_CONFIRM_2_WINDOWS,3000,-6000,120000,552231,552231,151.04786652078775,0.0,-1661981,-1109750,552231,552231,151.04786652078775,0.0,-1844781,-1292550,552231,552231,151.04786652078775,0.0,-2027581,-1475350,552231,552231,151.04786652078775,0.0,-2210381,-1658150,552231,552231,151.04786652078775,0.0,-2393181,-1840950
M4_CONFIRM_2_WINDOWS,3000,-5000,30000,168289,168289,46.030908096280086,0.0,-1198179,-1029890,168289,168289,46.030908096280086,0.0,-1380979,-1212690,168289,168289,46.030908096280086,0.0,-1563779,-1395490,168289,168289,46.030908096280086,0.0,-1746579,-1578290,168289,168289,46.030908096280086,0.0,-1929379,-1761090
M4_CONFIRM_2_WINDOWS,3000,-5000,60000,377016,377016,103.12253829321664,0.0,-1419829,-1042813,377016,377016,103.12253829321664,0.0,-1602629,-1225613,377016,377016,103.12253829321664,0.0,-1785429,-1408413,377016,377016,103.12253829321664,0.0,-1968229,-1591213,377016,377016,103.12253829321664,0.0,-2151029,-1774013
M4_CONFIRM_2_WINDOWS,3000,-5000,120000,525200,525200,143.6542669584245,0.0,-1581120,-1055920,525200,525200,143.6542669584245,0.0,-1763920,-1238720,525200,525200,143.6542669584245,0.0,-1946720,-1421520,525200,525200,143.6542669584245,0.0,-2129520,-1604320,525200,525200,143.6542669584245,0.0,-2312320,-1787120
M4_CONFIRM_2_WINDOWS,3000,-3000,30000,108828,108828,29.76695842450766,0.0,-994418,-885590,108828,108828,29.76695842450766,0.0,-1177218,-1068390,108828,108828,29.76695842450766,0.0,-1360018,-1251190,108828,108828,29.76695842450766,0.0,-1542818,-1433990,108828,108828,29.76695842450766,0.0,-1725618,-1616790
M4_CONFIRM_2_WINDOWS,3000,-3000,60000,244302,244302,66.82221006564552,0.0,-1126824,-882522,244302,244302,66.82221006564552,0.0,-1309624,-1065322,244302,244302,66.82221006564552,0.0,-1492424,-1248122,244302,244302,66.82221006564552,0.0,-1675224,-1430922,244302,244302,66.82221006564552,0.0,-1858024,-1613722
M4_CONFIRM_2_WINDOWS,3000,-3000,120000,377620,377620,103.28774617067833,0.0,-1269441,-891821,377620,377620,103.28774617067833,0.0,-1452241,-1074621,377620,377620,103.28774617067833,0.0,-1635041,-1257421,377620,377620,103.28774617067833,0.0,-1817841,-1440221,377620,377620,103.28774617067833,0.0,-2000641,-1623021
M4_CONFIRM_2_WINDOWS,3000,-2000,30000,54700,54700,14.961706783369802,0.0,-768523,-713823,54700,54700,14.961706783369802,0.0,-951323,-896623,54700,54700,14.961706783369802,0.0,-1134123,-1079423,54700,54700,14.961706783369802,0.0,-1316923,-1262223,54700,54700,14.961706783369802,0.0,-1499723,-1445023
M4_CONFIRM_2_WINDOWS,3000,-2000,60000,161460,161460,44.16301969365427,0.0,-878119,-716659,161460,161460,44.16301969365427,0.0,-1060919,-899459,161460,161460,44.16301969365427,0.0,-1243719,-1082259,161460,161460,44.16301969365427,0.0,-1426519,-1265059,161460,161460,44.16301969365427,0.0,-1609319,-1447859
M4_CONFIRM_2_WINDOWS,3000,-2000,120000,266079,266079,72.77871991247265,0.0,-985684,-719605,266079,266079,72.77871991247265,0.0,-1168484,-902405,266079,266079,72.77871991247265,0.0,-1351284,-1085205,266079,266079,72.77871991247265,0.0,-1534084,-1268005,266079,266079,72.77871991247265,0.0,-1716884,-1450805
M4_CONFIRM_2_WINDOWS,3000,-1500,30000,50918,50918,13.927242888402626,0.0,-661612,-610694,50918,50918,13.927242888402626,0.0,-844412,-793494,50918,50918,13.927242888402626,0.0,-1027212,-976294,50918,50918,13.927242888402626,0.0,-1210012,-1159094,50918,50918,13.927242888402626,0.0,-1392812,-1341894
M4_CONFIRM_2_WINDOWS,3000,-1500,60000,105683,105683,28.90672866520788,0.0,-714857,-609174,105683,105683,28.90672866520788,0.0,-897657,-791974,105683,105683,28.90672866520788,0.0,-1080457,-974774,105683,105683,28.90672866520788,0.0,-1263257,-1157574,105683,105683,28.90672866520788,0.0,-1446057,-1340374
M4_CONFIRM_2_WINDOWS,3000,-1500,120000,208507,208507,57.03145514223195,0.0,-820490,-611983,208507,208507,57.03145514223195,0.0,-1003290,-794783,208507,208507,57.03145514223195,0.0,-1186090,-977583,208507,208507,57.03145514223195,0.0,-1368890,-1160383,208507,208507,57.03145514223195,0.0,-1551690,-1343183
M4_CONFIRM_2_WINDOWS,3000,-1000,30000,21659,21659,5.924234135667396,0.0,-493618,-471959,21659,21659,5.924234135667396,0.0,-676418,-654759,21659,21659,5.924234135667396,0.0,-859218,-837559,21659,21659,5.924234135667396,0.0,-1042018,-1020359,21659,21659,5.924234135667396,0.0,-1224818,-1203159
M4_CONFIRM_2_WINDOWS,3000,-1000,60000,55578,55578,15.201859956236325,0.0,-525369,-469791,55578,55578,15.201859956236325,0.0,-708169,-652591,55578,55578,15.201859956236325,0.0,-890969,-835391,55578,55578,15.201859956236325,0.0,-1073769,-1018191,55578,55578,15.201859956236325,0.0,-1256569,-1200991
M4_CONFIRM_2_WINDOWS,3000,-1000,120000,137875,137875,37.71198030634573,0.0,-609845,-471970,137875,137875,37.71198030634573,0.0,-792645,-654770,137875,137875,37.71198030634573,0.0,-975445,-837570,137875,137875,37.71198030634573,0.0,-1158245,-1020370,137875,137875,37.71198030634573,0.0,-1341045,-1203170
M4_CONFIRM_2_WINDOWS,3000,-700,30000,3122,3122,0.8539387308533917,0.0,-364099,-360977,3122,3122,0.8539387308533917,0.0,-546899,-543777,3122,3122,0.8539387308533917,0.0,-729699,-726577,3122,3122,0.8539387308533917,0.0,-912499,-909377,3122,3122,0.8539387308533917,0.0,-1095299,-1092177
M4_CONFIRM_2_WINDOWS,3000,-700,60000,24054,24054,6.579321663019694,0.0,-384284,-360230,24054,24054,6.579321663019694,0.0,-567084,-543030,24054,24054,6.579321663019694,0.0,-749884,-725830,24054,24054,6.579321663019694,0.0,-932684,-908630,24054,24054,6.579321663019694,0.0,-1115484,-1091430
M4_CONFIRM_2_WINDOWS,3000,-700,120000,84479,84479,23.10694748358862,0.0,-444685,-360206,84479,84479,23.10694748358862,0.0,-627485,-543006,84479,84479,23.10694748358862,0.0,-810285,-725806,84479,84479,23.10694748358862,0.0,-993085,-908606,84479,84479,23.10694748358862,0.0,-1175885,-1091406
M4_CONFIRM_2_WINDOWS,3000,-500,30000,-2127,-2127,-0.5817833698030634,0.0,-267119,-269246,-2127,-2127,-0.5817833698030634,0.0,-449919,-452046,-2127,-2127,-0.5817833698030634,0.0,-632719,-634846,-2127,-2127,-0.5817833698030634,0.0,-815519,-817646,-2127,-2127,-0.5817833698030634,0.0,-998319,-1000446
M4_CONFIRM_2_WINDOWS,3000,-500,60000,6874,6874,1.8801969365426696,0.0,-275973,-269099,6874,6874,1.8801969365426696,0.0,-458773,-451899,6874,6874,1.8801969365426696,0.0,-641573,-634699,6874,6874,1.8801969365426696,0.0,-824373,-817499,6874,6874,1.8801969365426696,0.0,-1007173,-1000299
M4_CONFIRM_2_WINDOWS,3000,-500,120000,54778,54778,14.983041575492342,0.0,-327520,-272742,54778,54778,14.983041575492342,0.0,-510320,-455542,54778,54778,14.983041575492342,0.0,-693120,-638342,54778,54778,14.983041575492342,0.0,-875920,-821142,54778,54778,14.983041575492342,0.0,-1058720,-1003942
M4_CONFIRM_2_WINDOWS,3000,-300,30000,-16582,-16582,-4.535557986870897,0.0,-149122,-165704,-16582,-16582,-4.535557986870897,0.0,-331922,-348504,-16582,-16582,-4.535557986870897,0.0,-514722,-531304,-16582,-16582,-4.535557986870897,0.0,-697522,-714104,-16582,-16582,-4.535557986870897,0.0,-880322,-896904
M4_CONFIRM_2_WINDOWS,3000,-300,60000,-18446,-18446,-5.045404814004376,0.0,-151231,-169677,-18446,-18446,-5.045404814004376,0.0,-334031,-352477,-18446,-18446,-5.045404814004376,0.0,-516831,-535277,-18446,-18446,-5.045404814004376,0.0,-699631,-718077,-18446,-18446,-5.045404814004376,0.0,-882431,-900877
M4_CONFIRM_2_WINDOWS,3000,-300,120000,-2147,-2147,-0.587253829321663,0.0,-167530,-169677,-2147,-2147,-0.587253829321663,0.0,-350330,-352477,-2147,-2147,-0.587253829321663,0.0,-533130,-535277,-2147,-2147,-0.587253829321663,0.0,-715930,-718077,-2147,-2147,-0.587253829321663,0.0,-898730,-900877
M4_CONFIRM_2_WINDOWS,3000,-200,30000,-30902,-30902,-8.452407002188183,0.0,-71437,-102339,-30902,-30902,-8.452407002188183,0.0,-254237,-285139,-30902,-30902,-8.452407002188183,0.0,-437037,-467939,-30902,-30902,-8.452407002188183,0.0,-619837,-650739,-30902,-30902,-8.452407002188183,0.0,-802637,-833539
M4_CONFIRM_2_WINDOWS,3000,-200,60000,-43768,-43768,-11.971553610503282,0.0,-66112,-109880,-43768,-43768,-11.971553610503282,0.0,-248912,-292680,-43768,-43768,-11.971553610503282,0.0,-431712,-475480,-43768,-43768,-11.971553610503282,0.0,-614512,-658280,-43768,-43768,-11.971553610503282,0.0,-797312,-841080
M4_CONFIRM_2_WINDOWS,3000,-200,120000,-43740,-43740,-11.963894967177243,0.0,-66140,-109880,-43740,-43740,-11.963894967177243,0.0,-248940,-292680,-43740,-43740,-11.963894967177243,0.0,-431740,-475480,-43740,-43740,-11.963894967177243,0.0,-614540,-658280,-43740,-43740,-11.963894967177243,0.0,-797340,-841080
M4_CONFIRM_2_WINDOWS,5000,-6000,30000,176899,176899,48.385940919037196,0.0,-1223501,-1046602,176899,176899,48.385940919037196,0.0,-1406301,-1229402,176899,176899,48.385940919037196,0.0,-1589101,-1412202,176899,176899,48.385940919037196,0.0,-1771901,-1595002,176899,176899,48.385940919037196,0.0,-1954701,-1777802
M4_CONFIRM_2_WINDOWS,5000,-6000,60000,382875,382875,104.72510940919037,0.0,-1471773,-1088898,382875,382875,104.72510940919037,0.0,-1654573,-1271698,382875,382875,104.72510940919037,0.0,-1837373,-1454498,382875,382875,104.72510940919037,0.0,-2020173,-1637298,382875,382875,104.72510940919037,0.0,-2202973,-1820098
M4_CONFIRM_2_WINDOWS,5000,-6000,120000,502200,502200,137.36323851203502,0.0,-1620038,-1117838,502200,502200,137.36323851203502,0.0,-1802838,-1300638,502200,502200,137.36323851203502,0.0,-1985638,-1483438,502200,502200,137.36323851203502,0.0,-2168438,-1666238,502200,502200,137.36323851203502,0.0,-2351238,-1849038
M4_CONFIRM_2_WINDOWS,5000,-5000,30000,160000,160000,43.7636761487965,0.0,-1155634,-995634,160000,160000,43.7636761487965,0.0,-1338434,-1178434,160000,160000,43.7636761487965,0.0,-1521234,-1361234,160000,160000,43.7636761487965,0.0,-1704034,-1544034,160000,160000,43.7636761487965,0.0,-1886834,-1726834
M4_CONFIRM_2_WINDOWS,5000,-5000,60000,363469,363469,99.41712253829321,0.0,-1401082,-1037613,363469,363469,99.41712253829321,0.0,-1583882,-1220413,363469,363469,99.41712253829321,0.0,-1766682,-1403213,363469,363469,99.41712253829321,0.0,-1949482,-1586013,363469,363469,99.41712253829321,0.0,-2132282,-1768813
M4_CONFIRM_2_WINDOWS,5000,-5000,120000,482949,482949,132.09764770240702,0.0,-1543665,-1060716,482949,482949,132.09764770240702,0.0,-1726465,-1243516,482949,482949,132.09764770240702,0.0,-1909265,-1426316,482949,482949,132.09764770240702,0.0,-2092065,-1609116,482949,482949,132.09764770240702,0.0,-2274865,-1791916
M4_CONFIRM_2_WINDOWS,5000,-3000,30000,103735,103735,28.37390590809628,0.0,-958730,-854995,103735,103735,28.37390590809628,0.0,-1141530,-1037795,103735,103735,28.37390590809628,0.0,-1324330,-1220595,103735,103735,28.37390590809628,0.0,-1507130,-1403395,103735,103735,28.37390590809628,0.0,-1689930,-1586195
M4_CONFIRM_2_WINDOWS,5000,-3000,60000,221025,221025,60.455415754923415,0.0,-1099372,-878347,221025,221025,60.455415754923415,0.0,-1282172,-1061147,221025,221025,60.455415754923415,0.0,-1464972,-1243947,221025,221025,60.455415754923415,0.0,-1647772,-1426747,221025,221025,60.455415754923415,0.0,-1830572,-1609547
M4_CONFIRM_2_WINDOWS,5000,-3000,120000,320301,320301,87.60968271334792,0.0,-1215811,-895510,320301,320301,87.60968271334792,0.0,-1398611,-1078310,320301,320301,87.60968271334792,0.0,-1581411,-1261110,320301,320301,87.60968271334792,0.0,-1764211,-1443910,320301,320301,87.60968271334792,0.0,-1947011,-1626710
M4_CONFIRM_2_WINDOWS,5000,-2000,30000,43802,43802,11.980853391684901,0.0,-726030,-682228,43802,43802,11.980853391684901,0.0,-908830,-865028,43802,43802,11.980853391684901,0.0,-1091630,-1047828,43802,43802,11.980853391684901,0.0,-1274430,-1230628,43802,43802,11.980853391684901,0.0,-1457230,-1413428
M4_CONFIRM_2_WINDOWS,5000,-2000,60000,134370,134370,36.75328227571116,0.0,-842604,-708234,134370,134370,36.75328227571116,0.0,-1025404,-891034,134370,134370,36.75328227571116,0.0,-1208204,-1073834,134370,134370,36.75328227571116,0.0,-1391004,-1256634,134370,134370,36.75328227571116,0.0,-1573804,-1439434
M4_CONFIRM_2_WINDOWS,5000,-2000,120000,221914,221914,60.69857768052516,0.0,-939442,-717528,221914,221914,60.69857768052516,0.0,-1122242,-900328,221914,221914,60.69857768052516,0.0,-1305042,-1083128,221914,221914,60.69857768052516,0.0,-1487842,-1265928,221914,221914,60.69857768052516,0.0,-1670642,-1448728
M4_CONFIRM_2_WINDOWS,5000,-1500,30000,37972,37972,10.386214442013129,0.0,-615504,-577532,37972,37972,10.386214442013129,0.0,-798304,-760332,37972,37972,10.386214442013129,0.0,-981104,-943132,37972,37972,10.386214442013129,0.0,-1163904,-1125932,37972,37972,10.386214442013129,0.0,-1346704,-1308732
M4_CONFIRM_2_WINDOWS,5000,-1500,60000,85763,85763,23.458150984682714,0.0,-677512,-591749,85763,85763,23.458150984682714,0.0,-860312,-774549,85763,85763,23.458150984682714,0.0,-1043112,-957349,85763,85763,23.458150984682714,0.0,-1225912,-1140149,85763,85763,23.458150984682714,0.0,-1408712,-1322949
M4_CONFIRM_2_WINDOWS,5000,-1500,120000,172376,172376,47.14879649890591,0.0,-772782,-600406,172376,172376,47.14879649890591,0.0,-955582,-783206,172376,172376,47.14879649890591,0.0,-1138382,-966006,172376,172376,47.14879649890591,0.0,-1321182,-1148806,172376,172376,47.14879649890591,0.0,-1503982,-1331606
M4_CONFIRM_2_WINDOWS,5000,-1000,30000,10683,10683,2.9220459518599564,0.0,-450196,-439513,10683,10683,2.9220459518599564,0.0,-632996,-622313,10683,10683,2.9220459518599564,0.0,-815796,-805113,10683,10683,2.9220459518599564,0.0,-998596,-987913,10683,10683,2.9220459518599564,0.0,-1181396,-1170713
M4_CONFIRM_2_WINDOWS,5000,-1000,60000,47489,47489,12.989332603938731,0.0,-496821,-449332,47489,47489,12.989332603938731,0.0,-679621,-632132,47489,47489,12.989332603938731,0.0,-862421,-814932,47489,47489,12.989332603938731,0.0,-1045221,-997732,47489,47489,12.989332603938731,0.0,-1228021,-1180532
M4_CONFIRM_2_WINDOWS,5000,-1000,120000,115349,115349,31.550601750547045,0.0,-571278,-455929,115349,115349,31.550601750547045,0.0,-754078,-638729,115349,115349,31.550601750547045,0.0,-936878,-821529,115349,115349,31.550601750547045,0.0,-1119678,-1004329,115349,115349,31.550601750547045,0.0,-1302478,-1187129
M4_CONFIRM_2_WINDOWS,5000,-700,30000,-9129,-9129,-2.4969912472647704,0.0,-322105,-331234,-9129,-9129,-2.4969912472647704,0.0,-504905,-514034,-9129,-9129,-2.4969912472647704,0.0,-687705,-696834,-9129,-9129,-2.4969912472647704,0.0,-870505,-879634,-9129,-9129,-2.4969912472647704,0.0,-1053305,-1062434
M4_CONFIRM_2_WINDOWS,5000,-700,60000,14444,14444,3.950765864332604,0.0,-349132,-334688,14444,14444,3.950765864332604,0.0,-531932,-517488,14444,14444,3.950765864332604,0.0,-714732,-700288,14444,14444,3.950765864332604,0.0,-897532,-883088,14444,14444,3.950765864332604,0.0,-1080332,-1065888
M4_CONFIRM_2_WINDOWS,5000,-700,120000,69809,69809,19.09436542669584,0.0,-407023,-337214,69809,69809,19.09436542669584,0.0,-589823,-520014,69809,69809,19.09436542669584,0.0,-772623,-702814,69809,69809,19.09436542669584,0.0,-955423,-885614,69809,69809,19.09436542669584,0.0,-1138223,-1068414
M4_CONFIRM_2_WINDOWS,5000,-500,30000,-12615,-12615,-3.450492341356674,0.0,-222588,-235203,-12615,-12615,-3.450492341356674,0.0,-405388,-418003,-12615,-12615,-3.450492341356674,0.0,-588188,-600803,-12615,-12615,-3.450492341356674,0.0,-770988,-783603,-12615,-12615,-3.450492341356674,0.0,-953788,-966403
M4_CONFIRM_2_WINDOWS,5000,-500,60000,-4152,-4152,-1.135667396061269,0.0,-234105,-238257,-4152,-4152,-1.135667396061269,0.0,-416905,-421057,-4152,-4152,-1.135667396061269,0.0,-599705,-603857,-4152,-4152,-1.135667396061269,0.0,-782505,-786657,-4152,-4152,-1.135667396061269,0.0,-965305,-969457
M4_CONFIRM_2_WINDOWS,5000,-500,120000,31164,31164,8.524070021881839,0.0,-271914,-240750,31164,31164,8.524070021881839,0.0,-454714,-423550,31164,31164,8.524070021881839,0.0,-637514,-606350,31164,31164,8.524070021881839,0.0,-820314,-789150,31164,31164,8.524070021881839,0.0,-1003114,-971950
M4_CONFIRM_2_WINDOWS,5000,-300,30000,-23732,-23732,-6.491247264770241,0.0,-114197,-137929,-23732,-23732,-6.491247264770241,0.0,-296997,-320729,-23732,-23732,-6.491247264770241,0.0,-479797,-503529,-23732,-23732,-6.491247264770241,0.0,-662597,-686329,-23732,-23732,-6.491247264770241,0.0,-845397,-869129
M4_CONFIRM_2_WINDOWS,5000,-300,60000,-28737,-28737,-7.860229759299781,0.0,-118498,-147235,-28737,-28737,-7.860229759299781,0.0,-301298,-330035,-28737,-28737,-7.860229759299781,0.0,-484098,-512835,-28737,-28737,-7.860229759299781,0.0,-666898,-695635,-28737,-28737,-7.860229759299781,0.0,-849698,-878435
M4_CONFIRM_2_WINDOWS,5000,-300,120000,-24757,-24757,-6.771608315098468,0.0,-121328,-146085,-24757,-24757,-6.771608315098468,0.0,-304128,-328885,-24757,-24757,-6.771608315098468,0.0,-486928,-511685,-24757,-24757,-6.771608315098468,0.0,-669728,-694485,-24757,-24757,-6.771608315098468,0.0,-852528,-877285
M4_CONFIRM_2_WINDOWS,5000,-200,30000,-36405,-36405,-9.957603938730854,0.0,-37859,-74264,-36405,-36405,-9.957603938730854,0.0,-220659,-257064,-36405,-36405,-9.957603938730854,0.0,-403459,-439864,-36405,-36405,-9.957603938730854,0.0,-586259,-622664,-36405,-36405,-9.957603938730854,0.0,-769059,-805464
M4_CONFIRM_2_WINDOWS,5000,-200,60000,-51215,-51215,-14.00847921225383,0.0,-39188,-90403,-51215,-51215,-14.00847921225383,0.0,-221988,-273203,-51215,-51215,-14.00847921225383,0.0,-404788,-456003,-51215,-51215,-14.00847921225383,0.0,-587588,-638803,-51215,-51215,-14.00847921225383,0.0,-770388,-821603
M4_CONFIRM_2_WINDOWS,5000,-200,120000,-64106,-64106,-17.53446389496718,0.0,-25382,-89488,-64106,-64106,-17.53446389496718,0.0,-208182,-272288,-64106,-64106,-17.53446389496718,0.0,-390982,-455088,-64106,-64106,-17.53446389496718,0.0,-573782,-637888,-64106,-64106,-17.53446389496718,0.0,-756582,-820688
M4_CONFIRM_2_WINDOWS,6000,-6000,30000,166851,166851,45.63758205689278,0.0,-1217033,-1050182,166851,166851,45.63758205689278,0.0,-1399833,-1232982,166851,166851,45.63758205689278,0.0,-1582633,-1415782,166851,166851,45.63758205689278,0.0,-1765433,-1598582,166851,166851,45.63758205689278,0.0,-1948233,-1781382
M4_CONFIRM_2_WINDOWS,6000,-6000,60000,373194,373194,102.07713347921225,0.0,-1477063,-1103869,373194,373194,102.07713347921225,0.0,-1659863,-1286669,373194,373194,102.07713347921225,0.0,-1842663,-1469469,373194,373194,102.07713347921225,0.0,-2025463,-1652269,373194,373194,102.07713347921225,0.0,-2208263,-1835069
M4_CONFIRM_2_WINDOWS,6000,-6000,120000,479949,479949,131.27707877461708,0.0,-1626770,-1146821,479949,479949,131.27707877461708,0.0,-1809570,-1329621,479949,479949,131.27707877461708,0.0,-1992370,-1512421,479949,479949,131.27707877461708,0.0,-2175170,-1695221,479949,479949,131.27707877461708,0.0,-2357970,-1878021
M4_CONFIRM_2_WINDOWS,6000,-5000,30000,149952,149952,41.01531728665208,0.0,-1148166,-998214,149952,149952,41.01531728665208,0.0,-1330966,-1181014,149952,149952,41.01531728665208,0.0,-1513766,-1363814,149952,149952,41.01531728665208,0.0,-1696566,-1546614,149952,149952,41.01531728665208,0.0,-1879366,-1729414
M4_CONFIRM_2_WINDOWS,6000,-5000,60000,353699,353699,96.74480306345733,0.0,-1406283,-1052584,353699,353699,96.74480306345733,0.0,-1589083,-1235384,353699,353699,96.74480306345733,0.0,-1771883,-1418184,353699,353699,96.74480306345733,0.0,-1954683,-1600984,353699,353699,96.74480306345733,0.0,-2137483,-1783784
M4_CONFIRM_2_WINDOWS,6000,-5000,120000,461740,461740,126.2964989059081,0.0,-1550439,-1088699,461740,461740,126.2964989059081,0.0,-1733239,-1271499,461740,461740,126.2964989059081,0.0,-1916039,-1454299,461740,461740,126.2964989059081,0.0,-2098839,-1637099,461740,461740,126.2964989059081,0.0,-2281639,-1819899
M4_CONFIRM_2_WINDOWS,6000,-3000,30000,95687,95687,26.172592997811815,0.0,-955612,-859925,95687,95687,26.172592997811815,0.0,-1138412,-1042725,95687,95687,26.172592997811815,0.0,-1321212,-1225525,95687,95687,26.172592997811815,0.0,-1504012,-1408325,95687,95687,26.172592997811815,0.0,-1686812,-1591125
M4_CONFIRM_2_WINDOWS,6000,-3000,60000,213446,213446,58.38238512035011,0.0,-1101696,-888250,213446,213446,58.38238512035011,0.0,-1284496,-1071050,213446,213446,58.38238512035011,0.0,-1467296,-1253850,213446,213446,58.38238512035011,0.0,-1650096,-1436650,213446,213446,58.38238512035011,0.0,-1832896,-1619450
M4_CONFIRM_2_WINDOWS,6000,-3000,120000,305944,305944,83.68271334792122,0.0,-1223321,-917377,305944,305944,83.68271334792122,0.0,-1406121,-1100177,305944,305944,83.68271334792122,0.0,-1588921,-1282977,305944,305944,83.68271334792122,0.0,-1771721,-1465777,305944,305944,83.68271334792122,0.0,-1954521,-1648577
M4_CONFIRM_2_WINDOWS,6000,-2000,30000,35754,35754,9.779540481400439,0.0,-725474,-689720,35754,35754,9.779540481400439,0.0,-908274,-872520,35754,35754,9.779540481400439,0.0,-1091074,-1055320,35754,35754,9.779540481400439,0.0,-1273874,-1238120,35754,35754,9.779540481400439,0.0,-1456674,-1420920
M4_CONFIRM_2_WINDOWS,6000,-2000,60000,124302,124302,33.99945295404814,0.0,-845556,-721254,124302,124302,33.99945295404814,0.0,-1028356,-904054,124302,124302,33.99945295404814,0.0,-1211156,-1086854,124302,124302,33.99945295404814,0.0,-1393956,-1269654,124302,124302,33.99945295404814,0.0,-1576756,-1452454
M4_CONFIRM_2_WINDOWS,6000,-2000,120000,216621,216621,59.25082056892779,0.0,-953169,-736548,216621,216621,59.25082056892779,0.0,-1135969,-919348,216621,216621,59.25082056892779,0.0,-1318769,-1102148,216621,216621,59.25082056892779,0.0,-1501569,-1284948,216621,216621,59.25082056892779,0.0,-1684369,-1467748
M4_CONFIRM_2_WINDOWS,6000,-1500,30000,31908,31908,8.727571115973742,0.0,-622926,-591018,31908,31908,8.727571115973742,0.0,-805726,-773818,31908,31908,8.727571115973742,0.0,-988526,-956618,31908,31908,8.727571115973742,0.0,-1171326,-1139418,31908,31908,8.727571115973742,0.0,-1354126,-1322218
M4_CONFIRM_2_WINDOWS,6000,-1500,60000,81532,81532,22.300875273522976,0.0,-691295,-609763,81532,81532,22.300875273522976,0.0,-874095,-792563,81532,81532,22.300875273522976,0.0,-1056895,-975363,81532,81532,22.300875273522976,0.0,-1239695,-1158163,81532,81532,22.300875273522976,0.0,-1422495,-1340963
M4_CONFIRM_2_WINDOWS,6000,-1500,120000,171219,171219,46.832330415754925,0.0,-795139,-623920,171219,171219,46.832330415754925,0.0,-977939,-806720,171219,171219,46.832330415754925,0.0,-1160739,-989520,171219,171219,46.832330415754925,0.0,-1343539,-1172320,171219,171219,46.832330415754925,0.0,-1526339,-1355120
M4_CONFIRM_2_WINDOWS,6000,-1000,30000,5619,5619,1.536925601750547,0.0,-452118,-446499,5619,5619,1.536925601750547,0.0,-634918,-629299,5619,5619,1.536925601750547,0.0,-817718,-812099,5619,5619,1.536925601750547,0.0,-1000518,-994899,5619,5619,1.536925601750547,0.0,-1183318,-1177699
M4_CONFIRM_2_WINDOWS,6000,-1000,60000,45309,45309,12.393052516411379,0.0,-506155,-460846,45309,45309,12.393052516411379,0.0,-688955,-643646,45309,45309,12.393052516411379,0.0,-871755,-826446,45309,45309,12.393052516411379,0.0,-1054555,-1009246,45309,45309,12.393052516411379,0.0,-1237355,-1192046
M4_CONFIRM_2_WINDOWS,6000,-1000,120000,105345,105345,28.814277899343544,0.0,-577788,-472443,105345,105345,28.814277899343544,0.0,-760588,-655243,105345,105345,28.814277899343544,0.0,-943388,-838043,105345,105345,28.814277899343544,0.0,-1126188,-1020843,105345,105345,28.814277899343544,0.0,-1308988,-1203643
M4_CONFIRM_2_WINDOWS,6000,-700,30000,-14193,-14193,-3.8821115973741795,0.0,-324427,-338620,-14193,-14193,-3.8821115973741795,0.0,-507227,-521420,-14193,-14193,-3.8821115973741795,0.0,-690027,-704220,-14193,-14193,-3.8821115973741795,0.0,-872827,-887020,-14193,-14193,-3.8821115973741795,0.0,-1055627,-1069820
M4_CONFIRM_2_WINDOWS,6000,-700,60000,12857,12857,3.5166849015317285,0.0,-359859,-347002,12857,12857,3.5166849015317285,0.0,-542659,-529802,12857,12857,3.5166849015317285,0.0,-725459,-712602,12857,12857,3.5166849015317285,0.0,-908259,-895402,12857,12857,3.5166849015317285,0.0,-1091059,-1078202
M4_CONFIRM_2_WINDOWS,6000,-700,120000,60079,60079,16.432986870897157,0.0,-414307,-354228,60079,60079,16.432986870897157,0.0,-597107,-537028,60079,60079,16.432986870897157,0.0,-779907,-719828,60079,60079,16.432986870897157,0.0,-962707,-902628,60079,60079,16.432986870897157,0.0,-1145507,-1085428
M4_CONFIRM_2_WINDOWS,6000,-500,30000,-16679,-16679,-4.562089715536105,0.0,-225510,-242189,-16679,-16679,-4.562089715536105,0.0,-408310,-424989,-16679,-16679,-4.562089715536105,0.0,-591110,-607789,-16679,-16679,-4.562089715536105,0.0,-773910,-790589,-16679,-16679,-4.562089715536105,0.0,-956710,-973389
M4_CONFIRM_2_WINDOWS,6000,-500,60000,-5534,-5534,-1.513676148796499,0.0,-244237,-249771,-5534,-5534,-1.513676148796499,0.0,-427037,-432571,-5534,-5534,-1.513676148796499,0.0,-609837,-615371,-5534,-5534,-1.513676148796499,0.0,-792637,-798171,-5534,-5534,-1.513676148796499,0.0,-975437,-980971
M4_CONFIRM_2_WINDOWS,6000,-500,120000,22728,22728,6.216630196936543,0.0,-279492,-256764,22728,22728,6.216630196936543,0.0,-462292,-439564,22728,22728,6.216630196936543,0.0,-645092,-622364,22728,22728,6.216630196936543,0.0,-827892,-805164,22728,22728,6.216630196936543,0.0,-1010692,-987964
M4_CONFIRM_2_WINDOWS,6000,-300,30000,-26796,-26796,-7.329321663019694,0.0,-118870,-145666,-26796,-26796,-7.329321663019694,0.0,-301670,-328466,-26796,-26796,-7.329321663019694,0.0,-484470,-511266,-26796,-26796,-7.329321663019694,0.0,-667270,-694066,-26796,-26796,-7.329321663019694,0.0,-850070,-876866
M4_CONFIRM_2_WINDOWS,6000,-300,60000,-35754,-35754,-9.779540481400439,0.0,-119771,-155525,-35754,-35754,-9.779540481400439,0.0,-302571,-338325,-35754,-35754,-9.779540481400439,0.0,-485371,-521125,-35754,-35754,-9.779540481400439,0.0,-668171,-703925,-35754,-35754,-9.779540481400439,0.0,-850971,-886725
M4_CONFIRM_2_WINDOWS,6000,-300,120000,-37087,-37087,-10.144146608315099,0.0,-121588,-158675,-37087,-37087,-10.144146608315099,0.0,-304388,-341475,-37087,-37087,-10.144146608315099,0.0,-487188,-524275,-37087,-37087,-10.144146608315099,0.0,-669988,-707075,-37087,-37087,-10.144146608315099,0.0,-852788,-889875
M4_CONFIRM_2_WINDOWS,6000,-200,30000,-38469,-38469,-10.522155361050329,0.0,-44578,-83047,-38469,-38469,-10.522155361050329,0.0,-227378,-265847,-38469,-38469,-10.522155361050329,0.0,-410178,-448647,-38469,-38469,-10.522155361050329,0.0,-592978,-631447,-38469,-38469,-10.522155361050329,0.0,-775778,-814247
M4_CONFIRM_2_WINDOWS,6000,-200,60000,-57267,-57267,-15.663840262582056,0.0,-41026,-98293,-57267,-57267,-15.663840262582056,0.0,-223826,-281093,-57267,-57267,-15.663840262582056,0.0,-406626,-463893,-57267,-57267,-15.663840262582056,0.0,-589426,-646693,-57267,-57267,-15.663840262582056,0.0,-772226,-829493
M4_CONFIRM_2_WINDOWS,6000,-200,120000,-78968,-78968,-21.599562363238512,0.0,-18410,-97378,-78968,-78968,-21.599562363238512,0.0,-201210,-280178,-78968,-78968,-21.599562363238512,0.0,-384010,-462978,-78968,-78968,-21.599562363238512,0.0,-566810,-645778,-78968,-78968,-21.599562363238512,0.0,-749610,-828578
M4_CONFIRM_2_WINDOWS,7500,-6000,30000,165340,165340,45.22428884026258,0.0,-1204921,-1039581,165340,165340,45.22428884026258,0.0,-1387721,-1222381,165340,165340,45.22428884026258,0.0,-1570521,-1405181,165340,165340,45.22428884026258,0.0,-1753321,-1587981,165340,165340,45.22428884026258,0.0,-1936121,-1770781
M4_CONFIRM_2_WINDOWS,7500,-6000,60000,422312,422312,115.51203501094092,0.0,-1508523,-1086211,422312,422312,115.51203501094092,0.0,-1691323,-1269011,422312,422312,115.51203501094092,0.0,-1874123,-1451811,422312,422312,115.51203501094092,0.0,-2056923,-1634611,422312,422312,115.51203501094092,0.0,-2239723,-1817411
M4_CONFIRM_2_WINDOWS,7500,-6000,120000,520013,520013,142.23550328227572,0.0,-1665810,-1145797,520013,520013,142.23550328227572,0.0,-1848610,-1328597,520013,520013,142.23550328227572,0.0,-2031410,-1511397,520013,520013,142.23550328227572,0.0,-2214210,-1694197,520013,520013,142.23550328227572,0.0,-2397010,-1876997
M4_CONFIRM_2_WINDOWS,7500,-5000,30000,148441,148441,40.60202407002188,0.0,-1136054,-987613,148441,148441,40.60202407002188,0.0,-1318854,-1170413,148441,148441,40.60202407002188,0.0,-1501654,-1353213,148441,148441,40.60202407002188,0.0,-1684454,-1536013,148441,148441,40.60202407002188,0.0,-1867254,-1718813
M4_CONFIRM_2_WINDOWS,7500,-5000,60000,391866,391866,107.18435448577681,0.0,-1427292,-1035426,391866,391866,107.18435448577681,0.0,-1610092,-1218226,391866,391866,107.18435448577681,0.0,-1792892,-1401026,391866,391866,107.18435448577681,0.0,-1975692,-1583826,391866,391866,107.18435448577681,0.0,-2158492,-1766626
M4_CONFIRM_2_WINDOWS,7500,-5000,120000,501255,501255,137.1047592997812,0.0,-1588430,-1087175,501255,501255,137.1047592997812,0.0,-1771230,-1269975,501255,501255,137.1047592997812,0.0,-1954030,-1452775,501255,501255,137.1047592997812,0.0,-2136830,-1635575,501255,501255,137.1047592997812,0.0,-2319630,-1818375
M4_CONFIRM_2_WINDOWS,7500,-3000,30000,97176,97176,26.579868708971553,0.0,-943353,-846177,97176,97176,26.579868708971553,0.0,-1126153,-1028977,97176,97176,26.579868708971553,0.0,-1308953,-1211777,97176,97176,26.579868708971553,0.0,-1491753,-1394577,97176,97176,26.579868708971553,0.0,-1674553,-1577377
M4_CONFIRM_2_WINDOWS,7500,-3000,60000,250048,250048,68.39387308533917,0.0,-1124787,-874739,250048,250048,68.39387308533917,0.0,-1307587,-1057539,250048,250048,68.39387308533917,0.0,-1490387,-1240339,250048,250048,68.39387308533917,0.0,-1673187,-1423139,250048,250048,68.39387308533917,0.0,-1855987,-1605939
M4_CONFIRM_2_WINDOWS,7500,-3000,120000,342003,342003,93.5456783369803,0.0,-1262856,-920853,342003,342003,93.5456783369803,0.0,-1445656,-1103653,342003,342003,93.5456783369803,0.0,-1628456,-1286453,342003,342003,93.5456783369803,0.0,-1811256,-1469253,342003,342003,93.5456783369803,0.0,-1994056,-1652053
M4_CONFIRM_2_WINDOWS,7500,-2000,30000,37243,37243,10.186816192560174,0.0,-718215,-680972,37243,37243,10.186816192560174,0.0,-901015,-863772,37243,37243,10.186816192560174,0.0,-1083815,-1046572,37243,37243,10.186816192560174,0.0,-1266615,-1229372,37243,37243,10.186816192560174,0.0,-1449415,-1412172
M4_CONFIRM_2_WINDOWS,7500,-2000,60000,157404,157404,43.05361050328228,0.0,-869147,-711743,157404,157404,43.05361050328228,0.0,-1051947,-894543,157404,157404,43.05361050328228,0.0,-1234747,-1077343,157404,157404,43.05361050328228,0.0,-1417547,-1260143,157404,157404,43.05361050328228,0.0,-1600347,-1442943
M4_CONFIRM_2_WINDOWS,7500,-2000,120000,247862,247862,67.79595185995623,0.0,-994428,-746566,247862,247862,67.79595185995623,0.0,-1177228,-929366,247862,247862,67.79595185995623,0.0,-1360028,-1112166,247862,247862,67.79595185995623,0.0,-1542828,-1294966,247862,247862,67.79595185995623,0.0,-1725628,-1477766
M4_CONFIRM_2_WINDOWS,7500,-1500,30000,32508,32508,8.891684901531729,0.0,-618297,-585789,32508,32508,8.891684901531729,0.0,-801097,-768589,32508,32508,8.891684901531729,0.0,-983897,-951389,32508,32508,8.891684901531729,0.0,-1166697,-1134189,32508,32508,8.891684901531729,0.0,-1349497,-1316989
M4_CONFIRM_2_WINDOWS,7500,-1500,60000,89634,89634,24.51695842450766,0.0,-693386,-603752,89634,89634,24.51695842450766,0.0,-876186,-786552,89634,89634,24.51695842450766,0.0,-1058986,-969352,89634,89634,24.51695842450766,0.0,-1241786,-1152152,89634,89634,24.51695842450766,0.0,-1424586,-1334952
M4_CONFIRM_2_WINDOWS,7500,-1500,120000,181680,181680,49.693654266958426,0.0,-818118,-636438,181680,181680,49.693654266958426,0.0,-1000918,-819238,181680,181680,49.693654266958426,0.0,-1183718,-1002038,181680,181680,49.693654266958426,0.0,-1366518,-1184838,181680,181680,49.693654266958426,0.0,-1549318,-1367638
M4_CONFIRM_2_WINDOWS,7500,-1000,30000,6411,6411,1.7535557986870898,0.0,-445740,-439329,6411,6411,1.7535557986870898,0.0,-628540,-622129,6411,6411,1.7535557986870898,0.0,-811340,-804929,6411,6411,1.7535557986870898,0.0,-994140,-987729,6411,6411,1.7535557986870898,0.0,-1176940,-1170529
M4_CONFIRM_2_WINDOWS,7500,-1000,60000,53319,53319,14.583971553610503,0.0,-506711,-453392,53319,53319,14.583971553610503,0.0,-689511,-636192,53319,53319,14.583971553610503,0.0,-872311,-818992,53319,53319,14.583971553610503,0.0,-1055111,-1001792,53319,53319,14.583971553610503,0.0,-1237911,-1184592
M4_CONFIRM_2_WINDOWS,7500,-1000,120000,118858,118858,32.51039387308534,0.0,-604819,-485961,118858,118858,32.51039387308534,0.0,-787619,-668761,118858,118858,32.51039387308534,0.0,-970419,-851561,118858,118858,32.51039387308534,0.0,-1153219,-1034361,118858,118858,32.51039387308534,0.0,-1336019,-1217161
M4_CONFIRM_2_WINDOWS,7500,-700,30000,-13500,-13500,-3.692560175054705,0.0,-317843,-331343,-13500,-13500,-3.692560175054705,0.0,-500643,-514143,-13500,-13500,-3.692560175054705,0.0,-683443,-696943,-13500,-13500,-3.692560175054705,0.0,-866243,-879743,-13500,-13500,-3.692560175054705,0.0,-1049043,-1062543
M4_CONFIRM_2_WINDOWS,7500,-700,60000,26139,26139,7.149617067833698,0.0,-358886,-332747,26139,26139,7.149617067833698,0.0,-541686,-515547,26139,26139,7.149617067833698,0.0,-724486,-698347,26139,26139,7.149617067833698,0.0,-907286,-881147,26139,26139,7.149617067833698,0.0,-1090086,-1063947
M4_CONFIRM_2_WINDOWS,7500,-700,120000,79292,79292,21.688183807439824,0.0,-432285,-352993,79292,79292,21.688183807439824,0.0,-615085,-535793,79292,79292,21.688183807439824,0.0,-797885,-718593,79292,79292,21.688183807439824,0.0,-980685,-901393,79292,79292,21.688183807439824,0.0,-1163485,-1084193
M4_CONFIRM_2_WINDOWS,7500,-500,30000,-14686,-14686,-4.016958424507659,0.0,-220026,-234712,-14686,-14686,-4.016958424507659,0.0,-402826,-417512,-14686,-14686,-4.016958424507659,0.0,-585626,-600312,-14686,-14686,-4.016958424507659,0.0,-768426,-783112,-14686,-14686,-4.016958424507659,0.0,-951226,-965912
M4_CONFIRM_2_WINDOWS,7500,-500,60000,10148,10148,2.7757111597374178,0.0,-245464,-235316,10148,10148,2.7757111597374178,0.0,-428264,-418116,10148,10148,2.7757111597374178,0.0,-611064,-600916,10148,10148,2.7757111597374178,0.0,-793864,-783716,10148,10148,2.7757111597374178,0.0,-976664,-966516
M4_CONFIRM_2_WINDOWS,7500,-500,120000,45470,45470,12.437089715536105,0.0,-300399,-254929,45470,45470,12.437089715536105,0.0,-483199,-437729,45470,45470,12.437089715536105,0.0,-665999,-620529,45470,45470,12.437089715536105,0.0,-848799,-803329,45470,45470,12.437089715536105,0.0,-1031599,-986129
M4_CONFIRM_2_WINDOWS,7500,-300,30000,-25081,-25081,-6.860229759299781,0.0,-114408,-139489,-25081,-25081,-6.860229759299781,0.0,-297208,-322289,-25081,-25081,-6.860229759299781,0.0,-480008,-505089,-25081,-25081,-6.860229759299781,0.0,-662808,-687889,-25081,-25081,-6.860229759299781,0.0,-845608,-870689
M4_CONFIRM_2_WINDOWS,7500,-300,60000,-29604,-29604,-8.097374179431073,0.0,-110949,-140553,-29604,-29604,-8.097374179431073,0.0,-293749,-323353,-29604,-29604,-8.097374179431073,0.0,-476549,-506153,-29604,-29604,-8.097374179431073,0.0,-659349,-688953,-29604,-29604,-8.097374179431073,0.0,-842149,-871753
M4_CONFIRM_2_WINDOWS,7500,-300,120000,-26825,-26825,-7.337253829321663,0.0,-118315,-145140,-26825,-26825,-7.337253829321663,0.0,-301115,-327940,-26825,-26825,-7.337253829321663,0.0,-483915,-510740,-26825,-26825,-7.337253829321663,0.0,-666715,-693540,-26825,-26825,-7.337253829321663,0.0,-849515,-876340
M4_CONFIRM_2_WINDOWS,7500,-200,30000,-35354,-35354,-9.670131291028447,0.0,-41416,-76770,-35354,-35354,-9.670131291028447,0.0,-224216,-259570,-35354,-35354,-9.670131291028447,0.0,-407016,-442370,-35354,-35354,-9.670131291028447,0.0,-589816,-625170,-35354,-35354,-9.670131291028447,0.0,-772616,-807970
M4_CONFIRM_2_WINDOWS,7500,-200,60000,-49817,-49817,-13.62609409190372,0.0,-33404,-83221,-49817,-49817,-13.62609409190372,0.0,-216204,-266021,-49817,-49817,-13.62609409190372,0.0,-399004,-448821,-49817,-49817,-13.62609409190372,0.0,-581804,-631621,-49817,-49817,-13.62609409190372,0.0,-764604,-814421
M4_CONFIRM_2_WINDOWS,7500,-200,120000,-67706,-67706,-18.519146608315097,0.0,-14600,-82306,-67706,-67706,-18.519146608315097,0.0,-197400,-265106,-67706,-67706,-18.519146608315097,0.0,-380200,-447906,-67706,-67706,-18.519146608315097,0.0,-563000,-630706,-67706,-67706,-18.519146608315097,0.0,-745800,-813506
M4_CONFIRM_2_WINDOWS,10000,-6000,30000,151213,151213,41.360229759299784,0.0,-1170690,-1019477,151213,151213,41.360229759299784,0.0,-1353490,-1202277,151213,151213,41.360229759299784,0.0,-1536290,-1385077,151213,151213,41.360229759299784,0.0,-1719090,-1567877,151213,151213,41.360229759299784,0.0,-1901890,-1750677
M4_CONFIRM_2_WINDOWS,10000,-6000,60000,406122,406122,111.08369803063458,0.0,-1492785,-1086663,406122,406122,111.08369803063458,0.0,-1675585,-1269463,406122,406122,111.08369803063458,0.0,-1858385,-1452263,406122,406122,111.08369803063458,0.0,-2041185,-1635063,406122,406122,111.08369803063458,0.0,-2223985,-1817863
M4_CONFIRM_2_WINDOWS,10000,-6000,120000,439644,439644,120.2527352297593,0.0,-1561555,-1121911,439644,439644,120.2527352297593,0.0,-1744355,-1304711,439644,439644,120.2527352297593,0.0,-1927155,-1487511,439644,439644,120.2527352297593,0.0,-2109955,-1670311,439644,439644,120.2527352297593,0.0,-2292755,-1853111
M4_CONFIRM_2_WINDOWS,10000,-5000,30000,134314,134314,36.73796498905908,0.0,-1100823,-966509,134314,134314,36.73796498905908,0.0,-1283623,-1149309,134314,134314,36.73796498905908,0.0,-1466423,-1332109,134314,134314,36.73796498905908,0.0,-1649223,-1514909,134314,134314,36.73796498905908,0.0,-1832023,-1697709
M4_CONFIRM_2_WINDOWS,10000,-5000,60000,374676,374676,102.48249452954047,0.0,-1405965,-1031289,374676,374676,102.48249452954047,0.0,-1588765,-1214089,374676,374676,102.48249452954047,0.0,-1771565,-1396889,374676,374676,102.48249452954047,0.0,-1954365,-1579689,374676,374676,102.48249452954047,0.0,-2137165,-1762489
M4_CONFIRM_2_WINDOWS,10000,-5000,120000,423494,423494,115.83533916849015,0.0,-1500456,-1076962,423494,423494,115.83533916849015,0.0,-1683256,-1259762,423494,423494,115.83533916849015,0.0,-1866056,-1442562,423494,423494,115.83533916849015,0.0,-2048856,-1625362,423494,423494,115.83533916849015,0.0,-2231656,-1808162
M4_CONFIRM_2_WINDOWS,10000,-3000,30000,88049,88049,24.083424507658645,0.0,-905622,-817573,88049,88049,24.083424507658645,0.0,-1088422,-1000373,88049,88049,24.083424507658645,0.0,-1271222,-1183173,88049,88049,24.083424507658645,0.0,-1454022,-1365973,88049,88049,24.083424507658645,0.0,-1636822,-1548773
M4_CONFIRM_2_WINDOWS,10000,-3000,60000,238358,238358,65.19638949671773,0.0,-1101960,-863602,238358,238358,65.19638949671773,0.0,-1284760,-1046402,238358,238358,65.19638949671773,0.0,-1467560,-1229202,238358,238358,65.19638949671773,0.0,-1650360,-1412002,238358,238358,65.19638949671773,0.0,-1833160,-1594802
M4_CONFIRM_2_WINDOWS,10000,-3000,120000,281757,281757,77.06701312910285,0.0,-1188397,-906640,281757,281757,77.06701312910285,0.0,-1371197,-1089440,281757,281757,77.06701312910285,0.0,-1553997,-1272240,281757,281757,77.06701312910285,0.0,-1736797,-1455040,281757,281757,77.06701312910285,0.0,-1919597,-1637840
M4_CONFIRM_2_WINDOWS,10000,-2000,30000,28116,28116,7.690371991247265,0.0,-690484,-662368,28116,28116,7.690371991247265,0.0,-873284,-845168,28116,28116,7.690371991247265,0.0,-1056084,-1027968,28116,28116,7.690371991247265,0.0,-1238884,-1210768,28116,28116,7.690371991247265,0.0,-1421684,-1393568
M4_CONFIRM_2_WINDOWS,10000,-2000,60000,147214,147214,40.2664113785558,0.0,-856820,-709606,147214,147214,40.2664113785558,0.0,-1039620,-892406,147214,147214,40.2664113785558,0.0,-1222420,-1075206,147214,147214,40.2664113785558,0.0,-1405220,-1258006,147214,147214,40.2664113785558,0.0,-1588020,-1440806
M4_CONFIRM_2_WINDOWS,10000,-2000,120000,203304,203304,55.608315098468275,0.0,-943657,-740353,203304,203304,55.608315098468275,0.0,-1126457,-923153,203304,203304,55.608315098468275,0.0,-1309257,-1105953,203304,203304,55.608315098468275,0.0,-1492057,-1288753,203304,203304,55.608315098468275,0.0,-1674857,-1471553
M4_CONFIRM_2_WINDOWS,10000,-1500,30000,23381,23381,6.395240700218818,0.0,-598170,-574789,23381,23381,6.395240700218818,0.0,-780970,-757589,23381,23381,6.395240700218818,0.0,-963770,-940389,23381,23381,6.395240700218818,0.0,-1146570,-1123189,23381,23381,6.395240700218818,0.0,-1329370,-1305989
M4_CONFIRM_2_WINDOWS,10000,-1500,60000,78944,78944,21.592997811816193,0.0,-683170,-604226,78944,78944,21.592997811816193,0.0,-865970,-787026,78944,78944,21.592997811816193,0.0,-1048770,-969826,78944,78944,21.592997811816193,0.0,-1231570,-1152626,78944,78944,21.592997811816193,0.0,-1414370,-1335426
M4_CONFIRM_2_WINDOWS,10000,-1500,120000,146622,146622,40.104485776805255,0.0,-777633,-631011,146622,146622,40.104485776805255,0.0,-960433,-813811,146622,146622,40.104485776805255,0.0,-1143233,-996611,146622,146622,40.104485776805255,0.0,-1326033,-1179411,146622,146622,40.104485776805255,0.0,-1508833,-1362211
M4_CONFIRM_2_WINDOWS,10000,-1000,30000,-2716,-2716,-0.7428884026258206,0.0,-425113,-427829,-2716,-2716,-0.7428884026258206,0.0,-607913,-610629,-2716,-2716,-0.7428884026258206,0.0,-790713,-793429,-2716,-2716,-0.7428884026258206,0.0,-973513,-976229,-2716,-2716,-0.7428884026258206,0.0,-1156313,-1159029
M4_CONFIRM_2_WINDOWS,10000,-1000,60000,44539,44539,12.182439824945295,0.0,-497257,-452718,44539,44539,12.182439824945295,0.0,-680057,-635518,44539,44539,12.182439824945295,0.0,-862857,-818318,44539,44539,12.182439824945295,0.0,-1045657,-1001118,44539,44539,12.182439824945295,0.0,-1228457,-1183918
M4_CONFIRM_2_WINDOWS,10000,-1000,120000,87371,87371,23.897975929978116,0.0,-567469,-480098,87371,87371,23.897975929978116,0.0,-750269,-662898,87371,87371,23.897975929978116,0.0,-933069,-845698,87371,87371,23.897975929978116,0.0,-1115869,-1028498,87371,87371,23.897975929978116,0.0,-1298669,-1211298
M4_CONFIRM_2_WINDOWS,10000,-700,30000,-22627,-22627,-6.189004376367615,0.0,-296916,-319543,-22627,-22627,-6.189004376367615,0.0,-479716,-502343,-22627,-22627,-6.189004376367615,0.0,-662516,-685143,-22627,-22627,-6.189004376367615,0.0,-845316,-867943,-22627,-22627,-6.189004376367615,0.0,-1028116,-1050743
M4_CONFIRM_2_WINDOWS,10000,-700,60000,17059,17059,4.666028446389497,0.0,-348532,-331473,17059,17059,4.666028446389497,0.0,-531332,-514273,17059,17059,4.666028446389497,0.0,-714132,-697073,17059,17059,4.666028446389497,0.0,-896932,-879873,17059,17059,4.666028446389497,0.0,-1079732,-1062673
M4_CONFIRM_2_WINDOWS,10000,-700,120000,58913,58913,16.1140590809628,0.0,-405443,-346530,58913,58913,16.1140590809628,0.0,-588243,-529330,58913,58913,16.1140590809628,0.0,-771043,-712130,58913,58913,16.1140590809628,0.0,-953843,-894930,58913,58913,16.1140590809628,0.0,-1136643,-1077730
M4_CONFIRM_2_WINDOWS,10000,-500,30000,-21313,-21313,-5.829595185995624,0.0,-201399,-222712,-21313,-21313,-5.829595185995624,0.0,-384199,-405512,-21313,-21313,-5.829595185995624,0.0,-566999,-588312,-21313,-21313,-5.829595185995624,0.0,-749799,-771112,-21313,-21313,-5.829595185995624,0.0,-932599,-953912
M4_CONFIRM_2_WINDOWS,10000,-500,60000,5868,5868,1.6050328227571116,0.0,-239510,-233642,5868,5868,1.6050328227571116,0.0,-422310,-416442,5868,5868,1.6050328227571116,0.0,-605110,-599242,5868,5868,1.6050328227571116,0.0,-787910,-782042,5868,5868,1.6050328227571116,0.0,-970710,-964842
M4_CONFIRM_2_WINDOWS,10000,-500,120000,32391,32391,8.85968271334792,0.0,-280457,-248066,32391,32391,8.85968271334792,0.0,-463257,-430866,32391,32391,8.85968271334792,0.0,-646057,-613666,32391,32391,8.85968271334792,0.0,-828857,-796466,32391,32391,8.85968271334792,0.0,-1011657,-979266
M4_CONFIRM_2_WINDOWS,10000,-300,30000,-31708,-31708,-8.672866520787746,0.0,-98081,-129789,-31708,-31708,-8.672866520787746,0.0,-280881,-312589,-31708,-31708,-8.672866520787746,0.0,-463681,-495389,-31708,-31708,-8.672866520787746,0.0,-646481,-678189,-31708,-31708,-8.672866520787746,0.0,-829281,-860989
M4_CONFIRM_2_WINDOWS,10000,-300,60000,-34084,-34084,-9.322757111597374,0.0,-106895,-140979,-34084,-34084,-9.322757111597374,0.0,-289695,-323779,-34084,-34084,-9.322757111597374,0.0,-472495,-506579,-34084,-34084,-9.322757111597374,0.0,-655295,-689379,-34084,-34084,-9.322757111597374,0.0,-838095,-872179
M4_CONFIRM_2_WINDOWS,10000,-300,120000,-38775,-38775,-10.605853391684901,0.0,-101602,-140377,-38775,-38775,-10.605853391684901,0.0,-284402,-323177,-38775,-38775,-10.605853391684901,0.0,-467202,-505977,-38775,-38775,-10.605853391684901,0.0,-650002,-688777,-38775,-38775,-10.605853391684901,0.0,-832802,-871577
M4_CONFIRM_2_WINDOWS,10000,-200,30000,-40354,-40354,-11.037746170678338,0.0,-26616,-66970,-40354,-40354,-11.037746170678338,0.0,-209416,-249770,-40354,-40354,-11.037746170678338,0.0,-392216,-432570,-40354,-40354,-11.037746170678338,0.0,-575016,-615370,-40354,-40354,-11.037746170678338,0.0,-757816,-798170
M4_CONFIRM_2_WINDOWS,10000,-200,60000,-51897,-51897,-14.195021881838075,0.0,-31550,-83447,-51897,-51897,-14.195021881838075,0.0,-214350,-266247,-51897,-51897,-14.195021881838075,0.0,-397150,-449047,-51897,-51897,-14.195021881838075,0.0,-579950,-631847,-51897,-51897,-14.195021881838075,0.0,-762750,-814647
M4_CONFIRM_2_WINDOWS,10000,-200,120000,-77356,-77356,-21.15864332603939,0.0,13,-77343,-77356,-77356,-21.15864332603939,0.0,-182787,-260143,-77356,-77356,-21.15864332603939,0.0,-365587,-442943,-77356,-77356,-21.15864332603939,0.0,-548387,-625743,-77356,-77356,-21.15864332603939,0.0,-731187,-808543
M5_DELAY_4000MS_CONFIRM,1000,-6000,30000,189036,189036,51.705689277899346,0.0,-1368914,-1179878,189036,189036,51.705689277899346,0.0,-1551714,-1362678,189036,189036,51.705689277899346,0.0,-1734514,-1545478,189036,189036,51.705689277899346,0.0,-1917314,-1728278,189036,189036,51.705689277899346,0.0,-2100114,-1911078
M5_DELAY_4000MS_CONFIRM,1000,-6000,60000,336745,336745,92.10749452954047,0.0,-1531283,-1194538,336745,336745,92.10749452954047,0.0,-1714083,-1377338,336745,336745,92.10749452954047,0.0,-1896883,-1560138,336745,336745,92.10749452954047,0.0,-2079683,-1742938,336745,336745,92.10749452954047,0.0,-2262483,-1925738
M5_DELAY_4000MS_CONFIRM,1000,-6000,120000,452978,452978,123.89989059080963,0.0,-1651963,-1198985,452978,452978,123.89989059080963,0.0,-1834763,-1381785,452978,452978,123.89989059080963,0.0,-2017563,-1564585,452978,452978,123.89989059080963,0.0,-2200363,-1747385,452978,452978,123.89989059080963,0.0,-2383163,-1930185
M5_DELAY_4000MS_CONFIRM,1000,-5000,30000,173355,173355,47.41657549234136,0.0,-1307295,-1133940,173355,173355,47.41657549234136,0.0,-1490095,-1316740,173355,173355,47.41657549234136,0.0,-1672895,-1499540,173355,173355,47.41657549234136,0.0,-1855695,-1682340,173355,173355,47.41657549234136,0.0,-2038495,-1865140
M5_DELAY_4000MS_CONFIRM,1000,-5000,60000,323720,323720,88.54485776805252,0.0,-1471063,-1147343,323720,323720,88.54485776805252,0.0,-1653863,-1330143,323720,323720,88.54485776805252,0.0,-1836663,-1512943,323720,323720,88.54485776805252,0.0,-2019463,-1695743,323720,323720,88.54485776805252,0.0,-2202263,-1878543
M5_DELAY_4000MS_CONFIRM,1000,-5000,120000,437407,437407,119.64086433260394,0.0,-1587331,-1149924,437407,437407,119.64086433260394,0.0,-1770131,-1332724,437407,437407,119.64086433260394,0.0,-1952931,-1515524,437407,437407,119.64086433260394,0.0,-2135731,-1698324,437407,437407,119.64086433260394,0.0,-2318531,-1881124
M5_DELAY_4000MS_CONFIRM,1000,-3000,30000,119272,119272,32.62363238512035,0.0,-1103907,-984635,119272,119272,32.62363238512035,0.0,-1286707,-1167435,119272,119272,32.62363238512035,0.0,-1469507,-1350235,119272,119272,32.62363238512035,0.0,-1652307,-1533035,119272,119272,32.62363238512035,0.0,-1835107,-1715835
M5_DELAY_4000MS_CONFIRM,1000,-3000,60000,222736,222736,60.923413566739605,0.0,-1210749,-988013,222736,222736,60.923413566739605,0.0,-1393549,-1170813,222736,222736,60.923413566739605,0.0,-1576349,-1353613,222736,222736,60.923413566739605,0.0,-1759149,-1536413,222736,222736,60.923413566739605,0.0,-1941949,-1719213
M5_DELAY_4000MS_CONFIRM,1000,-3000,120000,336634,336634,92.07713347921225,0.0,-1325565,-988931,336634,336634,92.07713347921225,0.0,-1508365,-1171731,336634,336634,92.07713347921225,0.0,-1691165,-1354531,336634,336634,92.07713347921225,0.0,-1873965,-1537331,336634,336634,92.07713347921225,0.0,-2056765,-1720131
M5_DELAY_4000MS_CONFIRM,1000,-2000,30000,70423,70423,19.262308533916848,0.0,-887598,-817175,70423,70423,19.262308533916848,0.0,-1070398,-999975,70423,70423,19.262308533916848,0.0,-1253198,-1182775,70423,70423,19.262308533916848,0.0,-1435998,-1365575,70423,70423,19.262308533916848,0.0,-1618798,-1548375
M5_DELAY_4000MS_CONFIRM,1000,-2000,60000,152672,152672,41.75929978118162,0.0,-975024,-822352,152672,152672,41.75929978118162,0.0,-1157824,-1005152,152672,152672,41.75929978118162,0.0,-1340624,-1187952,152672,152672,41.75929978118162,0.0,-1523424,-1370752,152672,152672,41.75929978118162,0.0,-1706224,-1553552
M5_DELAY_4000MS_CONFIRM,1000,-2000,120000,244541,244541,66.88758205689278,0.0,-1066538,-821997,244541,244541,66.88758205689278,0.0,-1249338,-1004797,244541,244541,66.88758205689278,0.0,-1432138,-1187597,244541,244541,66.88758205689278,0.0,-1614938,-1370397,244541,244541,66.88758205689278,0.0,-1797738,-1553197
M5_DELAY_4000MS_CONFIRM,1000,-1500,30000,67957,67957,18.587800875273523,0.0,-779901,-711944,67957,67957,18.587800875273523,0.0,-962701,-894744,67957,67957,18.587800875273523,0.0,-1145501,-1077544,67957,67957,18.587800875273523,0.0,-1328301,-1260344,67957,67957,18.587800875273523,0.0,-1511101,-1443144
M5_DELAY_4000MS_CONFIRM,1000,-1500,60000,118771,118771,32.48659737417943,0.0,-833953,-715182,118771,118771,32.48659737417943,0.0,-1016753,-897982,118771,118771,32.48659737417943,0.0,-1199553,-1080782,118771,118771,32.48659737417943,0.0,-1382353,-1263582,118771,118771,32.48659737417943,0.0,-1565153,-1446382
M5_DELAY_4000MS_CONFIRM,1000,-1500,120000,204090,204090,55.82330415754923,0.0,-919272,-715182,204090,204090,55.82330415754923,0.0,-1102072,-897982,204090,204090,55.82330415754923,0.0,-1284872,-1080782,204090,204090,55.82330415754923,0.0,-1467672,-1263582,204090,204090,55.82330415754923,0.0,-1650472,-1446382
M5_DELAY_4000MS_CONFIRM,1000,-1000,30000,42124,42124,11.521881838074398,0.0,-616262,-574138,42124,42124,11.521881838074398,0.0,-799062,-756938,42124,42124,11.521881838074398,0.0,-981862,-939738,42124,42124,11.521881838074398,0.0,-1164662,-1122538,42124,42124,11.521881838074398,0.0,-1347462,-1305338
M5_DELAY_4000MS_CONFIRM,1000,-1000,60000,73398,73398,20.076039387308533,0.0,-647358,-573960,73398,73398,20.076039387308533,0.0,-830158,-756760,73398,73398,20.076039387308533,0.0,-1012958,-939560,73398,73398,20.076039387308533,0.0,-1195758,-1122360,73398,73398,20.076039387308533,0.0,-1378558,-1305160
M5_DELAY_4000MS_CONFIRM,1000,-1000,120000,140108,140108,38.322757111597376,0.0,-714068,-573960,140108,140108,38.322757111597376,0.0,-896868,-756760,140108,140108,38.322757111597376,0.0,-1079668,-939560,140108,140108,38.322757111597376,0.0,-1262468,-1122360,140108,140108,38.322757111597376,0.0,-1445268,-1305160
M5_DELAY_4000MS_CONFIRM,1000,-700,30000,22788,22788,6.233041575492341,0.0,-484713,-461925,22788,22788,6.233041575492341,0.0,-667513,-644725,22788,22788,6.233041575492341,0.0,-850313,-827525,22788,22788,6.233041575492341,0.0,-1033113,-1010325,22788,22788,6.233041575492341,0.0,-1215913,-1193125
M5_DELAY_4000MS_CONFIRM,1000,-700,60000,37375,37375,10.222921225382931,0.0,-501276,-463901,37375,37375,10.222921225382931,0.0,-684076,-646701,37375,37375,10.222921225382931,0.0,-866876,-829501,37375,37375,10.222921225382931,0.0,-1049676,-1012301,37375,37375,10.222921225382931,0.0,-1232476,-1195101
M5_DELAY_4000MS_CONFIRM,1000,-700,120000,90047,90047,24.62992341356674,0.0,-553948,-463901,90047,90047,24.62992341356674,0.0,-736748,-646701,90047,90047,24.62992341356674,0.0,-919548,-829501,90047,90047,24.62992341356674,0.0,-1102348,-1012301,90047,90047,24.62992341356674,0.0,-1285148,-1195101
M5_DELAY_4000MS_CONFIRM,1000,-500,30000,16372,16372,4.478118161925602,0.0,-385927,-369555,16372,16372,4.478118161925602,0.0,-568727,-552355,16372,16372,4.478118161925602,0.0,-751527,-735155,16372,16372,4.478118161925602,0.0,-934327,-917955,16372,16372,4.478118161925602,0.0,-1117127,-1100755
M5_DELAY_4000MS_CONFIRM,1000,-500,60000,21286,21286,5.822210065645514,0.0,-391170,-369884,21286,21286,5.822210065645514,0.0,-573970,-552684,21286,21286,5.822210065645514,0.0,-756770,-735484,21286,21286,5.822210065645514,0.0,-939570,-918284,21286,21286,5.822210065645514,0.0,-1122370,-1101084
M5_DELAY_4000MS_CONFIRM,1000,-500,120000,61997,61997,16.957603938730852,0.0,-431881,-369884,61997,61997,16.957603938730852,0.0,-614681,-552684,61997,61997,16.957603938730852,0.0,-797481,-735484,61997,61997,16.957603938730852,0.0,-980281,-918284,61997,61997,16.957603938730852,0.0,-1163081,-1101084
M5_DELAY_4000MS_CONFIRM,1000,-300,30000,1620,1620,0.4431072210065646,0.0,-266617,-264997,1620,1620,0.4431072210065646,0.0,-449417,-447797,1620,1620,0.4431072210065646,0.0,-632217,-630597,1620,1620,0.4431072210065646,0.0,-815017,-813397,1620,1620,0.4431072210065646,0.0,-997817,-996197
M5_DELAY_4000MS_CONFIRM,1000,-300,60000,-4178,-4178,-1.1427789934354486,0.0,-262739,-266917,-4178,-4178,-1.1427789934354486,0.0,-445539,-449717,-4178,-4178,-1.1427789934354486,0.0,-628339,-632517,-4178,-4178,-1.1427789934354486,0.0,-811139,-815317,-4178,-4178,-1.1427789934354486,0.0,-993939,-998117
M5_DELAY_4000MS_CONFIRM,1000,-300,120000,11943,11943,3.2666849015317285,0.0,-278860,-266917,11943,11943,3.2666849015317285,0.0,-461660,-449717,11943,11943,3.2666849015317285,0.0,-644460,-632517,11943,11943,3.2666849015317285,0.0,-827260,-815317,11943,11943,3.2666849015317285,0.0,-1010060,-998117
M5_DELAY_4000MS_CONFIRM,1000,-200,30000,-12697,-12697,-3.4729212253829322,0.0,-192313,-205010,-12697,-12697,-3.4729212253829322,0.0,-375113,-387810,-12697,-12697,-3.4729212253829322,0.0,-557913,-570610,-12697,-12697,-3.4729212253829322,0.0,-740713,-753410,-12697,-12697,-3.4729212253829322,0.0,-923513,-936210
M5_DELAY_4000MS_CONFIRM,1000,-200,60000,-28124,-28124,-7.692560175054704,0.0,-178101,-206225,-28124,-28124,-7.692560175054704,0.0,-360901,-389025,-28124,-28124,-7.692560175054704,0.0,-543701,-571825,-28124,-28124,-7.692560175054704,0.0,-726501,-754625,-28124,-28124,-7.692560175054704,0.0,-909301,-937425
M5_DELAY_4000MS_CONFIRM,1000,-200,120000,-25608,-25608,-7.00437636761488,0.0,-180617,-206225,-25608,-25608,-7.00437636761488,0.0,-363417,-389025,-25608,-25608,-7.00437636761488,0.0,-546217,-571825,-25608,-25608,-7.00437636761488,0.0,-729017,-754625,-25608,-25608,-7.00437636761488,0.0,-911817,-937425
M5_DELAY_4000MS_CONFIRM,1500,-6000,30000,190429,190429,52.086706783369806,0.0,-1327813,-1137384,190429,190429,52.086706783369806,0.0,-1510613,-1320184,190429,190429,52.086706783369806,0.0,-1693413,-1502984,190429,190429,52.086706783369806,0.0,-1876213,-1685784,190429,190429,52.086706783369806,0.0,-2059013,-1868584
M5_DELAY_4000MS_CONFIRM,1500,-6000,60000,373026,373026,102.03118161925602,0.0,-1515337,-1142311,373026,373026,102.03118161925602,0.0,-1698137,-1325111,373026,373026,102.03118161925602,0.0,-1880937,-1507911,373026,373026,102.03118161925602,0.0,-2063737,-1690711,373026,373026,102.03118161925602,0.0,-2246537,-1873511
M5_DELAY_4000MS_CONFIRM,1500,-6000,120000,516316,516316,141.22428884026257,0.0,-1665000,-1148684,516316,516316,141.22428884026257,0.0,-1847800,-1331484,516316,516316,141.22428884026257,0.0,-2030600,-1514284,516316,516316,141.22428884026257,0.0,-2213400,-1697084,516316,516316,141.22428884026257,0.0,-2396200,-1879884
M5_DELAY_4000MS_CONFIRM,1500,-5000,30000,172784,172784,47.26039387308534,0.0,-1263117,-1090333,172784,172784,47.26039387308534,0.0,-1445917,-1273133,172784,172784,47.26039387308534,0.0,-1628717,-1455933,172784,172784,47.26039387308534,0.0,-1811517,-1638733,172784,172784,47.26039387308534,0.0,-1994317,-1821533
M5_DELAY_4000MS_CONFIRM,1500,-5000,60000,354103,354103,96.85530634573304,0.0,-1450577,-1096474,354103,354103,96.85530634573304,0.0,-1633377,-1279274,354103,354103,96.85530634573304,0.0,-1816177,-1462074,354103,354103,96.85530634573304,0.0,-1998977,-1644874,354103,354103,96.85530634573304,0.0,-2181777,-1827674
M5_DELAY_4000MS_CONFIRM,1500,-5000,120000,496880,496880,135.90809628008753,0.0,-1595103,-1098223,496880,496880,135.90809628008753,0.0,-1777903,-1281023,496880,496880,135.90809628008753,0.0,-1960703,-1463823,496880,496880,135.90809628008753,0.0,-2143503,-1646623,496880,496880,135.90809628008753,0.0,-2326303,-1829423
M5_DELAY_4000MS_CONFIRM,1500,-3000,30000,116219,116219,31.78856673960613,0.0,-1055149,-938930,116219,116219,31.78856673960613,0.0,-1237949,-1121730,116219,116219,31.78856673960613,0.0,-1420749,-1304530,116219,116219,31.78856673960613,0.0,-1603549,-1487330,116219,116219,31.78856673960613,0.0,-1786349,-1670130
M5_DELAY_4000MS_CONFIRM,1500,-3000,60000,248639,248639,68.00847921225383,0.0,-1182185,-933546,248639,248639,68.00847921225383,0.0,-1364985,-1116346,248639,248639,68.00847921225383,0.0,-1547785,-1299146,248639,248639,68.00847921225383,0.0,-1730585,-1481946,248639,248639,68.00847921225383,0.0,-1913385,-1664746
M5_DELAY_4000MS_CONFIRM,1500,-3000,120000,372561,372561,101.90399343544858,0.0,-1306193,-933632,372561,372561,101.90399343544858,0.0,-1488993,-1116432,372561,372561,101.90399343544858,0.0,-1671793,-1299232,372561,372561,101.90399343544858,0.0,-1854593,-1482032,372561,372561,101.90399343544858,0.0,-2037393,-1664832
M5_DELAY_4000MS_CONFIRM,1500,-2000,30000,68989,68989,18.87007658643326,0.0,-839451,-770462,68989,68989,18.87007658643326,0.0,-1022251,-953262,68989,68989,18.87007658643326,0.0,-1205051,-1136062,68989,68989,18.87007658643326,0.0,-1387851,-1318862,68989,68989,18.87007658643326,0.0,-1570651,-1501662
M5_DELAY_4000MS_CONFIRM,1500,-2000,60000,175001,175001,47.8667943107221,0.0,-944127,-769126,175001,175001,47.8667943107221,0.0,-1126927,-951926,175001,175001,47.8667943107221,0.0,-1309727,-1134726,175001,175001,47.8667943107221,0.0,-1492527,-1317526,175001,175001,47.8667943107221,0.0,-1675327,-1500326
M5_DELAY_4000MS_CONFIRM,1500,-2000,120000,272674,272674,74.58260393873086,0.0,-1040613,-767939,272674,272674,74.58260393873086,0.0,-1223413,-950739,272674,272674,74.58260393873086,0.0,-1406213,-1133539,272674,272674,74.58260393873086,0.0,-1589013,-1316339,272674,272674,74.58260393873086,0.0,-1771813,-1499139
M5_DELAY_4000MS_CONFIRM,1500,-1500,30000,68751,68751,18.804978118161927,0.0,-730067,-661316,68751,68751,18.804978118161927,0.0,-912867,-844116,68751,68751,18.804978118161927,0.0,-1095667,-1026916,68751,68751,18.804978118161927,0.0,-1278467,-1209716,68751,68751,18.804978118161927,0.0,-1461267,-1392516
M5_DELAY_4000MS_CONFIRM,1500,-1500,60000,126359,126359,34.5620897155361,0.0,-784400,-658041,126359,126359,34.5620897155361,0.0,-967200,-840841,126359,126359,34.5620897155361,0.0,-1150000,-1023641,126359,126359,34.5620897155361,0.0,-1332800,-1206441,126359,126359,34.5620897155361,0.0,-1515600,-1389241
M5_DELAY_4000MS_CONFIRM,1500,-1500,120000,215387,215387,58.913293216630194,0.0,-872596,-657209,215387,215387,58.913293216630194,0.0,-1055396,-840009,215387,215387,58.913293216630194,0.0,-1238196,-1022809,215387,215387,58.913293216630194,0.0,-1420996,-1205609,215387,215387,58.913293216630194,0.0,-1603796,-1388409
M5_DELAY_4000MS_CONFIRM,1500,-1000,30000,37549,37549,10.270514223194748,0.0,-561170,-523621,37549,37549,10.270514223194748,0.0,-743970,-706421,37549,37549,10.270514223194748,0.0,-926770,-889221,37549,37549,10.270514223194748,0.0,-1109570,-1072021,37549,37549,10.270514223194748,0.0,-1292370,-1254821
M5_DELAY_4000MS_CONFIRM,1500,-1000,60000,72902,72902,19.940371991247265,0.0,-592649,-519747,72902,72902,19.940371991247265,0.0,-775449,-702547,72902,72902,19.940371991247265,0.0,-958249,-885347,72902,72902,19.940371991247265,0.0,-1141049,-1068147,72902,72902,19.940371991247265,0.0,-1323849,-1250947
M5_DELAY_4000MS_CONFIRM,1500,-1000,120000,145393,145393,39.76832603938731,0.0,-664308,-518915,145393,145393,39.76832603938731,0.0,-847108,-701715,145393,145393,39.76832603938731,0.0,-1029908,-884515,145393,145393,39.76832603938731,0.0,-1212708,-1067315,145393,145393,39.76832603938731,0.0,-1395508,-1250115
M5_DELAY_4000MS_CONFIRM,1500,-700,30000,16967,16967,4.640864332603939,0.0,-432610,-415643,16967,16967,4.640864332603939,0.0,-615410,-598443,16967,16967,4.640864332603939,0.0,-798210,-781243,16967,16967,4.640864332603939,0.0,-981010,-964043,16967,16967,4.640864332603939,0.0,-1163810,-1146843
M5_DELAY_4000MS_CONFIRM,1500,-700,60000,38704,38704,10.586433260393873,0.0,-454067,-415363,38704,38704,10.586433260393873,0.0,-636867,-598163,38704,38704,10.586433260393873,0.0,-819667,-780963,38704,38704,10.586433260393873,0.0,-1002467,-963763,38704,38704,10.586433260393873,0.0,-1185267,-1146563
M5_DELAY_4000MS_CONFIRM,1500,-700,120000,95362,95362,26.083698030634572,0.0,-509859,-414497,95362,95362,26.083698030634572,0.0,-692659,-597297,95362,95362,26.083698030634572,0.0,-875459,-780097,95362,95362,26.083698030634572,0.0,-1058259,-962897,95362,95362,26.083698030634572,0.0,-1241059,-1145697
M5_DELAY_4000MS_CONFIRM,1500,-500,30000,9678,9678,2.6471553610503284,0.0,-334140,-324462,9678,9678,2.6471553610503284,0.0,-516940,-507262,9678,9678,2.6471553610503284,0.0,-699740,-690062,9678,9678,2.6471553610503284,0.0,-882540,-872862,9678,9678,2.6471553610503284,0.0,-1065340,-1055662
M5_DELAY_4000MS_CONFIRM,1500,-500,60000,21975,21975,6.010667396061269,0.0,-347571,-325596,21975,21975,6.010667396061269,0.0,-530371,-508396,21975,21975,6.010667396061269,0.0,-713171,-691196,21975,21975,6.010667396061269,0.0,-895971,-873996,21975,21975,6.010667396061269,0.0,-1078771,-1056796
M5_DELAY_4000MS_CONFIRM,1500,-500,120000,64100,64100,17.532822757111596,0.0,-389696,-325596,64100,64100,17.532822757111596,0.0,-572496,-508396,64100,64100,17.532822757111596,0.0,-755296,-691196,64100,64100,17.532822757111596,0.0,-938096,-873996,64100,64100,17.532822757111596,0.0,-1120896,-1056796
M5_DELAY_4000MS_CONFIRM,1500,-300,30000,-5635,-5635,-1.5413019693654266,0.0,-214017,-219652,-5635,-5635,-1.5413019693654266,0.0,-396817,-402452,-5635,-5635,-1.5413019693654266,0.0,-579617,-585252,-5635,-5635,-1.5413019693654266,0.0,-762417,-768052,-5635,-5635,-1.5413019693654266,0.0,-945217,-950852
M5_DELAY_4000MS_CONFIRM,1500,-300,60000,-3041,-3041,-0.8317833698030634,0.0,-221025,-224066,-3041,-3041,-0.8317833698030634,0.0,-403825,-406866,-3041,-3041,-0.8317833698030634,0.0,-586625,-589666,-3041,-3041,-0.8317833698030634,0.0,-769425,-772466,-3041,-3041,-0.8317833698030634,0.0,-952225,-955266
M5_DELAY_4000MS_CONFIRM,1500,-300,120000,16822,16822,4.6012035010940915,0.0,-240888,-224066,16822,16822,4.6012035010940915,0.0,-423688,-406866,16822,16822,4.6012035010940915,0.0,-606488,-589666,16822,16822,4.6012035010940915,0.0,-789288,-772466,16822,16822,4.6012035010940915,0.0,-972088,-955266
M5_DELAY_4000MS_CONFIRM,1500,-200,30000,-19879,-19879,-5.437363238512035,0.0,-139295,-159174,-19879,-19879,-5.437363238512035,0.0,-322095,-341974,-19879,-19879,-5.437363238512035,0.0,-504895,-524774,-19879,-19879,-5.437363238512035,0.0,-687695,-707574,-19879,-19879,-5.437363238512035,0.0,-870495,-890374
M5_DELAY_4000MS_CONFIRM,1500,-200,60000,-28951,-28951,-7.918763676148797,0.0,-133847,-162798,-28951,-28951,-7.918763676148797,0.0,-316647,-345598,-28951,-28951,-7.918763676148797,0.0,-499447,-528398,-28951,-28951,-7.918763676148797,0.0,-682247,-711198,-28951,-28951,-7.918763676148797,0.0,-865047,-893998
M5_DELAY_4000MS_CONFIRM,1500,-200,120000,-23948,-23948,-6.550328227571116,0.0,-138850,-162798,-23948,-23948,-6.550328227571116,0.0,-321650,-345598,-23948,-23948,-6.550328227571116,0.0,-504450,-528398,-23948,-23948,-6.550328227571116,0.0,-687250,-711198,-23948,-23948,-6.550328227571116,0.0,-870050,-893998
M5_DELAY_4000MS_CONFIRM,2000,-6000,30000,188748,188748,51.62691466083151,0.0,-1315991,-1127243,188748,188748,51.62691466083151,0.0,-1498791,-1310043,188748,188748,51.62691466083151,0.0,-1681591,-1492843,188748,188748,51.62691466083151,0.0,-1864391,-1675643,188748,188748,51.62691466083151,0.0,-2047191,-1858443
M5_DELAY_4000MS_CONFIRM,2000,-6000,60000,376617,376617,103.01340262582058,0.0,-1508631,-1132014,376617,376617,103.01340262582058,0.0,-1691431,-1314814,376617,376617,103.01340262582058,0.0,-1874231,-1497614,376617,376617,103.01340262582058,0.0,-2057031,-1680414,376617,376617,103.01340262582058,0.0,-2239831,-1863214
M5_DELAY_4000MS_CONFIRM,2000,-6000,120000,514673,514673,140.77489059080963,0.0,-1657547,-1142874,514673,514673,140.77489059080963,0.0,-1840347,-1325674,514673,514673,140.77489059080963,0.0,-2023147,-1508474,514673,514673,140.77489059080963,0.0,-2205947,-1691274,514673,514673,140.77489059080963,0.0,-2388747,-1874074
M5_DELAY_4000MS_CONFIRM,2000,-5000,30000,169761,169761,46.433533916849015,0.0,-1248953,-1079192,169761,169761,46.433533916849015,0.0,-1431753,-1261992,169761,169761,46.433533916849015,0.0,-1614553,-1444792,169761,169761,46.433533916849015,0.0,-1797353,-1627592,169761,169761,46.433533916849015,0.0,-1980153,-1810392
M5_DELAY_4000MS_CONFIRM,2000,-5000,60000,357010,357010,97.65043763676148,0.0,-1442687,-1085677,357010,357010,97.65043763676148,0.0,-1625487,-1268477,357010,357010,97.65043763676148,0.0,-1808287,-1451277,357010,357010,97.65043763676148,0.0,-1991087,-1634077,357010,357010,97.65043763676148,0.0,-2173887,-1816877
M5_DELAY_4000MS_CONFIRM,2000,-5000,120000,494358,494358,135.21827133479212,0.0,-1585271,-1090913,494358,494358,135.21827133479212,0.0,-1768071,-1273713,494358,494358,135.21827133479212,0.0,-1950871,-1456513,494358,494358,135.21827133479212,0.0,-2133671,-1639313,494358,494358,135.21827133479212,0.0,-2316471,-1822113
M5_DELAY_4000MS_CONFIRM,2000,-3000,30000,113157,113157,30.951039387308533,0.0,-1035535,-922378,113157,113157,30.951039387308533,0.0,-1218335,-1105178,113157,113157,30.951039387308533,0.0,-1401135,-1287978,113157,113157,30.951039387308533,0.0,-1583935,-1470778,113157,113157,30.951039387308533,0.0,-1766735,-1653578
M5_DELAY_4000MS_CONFIRM,2000,-3000,60000,234797,234797,64.22237417943107,0.0,-1152357,-917560,234797,234797,64.22237417943107,0.0,-1335157,-1100360,234797,234797,64.22237417943107,0.0,-1517957,-1283160,234797,234797,64.22237417943107,0.0,-1700757,-1465960,234797,234797,64.22237417943107,0.0,-1883557,-1648760
M5_DELAY_4000MS_CONFIRM,2000,-3000,120000,357889,357889,97.89086433260394,0.0,-1277022,-919133,357889,357889,97.89086433260394,0.0,-1459822,-1101933,357889,357889,97.89086433260394,0.0,-1642622,-1284733,357889,357889,97.89086433260394,0.0,-1825422,-1467533,357889,357889,97.89086433260394,0.0,-2008222,-1650333
M5_DELAY_4000MS_CONFIRM,2000,-2000,30000,60584,60584,16.571115973741794,0.0,-811235,-750651,60584,60584,16.571115973741794,0.0,-994035,-933451,60584,60584,16.571115973741794,0.0,-1176835,-1116251,60584,60584,16.571115973741794,0.0,-1359635,-1299051,60584,60584,16.571115973741794,0.0,-1542435,-1481851
M5_DELAY_4000MS_CONFIRM,2000,-2000,60000,155980,155980,42.66411378555799,0.0,-909382,-753402,155980,155980,42.66411378555799,0.0,-1092182,-936202,155980,155980,42.66411378555799,0.0,-1274982,-1119002,155980,155980,42.66411378555799,0.0,-1457782,-1301802,155980,155980,42.66411378555799,0.0,-1640582,-1484602
M5_DELAY_4000MS_CONFIRM,2000,-2000,120000,250053,250053,68.39524070021882,0.0,-1002911,-752858,250053,250053,68.39524070021882,0.0,-1185711,-935658,250053,250053,68.39524070021882,0.0,-1368511,-1118458,250053,250053,68.39524070021882,0.0,-1551311,-1301258,250053,250053,68.39524070021882,0.0,-1734111,-1484058
M5_DELAY_4000MS_CONFIRM,2000,-1500,30000,63567,63567,17.38703501094092,0.0,-707572,-644005,63567,63567,17.38703501094092,0.0,-890372,-826805,63567,63567,17.38703501094092,0.0,-1073172,-1009605,63567,63567,17.38703501094092,0.0,-1255972,-1192405,63567,63567,17.38703501094092,0.0,-1438772,-1375205
M5_DELAY_4000MS_CONFIRM,2000,-1500,60000,111594,111594,30.52352297592998,0.0,-752564,-640970,111594,111594,30.52352297592998,0.0,-935364,-823770,111594,111594,30.52352297592998,0.0,-1118164,-1006570,111594,111594,30.52352297592998,0.0,-1300964,-1189370,111594,111594,30.52352297592998,0.0,-1483764,-1372170
M5_DELAY_4000MS_CONFIRM,2000,-1500,120000,197977,197977,54.15125820568928,0.0,-838758,-640781,197977,197977,54.15125820568928,0.0,-1021558,-823581,197977,197977,54.15125820568928,0.0,-1204358,-1006381,197977,197977,54.15125820568928,0.0,-1387158,-1189181,197977,197977,54.15125820568928,0.0,-1569958,-1371981
M5_DELAY_4000MS_CONFIRM,2000,-1000,30000,33242,33242,9.092450765864333,0.0,-541676,-508434,33242,33242,9.092450765864333,0.0,-724476,-691234,33242,33242,9.092450765864333,0.0,-907276,-874034,33242,33242,9.092450765864333,0.0,-1090076,-1056834,33242,33242,9.092450765864333,0.0,-1272876,-1239634
M5_DELAY_4000MS_CONFIRM,2000,-1000,60000,62099,62099,16.98550328227571,0.0,-567155,-505056,62099,62099,16.98550328227571,0.0,-749955,-687856,62099,62099,16.98550328227571,0.0,-932755,-870656,62099,62099,16.98550328227571,0.0,-1115555,-1053456,62099,62099,16.98550328227571,0.0,-1298355,-1236256
M5_DELAY_4000MS_CONFIRM,2000,-1000,120000,127021,127021,34.743161925601754,0.0,-631888,-504867,127021,127021,34.743161925601754,0.0,-814688,-687667,127021,127021,34.743161925601754,0.0,-997488,-870467,127021,127021,34.743161925601754,0.0,-1180288,-1053267,127021,127021,34.743161925601754,0.0,-1363088,-1236067
M5_DELAY_4000MS_CONFIRM,2000,-700,30000,13435,13435,3.674781181619256,0.0,-411307,-397872,13435,13435,3.674781181619256,0.0,-594107,-580672,13435,13435,3.674781181619256,0.0,-776907,-763472,13435,13435,3.674781181619256,0.0,-959707,-946272,13435,13435,3.674781181619256,0.0,-1142507,-1129072
M5_DELAY_4000MS_CONFIRM,2000,-700,60000,29466,29466,8.059628008752735,0.0,-426540,-397074,29466,29466,8.059628008752735,0.0,-609340,-579874,29466,29466,8.059628008752735,0.0,-792140,-762674,29466,29466,8.059628008752735,0.0,-974940,-945474,29466,29466,8.059628008752735,0.0,-1157740,-1128274
M5_DELAY_4000MS_CONFIRM,2000,-700,120000,81741,81741,22.35804157549234,0.0,-478592,-396851,81741,81741,22.35804157549234,0.0,-661392,-579651,81741,81741,22.35804157549234,0.0,-844192,-762451,81741,81741,22.35804157549234,0.0,-1026992,-945251,81741,81741,22.35804157549234,0.0,-1209792,-1128051
M5_DELAY_4000MS_CONFIRM,2000,-500,30000,8188,8188,2.2396061269146608,0.0,-313810,-305622,8188,8188,2.2396061269146608,0.0,-496610,-488422,8188,8188,2.2396061269146608,0.0,-679410,-671222,8188,8188,2.2396061269146608,0.0,-862210,-854022,8188,8188,2.2396061269146608,0.0,-1045010,-1036822
M5_DELAY_4000MS_CONFIRM,2000,-500,60000,14643,14643,4.00519693654267,0.0,-321327,-306684,14643,14643,4.00519693654267,0.0,-504127,-489484,14643,14643,4.00519693654267,0.0,-686927,-672284,14643,14643,4.00519693654267,0.0,-869727,-855084,14643,14643,4.00519693654267,0.0,-1052527,-1037884
M5_DELAY_4000MS_CONFIRM,2000,-500,120000,54172,54172,14.817286652078774,0.0,-364499,-310327,54172,54172,14.817286652078774,0.0,-547299,-493127,54172,54172,14.817286652078774,0.0,-730099,-675927,54172,54172,14.817286652078774,0.0,-912899,-858727,54172,54172,14.817286652078774,0.0,-1095699,-1041527
M5_DELAY_4000MS_CONFIRM,2000,-300,30000,-6832,-6832,-1.8687089715536105,0.0,-192259,-199091,-6832,-6832,-1.8687089715536105,0.0,-375059,-381891,-6832,-6832,-1.8687089715536105,0.0,-557859,-564691,-6832,-6832,-1.8687089715536105,0.0,-740659,-747491,-6832,-6832,-1.8687089715536105,0.0,-923459,-930291
M5_DELAY_4000MS_CONFIRM,2000,-300,60000,-8471,-8471,-2.3170131291028446,0.0,-196251,-204722,-8471,-8471,-2.3170131291028446,0.0,-379051,-387522,-8471,-8471,-2.3170131291028446,0.0,-561851,-570322,-8471,-8471,-2.3170131291028446,0.0,-744651,-753122,-8471,-8471,-2.3170131291028446,0.0,-927451,-935922
M5_DELAY_4000MS_CONFIRM,2000,-300,120000,5787,5787,1.5828774617067833,0.0,-210509,-204722,5787,5787,1.5828774617067833,0.0,-393309,-387522,5787,5787,1.5828774617067833,0.0,-576109,-570322,5787,5787,1.5828774617067833,0.0,-758909,-753122,5787,5787,1.5828774617067833,0.0,-941709,-935922
M5_DELAY_4000MS_CONFIRM,2000,-200,30000,-21259,-21259,-5.814824945295404,0.0,-114574,-135833,-21259,-21259,-5.814824945295404,0.0,-297374,-318633,-21259,-21259,-5.814824945295404,0.0,-480174,-501433,-21259,-21259,-5.814824945295404,0.0,-662974,-684233,-21259,-21259,-5.814824945295404,0.0,-845774,-867033
M5_DELAY_4000MS_CONFIRM,2000,-200,60000,-34279,-34279,-9.37609409190372,0.0,-106653,-140932,-34279,-34279,-9.37609409190372,0.0,-289453,-323732,-34279,-34279,-9.37609409190372,0.0,-472253,-506532,-34279,-34279,-9.37609409190372,0.0,-655053,-689332,-34279,-34279,-9.37609409190372,0.0,-837853,-872132
M5_DELAY_4000MS_CONFIRM,2000,-200,120000,-34786,-34786,-9.51477024070022,0.0,-106146,-140932,-34786,-34786,-9.51477024070022,0.0,-288946,-323732,-34786,-34786,-9.51477024070022,0.0,-471746,-506532,-34786,-34786,-9.51477024070022,0.0,-654546,-689332,-34786,-34786,-9.51477024070022,0.0,-837346,-872132
M5_DELAY_4000MS_CONFIRM,3000,-6000,30000,180998,180998,49.50711159737418,0.0,-1268097,-1087099,180998,180998,49.50711159737418,0.0,-1450897,-1269899,180998,180998,49.50711159737418,0.0,-1633697,-1452699,180998,180998,49.50711159737418,0.0,-1816497,-1635499,180998,180998,49.50711159737418,0.0,-1999297,-1818299
M5_DELAY_4000MS_CONFIRM,3000,-6000,60000,395075,395075,108.0620897155361,0.0,-1493400,-1098325,395075,395075,108.0620897155361,0.0,-1676200,-1281125,395075,395075,108.0620897155361,0.0,-1859000,-1463925,395075,395075,108.0620897155361,0.0,-2041800,-1646725,395075,395075,108.0620897155361,0.0,-2224600,-1829525
M5_DELAY_4000MS_CONFIRM,3000,-6000,120000,544925,544925,149.04950765864334,0.0,-1661981,-1117056,544925,544925,149.04950765864334,0.0,-1844781,-1299856,544925,544925,149.04950765864334,0.0,-2027581,-1482656,544925,544925,149.04950765864334,0.0,-2210381,-1665456,544925,544925,149.04950765864334,0.0,-2393181,-1848256
M5_DELAY_4000MS_CONFIRM,3000,-5000,30000,161011,161011,44.040207877461704,0.0,-1198179,-1037168,161011,161011,44.040207877461704,0.0,-1380979,-1219968,161011,161011,44.040207877461704,0.0,-1563779,-1402768,161011,161011,44.040207877461704,0.0,-1746579,-1585568,161011,161011,44.040207877461704,0.0,-1929379,-1768368
M5_DELAY_4000MS_CONFIRM,3000,-5000,60000,369752,369752,101.13566739606127,0.0,-1419829,-1050077,369752,369752,101.13566739606127,0.0,-1602629,-1232877,369752,369752,101.13566739606127,0.0,-1785429,-1415677,369752,369752,101.13566739606127,0.0,-1968229,-1598477,369752,369752,101.13566739606127,0.0,-2151029,-1781277
M5_DELAY_4000MS_CONFIRM,3000,-5000,120000,517936,517936,141.66739606126916,0.0,-1581120,-1063184,517936,517936,141.66739606126916,0.0,-1763920,-1245984,517936,517936,141.66739606126916,0.0,-1946720,-1428784,517936,517936,141.66739606126916,0.0,-2129520,-1611584,517936,517936,141.66739606126916,0.0,-2312320,-1794384
M5_DELAY_4000MS_CONFIRM,3000,-3000,30000,102774,102774,28.11105032822757,0.0,-994418,-891644,102774,102774,28.11105032822757,0.0,-1177218,-1074444,102774,102774,28.11105032822757,0.0,-1360018,-1257244,102774,102774,28.11105032822757,0.0,-1542818,-1440044,102774,102774,28.11105032822757,0.0,-1725618,-1622844
M5_DELAY_4000MS_CONFIRM,3000,-3000,60000,238262,238262,65.17013129102844,0.0,-1126824,-888562,238262,238262,65.17013129102844,0.0,-1309624,-1071362,238262,238262,65.17013129102844,0.0,-1492424,-1254162,238262,238262,65.17013129102844,0.0,-1675224,-1436962,238262,238262,65.17013129102844,0.0,-1858024,-1619762
M5_DELAY_4000MS_CONFIRM,3000,-3000,120000,371580,371580,101.63566739606127,0.0,-1269441,-897861,371580,371580,101.63566739606127,0.0,-1452241,-1080661,371580,371580,101.63566739606127,0.0,-1635041,-1263461,371580,371580,101.63566739606127,0.0,-1817841,-1446261,371580,371580,101.63566739606127,0.0,-2000641,-1629061
M5_DELAY_4000MS_CONFIRM,3000,-2000,30000,48606,48606,13.294857768052516,0.0,-768523,-719917,48606,48606,13.294857768052516,0.0,-951323,-902717,48606,48606,13.294857768052516,0.0,-1134123,-1085517,48606,48606,13.294857768052516,0.0,-1316923,-1268317,48606,48606,13.294857768052516,0.0,-1499723,-1451117
M5_DELAY_4000MS_CONFIRM,3000,-2000,60000,155378,155378,42.49945295404814,0.0,-878119,-722741,155378,155378,42.49945295404814,0.0,-1060919,-905541,155378,155378,42.49945295404814,0.0,-1243719,-1088341,155378,155378,42.49945295404814,0.0,-1426519,-1271141,155378,155378,42.49945295404814,0.0,-1609319,-1453941
M5_DELAY_4000MS_CONFIRM,3000,-2000,120000,259997,259997,71.11515317286653,0.0,-985684,-725687,259997,259997,71.11515317286653,0.0,-1168484,-908487,259997,259997,71.11515317286653,0.0,-1351284,-1091287,259997,259997,71.11515317286653,0.0,-1534084,-1274087,259997,259997,71.11515317286653,0.0,-1716884,-1456887
M5_DELAY_4000MS_CONFIRM,3000,-1500,30000,45911,45911,12.557713347921226,0.0,-661612,-615701,45911,45911,12.557713347921226,0.0,-844412,-798501,45911,45911,12.557713347921226,0.0,-1027212,-981301,45911,45911,12.557713347921226,0.0,-1210012,-1164101,45911,45911,12.557713347921226,0.0,-1392812,-1346901
M5_DELAY_4000MS_CONFIRM,3000,-1500,60000,100688,100688,27.54048140043764,0.0,-714857,-614169,100688,100688,27.54048140043764,0.0,-897657,-796969,100688,100688,27.54048140043764,0.0,-1080457,-979769,100688,100688,27.54048140043764,0.0,-1263257,-1162569,100688,100688,27.54048140043764,0.0,-1446057,-1345369
M5_DELAY_4000MS_CONFIRM,3000,-1500,120000,203512,203512,55.665207877461704,0.0,-820490,-616978,203512,203512,55.665207877461704,0.0,-1003290,-799778,203512,203512,55.665207877461704,0.0,-1186090,-982578,203512,203512,55.665207877461704,0.0,-1368890,-1165378,203512,203512,55.665207877461704,0.0,-1551690,-1348178
M5_DELAY_4000MS_CONFIRM,3000,-1000,30000,17678,17678,4.835339168490153,0.0,-493618,-475940,17678,17678,4.835339168490153,0.0,-676418,-658740,17678,17678,4.835339168490153,0.0,-859218,-841540,17678,17678,4.835339168490153,0.0,-1042018,-1024340,17678,17678,4.835339168490153,0.0,-1224818,-1207140
M5_DELAY_4000MS_CONFIRM,3000,-1000,60000,51597,51597,14.112964989059082,0.0,-525369,-473772,51597,51597,14.112964989059082,0.0,-708169,-656572,51597,51597,14.112964989059082,0.0,-890969,-839372,51597,51597,14.112964989059082,0.0,-1073769,-1022172,51597,51597,14.112964989059082,0.0,-1256569,-1204972
M5_DELAY_4000MS_CONFIRM,3000,-1000,120000,133894,133894,36.62308533916849,0.0,-609845,-475951,133894,133894,36.62308533916849,0.0,-792645,-658751,133894,133894,36.62308533916849,0.0,-975445,-841551,133894,133894,36.62308533916849,0.0,-1158245,-1024351,133894,133894,36.62308533916849,0.0,-1341045,-1207151
M5_DELAY_4000MS_CONFIRM,3000,-700,30000,-587,-587,-0.16055798687089715,0.0,-364099,-364686,-587,-587,-0.16055798687089715,0.0,-546899,-547486,-587,-587,-0.16055798687089715,0.0,-729699,-730286,-587,-587,-0.16055798687089715,0.0,-912499,-913086,-587,-587,-0.16055798687089715,0.0,-1095299,-1095886
M5_DELAY_4000MS_CONFIRM,3000,-700,60000,20345,20345,5.564824945295404,0.0,-384284,-363939,20345,20345,5.564824945295404,0.0,-567084,-546739,20345,20345,5.564824945295404,0.0,-749884,-729539,20345,20345,5.564824945295404,0.0,-932684,-912339,20345,20345,5.564824945295404,0.0,-1115484,-1095139
M5_DELAY_4000MS_CONFIRM,3000,-700,120000,80770,80770,22.09245076586433,0.0,-444685,-363915,80770,80770,22.09245076586433,0.0,-627485,-546715,80770,80770,22.09245076586433,0.0,-810285,-729515,80770,80770,22.09245076586433,0.0,-993085,-912315,80770,80770,22.09245076586433,0.0,-1175885,-1095115
M5_DELAY_4000MS_CONFIRM,3000,-500,30000,-5019,-5019,-1.3728118161925602,0.0,-267119,-272138,-5019,-5019,-1.3728118161925602,0.0,-449919,-454938,-5019,-5019,-1.3728118161925602,0.0,-632719,-637738,-5019,-5019,-1.3728118161925602,0.0,-815519,-820538,-5019,-5019,-1.3728118161925602,0.0,-998319,-1003338
M5_DELAY_4000MS_CONFIRM,3000,-500,60000,3982,3982,1.0891684901531729,0.0,-275973,-271991,3982,3982,1.0891684901531729,0.0,-458773,-454791,3982,3982,1.0891684901531729,0.0,-641573,-637591,3982,3982,1.0891684901531729,0.0,-824373,-820391,3982,3982,1.0891684901531729,0.0,-1007173,-1003191
M5_DELAY_4000MS_CONFIRM,3000,-500,120000,51886,51886,14.192013129102845,0.0,-327520,-275634,51886,51886,14.192013129102845,0.0,-510320,-458434,51886,51886,14.192013129102845,0.0,-693120,-641234,51886,51886,14.192013129102845,0.0,-875920,-824034,51886,51886,14.192013129102845,0.0,-1058720,-1006834
M5_DELAY_4000MS_CONFIRM,3000,-300,30000,-18507,-18507,-5.062089715536105,0.0,-149122,-167629,-18507,-18507,-5.062089715536105,0.0,-331922,-350429,-18507,-18507,-5.062089715536105,0.0,-514722,-533229,-18507,-18507,-5.062089715536105,0.0,-697522,-716029,-18507,-18507,-5.062089715536105,0.0,-880322,-898829
M5_DELAY_4000MS_CONFIRM,3000,-300,60000,-20371,-20371,-5.571936542669584,0.0,-151231,-171602,-20371,-20371,-5.571936542669584,0.0,-334031,-354402,-20371,-20371,-5.571936542669584,0.0,-516831,-537202,-20371,-20371,-5.571936542669584,0.0,-699631,-720002,-20371,-20371,-5.571936542669584,0.0,-882431,-902802
M5_DELAY_4000MS_CONFIRM,3000,-300,120000,-4072,-4072,-1.113785557986871,0.0,-167530,-171602,-4072,-4072,-1.113785557986871,0.0,-350330,-354402,-4072,-4072,-1.113785557986871,0.0,-533130,-537202,-4072,-4072,-1.113785557986871,0.0,-715930,-720002,-4072,-4072,-1.113785557986871,0.0,-898730,-902802
M5_DELAY_4000MS_CONFIRM,3000,-200,30000,-32234,-32234,-8.816739606126914,0.0,-71437,-103671,-32234,-32234,-8.816739606126914,0.0,-254237,-286471,-32234,-32234,-8.816739606126914,0.0,-437037,-469271,-32234,-32234,-8.816739606126914,0.0,-619837,-652071,-32234,-32234,-8.816739606126914,0.0,-802637,-834871
M5_DELAY_4000MS_CONFIRM,3000,-200,60000,-45100,-45100,-12.335886214442013,0.0,-66112,-111212,-45100,-45100,-12.335886214442013,0.0,-248912,-294012,-45100,-45100,-12.335886214442013,0.0,-431712,-476812,-45100,-45100,-12.335886214442013,0.0,-614512,-659612,-45100,-45100,-12.335886214442013,0.0,-797312,-842412
M5_DELAY_4000MS_CONFIRM,3000,-200,120000,-45072,-45072,-12.328227571115974,0.0,-66140,-111212,-45072,-45072,-12.328227571115974,0.0,-248940,-294012,-45072,-45072,-12.328227571115974,0.0,-431740,-476812,-45072,-45072,-12.328227571115974,0.0,-614540,-659612,-45072,-45072,-12.328227571115974,0.0,-797340,-842412
M5_DELAY_4000MS_CONFIRM,5000,-6000,30000,169579,169579,46.38375273522976,0.0,-1223501,-1053922,169579,169579,46.38375273522976,0.0,-1406301,-1236722,169579,169579,46.38375273522976,0.0,-1589101,-1419522,169579,169579,46.38375273522976,0.0,-1771901,-1602322,169579,169579,46.38375273522976,0.0,-1954701,-1785122
M5_DELAY_4000MS_CONFIRM,5000,-6000,60000,375597,375597,102.73440919037199,0.0,-1471773,-1096176,375597,375597,102.73440919037199,0.0,-1654573,-1278976,375597,375597,102.73440919037199,0.0,-1837373,-1461776,375597,375597,102.73440919037199,0.0,-2020173,-1644576,375597,375597,102.73440919037199,0.0,-2202973,-1827376
M5_DELAY_4000MS_CONFIRM,5000,-6000,120000,494910,494910,135.36925601750548,0.0,-1620038,-1125128,494910,494910,135.36925601750548,0.0,-1802838,-1307928,494910,494910,135.36925601750548,0.0,-1985638,-1490728,494910,494910,135.36925601750548,0.0,-2168438,-1673528,494910,494910,135.36925601750548,0.0,-2351238,-1856328
M5_DELAY_4000MS_CONFIRM,5000,-5000,30000,152722,152722,41.77297592997812,0.0,-1155634,-1002912,152722,152722,41.77297592997812,0.0,-1338434,-1185712,152722,152722,41.77297592997812,0.0,-1521234,-1368512,152722,152722,41.77297592997812,0.0,-1704034,-1551312,152722,152722,41.77297592997812,0.0,-1886834,-1734112
M5_DELAY_4000MS_CONFIRM,5000,-5000,60000,356233,356233,97.4379102844639,0.0,-1401082,-1044849,356233,356233,97.4379102844639,0.0,-1583882,-1227649,356233,356233,97.4379102844639,0.0,-1766682,-1410449,356233,356233,97.4379102844639,0.0,-1949482,-1593249,356233,356233,97.4379102844639,0.0,-2132282,-1776049
M5_DELAY_4000MS_CONFIRM,5000,-5000,120000,475701,475701,130.1151531728665,0.0,-1543665,-1067964,475701,475701,130.1151531728665,0.0,-1726465,-1250764,475701,475701,130.1151531728665,0.0,-1909265,-1433564,475701,475701,130.1151531728665,0.0,-2092065,-1616364,475701,475701,130.1151531728665,0.0,-2274865,-1799164
M5_DELAY_4000MS_CONFIRM,5000,-3000,30000,97681,97681,26.717997811816193,0.0,-958730,-861049,97681,97681,26.717997811816193,0.0,-1141530,-1043849,97681,97681,26.717997811816193,0.0,-1324330,-1226649,97681,97681,26.717997811816193,0.0,-1507130,-1409449,97681,97681,26.717997811816193,0.0,-1689930,-1592249
M5_DELAY_4000MS_CONFIRM,5000,-3000,60000,215013,215013,58.81099562363239,0.0,-1099372,-884359,215013,215013,58.81099562363239,0.0,-1282172,-1067159,215013,215013,58.81099562363239,0.0,-1464972,-1249959,215013,215013,58.81099562363239,0.0,-1647772,-1432759,215013,215013,58.81099562363239,0.0,-1830572,-1615559
M5_DELAY_4000MS_CONFIRM,5000,-3000,120000,314277,314277,85.96198030634574,0.0,-1215811,-901534,314277,314277,85.96198030634574,0.0,-1398611,-1084334,314277,314277,85.96198030634574,0.0,-1581411,-1267134,314277,314277,85.96198030634574,0.0,-1764211,-1449934,314277,314277,85.96198030634574,0.0,-1947011,-1632734
M5_DELAY_4000MS_CONFIRM,5000,-2000,30000,37708,37708,10.314004376367615,0.0,-726030,-688322,37708,37708,10.314004376367615,0.0,-908830,-871122,37708,37708,10.314004376367615,0.0,-1091630,-1053922,37708,37708,10.314004376367615,0.0,-1274430,-1236722,37708,37708,10.314004376367615,0.0,-1457230,-1419522
M5_DELAY_4000MS_CONFIRM,5000,-2000,60000,128303,128303,35.09381838074398,0.0,-842604,-714301,128303,128303,35.09381838074398,0.0,-1025404,-897101,128303,128303,35.09381838074398,0.0,-1208204,-1079901,128303,128303,35.09381838074398,0.0,-1391004,-1262701,128303,128303,35.09381838074398,0.0,-1573804,-1445501
M5_DELAY_4000MS_CONFIRM,5000,-2000,120000,215827,215827,59.03364332603939,0.0,-939442,-723615,215827,215827,59.03364332603939,0.0,-1122242,-906415,215827,215827,59.03364332603939,0.0,-1305042,-1089215,215827,215827,59.03364332603939,0.0,-1487842,-1272015,215827,215827,59.03364332603939,0.0,-1670642,-1454815
M5_DELAY_4000MS_CONFIRM,5000,-1500,30000,32965,32965,9.016684901531729,0.0,-615504,-582539,32965,32965,9.016684901531729,0.0,-798304,-765339,32965,32965,9.016684901531729,0.0,-981104,-948139,32965,32965,9.016684901531729,0.0,-1163904,-1130939,32965,32965,9.016684901531729,0.0,-1346704,-1313739
M5_DELAY_4000MS_CONFIRM,5000,-1500,60000,80783,80783,22.096006564551423,0.0,-677512,-596729,80783,80783,22.096006564551423,0.0,-860312,-779529,80783,80783,22.096006564551423,0.0,-1043112,-962329,80783,80783,22.096006564551423,0.0,-1225912,-1145129,80783,80783,22.096006564551423,0.0,-1408712,-1327929
M5_DELAY_4000MS_CONFIRM,5000,-1500,120000,167376,167376,45.78118161925602,0.0,-772782,-605406,167376,167376,45.78118161925602,0.0,-955582,-788206,167376,167376,45.78118161925602,0.0,-1138382,-971006,167376,167376,45.78118161925602,0.0,-1321182,-1153806,167376,167376,45.78118161925602,0.0,-1503982,-1336606
M5_DELAY_4000MS_CONFIRM,5000,-1000,30000,6702,6702,1.8331509846827134,0.0,-450196,-443494,6702,6702,1.8331509846827134,0.0,-632996,-626294,6702,6702,1.8331509846827134,0.0,-815796,-809094,6702,6702,1.8331509846827134,0.0,-998596,-991894,6702,6702,1.8331509846827134,0.0,-1181396,-1174694
M5_DELAY_4000MS_CONFIRM,5000,-1000,60000,43523,43523,11.904540481400439,0.0,-496821,-453298,43523,43523,11.904540481400439,0.0,-679621,-636098,43523,43523,11.904540481400439,0.0,-862421,-818898,43523,43523,11.904540481400439,0.0,-1045221,-1001698,43523,43523,11.904540481400439,0.0,-1228021,-1184498
M5_DELAY_4000MS_CONFIRM,5000,-1000,120000,111383,111383,30.465809628008753,0.0,-571278,-459895,111383,111383,30.465809628008753,0.0,-754078,-642695,111383,111383,30.465809628008753,0.0,-936878,-825495,111383,111383,30.465809628008753,0.0,-1119678,-1008295,111383,111383,30.465809628008753,0.0,-1302478,-1191095
M5_DELAY_4000MS_CONFIRM,5000,-700,30000,-12838,-12838,-3.511487964989059,0.0,-322105,-334943,-12838,-12838,-3.511487964989059,0.0,-504905,-517743,-12838,-12838,-3.511487964989059,0.0,-687705,-700543,-12838,-12838,-3.511487964989059,0.0,-870505,-883343,-12838,-12838,-3.511487964989059,0.0,-1053305,-1066143
M5_DELAY_4000MS_CONFIRM,5000,-700,60000,10750,10750,2.9403719912472646,0.0,-349132,-338382,10750,10750,2.9403719912472646,0.0,-531932,-521182,10750,10750,2.9403719912472646,0.0,-714732,-703982,10750,10750,2.9403719912472646,0.0,-897532,-886782,10750,10750,2.9403719912472646,0.0,-1080332,-1069582
M5_DELAY_4000MS_CONFIRM,5000,-700,120000,66115,66115,18.083971553610503,0.0,-407023,-340908,66115,66115,18.083971553610503,0.0,-589823,-523708,66115,66115,18.083971553610503,0.0,-772623,-706508,66115,66115,18.083971553610503,0.0,-955423,-889308,66115,66115,18.083971553610503,0.0,-1138223,-1072108
M5_DELAY_4000MS_CONFIRM,5000,-500,30000,-15507,-15507,-4.241520787746171,0.0,-222588,-238095,-15507,-15507,-4.241520787746171,0.0,-405388,-420895,-15507,-15507,-4.241520787746171,0.0,-588188,-603695,-15507,-15507,-4.241520787746171,0.0,-770988,-786495,-15507,-15507,-4.241520787746171,0.0,-953788,-969295
M5_DELAY_4000MS_CONFIRM,5000,-500,60000,-7029,-7029,-1.9225929978118161,0.0,-234105,-241134,-7029,-7029,-1.9225929978118161,0.0,-416905,-423934,-7029,-7029,-1.9225929978118161,0.0,-599705,-606734,-7029,-7029,-1.9225929978118161,0.0,-782505,-789534,-7029,-7029,-1.9225929978118161,0.0,-965305,-972334
M5_DELAY_4000MS_CONFIRM,5000,-500,120000,28287,28287,7.737144420131291,0.0,-271914,-243627,28287,28287,7.737144420131291,0.0,-454714,-426427,28287,28287,7.737144420131291,0.0,-637514,-609227,28287,28287,7.737144420131291,0.0,-820314,-792027,28287,28287,7.737144420131291,0.0,-1003114,-974827
M5_DELAY_4000MS_CONFIRM,5000,-300,30000,-25657,-25657,-7.017778993435448,0.0,-114197,-139854,-25657,-25657,-7.017778993435448,0.0,-296997,-322654,-25657,-25657,-7.017778993435448,0.0,-479797,-505454,-25657,-25657,-7.017778993435448,0.0,-662597,-688254,-25657,-25657,-7.017778993435448,0.0,-845397,-871054
M5_DELAY_4000MS_CONFIRM,5000,-300,60000,-30647,-30647,-8.382658643326039,0.0,-118498,-149145,-30647,-30647,-8.382658643326039,0.0,-301298,-331945,-30647,-30647,-8.382658643326039,0.0,-484098,-514745,-30647,-30647,-8.382658643326039,0.0,-666898,-697545,-30647,-30647,-8.382658643326039,0.0,-849698,-880345
M5_DELAY_4000MS_CONFIRM,5000,-300,120000,-26667,-26667,-7.294037199124727,0.0,-121328,-147995,-26667,-26667,-7.294037199124727,0.0,-304128,-330795,-26667,-26667,-7.294037199124727,0.0,-486928,-513595,-26667,-26667,-7.294037199124727,0.0,-669728,-696395,-26667,-26667,-7.294037199124727,0.0,-852528,-879195
M5_DELAY_4000MS_CONFIRM,5000,-200,30000,-37737,-37737,-10.321936542669585,0.0,-37859,-75596,-37737,-37737,-10.321936542669585,0.0,-220659,-258396,-37737,-37737,-10.321936542669585,0.0,-403459,-441196,-37737,-37737,-10.321936542669585,0.0,-586259,-623996,-37737,-37737,-10.321936542669585,0.0,-769059,-806796
M5_DELAY_4000MS_CONFIRM,5000,-200,60000,-52532,-52532,-14.36870897155361,0.0,-39188,-91720,-52532,-52532,-14.36870897155361,0.0,-221988,-274520,-52532,-52532,-14.36870897155361,0.0,-404788,-457320,-52532,-52532,-14.36870897155361,0.0,-587588,-640120,-52532,-52532,-14.36870897155361,0.0,-770388,-822920
M5_DELAY_4000MS_CONFIRM,5000,-200,120000,-65423,-65423,-17.89469365426696,0.0,-25382,-90805,-65423,-65423,-17.89469365426696,0.0,-208182,-273605,-65423,-65423,-17.89469365426696,0.0,-390982,-456405,-65423,-65423,-17.89469365426696,0.0,-573782,-639205,-65423,-65423,-17.89469365426696,0.0,-756582,-822005
M5_DELAY_4000MS_CONFIRM,6000,-6000,30000,159531,159531,43.63539387308534,0.0,-1217033,-1057502,159531,159531,43.63539387308534,0.0,-1399833,-1240302,159531,159531,43.63539387308534,0.0,-1582633,-1423102,159531,159531,43.63539387308534,0.0,-1765433,-1605902,159531,159531,43.63539387308534,0.0,-1948233,-1788702
M5_DELAY_4000MS_CONFIRM,6000,-6000,60000,365910,365910,100.08479212253829,0.0,-1477063,-1111153,365910,365910,100.08479212253829,0.0,-1659863,-1293953,365910,365910,100.08479212253829,0.0,-1842663,-1476753,365910,365910,100.08479212253829,0.0,-2025463,-1659553,365910,365910,100.08479212253829,0.0,-2208263,-1842353
M5_DELAY_4000MS_CONFIRM,6000,-6000,120000,472643,472643,129.27871991247264,0.0,-1626770,-1154127,472643,472643,129.27871991247264,0.0,-1809570,-1336927,472643,472643,129.27871991247264,0.0,-1992370,-1519727,472643,472643,129.27871991247264,0.0,-2175170,-1702527,472643,472643,129.27871991247264,0.0,-2357970,-1885327
M5_DELAY_4000MS_CONFIRM,6000,-5000,30000,142674,142674,39.024617067833695,0.0,-1148166,-1005492,142674,142674,39.024617067833695,0.0,-1330966,-1188292,142674,142674,39.024617067833695,0.0,-1513766,-1371092,142674,142674,39.024617067833695,0.0,-1696566,-1553892,142674,142674,39.024617067833695,0.0,-1879366,-1736692
M5_DELAY_4000MS_CONFIRM,6000,-5000,60000,346457,346457,94.76394967177242,0.0,-1406283,-1059826,346457,346457,94.76394967177242,0.0,-1589083,-1242626,346457,346457,94.76394967177242,0.0,-1771883,-1425426,346457,346457,94.76394967177242,0.0,-1954683,-1608226,346457,346457,94.76394967177242,0.0,-2137483,-1791026
M5_DELAY_4000MS_CONFIRM,6000,-5000,120000,454476,454476,124.30962800875274,0.0,-1550439,-1095963,454476,454476,124.30962800875274,0.0,-1733239,-1278763,454476,454476,124.30962800875274,0.0,-1916039,-1461563,454476,454476,124.30962800875274,0.0,-2098839,-1644363,454476,454476,124.30962800875274,0.0,-2281639,-1827163
M5_DELAY_4000MS_CONFIRM,6000,-3000,30000,89633,89633,24.51668490153173,0.0,-955612,-865979,89633,89633,24.51668490153173,0.0,-1138412,-1048779,89633,89633,24.51668490153173,0.0,-1321212,-1231579,89633,89633,24.51668490153173,0.0,-1504012,-1414379,89633,89633,24.51668490153173,0.0,-1686812,-1597179
M5_DELAY_4000MS_CONFIRM,6000,-3000,60000,207428,207428,56.7363238512035,0.0,-1101696,-894268,207428,207428,56.7363238512035,0.0,-1284496,-1077068,207428,207428,56.7363238512035,0.0,-1467296,-1259868,207428,207428,56.7363238512035,0.0,-1650096,-1442668,207428,207428,56.7363238512035,0.0,-1832896,-1625468
M5_DELAY_4000MS_CONFIRM,6000,-3000,120000,299904,299904,82.03063457330416,0.0,-1223321,-923417,299904,299904,82.03063457330416,0.0,-1406121,-1106217,299904,299904,82.03063457330416,0.0,-1588921,-1289017,299904,299904,82.03063457330416,0.0,-1771721,-1471817,299904,299904,82.03063457330416,0.0,-1954521,-1654617
M5_DELAY_4000MS_CONFIRM,6000,-2000,30000,29660,29660,8.11269146608315,0.0,-725474,-695814,29660,29660,8.11269146608315,0.0,-908274,-878614,29660,29660,8.11269146608315,0.0,-1091074,-1061414,29660,29660,8.11269146608315,0.0,-1273874,-1244214,29660,29660,8.11269146608315,0.0,-1456674,-1427014
M5_DELAY_4000MS_CONFIRM,6000,-2000,60000,118235,118235,32.33998905908096,0.0,-845556,-727321,118235,118235,32.33998905908096,0.0,-1028356,-910121,118235,118235,32.33998905908096,0.0,-1211156,-1092921,118235,118235,32.33998905908096,0.0,-1393956,-1275721,118235,118235,32.33998905908096,0.0,-1576756,-1458521
M5_DELAY_4000MS_CONFIRM,6000,-2000,120000,210534,210534,57.58588621444201,0.0,-953169,-742635,210534,210534,57.58588621444201,0.0,-1135969,-925435,210534,210534,57.58588621444201,0.0,-1318769,-1108235,210534,210534,57.58588621444201,0.0,-1501569,-1291035,210534,210534,57.58588621444201,0.0,-1684369,-1473835
M5_DELAY_4000MS_CONFIRM,6000,-1500,30000,26901,26901,7.358041575492341,0.0,-622926,-596025,26901,26901,7.358041575492341,0.0,-805726,-778825,26901,26901,7.358041575492341,0.0,-988526,-961625,26901,26901,7.358041575492341,0.0,-1171326,-1144425,26901,26901,7.358041575492341,0.0,-1354126,-1327225
M5_DELAY_4000MS_CONFIRM,6000,-1500,60000,76552,76552,20.938730853391686,0.0,-691295,-614743,76552,76552,20.938730853391686,0.0,-874095,-797543,76552,76552,20.938730853391686,0.0,-1056895,-980343,76552,76552,20.938730853391686,0.0,-1239695,-1163143,76552,76552,20.938730853391686,0.0,-1422495,-1345943
M5_DELAY_4000MS_CONFIRM,6000,-1500,120000,166219,166219,45.46471553610503,0.0,-795139,-628920,166219,166219,45.46471553610503,0.0,-977939,-811720,166219,166219,45.46471553610503,0.0,-1160739,-994520,166219,166219,45.46471553610503,0.0,-1343539,-1177320,166219,166219,45.46471553610503,0.0,-1526339,-1360120
M5_DELAY_4000MS_CONFIRM,6000,-1000,30000,1638,1638,0.44803063457330417,0.0,-452118,-450480,1638,1638,0.44803063457330417,0.0,-634918,-633280,1638,1638,0.44803063457330417,0.0,-817718,-816080,1638,1638,0.44803063457330417,0.0,-1000518,-998880,1638,1638,0.44803063457330417,0.0,-1183318,-1181680
M5_DELAY_4000MS_CONFIRM,6000,-1000,60000,41343,41343,11.308260393873086,0.0,-506155,-464812,41343,41343,11.308260393873086,0.0,-688955,-647612,41343,41343,11.308260393873086,0.0,-871755,-830412,41343,41343,11.308260393873086,0.0,-1054555,-1013212,41343,41343,11.308260393873086,0.0,-1237355,-1196012
M5_DELAY_4000MS_CONFIRM,6000,-1000,120000,101379,101379,27.72948577680525,0.0,-577788,-476409,101379,101379,27.72948577680525,0.0,-760588,-659209,101379,101379,27.72948577680525,0.0,-943388,-842009,101379,101379,27.72948577680525,0.0,-1126188,-1024809,101379,101379,27.72948577680525,0.0,-1308988,-1207609
M5_DELAY_4000MS_CONFIRM,6000,-700,30000,-17902,-17902,-4.896608315098468,0.0,-324427,-342329,-17902,-17902,-4.896608315098468,0.0,-507227,-525129,-17902,-17902,-4.896608315098468,0.0,-690027,-707929,-17902,-17902,-4.896608315098468,0.0,-872827,-890729,-17902,-17902,-4.896608315098468,0.0,-1055627,-1073529
M5_DELAY_4000MS_CONFIRM,6000,-700,60000,9163,9163,2.5062910284463893,0.0,-359859,-350696,9163,9163,2.5062910284463893,0.0,-542659,-533496,9163,9163,2.5062910284463893,0.0,-725459,-716296,9163,9163,2.5062910284463893,0.0,-908259,-899096,9163,9163,2.5062910284463893,0.0,-1091059,-1081896
M5_DELAY_4000MS_CONFIRM,6000,-700,120000,56385,56385,15.422592997811817,0.0,-414307,-357922,56385,56385,15.422592997811817,0.0,-597107,-540722,56385,56385,15.422592997811817,0.0,-779907,-723522,56385,56385,15.422592997811817,0.0,-962707,-906322,56385,56385,15.422592997811817,0.0,-1145507,-1089122
M5_DELAY_4000MS_CONFIRM,6000,-500,30000,-19571,-19571,-5.353118161925602,0.0,-225510,-245081,-19571,-19571,-5.353118161925602,0.0,-408310,-427881,-19571,-19571,-5.353118161925602,0.0,-591110,-610681,-19571,-19571,-5.353118161925602,0.0,-773910,-793481,-19571,-19571,-5.353118161925602,0.0,-956710,-976281
M5_DELAY_4000MS_CONFIRM,6000,-500,60000,-8411,-8411,-2.3006017505470457,0.0,-244237,-252648,-8411,-8411,-2.3006017505470457,0.0,-427037,-435448,-8411,-8411,-2.3006017505470457,0.0,-609837,-618248,-8411,-8411,-2.3006017505470457,0.0,-792637,-801048,-8411,-8411,-2.3006017505470457,0.0,-975437,-983848
M5_DELAY_4000MS_CONFIRM,6000,-500,120000,19851,19851,5.429704595185996,0.0,-279492,-259641,19851,19851,5.429704595185996,0.0,-462292,-442441,19851,19851,5.429704595185996,0.0,-645092,-625241,19851,19851,5.429704595185996,0.0,-827892,-808041,19851,19851,5.429704595185996,0.0,-1010692,-990841
M5_DELAY_4000MS_CONFIRM,6000,-300,30000,-28721,-28721,-7.855853391684901,0.0,-118870,-147591,-28721,-28721,-7.855853391684901,0.0,-301670,-330391,-28721,-28721,-7.855853391684901,0.0,-484470,-513191,-28721,-28721,-7.855853391684901,0.0,-667270,-695991,-28721,-28721,-7.855853391684901,0.0,-850070,-878791
M5_DELAY_4000MS_CONFIRM,6000,-300,60000,-37664,-37664,-10.301969365426697,0.0,-119771,-157435,-37664,-37664,-10.301969365426697,0.0,-302571,-340235,-37664,-37664,-10.301969365426697,0.0,-485371,-523035,-37664,-37664,-10.301969365426697,0.0,-668171,-705835,-37664,-37664,-10.301969365426697,0.0,-850971,-888635
M5_DELAY_4000MS_CONFIRM,6000,-300,120000,-38997,-38997,-10.666575492341357,0.0,-121588,-160585,-38997,-38997,-10.666575492341357,0.0,-304388,-343385,-38997,-38997,-10.666575492341357,0.0,-487188,-526185,-38997,-38997,-10.666575492341357,0.0,-669988,-708985,-38997,-38997,-10.666575492341357,0.0,-852788,-891785
M5_DELAY_4000MS_CONFIRM,6000,-200,30000,-39801,-39801,-10.886487964989058,0.0,-44578,-84379,-39801,-39801,-10.886487964989058,0.0,-227378,-267179,-39801,-39801,-10.886487964989058,0.0,-410178,-449979,-39801,-39801,-10.886487964989058,0.0,-592978,-632779,-39801,-39801,-10.886487964989058,0.0,-775778,-815579
M5_DELAY_4000MS_CONFIRM,6000,-200,60000,-58584,-58584,-16.024070021881837,0.0,-41026,-99610,-58584,-58584,-16.024070021881837,0.0,-223826,-282410,-58584,-58584,-16.024070021881837,0.0,-406626,-465210,-58584,-58584,-16.024070021881837,0.0,-589426,-648010,-58584,-58584,-16.024070021881837,0.0,-772226,-830810
M5_DELAY_4000MS_CONFIRM,6000,-200,120000,-80285,-80285,-21.959792122538293,0.0,-18410,-98695,-80285,-80285,-21.959792122538293,0.0,-201210,-281495,-80285,-80285,-21.959792122538293,0.0,-384010,-464295,-80285,-80285,-21.959792122538293,0.0,-566810,-647095,-80285,-80285,-21.959792122538293,0.0,-749610,-829895
M5_DELAY_4000MS_CONFIRM,7500,-6000,30000,150993,150993,41.30005470459518,0.0,-1204921,-1053928,150993,150993,41.30005470459518,0.0,-1387721,-1236728,150993,150993,41.30005470459518,0.0,-1570521,-1419528,150993,150993,41.30005470459518,0.0,-1753321,-1602328,150993,150993,41.30005470459518,0.0,-1936121,-1785128
M5_DELAY_4000MS_CONFIRM,7500,-6000,60000,404988,404988,110.77352297592998,0.0,-1508523,-1103535,404988,404988,110.77352297592998,0.0,-1691323,-1286335,404988,404988,110.77352297592998,0.0,-1874123,-1469135,404988,404988,110.77352297592998,0.0,-2056923,-1651935,404988,404988,110.77352297592998,0.0,-2239723,-1834735
M5_DELAY_4000MS_CONFIRM,7500,-6000,120000,502475,502475,137.43845733041576,0.0,-1665810,-1163335,502475,502475,137.43845733041576,0.0,-1848610,-1346135,502475,502475,137.43845733041576,0.0,-2031410,-1528935,502475,502475,137.43845733041576,0.0,-2214210,-1711735,502475,502475,137.43845733041576,0.0,-2397010,-1894535
M5_DELAY_4000MS_CONFIRM,7500,-5000,30000,134136,134136,36.689277899343544,0.0,-1136054,-1001918,134136,134136,36.689277899343544,0.0,-1318854,-1184718,134136,134136,36.689277899343544,0.0,-1501654,-1367518,134136,134136,36.689277899343544,0.0,-1684454,-1550318,134136,134136,36.689277899343544,0.0,-1867254,-1733118
M5_DELAY_4000MS_CONFIRM,7500,-5000,60000,374584,374584,102.45733041575492,0.0,-1427292,-1052708,374584,374584,102.45733041575492,0.0,-1610092,-1235508,374584,374584,102.45733041575492,0.0,-1792892,-1418308,374584,374584,102.45733041575492,0.0,-1975692,-1601108,374584,374584,102.45733041575492,0.0,-2158492,-1783908
M5_DELAY_4000MS_CONFIRM,7500,-5000,120000,483759,483759,132.31920131291028,0.0,-1588430,-1104671,483759,483759,132.31920131291028,0.0,-1771230,-1287471,483759,483759,132.31920131291028,0.0,-1954030,-1470271,483759,483759,132.31920131291028,0.0,-2136830,-1653071,483759,483759,132.31920131291028,0.0,-2319630,-1835871
M5_DELAY_4000MS_CONFIRM,7500,-3000,30000,84095,84095,23.00191466083151,0.0,-943353,-859258,84095,84095,23.00191466083151,0.0,-1126153,-1042058,84095,84095,23.00191466083151,0.0,-1308953,-1224858,84095,84095,23.00191466083151,0.0,-1491753,-1407658,84095,84095,23.00191466083151,0.0,-1674553,-1590458
M5_DELAY_4000MS_CONFIRM,7500,-3000,60000,234802,234802,64.22374179431073,0.0,-1124787,-889985,234802,234802,64.22374179431073,0.0,-1307587,-1072785,234802,234802,64.22374179431073,0.0,-1490387,-1255585,234802,234802,64.22374179431073,0.0,-1673187,-1438385,234802,234802,64.22374179431073,0.0,-1855987,-1621185
M5_DELAY_4000MS_CONFIRM,7500,-3000,120000,326735,326735,89.3695295404814,0.0,-1262856,-936121,326735,326735,89.3695295404814,0.0,-1445656,-1118921,326735,326735,89.3695295404814,0.0,-1628456,-1301721,326735,326735,89.3695295404814,0.0,-1811256,-1484521,326735,326735,89.3695295404814,0.0,-1994056,-1667321
M5_DELAY_4000MS_CONFIRM,7500,-2000,30000,24122,24122,6.597921225382932,0.0,-718215,-694093,24122,24122,6.597921225382932,0.0,-901015,-876893,24122,24122,6.597921225382932,0.0,-1083815,-1059693,24122,24122,6.597921225382932,0.0,-1266615,-1242493,24122,24122,6.597921225382932,0.0,-1449415,-1425293
M5_DELAY_4000MS_CONFIRM,7500,-2000,60000,143109,143109,39.143599562363235,0.0,-869147,-726038,143109,143109,39.143599562363235,0.0,-1051947,-908838,143109,143109,39.143599562363235,0.0,-1234747,-1091638,143109,143109,39.143599562363235,0.0,-1417547,-1274438,143109,143109,39.143599562363235,0.0,-1600347,-1457238
M5_DELAY_4000MS_CONFIRM,7500,-2000,120000,233547,233547,63.8804704595186,0.0,-994428,-760881,233547,233547,63.8804704595186,0.0,-1177228,-943681,233547,233547,63.8804704595186,0.0,-1360028,-1126481,233547,233547,63.8804704595186,0.0,-1542828,-1309281,233547,233547,63.8804704595186,0.0,-1725628,-1492081
M5_DELAY_4000MS_CONFIRM,7500,-1500,30000,20474,20474,5.600109409190372,0.0,-618297,-597823,20474,20474,5.600109409190372,0.0,-801097,-780623,20474,20474,5.600109409190372,0.0,-983897,-963423,20474,20474,5.600109409190372,0.0,-1166697,-1146223,20474,20474,5.600109409190372,0.0,-1349497,-1329023
M5_DELAY_4000MS_CONFIRM,7500,-1500,60000,76926,76926,21.041028446389497,0.0,-693386,-616460,76926,76926,21.041028446389497,0.0,-876186,-799260,76926,76926,21.041028446389497,0.0,-1058986,-982060,76926,76926,21.041028446389497,0.0,-1241786,-1164860,76926,76926,21.041028446389497,0.0,-1424586,-1347660
M5_DELAY_4000MS_CONFIRM,7500,-1500,120000,168952,168952,46.21225382932166,0.0,-818118,-649166,168952,168952,46.21225382932166,0.0,-1000918,-831966,168952,168952,46.21225382932166,0.0,-1183718,-1014766,168952,168952,46.21225382932166,0.0,-1366518,-1197566,168952,168952,46.21225382932166,0.0,-1549318,-1380366
M5_DELAY_4000MS_CONFIRM,7500,-1000,30000,-4597,-4597,-1.2573851203501094,0.0,-445740,-450337,-4597,-4597,-1.2573851203501094,0.0,-628540,-633137,-4597,-4597,-1.2573851203501094,0.0,-811340,-815937,-4597,-4597,-1.2573851203501094,0.0,-994140,-998737,-4597,-4597,-1.2573851203501094,0.0,-1176940,-1181537
M5_DELAY_4000MS_CONFIRM,7500,-1000,60000,42125,42125,11.522155361050329,0.0,-506711,-464586,42125,42125,11.522155361050329,0.0,-689511,-647386,42125,42125,11.522155361050329,0.0,-872311,-830186,42125,42125,11.522155361050329,0.0,-1055111,-1012986,42125,42125,11.522155361050329,0.0,-1237911,-1195786
M5_DELAY_4000MS_CONFIRM,7500,-1000,120000,107664,107664,29.448577680525165,0.0,-604819,-497155,107664,107664,29.448577680525165,0.0,-787619,-679955,107664,107664,29.448577680525165,0.0,-970419,-862755,107664,107664,29.448577680525165,0.0,-1153219,-1045555,107664,107664,29.448577680525165,0.0,-1336019,-1228355
M5_DELAY_4000MS_CONFIRM,7500,-700,30000,-24137,-24137,-6.602024070021882,0.0,-317843,-341980,-24137,-24137,-6.602024070021882,0.0,-500643,-524780,-24137,-24137,-6.602024070021882,0.0,-683443,-707580,-24137,-24137,-6.602024070021882,0.0,-866243,-890380,-24137,-24137,-6.602024070021882,0.0,-1049043,-1073180
M5_DELAY_4000MS_CONFIRM,7500,-700,60000,15517,15517,4.244256017505471,0.0,-358886,-343369,15517,15517,4.244256017505471,0.0,-541686,-526169,15517,15517,4.244256017505471,0.0,-724486,-708969,15517,15517,4.244256017505471,0.0,-907286,-891769,15517,15517,4.244256017505471,0.0,-1090086,-1074569
M5_DELAY_4000MS_CONFIRM,7500,-700,120000,68670,68670,18.782822757111596,0.0,-432285,-363615,68670,68670,18.782822757111596,0.0,-615085,-546415,68670,68670,18.782822757111596,0.0,-797885,-729215,68670,68670,18.782822757111596,0.0,-980685,-912015,68670,68670,18.782822757111596,0.0,-1163485,-1094815
M5_DELAY_4000MS_CONFIRM,7500,-500,30000,-24306,-24306,-6.648249452954048,0.0,-220026,-244332,-24306,-24306,-6.648249452954048,0.0,-402826,-427132,-24306,-24306,-6.648249452954048,0.0,-585626,-609932,-24306,-24306,-6.648249452954048,0.0,-768426,-792732,-24306,-24306,-6.648249452954048,0.0,-951226,-975532
M5_DELAY_4000MS_CONFIRM,7500,-500,60000,543,543,0.14852297592997812,0.0,-245464,-244921,543,543,0.14852297592997812,0.0,-428264,-427721,543,543,0.14852297592997812,0.0,-611064,-610521,543,543,0.14852297592997812,0.0,-793864,-793321,543,543,0.14852297592997812,0.0,-976664,-976121
M5_DELAY_4000MS_CONFIRM,7500,-500,120000,35865,35865,9.809901531728665,0.0,-300399,-264534,35865,35865,9.809901531728665,0.0,-483199,-447334,35865,35865,9.809901531728665,0.0,-665999,-630134,35865,35865,9.809901531728665,0.0,-848799,-812934,35865,35865,9.809901531728665,0.0,-1031599,-995734
M5_DELAY_4000MS_CONFIRM,7500,-300,30000,-33534,-33534,-9.172319474835886,0.0,-114408,-147942,-33534,-33534,-9.172319474835886,0.0,-297208,-330742,-33534,-33534,-9.172319474835886,0.0,-480008,-513542,-33534,-33534,-9.172319474835886,0.0,-662808,-696342,-33534,-33534,-9.172319474835886,0.0,-845608,-879142
M5_DELAY_4000MS_CONFIRM,7500,-300,60000,-38042,-38042,-10.405361050328228,0.0,-110949,-148991,-38042,-38042,-10.405361050328228,0.0,-293749,-331791,-38042,-38042,-10.405361050328228,0.0,-476549,-514591,-38042,-38042,-10.405361050328228,0.0,-659349,-697391,-38042,-38042,-10.405361050328228,0.0,-842149,-880191
M5_DELAY_4000MS_CONFIRM,7500,-300,120000,-35263,-35263,-9.64524070021882,0.0,-118315,-153578,-35263,-35263,-9.64524070021882,0.0,-301115,-336378,-35263,-35263,-9.64524070021882,0.0,-483915,-519178,-35263,-35263,-9.64524070021882,0.0,-666715,-701978,-35263,-35263,-9.64524070021882,0.0,-849515,-884778
M5_DELAY_4000MS_CONFIRM,7500,-200,30000,-43114,-43114,-11.792669584245077,0.0,-41416,-84530,-43114,-43114,-11.792669584245077,0.0,-224216,-267330,-43114,-43114,-11.792669584245077,0.0,-407016,-450130,-43114,-43114,-11.792669584245077,0.0,-589816,-632930,-43114,-43114,-11.792669584245077,0.0,-772616,-815730
M5_DELAY_4000MS_CONFIRM,7500,-200,60000,-57562,-57562,-15.7445295404814,0.0,-33404,-90966,-57562,-57562,-15.7445295404814,0.0,-216204,-273766,-57562,-57562,-15.7445295404814,0.0,-399004,-456566,-57562,-57562,-15.7445295404814,0.0,-581804,-639366,-57562,-57562,-15.7445295404814,0.0,-764604,-822166
M5_DELAY_4000MS_CONFIRM,7500,-200,120000,-75451,-75451,-20.63758205689278,0.0,-14600,-90051,-75451,-75451,-20.63758205689278,0.0,-197400,-272851,-75451,-75451,-20.63758205689278,0.0,-380200,-455651,-75451,-75451,-20.63758205689278,0.0,-563000,-638451,-75451,-75451,-20.63758205689278,0.0,-745800,-821251
M5_DELAY_4000MS_CONFIRM,10000,-6000,30000,136866,136866,37.43599562363239,0.0,-1170690,-1033824,136866,136866,37.43599562363239,0.0,-1353490,-1216624,136866,136866,37.43599562363239,0.0,-1536290,-1399424,136866,136866,37.43599562363239,0.0,-1719090,-1582224,136866,136866,37.43599562363239,0.0,-1901890,-1765024
M5_DELAY_4000MS_CONFIRM,10000,-6000,60000,388798,388798,106.34518599562364,0.0,-1492785,-1103987,388798,388798,106.34518599562364,0.0,-1675585,-1286787,388798,388798,106.34518599562364,0.0,-1858385,-1469587,388798,388798,106.34518599562364,0.0,-2041185,-1652387,388798,388798,106.34518599562364,0.0,-2223985,-1835187
M5_DELAY_4000MS_CONFIRM,10000,-6000,120000,422106,422106,115.45568927789934,0.0,-1561555,-1139449,422106,422106,115.45568927789934,0.0,-1744355,-1322249,422106,422106,115.45568927789934,0.0,-1927155,-1505049,422106,422106,115.45568927789934,0.0,-2109955,-1687849,422106,422106,115.45568927789934,0.0,-2292755,-1870649
M5_DELAY_4000MS_CONFIRM,10000,-5000,30000,120009,120009,32.82521881838074,0.0,-1100823,-980814,120009,120009,32.82521881838074,0.0,-1283623,-1163614,120009,120009,32.82521881838074,0.0,-1466423,-1346414,120009,120009,32.82521881838074,0.0,-1649223,-1529214,120009,120009,32.82521881838074,0.0,-1832023,-1712014
M5_DELAY_4000MS_CONFIRM,10000,-5000,60000,357394,357394,97.7554704595186,0.0,-1405965,-1048571,357394,357394,97.7554704595186,0.0,-1588765,-1231371,357394,357394,97.7554704595186,0.0,-1771565,-1414171,357394,357394,97.7554704595186,0.0,-1954365,-1596971,357394,357394,97.7554704595186,0.0,-2137165,-1779771
M5_DELAY_4000MS_CONFIRM,10000,-5000,120000,405998,405998,111.04978118161925,0.0,-1500456,-1094458,405998,405998,111.04978118161925,0.0,-1683256,-1277258,405998,405998,111.04978118161925,0.0,-1866056,-1460058,405998,405998,111.04978118161925,0.0,-2048856,-1642858,405998,405998,111.04978118161925,0.0,-2231656,-1825658
M5_DELAY_4000MS_CONFIRM,10000,-3000,30000,74968,74968,20.505470459518598,0.0,-905622,-830654,74968,74968,20.505470459518598,0.0,-1088422,-1013454,74968,74968,20.505470459518598,0.0,-1271222,-1196254,74968,74968,20.505470459518598,0.0,-1454022,-1379054,74968,74968,20.505470459518598,0.0,-1636822,-1561854
M5_DELAY_4000MS_CONFIRM,10000,-3000,60000,223112,223112,61.02625820568928,0.0,-1101960,-878848,223112,223112,61.02625820568928,0.0,-1284760,-1061648,223112,223112,61.02625820568928,0.0,-1467560,-1244448,223112,223112,61.02625820568928,0.0,-1650360,-1427248,223112,223112,61.02625820568928,0.0,-1833160,-1610048
M5_DELAY_4000MS_CONFIRM,10000,-3000,120000,266489,266489,72.89086433260394,0.0,-1188397,-921908,266489,266489,72.89086433260394,0.0,-1371197,-1104708,266489,266489,72.89086433260394,0.0,-1553997,-1287508,266489,266489,72.89086433260394,0.0,-1736797,-1470308,266489,266489,72.89086433260394,0.0,-1919597,-1653108
M5_DELAY_4000MS_CONFIRM,10000,-2000,30000,14995,14995,4.101477024070022,0.0,-690484,-675489,14995,14995,4.101477024070022,0.0,-873284,-858289,14995,14995,4.101477024070022,0.0,-1056084,-1041089,14995,14995,4.101477024070022,0.0,-1238884,-1223889,14995,14995,4.101477024070022,0.0,-1421684,-1406689
M5_DELAY_4000MS_CONFIRM,10000,-2000,60000,132919,132919,36.356400437636765,0.0,-856820,-723901,132919,132919,36.356400437636765,0.0,-1039620,-906701,132919,132919,36.356400437636765,0.0,-1222420,-1089501,132919,132919,36.356400437636765,0.0,-1405220,-1272301,132919,132919,36.356400437636765,0.0,-1588020,-1455101
M5_DELAY_4000MS_CONFIRM,10000,-2000,120000,188989,188989,51.69283369803063,0.0,-943657,-754668,188989,188989,51.69283369803063,0.0,-1126457,-937468,188989,188989,51.69283369803063,0.0,-1309257,-1120268,188989,188989,51.69283369803063,0.0,-1492057,-1303068,188989,188989,51.69283369803063,0.0,-1674857,-1485868
M5_DELAY_4000MS_CONFIRM,10000,-1500,30000,11347,11347,3.103665207877462,0.0,-598170,-586823,11347,11347,3.103665207877462,0.0,-780970,-769623,11347,11347,3.103665207877462,0.0,-963770,-952423,11347,11347,3.103665207877462,0.0,-1146570,-1135223,11347,11347,3.103665207877462,0.0,-1329370,-1318023
M5_DELAY_4000MS_CONFIRM,10000,-1500,60000,66236,66236,18.11706783369803,0.0,-683170,-616934,66236,66236,18.11706783369803,0.0,-865970,-799734,66236,66236,18.11706783369803,0.0,-1048770,-982534,66236,66236,18.11706783369803,0.0,-1231570,-1165334,66236,66236,18.11706783369803,0.0,-1414370,-1348134
M5_DELAY_4000MS_CONFIRM,10000,-1500,120000,133894,133894,36.62308533916849,0.0,-777633,-643739,133894,133894,36.62308533916849,0.0,-960433,-826539,133894,133894,36.62308533916849,0.0,-1143233,-1009339,133894,133894,36.62308533916849,0.0,-1326033,-1192139,133894,133894,36.62308533916849,0.0,-1508833,-1374939
M5_DELAY_4000MS_CONFIRM,10000,-1000,30000,-13724,-13724,-3.75382932166302,0.0,-425113,-438837,-13724,-13724,-3.75382932166302,0.0,-607913,-621637,-13724,-13724,-3.75382932166302,0.0,-790713,-804437,-13724,-13724,-3.75382932166302,0.0,-973513,-987237,-13724,-13724,-3.75382932166302,0.0,-1156313,-1170037
M5_DELAY_4000MS_CONFIRM,10000,-1000,60000,33345,33345,9.12062363238512,0.0,-497257,-463912,33345,33345,9.12062363238512,0.0,-680057,-646712,33345,33345,9.12062363238512,0.0,-862857,-829512,33345,33345,9.12062363238512,0.0,-1045657,-1012312,33345,33345,9.12062363238512,0.0,-1228457,-1195112
M5_DELAY_4000MS_CONFIRM,10000,-1000,120000,76177,76177,20.836159737417944,0.0,-567469,-491292,76177,76177,20.836159737417944,0.0,-750269,-674092,76177,76177,20.836159737417944,0.0,-933069,-856892,76177,76177,20.836159737417944,0.0,-1115869,-1039692,76177,76177,20.836159737417944,0.0,-1298669,-1222492
M5_DELAY_4000MS_CONFIRM,10000,-700,30000,-33264,-33264,-9.098468271334792,0.0,-296916,-330180,-33264,-33264,-9.098468271334792,0.0,-479716,-512980,-33264,-33264,-9.098468271334792,0.0,-662516,-695780,-33264,-33264,-9.098468271334792,0.0,-845316,-878580,-33264,-33264,-9.098468271334792,0.0,-1028116,-1061380
M5_DELAY_4000MS_CONFIRM,10000,-700,60000,6437,6437,1.760667396061269,0.0,-348532,-342095,6437,6437,1.760667396061269,0.0,-531332,-524895,6437,6437,1.760667396061269,0.0,-714132,-707695,6437,6437,1.760667396061269,0.0,-896932,-890495,6437,6437,1.760667396061269,0.0,-1079732,-1073295
M5_DELAY_4000MS_CONFIRM,10000,-700,120000,48291,48291,13.208698030634574,0.0,-405443,-357152,48291,48291,13.208698030634574,0.0,-588243,-539952,48291,48291,13.208698030634574,0.0,-771043,-722752,48291,48291,13.208698030634574,0.0,-953843,-905552,48291,48291,13.208698030634574,0.0,-1136643,-1088352
M5_DELAY_4000MS_CONFIRM,10000,-500,30000,-30933,-30933,-8.460886214442013,0.0,-201399,-232332,-30933,-30933,-8.460886214442013,0.0,-384199,-415132,-30933,-30933,-8.460886214442013,0.0,-566999,-597932,-30933,-30933,-8.460886214442013,0.0,-749799,-780732,-30933,-30933,-8.460886214442013,0.0,-932599,-963532
M5_DELAY_4000MS_CONFIRM,10000,-500,60000,-3737,-3737,-1.0221553610503282,0.0,-239510,-243247,-3737,-3737,-1.0221553610503282,0.0,-422310,-426047,-3737,-3737,-1.0221553610503282,0.0,-605110,-608847,-3737,-3737,-1.0221553610503282,0.0,-787910,-791647,-3737,-3737,-1.0221553610503282,0.0,-970710,-974447
M5_DELAY_4000MS_CONFIRM,10000,-500,120000,22786,22786,6.232494529540482,0.0,-280457,-257671,22786,22786,6.232494529540482,0.0,-463257,-440471,22786,22786,6.232494529540482,0.0,-646057,-623271,22786,22786,6.232494529540482,0.0,-828857,-806071,22786,22786,6.232494529540482,0.0,-1011657,-988871
M5_DELAY_4000MS_CONFIRM,10000,-300,30000,-40161,-40161,-10.984956236323852,0.0,-98081,-138242,-40161,-40161,-10.984956236323852,0.0,-280881,-321042,-40161,-40161,-10.984956236323852,0.0,-463681,-503842,-40161,-40161,-10.984956236323852,0.0,-646481,-686642,-40161,-40161,-10.984956236323852,0.0,-829281,-869442
M5_DELAY_4000MS_CONFIRM,10000,-300,60000,-42522,-42522,-11.63074398249453,0.0,-106895,-149417,-42522,-42522,-11.63074398249453,0.0,-289695,-332217,-42522,-42522,-11.63074398249453,0.0,-472495,-515017,-42522,-42522,-11.63074398249453,0.0,-655295,-697817,-42522,-42522,-11.63074398249453,0.0,-838095,-880617
M5_DELAY_4000MS_CONFIRM,10000,-300,120000,-47213,-47213,-12.913840262582056,0.0,-101602,-148815,-47213,-47213,-12.913840262582056,0.0,-284402,-331615,-47213,-47213,-12.913840262582056,0.0,-467202,-514415,-47213,-47213,-12.913840262582056,0.0,-650002,-697215,-47213,-47213,-12.913840262582056,0.0,-832802,-880015
M5_DELAY_4000MS_CONFIRM,10000,-200,30000,-48114,-48114,-13.160284463894968,0.0,-26616,-74730,-48114,-48114,-13.160284463894968,0.0,-209416,-257530,-48114,-48114,-13.160284463894968,0.0,-392216,-440330,-48114,-48114,-13.160284463894968,0.0,-575016,-623130,-48114,-48114,-13.160284463894968,0.0,-757816,-805930
M5_DELAY_4000MS_CONFIRM,10000,-200,60000,-59642,-59642,-16.313457330415755,0.0,-31550,-91192,-59642,-59642,-16.313457330415755,0.0,-214350,-273992,-59642,-59642,-16.313457330415755,0.0,-397150,-456792,-59642,-59642,-16.313457330415755,0.0,-579950,-639592,-59642,-59642,-16.313457330415755,0.0,-762750,-822392
M5_DELAY_4000MS_CONFIRM,10000,-200,120000,-85101,-85101,-23.277078774617067,0.0,13,-85088,-85101,-85101,-23.277078774617067,0.0,-182787,-267888,-85101,-85101,-23.277078774617067,0.0,-365587,-450688,-85101,-85101,-23.277078774617067,0.0,-548387,-633488,-85101,-85101,-23.277078774617067,0.0,-731187,-816288
M6_DELAY_8000MS_CONFIRM,1000,-6000,30000,123405,123405,33.75410284463895,0.0,-1368914,-1245509,123405,123405,33.75410284463895,0.0,-1551714,-1428309,123405,123405,33.75410284463895,0.0,-1734514,-1611109,123405,123405,33.75410284463895,0.0,-1917314,-1793909,123405,123405,33.75410284463895,0.0,-2100114,-1976709
M6_DELAY_8000MS_CONFIRM,1000,-6000,60000,265639,265639,72.65836980306345,0.0,-1531283,-1265644,265639,265639,72.65836980306345,0.0,-1714083,-1448444,265639,265639,72.65836980306345,0.0,-1896883,-1631244,265639,265639,72.65836980306345,0.0,-2079683,-1814044,265639,265639,72.65836980306345,0.0,-2262483,-1996844
M6_DELAY_8000MS_CONFIRM,1000,-6000,120000,385508,385508,105.445295404814,0.0,-1651963,-1266455,385508,385508,105.445295404814,0.0,-1834763,-1449255,385508,385508,105.445295404814,0.0,-2017563,-1632055,385508,385508,105.445295404814,0.0,-2200363,-1814855,385508,385508,105.445295404814,0.0,-2383163,-1997655
M6_DELAY_8000MS_CONFIRM,1000,-5000,30000,116263,116263,31.800601750547045,0.0,-1307295,-1191032,116263,116263,31.800601750547045,0.0,-1490095,-1373832,116263,116263,31.800601750547045,0.0,-1672895,-1556632,116263,116263,31.800601750547045,0.0,-1855695,-1739432,116263,116263,31.800601750547045,0.0,-2038495,-1922232
M6_DELAY_8000MS_CONFIRM,1000,-5000,60000,263117,263117,71.96854485776805,0.0,-1471063,-1207946,263117,263117,71.96854485776805,0.0,-1653863,-1390746,263117,263117,71.96854485776805,0.0,-1836663,-1573546,263117,263117,71.96854485776805,0.0,-2019463,-1756346,263117,263117,71.96854485776805,0.0,-2202263,-1939146
M6_DELAY_8000MS_CONFIRM,1000,-5000,120000,380591,380591,104.1003829321663,0.0,-1587331,-1206740,380591,380591,104.1003829321663,0.0,-1770131,-1389540,380591,380591,104.1003829321663,0.0,-1952931,-1572340,380591,380591,104.1003829321663,0.0,-2135731,-1755140,380591,380591,104.1003829321663,0.0,-2318531,-1937940
M6_DELAY_8000MS_CONFIRM,1000,-3000,30000,80663,80663,22.063183807439824,0.0,-1103907,-1023244,80663,80663,22.063183807439824,0.0,-1286707,-1206044,80663,80663,22.063183807439824,0.0,-1469507,-1388844,80663,80663,22.063183807439824,0.0,-1652307,-1571644,80663,80663,22.063183807439824,0.0,-1835107,-1754444
M6_DELAY_8000MS_CONFIRM,1000,-3000,60000,183039,183039,50.06537199124727,0.0,-1210749,-1027710,183039,183039,50.06537199124727,0.0,-1393549,-1210510,183039,183039,50.06537199124727,0.0,-1576349,-1393310,183039,183039,50.06537199124727,0.0,-1759149,-1576110,183039,183039,50.06537199124727,0.0,-1941949,-1758910
M6_DELAY_8000MS_CONFIRM,1000,-3000,120000,298179,298179,81.55880743982495,0.0,-1325565,-1027386,298179,298179,81.55880743982495,0.0,-1508365,-1210186,298179,298179,81.55880743982495,0.0,-1691165,-1392986,298179,298179,81.55880743982495,0.0,-1873965,-1575786,298179,298179,81.55880743982495,0.0,-2056765,-1758586
M6_DELAY_8000MS_CONFIRM,1000,-2000,30000,49106,49106,13.431619256017505,0.0,-887598,-838492,49106,49106,13.431619256017505,0.0,-1070398,-1021292,49106,49106,13.431619256017505,0.0,-1253198,-1204092,49106,49106,13.431619256017505,0.0,-1435998,-1386892,49106,49106,13.431619256017505,0.0,-1618798,-1569692
M6_DELAY_8000MS_CONFIRM,1000,-2000,60000,132236,132236,36.169584245076585,0.0,-975024,-842788,132236,132236,36.169584245076585,0.0,-1157824,-1025588,132236,132236,36.169584245076585,0.0,-1340624,-1208388,132236,132236,36.169584245076585,0.0,-1523424,-1391188,132236,132236,36.169584245076585,0.0,-1706224,-1573988
M6_DELAY_8000MS_CONFIRM,1000,-2000,120000,225292,225292,61.62253829321663,0.0,-1066538,-841246,225292,225292,61.62253829321663,0.0,-1249338,-1024046,225292,225292,61.62253829321663,0.0,-1432138,-1206846,225292,225292,61.62253829321663,0.0,-1614938,-1389646,225292,225292,61.62253829321663,0.0,-1797738,-1572446
M6_DELAY_8000MS_CONFIRM,1000,-1500,30000,49272,49272,13.477024070021882,0.0,-779901,-730629,49272,49272,13.477024070021882,0.0,-962701,-913429,49272,49272,13.477024070021882,0.0,-1145501,-1096229,49272,49272,13.477024070021882,0.0,-1328301,-1279029,49272,49272,13.477024070021882,0.0,-1511101,-1461829
M6_DELAY_8000MS_CONFIRM,1000,-1500,60000,99170,99170,27.12527352297593,0.0,-833953,-734783,99170,99170,27.12527352297593,0.0,-1016753,-917583,99170,99170,27.12527352297593,0.0,-1199553,-1100383,99170,99170,27.12527352297593,0.0,-1382353,-1283183,99170,99170,27.12527352297593,0.0,-1565153,-1465983
M6_DELAY_8000MS_CONFIRM,1000,-1500,120000,185318,185318,50.68873085339168,0.0,-919272,-733954,185318,185318,50.68873085339168,0.0,-1102072,-916754,185318,185318,50.68873085339168,0.0,-1284872,-1099554,185318,185318,50.68873085339168,0.0,-1467672,-1282354,185318,185318,50.68873085339168,0.0,-1650472,-1465154
M6_DELAY_8000MS_CONFIRM,1000,-1000,30000,33617,33617,9.195021881838075,0.0,-616262,-582645,33617,33617,9.195021881838075,0.0,-799062,-765445,33617,33617,9.195021881838075,0.0,-981862,-948245,33617,33617,9.195021881838075,0.0,-1164662,-1131045,33617,33617,9.195021881838075,0.0,-1347462,-1313845
M6_DELAY_8000MS_CONFIRM,1000,-1000,60000,64602,64602,17.670131291028447,0.0,-647358,-582756,64602,64602,17.670131291028447,0.0,-830158,-765556,64602,64602,17.670131291028447,0.0,-1012958,-948356,64602,64602,17.670131291028447,0.0,-1195758,-1131156,64602,64602,17.670131291028447,0.0,-1378558,-1313956
M6_DELAY_8000MS_CONFIRM,1000,-1000,120000,131464,131464,35.95842450765864,0.0,-714068,-582604,131464,131464,35.95842450765864,0.0,-896868,-765404,131464,131464,35.95842450765864,0.0,-1079668,-948204,131464,131464,35.95842450765864,0.0,-1262468,-1131004,131464,131464,35.95842450765864,0.0,-1445268,-1313804
M6_DELAY_8000MS_CONFIRM,1000,-700,30000,16162,16162,4.420678336980306,0.0,-484713,-468551,16162,16162,4.420678336980306,0.0,-667513,-651351,16162,16162,4.420678336980306,0.0,-850313,-834151,16162,16162,4.420678336980306,0.0,-1033113,-1016951,16162,16162,4.420678336980306,0.0,-1215913,-1199751
M6_DELAY_8000MS_CONFIRM,1000,-700,60000,30962,30962,8.468818380743983,0.0,-501276,-470314,30962,30962,8.468818380743983,0.0,-684076,-653114,30962,30962,8.468818380743983,0.0,-866876,-835914,30962,30962,8.468818380743983,0.0,-1049676,-1018714,30962,30962,8.468818380743983,0.0,-1232476,-1201514
M6_DELAY_8000MS_CONFIRM,1000,-700,120000,83634,83634,22.87582056892779,0.0,-553948,-470314,83634,83634,22.87582056892779,0.0,-736748,-653114,83634,83634,22.87582056892779,0.0,-919548,-835914,83634,83634,22.87582056892779,0.0,-1102348,-1018714,83634,83634,22.87582056892779,0.0,-1285148,-1201514
M6_DELAY_8000MS_CONFIRM,1000,-500,30000,13463,13463,3.682439824945295,0.0,-385927,-372464,13463,13463,3.682439824945295,0.0,-568727,-555264,13463,13463,3.682439824945295,0.0,-751527,-738064,13463,13463,3.682439824945295,0.0,-934327,-920864,13463,13463,3.682439824945295,0.0,-1117127,-1103664
M6_DELAY_8000MS_CONFIRM,1000,-500,60000,18597,18597,5.086706783369803,0.0,-391170,-372573,18597,18597,5.086706783369803,0.0,-573970,-555373,18597,18597,5.086706783369803,0.0,-756770,-738173,18597,18597,5.086706783369803,0.0,-939570,-920973,18597,18597,5.086706783369803,0.0,-1122370,-1103773
M6_DELAY_8000MS_CONFIRM,1000,-500,120000,59308,59308,16.222100656455144,0.0,-431881,-372573,59308,59308,16.222100656455144,0.0,-614681,-555373,59308,59308,16.222100656455144,0.0,-797481,-738173,59308,59308,16.222100656455144,0.0,-980281,-920973,59308,59308,16.222100656455144,0.0,-1163081,-1103773
M6_DELAY_8000MS_CONFIRM,1000,-300,30000,2551,2551,0.6977571115973742,0.0,-266617,-264066,2551,2551,0.6977571115973742,0.0,-449417,-446866,2551,2551,0.6977571115973742,0.0,-632217,-629666,2551,2551,0.6977571115973742,0.0,-815017,-812466,2551,2551,0.6977571115973742,0.0,-997817,-995266
M6_DELAY_8000MS_CONFIRM,1000,-300,60000,-3027,-3027,-0.8279540481400438,0.0,-262739,-265766,-3027,-3027,-0.8279540481400438,0.0,-445539,-448566,-3027,-3027,-0.8279540481400438,0.0,-628339,-631366,-3027,-3027,-0.8279540481400438,0.0,-811139,-814166,-3027,-3027,-0.8279540481400438,0.0,-993939,-996966
M6_DELAY_8000MS_CONFIRM,1000,-300,120000,13094,13094,3.5815098468271334,0.0,-278860,-265766,13094,13094,3.5815098468271334,0.0,-461660,-448566,13094,13094,3.5815098468271334,0.0,-644460,-631366,13094,13094,3.5815098468271334,0.0,-827260,-814166,13094,13094,3.5815098468271334,0.0,-1010060,-996966
M6_DELAY_8000MS_CONFIRM,1000,-200,30000,-6072,-6072,-1.6608315098468271,0.0,-192313,-198385,-6072,-6072,-1.6608315098468271,0.0,-375113,-381185,-6072,-6072,-1.6608315098468271,0.0,-557913,-563985,-6072,-6072,-1.6608315098468271,0.0,-740713,-746785,-6072,-6072,-1.6608315098468271,0.0,-923513,-929585
M6_DELAY_8000MS_CONFIRM,1000,-200,60000,-21279,-21279,-5.820295404814004,0.0,-178101,-199380,-21279,-21279,-5.820295404814004,0.0,-360901,-382180,-21279,-21279,-5.820295404814004,0.0,-543701,-564980,-21279,-21279,-5.820295404814004,0.0,-726501,-747780,-21279,-21279,-5.820295404814004,0.0,-909301,-930580
M6_DELAY_8000MS_CONFIRM,1000,-200,120000,-18763,-18763,-5.1321115973741795,0.0,-180617,-199380,-18763,-18763,-5.1321115973741795,0.0,-363417,-382180,-18763,-18763,-5.1321115973741795,0.0,-546217,-564980,-18763,-18763,-5.1321115973741795,0.0,-729017,-747780,-18763,-18763,-5.1321115973741795,0.0,-911817,-930580
M6_DELAY_8000MS_CONFIRM,1500,-6000,30000,129780,129780,35.49781181619256,0.0,-1327813,-1198033,129780,129780,35.49781181619256,0.0,-1510613,-1380833,129780,129780,35.49781181619256,0.0,-1693413,-1563633,129780,129780,35.49781181619256,0.0,-1876213,-1746433,129780,129780,35.49781181619256,0.0,-2059013,-1929233
M6_DELAY_8000MS_CONFIRM,1500,-6000,60000,304150,304150,83.19201312910285,0.0,-1515337,-1211187,304150,304150,83.19201312910285,0.0,-1698137,-1393987,304150,304150,83.19201312910285,0.0,-1880937,-1576787,304150,304150,83.19201312910285,0.0,-2063737,-1759587,304150,304150,83.19201312910285,0.0,-2246537,-1942387
M6_DELAY_8000MS_CONFIRM,1500,-6000,120000,451498,451498,123.49507658643326,0.0,-1665000,-1213502,451498,451498,123.49507658643326,0.0,-1847800,-1396302,451498,451498,123.49507658643326,0.0,-2030600,-1579102,451498,451498,123.49507658643326,0.0,-2213400,-1761902,451498,451498,123.49507658643326,0.0,-2396200,-1944702
M6_DELAY_8000MS_CONFIRM,1500,-5000,30000,121200,121200,33.15098468271335,0.0,-1263117,-1141917,121200,121200,33.15098468271335,0.0,-1445917,-1324717,121200,121200,33.15098468271335,0.0,-1628717,-1507517,121200,121200,33.15098468271335,0.0,-1811517,-1690317,121200,121200,33.15098468271335,0.0,-1994317,-1873117
M6_DELAY_8000MS_CONFIRM,1500,-5000,60000,296256,296256,81.0328227571116,0.0,-1450577,-1154321,296256,296256,81.0328227571116,0.0,-1633377,-1337121,296256,296256,81.0328227571116,0.0,-1816177,-1519921,296256,296256,81.0328227571116,0.0,-1998977,-1702721,296256,296256,81.0328227571116,0.0,-2181777,-1885521
M6_DELAY_8000MS_CONFIRM,1500,-5000,120000,442766,442766,121.1066739606127,0.0,-1595103,-1152337,442766,442766,121.1066739606127,0.0,-1777903,-1335137,442766,442766,121.1066739606127,0.0,-1960703,-1517937,442766,442766,121.1066739606127,0.0,-2143503,-1700737,442766,442766,121.1066739606127,0.0,-2326303,-1883537
M6_DELAY_8000MS_CONFIRM,1500,-3000,30000,82389,82389,22.535284463894968,0.0,-1055149,-972760,82389,82389,22.535284463894968,0.0,-1237949,-1155560,82389,82389,22.535284463894968,0.0,-1420749,-1338360,82389,82389,22.535284463894968,0.0,-1603549,-1521160,82389,82389,22.535284463894968,0.0,-1786349,-1703960
M6_DELAY_8000MS_CONFIRM,1500,-3000,60000,210969,210969,57.70486870897155,0.0,-1182185,-971216,210969,210969,57.70486870897155,0.0,-1364985,-1154016,210969,210969,57.70486870897155,0.0,-1547785,-1336816,210969,210969,57.70486870897155,0.0,-1730585,-1519616,210969,210969,57.70486870897155,0.0,-1913385,-1702416
M6_DELAY_8000MS_CONFIRM,1500,-3000,120000,336079,336079,91.92532822757111,0.0,-1306193,-970114,336079,336079,91.92532822757111,0.0,-1488993,-1152914,336079,336079,91.92532822757111,0.0,-1671793,-1335714,336079,336079,91.92532822757111,0.0,-1854593,-1518514,336079,336079,91.92532822757111,0.0,-2037393,-1701314
M6_DELAY_8000MS_CONFIRM,1500,-2000,30000,52874,52874,14.462253829321662,0.0,-839451,-786577,52874,52874,14.462253829321662,0.0,-1022251,-969377,52874,52874,14.462253829321662,0.0,-1205051,-1152177,52874,52874,14.462253829321662,0.0,-1387851,-1334977,52874,52874,14.462253829321662,0.0,-1570651,-1517777
M6_DELAY_8000MS_CONFIRM,1500,-2000,60000,157813,157813,43.165481400437635,0.0,-944127,-786314,157813,157813,43.165481400437635,0.0,-1126927,-969114,157813,157813,43.165481400437635,0.0,-1309727,-1151914,157813,157813,43.165481400437635,0.0,-1492527,-1334714,157813,157813,43.165481400437635,0.0,-1675327,-1517514
M6_DELAY_8000MS_CONFIRM,1500,-2000,120000,256619,256619,70.19119256017505,0.0,-1040613,-783994,256619,256619,70.19119256017505,0.0,-1223413,-966794,256619,256619,70.19119256017505,0.0,-1406213,-1149594,256619,256619,70.19119256017505,0.0,-1589013,-1332394,256619,256619,70.19119256017505,0.0,-1771813,-1515194
M6_DELAY_8000MS_CONFIRM,1500,-1500,30000,53535,53535,14.643052516411379,0.0,-730067,-676532,53535,53535,14.643052516411379,0.0,-912867,-859332,53535,53535,14.643052516411379,0.0,-1095667,-1042132,53535,53535,14.643052516411379,0.0,-1278467,-1224932,53535,53535,14.643052516411379,0.0,-1461267,-1407732
M6_DELAY_8000MS_CONFIRM,1500,-1500,60000,107699,107699,29.458150984682714,0.0,-784400,-676701,107699,107699,29.458150984682714,0.0,-967200,-859501,107699,107699,29.458150984682714,0.0,-1150000,-1042301,107699,107699,29.458150984682714,0.0,-1332800,-1225101,107699,107699,29.458150984682714,0.0,-1515600,-1407901
M6_DELAY_8000MS_CONFIRM,1500,-1500,120000,197502,197502,54.02133479212254,0.0,-872596,-675094,197502,197502,54.02133479212254,0.0,-1055396,-857894,197502,197502,54.02133479212254,0.0,-1238196,-1040694,197502,197502,54.02133479212254,0.0,-1420996,-1223494,197502,197502,54.02133479212254,0.0,-1603796,-1406294
M6_DELAY_8000MS_CONFIRM,1500,-1000,30000,34106,34106,9.328774617067834,0.0,-561170,-527064,34106,34106,9.328774617067834,0.0,-743970,-709864,34106,34106,9.328774617067834,0.0,-926770,-892664,34106,34106,9.328774617067834,0.0,-1109570,-1075464,34106,34106,9.328774617067834,0.0,-1292370,-1258264
M6_DELAY_8000MS_CONFIRM,1500,-1000,60000,66981,66981,18.320842450765863,0.0,-592649,-525668,66981,66981,18.320842450765863,0.0,-775449,-708468,66981,66981,18.320842450765863,0.0,-958249,-891268,66981,66981,18.320842450765863,0.0,-1141049,-1074068,66981,66981,18.320842450765863,0.0,-1323849,-1256868
M6_DELAY_8000MS_CONFIRM,1500,-1000,120000,139570,139570,38.175601750547045,0.0,-664308,-524738,139570,139570,38.175601750547045,0.0,-847108,-707538,139570,139570,38.175601750547045,0.0,-1029908,-890338,139570,139570,38.175601750547045,0.0,-1212708,-1073138,139570,139570,38.175601750547045,0.0,-1395508,-1255938
M6_DELAY_8000MS_CONFIRM,1500,-700,30000,15791,15791,4.319201312910285,0.0,-432610,-416819,15791,15791,4.319201312910285,0.0,-615410,-599619,15791,15791,4.319201312910285,0.0,-798210,-782419,15791,15791,4.319201312910285,0.0,-981010,-965219,15791,15791,4.319201312910285,0.0,-1163810,-1148019
M6_DELAY_8000MS_CONFIRM,1500,-700,60000,36450,36450,9.969912472647703,0.0,-454067,-417617,36450,36450,9.969912472647703,0.0,-636867,-600417,36450,36450,9.969912472647703,0.0,-819667,-783217,36450,36450,9.969912472647703,0.0,-1002467,-966017,36450,36450,9.969912472647703,0.0,-1185267,-1148817
M6_DELAY_8000MS_CONFIRM,1500,-700,120000,93108,93108,25.467177242888404,0.0,-509859,-416751,93108,93108,25.467177242888404,0.0,-692659,-599551,93108,93108,25.467177242888404,0.0,-875459,-782351,93108,93108,25.467177242888404,0.0,-1058259,-965151,93108,93108,25.467177242888404,0.0,-1241059,-1147951
M6_DELAY_8000MS_CONFIRM,1500,-500,30000,12835,12835,3.5106673960612693,0.0,-334140,-321305,12835,12835,3.5106673960612693,0.0,-516940,-504105,12835,12835,3.5106673960612693,0.0,-699740,-686905,12835,12835,3.5106673960612693,0.0,-882540,-869705,12835,12835,3.5106673960612693,0.0,-1065340,-1052505
M6_DELAY_8000MS_CONFIRM,1500,-500,60000,24261,24261,6.635940919037199,0.0,-347571,-323310,24261,24261,6.635940919037199,0.0,-530371,-506110,24261,24261,6.635940919037199,0.0,-713171,-688910,24261,24261,6.635940919037199,0.0,-895971,-871710,24261,24261,6.635940919037199,0.0,-1078771,-1054510
M6_DELAY_8000MS_CONFIRM,1500,-500,120000,66386,66386,18.158096280087527,0.0,-389696,-323310,66386,66386,18.158096280087527,0.0,-572496,-506110,66386,66386,18.158096280087527,0.0,-755296,-688910,66386,66386,18.158096280087527,0.0,-938096,-871710,66386,66386,18.158096280087527,0.0,-1120896,-1054510
M6_DELAY_8000MS_CONFIRM,1500,-300,30000,1062,1062,0.29048140043763676,0.0,-214017,-212955,1062,1062,0.29048140043763676,0.0,-396817,-395755,1062,1062,0.29048140043763676,0.0,-579617,-578555,1062,1062,0.29048140043763676,0.0,-762417,-761355,1062,1062,0.29048140043763676,0.0,-945217,-944155
M6_DELAY_8000MS_CONFIRM,1500,-300,60000,3640,3640,0.9956236323851203,0.0,-221025,-217385,3640,3640,0.9956236323851203,0.0,-403825,-400185,3640,3640,0.9956236323851203,0.0,-586625,-582985,3640,3640,0.9956236323851203,0.0,-769425,-765785,3640,3640,0.9956236323851203,0.0,-952225,-948585
M6_DELAY_8000MS_CONFIRM,1500,-300,120000,23503,23503,6.428610503282275,0.0,-240888,-217385,23503,23503,6.428610503282275,0.0,-423688,-400185,23503,23503,6.428610503282275,0.0,-606488,-582985,23503,23503,6.428610503282275,0.0,-789288,-765785,23503,23503,6.428610503282275,0.0,-972088,-948585
M6_DELAY_8000MS_CONFIRM,1500,-200,30000,-7388,-7388,-2.0207877461706785,0.0,-139295,-146683,-7388,-7388,-2.0207877461706785,0.0,-322095,-329483,-7388,-7388,-2.0207877461706785,0.0,-504895,-512283,-7388,-7388,-2.0207877461706785,0.0,-687695,-695083,-7388,-7388,-2.0207877461706785,0.0,-870495,-877883
M6_DELAY_8000MS_CONFIRM,1500,-200,60000,-16185,-16185,-4.426969365426696,0.0,-133847,-150032,-16185,-16185,-4.426969365426696,0.0,-316647,-332832,-16185,-16185,-4.426969365426696,0.0,-499447,-515632,-16185,-16185,-4.426969365426696,0.0,-682247,-698432,-16185,-16185,-4.426969365426696,0.0,-865047,-881232
M6_DELAY_8000MS_CONFIRM,1500,-200,120000,-11182,-11182,-3.058533916849015,0.0,-138850,-150032,-11182,-11182,-3.058533916849015,0.0,-321650,-332832,-11182,-11182,-3.058533916849015,0.0,-504450,-515632,-11182,-11182,-3.058533916849015,0.0,-687250,-698432,-11182,-11182,-3.058533916849015,0.0,-870050,-881232
M6_DELAY_8000MS_CONFIRM,2000,-6000,30000,127324,127324,34.82603938730853,0.0,-1315991,-1188667,127324,127324,34.82603938730853,0.0,-1498791,-1371467,127324,127324,34.82603938730853,0.0,-1681591,-1554267,127324,127324,34.82603938730853,0.0,-1864391,-1737067,127324,127324,34.82603938730853,0.0,-2047191,-1919867
M6_DELAY_8000MS_CONFIRM,2000,-6000,60000,308040,308040,84.25601750547045,0.0,-1508631,-1200591,308040,308040,84.25601750547045,0.0,-1691431,-1383391,308040,308040,84.25601750547045,0.0,-1874231,-1566191,308040,308040,84.25601750547045,0.0,-2057031,-1748991,308040,308040,84.25601750547045,0.0,-2239831,-1931791
M6_DELAY_8000MS_CONFIRM,2000,-6000,120000,449681,449681,122.99808533916848,0.0,-1657547,-1207866,449681,449681,122.99808533916848,0.0,-1840347,-1390666,449681,449681,122.99808533916848,0.0,-2023147,-1573466,449681,449681,122.99808533916848,0.0,-2205947,-1756266,449681,449681,122.99808533916848,0.0,-2388747,-1939066
M6_DELAY_8000MS_CONFIRM,2000,-5000,30000,117744,117744,32.205689277899346,0.0,-1248953,-1131209,117744,117744,32.205689277899346,0.0,-1431753,-1314009,117744,117744,32.205689277899346,0.0,-1614553,-1496809,117744,117744,32.205689277899346,0.0,-1797353,-1679609,117744,117744,32.205689277899346,0.0,-1980153,-1862409
M6_DELAY_8000MS_CONFIRM,2000,-5000,60000,299804,299804,82.00328227571116,0.0,-1442687,-1142883,299804,299804,82.00328227571116,0.0,-1625487,-1325683,299804,299804,82.00328227571116,0.0,-1808287,-1508483,299804,299804,82.00328227571116,0.0,-1991087,-1691283,299804,299804,82.00328227571116,0.0,-2173887,-1874083
M6_DELAY_8000MS_CONFIRM,2000,-5000,120000,440412,440412,120.46280087527353,0.0,-1585271,-1144859,440412,440412,120.46280087527353,0.0,-1768071,-1327659,440412,440412,120.46280087527353,0.0,-1950871,-1510459,440412,440412,120.46280087527353,0.0,-2133671,-1693259,440412,440412,120.46280087527353,0.0,-2316471,-1876059
M6_DELAY_8000MS_CONFIRM,2000,-3000,30000,78389,78389,21.441192560175054,0.0,-1035535,-957146,78389,78389,21.441192560175054,0.0,-1218335,-1139946,78389,78389,21.441192560175054,0.0,-1401135,-1322746,78389,78389,21.441192560175054,0.0,-1583935,-1505546,78389,78389,21.441192560175054,0.0,-1766735,-1688346
M6_DELAY_8000MS_CONFIRM,2000,-3000,60000,197263,197263,53.95596280087528,0.0,-1152357,-955094,197263,197263,53.95596280087528,0.0,-1335157,-1137894,197263,197263,53.95596280087528,0.0,-1517957,-1320694,197263,197263,53.95596280087528,0.0,-1700757,-1503494,197263,197263,53.95596280087528,0.0,-1883557,-1686294
M6_DELAY_8000MS_CONFIRM,2000,-3000,120000,321070,321070,87.82002188183807,0.0,-1277022,-955952,321070,321070,87.82002188183807,0.0,-1459822,-1138752,321070,321070,87.82002188183807,0.0,-1642622,-1321552,321070,321070,87.82002188183807,0.0,-1825422,-1504352,321070,321070,87.82002188183807,0.0,-2008222,-1687152
M6_DELAY_8000MS_CONFIRM,2000,-2000,30000,44447,44447,12.157275711159738,0.0,-811235,-766788,44447,44447,12.157275711159738,0.0,-994035,-949588,44447,44447,12.157275711159738,0.0,-1176835,-1132388,44447,44447,12.157275711159738,0.0,-1359635,-1315188,44447,44447,12.157275711159738,0.0,-1542435,-1497988
M6_DELAY_8000MS_CONFIRM,2000,-2000,60000,138828,138828,37.972647702407,0.0,-909382,-770554,138828,138828,37.972647702407,0.0,-1092182,-953354,138828,138828,37.972647702407,0.0,-1274982,-1136154,138828,138828,37.972647702407,0.0,-1457782,-1318954,138828,138828,37.972647702407,0.0,-1640582,-1501754
M6_DELAY_8000MS_CONFIRM,2000,-2000,120000,233561,233561,63.88429978118162,0.0,-1002911,-769350,233561,233561,63.88429978118162,0.0,-1185711,-952150,233561,233561,63.88429978118162,0.0,-1368511,-1134950,233561,233561,63.88429978118162,0.0,-1551311,-1317750,233561,233561,63.88429978118162,0.0,-1734111,-1500550
M6_DELAY_8000MS_CONFIRM,2000,-1500,30000,48700,48700,13.320568927789934,0.0,-707572,-658872,48700,48700,13.320568927789934,0.0,-890372,-841672,48700,48700,13.320568927789934,0.0,-1073172,-1024472,48700,48700,13.320568927789934,0.0,-1255972,-1207272,48700,48700,13.320568927789934,0.0,-1438772,-1390072
M6_DELAY_8000MS_CONFIRM,2000,-1500,60000,93341,93341,25.530908096280086,0.0,-752564,-659223,93341,93341,25.530908096280086,0.0,-935364,-842023,93341,93341,25.530908096280086,0.0,-1118164,-1024823,93341,93341,25.530908096280086,0.0,-1300964,-1207623,93341,93341,25.530908096280086,0.0,-1483764,-1390423
M6_DELAY_8000MS_CONFIRM,2000,-1500,120000,179920,179920,49.21225382932166,0.0,-838758,-658838,179920,179920,49.21225382932166,0.0,-1021558,-841638,179920,179920,49.21225382932166,0.0,-1204358,-1024438,179920,179920,49.21225382932166,0.0,-1387158,-1207238,179920,179920,49.21225382932166,0.0,-1569958,-1390038
M6_DELAY_8000MS_CONFIRM,2000,-1000,30000,28935,28935,7.914387308533917,0.0,-541676,-512741,28935,28935,7.914387308533917,0.0,-724476,-695541,28935,28935,7.914387308533917,0.0,-907276,-878341,28935,28935,7.914387308533917,0.0,-1090076,-1061141,28935,28935,7.914387308533917,0.0,-1272876,-1243941
M6_DELAY_8000MS_CONFIRM,2000,-1000,60000,55505,55505,15.181892778993435,0.0,-567155,-511650,55505,55505,15.181892778993435,0.0,-749955,-694450,55505,55505,15.181892778993435,0.0,-932755,-877250,55505,55505,15.181892778993435,0.0,-1115555,-1060050,55505,55505,15.181892778993435,0.0,-1298355,-1242850
M6_DELAY_8000MS_CONFIRM,2000,-1000,120000,119946,119946,32.80798687089715,0.0,-631888,-511942,119946,119946,32.80798687089715,0.0,-814688,-694742,119946,119946,32.80798687089715,0.0,-997488,-877542,119946,119946,32.80798687089715,0.0,-1180288,-1060342,119946,119946,32.80798687089715,0.0,-1363088,-1243142
M6_DELAY_8000MS_CONFIRM,2000,-700,30000,11110,11110,3.038840262582057,0.0,-411307,-400197,11110,11110,3.038840262582057,0.0,-594107,-582997,11110,11110,3.038840262582057,0.0,-776907,-765797,11110,11110,3.038840262582057,0.0,-959707,-948597,11110,11110,3.038840262582057,0.0,-1142507,-1131397
M6_DELAY_8000MS_CONFIRM,2000,-700,60000,26995,26995,7.383752735229759,0.0,-426540,-399545,26995,26995,7.383752735229759,0.0,-609340,-582345,26995,26995,7.383752735229759,0.0,-792140,-765145,26995,26995,7.383752735229759,0.0,-974940,-947945,26995,26995,7.383752735229759,0.0,-1157740,-1130745
M6_DELAY_8000MS_CONFIRM,2000,-700,120000,78691,78691,21.52379649890591,0.0,-478592,-399901,78691,78691,21.52379649890591,0.0,-661392,-582701,78691,78691,21.52379649890591,0.0,-844192,-765501,78691,78691,21.52379649890591,0.0,-1026992,-948301,78691,78691,21.52379649890591,0.0,-1209792,-1131101
M6_DELAY_8000MS_CONFIRM,2000,-500,30000,8948,8948,2.447483588621444,0.0,-313810,-304862,8948,8948,2.447483588621444,0.0,-496610,-487662,8948,8948,2.447483588621444,0.0,-679410,-670462,8948,8948,2.447483588621444,0.0,-862210,-853262,8948,8948,2.447483588621444,0.0,-1045010,-1036062
M6_DELAY_8000MS_CONFIRM,2000,-500,60000,15567,15567,4.25793216630197,0.0,-321327,-305760,15567,15567,4.25793216630197,0.0,-504127,-488560,15567,15567,4.25793216630197,0.0,-686927,-671360,15567,15567,4.25793216630197,0.0,-869727,-854160,15567,15567,4.25793216630197,0.0,-1052527,-1036960
M6_DELAY_8000MS_CONFIRM,2000,-500,120000,54517,54517,14.911652078774617,0.0,-364499,-309982,54517,54517,14.911652078774617,0.0,-547299,-492782,54517,54517,14.911652078774617,0.0,-730099,-675582,54517,54517,14.911652078774617,0.0,-912899,-858382,54517,54517,14.911652078774617,0.0,-1095699,-1041182
M6_DELAY_8000MS_CONFIRM,2000,-300,30000,-1488,-1488,-0.40700218818380746,0.0,-192259,-193747,-1488,-1488,-0.40700218818380746,0.0,-375059,-376547,-1488,-1488,-0.40700218818380746,0.0,-557859,-559347,-1488,-1488,-0.40700218818380746,0.0,-740659,-742147,-1488,-1488,-0.40700218818380746,0.0,-923459,-924947
M6_DELAY_8000MS_CONFIRM,2000,-300,60000,-2108,-2108,-0.5765864332603938,0.0,-196251,-198359,-2108,-2108,-0.5765864332603938,0.0,-379051,-381159,-2108,-2108,-0.5765864332603938,0.0,-561851,-563959,-2108,-2108,-0.5765864332603938,0.0,-744651,-746759,-2108,-2108,-0.5765864332603938,0.0,-927451,-929559
M6_DELAY_8000MS_CONFIRM,2000,-300,120000,12150,12150,3.323304157549234,0.0,-210509,-198359,12150,12150,3.323304157549234,0.0,-393309,-381159,12150,12150,3.323304157549234,0.0,-576109,-563959,12150,12150,3.323304157549234,0.0,-758909,-746759,12150,12150,3.323304157549234,0.0,-941709,-929559
M6_DELAY_8000MS_CONFIRM,2000,-200,30000,-9838,-9838,-2.6909190371991247,0.0,-114574,-124412,-9838,-9838,-2.6909190371991247,0.0,-297374,-307212,-9838,-9838,-2.6909190371991247,0.0,-480174,-490012,-9838,-9838,-2.6909190371991247,0.0,-662974,-672812,-9838,-9838,-2.6909190371991247,0.0,-845774,-855612
M6_DELAY_8000MS_CONFIRM,2000,-200,60000,-22053,-22053,-6.0320021881838075,0.0,-106653,-128706,-22053,-22053,-6.0320021881838075,0.0,-289453,-311506,-22053,-22053,-6.0320021881838075,0.0,-472253,-494306,-22053,-22053,-6.0320021881838075,0.0,-655053,-677106,-22053,-22053,-6.0320021881838075,0.0,-837853,-859906
M6_DELAY_8000MS_CONFIRM,2000,-200,120000,-22560,-22560,-6.170678336980306,0.0,-106146,-128706,-22560,-22560,-6.170678336980306,0.0,-288946,-311506,-22560,-22560,-6.170678336980306,0.0,-471746,-494306,-22560,-22560,-6.170678336980306,0.0,-654546,-677106,-22560,-22560,-6.170678336980306,0.0,-837346,-859906
M6_DELAY_8000MS_CONFIRM,3000,-6000,30000,119191,119191,32.60147702407002,0.0,-1268097,-1148906,119191,119191,32.60147702407002,0.0,-1450897,-1331706,119191,119191,32.60147702407002,0.0,-1633697,-1514506,119191,119191,32.60147702407002,0.0,-1816497,-1697306,119191,119191,32.60147702407002,0.0,-1999297,-1880106
M6_DELAY_8000MS_CONFIRM,3000,-6000,60000,327521,327521,89.58451859956236,0.0,-1493400,-1165879,327521,327521,89.58451859956236,0.0,-1676200,-1348679,327521,327521,89.58451859956236,0.0,-1859000,-1531479,327521,327521,89.58451859956236,0.0,-2041800,-1714279,327521,327521,89.58451859956236,0.0,-2224600,-1897079
M6_DELAY_8000MS_CONFIRM,3000,-6000,120000,481552,481552,131.7155361050328,0.0,-1661981,-1180429,481552,481552,131.7155361050328,0.0,-1844781,-1363229,481552,481552,131.7155361050328,0.0,-2027581,-1546029,481552,481552,131.7155361050328,0.0,-2210381,-1728829,481552,481552,131.7155361050328,0.0,-2393181,-1911629
M6_DELAY_8000MS_CONFIRM,3000,-5000,30000,108611,108611,29.707603938730852,0.0,-1198179,-1089568,108611,108611,29.707603938730852,0.0,-1380979,-1272368,108611,108611,29.707603938730852,0.0,-1563779,-1455168,108611,108611,29.707603938730852,0.0,-1746579,-1637968,108611,108611,29.707603938730852,0.0,-1929379,-1820768
M6_DELAY_8000MS_CONFIRM,3000,-5000,60000,313569,313569,85.7683260393873,0.0,-1419829,-1106260,313569,313569,85.7683260393873,0.0,-1602629,-1289060,313569,313569,85.7683260393873,0.0,-1785429,-1471860,313569,313569,85.7683260393873,0.0,-1968229,-1654660,313569,313569,85.7683260393873,0.0,-2151029,-1837460
M6_DELAY_8000MS_CONFIRM,3000,-5000,120000,465609,465609,127.35475929978118,0.0,-1581120,-1115511,465609,465609,127.35475929978118,0.0,-1763920,-1298311,465609,465609,127.35475929978118,0.0,-1946720,-1481111,465609,465609,127.35475929978118,0.0,-2129520,-1663911,465609,465609,127.35475929978118,0.0,-2312320,-1846711
M6_DELAY_8000MS_CONFIRM,3000,-3000,30000,70380,70380,19.25054704595186,0.0,-994418,-924038,70380,70380,19.25054704595186,0.0,-1177218,-1106838,70380,70380,19.25054704595186,0.0,-1360018,-1289638,70380,70380,19.25054704595186,0.0,-1542818,-1472438,70380,70380,19.25054704595186,0.0,-1725618,-1655238
M6_DELAY_8000MS_CONFIRM,3000,-3000,60000,204508,204508,55.937636761487965,0.0,-1126824,-922316,204508,204508,55.937636761487965,0.0,-1309624,-1105116,204508,204508,55.937636761487965,0.0,-1492424,-1287916,204508,204508,55.937636761487965,0.0,-1675224,-1470716,204508,204508,55.937636761487965,0.0,-1858024,-1653516
M6_DELAY_8000MS_CONFIRM,3000,-3000,120000,339137,339137,92.76176148796499,0.0,-1269441,-930304,339137,339137,92.76176148796499,0.0,-1452241,-1113104,339137,339137,92.76176148796499,0.0,-1635041,-1295904,339137,339137,92.76176148796499,0.0,-1817841,-1478704,339137,339137,92.76176148796499,0.0,-2000641,-1661504
M6_DELAY_8000MS_CONFIRM,3000,-2000,30000,34843,34843,9.530361050328228,0.0,-768523,-733680,34843,34843,9.530361050328228,0.0,-951323,-916480,34843,34843,9.530361050328228,0.0,-1134123,-1099280,34843,34843,9.530361050328228,0.0,-1316923,-1282080,34843,34843,9.530361050328228,0.0,-1499723,-1464880
M6_DELAY_8000MS_CONFIRM,3000,-2000,60000,142006,142006,38.84190371991247,0.0,-878119,-736113,142006,142006,38.84190371991247,0.0,-1060919,-918913,142006,142006,38.84190371991247,0.0,-1243719,-1101713,142006,142006,38.84190371991247,0.0,-1426519,-1284513,142006,142006,38.84190371991247,0.0,-1609319,-1467313
M6_DELAY_8000MS_CONFIRM,3000,-2000,120000,248261,248261,67.9050875273523,0.0,-985684,-737423,248261,248261,67.9050875273523,0.0,-1168484,-920223,248261,248261,67.9050875273523,0.0,-1351284,-1103023,248261,248261,67.9050875273523,0.0,-1534084,-1285823,248261,248261,67.9050875273523,0.0,-1716884,-1468623
M6_DELAY_8000MS_CONFIRM,3000,-1500,30000,32957,32957,9.014496717724288,0.0,-661612,-628655,32957,32957,9.014496717724288,0.0,-844412,-811455,32957,32957,9.014496717724288,0.0,-1027212,-994255,32957,32957,9.014496717724288,0.0,-1210012,-1177055,32957,32957,9.014496717724288,0.0,-1392812,-1359855
M6_DELAY_8000MS_CONFIRM,3000,-1500,60000,85271,85271,23.323577680525165,0.0,-714857,-629586,85271,85271,23.323577680525165,0.0,-897657,-812386,85271,85271,23.323577680525165,0.0,-1080457,-995186,85271,85271,23.323577680525165,0.0,-1263257,-1177986,85271,85271,23.323577680525165,0.0,-1446057,-1360786
M6_DELAY_8000MS_CONFIRM,3000,-1500,120000,188892,188892,51.66630196936543,0.0,-820490,-631598,188892,188892,51.66630196936543,0.0,-1003290,-814398,188892,188892,51.66630196936543,0.0,-1186090,-997198,188892,188892,51.66630196936543,0.0,-1368890,-1179998,188892,188892,51.66630196936543,0.0,-1551690,-1362798
M6_DELAY_8000MS_CONFIRM,3000,-1000,30000,14784,14784,4.043763676148797,0.0,-493618,-478834,14784,14784,4.043763676148797,0.0,-676418,-661634,14784,14784,4.043763676148797,0.0,-859218,-844434,14784,14784,4.043763676148797,0.0,-1042018,-1027234,14784,14784,4.043763676148797,0.0,-1224818,-1210034
M6_DELAY_8000MS_CONFIRM,3000,-1000,60000,47176,47176,12.903719912472647,0.0,-525369,-478193,47176,47176,12.903719912472647,0.0,-708169,-660993,47176,47176,12.903719912472647,0.0,-890969,-843793,47176,47176,12.903719912472647,0.0,-1073769,-1026593,47176,47176,12.903719912472647,0.0,-1256569,-1209393
M6_DELAY_8000MS_CONFIRM,3000,-1000,120000,128660,128660,35.191466083150985,0.0,-609845,-481185,128660,128660,35.191466083150985,0.0,-792645,-663985,128660,128660,35.191466083150985,0.0,-975445,-846785,128660,128660,35.191466083150985,0.0,-1158245,-1029585,128660,128660,35.191466083150985,0.0,-1341045,-1212385
M6_DELAY_8000MS_CONFIRM,3000,-700,30000,-2137,-2137,-0.5845185995623632,0.0,-364099,-366236,-2137,-2137,-0.5845185995623632,0.0,-546899,-549036,-2137,-2137,-0.5845185995623632,0.0,-729699,-731836,-2137,-2137,-0.5845185995623632,0.0,-912499,-914636,-2137,-2137,-0.5845185995623632,0.0,-1095299,-1097436
M6_DELAY_8000MS_CONFIRM,3000,-700,60000,19265,19265,5.269420131291028,0.0,-384284,-365019,19265,19265,5.269420131291028,0.0,-567084,-547819,19265,19265,5.269420131291028,0.0,-749884,-730619,19265,19265,5.269420131291028,0.0,-932684,-913419,19265,19265,5.269420131291028,0.0,-1115484,-1096219
M6_DELAY_8000MS_CONFIRM,3000,-700,120000,78779,78779,21.547866520787746,0.0,-444685,-365906,78779,78779,21.547866520787746,0.0,-627485,-548706,78779,78779,21.547866520787746,0.0,-810285,-731506,78779,78779,21.547866520787746,0.0,-993085,-914306,78779,78779,21.547866520787746,0.0,-1175885,-1097106
M6_DELAY_8000MS_CONFIRM,3000,-500,30000,-5170,-5170,-1.4141137855579868,0.0,-267119,-272289,-5170,-5170,-1.4141137855579868,0.0,-449919,-455089,-5170,-5170,-1.4141137855579868,0.0,-632719,-637889,-5170,-5170,-1.4141137855579868,0.0,-815519,-820689,-5170,-5170,-1.4141137855579868,0.0,-998319,-1003489
M6_DELAY_8000MS_CONFIRM,3000,-500,60000,4612,4612,1.2614879649890591,0.0,-275973,-271361,4612,4612,1.2614879649890591,0.0,-458773,-454161,4612,4612,1.2614879649890591,0.0,-641573,-636961,4612,4612,1.2614879649890591,0.0,-824373,-819761,4612,4612,1.2614879649890591,0.0,-1007173,-1002561
M6_DELAY_8000MS_CONFIRM,3000,-500,120000,51937,51937,14.205962800875273,0.0,-327520,-275583,51937,51937,14.205962800875273,0.0,-510320,-458383,51937,51937,14.205962800875273,0.0,-693120,-641183,51937,51937,14.205962800875273,0.0,-875920,-823983,51937,51937,14.205962800875273,0.0,-1058720,-1006783
M6_DELAY_8000MS_CONFIRM,3000,-300,30000,-13674,-13674,-3.740153172866521,0.0,-149122,-162796,-13674,-13674,-3.740153172866521,0.0,-331922,-345596,-13674,-13674,-3.740153172866521,0.0,-514722,-528396,-13674,-13674,-3.740153172866521,0.0,-697522,-711196,-13674,-13674,-3.740153172866521,0.0,-880322,-893996
M6_DELAY_8000MS_CONFIRM,3000,-300,60000,-13943,-13943,-3.813730853391685,0.0,-151231,-165174,-13943,-13943,-3.813730853391685,0.0,-334031,-347974,-13943,-13943,-3.813730853391685,0.0,-516831,-530774,-13943,-13943,-3.813730853391685,0.0,-699631,-713574,-13943,-13943,-3.813730853391685,0.0,-882431,-896374
M6_DELAY_8000MS_CONFIRM,3000,-300,120000,2356,2356,0.6444201312910285,0.0,-167530,-165174,2356,2356,0.6444201312910285,0.0,-350330,-347974,2356,2356,0.6444201312910285,0.0,-533130,-530774,2356,2356,0.6444201312910285,0.0,-715930,-713574,2356,2356,0.6444201312910285,0.0,-898730,-896374
M6_DELAY_8000MS_CONFIRM,3000,-200,30000,-21124,-21124,-5.777899343544858,0.0,-71437,-92561,-21124,-21124,-5.777899343544858,0.0,-254237,-275361,-21124,-21124,-5.777899343544858,0.0,-437037,-458161,-21124,-21124,-5.777899343544858,0.0,-619837,-640961,-21124,-21124,-5.777899343544858,0.0,-802637,-823761
M6_DELAY_8000MS_CONFIRM,3000,-200,60000,-32888,-32888,-8.99562363238512,0.0,-66112,-99000,-32888,-32888,-8.99562363238512,0.0,-248912,-281800,-32888,-32888,-8.99562363238512,0.0,-431712,-464600,-32888,-32888,-8.99562363238512,0.0,-614512,-647400,-32888,-32888,-8.99562363238512,0.0,-797312,-830200
M6_DELAY_8000MS_CONFIRM,3000,-200,120000,-32860,-32860,-8.987964989059082,0.0,-66140,-99000,-32860,-32860,-8.987964989059082,0.0,-248940,-281800,-32860,-32860,-8.987964989059082,0.0,-431740,-464600,-32860,-32860,-8.987964989059082,0.0,-614540,-647400,-32860,-32860,-8.987964989059082,0.0,-797340,-830200
M6_DELAY_8000MS_CONFIRM,5000,-6000,30000,117882,117882,32.24343544857768,0.0,-1223501,-1105619,117882,117882,32.24343544857768,0.0,-1406301,-1288419,117882,117882,32.24343544857768,0.0,-1589101,-1471219,117882,117882,32.24343544857768,0.0,-1771901,-1654019,117882,117882,32.24343544857768,0.0,-1954701,-1836819
M6_DELAY_8000MS_CONFIRM,5000,-6000,60000,316834,316834,86.66137855579869,0.0,-1471773,-1154939,316834,316834,86.66137855579869,0.0,-1654573,-1337739,316834,316834,86.66137855579869,0.0,-1837373,-1520539,316834,316834,86.66137855579869,0.0,-2020173,-1703339,316834,316834,86.66137855579869,0.0,-2202973,-1886139
M6_DELAY_8000MS_CONFIRM,5000,-6000,120000,433530,433530,118.58041575492341,0.0,-1620038,-1186508,433530,433530,118.58041575492341,0.0,-1802838,-1369308,433530,433530,118.58041575492341,0.0,-1985638,-1552108,433530,433530,118.58041575492341,0.0,-2168438,-1734908,433530,433530,118.58041575492341,0.0,-2351238,-1917708
M6_DELAY_8000MS_CONFIRM,5000,-5000,30000,108759,108759,29.74808533916849,0.0,-1155634,-1046875,108759,108759,29.74808533916849,0.0,-1338434,-1229675,108759,108759,29.74808533916849,0.0,-1521234,-1412475,108759,108759,29.74808533916849,0.0,-1704034,-1595275,108759,108759,29.74808533916849,0.0,-1886834,-1778075
M6_DELAY_8000MS_CONFIRM,5000,-5000,60000,307168,307168,84.01750547045953,0.0,-1401082,-1093914,307168,307168,84.01750547045953,0.0,-1583882,-1276714,307168,307168,84.01750547045953,0.0,-1766682,-1459514,307168,307168,84.01750547045953,0.0,-1949482,-1642314,307168,307168,84.01750547045953,0.0,-2132282,-1825114
M6_DELAY_8000MS_CONFIRM,5000,-5000,120000,424703,424703,116.16602844638949,0.0,-1543665,-1118962,424703,424703,116.16602844638949,0.0,-1726465,-1301762,424703,424703,116.16602844638949,0.0,-1909265,-1484562,424703,424703,116.16602844638949,0.0,-2092065,-1667362,424703,424703,116.16602844638949,0.0,-2274865,-1850162
M6_DELAY_8000MS_CONFIRM,5000,-3000,30000,70374,70374,19.24890590809628,0.0,-958730,-888356,70374,70374,19.24890590809628,0.0,-1141530,-1071156,70374,70374,19.24890590809628,0.0,-1324330,-1253956,70374,70374,19.24890590809628,0.0,-1507130,-1436756,70374,70374,19.24890590809628,0.0,-1689930,-1619556
M6_DELAY_8000MS_CONFIRM,5000,-3000,60000,186127,186127,50.91001094091904,0.0,-1099372,-913245,186127,186127,50.91001094091904,0.0,-1282172,-1096045,186127,186127,50.91001094091904,0.0,-1464972,-1278845,186127,186127,50.91001094091904,0.0,-1647772,-1461645,186127,186127,50.91001094091904,0.0,-1830572,-1644445
M6_DELAY_8000MS_CONFIRM,5000,-3000,120000,283662,283662,77.58807439824945,0.0,-1215811,-932149,283662,283662,77.58807439824945,0.0,-1398611,-1114949,283662,283662,77.58807439824945,0.0,-1581411,-1297749,283662,283662,77.58807439824945,0.0,-1764211,-1480549,283662,283662,77.58807439824945,0.0,-1947011,-1663349
M6_DELAY_8000MS_CONFIRM,5000,-2000,30000,30516,30516,8.346827133479213,0.0,-726030,-695514,30516,30516,8.346827133479213,0.0,-908830,-878314,30516,30516,8.346827133479213,0.0,-1091630,-1061114,30516,30516,8.346827133479213,0.0,-1274430,-1243914,30516,30516,8.346827133479213,0.0,-1457230,-1426714
M6_DELAY_8000MS_CONFIRM,5000,-2000,60000,121570,121570,33.25218818380744,0.0,-842604,-721034,121570,121570,33.25218818380744,0.0,-1025404,-903834,121570,121570,33.25218818380744,0.0,-1208204,-1086634,121570,121570,33.25218818380744,0.0,-1391004,-1269434,121570,121570,33.25218818380744,0.0,-1573804,-1452234
M6_DELAY_8000MS_CONFIRM,5000,-2000,120000,208724,208724,57.090809628008756,0.0,-939442,-730718,208724,208724,57.090809628008756,0.0,-1122242,-913518,208724,208724,57.090809628008756,0.0,-1305042,-1096318,208724,208724,57.090809628008756,0.0,-1487842,-1279118,208724,208724,57.090809628008756,0.0,-1670642,-1461918
M6_DELAY_8000MS_CONFIRM,5000,-1500,30000,25672,25672,7.021881838074398,0.0,-615504,-589832,25672,25672,7.021881838074398,0.0,-798304,-772632,25672,25672,7.021881838074398,0.0,-981104,-955432,25672,25672,7.021881838074398,0.0,-1163904,-1138232,25672,25672,7.021881838074398,0.0,-1346704,-1321032
M6_DELAY_8000MS_CONFIRM,5000,-1500,60000,71095,71095,19.446115973741794,0.0,-677512,-606417,71095,71095,19.446115973741794,0.0,-860312,-789217,71095,71095,19.446115973741794,0.0,-1043112,-972017,71095,71095,19.446115973741794,0.0,-1225912,-1154817,71095,71095,19.446115973741794,0.0,-1408712,-1337617
M6_DELAY_8000MS_CONFIRM,5000,-1500,120000,156979,156979,42.937363238512035,0.0,-772782,-615803,156979,156979,42.937363238512035,0.0,-955582,-798603,156979,156979,42.937363238512035,0.0,-1138382,-981403,156979,156979,42.937363238512035,0.0,-1321182,-1164203,156979,156979,42.937363238512035,0.0,-1503982,-1347003
M6_DELAY_8000MS_CONFIRM,5000,-1000,30000,7469,7469,2.0429431072210065,0.0,-450196,-442727,7469,7469,2.0429431072210065,0.0,-632996,-625527,7469,7469,2.0429431072210065,0.0,-815796,-808327,7469,7469,2.0429431072210065,0.0,-998596,-991127,7469,7469,2.0429431072210065,0.0,-1181396,-1173927
M6_DELAY_8000MS_CONFIRM,5000,-1000,60000,43614,43614,11.929431072210066,0.0,-496821,-453207,43614,43614,11.929431072210066,0.0,-679621,-636007,43614,43614,11.929431072210066,0.0,-862421,-818807,43614,43614,11.929431072210066,0.0,-1045221,-1001607,43614,43614,11.929431072210066,0.0,-1228021,-1184407
M6_DELAY_8000MS_CONFIRM,5000,-1000,120000,110983,110983,30.35640043763676,0.0,-571278,-460295,110983,110983,30.35640043763676,0.0,-754078,-643095,110983,110983,30.35640043763676,0.0,-936878,-825895,110983,110983,30.35640043763676,0.0,-1119678,-1008695,110983,110983,30.35640043763676,0.0,-1302478,-1191495
M6_DELAY_8000MS_CONFIRM,5000,-700,30000,-11036,-11036,-3.0185995623632387,0.0,-322105,-333141,-11036,-11036,-3.0185995623632387,0.0,-504905,-515941,-11036,-11036,-3.0185995623632387,0.0,-687705,-698741,-11036,-11036,-3.0185995623632387,0.0,-870505,-881541,-11036,-11036,-3.0185995623632387,0.0,-1053305,-1064341
M6_DELAY_8000MS_CONFIRM,5000,-700,60000,13873,13873,3.7945842450765865,0.0,-349132,-335259,13873,13873,3.7945842450765865,0.0,-531932,-518059,13873,13873,3.7945842450765865,0.0,-714732,-700859,13873,13873,3.7945842450765865,0.0,-897532,-883659,13873,13873,3.7945842450765865,0.0,-1080332,-1066459
M6_DELAY_8000MS_CONFIRM,5000,-700,120000,68698,68698,18.79048140043764,0.0,-407023,-338325,68698,68698,18.79048140043764,0.0,-589823,-521125,68698,68698,18.79048140043764,0.0,-772623,-703925,68698,68698,18.79048140043764,0.0,-955423,-886725,68698,68698,18.79048140043764,0.0,-1138223,-1069525
M6_DELAY_8000MS_CONFIRM,5000,-500,30000,-14395,-14395,-3.937363238512035,0.0,-222588,-236983,-14395,-14395,-3.937363238512035,0.0,-405388,-419783,-14395,-14395,-3.937363238512035,0.0,-588188,-602583,-14395,-14395,-3.937363238512035,0.0,-770988,-785383,-14395,-14395,-3.937363238512035,0.0,-953788,-968183
M6_DELAY_8000MS_CONFIRM,5000,-500,60000,-4285,-4285,-1.1720459518599562,0.0,-234105,-238390,-4285,-4285,-1.1720459518599562,0.0,-416905,-421190,-4285,-4285,-1.1720459518599562,0.0,-599705,-603990,-4285,-4285,-1.1720459518599562,0.0,-782505,-786790,-4285,-4285,-1.1720459518599562,0.0,-965305,-969590
M6_DELAY_8000MS_CONFIRM,5000,-500,120000,30823,30823,8.430798687089716,0.0,-271914,-241091,30823,30823,8.430798687089716,0.0,-454714,-423891,30823,30823,8.430798687089716,0.0,-637514,-606691,30823,30823,8.430798687089716,0.0,-820314,-789491,30823,30823,8.430798687089716,0.0,-1003114,-972291
M6_DELAY_8000MS_CONFIRM,5000,-300,30000,-19561,-19561,-5.350382932166302,0.0,-114197,-133758,-19561,-19561,-5.350382932166302,0.0,-296997,-316558,-19561,-19561,-5.350382932166302,0.0,-479797,-499358,-19561,-19561,-5.350382932166302,0.0,-662597,-682158,-19561,-19561,-5.350382932166302,0.0,-845397,-864958
M6_DELAY_8000MS_CONFIRM,5000,-300,60000,-22105,-22105,-6.046225382932167,0.0,-118498,-140603,-22105,-22105,-6.046225382932167,0.0,-301298,-323403,-22105,-22105,-6.046225382932167,0.0,-484098,-506203,-22105,-22105,-6.046225382932167,0.0,-666898,-689003,-22105,-22105,-6.046225382932167,0.0,-849698,-871803
M6_DELAY_8000MS_CONFIRM,5000,-300,120000,-17754,-17754,-4.856126914660831,0.0,-121328,-139082,-17754,-17754,-4.856126914660831,0.0,-304128,-321882,-17754,-17754,-4.856126914660831,0.0,-486928,-504682,-17754,-17754,-4.856126914660831,0.0,-669728,-687482,-17754,-17754,-4.856126914660831,0.0,-852528,-870282
M6_DELAY_8000MS_CONFIRM,5000,-200,30000,-25364,-25364,-6.937636761487965,0.0,-37859,-63223,-25364,-25364,-6.937636761487965,0.0,-220659,-246023,-25364,-25364,-6.937636761487965,0.0,-403459,-428823,-25364,-25364,-6.937636761487965,0.0,-586259,-611623,-25364,-25364,-6.937636761487965,0.0,-769059,-794423
M6_DELAY_8000MS_CONFIRM,5000,-200,60000,-38206,-38206,-10.450218818380744,0.0,-39188,-77394,-38206,-38206,-10.450218818380744,0.0,-221988,-260194,-38206,-38206,-10.450218818380744,0.0,-404788,-442994,-38206,-38206,-10.450218818380744,0.0,-587588,-625794,-38206,-38206,-10.450218818380744,0.0,-770388,-808594
M6_DELAY_8000MS_CONFIRM,5000,-200,120000,-50726,-50726,-13.87472647702407,0.0,-25382,-76108,-50726,-50726,-13.87472647702407,0.0,-208182,-258908,-50726,-50726,-13.87472647702407,0.0,-390982,-441708,-50726,-50726,-13.87472647702407,0.0,-573782,-624508,-50726,-50726,-13.87472647702407,0.0,-756582,-807308
M6_DELAY_8000MS_CONFIRM,6000,-6000,30000,109676,109676,29.99890590809628,0.0,-1217033,-1107357,109676,109676,29.99890590809628,0.0,-1399833,-1290157,109676,109676,29.99890590809628,0.0,-1582633,-1472957,109676,109676,29.99890590809628,0.0,-1765433,-1655757,109676,109676,29.99890590809628,0.0,-1948233,-1838557
M6_DELAY_8000MS_CONFIRM,6000,-6000,60000,306534,306534,83.84409190371991,0.0,-1477063,-1170529,306534,306534,83.84409190371991,0.0,-1659863,-1353329,306534,306534,83.84409190371991,0.0,-1842663,-1536129,306534,306534,83.84409190371991,0.0,-2025463,-1718929,306534,306534,83.84409190371991,0.0,-2208263,-1901729
M6_DELAY_8000MS_CONFIRM,6000,-6000,120000,410276,410276,112.2199124726477,0.0,-1626770,-1216494,410276,410276,112.2199124726477,0.0,-1809570,-1399294,410276,410276,112.2199124726477,0.0,-1992370,-1582094,410276,410276,112.2199124726477,0.0,-2175170,-1764894,410276,410276,112.2199124726477,0.0,-2357970,-1947694
M6_DELAY_8000MS_CONFIRM,6000,-5000,30000,100553,100553,27.50355579868709,0.0,-1148166,-1047613,100553,100553,27.50355579868709,0.0,-1330966,-1230413,100553,100553,27.50355579868709,0.0,-1513766,-1413213,100553,100553,27.50355579868709,0.0,-1696566,-1596013,100553,100553,27.50355579868709,0.0,-1879366,-1778813
M6_DELAY_8000MS_CONFIRM,6000,-5000,60000,297069,297069,81.25519693654267,0.0,-1406283,-1109214,297069,297069,81.25519693654267,0.0,-1589083,-1292014,297069,297069,81.25519693654267,0.0,-1771883,-1474814,297069,297069,81.25519693654267,0.0,-1954683,-1657614,297069,297069,81.25519693654267,0.0,-2137483,-1840414
M6_DELAY_8000MS_CONFIRM,6000,-5000,120000,402781,402781,110.16985776805252,0.0,-1550439,-1147658,402781,402781,110.16985776805252,0.0,-1733239,-1330458,402781,402781,110.16985776805252,0.0,-1916039,-1513258,402781,402781,110.16985776805252,0.0,-2098839,-1696058,402781,402781,110.16985776805252,0.0,-2281639,-1878858
M6_DELAY_8000MS_CONFIRM,6000,-3000,30000,62168,62168,17.00437636761488,0.0,-955612,-893444,62168,62168,17.00437636761488,0.0,-1138412,-1076244,62168,62168,17.00437636761488,0.0,-1321212,-1259044,62168,62168,17.00437636761488,0.0,-1504012,-1441844,62168,62168,17.00437636761488,0.0,-1686812,-1624644
M6_DELAY_8000MS_CONFIRM,6000,-3000,60000,177249,177249,48.48167396061269,0.0,-1101696,-924447,177249,177249,48.48167396061269,0.0,-1284496,-1107247,177249,177249,48.48167396061269,0.0,-1467296,-1290047,177249,177249,48.48167396061269,0.0,-1650096,-1472847,177249,177249,48.48167396061269,0.0,-1832896,-1655647
M6_DELAY_8000MS_CONFIRM,6000,-3000,120000,266543,266543,72.90563457330416,0.0,-1223321,-956778,266543,266543,72.90563457330416,0.0,-1406121,-1139578,266543,266543,72.90563457330416,0.0,-1588921,-1322378,266543,266543,72.90563457330416,0.0,-1771721,-1505178,266543,266543,72.90563457330416,0.0,-1954521,-1687978
M6_DELAY_8000MS_CONFIRM,6000,-2000,30000,22310,22310,6.102297592997812,0.0,-725474,-703164,22310,22310,6.102297592997812,0.0,-908274,-885964,22310,22310,6.102297592997812,0.0,-1091074,-1068764,22310,22310,6.102297592997812,0.0,-1273874,-1251564,22310,22310,6.102297592997812,0.0,-1456674,-1434364
M6_DELAY_8000MS_CONFIRM,6000,-2000,60000,112722,112722,30.832056892778994,0.0,-845556,-732834,112722,112722,30.832056892778994,0.0,-1028356,-915634,112722,112722,30.832056892778994,0.0,-1211156,-1098434,112722,112722,30.832056892778994,0.0,-1393956,-1281234,112722,112722,30.832056892778994,0.0,-1576756,-1464034
M6_DELAY_8000MS_CONFIRM,6000,-2000,120000,204651,204651,55.97675054704595,0.0,-953169,-748518,204651,204651,55.97675054704595,0.0,-1135969,-931318,204651,204651,55.97675054704595,0.0,-1318769,-1114118,204651,204651,55.97675054704595,0.0,-1501569,-1296918,204651,204651,55.97675054704595,0.0,-1684369,-1479718
M6_DELAY_8000MS_CONFIRM,6000,-1500,30000,19466,19466,5.324398249452954,0.0,-622926,-603460,19466,19466,5.324398249452954,0.0,-805726,-786260,19466,19466,5.324398249452954,0.0,-988526,-969060,19466,19466,5.324398249452954,0.0,-1171326,-1151860,19466,19466,5.324398249452954,0.0,-1354126,-1334660
M6_DELAY_8000MS_CONFIRM,6000,-1500,60000,65434,65434,17.89770240700219,0.0,-691295,-625861,65434,65434,17.89770240700219,0.0,-874095,-808661,65434,65434,17.89770240700219,0.0,-1056895,-991461,65434,65434,17.89770240700219,0.0,-1239695,-1174261,65434,65434,17.89770240700219,0.0,-1422495,-1357061
M6_DELAY_8000MS_CONFIRM,6000,-1500,120000,154392,154392,42.22975929978118,0.0,-795139,-640747,154392,154392,42.22975929978118,0.0,-977939,-823547,154392,154392,42.22975929978118,0.0,-1160739,-1006347,154392,154392,42.22975929978118,0.0,-1343539,-1189147,154392,154392,42.22975929978118,0.0,-1526339,-1371947
M6_DELAY_8000MS_CONFIRM,6000,-1000,30000,2066,2066,0.5650984682713348,0.0,-452118,-450052,2066,2066,0.5650984682713348,0.0,-634918,-632852,2066,2066,0.5650984682713348,0.0,-817718,-815652,2066,2066,0.5650984682713348,0.0,-1000518,-998452,2066,2066,0.5650984682713348,0.0,-1183318,-1181252
M6_DELAY_8000MS_CONFIRM,6000,-1000,60000,39104,39104,10.695842450765864,0.0,-506155,-467051,39104,39104,10.695842450765864,0.0,-688955,-649851,39104,39104,10.695842450765864,0.0,-871755,-832651,39104,39104,10.695842450765864,0.0,-1054555,-1015451,39104,39104,10.695842450765864,0.0,-1237355,-1198251
M6_DELAY_8000MS_CONFIRM,6000,-1000,120000,98649,98649,26.982768052516413,0.0,-577788,-479139,98649,98649,26.982768052516413,0.0,-760588,-661939,98649,98649,26.982768052516413,0.0,-943388,-844739,98649,98649,26.982768052516413,0.0,-1126188,-1027539,98649,98649,26.982768052516413,0.0,-1308988,-1210339
M6_DELAY_8000MS_CONFIRM,6000,-700,30000,-16439,-16439,-4.496444201312911,0.0,-324427,-340866,-16439,-16439,-4.496444201312911,0.0,-507227,-523666,-16439,-16439,-4.496444201312911,0.0,-690027,-706466,-16439,-16439,-4.496444201312911,0.0,-872827,-889266,-16439,-16439,-4.496444201312911,0.0,-1055627,-1072066
M6_DELAY_8000MS_CONFIRM,6000,-700,60000,10256,10256,2.8052516411378554,0.0,-359859,-349603,10256,10256,2.8052516411378554,0.0,-542659,-532403,10256,10256,2.8052516411378554,0.0,-725459,-715203,10256,10256,2.8052516411378554,0.0,-908259,-898003,10256,10256,2.8052516411378554,0.0,-1091059,-1080803
M6_DELAY_8000MS_CONFIRM,6000,-700,120000,56938,56938,15.573851203501095,0.0,-414307,-357369,56938,56938,15.573851203501095,0.0,-597107,-540169,56938,56938,15.573851203501095,0.0,-779907,-722969,56938,56938,15.573851203501095,0.0,-962707,-905769,56938,56938,15.573851203501095,0.0,-1145507,-1088569
M6_DELAY_8000MS_CONFIRM,6000,-500,30000,-18798,-18798,-5.141684901531729,0.0,-225510,-244308,-18798,-18798,-5.141684901531729,0.0,-408310,-427108,-18798,-18798,-5.141684901531729,0.0,-591110,-609908,-18798,-18798,-5.141684901531729,0.0,-773910,-792708,-18798,-18798,-5.141684901531729,0.0,-956710,-975508
M6_DELAY_8000MS_CONFIRM,6000,-500,60000,-7497,-7497,-2.0506017505470457,0.0,-244237,-251734,-7497,-7497,-2.0506017505470457,0.0,-427037,-434534,-7497,-7497,-2.0506017505470457,0.0,-609837,-617334,-7497,-7497,-2.0506017505470457,0.0,-792637,-800134,-7497,-7497,-2.0506017505470457,0.0,-975437,-982934
M6_DELAY_8000MS_CONFIRM,6000,-500,120000,20557,20557,5.62281181619256,0.0,-279492,-258935,20557,20557,5.62281181619256,0.0,-462292,-441735,20557,20557,5.62281181619256,0.0,-645092,-624535,20557,20557,5.62281181619256,0.0,-827892,-807335,20557,20557,5.62281181619256,0.0,-1010692,-990135
M6_DELAY_8000MS_CONFIRM,6000,-300,30000,-22964,-22964,-6.281181619256017,0.0,-118870,-141834,-22964,-22964,-6.281181619256017,0.0,-301670,-324634,-22964,-22964,-6.281181619256017,0.0,-484470,-507434,-22964,-22964,-6.281181619256017,0.0,-667270,-690234,-22964,-22964,-6.281181619256017,0.0,-850070,-873034
M6_DELAY_8000MS_CONFIRM,6000,-300,60000,-29461,-29461,-8.058260393873086,0.0,-119771,-149232,-29461,-29461,-8.058260393873086,0.0,-302571,-332032,-29461,-29461,-8.058260393873086,0.0,-485371,-514832,-29461,-29461,-8.058260393873086,0.0,-668171,-697632,-29461,-29461,-8.058260393873086,0.0,-850971,-880432
M6_DELAY_8000MS_CONFIRM,6000,-300,120000,-30423,-30423,-8.321389496717725,0.0,-121588,-152011,-30423,-30423,-8.321389496717725,0.0,-304388,-334811,-30423,-30423,-8.321389496717725,0.0,-487188,-517611,-30423,-30423,-8.321389496717725,0.0,-669988,-700411,-30423,-30423,-8.321389496717725,0.0,-852788,-883211
M6_DELAY_8000MS_CONFIRM,6000,-200,30000,-27767,-27767,-7.594912472647702,0.0,-44578,-72345,-27767,-27767,-7.594912472647702,0.0,-227378,-255145,-27767,-27767,-7.594912472647702,0.0,-410178,-437945,-27767,-27767,-7.594912472647702,0.0,-592978,-620745,-27767,-27767,-7.594912472647702,0.0,-775778,-803545
M6_DELAY_8000MS_CONFIRM,6000,-200,60000,-44597,-44597,-12.198304157549234,0.0,-41026,-85623,-44597,-44597,-12.198304157549234,0.0,-223826,-268423,-44597,-44597,-12.198304157549234,0.0,-406626,-451223,-44597,-44597,-12.198304157549234,0.0,-589426,-634023,-44597,-44597,-12.198304157549234,0.0,-772226,-816823
M6_DELAY_8000MS_CONFIRM,6000,-200,120000,-65927,-65927,-18.03254923413567,0.0,-18410,-84337,-65927,-65927,-18.03254923413567,0.0,-201210,-267137,-65927,-65927,-18.03254923413567,0.0,-384010,-449937,-65927,-65927,-18.03254923413567,0.0,-566810,-632737,-65927,-65927,-18.03254923413567,0.0,-749610,-815537
M6_DELAY_8000MS_CONFIRM,7500,-6000,30000,105638,105638,28.894420131291028,0.0,-1204921,-1099283,105638,105638,28.894420131291028,0.0,-1387721,-1282083,105638,105638,28.894420131291028,0.0,-1570521,-1464883,105638,105638,28.894420131291028,0.0,-1753321,-1647683,105638,105638,28.894420131291028,0.0,-1936121,-1830483
M6_DELAY_8000MS_CONFIRM,7500,-6000,60000,351568,351568,96.16192560175055,0.0,-1508523,-1156955,351568,351568,96.16192560175055,0.0,-1691323,-1339755,351568,351568,96.16192560175055,0.0,-1874123,-1522555,351568,351568,96.16192560175055,0.0,-2056923,-1705355,351568,351568,96.16192560175055,0.0,-2239723,-1888155
M6_DELAY_8000MS_CONFIRM,7500,-6000,120000,446064,446064,122.00875273522976,0.0,-1665810,-1219746,446064,446064,122.00875273522976,0.0,-1848610,-1402546,446064,446064,122.00875273522976,0.0,-2031410,-1585346,446064,446064,122.00875273522976,0.0,-2214210,-1768146,446064,446064,122.00875273522976,0.0,-2397010,-1950946
M6_DELAY_8000MS_CONFIRM,7500,-5000,30000,96515,96515,26.399070021881837,0.0,-1136054,-1039539,96515,96515,26.399070021881837,0.0,-1318854,-1222339,96515,96515,26.399070021881837,0.0,-1501654,-1405139,96515,96515,26.399070021881837,0.0,-1684454,-1587939,96515,96515,26.399070021881837,0.0,-1867254,-1770739
M6_DELAY_8000MS_CONFIRM,7500,-5000,60000,331152,331152,90.57768052516411,0.0,-1427292,-1096140,331152,331152,90.57768052516411,0.0,-1610092,-1278940,331152,331152,90.57768052516411,0.0,-1792892,-1461740,331152,331152,90.57768052516411,0.0,-1975692,-1644540,331152,331152,90.57768052516411,0.0,-2158492,-1827340
M6_DELAY_8000MS_CONFIRM,7500,-5000,120000,438020,438020,119.80853391684902,0.0,-1588430,-1150410,438020,438020,119.80853391684902,0.0,-1771230,-1333210,438020,438020,119.80853391684902,0.0,-1954030,-1516010,438020,438020,119.80853391684902,0.0,-2136830,-1698810,438020,438020,119.80853391684902,0.0,-2319630,-1881610
M6_DELAY_8000MS_CONFIRM,7500,-3000,30000,58130,58130,15.899890590809628,0.0,-943353,-885223,58130,58130,15.899890590809628,0.0,-1126153,-1068023,58130,58130,15.899890590809628,0.0,-1308953,-1250823,58130,58130,15.899890590809628,0.0,-1491753,-1433623,58130,58130,15.899890590809628,0.0,-1674553,-1616423
M6_DELAY_8000MS_CONFIRM,7500,-3000,60000,207579,207579,56.77762582056893,0.0,-1124787,-917208,207579,207579,56.77762582056893,0.0,-1307587,-1100008,207579,207579,56.77762582056893,0.0,-1490387,-1282808,207579,207579,56.77762582056893,0.0,-1673187,-1465608,207579,207579,56.77762582056893,0.0,-1855987,-1648408
M6_DELAY_8000MS_CONFIRM,7500,-3000,120000,296330,296330,81.05306345733041,0.0,-1262856,-966526,296330,296330,81.05306345733041,0.0,-1445656,-1149326,296330,296330,81.05306345733041,0.0,-1628456,-1332126,296330,296330,81.05306345733041,0.0,-1811256,-1514926,296330,296330,81.05306345733041,0.0,-1994056,-1697726
M6_DELAY_8000MS_CONFIRM,7500,-2000,30000,18272,18272,4.99781181619256,0.0,-718215,-699943,18272,18272,4.99781181619256,0.0,-901015,-882743,18272,18272,4.99781181619256,0.0,-1083815,-1065543,18272,18272,4.99781181619256,0.0,-1266615,-1248343,18272,18272,4.99781181619256,0.0,-1449415,-1431143
M6_DELAY_8000MS_CONFIRM,7500,-2000,60000,140552,140552,38.44420131291029,0.0,-869147,-728595,140552,140552,38.44420131291029,0.0,-1051947,-911395,140552,140552,38.44420131291029,0.0,-1234747,-1094195,140552,140552,38.44420131291029,0.0,-1417547,-1276995,140552,140552,38.44420131291029,0.0,-1600347,-1459795
M6_DELAY_8000MS_CONFIRM,7500,-2000,120000,230620,230620,63.07986870897155,0.0,-994428,-763808,230620,230620,63.07986870897155,0.0,-1177228,-946608,230620,230620,63.07986870897155,0.0,-1360028,-1129408,230620,230620,63.07986870897155,0.0,-1542828,-1312208,230620,230620,63.07986870897155,0.0,-1725628,-1495008
M6_DELAY_8000MS_CONFIRM,7500,-1500,30000,14539,14539,3.9767505470459517,0.0,-618297,-603758,14539,14539,3.9767505470459517,0.0,-801097,-786558,14539,14539,3.9767505470459517,0.0,-983897,-969358,14539,14539,3.9767505470459517,0.0,-1166697,-1152158,14539,14539,3.9767505470459517,0.0,-1349497,-1334958
M6_DELAY_8000MS_CONFIRM,7500,-1500,60000,68764,68764,18.808533916849015,0.0,-693386,-624622,68764,68764,18.808533916849015,0.0,-876186,-807422,68764,68764,18.808533916849015,0.0,-1058986,-990222,68764,68764,18.808533916849015,0.0,-1241786,-1173022,68764,68764,18.808533916849015,0.0,-1424586,-1355822
M6_DELAY_8000MS_CONFIRM,7500,-1500,120000,160081,160081,43.78583150984683,0.0,-818118,-658037,160081,160081,43.78583150984683,0.0,-1000918,-840837,160081,160081,43.78583150984683,0.0,-1183718,-1023637,160081,160081,43.78583150984683,0.0,-1366518,-1206437,160081,160081,43.78583150984683,0.0,-1549318,-1389237
M6_DELAY_8000MS_CONFIRM,7500,-1000,30000,-2669,-2669,-0.7300328227571116,0.0,-445740,-448409,-2669,-2669,-0.7300328227571116,0.0,-628540,-631209,-2669,-2669,-0.7300328227571116,0.0,-811340,-814009,-2669,-2669,-0.7300328227571116,0.0,-994140,-996809,-2669,-2669,-0.7300328227571116,0.0,-1176940,-1179609
M6_DELAY_8000MS_CONFIRM,7500,-1000,60000,42842,42842,11.718271334792123,0.0,-506711,-463869,42842,42842,11.718271334792123,0.0,-689511,-646669,42842,42842,11.718271334792123,0.0,-872311,-829469,42842,42842,11.718271334792123,0.0,-1055111,-1012269,42842,42842,11.718271334792123,0.0,-1237911,-1195069
M6_DELAY_8000MS_CONFIRM,7500,-1000,120000,107890,107890,29.510393873085338,0.0,-604819,-496929,107890,107890,29.510393873085338,0.0,-787619,-679729,107890,107890,29.510393873085338,0.0,-970419,-862529,107890,107890,29.510393873085338,0.0,-1153219,-1045329,107890,107890,29.510393873085338,0.0,-1336019,-1228129
M6_DELAY_8000MS_CONFIRM,7500,-700,30000,-21174,-21174,-5.791575492341357,0.0,-317843,-339017,-21174,-21174,-5.791575492341357,0.0,-500643,-521817,-21174,-21174,-5.791575492341357,0.0,-683443,-704617,-21174,-21174,-5.791575492341357,0.0,-866243,-887417,-21174,-21174,-5.791575492341357,0.0,-1049043,-1070217
M6_DELAY_8000MS_CONFIRM,7500,-700,60000,19566,19566,5.351750547045952,0.0,-358886,-339320,19566,19566,5.351750547045952,0.0,-541686,-522120,19566,19566,5.351750547045952,0.0,-724486,-704920,19566,19566,5.351750547045952,0.0,-907286,-887720,19566,19566,5.351750547045952,0.0,-1090086,-1070520
M6_DELAY_8000MS_CONFIRM,7500,-700,120000,72179,72179,19.742614879649892,0.0,-432285,-360106,72179,72179,19.742614879649892,0.0,-615085,-542906,72179,72179,19.742614879649892,0.0,-797885,-725706,72179,72179,19.742614879649892,0.0,-980685,-908506,72179,72179,19.742614879649892,0.0,-1163485,-1091306
M6_DELAY_8000MS_CONFIRM,7500,-500,30000,-22033,-22033,-6.026531728665208,0.0,-220026,-242059,-22033,-22033,-6.026531728665208,0.0,-402826,-424859,-22033,-22033,-6.026531728665208,0.0,-585626,-607659,-22033,-22033,-6.026531728665208,0.0,-768426,-790459,-22033,-22033,-6.026531728665208,0.0,-951226,-973259
M6_DELAY_8000MS_CONFIRM,7500,-500,60000,4413,4413,1.2070568927789935,0.0,-245464,-241051,4413,4413,1.2070568927789935,0.0,-428264,-423851,4413,4413,1.2070568927789935,0.0,-611064,-606651,4413,4413,1.2070568927789935,0.0,-793864,-789451,4413,4413,1.2070568927789935,0.0,-976664,-972251
M6_DELAY_8000MS_CONFIRM,7500,-500,120000,39527,39527,10.811542669584245,0.0,-300399,-260872,39527,39527,10.811542669584245,0.0,-483199,-443672,39527,39527,10.811542669584245,0.0,-665999,-626472,39527,39527,10.811542669584245,0.0,-848799,-809272,39527,39527,10.811542669584245,0.0,-1031599,-992072
M6_DELAY_8000MS_CONFIRM,7500,-300,30000,-26277,-26277,-7.187363238512035,0.0,-114408,-140685,-26277,-26277,-7.187363238512035,0.0,-297208,-323485,-26277,-26277,-7.187363238512035,0.0,-480008,-506285,-26277,-26277,-7.187363238512035,0.0,-662808,-689085,-26277,-26277,-7.187363238512035,0.0,-845608,-871885
M6_DELAY_8000MS_CONFIRM,7500,-300,60000,-26883,-26883,-7.353118161925602,0.0,-110949,-137832,-26883,-26883,-7.353118161925602,0.0,-293749,-320632,-26883,-26883,-7.353118161925602,0.0,-476549,-503432,-26883,-26883,-7.353118161925602,0.0,-659349,-686232,-26883,-26883,-7.353118161925602,0.0,-842149,-869032
M6_DELAY_8000MS_CONFIRM,7500,-300,120000,-23733,-23733,-6.491520787746171,0.0,-118315,-142048,-23733,-23733,-6.491520787746171,0.0,-301115,-324848,-23733,-23733,-6.491520787746171,0.0,-483915,-507648,-23733,-23733,-6.491520787746171,0.0,-666715,-690448,-23733,-23733,-6.491520787746171,0.0,-849515,-873248
M6_DELAY_8000MS_CONFIRM,7500,-200,30000,-29580,-29580,-8.090809628008753,0.0,-41416,-70996,-29580,-29580,-8.090809628008753,0.0,-224216,-253796,-29580,-29580,-8.090809628008753,0.0,-407016,-436596,-29580,-29580,-8.090809628008753,0.0,-589816,-619396,-29580,-29580,-8.090809628008753,0.0,-772616,-802196
M6_DELAY_8000MS_CONFIRM,7500,-200,60000,-40619,-40619,-11.11022975929978,0.0,-33404,-74023,-40619,-40619,-11.11022975929978,0.0,-216204,-256823,-40619,-40619,-11.11022975929978,0.0,-399004,-439623,-40619,-40619,-11.11022975929978,0.0,-581804,-622423,-40619,-40619,-11.11022975929978,0.0,-764604,-805223
M6_DELAY_8000MS_CONFIRM,7500,-200,120000,-58137,-58137,-15.901805251641138,0.0,-14600,-72737,-58137,-58137,-15.901805251641138,0.0,-197400,-255537,-58137,-58137,-15.901805251641138,0.0,-380200,-438337,-58137,-58137,-15.901805251641138,0.0,-563000,-621137,-58137,-58137,-15.901805251641138,0.0,-745800,-803937
M6_DELAY_8000MS_CONFIRM,10000,-6000,30000,99011,99011,27.081783369803063,0.0,-1170690,-1071679,99011,99011,27.081783369803063,0.0,-1353490,-1254479,99011,99011,27.081783369803063,0.0,-1536290,-1437279,99011,99011,27.081783369803063,0.0,-1719090,-1620079,99011,99011,27.081783369803063,0.0,-1901890,-1802879
M6_DELAY_8000MS_CONFIRM,10000,-6000,60000,345378,345378,94.46881838074398,0.0,-1492785,-1147407,345378,345378,94.46881838074398,0.0,-1675585,-1330207,345378,345378,94.46881838074398,0.0,-1858385,-1513007,345378,345378,94.46881838074398,0.0,-2041185,-1695807,345378,345378,94.46881838074398,0.0,-2223985,-1878607
M6_DELAY_8000MS_CONFIRM,10000,-6000,120000,375695,375695,102.76121444201313,0.0,-1561555,-1185860,375695,375695,102.76121444201313,0.0,-1744355,-1368660,375695,375695,102.76121444201313,0.0,-1927155,-1551460,375695,375695,102.76121444201313,0.0,-2109955,-1734260,375695,375695,102.76121444201313,0.0,-2292755,-1917060
M6_DELAY_8000MS_CONFIRM,10000,-5000,30000,89888,89888,24.58643326039387,0.0,-1100823,-1010935,89888,89888,24.58643326039387,0.0,-1283623,-1193735,89888,89888,24.58643326039387,0.0,-1466423,-1376535,89888,89888,24.58643326039387,0.0,-1649223,-1559335,89888,89888,24.58643326039387,0.0,-1832023,-1742135
M6_DELAY_8000MS_CONFIRM,10000,-5000,60000,323962,323962,88.61105032822758,0.0,-1405965,-1082003,323962,323962,88.61105032822758,0.0,-1588765,-1264803,323962,323962,88.61105032822758,0.0,-1771565,-1447603,323962,323962,88.61105032822758,0.0,-1954365,-1630403,323962,323962,88.61105032822758,0.0,-2137165,-1813203
M6_DELAY_8000MS_CONFIRM,10000,-5000,120000,370259,370259,101.27434354485777,0.0,-1500456,-1130197,370259,370259,101.27434354485777,0.0,-1683256,-1312997,370259,370259,101.27434354485777,0.0,-1866056,-1495797,370259,370259,101.27434354485777,0.0,-2048856,-1678597,370259,370259,101.27434354485777,0.0,-2231656,-1861397
M6_DELAY_8000MS_CONFIRM,10000,-3000,30000,51503,51503,14.087253829321662,0.0,-905622,-854119,51503,51503,14.087253829321662,0.0,-1088422,-1036919,51503,51503,14.087253829321662,0.0,-1271222,-1219719,51503,51503,14.087253829321662,0.0,-1454022,-1402519,51503,51503,14.087253829321662,0.0,-1636822,-1585319
M6_DELAY_8000MS_CONFIRM,10000,-3000,60000,200889,200889,54.947757111597376,0.0,-1101960,-901071,200889,200889,54.947757111597376,0.0,-1284760,-1083871,200889,200889,54.947757111597376,0.0,-1467560,-1266671,200889,200889,54.947757111597376,0.0,-1650360,-1449471,200889,200889,54.947757111597376,0.0,-1833160,-1632271
M6_DELAY_8000MS_CONFIRM,10000,-3000,120000,241084,241084,65.94201312910285,0.0,-1188397,-947313,241084,241084,65.94201312910285,0.0,-1371197,-1130113,241084,241084,65.94201312910285,0.0,-1553997,-1312913,241084,241084,65.94201312910285,0.0,-1736797,-1495713,241084,241084,65.94201312910285,0.0,-1919597,-1678513
M6_DELAY_8000MS_CONFIRM,10000,-2000,30000,11645,11645,3.185175054704595,0.0,-690484,-678839,11645,11645,3.185175054704595,0.0,-873284,-861639,11645,11645,3.185175054704595,0.0,-1056084,-1044439,11645,11645,3.185175054704595,0.0,-1238884,-1227239,11645,11645,3.185175054704595,0.0,-1421684,-1410039
M6_DELAY_8000MS_CONFIRM,10000,-2000,60000,135362,135362,37.024617067833695,0.0,-856820,-721458,135362,135362,37.024617067833695,0.0,-1039620,-904258,135362,135362,37.024617067833695,0.0,-1222420,-1087058,135362,135362,37.024617067833695,0.0,-1405220,-1269858,135362,135362,37.024617067833695,0.0,-1588020,-1452658
M6_DELAY_8000MS_CONFIRM,10000,-2000,120000,191062,191062,52.25984682713348,0.0,-943657,-752595,191062,191062,52.25984682713348,0.0,-1126457,-935395,191062,191062,52.25984682713348,0.0,-1309257,-1118195,191062,191062,52.25984682713348,0.0,-1492057,-1300995,191062,191062,52.25984682713348,0.0,-1674857,-1483795
M6_DELAY_8000MS_CONFIRM,10000,-1500,30000,7912,7912,2.164113785557987,0.0,-598170,-590258,7912,7912,2.164113785557987,0.0,-780970,-773058,7912,7912,2.164113785557987,0.0,-963770,-955858,7912,7912,2.164113785557987,0.0,-1146570,-1138658,7912,7912,2.164113785557987,0.0,-1329370,-1321458
M6_DELAY_8000MS_CONFIRM,10000,-1500,60000,63074,63074,17.25218818380744,0.0,-683170,-620096,63074,63074,17.25218818380744,0.0,-865970,-802896,63074,63074,17.25218818380744,0.0,-1048770,-985696,63074,63074,17.25218818380744,0.0,-1231570,-1168496,63074,63074,17.25218818380744,0.0,-1414370,-1351296
M6_DELAY_8000MS_CONFIRM,10000,-1500,120000,130023,130023,35.564277899343544,0.0,-777633,-647610,130023,130023,35.564277899343544,0.0,-960433,-830410,130023,130023,35.564277899343544,0.0,-1143233,-1013210,130023,130023,35.564277899343544,0.0,-1326033,-1196010,130023,130023,35.564277899343544,0.0,-1508833,-1378810
M6_DELAY_8000MS_CONFIRM,10000,-1000,30000,-9296,-9296,-2.5426695842450764,0.0,-425113,-434409,-9296,-9296,-2.5426695842450764,0.0,-607913,-617209,-9296,-9296,-2.5426695842450764,0.0,-790713,-800009,-9296,-9296,-2.5426695842450764,0.0,-973513,-982809,-9296,-9296,-2.5426695842450764,0.0,-1156313,-1165609
M6_DELAY_8000MS_CONFIRM,10000,-1000,60000,39062,39062,10.684354485776804,0.0,-497257,-458195,39062,39062,10.684354485776804,0.0,-680057,-640995,39062,39062,10.684354485776804,0.0,-862857,-823795,39062,39062,10.684354485776804,0.0,-1045657,-1006595,39062,39062,10.684354485776804,0.0,-1228457,-1189395
M6_DELAY_8000MS_CONFIRM,10000,-1000,120000,81403,81403,22.26559080962801,0.0,-567469,-486066,81403,81403,22.26559080962801,0.0,-750269,-668866,81403,81403,22.26559080962801,0.0,-933069,-851666,81403,81403,22.26559080962801,0.0,-1115869,-1034466,81403,81403,22.26559080962801,0.0,-1298669,-1217266
M6_DELAY_8000MS_CONFIRM,10000,-700,30000,-27801,-27801,-7.6042122538293215,0.0,-296916,-324717,-27801,-27801,-7.6042122538293215,0.0,-479716,-507517,-27801,-27801,-7.6042122538293215,0.0,-662516,-690317,-27801,-27801,-7.6042122538293215,0.0,-845316,-873117,-27801,-27801,-7.6042122538293215,0.0,-1028116,-1055917
M6_DELAY_8000MS_CONFIRM,10000,-700,60000,15486,15486,4.235776805251641,0.0,-348532,-333046,15486,15486,4.235776805251641,0.0,-531332,-515846,15486,15486,4.235776805251641,0.0,-714132,-698646,15486,15486,4.235776805251641,0.0,-896932,-881446,15486,15486,4.235776805251641,0.0,-1079732,-1064246
M6_DELAY_8000MS_CONFIRM,10000,-700,120000,56800,56800,15.536105032822757,0.0,-405443,-348643,56800,56800,15.536105032822757,0.0,-588243,-531443,56800,56800,15.536105032822757,0.0,-771043,-714243,56800,56800,15.536105032822757,0.0,-953843,-897043,56800,56800,15.536105032822757,0.0,-1136643,-1079843
M6_DELAY_8000MS_CONFIRM,10000,-500,30000,-26160,-26160,-7.155361050328228,0.0,-201399,-227559,-26160,-26160,-7.155361050328228,0.0,-384199,-410359,-26160,-26160,-7.155361050328228,0.0,-566999,-593159,-26160,-26160,-7.155361050328228,0.0,-749799,-775959,-26160,-26160,-7.155361050328228,0.0,-932599,-958759
M6_DELAY_8000MS_CONFIRM,10000,-500,60000,5133,5133,1.4039934354485777,0.0,-239510,-234377,5133,5133,1.4039934354485777,0.0,-422310,-417177,5133,5133,1.4039934354485777,0.0,-605110,-599977,5133,5133,1.4039934354485777,0.0,-787910,-782777,5133,5133,1.4039934354485777,0.0,-970710,-965577
M6_DELAY_8000MS_CONFIRM,10000,-500,120000,31448,31448,8.601750547045953,0.0,-280457,-249009,31448,31448,8.601750547045953,0.0,-463257,-431809,31448,31448,8.601750547045953,0.0,-646057,-614609,31448,31448,8.601750547045953,0.0,-828857,-797409,31448,31448,8.601750547045953,0.0,-1011657,-980209
M6_DELAY_8000MS_CONFIRM,10000,-300,30000,-30404,-30404,-8.316192560175054,0.0,-98081,-128485,-30404,-30404,-8.316192560175054,0.0,-280881,-311285,-30404,-30404,-8.316192560175054,0.0,-463681,-494085,-30404,-30404,-8.316192560175054,0.0,-646481,-676885,-30404,-30404,-8.316192560175054,0.0,-829281,-859685
M6_DELAY_8000MS_CONFIRM,10000,-300,60000,-26363,-26363,-7.210886214442013,0.0,-106895,-133258,-26363,-26363,-7.210886214442013,0.0,-289695,-316058,-26363,-26363,-7.210886214442013,0.0,-472495,-498858,-26363,-26363,-7.210886214442013,0.0,-655295,-681658,-26363,-26363,-7.210886214442013,0.0,-838095,-864458
M6_DELAY_8000MS_CONFIRM,10000,-300,120000,-30683,-30683,-8.392505470459518,0.0,-101602,-132285,-30683,-30683,-8.392505470459518,0.0,-284402,-315085,-30683,-30683,-8.392505470459518,0.0,-467202,-497885,-30683,-30683,-8.392505470459518,0.0,-650002,-680685,-30683,-30683,-8.392505470459518,0.0,-832802,-863485
M6_DELAY_8000MS_CONFIRM,10000,-200,30000,-32080,-32080,-8.774617067833699,0.0,-26616,-58696,-32080,-32080,-8.774617067833699,0.0,-209416,-241496,-32080,-32080,-8.774617067833699,0.0,-392216,-424296,-32080,-32080,-8.774617067833699,0.0,-575016,-607096,-32080,-32080,-8.774617067833699,0.0,-757816,-789896
M6_DELAY_8000MS_CONFIRM,10000,-200,60000,-37699,-37699,-10.311542669584245,0.0,-31550,-69249,-37699,-37699,-10.311542669584245,0.0,-214350,-252049,-37699,-37699,-10.311542669584245,0.0,-397150,-434849,-37699,-37699,-10.311542669584245,0.0,-579950,-617649,-37699,-37699,-10.311542669584245,0.0,-762750,-800449
M6_DELAY_8000MS_CONFIRM,10000,-200,120000,-62787,-62787,-17.173687089715536,0.0,13,-62774,-62787,-62787,-17.173687089715536,0.0,-182787,-245574,-62787,-62787,-17.173687089715536,0.0,-365587,-428374,-62787,-62787,-17.173687089715536,0.0,-548387,-611174,-62787,-62787,-17.173687089715536,0.0,-731187,-793974
M7_CLASS_RESTRICTED,1000,-6000,30000,281551,281551,77.01066739606127,0.0,-1368914,-1087363,281551,281551,77.01066739606127,0.0,-1551714,-1270163,281551,281551,77.01066739606127,0.0,-1734514,-1452963,281551,281551,77.01066739606127,0.0,-1917314,-1635763,281551,281551,77.01066739606127,0.0,-2100114,-1818563
M7_CLASS_RESTRICTED,1000,-6000,60000,440554,440554,120.50164113785559,0.0,-1531283,-1090729,440554,440554,120.50164113785559,0.0,-1714083,-1273529,440554,440554,120.50164113785559,0.0,-1896883,-1456329,440554,440554,120.50164113785559,0.0,-2079683,-1639129,440554,440554,120.50164113785559,0.0,-2262483,-1821929
M7_CLASS_RESTRICTED,1000,-6000,120000,557505,557505,152.49042669584244,0.0,-1651963,-1094458,557505,557505,152.49042669584244,0.0,-1834763,-1277258,557505,557505,152.49042669584244,0.0,-2017563,-1460058,557505,557505,152.49042669584244,0.0,-2200363,-1642858,557505,557505,152.49042669584244,0.0,-2383163,-1825658
M7_CLASS_RESTRICTED,1000,-5000,30000,258020,258020,70.57439824945295,0.0,-1307295,-1049275,258020,258020,70.57439824945295,0.0,-1490095,-1232075,258020,258020,70.57439824945295,0.0,-1672895,-1414875,258020,258020,70.57439824945295,0.0,-1855695,-1597675,258020,258020,70.57439824945295,0.0,-2038495,-1780475
M7_CLASS_RESTRICTED,1000,-5000,60000,419186,419186,114.65700218818381,0.0,-1471063,-1051877,419186,419186,114.65700218818381,0.0,-1653863,-1234677,419186,419186,114.65700218818381,0.0,-1836663,-1417477,419186,419186,114.65700218818381,0.0,-2019463,-1600277,419186,419186,114.65700218818381,0.0,-2202263,-1783077
M7_CLASS_RESTRICTED,1000,-5000,120000,533648,533648,145.96498905908095,0.0,-1587331,-1053683,533648,533648,145.96498905908095,0.0,-1770131,-1236483,533648,533648,145.96498905908095,0.0,-1952931,-1419283,533648,533648,145.96498905908095,0.0,-2135731,-1602083,533648,533648,145.96498905908095,0.0,-2318531,-1784883
M7_CLASS_RESTRICTED,1000,-3000,30000,179327,179327,49.05005470459518,0.0,-1103907,-924580,179327,179327,49.05005470459518,0.0,-1286707,-1107380,179327,179327,49.05005470459518,0.0,-1469507,-1290180,179327,179327,49.05005470459518,0.0,-1652307,-1472980,179327,179327,49.05005470459518,0.0,-1835107,-1655780
M7_CLASS_RESTRICTED,1000,-3000,60000,288444,288444,78.89606126914661,0.0,-1210749,-922305,288444,288444,78.89606126914661,0.0,-1393549,-1105105,288444,288444,78.89606126914661,0.0,-1576349,-1287905,288444,288444,78.89606126914661,0.0,-1759149,-1470705,288444,288444,78.89606126914661,0.0,-1941949,-1653505
M7_CLASS_RESTRICTED,1000,-3000,120000,402174,402174,110.00382932166302,0.0,-1325565,-923391,402174,402174,110.00382932166302,0.0,-1508365,-1106191,402174,402174,110.00382932166302,0.0,-1691165,-1288991,402174,402174,110.00382932166302,0.0,-1873965,-1471791,402174,402174,110.00382932166302,0.0,-2056765,-1654591
M7_CLASS_RESTRICTED,1000,-2000,30000,112640,112640,30.809628008752735,0.0,-887598,-774958,112640,112640,30.809628008752735,0.0,-1070398,-957758,112640,112640,30.809628008752735,0.0,-1253198,-1140558,112640,112640,30.809628008752735,0.0,-1435998,-1323358,112640,112640,30.809628008752735,0.0,-1618798,-1506158
M7_CLASS_RESTRICTED,1000,-2000,60000,199106,199106,54.46006564551422,0.0,-975024,-775918,199106,199106,54.46006564551422,0.0,-1157824,-958718,199106,199106,54.46006564551422,0.0,-1340624,-1141518,199106,199106,54.46006564551422,0.0,-1523424,-1324318,199106,199106,54.46006564551422,0.0,-1706224,-1507118
M7_CLASS_RESTRICTED,1000,-2000,120000,290809,290809,79.542943107221,0.0,-1066538,-775729,290809,290809,79.542943107221,0.0,-1249338,-958529,290809,290809,79.542943107221,0.0,-1432138,-1141329,290809,290809,79.542943107221,0.0,-1614938,-1324129,290809,290809,79.542943107221,0.0,-1797738,-1506929
M7_CLASS_RESTRICTED,1000,-1500,30000,105772,105772,28.931072210065647,0.0,-779901,-674129,105772,105772,28.931072210065647,0.0,-962701,-856929,105772,105772,28.931072210065647,0.0,-1145501,-1039729,105772,105772,28.931072210065647,0.0,-1328301,-1222529,105772,105772,28.931072210065647,0.0,-1511101,-1405329
M7_CLASS_RESTRICTED,1000,-1500,60000,159971,159971,43.75574398249453,0.0,-833953,-673982,159971,159971,43.75574398249453,0.0,-1016753,-856782,159971,159971,43.75574398249453,0.0,-1199553,-1039582,159971,159971,43.75574398249453,0.0,-1382353,-1222382,159971,159971,43.75574398249453,0.0,-1565153,-1405182
M7_CLASS_RESTRICTED,1000,-1500,120000,245288,245288,67.09190371991247,0.0,-919272,-673984,245288,245288,67.09190371991247,0.0,-1102072,-856784,245288,245288,67.09190371991247,0.0,-1284872,-1039584,245288,245288,67.09190371991247,0.0,-1467672,-1222384,245288,245288,67.09190371991247,0.0,-1650472,-1405184
M7_CLASS_RESTRICTED,1000,-1000,30000,65473,65473,17.908369803063458,0.0,-616262,-550789,65473,65473,17.908369803063458,0.0,-799062,-733589,65473,65473,17.908369803063458,0.0,-981862,-916389,65473,65473,17.908369803063458,0.0,-1164662,-1099189,65473,65473,17.908369803063458,0.0,-1347462,-1281989
M7_CLASS_RESTRICTED,1000,-1000,60000,98326,98326,26.894420131291028,0.0,-647358,-549032,98326,98326,26.894420131291028,0.0,-830158,-731832,98326,98326,26.894420131291028,0.0,-1012958,-914632,98326,98326,26.894420131291028,0.0,-1195758,-1097432,98326,98326,26.894420131291028,0.0,-1378558,-1280232
M7_CLASS_RESTRICTED,1000,-1000,120000,165034,165034,45.14059080962801,0.0,-714068,-549034,165034,165034,45.14059080962801,0.0,-896868,-731834,165034,165034,45.14059080962801,0.0,-1079668,-914634,165034,165034,45.14059080962801,0.0,-1262468,-1097434,165034,165034,45.14059080962801,0.0,-1445268,-1280234
M7_CLASS_RESTRICTED,1000,-700,30000,33477,33477,9.156728665207877,0.0,-484713,-451236,33477,33477,9.156728665207877,0.0,-667513,-634036,33477,33477,9.156728665207877,0.0,-850313,-816836,33477,33477,9.156728665207877,0.0,-1033113,-999636,33477,33477,9.156728665207877,0.0,-1215913,-1182436
M7_CLASS_RESTRICTED,1000,-700,60000,49515,49515,13.543490153172867,0.0,-501276,-451761,49515,49515,13.543490153172867,0.0,-684076,-634561,49515,49515,13.543490153172867,0.0,-866876,-817361,49515,49515,13.543490153172867,0.0,-1049676,-1000161,49515,49515,13.543490153172867,0.0,-1232476,-1182961
M7_CLASS_RESTRICTED,1000,-700,120000,102185,102185,27.949945295404813,0.0,-553948,-451763,102185,102185,27.949945295404813,0.0,-736748,-634563,102185,102185,27.949945295404813,0.0,-919548,-817363,102185,102185,27.949945295404813,0.0,-1102348,-1000163,102185,102185,27.949945295404813,0.0,-1285148,-1182963
M7_CLASS_RESTRICTED,1000,-500,30000,19834,19834,5.425054704595186,0.0,-385927,-366093,19834,19834,5.425054704595186,0.0,-568727,-548893,19834,19834,5.425054704595186,0.0,-751527,-731693,19834,19834,5.425054704595186,0.0,-934327,-914493,19834,19834,5.425054704595186,0.0,-1117127,-1097293
M7_CLASS_RESTRICTED,1000,-500,60000,25430,25430,6.955689277899343,0.0,-391170,-365740,25430,25430,6.955689277899343,0.0,-573970,-548540,25430,25430,6.955689277899343,0.0,-756770,-731340,25430,25430,6.955689277899343,0.0,-939570,-914140,25430,25430,6.955689277899343,0.0,-1122370,-1096940
M7_CLASS_RESTRICTED,1000,-500,120000,66139,66139,18.09053610503282,0.0,-431881,-365742,66139,66139,18.09053610503282,0.0,-614681,-548542,66139,66139,18.09053610503282,0.0,-797481,-731342,66139,66139,18.09053610503282,0.0,-980281,-914142,66139,66139,18.09053610503282,0.0,-1163081,-1096942
M7_CLASS_RESTRICTED,1000,-300,30000,-4677,-4677,-1.2792669584245075,0.0,-266617,-271294,-4677,-4677,-1.2792669584245075,0.0,-449417,-454094,-4677,-4677,-1.2792669584245075,0.0,-632217,-636894,-4677,-4677,-1.2792669584245075,0.0,-815017,-819694,-4677,-4677,-1.2792669584245075,0.0,-997817,-1002494
M7_CLASS_RESTRICTED,1000,-300,60000,-10193,-10193,-2.788019693654267,0.0,-262739,-272932,-10193,-10193,-2.788019693654267,0.0,-445539,-455732,-10193,-10193,-2.788019693654267,0.0,-628339,-638532,-10193,-10193,-2.788019693654267,0.0,-811139,-821332,-10193,-10193,-2.788019693654267,0.0,-993939,-1004132
M7_CLASS_RESTRICTED,1000,-300,120000,5926,5926,1.6208971553610503,0.0,-278860,-272934,5926,5926,1.6208971553610503,0.0,-461660,-455734,5926,5926,1.6208971553610503,0.0,-644460,-638534,5926,5926,1.6208971553610503,0.0,-827260,-821334,5926,5926,1.6208971553610503,0.0,-1010060,-1004134
M7_CLASS_RESTRICTED,1000,-200,30000,-23867,-23867,-6.528172866520788,0.0,-192313,-216180,-23867,-23867,-6.528172866520788,0.0,-375113,-398980,-23867,-23867,-6.528172866520788,0.0,-557913,-581780,-23867,-23867,-6.528172866520788,0.0,-740713,-764580,-23867,-23867,-6.528172866520788,0.0,-923513,-947380
M7_CLASS_RESTRICTED,1000,-200,60000,-39315,-39315,-10.75355579868709,0.0,-178101,-217416,-39315,-39315,-10.75355579868709,0.0,-360901,-400216,-39315,-39315,-10.75355579868709,0.0,-543701,-583016,-39315,-39315,-10.75355579868709,0.0,-726501,-765816,-39315,-39315,-10.75355579868709,0.0,-909301,-948616
M7_CLASS_RESTRICTED,1000,-200,120000,-36801,-36801,-10.065919037199125,0.0,-180617,-217418,-36801,-36801,-10.065919037199125,0.0,-363417,-400218,-36801,-36801,-10.065919037199125,0.0,-546217,-583018,-36801,-36801,-10.065919037199125,0.0,-729017,-765818,-36801,-36801,-10.065919037199125,0.0,-911817,-948618
M7_CLASS_RESTRICTED,1500,-6000,30000,281887,281887,77.10257111597375,0.0,-1327813,-1045926,281887,281887,77.10257111597375,0.0,-1510613,-1228726,281887,281887,77.10257111597375,0.0,-1693413,-1411526,281887,281887,77.10257111597375,0.0,-1876213,-1594326,281887,281887,77.10257111597375,0.0,-2059013,-1777126
M7_CLASS_RESTRICTED,1500,-6000,60000,474681,474681,129.83615973741794,0.0,-1515337,-1040656,474681,474681,129.83615973741794,0.0,-1698137,-1223456,474681,474681,129.83615973741794,0.0,-1880937,-1406256,474681,474681,129.83615973741794,0.0,-2063737,-1589056,474681,474681,129.83615973741794,0.0,-2246537,-1771856
M7_CLASS_RESTRICTED,1500,-6000,120000,621315,621315,169.94392778993435,0.0,-1665000,-1043685,621315,621315,169.94392778993435,0.0,-1847800,-1226485,621315,621315,169.94392778993435,0.0,-2030600,-1409285,621315,621315,169.94392778993435,0.0,-2213400,-1592085,621315,621315,169.94392778993435,0.0,-2396200,-1774885
M7_CLASS_RESTRICTED,1500,-5000,30000,256392,256392,70.12910284463895,0.0,-1263117,-1006725,256392,256392,70.12910284463895,0.0,-1445917,-1189525,256392,256392,70.12910284463895,0.0,-1628717,-1372325,256392,256392,70.12910284463895,0.0,-1811517,-1555125,256392,256392,70.12910284463895,0.0,-1994317,-1737925
M7_CLASS_RESTRICTED,1500,-5000,60000,447415,447415,122.37828227571116,0.0,-1450577,-1003162,447415,447415,122.37828227571116,0.0,-1633377,-1185962,447415,447415,122.37828227571116,0.0,-1816177,-1368762,447415,447415,122.37828227571116,0.0,-1998977,-1551562,447415,447415,122.37828227571116,0.0,-2181777,-1734362
M7_CLASS_RESTRICTED,1500,-5000,120000,590899,590899,161.62445295404814,0.0,-1595103,-1004204,590899,590899,161.62445295404814,0.0,-1777903,-1187004,590899,590899,161.62445295404814,0.0,-1960703,-1369804,590899,590899,161.62445295404814,0.0,-2143503,-1552604,590899,590899,161.62445295404814,0.0,-2326303,-1735404
M7_CLASS_RESTRICTED,1500,-3000,30000,172540,172540,47.193654266958426,0.0,-1055149,-882609,172540,172540,47.193654266958426,0.0,-1237949,-1065409,172540,172540,47.193654266958426,0.0,-1420749,-1248209,172540,172540,47.193654266958426,0.0,-1603549,-1431009,172540,172540,47.193654266958426,0.0,-1786349,-1613809
M7_CLASS_RESTRICTED,1500,-3000,60000,309516,309516,84.6597374179431,0.0,-1182185,-872669,309516,309516,84.6597374179431,0.0,-1364985,-1055469,309516,309516,84.6597374179431,0.0,-1547785,-1238269,309516,309516,84.6597374179431,0.0,-1730585,-1421069,309516,309516,84.6597374179431,0.0,-1913385,-1603869
M7_CLASS_RESTRICTED,1500,-3000,120000,433202,433202,118.49070021881838,0.0,-1306193,-872991,433202,433202,118.49070021881838,0.0,-1488993,-1055791,433202,433202,118.49070021881838,0.0,-1671793,-1238591,433202,433202,118.49070021881838,0.0,-1854593,-1421391,433202,433202,118.49070021881838,0.0,-2037393,-1604191
M7_CLASS_RESTRICTED,1500,-2000,30000,106241,106241,29.059354485776804,0.0,-839451,-733210,106241,106241,29.059354485776804,0.0,-1022251,-916010,106241,106241,29.059354485776804,0.0,-1205051,-1098810,106241,106241,29.059354485776804,0.0,-1387851,-1281610,106241,106241,29.059354485776804,0.0,-1570651,-1464410
M7_CLASS_RESTRICTED,1500,-2000,60000,215373,215373,58.909463894967175,0.0,-944127,-728754,215373,215373,58.909463894967175,0.0,-1126927,-911554,215373,215373,58.909463894967175,0.0,-1309727,-1094354,215373,215373,58.909463894967175,0.0,-1492527,-1277154,215373,215373,58.909463894967175,0.0,-1675327,-1459954
M7_CLASS_RESTRICTED,1500,-2000,120000,312812,312812,85.56126914660831,0.0,-1040613,-727801,312812,312812,85.56126914660831,0.0,-1223413,-910601,312812,312812,85.56126914660831,0.0,-1406213,-1093401,312812,312812,85.56126914660831,0.0,-1589013,-1276201,312812,312812,85.56126914660831,0.0,-1771813,-1459001
M7_CLASS_RESTRICTED,1500,-1500,30000,100686,100686,27.539934354485776,0.0,-730067,-629381,100686,100686,27.539934354485776,0.0,-912867,-812181,100686,100686,27.539934354485776,0.0,-1095667,-994981,100686,100686,27.539934354485776,0.0,-1278467,-1177781,100686,100686,27.539934354485776,0.0,-1461267,-1360581
M7_CLASS_RESTRICTED,1500,-1500,60000,160582,160582,43.92286652078774,0.0,-784400,-623818,160582,160582,43.92286652078774,0.0,-967200,-806618,160582,160582,43.92286652078774,0.0,-1150000,-989418,160582,160582,43.92286652078774,0.0,-1332800,-1172218,160582,160582,43.92286652078774,0.0,-1515600,-1355018
M7_CLASS_RESTRICTED,1500,-1500,120000,249540,249540,68.25492341356674,0.0,-872596,-623056,249540,249540,68.25492341356674,0.0,-1055396,-805856,249540,249540,68.25492341356674,0.0,-1238196,-988656,249540,249540,68.25492341356674,0.0,-1420996,-1171456,249540,249540,68.25492341356674,0.0,-1603796,-1354256
M7_CLASS_RESTRICTED,1500,-1000,30000,52607,52607,14.389223194748359,0.0,-561170,-508563,52607,52607,14.389223194748359,0.0,-743970,-691363,52607,52607,14.389223194748359,0.0,-926770,-874163,52607,52607,14.389223194748359,0.0,-1109570,-1056963,52607,52607,14.389223194748359,0.0,-1292370,-1239763
M7_CLASS_RESTRICTED,1500,-1000,60000,89265,89265,24.416028446389497,0.0,-592649,-503384,89265,89265,24.416028446389497,0.0,-775449,-686184,89265,89265,24.416028446389497,0.0,-958249,-868984,89265,89265,24.416028446389497,0.0,-1141049,-1051784,89265,89265,24.416028446389497,0.0,-1323849,-1234584
M7_CLASS_RESTRICTED,1500,-1000,120000,161686,161686,44.22483588621444,0.0,-664308,-502622,161686,161686,44.22483588621444,0.0,-847108,-685422,161686,161686,44.22483588621444,0.0,-1029908,-868222,161686,161686,44.22483588621444,0.0,-1212708,-1051022,161686,161686,44.22483588621444,0.0,-1395508,-1233822
M7_CLASS_RESTRICTED,1500,-700,30000,20415,20415,5.583971553610503,0.0,-432610,-412195,20415,20415,5.583971553610503,0.0,-615410,-594995,20415,20415,5.583971553610503,0.0,-798210,-777795,20415,20415,5.583971553610503,0.0,-981010,-960595,20415,20415,5.583971553610503,0.0,-1163810,-1143395
M7_CLASS_RESTRICTED,1500,-700,60000,44180,44180,12.084245076586432,0.0,-454067,-409887,44180,44180,12.084245076586432,0.0,-636867,-592687,44180,44180,12.084245076586432,0.0,-819667,-775487,44180,44180,12.084245076586432,0.0,-1002467,-958287,44180,44180,12.084245076586432,0.0,-1185267,-1141087
M7_CLASS_RESTRICTED,1500,-700,120000,100836,100836,27.580962800875273,0.0,-509859,-409023,100836,100836,27.580962800875273,0.0,-692659,-591823,100836,100836,27.580962800875273,0.0,-875459,-774623,100836,100836,27.580962800875273,0.0,-1058259,-957423,100836,100836,27.580962800875273,0.0,-1241059,-1140223
M7_CLASS_RESTRICTED,1500,-500,30000,6315,6315,1.7272975929978118,0.0,-334140,-327825,6315,6315,1.7272975929978118,0.0,-516940,-510625,6315,6315,1.7272975929978118,0.0,-699740,-693425,6315,6315,1.7272975929978118,0.0,-882540,-876225,6315,6315,1.7272975929978118,0.0,-1065340,-1059025
M7_CLASS_RESTRICTED,1500,-500,60000,19871,19871,5.435175054704596,0.0,-347571,-327700,19871,19871,5.435175054704596,0.0,-530371,-510500,19871,19871,5.435175054704596,0.0,-713171,-693300,19871,19871,5.435175054704596,0.0,-895971,-876100,19871,19871,5.435175054704596,0.0,-1078771,-1058900
M7_CLASS_RESTRICTED,1500,-500,120000,61994,61994,16.956783369803063,0.0,-389696,-327702,61994,61994,16.956783369803063,0.0,-572496,-510502,61994,61994,16.956783369803063,0.0,-755296,-693302,61994,61994,16.956783369803063,0.0,-938096,-876102,61994,61994,16.956783369803063,0.0,-1120896,-1058902
M7_CLASS_RESTRICTED,1500,-300,30000,-19912,-19912,-5.446389496717725,0.0,-214017,-233929,-19912,-19912,-5.446389496717725,0.0,-396817,-416729,-19912,-19912,-5.446389496717725,0.0,-579617,-599529,-19912,-19912,-5.446389496717725,0.0,-762417,-782329,-19912,-19912,-5.446389496717725,0.0,-945217,-965129
M7_CLASS_RESTRICTED,1500,-300,60000,-16487,-16487,-4.509573304157549,0.0,-221025,-237512,-16487,-16487,-4.509573304157549,0.0,-403825,-420312,-16487,-16487,-4.509573304157549,0.0,-586625,-603112,-16487,-16487,-4.509573304157549,0.0,-769425,-785912,-16487,-16487,-4.509573304157549,0.0,-952225,-968712
M7_CLASS_RESTRICTED,1500,-300,120000,3374,3374,0.9228665207877462,0.0,-240888,-237514,3374,3374,0.9228665207877462,0.0,-423688,-420314,3374,3374,0.9228665207877462,0.0,-606488,-603114,3374,3374,0.9228665207877462,0.0,-789288,-785914,3374,3374,0.9228665207877462,0.0,-972088,-968714
M7_CLASS_RESTRICTED,1500,-200,30000,-39429,-39429,-10.784737417943107,0.0,-139295,-178724,-39429,-39429,-10.784737417943107,0.0,-322095,-361524,-39429,-39429,-10.784737417943107,0.0,-504895,-544324,-39429,-39429,-10.784737417943107,0.0,-687695,-727124,-39429,-39429,-10.784737417943107,0.0,-870495,-909924
M7_CLASS_RESTRICTED,1500,-200,60000,-48522,-48522,-13.271881838074398,0.0,-133847,-182369,-48522,-48522,-13.271881838074398,0.0,-316647,-365169,-48522,-48522,-13.271881838074398,0.0,-499447,-547969,-48522,-48522,-13.271881838074398,0.0,-682247,-730769,-48522,-48522,-13.271881838074398,0.0,-865047,-913569
M7_CLASS_RESTRICTED,1500,-200,120000,-43521,-43521,-11.903993435448578,0.0,-138850,-182371,-43521,-43521,-11.903993435448578,0.0,-321650,-365171,-43521,-43521,-11.903993435448578,0.0,-504450,-547971,-43521,-43521,-11.903993435448578,0.0,-687250,-730771,-43521,-43521,-11.903993435448578,0.0,-870050,-913571
M7_CLASS_RESTRICTED,2000,-6000,30000,280947,280947,76.84545951859957,0.0,-1315991,-1035044,280947,280947,76.84545951859957,0.0,-1498791,-1217844,280947,280947,76.84545951859957,0.0,-1681591,-1400644,280947,280947,76.84545951859957,0.0,-1864391,-1583444,280947,280947,76.84545951859957,0.0,-2047191,-1766244
M7_CLASS_RESTRICTED,2000,-6000,60000,480920,480920,131.5426695842451,0.0,-1508631,-1027711,480920,480920,131.5426695842451,0.0,-1691431,-1210511,480920,480920,131.5426695842451,0.0,-1874231,-1393311,480920,480920,131.5426695842451,0.0,-2057031,-1576111,480920,480920,131.5426695842451,0.0,-2239831,-1758911
M7_CLASS_RESTRICTED,2000,-6000,120000,622236,622236,170.19584245076587,0.0,-1657547,-1035311,622236,622236,170.19584245076587,0.0,-1840347,-1218111,622236,622236,170.19584245076587,0.0,-2023147,-1400911,622236,622236,170.19584245076587,0.0,-2205947,-1583711,622236,622236,170.19584245076587,0.0,-2388747,-1766511
M7_CLASS_RESTRICTED,2000,-5000,30000,254110,254110,69.50492341356674,0.0,-1248953,-994843,254110,254110,69.50492341356674,0.0,-1431753,-1177643,254110,254110,69.50492341356674,0.0,-1614553,-1360443,254110,254110,69.50492341356674,0.0,-1797353,-1543243,254110,254110,69.50492341356674,0.0,-1980153,-1726043
M7_CLASS_RESTRICTED,2000,-5000,60000,452970,452970,123.89770240700219,0.0,-1442687,-989717,452970,452970,123.89770240700219,0.0,-1625487,-1172517,452970,452970,123.89770240700219,0.0,-1808287,-1355317,452970,452970,123.89770240700219,0.0,-1991087,-1538117,452970,452970,123.89770240700219,0.0,-2173887,-1720917
M7_CLASS_RESTRICTED,2000,-5000,120000,590941,590941,161.6359409190372,0.0,-1585271,-994330,590941,590941,161.6359409190372,0.0,-1768071,-1177130,590941,590941,161.6359409190372,0.0,-1950871,-1359930,590941,590941,161.6359409190372,0.0,-2133671,-1542730,590941,590941,161.6359409190372,0.0,-2316471,-1725530
M7_CLASS_RESTRICTED,2000,-3000,30000,169668,169668,46.40809628008753,0.0,-1035535,-865867,169668,169668,46.40809628008753,0.0,-1218335,-1048667,169668,169668,46.40809628008753,0.0,-1401135,-1231467,169668,169668,46.40809628008753,0.0,-1583935,-1414267,169668,169668,46.40809628008753,0.0,-1766735,-1597067
M7_CLASS_RESTRICTED,2000,-3000,60000,297771,297771,81.44721006564552,0.0,-1152357,-854586,297771,297771,81.44721006564552,0.0,-1335157,-1037386,297771,297771,81.44721006564552,0.0,-1517957,-1220186,297771,297771,81.44721006564552,0.0,-1700757,-1402986,297771,297771,81.44721006564552,0.0,-1883557,-1585786
M7_CLASS_RESTRICTED,2000,-3000,120000,420543,420543,115.02817286652079,0.0,-1277022,-856479,420543,420543,115.02817286652079,0.0,-1459822,-1039279,420543,420543,115.02817286652079,0.0,-1642622,-1222079,420543,420543,115.02817286652079,0.0,-1825422,-1404879,420543,420543,115.02817286652079,0.0,-2008222,-1587679
M7_CLASS_RESTRICTED,2000,-2000,30000,98004,98004,26.806345733041574,0.0,-811235,-713231,98004,98004,26.806345733041574,0.0,-994035,-896031,98004,98004,26.806345733041574,0.0,-1176835,-1078831,98004,98004,26.806345733041574,0.0,-1359635,-1261631,98004,98004,26.806345733041574,0.0,-1542435,-1444431
M7_CLASS_RESTRICTED,2000,-2000,60000,197589,197589,54.04513129102845,0.0,-909382,-711793,197589,197589,54.04513129102845,0.0,-1092182,-894593,197589,197589,54.04513129102845,0.0,-1274982,-1077393,197589,197589,54.04513129102845,0.0,-1457782,-1260193,197589,197589,54.04513129102845,0.0,-1640582,-1442993
M7_CLASS_RESTRICTED,2000,-2000,120000,291344,291344,79.68927789934355,0.0,-1002911,-711567,291344,291344,79.68927789934355,0.0,-1185711,-894367,291344,291344,79.68927789934355,0.0,-1368511,-1077167,291344,291344,79.68927789934355,0.0,-1551311,-1259967,291344,291344,79.68927789934355,0.0,-1734111,-1442767
M7_CLASS_RESTRICTED,2000,-1500,30000,94170,94170,25.75765864332604,0.0,-707572,-613402,94170,94170,25.75765864332604,0.0,-890372,-796202,94170,94170,25.75765864332604,0.0,-1073172,-979002,94170,94170,25.75765864332604,0.0,-1255972,-1161802,94170,94170,25.75765864332604,0.0,-1438772,-1344602
M7_CLASS_RESTRICTED,2000,-1500,60000,145422,145422,39.77625820568928,0.0,-752564,-607142,145422,145422,39.77625820568928,0.0,-935364,-789942,145422,145422,39.77625820568928,0.0,-1118164,-972742,145422,145422,39.77625820568928,0.0,-1300964,-1155542,145422,145422,39.77625820568928,0.0,-1483764,-1338342
M7_CLASS_RESTRICTED,2000,-1500,120000,231651,231651,63.36187089715536,0.0,-838758,-607107,231651,231651,63.36187089715536,0.0,-1021558,-789907,231651,231651,63.36187089715536,0.0,-1204358,-972707,231651,231651,63.36187089715536,0.0,-1387158,-1155507,231651,231651,63.36187089715536,0.0,-1569958,-1338307
M7_CLASS_RESTRICTED,2000,-1000,30000,45935,45935,12.564277899343544,0.0,-541676,-495741,45935,45935,12.564277899343544,0.0,-724476,-678541,45935,45935,12.564277899343544,0.0,-907276,-861341,45935,45935,12.564277899343544,0.0,-1090076,-1044141,45935,45935,12.564277899343544,0.0,-1272876,-1226941
M7_CLASS_RESTRICTED,2000,-1000,60000,77034,77034,21.070568927789935,0.0,-567155,-490121,77034,77034,21.070568927789935,0.0,-749955,-672921,77034,77034,21.070568927789935,0.0,-932755,-855721,77034,77034,21.070568927789935,0.0,-1115555,-1038521,77034,77034,21.070568927789935,0.0,-1298355,-1221321
M7_CLASS_RESTRICTED,2000,-1000,120000,141802,141802,38.78610503282276,0.0,-631888,-490086,141802,141802,38.78610503282276,0.0,-814688,-672886,141802,141802,38.78610503282276,0.0,-997488,-855686,141802,141802,38.78610503282276,0.0,-1180288,-1038486,141802,141802,38.78610503282276,0.0,-1363088,-1221286
M7_CLASS_RESTRICTED,2000,-700,30000,13318,13318,3.6427789934354484,0.0,-411307,-397989,13318,13318,3.6427789934354484,0.0,-594107,-580789,13318,13318,3.6427789934354484,0.0,-776907,-763589,13318,13318,3.6427789934354484,0.0,-959707,-946389,13318,13318,3.6427789934354484,0.0,-1142507,-1129189
M7_CLASS_RESTRICTED,2000,-700,60000,31858,31858,8.713894967177243,0.0,-426540,-394682,31858,31858,8.713894967177243,0.0,-609340,-577482,31858,31858,8.713894967177243,0.0,-792140,-760282,31858,31858,8.713894967177243,0.0,-974940,-943082,31858,31858,8.713894967177243,0.0,-1157740,-1125882
M7_CLASS_RESTRICTED,2000,-700,120000,84047,84047,22.98878555798687,0.0,-478592,-394545,84047,84047,22.98878555798687,0.0,-661392,-577345,84047,84047,22.98878555798687,0.0,-844192,-760145,84047,84047,22.98878555798687,0.0,-1026992,-942945,84047,84047,22.98878555798687,0.0,-1209792,-1125745
M7_CLASS_RESTRICTED,2000,-500,30000,2924,2924,0.799781181619256,0.0,-313810,-310886,2924,2924,0.799781181619256,0.0,-496610,-493686,2924,2924,0.799781181619256,0.0,-679410,-676486,2924,2924,0.799781181619256,0.0,-862210,-859286,2924,2924,0.799781181619256,0.0,-1045010,-1042086
M7_CLASS_RESTRICTED,2000,-500,60000,11119,11119,3.041301969365427,0.0,-321327,-310208,11119,11119,3.041301969365427,0.0,-504127,-493008,11119,11119,3.041301969365427,0.0,-686927,-675808,11119,11119,3.041301969365427,0.0,-869727,-858608,11119,11119,3.041301969365427,0.0,-1052527,-1041408
M7_CLASS_RESTRICTED,2000,-500,120000,50562,50562,13.829868708971553,0.0,-364499,-313937,50562,50562,13.829868708971553,0.0,-547299,-496737,50562,50562,13.829868708971553,0.0,-730099,-679537,50562,50562,13.829868708971553,0.0,-912899,-862337,50562,50562,13.829868708971553,0.0,-1095699,-1045137
M7_CLASS_RESTRICTED,2000,-300,30000,-24195,-24195,-6.6178884026258205,0.0,-192259,-216454,-24195,-24195,-6.6178884026258205,0.0,-375059,-399254,-24195,-24195,-6.6178884026258205,0.0,-557859,-582054,-24195,-24195,-6.6178884026258205,0.0,-740659,-764854,-24195,-24195,-6.6178884026258205,0.0,-923459,-947654
M7_CLASS_RESTRICTED,2000,-300,60000,-24522,-24522,-6.707330415754924,0.0,-196251,-220773,-24522,-24522,-6.707330415754924,0.0,-379051,-403573,-24522,-24522,-6.707330415754924,0.0,-561851,-586373,-24522,-24522,-6.707330415754924,0.0,-744651,-769173,-24522,-24522,-6.707330415754924,0.0,-927451,-951973
M7_CLASS_RESTRICTED,2000,-300,120000,-10266,-10266,-2.8079868708971554,0.0,-210509,-220775,-10266,-10266,-2.8079868708971554,0.0,-393309,-403575,-10266,-10266,-2.8079868708971554,0.0,-576109,-586375,-10266,-10266,-2.8079868708971554,0.0,-758909,-769175,-10266,-10266,-2.8079868708971554,0.0,-941709,-951975
M7_CLASS_RESTRICTED,2000,-200,30000,-44312,-44312,-12.120350109409191,0.0,-114574,-158886,-44312,-44312,-12.120350109409191,0.0,-297374,-341686,-44312,-44312,-12.120350109409191,0.0,-480174,-524486,-44312,-44312,-12.120350109409191,0.0,-662974,-707286,-44312,-44312,-12.120350109409191,0.0,-845774,-890086
M7_CLASS_RESTRICTED,2000,-200,60000,-56877,-56877,-15.557166301969366,0.0,-106653,-163530,-56877,-56877,-15.557166301969366,0.0,-289453,-346330,-56877,-56877,-15.557166301969366,0.0,-472253,-529130,-56877,-56877,-15.557166301969366,0.0,-655053,-711930,-56877,-56877,-15.557166301969366,0.0,-837853,-894730
M7_CLASS_RESTRICTED,2000,-200,120000,-57386,-57386,-15.696389496717725,0.0,-106146,-163532,-57386,-57386,-15.696389496717725,0.0,-288946,-346332,-57386,-57386,-15.696389496717725,0.0,-471746,-529132,-57386,-57386,-15.696389496717725,0.0,-654546,-711932,-57386,-57386,-15.696389496717725,0.0,-837346,-894732
M7_CLASS_RESTRICTED,3000,-6000,30000,265575,265575,72.64086433260394,0.0,-1268097,-1002522,265575,265575,72.64086433260394,0.0,-1450897,-1185322,265575,265575,72.64086433260394,0.0,-1633697,-1368122,265575,265575,72.64086433260394,0.0,-1816497,-1550922,265575,265575,72.64086433260394,0.0,-1999297,-1733722
M7_CLASS_RESTRICTED,3000,-6000,60000,485724,485724,132.85667396061268,0.0,-1493400,-1007676,485724,485724,132.85667396061268,0.0,-1676200,-1190476,485724,485724,132.85667396061268,0.0,-1859000,-1373276,485724,485724,132.85667396061268,0.0,-2041800,-1556076,485724,485724,132.85667396061268,0.0,-2224600,-1738876
M7_CLASS_RESTRICTED,3000,-6000,120000,637901,637901,174.48057986870896,0.0,-1661981,-1024080,637901,637901,174.48057986870896,0.0,-1844781,-1206880,637901,637901,174.48057986870896,0.0,-2027581,-1389680,637901,637901,174.48057986870896,0.0,-2210381,-1572480,637901,637901,174.48057986870896,0.0,-2393181,-1755280
M7_CLASS_RESTRICTED,3000,-5000,30000,237738,237738,65.02680525164114,0.0,-1198179,-960441,237738,237738,65.02680525164114,0.0,-1380979,-1143241,237738,237738,65.02680525164114,0.0,-1563779,-1326041,237738,237738,65.02680525164114,0.0,-1746579,-1508841,237738,237738,65.02680525164114,0.0,-1929379,-1691641
M7_CLASS_RESTRICTED,3000,-5000,60000,452058,452058,123.64824945295405,0.0,-1419829,-967771,452058,452058,123.64824945295405,0.0,-1602629,-1150571,452058,452058,123.64824945295405,0.0,-1785429,-1333371,452058,452058,123.64824945295405,0.0,-1968229,-1516171,452058,452058,123.64824945295405,0.0,-2151029,-1698971
M7_CLASS_RESTRICTED,3000,-5000,120000,599932,599932,164.09518599562364,0.0,-1581120,-981188,599932,599932,164.09518599562364,0.0,-1763920,-1163988,599932,599932,164.09518599562364,0.0,-1946720,-1346788,599932,599932,164.09518599562364,0.0,-2129520,-1529588,599932,599932,164.09518599562364,0.0,-2312320,-1712388
M7_CLASS_RESTRICTED,3000,-3000,30000,151794,151794,41.5191466083151,0.0,-994418,-842624,151794,151794,41.5191466083151,0.0,-1177218,-1025424,151794,151794,41.5191466083151,0.0,-1360018,-1208224,151794,151794,41.5191466083151,0.0,-1542818,-1391024,151794,151794,41.5191466083151,0.0,-1725618,-1573824
M7_CLASS_RESTRICTED,3000,-3000,60000,287713,287713,78.6961159737418,0.0,-1126824,-839111,287713,287713,78.6961159737418,0.0,-1309624,-1021911,287713,287713,78.6961159737418,0.0,-1492424,-1204711,287713,287713,78.6961159737418,0.0,-1675224,-1387511,287713,287713,78.6961159737418,0.0,-1858024,-1570311
M7_CLASS_RESTRICTED,3000,-3000,120000,419778,419778,114.81892778993435,0.0,-1269441,-849663,419778,419778,114.81892778993435,0.0,-1452241,-1032463,419778,419778,114.81892778993435,0.0,-1635041,-1215263,419778,419778,114.81892778993435,0.0,-1817841,-1398063,419778,419778,114.81892778993435,0.0,-2000641,-1580863
M7_CLASS_RESTRICTED,3000,-2000,30000,78998,78998,21.607768052516413,0.0,-768523,-689525,78998,78998,21.607768052516413,0.0,-951323,-872325,78998,78998,21.607768052516413,0.0,-1134123,-1055125,78998,78998,21.607768052516413,0.0,-1316923,-1237925,78998,78998,21.607768052516413,0.0,-1499723,-1420725
M7_CLASS_RESTRICTED,3000,-2000,60000,183927,183927,50.308260393873084,0.0,-878119,-694192,183927,183927,50.308260393873084,0.0,-1060919,-876992,183927,183927,50.308260393873084,0.0,-1243719,-1059792,183927,183927,50.308260393873084,0.0,-1426519,-1242592,183927,183927,50.308260393873084,0.0,-1609319,-1425392
M7_CLASS_RESTRICTED,3000,-2000,120000,287295,287295,78.58178336980306,0.0,-985684,-698389,287295,287295,78.58178336980306,0.0,-1168484,-881189,287295,287295,78.58178336980306,0.0,-1351284,-1063989,287295,287295,78.58178336980306,0.0,-1534084,-1246789,287295,287295,78.58178336980306,0.0,-1716884,-1429589
M7_CLASS_RESTRICTED,3000,-1500,30000,69416,69416,18.98687089715536,0.0,-661612,-592196,69416,69416,18.98687089715536,0.0,-844412,-774996,69416,69416,18.98687089715536,0.0,-1027212,-957796,69416,69416,18.98687089715536,0.0,-1210012,-1140596,69416,69416,18.98687089715536,0.0,-1392812,-1323396
M7_CLASS_RESTRICTED,3000,-1500,60000,123166,123166,33.68873085339168,0.0,-714857,-591691,123166,123166,33.68873085339168,0.0,-897657,-774491,123166,123166,33.68873085339168,0.0,-1080457,-957291,123166,123166,33.68873085339168,0.0,-1263257,-1140091,123166,123166,33.68873085339168,0.0,-1446057,-1322891
M7_CLASS_RESTRICTED,3000,-1500,120000,224903,224903,61.51613785557987,0.0,-820490,-595587,224903,224903,61.51613785557987,0.0,-1003290,-778387,224903,224903,61.51613785557987,0.0,-1186090,-961187,224903,224903,61.51613785557987,0.0,-1368890,-1143987,224903,224903,61.51613785557987,0.0,-1551690,-1326787
M7_CLASS_RESTRICTED,3000,-1000,30000,22773,22773,6.2289387308533914,0.0,-493618,-470845,22773,22773,6.2289387308533914,0.0,-676418,-653645,22773,22773,6.2289387308533914,0.0,-859218,-836445,22773,22773,6.2289387308533914,0.0,-1042018,-1019245,22773,22773,6.2289387308533914,0.0,-1224818,-1202045
M7_CLASS_RESTRICTED,3000,-1000,60000,56113,56113,15.348194748358862,0.0,-525369,-469256,56113,56113,15.348194748358862,0.0,-708169,-652056,56113,56113,15.348194748358862,0.0,-890969,-834856,56113,56113,15.348194748358862,0.0,-1073769,-1017656,56113,56113,15.348194748358862,0.0,-1256569,-1200456
M7_CLASS_RESTRICTED,3000,-1000,120000,137155,137155,37.51504376367615,0.0,-609845,-472690,137155,137155,37.51504376367615,0.0,-792645,-655490,137155,137155,37.51504376367615,0.0,-975445,-838290,137155,137155,37.51504376367615,0.0,-1158245,-1021090,137155,137155,37.51504376367615,0.0,-1341045,-1203890
M7_CLASS_RESTRICTED,3000,-700,30000,-8645,-8645,-2.3646061269146608,0.0,-364099,-372744,-8645,-8645,-2.3646061269146608,0.0,-546899,-555544,-8645,-8645,-2.3646061269146608,0.0,-729699,-738344,-8645,-8645,-2.3646061269146608,0.0,-912499,-921144,-8645,-8645,-2.3646061269146608,0.0,-1095299,-1103944
M7_CLASS_RESTRICTED,3000,-700,60000,11975,11975,3.275437636761488,0.0,-384284,-372309,11975,11975,3.275437636761488,0.0,-567084,-555109,11975,11975,3.275437636761488,0.0,-749884,-737909,11975,11975,3.275437636761488,0.0,-932684,-920709,11975,11975,3.275437636761488,0.0,-1115484,-1103509
M7_CLASS_RESTRICTED,3000,-700,120000,71213,71213,19.47839168490153,0.0,-444685,-373472,71213,71213,19.47839168490153,0.0,-627485,-556272,71213,71213,19.47839168490153,0.0,-810285,-739072,71213,71213,19.47839168490153,0.0,-993085,-921872,71213,71213,19.47839168490153,0.0,-1175885,-1104672
M7_CLASS_RESTRICTED,3000,-500,30000,-18424,-18424,-5.039387308533917,0.0,-267119,-285543,-18424,-18424,-5.039387308533917,0.0,-449919,-468343,-18424,-18424,-5.039387308533917,0.0,-632719,-651143,-18424,-18424,-5.039387308533917,0.0,-815519,-833943,-18424,-18424,-5.039387308533917,0.0,-998319,-1016743
M7_CLASS_RESTRICTED,3000,-500,60000,-9923,-9923,-2.714168490153173,0.0,-275973,-285896,-9923,-9923,-2.714168490153173,0.0,-458773,-468696,-9923,-9923,-2.714168490153173,0.0,-641573,-651496,-9923,-9923,-2.714168490153173,0.0,-824373,-834296,-9923,-9923,-2.714168490153173,0.0,-1007173,-1017096
M7_CLASS_RESTRICTED,3000,-500,120000,37895,37895,10.36515317286652,0.0,-327520,-289625,37895,37895,10.36515317286652,0.0,-510320,-472425,37895,37895,10.36515317286652,0.0,-693120,-655225,37895,37895,10.36515317286652,0.0,-875920,-838025,37895,37895,10.36515317286652,0.0,-1058720,-1020825
M7_CLASS_RESTRICTED,3000,-300,30000,-44211,-44211,-12.092724288840262,0.0,-149122,-193333,-44211,-44211,-12.092724288840262,0.0,-331922,-376133,-44211,-44211,-12.092724288840262,0.0,-514722,-558933,-44211,-44211,-12.092724288840262,0.0,-697522,-741733,-44211,-44211,-12.092724288840262,0.0,-880322,-924533
M7_CLASS_RESTRICTED,3000,-300,60000,-45909,-45909,-12.557166301969366,0.0,-151231,-197140,-45909,-45909,-12.557166301969366,0.0,-334031,-379940,-45909,-45909,-12.557166301969366,0.0,-516831,-562740,-45909,-45909,-12.557166301969366,0.0,-699631,-745540,-45909,-45909,-12.557166301969366,0.0,-882431,-928340
M7_CLASS_RESTRICTED,3000,-300,120000,-29612,-29612,-8.099562363238512,0.0,-167530,-197142,-29612,-29612,-8.099562363238512,0.0,-350330,-379942,-29612,-29612,-8.099562363238512,0.0,-533130,-562742,-29612,-29612,-8.099562363238512,0.0,-715930,-745542,-29612,-29612,-8.099562363238512,0.0,-898730,-928342
M7_CLASS_RESTRICTED,3000,-200,30000,-63635,-63635,-17.40563457330416,0.0,-71437,-135072,-63635,-63635,-17.40563457330416,0.0,-254237,-317872,-63635,-63635,-17.40563457330416,0.0,-437037,-500672,-63635,-63635,-17.40563457330416,0.0,-619837,-683472,-63635,-63635,-17.40563457330416,0.0,-802637,-866272
M7_CLASS_RESTRICTED,3000,-200,60000,-77192,-77192,-21.11378555798687,0.0,-66112,-143304,-77192,-77192,-21.11378555798687,0.0,-248912,-326104,-77192,-77192,-21.11378555798687,0.0,-431712,-508904,-77192,-77192,-21.11378555798687,0.0,-614512,-691704,-77192,-77192,-21.11378555798687,0.0,-797312,-874504
M7_CLASS_RESTRICTED,3000,-200,120000,-77166,-77166,-21.106673960612692,0.0,-66140,-143306,-77166,-77166,-21.106673960612692,0.0,-248940,-326106,-77166,-77166,-21.106673960612692,0.0,-431740,-508906,-77166,-77166,-21.106673960612692,0.0,-614540,-691706,-77166,-77166,-21.106673960612692,0.0,-797340,-874506
M7_CLASS_RESTRICTED,5000,-6000,30000,246810,246810,67.5082056892779,0.0,-1223501,-976691,246810,246810,67.5082056892779,0.0,-1406301,-1159491,246810,246810,67.5082056892779,0.0,-1589101,-1342291,246810,246810,67.5082056892779,0.0,-1771901,-1525091,246810,246810,67.5082056892779,0.0,-1954701,-1707891
M7_CLASS_RESTRICTED,5000,-6000,60000,479684,479684,131.20459518599563,0.0,-1471773,-992089,479684,479684,131.20459518599563,0.0,-1654573,-1174889,479684,479684,131.20459518599563,0.0,-1837373,-1357689,479684,479684,131.20459518599563,0.0,-2020173,-1540489,479684,479684,131.20459518599563,0.0,-2202973,-1723289
M7_CLASS_RESTRICTED,5000,-6000,120000,606362,606362,165.8539387308534,0.0,-1620038,-1013676,606362,606362,165.8539387308534,0.0,-1802838,-1196476,606362,606362,165.8539387308534,0.0,-1985638,-1379276,606362,606362,165.8539387308534,0.0,-2168438,-1562076,606362,606362,165.8539387308534,0.0,-2351238,-1744876
M7_CLASS_RESTRICTED,5000,-5000,30000,223024,223024,61.00218818380744,0.0,-1155634,-932610,223024,223024,61.00218818380744,0.0,-1338434,-1115410,223024,223024,61.00218818380744,0.0,-1521234,-1298210,223024,223024,61.00218818380744,0.0,-1704034,-1481010,223024,223024,61.00218818380744,0.0,-1886834,-1663810
M7_CLASS_RESTRICTED,5000,-5000,60000,450898,450898,123.33096280087527,0.0,-1401082,-950184,450898,450898,123.33096280087527,0.0,-1583882,-1132984,450898,450898,123.33096280087527,0.0,-1766682,-1315784,450898,450898,123.33096280087527,0.0,-1949482,-1498584,450898,450898,123.33096280087527,0.0,-2132282,-1681384
M7_CLASS_RESTRICTED,5000,-5000,120000,574881,574881,157.24316192560175,0.0,-1543665,-968784,574881,574881,157.24316192560175,0.0,-1726465,-1151584,574881,574881,157.24316192560175,0.0,-1909265,-1334384,574881,574881,157.24316192560175,0.0,-2092065,-1517184,574881,574881,157.24316192560175,0.0,-2274865,-1699984
M7_CLASS_RESTRICTED,5000,-3000,30000,136926,136926,37.45240700218818,0.0,-958730,-821804,136926,136926,37.45240700218818,0.0,-1141530,-1004604,136926,136926,37.45240700218818,0.0,-1324330,-1187404,136926,136926,37.45240700218818,0.0,-1507130,-1370204,136926,136926,37.45240700218818,0.0,-1689930,-1553004
M7_CLASS_RESTRICTED,5000,-3000,60000,268113,268113,73.33506564551422,0.0,-1099372,-831259,268113,268113,73.33506564551422,0.0,-1282172,-1014059,268113,268113,73.33506564551422,0.0,-1464972,-1196859,268113,268113,73.33506564551422,0.0,-1647772,-1379659,268113,268113,73.33506564551422,0.0,-1830572,-1562459
M7_CLASS_RESTRICTED,5000,-3000,120000,368229,368229,100.71909190371991,0.0,-1215811,-847582,368229,368229,100.71909190371991,0.0,-1398611,-1030382,368229,368229,100.71909190371991,0.0,-1581411,-1213182,368229,368229,100.71909190371991,0.0,-1764211,-1395982,368229,368229,100.71909190371991,0.0,-1947011,-1578782
M7_CLASS_RESTRICTED,5000,-2000,30000,60019,60019,16.416575492341355,0.0,-726030,-666011,60019,60019,16.416575492341355,0.0,-908830,-848811,60019,60019,16.416575492341355,0.0,-1091630,-1031611,60019,60019,16.416575492341355,0.0,-1274430,-1214411,60019,60019,16.416575492341355,0.0,-1457230,-1397211
M7_CLASS_RESTRICTED,5000,-2000,60000,159143,159143,43.52926695842451,0.0,-842604,-683461,159143,159143,43.52926695842451,0.0,-1025404,-866261,159143,159143,43.52926695842451,0.0,-1208204,-1049061,159143,159143,43.52926695842451,0.0,-1391004,-1231861,159143,159143,43.52926695842451,0.0,-1573804,-1414661
M7_CLASS_RESTRICTED,5000,-2000,120000,248659,248659,68.01394967177242,0.0,-939442,-690783,248659,248659,68.01394967177242,0.0,-1122242,-873583,248659,248659,68.01394967177242,0.0,-1305042,-1056383,248659,248659,68.01394967177242,0.0,-1487842,-1239183,248659,248659,68.01394967177242,0.0,-1670642,-1421983
M7_CLASS_RESTRICTED,5000,-1500,30000,48389,48389,13.235503282275712,0.0,-615504,-567115,48389,48389,13.235503282275712,0.0,-798304,-749915,48389,48389,13.235503282275712,0.0,-981104,-932715,48389,48389,13.235503282275712,0.0,-1163904,-1115515,48389,48389,13.235503282275712,0.0,-1346704,-1298315
M7_CLASS_RESTRICTED,5000,-1500,60000,103477,103477,28.303336980306344,0.0,-677512,-574035,103477,103477,28.303336980306344,0.0,-860312,-756835,103477,103477,28.303336980306344,0.0,-1043112,-939635,103477,103477,28.303336980306344,0.0,-1225912,-1122435,103477,103477,28.303336980306344,0.0,-1408712,-1305235
M7_CLASS_RESTRICTED,5000,-1500,120000,192226,192226,52.578227571115974,0.0,-772782,-580556,192226,192226,52.578227571115974,0.0,-955582,-763356,192226,192226,52.578227571115974,0.0,-1138382,-946156,192226,192226,52.578227571115974,0.0,-1321182,-1128956,192226,192226,52.578227571115974,0.0,-1503982,-1311756
M7_CLASS_RESTRICTED,5000,-1000,30000,4151,4151,1.1353938730853392,0.0,-450196,-446045,4151,4151,1.1353938730853392,0.0,-632996,-628845,4151,4151,1.1353938730853392,0.0,-815796,-811645,4151,4151,1.1353938730853392,0.0,-998596,-994445,4151,4151,1.1353938730853392,0.0,-1181396,-1177245
M7_CLASS_RESTRICTED,5000,-1000,60000,45389,45389,12.414934354485776,0.0,-496821,-451432,45389,45389,12.414934354485776,0.0,-679621,-634232,45389,45389,12.414934354485776,0.0,-862421,-817032,45389,45389,12.414934354485776,0.0,-1045221,-999832,45389,45389,12.414934354485776,0.0,-1228021,-1182632
M7_CLASS_RESTRICTED,5000,-1000,120000,114388,114388,31.287746170678336,0.0,-571278,-456890,114388,114388,31.287746170678336,0.0,-754078,-639690,114388,114388,31.287746170678336,0.0,-936878,-822490,114388,114388,31.287746170678336,0.0,-1119678,-1005290,114388,114388,31.287746170678336,0.0,-1302478,-1188090
M7_CLASS_RESTRICTED,5000,-700,30000,-28542,-28542,-7.8068927789934355,0.0,-322105,-350647,-28542,-28542,-7.8068927789934355,0.0,-504905,-533447,-28542,-28542,-7.8068927789934355,0.0,-687705,-716247,-28542,-28542,-7.8068927789934355,0.0,-870505,-899047,-28542,-28542,-7.8068927789934355,0.0,-1053305,-1081847
M7_CLASS_RESTRICTED,5000,-700,60000,-2711,-2711,-0.7415207877461707,0.0,-349132,-351843,-2711,-2711,-0.7415207877461707,0.0,-531932,-534643,-2711,-2711,-0.7415207877461707,0.0,-714732,-717443,-2711,-2711,-0.7415207877461707,0.0,-897532,-900243,-2711,-2711,-0.7415207877461707,0.0,-1080332,-1083043
M7_CLASS_RESTRICTED,5000,-700,120000,53610,53610,14.663566739606127,0.0,-407023,-353413,53610,53610,14.663566739606127,0.0,-589823,-536213,53610,53610,14.663566739606127,0.0,-772623,-719013,53610,53610,14.663566739606127,0.0,-955423,-901813,53610,53610,14.663566739606127,0.0,-1138223,-1084613
M7_CLASS_RESTRICTED,5000,-500,30000,-36558,-36558,-9.99945295404814,0.0,-222588,-259146,-36558,-36558,-9.99945295404814,0.0,-405388,-441946,-36558,-36558,-9.99945295404814,0.0,-588188,-624746,-36558,-36558,-9.99945295404814,0.0,-770988,-807546,-36558,-36558,-9.99945295404814,0.0,-953788,-990346
M7_CLASS_RESTRICTED,5000,-500,60000,-26625,-26625,-7.282549234135668,0.0,-234105,-260730,-26625,-26625,-7.282549234135668,0.0,-416905,-443530,-26625,-26625,-7.282549234135668,0.0,-599705,-626330,-26625,-26625,-7.282549234135668,0.0,-782505,-809130,-26625,-26625,-7.282549234135668,0.0,-965305,-991930
M7_CLASS_RESTRICTED,5000,-500,120000,8130,8130,2.223741794310722,0.0,-271914,-263784,8130,8130,2.223741794310722,0.0,-454714,-446584,8130,8130,2.223741794310722,0.0,-637514,-629384,8130,8130,2.223741794310722,0.0,-820314,-812184,8130,8130,2.223741794310722,0.0,-1003114,-994984
M7_CLASS_RESTRICTED,5000,-300,30000,-59007,-59007,-16.13977024070022,0.0,-114197,-173204,-59007,-59007,-16.13977024070022,0.0,-296997,-356004,-59007,-59007,-16.13977024070022,0.0,-479797,-538804,-59007,-59007,-16.13977024070022,0.0,-662597,-721604,-59007,-59007,-16.13977024070022,0.0,-845397,-904404
M7_CLASS_RESTRICTED,5000,-300,60000,-62476,-62476,-17.088621444201312,0.0,-118498,-180974,-62476,-62476,-17.088621444201312,0.0,-301298,-363774,-62476,-62476,-17.088621444201312,0.0,-484098,-546574,-62476,-62476,-17.088621444201312,0.0,-666898,-729374,-62476,-62476,-17.088621444201312,0.0,-849698,-912174
M7_CLASS_RESTRICTED,5000,-300,120000,-58973,-58973,-16.130470459518598,0.0,-121328,-180301,-58973,-58973,-16.130470459518598,0.0,-304128,-363101,-58973,-58973,-16.130470459518598,0.0,-486928,-545901,-58973,-58973,-16.130470459518598,0.0,-669728,-728701,-58973,-58973,-16.130470459518598,0.0,-852528,-911501
M7_CLASS_RESTRICTED,5000,-200,30000,-76784,-76784,-21.00218818380744,0.0,-37859,-114643,-76784,-76784,-21.00218818380744,0.0,-220659,-297443,-76784,-76784,-21.00218818380744,0.0,-403459,-480243,-76784,-76784,-21.00218818380744,0.0,-586259,-663043,-76784,-76784,-21.00218818380744,0.0,-769059,-845843
M7_CLASS_RESTRICTED,5000,-200,60000,-91215,-91215,-24.949398249452955,0.0,-39188,-130403,-91215,-91215,-24.949398249452955,0.0,-221988,-313203,-91215,-91215,-24.949398249452955,0.0,-404788,-496003,-91215,-91215,-24.949398249452955,0.0,-587588,-678803,-91215,-91215,-24.949398249452955,0.0,-770388,-861603
M7_CLASS_RESTRICTED,5000,-200,120000,-104583,-104583,-28.605853391684903,0.0,-25382,-129965,-104583,-104583,-28.605853391684903,0.0,-208182,-312765,-104583,-104583,-28.605853391684903,0.0,-390982,-495565,-104583,-104583,-28.605853391684903,0.0,-573782,-678365,-104583,-104583,-28.605853391684903,0.0,-756582,-861165
M7_CLASS_RESTRICTED,6000,-6000,30000,232945,232945,63.715809628008756,0.0,-1217033,-984088,232945,232945,63.715809628008756,0.0,-1399833,-1166888,232945,232945,63.715809628008756,0.0,-1582633,-1349688,232945,232945,63.715809628008756,0.0,-1765433,-1532488,232945,232945,63.715809628008756,0.0,-1948233,-1715288
M7_CLASS_RESTRICTED,6000,-6000,60000,469715,469715,128.47784463894968,0.0,-1477063,-1007348,469715,469715,128.47784463894968,0.0,-1659863,-1190148,469715,469715,128.47784463894968,0.0,-1842663,-1372948,469715,469715,128.47784463894968,0.0,-2025463,-1555748,469715,469715,128.47784463894968,0.0,-2208263,-1738548
M7_CLASS_RESTRICTED,6000,-6000,120000,581022,581022,158.92286652078775,0.0,-1626770,-1045748,581022,581022,158.92286652078775,0.0,-1809570,-1228548,581022,581022,158.92286652078775,0.0,-1992370,-1411348,581022,581022,158.92286652078775,0.0,-2175170,-1594148,581022,581022,158.92286652078775,0.0,-2357970,-1776948
M7_CLASS_RESTRICTED,6000,-5000,30000,209159,209159,57.209792122538296,0.0,-1148166,-939007,209159,209159,57.209792122538296,0.0,-1330966,-1121807,209159,209159,57.209792122538296,0.0,-1513766,-1304607,209159,209159,57.209792122538296,0.0,-1696566,-1487407,209159,209159,57.209792122538296,0.0,-1879366,-1670207
M7_CLASS_RESTRICTED,6000,-5000,60000,440840,440840,120.57986870897156,0.0,-1406283,-965443,440840,440840,120.57986870897156,0.0,-1589083,-1148243,440840,440840,120.57986870897156,0.0,-1771883,-1331043,440840,440840,120.57986870897156,0.0,-1954683,-1513843,440840,440840,120.57986870897156,0.0,-2137483,-1696643
M7_CLASS_RESTRICTED,6000,-5000,120000,550583,550583,150.59710065645515,0.0,-1550439,-999856,550583,550583,150.59710065645515,0.0,-1733239,-1182656,550583,550583,150.59710065645515,0.0,-1916039,-1365456,550583,550583,150.59710065645515,0.0,-2098839,-1548256,550583,550583,150.59710065645515,0.0,-2281639,-1731056
M7_CLASS_RESTRICTED,6000,-3000,30000,124061,124061,33.933533916849015,0.0,-955612,-831551,124061,124061,33.933533916849015,0.0,-1138412,-1014351,124061,124061,33.933533916849015,0.0,-1321212,-1197151,124061,124061,33.933533916849015,0.0,-1504012,-1379951,124061,124061,33.933533916849015,0.0,-1686812,-1562751
M7_CLASS_RESTRICTED,6000,-3000,60000,258055,258055,70.58397155361051,0.0,-1101696,-843641,258055,258055,70.58397155361051,0.0,-1284496,-1026441,258055,258055,70.58397155361051,0.0,-1467296,-1209241,258055,258055,70.58397155361051,0.0,-1650096,-1392041,258055,258055,70.58397155361051,0.0,-1832896,-1574841
M7_CLASS_RESTRICTED,6000,-3000,120000,351383,351383,96.11132385120351,0.0,-1223321,-871938,351383,351383,96.11132385120351,0.0,-1406121,-1054738,351383,351383,96.11132385120351,0.0,-1588921,-1237538,351383,351383,96.11132385120351,0.0,-1771721,-1420338,351383,351383,96.11132385120351,0.0,-1954521,-1603138
M7_CLASS_RESTRICTED,6000,-2000,30000,48154,48154,13.171225382932166,0.0,-725474,-677320,48154,48154,13.171225382932166,0.0,-908274,-860120,48154,48154,13.171225382932166,0.0,-1091074,-1042920,48154,48154,13.171225382932166,0.0,-1273874,-1225720,48154,48154,13.171225382932166,0.0,-1456674,-1408520
M7_CLASS_RESTRICTED,6000,-2000,60000,147794,147794,40.42505470459518,0.0,-845556,-697762,147794,147794,40.42505470459518,0.0,-1028356,-880562,147794,147794,40.42505470459518,0.0,-1211156,-1063362,147794,147794,40.42505470459518,0.0,-1393956,-1246162,147794,147794,40.42505470459518,0.0,-1576756,-1428962
M7_CLASS_RESTRICTED,6000,-2000,120000,242085,242085,66.21580962800876,0.0,-953169,-711084,242085,242085,66.21580962800876,0.0,-1135969,-893884,242085,242085,66.21580962800876,0.0,-1318769,-1076684,242085,242085,66.21580962800876,0.0,-1501569,-1259484,242085,242085,66.21580962800876,0.0,-1684369,-1442284
M7_CLASS_RESTRICTED,6000,-1500,30000,40931,40931,11.195568927789934,0.0,-622926,-581995,40931,40931,11.195568927789934,0.0,-805726,-764795,40931,40931,11.195568927789934,0.0,-988526,-947595,40931,40931,11.195568927789934,0.0,-1171326,-1130395,40931,40931,11.195568927789934,0.0,-1354126,-1313195
M7_CLASS_RESTRICTED,6000,-1500,60000,99825,99825,27.304431072210065,0.0,-691295,-591470,99825,99825,27.304431072210065,0.0,-874095,-774270,99825,99825,27.304431072210065,0.0,-1056895,-957070,99825,99825,27.304431072210065,0.0,-1239695,-1139870,99825,99825,27.304431072210065,0.0,-1422495,-1322670
M7_CLASS_RESTRICTED,6000,-1500,120000,191648,191648,52.42013129102845,0.0,-795139,-603491,191648,191648,52.42013129102845,0.0,-977939,-786291,191648,191648,52.42013129102845,0.0,-1160739,-969091,191648,191648,52.42013129102845,0.0,-1343539,-1151891,191648,191648,52.42013129102845,0.0,-1526339,-1334691
M7_CLASS_RESTRICTED,6000,-1000,30000,-2307,-2307,-0.6310175054704595,0.0,-452118,-454425,-2307,-2307,-0.6310175054704595,0.0,-634918,-637225,-2307,-2307,-0.6310175054704595,0.0,-817718,-820025,-2307,-2307,-0.6310175054704595,0.0,-1000518,-1002825,-2307,-2307,-0.6310175054704595,0.0,-1183318,-1185625
M7_CLASS_RESTRICTED,6000,-1000,60000,43448,43448,11.88402625820569,0.0,-506155,-462707,43448,43448,11.88402625820569,0.0,-688955,-645507,43448,43448,11.88402625820569,0.0,-871755,-828307,43448,43448,11.88402625820569,0.0,-1054555,-1011107,43448,43448,11.88402625820569,0.0,-1237355,-1193907
M7_CLASS_RESTRICTED,6000,-1000,120000,104623,104623,28.6167943107221,0.0,-577788,-473165,104623,104623,28.6167943107221,0.0,-760588,-655965,104623,104623,28.6167943107221,0.0,-943388,-838765,104623,104623,28.6167943107221,0.0,-1126188,-1021565,104623,104623,28.6167943107221,0.0,-1308988,-1204365
M7_CLASS_RESTRICTED,6000,-700,30000,-35000,-35000,-9.573304157549234,0.0,-324427,-359427,-35000,-35000,-9.573304157549234,0.0,-507227,-542227,-35000,-35000,-9.573304157549234,0.0,-690027,-725027,-35000,-35000,-9.573304157549234,0.0,-872827,-907827,-35000,-35000,-9.573304157549234,0.0,-1055627,-1090627
M7_CLASS_RESTRICTED,6000,-700,60000,-4059,-4059,-1.1102297592997812,0.0,-359859,-363918,-4059,-4059,-1.1102297592997812,0.0,-542659,-546718,-4059,-4059,-1.1102297592997812,0.0,-725459,-729518,-4059,-4059,-1.1102297592997812,0.0,-908259,-912318,-4059,-4059,-1.1102297592997812,0.0,-1091059,-1095118
M7_CLASS_RESTRICTED,6000,-700,120000,44119,44119,12.067560175054705,0.0,-414307,-370188,44119,44119,12.067560175054705,0.0,-597107,-552988,44119,44119,12.067560175054705,0.0,-779907,-735788,44119,44119,12.067560175054705,0.0,-962707,-918588,44119,44119,12.067560175054705,0.0,-1145507,-1101388
M7_CLASS_RESTRICTED,6000,-500,30000,-42016,-42016,-11.492341356673961,0.0,-225510,-267526,-42016,-42016,-11.492341356673961,0.0,-408310,-450326,-42016,-42016,-11.492341356673961,0.0,-591110,-633126,-42016,-42016,-11.492341356673961,0.0,-773910,-815926,-42016,-42016,-11.492341356673961,0.0,-956710,-998726
M7_CLASS_RESTRICTED,6000,-500,60000,-27768,-27768,-7.595185995623632,0.0,-244237,-272005,-27768,-27768,-7.595185995623632,0.0,-427037,-454805,-27768,-27768,-7.595185995623632,0.0,-609837,-637605,-27768,-27768,-7.595185995623632,0.0,-792637,-820405,-27768,-27768,-7.595185995623632,0.0,-975437,-1003205
M7_CLASS_RESTRICTED,6000,-500,120000,-67,-67,-0.018326039387308535,0.0,-279492,-279559,-67,-67,-0.018326039387308535,0.0,-462292,-462359,-67,-67,-0.018326039387308535,0.0,-645092,-645159,-67,-67,-0.018326039387308535,0.0,-827892,-827959,-67,-67,-0.018326039387308535,0.0,-1010692,-1010759
M7_CLASS_RESTRICTED,6000,-300,30000,-63465,-63465,-17.35913566739606,0.0,-118870,-182335,-63465,-63465,-17.35913566739606,0.0,-301670,-365135,-63465,-63465,-17.35913566739606,0.0,-484470,-547935,-63465,-63465,-17.35913566739606,0.0,-667270,-730735,-63465,-63465,-17.35913566739606,0.0,-850070,-913535
M7_CLASS_RESTRICTED,6000,-300,60000,-71887,-71887,-19.662746170678336,0.0,-119771,-191658,-71887,-71887,-19.662746170678336,0.0,-302571,-374458,-71887,-71887,-19.662746170678336,0.0,-485371,-557258,-71887,-71887,-19.662746170678336,0.0,-668171,-740058,-71887,-71887,-19.662746170678336,0.0,-850971,-922858
M7_CLASS_RESTRICTED,6000,-300,120000,-73697,-73697,-20.157822757111596,0.0,-121588,-195285,-73697,-73697,-20.157822757111596,0.0,-304388,-378085,-73697,-73697,-20.157822757111596,0.0,-487188,-560885,-73697,-73697,-20.157822757111596,0.0,-669988,-743685,-73697,-73697,-20.157822757111596,0.0,-852788,-926485
M7_CLASS_RESTRICTED,6000,-200,30000,-80242,-80242,-21.948030634573303,0.0,-44578,-124820,-80242,-80242,-21.948030634573303,0.0,-227378,-307620,-80242,-80242,-21.948030634573303,0.0,-410178,-490420,-80242,-80242,-21.948030634573303,0.0,-592978,-673220,-80242,-80242,-21.948030634573303,0.0,-775778,-856020
M7_CLASS_RESTRICTED,6000,-200,60000,-99661,-99661,-27.25957330415755,0.0,-41026,-140687,-99661,-99661,-27.25957330415755,0.0,-223826,-323487,-99661,-99661,-27.25957330415755,0.0,-406626,-506287,-99661,-99661,-27.25957330415755,0.0,-589426,-689087,-99661,-99661,-27.25957330415755,0.0,-772226,-871887
M7_CLASS_RESTRICTED,6000,-200,120000,-121839,-121839,-33.3257658643326,0.0,-18410,-140249,-121839,-121839,-33.3257658643326,0.0,-201210,-323049,-121839,-121839,-33.3257658643326,0.0,-384010,-505849,-121839,-121839,-33.3257658643326,0.0,-566810,-688649,-121839,-121839,-33.3257658643326,0.0,-749610,-871449
M7_CLASS_RESTRICTED,7500,-6000,30000,229706,229706,62.82986870897155,0.0,-1204921,-975215,229706,229706,62.82986870897155,0.0,-1387721,-1158015,229706,229706,62.82986870897155,0.0,-1570521,-1340815,229706,229706,62.82986870897155,0.0,-1753321,-1523615,229706,229706,62.82986870897155,0.0,-1936121,-1706415
M7_CLASS_RESTRICTED,7500,-6000,60000,517061,517061,141.4280634573304,0.0,-1508523,-991462,517061,517061,141.4280634573304,0.0,-1691323,-1174262,517061,517061,141.4280634573304,0.0,-1874123,-1357062,517061,517061,141.4280634573304,0.0,-2056923,-1539862,517061,517061,141.4280634573304,0.0,-2239723,-1722662
M7_CLASS_RESTRICTED,7500,-6000,120000,619314,619314,169.39660831509846,0.0,-1665810,-1046496,619314,619314,169.39660831509846,0.0,-1848610,-1229296,619314,619314,169.39660831509846,0.0,-2031410,-1412096,619314,619314,169.39660831509846,0.0,-2214210,-1594896,619314,619314,169.39660831509846,0.0,-2397010,-1777696
M7_CLASS_RESTRICTED,7500,-5000,30000,205920,205920,56.32385120350109,0.0,-1136054,-930134,205920,205920,56.32385120350109,0.0,-1318854,-1112934,205920,205920,56.32385120350109,0.0,-1501654,-1295734,205920,205920,56.32385120350109,0.0,-1684454,-1478534,205920,205920,56.32385120350109,0.0,-1867254,-1661334
M7_CLASS_RESTRICTED,7500,-5000,60000,477235,477235,130.53473741794312,0.0,-1427292,-950057,477235,477235,130.53473741794312,0.0,-1610092,-1132857,477235,477235,130.53473741794312,0.0,-1792892,-1315657,477235,477235,130.53473741794312,0.0,-1975692,-1498457,477235,477235,130.53473741794312,0.0,-2158492,-1681257
M7_CLASS_RESTRICTED,7500,-5000,120000,588326,588326,160.9206783369803,0.0,-1588430,-1000104,588326,588326,160.9206783369803,0.0,-1771230,-1182904,588326,588326,160.9206783369803,0.0,-1954030,-1365704,588326,588326,160.9206783369803,0.0,-2136830,-1548504,588326,588326,160.9206783369803,0.0,-2319630,-1731304
M7_CLASS_RESTRICTED,7500,-3000,30000,122322,122322,33.45787746170679,0.0,-943353,-821031,122322,122322,33.45787746170679,0.0,-1126153,-1003831,122322,122322,33.45787746170679,0.0,-1308953,-1186631,122322,122322,33.45787746170679,0.0,-1491753,-1369431,122322,122322,33.45787746170679,0.0,-1674553,-1552231
M7_CLASS_RESTRICTED,7500,-3000,60000,291385,291385,79.70049234135668,0.0,-1124787,-833402,291385,291385,79.70049234135668,0.0,-1307587,-1016202,291385,291385,79.70049234135668,0.0,-1490387,-1199002,291385,291385,79.70049234135668,0.0,-1673187,-1381802,291385,291385,79.70049234135668,0.0,-1855987,-1564602
M7_CLASS_RESTRICTED,7500,-3000,120000,384170,384170,105.0793216630197,0.0,-1262856,-878686,384170,384170,105.0793216630197,0.0,-1445656,-1061486,384170,384170,105.0793216630197,0.0,-1628456,-1244286,384170,384170,105.0793216630197,0.0,-1811256,-1427086,384170,384170,105.0793216630197,0.0,-1994056,-1609886
M7_CLASS_RESTRICTED,7500,-2000,30000,47915,47915,13.105853391684901,0.0,-718215,-670300,47915,47915,13.105853391684901,0.0,-901015,-853100,47915,47915,13.105853391684901,0.0,-1083815,-1035900,47915,47915,13.105853391684901,0.0,-1266615,-1218700,47915,47915,13.105853391684901,0.0,-1449415,-1401500
M7_CLASS_RESTRICTED,7500,-2000,60000,179124,179124,48.9945295404814,0.0,-869147,-690023,179124,179124,48.9945295404814,0.0,-1051947,-872823,179124,179124,48.9945295404814,0.0,-1234747,-1055623,179124,179124,48.9945295404814,0.0,-1417547,-1238423,179124,179124,48.9945295404814,0.0,-1600347,-1421223
M7_CLASS_RESTRICTED,7500,-2000,120000,271554,271554,74.27625820568927,0.0,-994428,-722874,271554,271554,74.27625820568927,0.0,-1177228,-905674,271554,271554,74.27625820568927,0.0,-1360028,-1088474,271554,271554,74.27625820568927,0.0,-1542828,-1271274,271554,271554,74.27625820568927,0.0,-1725628,-1454074
M7_CLASS_RESTRICTED,7500,-1500,30000,39803,39803,10.887035010940918,0.0,-618297,-578494,39803,39803,10.887035010940918,0.0,-801097,-761294,39803,39803,10.887035010940918,0.0,-983897,-944094,39803,39803,10.887035010940918,0.0,-1166697,-1126894,39803,39803,10.887035010940918,0.0,-1349497,-1309694
M7_CLASS_RESTRICTED,7500,-1500,60000,106155,106155,29.035831509846826,0.0,-693386,-587231,106155,106155,29.035831509846826,0.0,-876186,-770031,106155,106155,29.035831509846826,0.0,-1058986,-952831,106155,106155,29.035831509846826,0.0,-1241786,-1135631,106155,106155,29.035831509846826,0.0,-1424586,-1318431
M7_CLASS_RESTRICTED,7500,-1500,120000,200337,200337,54.796772428884026,0.0,-818118,-617781,200337,200337,54.796772428884026,0.0,-1000918,-800581,200337,200337,54.796772428884026,0.0,-1183718,-983381,200337,200337,54.796772428884026,0.0,-1366518,-1166181,200337,200337,54.796772428884026,0.0,-1549318,-1348981
M7_CLASS_RESTRICTED,7500,-1000,30000,-3243,-3243,-0.8870350109409191,0.0,-445740,-448983,-3243,-3243,-0.8870350109409191,0.0,-628540,-631783,-3243,-3243,-0.8870350109409191,0.0,-811340,-814583,-3243,-3243,-0.8870350109409191,0.0,-994140,-997383,-3243,-3243,-0.8870350109409191,0.0,-1176940,-1180183
M7_CLASS_RESTRICTED,7500,-1000,60000,49686,49686,13.590262582056893,0.0,-506711,-457025,49686,49686,13.590262582056893,0.0,-689511,-639825,49686,49686,13.590262582056893,0.0,-872311,-822625,49686,49686,13.590262582056893,0.0,-1055111,-1005425,49686,49686,13.590262582056893,0.0,-1237911,-1188225
M7_CLASS_RESTRICTED,7500,-1000,120000,116364,116364,31.828227571115974,0.0,-604819,-488455,116364,116364,31.828227571115974,0.0,-787619,-671255,116364,116364,31.828227571115974,0.0,-970419,-854055,116364,116364,31.828227571115974,0.0,-1153219,-1036855,116364,116364,31.828227571115974,0.0,-1336019,-1219655
M7_CLASS_RESTRICTED,7500,-700,30000,-36035,-36035,-9.856400437636761,0.0,-317843,-353878,-36035,-36035,-9.856400437636761,0.0,-500643,-536678,-36035,-36035,-9.856400437636761,0.0,-683443,-719478,-36035,-36035,-9.856400437636761,0.0,-866243,-902278,-36035,-36035,-9.856400437636761,0.0,-1049043,-1085078
M7_CLASS_RESTRICTED,7500,-700,60000,7451,7451,2.038019693654267,0.0,-358886,-351435,7451,7451,2.038019693654267,0.0,-541686,-534235,7451,7451,2.038019693654267,0.0,-724486,-717035,7451,7451,2.038019693654267,0.0,-907286,-899835,7451,7451,2.038019693654267,0.0,-1090086,-1082635
M7_CLASS_RESTRICTED,7500,-700,120000,61560,61560,16.838074398249454,0.0,-432285,-370725,61560,61560,16.838074398249454,0.0,-615085,-553525,61560,61560,16.838074398249454,0.0,-797885,-736325,61560,61560,16.838074398249454,0.0,-980685,-919125,61560,61560,16.838074398249454,0.0,-1163485,-1101925
M7_CLASS_RESTRICTED,7500,-500,30000,-41751,-41751,-11.419857768052516,0.0,-220026,-261777,-41751,-41751,-11.419857768052516,0.0,-402826,-444577,-41751,-41751,-11.419857768052516,0.0,-585626,-627377,-41751,-41751,-11.419857768052516,0.0,-768426,-810177,-41751,-41751,-11.419857768052516,0.0,-951226,-992977
M7_CLASS_RESTRICTED,7500,-500,60000,-13858,-13858,-3.7904814004376366,0.0,-245464,-259322,-13858,-13858,-3.7904814004376366,0.0,-428264,-442122,-13858,-13858,-3.7904814004376366,0.0,-611064,-624922,-13858,-13858,-3.7904814004376366,0.0,-793864,-807722,-13858,-13858,-3.7904814004376366,0.0,-976664,-990522
M7_CLASS_RESTRICTED,7500,-500,120000,20903,20903,5.717450765864332,0.0,-300399,-279496,20903,20903,5.717450765864332,0.0,-483199,-462296,20903,20903,5.717450765864332,0.0,-665999,-645096,20903,20903,5.717450765864332,0.0,-848799,-827896,20903,20903,5.717450765864332,0.0,-1031599,-1010696
M7_CLASS_RESTRICTED,7500,-300,30000,-63478,-63478,-17.362691466083152,0.0,-114408,-177886,-63478,-63478,-17.362691466083152,0.0,-297208,-360686,-63478,-63478,-17.362691466083152,0.0,-480008,-543486,-63478,-63478,-17.362691466083152,0.0,-662808,-726286,-63478,-63478,-17.362691466083152,0.0,-845608,-909086
M7_CLASS_RESTRICTED,7500,-300,60000,-67509,-67509,-18.465262582056894,0.0,-110949,-178458,-67509,-67509,-18.465262582056894,0.0,-293749,-361258,-67509,-67509,-18.465262582056894,0.0,-476549,-544058,-67509,-67509,-18.465262582056894,0.0,-659349,-726858,-67509,-67509,-18.465262582056894,0.0,-842149,-909658
M7_CLASS_RESTRICTED,7500,-300,120000,-65207,-65207,-17.835612691466082,0.0,-118315,-183522,-65207,-65207,-17.835612691466082,0.0,-301115,-366322,-65207,-65207,-17.835612691466082,0.0,-483915,-549122,-65207,-65207,-17.835612691466082,0.0,-666715,-731922,-65207,-65207,-17.835612691466082,0.0,-849515,-914722
M7_CLASS_RESTRICTED,7500,-200,30000,-78855,-78855,-21.568654266958426,0.0,-41416,-120271,-78855,-78855,-21.568654266958426,0.0,-224216,-303071,-78855,-78855,-21.568654266958426,0.0,-407016,-485871,-78855,-78855,-21.568654266958426,0.0,-589816,-668671,-78855,-78855,-21.568654266958426,0.0,-772616,-851471
M7_CLASS_RESTRICTED,7500,-200,60000,-93983,-93983,-25.706509846827135,0.0,-33404,-127387,-93983,-93983,-25.706509846827135,0.0,-216204,-310187,-93983,-93983,-25.706509846827135,0.0,-399004,-492987,-93983,-93983,-25.706509846827135,0.0,-581804,-675787,-93983,-93983,-25.706509846827135,0.0,-764604,-858587
M7_CLASS_RESTRICTED,7500,-200,120000,-112349,-112349,-30.73003282275711,0.0,-14600,-126949,-112349,-112349,-30.73003282275711,0.0,-197400,-309749,-112349,-112349,-30.73003282275711,0.0,-380200,-492549,-112349,-112349,-30.73003282275711,0.0,-563000,-675349,-112349,-112349,-30.73003282275711,0.0,-745800,-858149
M7_CLASS_RESTRICTED,10000,-6000,30000,213079,213079,58.28200218818381,0.0,-1170690,-957611,213079,213079,58.28200218818381,0.0,-1353490,-1140411,213079,213079,58.28200218818381,0.0,-1536290,-1323211,213079,213079,58.28200218818381,0.0,-1719090,-1506011,213079,213079,58.28200218818381,0.0,-1901890,-1688811
M7_CLASS_RESTRICTED,10000,-6000,60000,498371,498371,136.31591903719914,0.0,-1492785,-994414,498371,498371,136.31591903719914,0.0,-1675585,-1177214,498371,498371,136.31591903719914,0.0,-1858385,-1360014,498371,498371,136.31591903719914,0.0,-2041185,-1542814,498371,498371,136.31591903719914,0.0,-2223985,-1725614
M7_CLASS_RESTRICTED,10000,-6000,120000,536445,536445,146.73003282275712,0.0,-1561555,-1025110,536445,536445,146.73003282275712,0.0,-1744355,-1207910,536445,536445,146.73003282275712,0.0,-1927155,-1390710,536445,536445,146.73003282275712,0.0,-2109955,-1573510,536445,536445,146.73003282275712,0.0,-2292755,-1756310
M7_CLASS_RESTRICTED,10000,-5000,30000,189293,189293,51.77598468271335,0.0,-1100823,-911530,189293,189293,51.77598468271335,0.0,-1283623,-1094330,189293,189293,51.77598468271335,0.0,-1466423,-1277130,189293,189293,51.77598468271335,0.0,-1649223,-1459930,189293,189293,51.77598468271335,0.0,-1832023,-1642730
M7_CLASS_RESTRICTED,10000,-5000,60000,457545,457545,125.14907002188184,0.0,-1405965,-948420,457545,457545,125.14907002188184,0.0,-1588765,-1131220,457545,457545,125.14907002188184,0.0,-1771565,-1314020,457545,457545,125.14907002188184,0.0,-1954365,-1496820,457545,457545,125.14907002188184,0.0,-2137165,-1679620
M7_CLASS_RESTRICTED,10000,-5000,120000,508065,508065,138.96745076586433,0.0,-1500456,-992391,508065,508065,138.96745076586433,0.0,-1683256,-1175191,508065,508065,138.96745076586433,0.0,-1866056,-1357991,508065,508065,138.96745076586433,0.0,-2048856,-1540791,508065,508065,138.96745076586433,0.0,-2231656,-1723591
M7_CLASS_RESTRICTED,10000,-3000,30000,108195,108195,29.593818380743983,0.0,-905622,-797427,108195,108195,29.593818380743983,0.0,-1088422,-980227,108195,108195,29.593818380743983,0.0,-1271222,-1163027,108195,108195,29.593818380743983,0.0,-1454022,-1345827,108195,108195,29.593818380743983,0.0,-1636822,-1528627
M7_CLASS_RESTRICTED,10000,-3000,60000,274695,274695,75.13539387308533,0.0,-1101960,-827265,274695,274695,75.13539387308533,0.0,-1284760,-1010065,274695,274695,75.13539387308533,0.0,-1467560,-1192865,274695,274695,75.13539387308533,0.0,-1650360,-1375665,274695,274695,75.13539387308533,0.0,-1833160,-1558465
M7_CLASS_RESTRICTED,10000,-3000,120000,318924,318924,87.23304157549234,0.0,-1188397,-869473,318924,318924,87.23304157549234,0.0,-1371197,-1052273,318924,318924,87.23304157549234,0.0,-1553997,-1235073,318924,318924,87.23304157549234,0.0,-1736797,-1417873,318924,318924,87.23304157549234,0.0,-1919597,-1600673
M7_CLASS_RESTRICTED,10000,-2000,30000,36288,36288,9.925601750547045,0.0,-690484,-654196,36288,36288,9.925601750547045,0.0,-873284,-836996,36288,36288,9.925601750547045,0.0,-1056084,-1019796,36288,36288,9.925601750547045,0.0,-1238884,-1202596,36288,36288,9.925601750547045,0.0,-1421684,-1385396
M7_CLASS_RESTRICTED,10000,-2000,60000,166434,166434,45.52352297592998,0.0,-856820,-690386,166434,166434,45.52352297592998,0.0,-1039620,-873186,166434,166434,45.52352297592998,0.0,-1222420,-1055986,166434,166434,45.52352297592998,0.0,-1405220,-1238786,166434,166434,45.52352297592998,0.0,-1588020,-1421586
M7_CLASS_RESTRICTED,10000,-2000,120000,224496,224496,61.40481400437637,0.0,-943657,-719161,224496,224496,61.40481400437637,0.0,-1126457,-901961,224496,224496,61.40481400437637,0.0,-1309257,-1084761,224496,224496,61.40481400437637,0.0,-1492057,-1267561,224496,224496,61.40481400437637,0.0,-1674857,-1450361
M7_CLASS_RESTRICTED,10000,-1500,30000,28176,28176,7.706783369803063,0.0,-598170,-569994,28176,28176,7.706783369803063,0.0,-780970,-752794,28176,28176,7.706783369803063,0.0,-963770,-935594,28176,28176,7.706783369803063,0.0,-1146570,-1118394,28176,28176,7.706783369803063,0.0,-1329370,-1301194
M7_CLASS_RESTRICTED,10000,-1500,60000,92965,92965,25.428063457330417,0.0,-683170,-590205,92965,92965,25.428063457330417,0.0,-865970,-773005,92965,92965,25.428063457330417,0.0,-1048770,-955805,92965,92965,25.428063457330417,0.0,-1231570,-1138605,92965,92965,25.428063457330417,0.0,-1414370,-1321405
M7_CLASS_RESTRICTED,10000,-1500,120000,162779,162779,44.52379649890591,0.0,-777633,-614854,162779,162779,44.52379649890591,0.0,-960433,-797654,162779,162779,44.52379649890591,0.0,-1143233,-980454,162779,162779,44.52379649890591,0.0,-1326033,-1163254,162779,162779,44.52379649890591,0.0,-1508833,-1346054
M7_CLASS_RESTRICTED,10000,-1000,30000,-14870,-14870,-4.067286652078774,0.0,-425113,-439983,-14870,-14870,-4.067286652078774,0.0,-607913,-622783,-14870,-14870,-4.067286652078774,0.0,-790713,-805583,-14870,-14870,-4.067286652078774,0.0,-973513,-988383,-14870,-14870,-4.067286652078774,0.0,-1156313,-1171183
M7_CLASS_RESTRICTED,10000,-1000,60000,38406,38406,10.50492341356674,0.0,-497257,-458851,38406,38406,10.50492341356674,0.0,-680057,-641651,38406,38406,10.50492341356674,0.0,-862857,-824451,38406,38406,10.50492341356674,0.0,-1045657,-1007251,38406,38406,10.50492341356674,0.0,-1228457,-1190051
M7_CLASS_RESTRICTED,10000,-1000,120000,82377,82377,22.532002188183807,0.0,-567469,-485092,82377,82377,22.532002188183807,0.0,-750269,-667892,82377,82377,22.532002188183807,0.0,-933069,-850692,82377,82377,22.532002188183807,0.0,-1115869,-1033492,82377,82377,22.532002188183807,0.0,-1298669,-1216292
M7_CLASS_RESTRICTED,10000,-700,30000,-47662,-47662,-13.036652078774617,0.0,-296916,-344578,-47662,-47662,-13.036652078774617,0.0,-479716,-527378,-47662,-47662,-13.036652078774617,0.0,-662516,-710178,-47662,-47662,-13.036652078774617,0.0,-845316,-892978,-47662,-47662,-13.036652078774617,0.0,-1028116,-1075778
M7_CLASS_RESTRICTED,10000,-700,60000,-4129,-4129,-1.1293763676148796,0.0,-348532,-352661,-4129,-4129,-1.1293763676148796,0.0,-531332,-535461,-4129,-4129,-1.1293763676148796,0.0,-714132,-718261,-4129,-4129,-1.1293763676148796,0.0,-896932,-901061,-4129,-4129,-1.1293763676148796,0.0,-1079732,-1083861
M7_CLASS_RESTRICTED,10000,-700,120000,38681,38681,10.580142231947484,0.0,-405443,-366762,38681,38681,10.580142231947484,0.0,-588243,-549562,38681,38681,10.580142231947484,0.0,-771043,-732362,38681,38681,10.580142231947484,0.0,-953843,-915162,38681,38681,10.580142231947484,0.0,-1136643,-1097962
M7_CLASS_RESTRICTED,10000,-500,30000,-50878,-50878,-13.916301969365426,0.0,-201399,-252277,-50878,-50878,-13.916301969365426,0.0,-384199,-435077,-50878,-50878,-13.916301969365426,0.0,-566999,-617877,-50878,-50878,-13.916301969365426,0.0,-749799,-800677,-50878,-50878,-13.916301969365426,0.0,-932599,-983477
M7_CLASS_RESTRICTED,10000,-500,60000,-20638,-20638,-5.644967177242888,0.0,-239510,-260148,-20638,-20638,-5.644967177242888,0.0,-422310,-442948,-20638,-20638,-5.644967177242888,0.0,-605110,-625748,-20638,-20638,-5.644967177242888,0.0,-787910,-808548,-20638,-20638,-5.644967177242888,0.0,-970710,-991348
M7_CLASS_RESTRICTED,10000,-500,120000,5324,5324,1.4562363238512035,0.0,-280457,-275133,5324,5324,1.4562363238512035,0.0,-463257,-457933,5324,5324,1.4562363238512035,0.0,-646057,-640733,5324,5324,1.4562363238512035,0.0,-828857,-823533,5324,5324,1.4562363238512035,0.0,-1011657,-1006333
M7_CLASS_RESTRICTED,10000,-300,30000,-72605,-72605,-19.85913566739606,0.0,-98081,-170686,-72605,-72605,-19.85913566739606,0.0,-280881,-353486,-72605,-72605,-19.85913566739606,0.0,-463681,-536286,-72605,-72605,-19.85913566739606,0.0,-646481,-719086,-72605,-72605,-19.85913566739606,0.0,-829281,-901886
M7_CLASS_RESTRICTED,10000,-300,60000,-74489,-74489,-20.37445295404814,0.0,-106895,-181384,-74489,-74489,-20.37445295404814,0.0,-289695,-364184,-74489,-74489,-20.37445295404814,0.0,-472495,-546984,-74489,-74489,-20.37445295404814,0.0,-655295,-729784,-74489,-74489,-20.37445295404814,0.0,-838095,-912584
M7_CLASS_RESTRICTED,10000,-300,120000,-79657,-79657,-21.788019693654267,0.0,-101602,-181259,-79657,-79657,-21.788019693654267,0.0,-284402,-364059,-79657,-79657,-21.788019693654267,0.0,-467202,-546859,-79657,-79657,-21.788019693654267,0.0,-650002,-729659,-79657,-79657,-21.788019693654267,0.0,-832802,-912459
M7_CLASS_RESTRICTED,10000,-200,30000,-86355,-86355,-23.62007658643326,0.0,-26616,-112971,-86355,-86355,-23.62007658643326,0.0,-209416,-295771,-86355,-86355,-23.62007658643326,0.0,-392216,-478571,-86355,-86355,-23.62007658643326,0.0,-575016,-661371,-86355,-86355,-23.62007658643326,0.0,-757816,-844171
M7_CLASS_RESTRICTED,10000,-200,60000,-98563,-98563,-26.959245076586434,0.0,-31550,-130113,-98563,-98563,-26.959245076586434,0.0,-214350,-312913,-98563,-98563,-26.959245076586434,0.0,-397150,-495713,-98563,-98563,-26.959245076586434,0.0,-579950,-678513,-98563,-98563,-26.959245076586434,0.0,-762750,-861313
M7_CLASS_RESTRICTED,10000,-200,120000,-124499,-124499,-34.05333698030635,0.0,13,-124486,-124499,-124499,-34.05333698030635,0.0,-182787,-307286,-124499,-124499,-34.05333698030635,0.0,-365587,-490086,-124499,-124499,-34.05333698030635,0.0,-548387,-672886,-124499,-124499,-34.05333698030635,0.0,-731187,-855686
M8_DELAY_12000MS_CONFIRM,1000,-6000,30000,54194,54194,14.823304157549234,0.0,-1368914,-1314720,54194,54194,14.823304157549234,0.0,-1551714,-1497520,54194,54194,14.823304157549234,0.0,-1734514,-1680320,54194,54194,14.823304157549234,0.0,-1917314,-1863120,54194,54194,14.823304157549234,0.0,-2100114,-2045920
M8_DELAY_12000MS_CONFIRM,1000,-6000,60000,187647,187647,51.3257658643326,0.0,-1531283,-1343636,187647,187647,51.3257658643326,0.0,-1714083,-1526436,187647,187647,51.3257658643326,0.0,-1896883,-1709236,187647,187647,51.3257658643326,0.0,-2079683,-1892036,187647,187647,51.3257658643326,0.0,-2262483,-2074836
M8_DELAY_12000MS_CONFIRM,1000,-6000,120000,308768,308768,84.45514223194748,0.0,-1651963,-1343195,308768,308768,84.45514223194748,0.0,-1834763,-1525995,308768,308768,84.45514223194748,0.0,-2017563,-1708795,308768,308768,84.45514223194748,0.0,-2200363,-1891595,308768,308768,84.45514223194748,0.0,-2383163,-2074395
M8_DELAY_12000MS_CONFIRM,1000,-5000,30000,46097,46097,12.608588621444202,0.0,-1307295,-1261198,46097,46097,12.608588621444202,0.0,-1490095,-1443998,46097,46097,12.608588621444202,0.0,-1672895,-1626798,46097,46097,12.608588621444202,0.0,-1855695,-1809598,46097,46097,12.608588621444202,0.0,-2038495,-1992398
M8_DELAY_12000MS_CONFIRM,1000,-5000,60000,183957,183957,50.316466083150985,0.0,-1471063,-1287106,183957,183957,50.316466083150985,0.0,-1653863,-1469906,183957,183957,50.316466083150985,0.0,-1836663,-1652706,183957,183957,50.316466083150985,0.0,-2019463,-1835506,183957,183957,50.316466083150985,0.0,-2202263,-2018306
M8_DELAY_12000MS_CONFIRM,1000,-5000,120000,302614,302614,82.77188183807439,0.0,-1587331,-1284717,302614,302614,82.77188183807439,0.0,-1770131,-1467517,302614,302614,82.77188183807439,0.0,-1952931,-1650317,302614,302614,82.77188183807439,0.0,-2135731,-1833117,302614,302614,82.77188183807439,0.0,-2318531,-2015917
M8_DELAY_12000MS_CONFIRM,1000,-3000,30000,31432,31432,8.597374179431073,0.0,-1103907,-1072475,31432,31432,8.597374179431073,0.0,-1286707,-1255275,31432,31432,8.597374179431073,0.0,-1469507,-1438075,31432,31432,8.597374179431073,0.0,-1652307,-1620875,31432,31432,8.597374179431073,0.0,-1835107,-1803675
M8_DELAY_12000MS_CONFIRM,1000,-3000,60000,127303,127303,34.820295404814004,0.0,-1210749,-1083446,127303,127303,34.820295404814004,0.0,-1393549,-1266246,127303,127303,34.820295404814004,0.0,-1576349,-1449046,127303,127303,34.820295404814004,0.0,-1759149,-1631846,127303,127303,34.820295404814004,0.0,-1941949,-1814646
M8_DELAY_12000MS_CONFIRM,1000,-3000,120000,243166,243166,66.51148796498906,0.0,-1325565,-1082399,243166,243166,66.51148796498906,0.0,-1508365,-1265199,243166,243166,66.51148796498906,0.0,-1691165,-1447999,243166,243166,66.51148796498906,0.0,-1873965,-1630799,243166,243166,66.51148796498906,0.0,-2056765,-1813599
M8_DELAY_12000MS_CONFIRM,1000,-2000,30000,17047,17047,4.662746170678337,0.0,-887598,-870551,17047,17047,4.662746170678337,0.0,-1070398,-1053351,17047,17047,4.662746170678337,0.0,-1253198,-1236151,17047,17047,4.662746170678337,0.0,-1435998,-1418951,17047,17047,4.662746170678337,0.0,-1618798,-1601751
M8_DELAY_12000MS_CONFIRM,1000,-2000,60000,98000,98000,26.805251641137854,0.0,-975024,-877024,98000,98000,26.805251641137854,0.0,-1157824,-1059824,98000,98000,26.805251641137854,0.0,-1340624,-1242624,98000,98000,26.805251641137854,0.0,-1523424,-1425424,98000,98000,26.805251641137854,0.0,-1706224,-1608224
M8_DELAY_12000MS_CONFIRM,1000,-2000,120000,191645,191645,52.419310722100654,0.0,-1066538,-874893,191645,191645,52.419310722100654,0.0,-1249338,-1057693,191645,191645,52.419310722100654,0.0,-1432138,-1240493,191645,191645,52.419310722100654,0.0,-1614938,-1423293,191645,191645,52.419310722100654,0.0,-1797738,-1606093
M8_DELAY_12000MS_CONFIRM,1000,-1500,30000,17753,17753,4.855853391684901,0.0,-779901,-762148,17753,17753,4.855853391684901,0.0,-962701,-944948,17753,17753,4.855853391684901,0.0,-1145501,-1127748,17753,17753,4.855853391684901,0.0,-1328301,-1310548,17753,17753,4.855853391684901,0.0,-1511101,-1493348
M8_DELAY_12000MS_CONFIRM,1000,-1500,60000,66755,66755,18.25902625820569,0.0,-833953,-767198,66755,66755,18.25902625820569,0.0,-1016753,-949998,66755,66755,18.25902625820569,0.0,-1199553,-1132798,66755,66755,18.25902625820569,0.0,-1382353,-1315598,66755,66755,18.25902625820569,0.0,-1565153,-1498398
M8_DELAY_12000MS_CONFIRM,1000,-1500,120000,153322,153322,41.9370897155361,0.0,-919272,-765950,153322,153322,41.9370897155361,0.0,-1102072,-948750,153322,153322,41.9370897155361,0.0,-1284872,-1131550,153322,153322,41.9370897155361,0.0,-1467672,-1314350,153322,153322,41.9370897155361,0.0,-1650472,-1497150
M8_DELAY_12000MS_CONFIRM,1000,-1000,30000,12506,12506,3.4206783369803064,0.0,-616262,-603756,12506,12506,3.4206783369803064,0.0,-799062,-786556,12506,12506,3.4206783369803064,0.0,-981862,-969356,12506,12506,3.4206783369803064,0.0,-1164662,-1152156,12506,12506,3.4206783369803064,0.0,-1347462,-1334956
M8_DELAY_12000MS_CONFIRM,1000,-1000,60000,43630,43630,11.933807439824946,0.0,-647358,-603728,43630,43630,11.933807439824946,0.0,-830158,-786528,43630,43630,11.933807439824946,0.0,-1012958,-969328,43630,43630,11.933807439824946,0.0,-1195758,-1152128,43630,43630,11.933807439824946,0.0,-1378558,-1334928
M8_DELAY_12000MS_CONFIRM,1000,-1000,120000,110625,110625,30.258479212253828,0.0,-714068,-603443,110625,110625,30.258479212253828,0.0,-896868,-786243,110625,110625,30.258479212253828,0.0,-1079668,-969043,110625,110625,30.258479212253828,0.0,-1262468,-1151843,110625,110625,30.258479212253828,0.0,-1445268,-1334643
M8_DELAY_12000MS_CONFIRM,1000,-700,30000,5476,5476,1.4978118161925602,0.0,-484713,-479237,5476,5476,1.4978118161925602,0.0,-667513,-662037,5476,5476,1.4978118161925602,0.0,-850313,-844837,5476,5476,1.4978118161925602,0.0,-1033113,-1027637,5476,5476,1.4978118161925602,0.0,-1215913,-1210437
M8_DELAY_12000MS_CONFIRM,1000,-700,60000,21014,21014,5.74781181619256,0.0,-501276,-480262,21014,21014,5.74781181619256,0.0,-684076,-663062,21014,21014,5.74781181619256,0.0,-866876,-845862,21014,21014,5.74781181619256,0.0,-1049676,-1028662,21014,21014,5.74781181619256,0.0,-1232476,-1211462
M8_DELAY_12000MS_CONFIRM,1000,-700,120000,73686,73686,20.154814004376366,0.0,-553948,-480262,73686,73686,20.154814004376366,0.0,-736748,-663062,73686,73686,20.154814004376366,0.0,-919548,-845862,73686,73686,20.154814004376366,0.0,-1102348,-1028662,73686,73686,20.154814004376366,0.0,-1285148,-1211462
M8_DELAY_12000MS_CONFIRM,1000,-500,30000,4607,4607,1.2601203501094091,0.0,-385927,-381320,4607,4607,1.2601203501094091,0.0,-568727,-564120,4607,4607,1.2601203501094091,0.0,-751527,-746920,4607,4607,1.2601203501094091,0.0,-934327,-929720,4607,4607,1.2601203501094091,0.0,-1117127,-1112520
M8_DELAY_12000MS_CONFIRM,1000,-500,60000,8317,8317,2.274890590809628,0.0,-391170,-382853,8317,8317,2.274890590809628,0.0,-573970,-565653,8317,8317,2.274890590809628,0.0,-756770,-748453,8317,8317,2.274890590809628,0.0,-939570,-931253,8317,8317,2.274890590809628,0.0,-1122370,-1114053
M8_DELAY_12000MS_CONFIRM,1000,-500,120000,49028,49028,13.410284463894968,0.0,-431881,-382853,49028,49028,13.410284463894968,0.0,-614681,-565653,49028,49028,13.410284463894968,0.0,-797481,-748453,49028,49028,13.410284463894968,0.0,-980281,-931253,49028,49028,13.410284463894968,0.0,-1163081,-1114053
M8_DELAY_12000MS_CONFIRM,1000,-300,30000,565,565,0.15454048140043763,0.0,-266617,-266052,565,565,0.15454048140043763,0.0,-449417,-448852,565,565,0.15454048140043763,0.0,-632217,-631652,565,565,0.15454048140043763,0.0,-815017,-814452,565,565,0.15454048140043763,0.0,-997817,-997252
M8_DELAY_12000MS_CONFIRM,1000,-300,60000,-6037,-6037,-1.651258205689278,0.0,-262739,-268776,-6037,-6037,-1.651258205689278,0.0,-445539,-451576,-6037,-6037,-1.651258205689278,0.0,-628339,-634376,-6037,-6037,-1.651258205689278,0.0,-811139,-817176,-6037,-6037,-1.651258205689278,0.0,-993939,-999976
M8_DELAY_12000MS_CONFIRM,1000,-300,120000,10084,10084,2.7582056892778994,0.0,-278860,-268776,10084,10084,2.7582056892778994,0.0,-461660,-451576,10084,10084,2.7582056892778994,0.0,-644460,-634376,10084,10084,2.7582056892778994,0.0,-827260,-817176,10084,10084,2.7582056892778994,0.0,-1010060,-999976
M8_DELAY_12000MS_CONFIRM,1000,-200,30000,-3496,-3496,-0.9562363238512035,0.0,-192313,-195809,-3496,-3496,-0.9562363238512035,0.0,-375113,-378609,-3496,-3496,-0.9562363238512035,0.0,-557913,-561409,-3496,-3496,-0.9562363238512035,0.0,-740713,-744209,-3496,-3496,-0.9562363238512035,0.0,-923513,-927009
M8_DELAY_12000MS_CONFIRM,1000,-200,60000,-19527,-19527,-5.341083150984683,0.0,-178101,-197628,-19527,-19527,-5.341083150984683,0.0,-360901,-380428,-19527,-19527,-5.341083150984683,0.0,-543701,-563228,-19527,-19527,-5.341083150984683,0.0,-726501,-746028,-19527,-19527,-5.341083150984683,0.0,-909301,-928828
M8_DELAY_12000MS_CONFIRM,1000,-200,120000,-17011,-17011,-4.652899343544858,0.0,-180617,-197628,-17011,-17011,-4.652899343544858,0.0,-363417,-380428,-17011,-17011,-4.652899343544858,0.0,-546217,-563228,-17011,-17011,-4.652899343544858,0.0,-729017,-746028,-17011,-17011,-4.652899343544858,0.0,-911817,-928828
M8_DELAY_12000MS_CONFIRM,1500,-6000,30000,56859,56859,15.552242888402626,0.0,-1327813,-1270954,56859,56859,15.552242888402626,0.0,-1510613,-1453754,56859,56859,15.552242888402626,0.0,-1693413,-1636554,56859,56859,15.552242888402626,0.0,-1876213,-1819354,56859,56859,15.552242888402626,0.0,-2059013,-2002154
M8_DELAY_12000MS_CONFIRM,1500,-6000,60000,223970,223970,61.260940919037196,0.0,-1515337,-1291367,223970,223970,61.260940919037196,0.0,-1698137,-1474167,223970,223970,61.260940919037196,0.0,-1880937,-1656967,223970,223970,61.260940919037196,0.0,-2063737,-1839767,223970,223970,61.260940919037196,0.0,-2246537,-2022567
M8_DELAY_12000MS_CONFIRM,1500,-6000,120000,372348,372348,101.84573304157549,0.0,-1665000,-1292652,372348,372348,101.84573304157549,0.0,-1847800,-1475452,372348,372348,101.84573304157549,0.0,-2030600,-1658252,372348,372348,101.84573304157549,0.0,-2213400,-1841052,372348,372348,101.84573304157549,0.0,-2396200,-2023852
M8_DELAY_12000MS_CONFIRM,1500,-5000,30000,47798,47798,13.073851203501095,0.0,-1263117,-1215319,47798,47798,13.073851203501095,0.0,-1445917,-1398119,47798,47798,13.073851203501095,0.0,-1628717,-1580919,47798,47798,13.073851203501095,0.0,-1811517,-1763719,47798,47798,13.073851203501095,0.0,-1994317,-1946519
M8_DELAY_12000MS_CONFIRM,1500,-5000,60000,215382,215382,58.911925601750546,0.0,-1450577,-1235195,215382,215382,58.911925601750546,0.0,-1633377,-1417995,215382,215382,58.911925601750546,0.0,-1816177,-1600795,215382,215382,58.911925601750546,0.0,-1998977,-1783595,215382,215382,58.911925601750546,0.0,-2181777,-1966395
M8_DELAY_12000MS_CONFIRM,1500,-5000,120000,362853,362853,99.24863238512035,0.0,-1595103,-1232250,362853,362853,99.24863238512035,0.0,-1777903,-1415050,362853,362853,99.24863238512035,0.0,-1960703,-1597850,362853,362853,99.24863238512035,0.0,-2143503,-1780650,362853,362853,99.24863238512035,0.0,-2326303,-1963450
M8_DELAY_12000MS_CONFIRM,1500,-3000,30000,30032,30032,8.214442013129103,0.0,-1055149,-1025117,30032,30032,8.214442013129103,0.0,-1237949,-1207917,30032,30032,8.214442013129103,0.0,-1420749,-1390717,30032,30032,8.214442013129103,0.0,-1603549,-1573517,30032,30032,8.214442013129103,0.0,-1786349,-1756317
M8_DELAY_12000MS_CONFIRM,1500,-3000,60000,153629,153629,42.02106126914661,0.0,-1182185,-1028556,153629,153629,42.02106126914661,0.0,-1364985,-1211356,153629,153629,42.02106126914661,0.0,-1547785,-1394156,153629,153629,42.02106126914661,0.0,-1730585,-1576956,153629,153629,42.02106126914661,0.0,-1913385,-1759756
M8_DELAY_12000MS_CONFIRM,1500,-3000,120000,279240,279240,76.37855579868709,0.0,-1306193,-1026953,279240,279240,76.37855579868709,0.0,-1488993,-1209753,279240,279240,76.37855579868709,0.0,-1671793,-1392553,279240,279240,76.37855579868709,0.0,-1854593,-1575353,279240,279240,76.37855579868709,0.0,-2037393,-1758153
M8_DELAY_12000MS_CONFIRM,1500,-2000,30000,17689,17689,4.838347921225383,0.0,-839451,-821762,17689,17689,4.838347921225383,0.0,-1022251,-1004562,17689,17689,4.838347921225383,0.0,-1205051,-1187362,17689,17689,4.838347921225383,0.0,-1387851,-1370162,17689,17689,4.838347921225383,0.0,-1570651,-1552962
M8_DELAY_12000MS_CONFIRM,1500,-2000,60000,118114,118114,32.306892778993436,0.0,-944127,-826013,118114,118114,32.306892778993436,0.0,-1126927,-1008813,118114,118114,32.306892778993436,0.0,-1309727,-1191613,118114,118114,32.306892778993436,0.0,-1492527,-1374413,118114,118114,32.306892778993436,0.0,-1675327,-1557213
M8_DELAY_12000MS_CONFIRM,1500,-2000,120000,217287,217287,59.43298687089715,0.0,-1040613,-823326,217287,217287,59.43298687089715,0.0,-1223413,-1006126,217287,217287,59.43298687089715,0.0,-1406213,-1188926,217287,217287,59.43298687089715,0.0,-1589013,-1371726,217287,217287,59.43298687089715,0.0,-1771813,-1554526
M8_DELAY_12000MS_CONFIRM,1500,-1500,30000,18459,18459,5.048960612691466,0.0,-730067,-711608,18459,18459,5.048960612691466,0.0,-912867,-894408,18459,18459,5.048960612691466,0.0,-1095667,-1077208,18459,18459,5.048960612691466,0.0,-1278467,-1260008,18459,18459,5.048960612691466,0.0,-1461267,-1442808
M8_DELAY_12000MS_CONFIRM,1500,-1500,60000,70114,70114,19.177789934354486,0.0,-784400,-714286,70114,70114,19.177789934354486,0.0,-967200,-897086,70114,70114,19.177789934354486,0.0,-1150000,-1079886,70114,70114,19.177789934354486,0.0,-1332800,-1262686,70114,70114,19.177789934354486,0.0,-1515600,-1445486
M8_DELAY_12000MS_CONFIRM,1500,-1500,120000,160114,160114,43.794857768052516,0.0,-872596,-712482,160114,160114,43.794857768052516,0.0,-1055396,-895282,160114,160114,43.794857768052516,0.0,-1238196,-1078082,160114,160114,43.794857768052516,0.0,-1420996,-1260882,160114,160114,43.794857768052516,0.0,-1603796,-1443682
M8_DELAY_12000MS_CONFIRM,1500,-1000,30000,12100,12100,3.3096280087527354,0.0,-561170,-549070,12100,12100,3.3096280087527354,0.0,-743970,-731870,12100,12100,3.3096280087527354,0.0,-926770,-914670,12100,12100,3.3096280087527354,0.0,-1109570,-1097470,12100,12100,3.3096280087527354,0.0,-1292370,-1280270
M8_DELAY_12000MS_CONFIRM,1500,-1000,60000,43940,43940,12.018599562363239,0.0,-592649,-548709,43940,43940,12.018599562363239,0.0,-775449,-731509,43940,43940,12.018599562363239,0.0,-958249,-914309,43940,43940,12.018599562363239,0.0,-1141049,-1097109,43940,43940,12.018599562363239,0.0,-1323849,-1279909
M8_DELAY_12000MS_CONFIRM,1500,-1000,120000,115940,115940,31.712253829321664,0.0,-664308,-548368,115940,115940,31.712253829321664,0.0,-847108,-731168,115940,115940,31.712253829321664,0.0,-1029908,-913968,115940,115940,31.712253829321664,0.0,-1212708,-1096768,115940,115940,31.712253829321664,0.0,-1395508,-1279568
M8_DELAY_12000MS_CONFIRM,1500,-700,30000,5609,5609,1.5341903719912473,0.0,-432610,-427001,5609,5609,1.5341903719912473,0.0,-615410,-609801,5609,5609,1.5341903719912473,0.0,-798210,-792601,5609,5609,1.5341903719912473,0.0,-981010,-975401,5609,5609,1.5341903719912473,0.0,-1163810,-1158201
M8_DELAY_12000MS_CONFIRM,1500,-700,60000,26174,26174,7.159190371991247,0.0,-454067,-427893,26174,26174,7.159190371991247,0.0,-636867,-610693,26174,26174,7.159190371991247,0.0,-819667,-793493,26174,26174,7.159190371991247,0.0,-1002467,-976293,26174,26174,7.159190371991247,0.0,-1185267,-1159093
M8_DELAY_12000MS_CONFIRM,1500,-700,120000,82832,82832,22.65645514223195,0.0,-509859,-427027,82832,82832,22.65645514223195,0.0,-692659,-609827,82832,82832,22.65645514223195,0.0,-875459,-792627,82832,82832,22.65645514223195,0.0,-1058259,-975427,82832,82832,22.65645514223195,0.0,-1241059,-1158227
M8_DELAY_12000MS_CONFIRM,1500,-500,30000,3689,3689,1.0090262582056893,0.0,-334140,-330451,3689,3689,1.0090262582056893,0.0,-516940,-513251,3689,3689,1.0090262582056893,0.0,-699740,-696051,3689,3689,1.0090262582056893,0.0,-882540,-878851,3689,3689,1.0090262582056893,0.0,-1065340,-1061651
M8_DELAY_12000MS_CONFIRM,1500,-500,60000,12559,12559,3.435175054704595,0.0,-347571,-335012,12559,12559,3.435175054704595,0.0,-530371,-517812,12559,12559,3.435175054704595,0.0,-713171,-700612,12559,12559,3.435175054704595,0.0,-895971,-883412,12559,12559,3.435175054704595,0.0,-1078771,-1066212
M8_DELAY_12000MS_CONFIRM,1500,-500,120000,54684,54684,14.957330415754923,0.0,-389696,-335012,54684,54684,14.957330415754923,0.0,-572496,-517812,54684,54684,14.957330415754923,0.0,-755296,-700612,54684,54684,14.957330415754923,0.0,-938096,-883412,54684,54684,14.957330415754923,0.0,-1120896,-1066212
M8_DELAY_12000MS_CONFIRM,1500,-300,30000,-1414,-1414,-0.38676148796498905,0.0,-214017,-215431,-1414,-1414,-0.38676148796498905,0.0,-396817,-398231,-1414,-1414,-0.38676148796498905,0.0,-579617,-581031,-1414,-1414,-0.38676148796498905,0.0,-762417,-763831,-1414,-1414,-0.38676148796498905,0.0,-945217,-946631
M8_DELAY_12000MS_CONFIRM,1500,-300,60000,-1668,-1668,-0.4562363238512035,0.0,-221025,-222693,-1668,-1668,-0.4562363238512035,0.0,-403825,-405493,-1668,-1668,-0.4562363238512035,0.0,-586625,-588293,-1668,-1668,-0.4562363238512035,0.0,-769425,-771093,-1668,-1668,-0.4562363238512035,0.0,-952225,-953893
M8_DELAY_12000MS_CONFIRM,1500,-300,120000,18195,18195,4.976750547045952,0.0,-240888,-222693,18195,18195,4.976750547045952,0.0,-423688,-405493,18195,18195,4.976750547045952,0.0,-606488,-588293,18195,18195,4.976750547045952,0.0,-789288,-771093,18195,18195,4.976750547045952,0.0,-972088,-953893
M8_DELAY_12000MS_CONFIRM,1500,-200,30000,-5402,-5402,-1.4775711159737417,0.0,-139295,-144697,-5402,-5402,-1.4775711159737417,0.0,-322095,-327497,-5402,-5402,-1.4775711159737417,0.0,-504895,-510297,-5402,-5402,-1.4775711159737417,0.0,-687695,-693097,-5402,-5402,-1.4775711159737417,0.0,-870495,-875897
M8_DELAY_12000MS_CONFIRM,1500,-200,60000,-16420,-16420,-4.491247264770241,0.0,-133847,-150267,-16420,-16420,-4.491247264770241,0.0,-316647,-333067,-16420,-16420,-4.491247264770241,0.0,-499447,-515867,-16420,-16420,-4.491247264770241,0.0,-682247,-698667,-16420,-16420,-4.491247264770241,0.0,-865047,-881467
M8_DELAY_12000MS_CONFIRM,1500,-200,120000,-11417,-11417,-3.12281181619256,0.0,-138850,-150267,-11417,-11417,-3.12281181619256,0.0,-321650,-333067,-11417,-11417,-3.12281181619256,0.0,-504450,-515867,-11417,-11417,-3.12281181619256,0.0,-687250,-698667,-11417,-11417,-3.12281181619256,0.0,-870050,-881467
M8_DELAY_12000MS_CONFIRM,2000,-6000,30000,53457,53457,14.62171772428884,0.0,-1315991,-1262534,53457,53457,14.62171772428884,0.0,-1498791,-1445334,53457,53457,14.62171772428884,0.0,-1681591,-1628134,53457,53457,14.62171772428884,0.0,-1864391,-1810934,53457,53457,14.62171772428884,0.0,-2047191,-1993734
M8_DELAY_12000MS_CONFIRM,2000,-6000,60000,229190,229190,62.68873085339168,0.0,-1508631,-1279441,229190,229190,62.68873085339168,0.0,-1691431,-1462241,229190,229190,62.68873085339168,0.0,-1874231,-1645041,229190,229190,62.68873085339168,0.0,-2057031,-1827841,229190,229190,62.68873085339168,0.0,-2239831,-2010641
M8_DELAY_12000MS_CONFIRM,2000,-6000,120000,372470,372470,101.87910284463895,0.0,-1657547,-1285077,372470,372470,101.87910284463895,0.0,-1840347,-1467877,372470,372470,101.87910284463895,0.0,-2023147,-1650677,372470,372470,101.87910284463895,0.0,-2205947,-1833477,372470,372470,101.87910284463895,0.0,-2388747,-2016277
M8_DELAY_12000MS_CONFIRM,2000,-5000,30000,43396,43396,11.869803063457331,0.0,-1248953,-1205557,43396,43396,11.869803063457331,0.0,-1431753,-1388357,43396,43396,11.869803063457331,0.0,-1614553,-1571157,43396,43396,11.869803063457331,0.0,-1797353,-1753957,43396,43396,11.869803063457331,0.0,-1980153,-1936757
M8_DELAY_12000MS_CONFIRM,2000,-5000,60000,220260,220260,60.24617067833698,0.0,-1442687,-1222427,220260,220260,60.24617067833698,0.0,-1625487,-1405227,220260,220260,60.24617067833698,0.0,-1808287,-1588027,220260,220260,60.24617067833698,0.0,-1991087,-1770827,220260,220260,60.24617067833698,0.0,-2173887,-1953627
M8_DELAY_12000MS_CONFIRM,2000,-5000,120000,362438,362438,99.1351203501094,0.0,-1585271,-1222833,362438,362438,99.1351203501094,0.0,-1768071,-1405633,362438,362438,99.1351203501094,0.0,-1950871,-1588433,362438,362438,99.1351203501094,0.0,-2133671,-1771233,362438,362438,99.1351203501094,0.0,-2316471,-1954033
M8_DELAY_12000MS_CONFIRM,2000,-3000,30000,25191,25191,6.8903172866520785,0.0,-1035535,-1010344,25191,25191,6.8903172866520785,0.0,-1218335,-1193144,25191,25191,6.8903172866520785,0.0,-1401135,-1375944,25191,25191,6.8903172866520785,0.0,-1583935,-1558744,25191,25191,6.8903172866520785,0.0,-1766735,-1741544
M8_DELAY_12000MS_CONFIRM,2000,-3000,60000,141356,141356,38.66411378555799,0.0,-1152357,-1011001,141356,141356,38.66411378555799,0.0,-1335157,-1193801,141356,141356,38.66411378555799,0.0,-1517957,-1376601,141356,141356,38.66411378555799,0.0,-1700757,-1559401,141356,141356,38.66411378555799,0.0,-1883557,-1742201
M8_DELAY_12000MS_CONFIRM,2000,-3000,120000,266273,266273,72.83178336980306,0.0,-1277022,-1010749,266273,266273,72.83178336980306,0.0,-1459822,-1193549,266273,266273,72.83178336980306,0.0,-1642622,-1376349,266273,266273,72.83178336980306,0.0,-1825422,-1559149,266273,266273,72.83178336980306,0.0,-2008222,-1741949
M8_DELAY_12000MS_CONFIRM,2000,-2000,30000,10747,10747,2.9395514223194747,0.0,-811235,-800488,10747,10747,2.9395514223194747,0.0,-994035,-983288,10747,10747,2.9395514223194747,0.0,-1176835,-1166088,10747,10747,2.9395514223194747,0.0,-1359635,-1348888,10747,10747,2.9395514223194747,0.0,-1542435,-1531688
M8_DELAY_12000MS_CONFIRM,2000,-2000,60000,103700,103700,28.36433260393873,0.0,-909382,-805682,103700,103700,28.36433260393873,0.0,-1092182,-988482,103700,103700,28.36433260393873,0.0,-1274982,-1171282,103700,103700,28.36433260393873,0.0,-1457782,-1354082,103700,103700,28.36433260393873,0.0,-1640582,-1536882
M8_DELAY_12000MS_CONFIRM,2000,-2000,120000,199409,199409,54.54294310722101,0.0,-1002911,-803502,199409,199409,54.54294310722101,0.0,-1185711,-986302,199409,199409,54.54294310722101,0.0,-1368511,-1169102,199409,199409,54.54294310722101,0.0,-1551311,-1351902,199409,199409,54.54294310722101,0.0,-1734111,-1534702
M8_DELAY_12000MS_CONFIRM,2000,-1500,30000,12007,12007,3.2841903719912473,0.0,-707572,-695565,12007,12007,3.2841903719912473,0.0,-890372,-878365,12007,12007,3.2841903719912473,0.0,-1073172,-1061165,12007,12007,3.2841903719912473,0.0,-1255972,-1243965,12007,12007,3.2841903719912473,0.0,-1438772,-1426765
M8_DELAY_12000MS_CONFIRM,2000,-1500,60000,57225,57225,15.652352297592998,0.0,-752564,-695339,57225,57225,15.652352297592998,0.0,-935364,-878139,57225,57225,15.652352297592998,0.0,-1118164,-1060939,57225,57225,15.652352297592998,0.0,-1300964,-1243739,57225,57225,15.652352297592998,0.0,-1483764,-1426539
M8_DELAY_12000MS_CONFIRM,2000,-1500,120000,144610,144610,39.554157549234134,0.0,-838758,-694148,144610,144610,39.554157549234134,0.0,-1021558,-876948,144610,144610,39.554157549234134,0.0,-1204358,-1059748,144610,144610,39.554157549234134,0.0,-1387158,-1242548,144610,144610,39.554157549234134,0.0,-1569958,-1425348
M8_DELAY_12000MS_CONFIRM,2000,-1000,30000,5466,5466,1.4950765864332605,0.0,-541676,-536210,5466,5466,1.4950765864332605,0.0,-724476,-719010,5466,5466,1.4950765864332605,0.0,-907276,-901810,5466,5466,1.4950765864332605,0.0,-1090076,-1084610,5466,5466,1.4950765864332605,0.0,-1272876,-1267410
M8_DELAY_12000MS_CONFIRM,2000,-1000,60000,33234,33234,9.090262582056893,0.0,-567155,-533921,33234,33234,9.090262582056893,0.0,-749955,-716721,33234,33234,9.090262582056893,0.0,-932755,-899521,33234,33234,9.090262582056893,0.0,-1115555,-1082321,33234,33234,9.090262582056893,0.0,-1298355,-1265121
M8_DELAY_12000MS_CONFIRM,2000,-1000,120000,97195,97195,26.585065645514224,0.0,-631888,-534693,97195,97195,26.585065645514224,0.0,-814688,-717493,97195,97195,26.585065645514224,0.0,-997488,-900293,97195,97195,26.585065645514224,0.0,-1180288,-1083093,97195,97195,26.585065645514224,0.0,-1363088,-1265893
M8_DELAY_12000MS_CONFIRM,2000,-700,30000,87,87,0.023796498905908098,0.0,-411307,-411220,87,87,0.023796498905908098,0.0,-594107,-594020,87,87,0.023796498905908098,0.0,-776907,-776820,87,87,0.023796498905908098,0.0,-959707,-959620,87,87,0.023796498905908098,0.0,-1142507,-1142420
M8_DELAY_12000MS_CONFIRM,2000,-700,60000,18530,18530,5.068380743982495,0.0,-426540,-408010,18530,18530,5.068380743982495,0.0,-609340,-590810,18530,18530,5.068380743982495,0.0,-792140,-773610,18530,18530,5.068380743982495,0.0,-974940,-956410,18530,18530,5.068380743982495,0.0,-1157740,-1139210
M8_DELAY_12000MS_CONFIRM,2000,-700,120000,70335,70335,19.23823851203501,0.0,-478592,-408257,70335,70335,19.23823851203501,0.0,-661392,-591057,70335,70335,19.23823851203501,0.0,-844192,-773857,70335,70335,19.23823851203501,0.0,-1026992,-956657,70335,70335,19.23823851203501,0.0,-1209792,-1139457
M8_DELAY_12000MS_CONFIRM,2000,-500,30000,-733,-733,-0.20049234135667396,0.0,-313810,-314543,-733,-733,-0.20049234135667396,0.0,-496610,-497343,-733,-733,-0.20049234135667396,0.0,-679410,-680143,-733,-733,-0.20049234135667396,0.0,-862210,-862943,-733,-733,-0.20049234135667396,0.0,-1045010,-1045743
M8_DELAY_12000MS_CONFIRM,2000,-500,60000,5611,5611,1.5347374179431073,0.0,-321327,-315716,5611,5611,1.5347374179431073,0.0,-504127,-498516,5611,5611,1.5347374179431073,0.0,-686927,-681316,5611,5611,1.5347374179431073,0.0,-869727,-864116,5611,5611,1.5347374179431073,0.0,-1052527,-1046916
M8_DELAY_12000MS_CONFIRM,2000,-500,120000,44670,44670,12.218271334792123,0.0,-364499,-319829,44670,44670,12.218271334792123,0.0,-547299,-502629,44670,44670,12.218271334792123,0.0,-730099,-685429,44670,44670,12.218271334792123,0.0,-912899,-868229,44670,44670,12.218271334792123,0.0,-1095699,-1051029
M8_DELAY_12000MS_CONFIRM,2000,-300,30000,-5277,-5277,-1.4433807439824946,0.0,-192259,-197536,-5277,-5277,-1.4433807439824946,0.0,-375059,-380336,-5277,-5277,-1.4433807439824946,0.0,-557859,-563136,-5277,-5277,-1.4433807439824946,0.0,-740659,-745936,-5277,-5277,-1.4433807439824946,0.0,-923459,-928736
M8_DELAY_12000MS_CONFIRM,2000,-300,60000,-6448,-6448,-1.763676148796499,0.0,-196251,-202699,-6448,-6448,-1.763676148796499,0.0,-379051,-385499,-6448,-6448,-1.763676148796499,0.0,-561851,-568299,-6448,-6448,-1.763676148796499,0.0,-744651,-751099,-6448,-6448,-1.763676148796499,0.0,-927451,-933899
M8_DELAY_12000MS_CONFIRM,2000,-300,120000,7810,7810,2.136214442013129,0.0,-210509,-202699,7810,7810,2.136214442013129,0.0,-393309,-385499,7810,7810,2.136214442013129,0.0,-576109,-568299,7810,7810,2.136214442013129,0.0,-758909,-751099,7810,7810,2.136214442013129,0.0,-941709,-933899
M8_DELAY_12000MS_CONFIRM,2000,-200,30000,-9465,-9465,-2.588894967177243,0.0,-114574,-124039,-9465,-9465,-2.588894967177243,0.0,-297374,-306839,-9465,-9465,-2.588894967177243,0.0,-480174,-489639,-9465,-9465,-2.588894967177243,0.0,-662974,-672439,-9465,-9465,-2.588894967177243,0.0,-845774,-855239
M8_DELAY_12000MS_CONFIRM,2000,-200,60000,-21620,-21620,-5.913566739606127,0.0,-106653,-128273,-21620,-21620,-5.913566739606127,0.0,-289453,-311073,-21620,-21620,-5.913566739606127,0.0,-472253,-493873,-21620,-21620,-5.913566739606127,0.0,-655053,-676673,-21620,-21620,-5.913566739606127,0.0,-837853,-859473
M8_DELAY_12000MS_CONFIRM,2000,-200,120000,-22127,-22127,-6.052242888402626,0.0,-106146,-128273,-22127,-22127,-6.052242888402626,0.0,-288946,-311073,-22127,-22127,-6.052242888402626,0.0,-471746,-493873,-22127,-22127,-6.052242888402626,0.0,-654546,-676673,-22127,-22127,-6.052242888402626,0.0,-837346,-859473
M8_DELAY_12000MS_CONFIRM,3000,-6000,30000,54523,54523,14.913293216630198,0.0,-1268097,-1213574,54523,54523,14.913293216630198,0.0,-1450897,-1396374,54523,54523,14.913293216630198,0.0,-1633697,-1579174,54523,54523,14.913293216630198,0.0,-1816497,-1761974,54523,54523,14.913293216630198,0.0,-1999297,-1944774
M8_DELAY_12000MS_CONFIRM,3000,-6000,60000,254505,254505,69.61296498905908,0.0,-1493400,-1238895,254505,254505,69.61296498905908,0.0,-1676200,-1421695,254505,254505,69.61296498905908,0.0,-1859000,-1604495,254505,254505,69.61296498905908,0.0,-2041800,-1787295,254505,254505,69.61296498905908,0.0,-2224600,-1970095
M8_DELAY_12000MS_CONFIRM,3000,-6000,120000,411279,411279,112.49425601750546,0.0,-1661981,-1250702,411279,411279,112.49425601750546,0.0,-1844781,-1433502,411279,411279,112.49425601750546,0.0,-2027581,-1616302,411279,411279,112.49425601750546,0.0,-2210381,-1799102,411279,411279,112.49425601750546,0.0,-2393181,-1981902
M8_DELAY_12000MS_CONFIRM,3000,-5000,30000,43462,43462,11.88785557986871,0.0,-1198179,-1154717,43462,43462,11.88785557986871,0.0,-1380979,-1337517,43462,43462,11.88785557986871,0.0,-1563779,-1520317,43462,43462,11.88785557986871,0.0,-1746579,-1703117,43462,43462,11.88785557986871,0.0,-1929379,-1885917
M8_DELAY_12000MS_CONFIRM,3000,-5000,60000,239859,239859,65.60694748358863,0.0,-1419829,-1179970,239859,239859,65.60694748358863,0.0,-1602629,-1362770,239859,239859,65.60694748358863,0.0,-1785429,-1545570,239859,239859,65.60694748358863,0.0,-1968229,-1728370,239859,239859,65.60694748358863,0.0,-2151029,-1911170
M8_DELAY_12000MS_CONFIRM,3000,-5000,120000,394573,394573,107.92478118161925,0.0,-1581120,-1186547,394573,394573,107.92478118161925,0.0,-1763920,-1369347,394573,394573,107.92478118161925,0.0,-1946720,-1552147,394573,394573,107.92478118161925,0.0,-2129520,-1734947,394573,394573,107.92478118161925,0.0,-2312320,-1917747
M8_DELAY_12000MS_CONFIRM,3000,-3000,30000,24024,24024,6.571115973741795,0.0,-994418,-970394,24024,24024,6.571115973741795,0.0,-1177218,-1153194,24024,24024,6.571115973741795,0.0,-1360018,-1335994,24024,24024,6.571115973741795,0.0,-1542818,-1518794,24024,24024,6.571115973741795,0.0,-1725618,-1701594
M8_DELAY_12000MS_CONFIRM,3000,-3000,60000,152645,152645,41.75191466083151,0.0,-1126824,-974179,152645,152645,41.75191466083151,0.0,-1309624,-1156979,152645,152645,41.75191466083151,0.0,-1492424,-1339779,152645,152645,41.75191466083151,0.0,-1675224,-1522579,152645,152645,41.75191466083151,0.0,-1858024,-1705379
M8_DELAY_12000MS_CONFIRM,3000,-3000,120000,289488,289488,79.18161925601751,0.0,-1269441,-979953,289488,289488,79.18161925601751,0.0,-1452241,-1162753,289488,289488,79.18161925601751,0.0,-1635041,-1345553,289488,289488,79.18161925601751,0.0,-1817841,-1528353,289488,289488,79.18161925601751,0.0,-2000641,-1711153
M8_DELAY_12000MS_CONFIRM,3000,-2000,30000,8985,8985,2.4576039387308533,0.0,-768523,-759538,8985,8985,2.4576039387308533,0.0,-951323,-942338,8985,8985,2.4576039387308533,0.0,-1134123,-1125138,8985,8985,2.4576039387308533,0.0,-1316923,-1307938,8985,8985,2.4576039387308533,0.0,-1499723,-1490738
M8_DELAY_12000MS_CONFIRM,3000,-2000,60000,112922,112922,30.88676148796499,0.0,-878119,-765197,112922,112922,30.88676148796499,0.0,-1060919,-947997,112922,112922,30.88676148796499,0.0,-1243719,-1130797,112922,112922,30.88676148796499,0.0,-1426519,-1313597,112922,112922,30.88676148796499,0.0,-1609319,-1496397
M8_DELAY_12000MS_CONFIRM,3000,-2000,120000,220920,220920,60.42669584245077,0.0,-985684,-764764,220920,220920,60.42669584245077,0.0,-1168484,-947564,220920,220920,60.42669584245077,0.0,-1351284,-1130364,220920,220920,60.42669584245077,0.0,-1534084,-1313164,220920,220920,60.42669584245077,0.0,-1716884,-1495964
M8_DELAY_12000MS_CONFIRM,3000,-1500,30000,1690,1690,0.46225382932166303,0.0,-661612,-659922,1690,1690,0.46225382932166303,0.0,-844412,-842722,1690,1690,0.46225382932166303,0.0,-1027212,-1025522,1690,1690,0.46225382932166303,0.0,-1210012,-1208322,1690,1690,0.46225382932166303,0.0,-1392812,-1391122
M8_DELAY_12000MS_CONFIRM,3000,-1500,60000,53661,53661,14.677516411378555,0.0,-714857,-661196,53661,53661,14.677516411378555,0.0,-897657,-843996,53661,53661,14.677516411378555,0.0,-1080457,-1026796,53661,53661,14.677516411378555,0.0,-1263257,-1209596,53661,53661,14.677516411378555,0.0,-1446057,-1392396
M8_DELAY_12000MS_CONFIRM,3000,-1500,120000,159013,159013,43.49370897155361,0.0,-820490,-661477,159013,159013,43.49370897155361,0.0,-1003290,-844277,159013,159013,43.49370897155361,0.0,-1186090,-1027077,159013,159013,43.49370897155361,0.0,-1368890,-1209877,159013,159013,43.49370897155361,0.0,-1551690,-1392677
M8_DELAY_12000MS_CONFIRM,3000,-1000,30000,-2759,-2759,-0.7546498905908097,0.0,-493618,-496377,-2759,-2759,-0.7546498905908097,0.0,-676418,-679177,-2759,-2759,-0.7546498905908097,0.0,-859218,-861977,-2759,-2759,-0.7546498905908097,0.0,-1042018,-1044777,-2759,-2759,-0.7546498905908097,0.0,-1224818,-1227577
M8_DELAY_12000MS_CONFIRM,3000,-1000,60000,30983,30983,8.474562363238512,0.0,-525369,-494386,30983,30983,8.474562363238512,0.0,-708169,-677186,30983,30983,8.474562363238512,0.0,-890969,-859986,30983,30983,8.474562363238512,0.0,-1073769,-1042786,30983,30983,8.474562363238512,0.0,-1256569,-1225586
M8_DELAY_12000MS_CONFIRM,3000,-1000,120000,111983,111983,30.62992341356674,0.0,-609845,-497862,111983,111983,30.62992341356674,0.0,-792645,-680662,111983,111983,30.62992341356674,0.0,-975445,-863462,111983,111983,30.62992341356674,0.0,-1158245,-1046262,111983,111983,30.62992341356674,0.0,-1341045,-1229062
M8_DELAY_12000MS_CONFIRM,3000,-700,30000,-7138,-7138,-1.9524070021881839,0.0,-364099,-371237,-7138,-7138,-1.9524070021881839,0.0,-546899,-554037,-7138,-7138,-1.9524070021881839,0.0,-729699,-736837,-7138,-7138,-1.9524070021881839,0.0,-912499,-919637,-7138,-7138,-1.9524070021881839,0.0,-1095299,-1102437
M8_DELAY_12000MS_CONFIRM,3000,-700,60000,16960,16960,4.638949671772429,0.0,-384284,-367324,16960,16960,4.638949671772429,0.0,-567084,-550124,16960,16960,4.638949671772429,0.0,-749884,-732924,16960,16960,4.638949671772429,0.0,-932684,-915724,16960,16960,4.638949671772429,0.0,-1115484,-1098524
M8_DELAY_12000MS_CONFIRM,3000,-700,120000,76579,76579,20.946115973741794,0.0,-444685,-368106,76579,76579,20.946115973741794,0.0,-627485,-550906,76579,76579,20.946115973741794,0.0,-810285,-733706,76579,76579,20.946115973741794,0.0,-993085,-916506,76579,76579,20.946115973741794,0.0,-1175885,-1099306
M8_DELAY_12000MS_CONFIRM,3000,-500,30000,-8667,-8667,-2.3706236323851204,0.0,-267119,-275786,-8667,-8667,-2.3706236323851204,0.0,-449919,-458586,-8667,-8667,-2.3706236323851204,0.0,-632719,-641386,-8667,-8667,-2.3706236323851204,0.0,-815519,-824186,-8667,-8667,-2.3706236323851204,0.0,-998319,-1006986
M8_DELAY_12000MS_CONFIRM,3000,-500,60000,1086,1086,0.29704595185995625,0.0,-275973,-274887,1086,1086,0.29704595185995625,0.0,-458773,-457687,1086,1086,0.29704595185995625,0.0,-641573,-640487,1086,1086,0.29704595185995625,0.0,-824373,-823287,1086,1086,0.29704595185995625,0.0,-1007173,-1006087
M8_DELAY_12000MS_CONFIRM,3000,-500,120000,47782,47782,13.069474835886215,0.0,-327520,-279738,47782,47782,13.069474835886215,0.0,-510320,-462538,47782,47782,13.069474835886215,0.0,-693120,-645338,47782,47782,13.069474835886215,0.0,-875920,-828138,47782,47782,13.069474835886215,0.0,-1058720,-1010938
M8_DELAY_12000MS_CONFIRM,3000,-300,30000,-12279,-12279,-3.358588621444201,0.0,-149122,-161401,-12279,-12279,-3.358588621444201,0.0,-331922,-344201,-12279,-12279,-3.358588621444201,0.0,-514722,-527001,-12279,-12279,-3.358588621444201,0.0,-697522,-709801,-12279,-12279,-3.358588621444201,0.0,-880322,-892601
M8_DELAY_12000MS_CONFIRM,3000,-300,60000,-12709,-12709,-3.476203501094092,0.0,-151231,-163940,-12709,-12709,-3.476203501094092,0.0,-334031,-346740,-12709,-12709,-3.476203501094092,0.0,-516831,-529540,-12709,-12709,-3.476203501094092,0.0,-699631,-712340,-12709,-12709,-3.476203501094092,0.0,-882431,-895140
M8_DELAY_12000MS_CONFIRM,3000,-300,120000,3152,3152,0.862144420131291,0.0,-167530,-164378,3152,3152,0.862144420131291,0.0,-350330,-347178,3152,3152,0.862144420131291,0.0,-533130,-529978,3152,3152,0.862144420131291,0.0,-715930,-712778,3152,3152,0.862144420131291,0.0,-898730,-895578
M8_DELAY_12000MS_CONFIRM,3000,-200,30000,-15321,-15321,-4.190645514223195,0.0,-71437,-86758,-15321,-15321,-4.190645514223195,0.0,-254237,-269558,-15321,-15321,-4.190645514223195,0.0,-437037,-452358,-15321,-15321,-4.190645514223195,0.0,-619837,-635158,-15321,-15321,-4.190645514223195,0.0,-802637,-817958
M8_DELAY_12000MS_CONFIRM,3000,-200,60000,-26635,-26635,-7.285284463894967,0.0,-66112,-92747,-26635,-26635,-7.285284463894967,0.0,-248912,-275547,-26635,-26635,-7.285284463894967,0.0,-431712,-458347,-26635,-26635,-7.285284463894967,0.0,-614512,-641147,-26635,-26635,-7.285284463894967,0.0,-797312,-823947
M8_DELAY_12000MS_CONFIRM,3000,-200,120000,-26607,-26607,-7.277625820568928,0.0,-66140,-92747,-26607,-26607,-7.277625820568928,0.0,-248940,-275547,-26607,-26607,-7.277625820568928,0.0,-431740,-458347,-26607,-26607,-7.277625820568928,0.0,-614540,-641147,-26607,-26607,-7.277625820568928,0.0,-797340,-823947
M8_DELAY_12000MS_CONFIRM,5000,-6000,30000,59392,59392,16.24507658643326,0.0,-1223501,-1164109,59392,59392,16.24507658643326,0.0,-1406301,-1346909,59392,59392,16.24507658643326,0.0,-1589101,-1529709,59392,59392,16.24507658643326,0.0,-1771901,-1712509,59392,59392,16.24507658643326,0.0,-1954701,-1895309
M8_DELAY_12000MS_CONFIRM,5000,-6000,60000,248551,248551,67.98440919037199,0.0,-1471773,-1223222,248551,248551,67.98440919037199,0.0,-1654573,-1406022,248551,248551,67.98440919037199,0.0,-1837373,-1588822,248551,248551,67.98440919037199,0.0,-2020173,-1771622,248551,248551,67.98440919037199,0.0,-2202973,-1954422
M8_DELAY_12000MS_CONFIRM,5000,-6000,120000,369337,369337,101.02215536105032,0.0,-1620038,-1250701,369337,369337,101.02215536105032,0.0,-1802838,-1433501,369337,369337,101.02215536105032,0.0,-1985638,-1616301,369337,369337,101.02215536105032,0.0,-2168438,-1799101,369337,369337,101.02215536105032,0.0,-2351238,-1981901
M8_DELAY_12000MS_CONFIRM,5000,-5000,30000,47672,47672,13.039387308533916,0.0,-1155634,-1107962,47672,47672,13.039387308533916,0.0,-1338434,-1290762,47672,47672,13.039387308533916,0.0,-1521234,-1473562,47672,47672,13.039387308533916,0.0,-1704034,-1656362,47672,47672,13.039387308533916,0.0,-1886834,-1839162
M8_DELAY_12000MS_CONFIRM,5000,-5000,60000,236075,236075,64.57193654266959,0.0,-1401082,-1165007,236075,236075,64.57193654266959,0.0,-1583882,-1347807,236075,236075,64.57193654266959,0.0,-1766682,-1530607,236075,236075,64.57193654266959,0.0,-1949482,-1713407,236075,236075,64.57193654266959,0.0,-2132282,-1896207
M8_DELAY_12000MS_CONFIRM,5000,-5000,120000,356900,356900,97.62035010940919,0.0,-1543665,-1186765,356900,356900,97.62035010940919,0.0,-1726465,-1369565,356900,356900,97.62035010940919,0.0,-1909265,-1552365,356900,356900,97.62035010940919,0.0,-2092065,-1735165,356900,356900,97.62035010940919,0.0,-2274865,-1917965
M8_DELAY_12000MS_CONFIRM,5000,-3000,30000,27857,27857,7.6195295404814,0.0,-958730,-930873,27857,27857,7.6195295404814,0.0,-1141530,-1113673,27857,27857,7.6195295404814,0.0,-1324330,-1296473,27857,27857,7.6195295404814,0.0,-1507130,-1479273,27857,27857,7.6195295404814,0.0,-1689930,-1662073
M8_DELAY_12000MS_CONFIRM,5000,-3000,60000,135921,135921,37.177516411378555,0.0,-1099372,-963451,135921,135921,37.177516411378555,0.0,-1282172,-1146251,135921,135921,37.177516411378555,0.0,-1464972,-1329051,135921,135921,37.177516411378555,0.0,-1647772,-1511851,135921,135921,37.177516411378555,0.0,-1830572,-1694651
M8_DELAY_12000MS_CONFIRM,5000,-3000,120000,236067,236067,64.56974835886214,0.0,-1215811,-979744,236067,236067,64.56974835886214,0.0,-1398611,-1162544,236067,236067,64.56974835886214,0.0,-1581411,-1345344,236067,236067,64.56974835886214,0.0,-1764211,-1528144,236067,236067,64.56974835886214,0.0,-1947011,-1710944
M8_DELAY_12000MS_CONFIRM,5000,-2000,30000,8105,8105,2.2169037199124726,0.0,-726030,-717925,8105,8105,2.2169037199124726,0.0,-908830,-900725,8105,8105,2.2169037199124726,0.0,-1091630,-1083525,8105,8105,2.2169037199124726,0.0,-1274430,-1266325,8105,8105,2.2169037199124726,0.0,-1457230,-1449125
M8_DELAY_12000MS_CONFIRM,5000,-2000,60000,93510,93510,25.577133479212254,0.0,-842604,-749094,93510,93510,25.577133479212254,0.0,-1025404,-931894,93510,93510,25.577133479212254,0.0,-1208204,-1114694,93510,93510,25.577133479212254,0.0,-1391004,-1297494,93510,93510,25.577133479212254,0.0,-1573804,-1480294
M8_DELAY_12000MS_CONFIRM,5000,-2000,120000,183033,183033,50.06373085339168,0.0,-939442,-756409,183033,183033,50.06373085339168,0.0,-1122242,-939209,183033,183033,50.06373085339168,0.0,-1305042,-1122009,183033,183033,50.06373085339168,0.0,-1487842,-1304809,183033,183033,50.06373085339168,0.0,-1670642,-1487609
M8_DELAY_12000MS_CONFIRM,5000,-1500,30000,-3991,-3991,-1.0916301969365427,0.0,-615504,-619495,-3991,-3991,-1.0916301969365427,0.0,-798304,-802295,-3991,-3991,-1.0916301969365427,0.0,-981104,-985095,-3991,-3991,-1.0916301969365427,0.0,-1163904,-1167895,-3991,-3991,-1.0916301969365427,0.0,-1346704,-1350695
M8_DELAY_12000MS_CONFIRM,5000,-1500,60000,39166,39166,10.712800875273523,0.0,-677512,-638346,39166,39166,10.712800875273523,0.0,-860312,-821146,39166,39166,10.712800875273523,0.0,-1043112,-1003946,39166,39166,10.712800875273523,0.0,-1225912,-1186746,39166,39166,10.712800875273523,0.0,-1408712,-1369546
M8_DELAY_12000MS_CONFIRM,5000,-1500,120000,127407,127407,34.84874179431072,0.0,-772782,-645375,127407,127407,34.84874179431072,0.0,-955582,-828175,127407,127407,34.84874179431072,0.0,-1138382,-1010975,127407,127407,34.84874179431072,0.0,-1321182,-1193775,127407,127407,34.84874179431072,0.0,-1503982,-1376575
M8_DELAY_12000MS_CONFIRM,5000,-1000,30000,-7970,-7970,-2.1799781181619258,0.0,-450196,-458166,-7970,-7970,-2.1799781181619258,0.0,-632996,-640966,-7970,-7970,-2.1799781181619258,0.0,-815796,-823766,-7970,-7970,-2.1799781181619258,0.0,-998596,-1006566,-7970,-7970,-2.1799781181619258,0.0,-1181396,-1189366
M8_DELAY_12000MS_CONFIRM,5000,-1000,60000,28185,28185,7.709245076586433,0.0,-496821,-468636,28185,28185,7.709245076586433,0.0,-679621,-651436,28185,28185,7.709245076586433,0.0,-862421,-834236,28185,28185,7.709245076586433,0.0,-1045221,-1017036,28185,28185,7.709245076586433,0.0,-1228021,-1199836
M8_DELAY_12000MS_CONFIRM,5000,-1000,120000,93400,93400,25.547045951859957,0.0,-571278,-477878,93400,93400,25.547045951859957,0.0,-754078,-660678,93400,93400,25.547045951859957,0.0,-936878,-843478,93400,93400,25.547045951859957,0.0,-1119678,-1026278,93400,93400,25.547045951859957,0.0,-1302478,-1209078
M8_DELAY_12000MS_CONFIRM,5000,-700,30000,-12966,-12966,-3.5464989059080962,0.0,-322105,-335071,-12966,-12966,-3.5464989059080962,0.0,-504905,-517871,-12966,-12966,-3.5464989059080962,0.0,-687705,-700671,-12966,-12966,-3.5464989059080962,0.0,-870505,-883471,-12966,-12966,-3.5464989059080962,0.0,-1053305,-1066271
M8_DELAY_12000MS_CONFIRM,5000,-700,60000,13299,13299,3.637582056892779,0.0,-349132,-335833,13299,13299,3.637582056892779,0.0,-531932,-518633,13299,13299,3.637582056892779,0.0,-714732,-701433,13299,13299,3.637582056892779,0.0,-897532,-884233,13299,13299,3.637582056892779,0.0,-1080332,-1067033
M8_DELAY_12000MS_CONFIRM,5000,-700,120000,66559,66559,18.205415754923415,0.0,-407023,-340464,66559,66559,18.205415754923415,0.0,-589823,-523264,66559,66559,18.205415754923415,0.0,-772623,-706064,66559,66559,18.205415754923415,0.0,-955423,-888864,66559,66559,18.205415754923415,0.0,-1138223,-1071664
M8_DELAY_12000MS_CONFIRM,5000,-500,30000,-15052,-15052,-4.11706783369803,0.0,-222588,-237640,-15052,-15052,-4.11706783369803,0.0,-405388,-420440,-15052,-15052,-4.11706783369803,0.0,-588188,-603240,-15052,-15052,-4.11706783369803,0.0,-770988,-786040,-15052,-15052,-4.11706783369803,0.0,-953788,-968840
M8_DELAY_12000MS_CONFIRM,5000,-500,60000,-6311,-6311,-1.726203501094092,0.0,-234105,-240416,-6311,-6311,-1.726203501094092,0.0,-416905,-423216,-6311,-6311,-1.726203501094092,0.0,-599705,-606016,-6311,-6311,-1.726203501094092,0.0,-782505,-788816,-6311,-6311,-1.726203501094092,0.0,-965305,-971616
M8_DELAY_12000MS_CONFIRM,5000,-500,120000,26498,26498,7.24781181619256,0.0,-271914,-245416,26498,26498,7.24781181619256,0.0,-454714,-428216,26498,26498,7.24781181619256,0.0,-637514,-611016,26498,26498,7.24781181619256,0.0,-820314,-793816,26498,26498,7.24781181619256,0.0,-1003114,-976616
M8_DELAY_12000MS_CONFIRM,5000,-300,30000,-15456,-15456,-4.227571115973742,0.0,-114197,-129653,-15456,-15456,-4.227571115973742,0.0,-296997,-312453,-15456,-15456,-4.227571115973742,0.0,-479797,-495253,-15456,-15456,-4.227571115973742,0.0,-662597,-678053,-15456,-15456,-4.227571115973742,0.0,-845397,-860853
M8_DELAY_12000MS_CONFIRM,5000,-300,60000,-19499,-19499,-5.333424507658643,0.0,-118498,-137997,-19499,-19499,-5.333424507658643,0.0,-301298,-320797,-19499,-19499,-5.333424507658643,0.0,-484098,-503597,-19499,-19499,-5.333424507658643,0.0,-666898,-686397,-19499,-19499,-5.333424507658643,0.0,-849698,-869197
M8_DELAY_12000MS_CONFIRM,5000,-300,120000,-17256,-17256,-4.719912472647702,0.0,-121328,-138584,-17256,-17256,-4.719912472647702,0.0,-304128,-321384,-17256,-17256,-4.719912472647702,0.0,-486928,-504184,-17256,-17256,-4.719912472647702,0.0,-669728,-686984,-17256,-17256,-4.719912472647702,0.0,-852528,-869784
M8_DELAY_12000MS_CONFIRM,5000,-200,30000,-16751,-16751,-4.581783369803063,0.0,-37859,-54610,-16751,-16751,-4.581783369803063,0.0,-220659,-237410,-16751,-16751,-4.581783369803063,0.0,-403459,-420210,-16751,-16751,-4.581783369803063,0.0,-586259,-603010,-16751,-16751,-4.581783369803063,0.0,-769059,-785810
M8_DELAY_12000MS_CONFIRM,5000,-200,60000,-30381,-30381,-8.309901531728665,0.0,-39188,-69569,-30381,-30381,-8.309901531728665,0.0,-221988,-252369,-30381,-30381,-8.309901531728665,0.0,-404788,-435169,-30381,-30381,-8.309901531728665,0.0,-587588,-617969,-30381,-30381,-8.309901531728665,0.0,-770388,-800769
M8_DELAY_12000MS_CONFIRM,5000,-200,120000,-44571,-44571,-12.191192560175054,0.0,-25382,-69953,-44571,-44571,-12.191192560175054,0.0,-208182,-252753,-44571,-44571,-12.191192560175054,0.0,-390982,-435553,-44571,-44571,-12.191192560175054,0.0,-573782,-618353,-44571,-44571,-12.191192560175054,0.0,-756582,-801153
M8_DELAY_12000MS_CONFIRM,6000,-6000,30000,56483,56483,15.449398249452955,0.0,-1217033,-1160550,56483,56483,15.449398249452955,0.0,-1399833,-1343350,56483,56483,15.449398249452955,0.0,-1582633,-1526150,56483,56483,15.449398249452955,0.0,-1765433,-1708950,56483,56483,15.449398249452955,0.0,-1948233,-1891750
M8_DELAY_12000MS_CONFIRM,6000,-6000,60000,241518,241518,66.06072210065645,0.0,-1477063,-1235545,241518,241518,66.06072210065645,0.0,-1659863,-1418345,241518,241518,66.06072210065645,0.0,-1842663,-1601145,241518,241518,66.06072210065645,0.0,-2025463,-1783945,241518,241518,66.06072210065645,0.0,-2208263,-1966745
M8_DELAY_12000MS_CONFIRM,6000,-6000,120000,348078,348078,95.20733041575492,0.0,-1626770,-1278692,348078,348078,95.20733041575492,0.0,-1809570,-1461492,348078,348078,95.20733041575492,0.0,-1992370,-1644292,348078,348078,95.20733041575492,0.0,-2175170,-1827092,348078,348078,95.20733041575492,0.0,-2357970,-2009892
M8_DELAY_12000MS_CONFIRM,6000,-5000,30000,44763,44763,12.24370897155361,0.0,-1148166,-1103403,44763,44763,12.24370897155361,0.0,-1330966,-1286203,44763,44763,12.24370897155361,0.0,-1513766,-1469003,44763,44763,12.24370897155361,0.0,-1696566,-1651803,44763,44763,12.24370897155361,0.0,-1879366,-1834603
M8_DELAY_12000MS_CONFIRM,6000,-5000,60000,229953,229953,62.89742888402626,0.0,-1406283,-1176330,229953,229953,62.89742888402626,0.0,-1589083,-1359130,229953,229953,62.89742888402626,0.0,-1771883,-1541930,229953,229953,62.89742888402626,0.0,-1954683,-1724730,229953,229953,62.89742888402626,0.0,-2137483,-1907530
M8_DELAY_12000MS_CONFIRM,6000,-5000,120000,337683,337683,92.3640590809628,0.0,-1550439,-1212756,337683,337683,92.3640590809628,0.0,-1733239,-1395556,337683,337683,92.3640590809628,0.0,-1916039,-1578356,337683,337683,92.3640590809628,0.0,-2098839,-1761156,337683,337683,92.3640590809628,0.0,-2281639,-1943956
M8_DELAY_12000MS_CONFIRM,6000,-3000,30000,24948,24948,6.8238512035010945,0.0,-955612,-930664,24948,24948,6.8238512035010945,0.0,-1138412,-1113464,24948,24948,6.8238512035010945,0.0,-1321212,-1296264,24948,24948,6.8238512035010945,0.0,-1504012,-1479064,24948,24948,6.8238512035010945,0.0,-1686812,-1661864
M8_DELAY_12000MS_CONFIRM,6000,-3000,60000,129361,129361,35.3832056892779,0.0,-1101696,-972335,129361,129361,35.3832056892779,0.0,-1284496,-1155135,129361,129361,35.3832056892779,0.0,-1467296,-1337935,129361,129361,35.3832056892779,0.0,-1650096,-1520735,129361,129361,35.3832056892779,0.0,-1832896,-1703535
M8_DELAY_12000MS_CONFIRM,6000,-3000,120000,222105,222105,60.75082056892779,0.0,-1223321,-1001216,222105,222105,60.75082056892779,0.0,-1406121,-1184016,222105,222105,60.75082056892779,0.0,-1588921,-1366816,222105,222105,60.75082056892779,0.0,-1771721,-1549616,222105,222105,60.75082056892779,0.0,-1954521,-1732416
M8_DELAY_12000MS_CONFIRM,6000,-2000,30000,5196,5196,1.4212253829321664,0.0,-725474,-720278,5196,5196,1.4212253829321664,0.0,-908274,-903078,5196,5196,1.4212253829321664,0.0,-1091074,-1085878,5196,5196,1.4212253829321664,0.0,-1273874,-1268678,5196,5196,1.4212253829321664,0.0,-1456674,-1451478
M8_DELAY_12000MS_CONFIRM,6000,-2000,60000,85771,85771,23.460339168490155,0.0,-845556,-759785,85771,85771,23.460339168490155,0.0,-1028356,-942585,85771,85771,23.460339168490155,0.0,-1211156,-1125385,85771,85771,23.460339168490155,0.0,-1393956,-1308185,85771,85771,23.460339168490155,0.0,-1576756,-1490985
M8_DELAY_12000MS_CONFIRM,6000,-2000,120000,180069,180069,49.25300875273523,0.0,-953169,-773100,180069,180069,49.25300875273523,0.0,-1135969,-955900,180069,180069,49.25300875273523,0.0,-1318769,-1138700,180069,180069,49.25300875273523,0.0,-1501569,-1321500,180069,180069,49.25300875273523,0.0,-1684369,-1504300
M8_DELAY_12000MS_CONFIRM,6000,-1500,30000,-6900,-6900,-1.887308533916849,0.0,-622926,-629826,-6900,-6900,-1.887308533916849,0.0,-805726,-812626,-6900,-6900,-1.887308533916849,0.0,-988526,-995426,-6900,-6900,-1.887308533916849,0.0,-1171326,-1178226,-6900,-6900,-1.887308533916849,0.0,-1354126,-1361026
M8_DELAY_12000MS_CONFIRM,6000,-1500,60000,37028,37028,10.12800875273523,0.0,-691295,-654267,37028,37028,10.12800875273523,0.0,-874095,-837067,37028,37028,10.12800875273523,0.0,-1056895,-1019867,37028,37028,10.12800875273523,0.0,-1239695,-1202667,37028,37028,10.12800875273523,0.0,-1422495,-1385467
M8_DELAY_12000MS_CONFIRM,6000,-1500,120000,128343,128343,35.10475929978118,0.0,-795139,-666796,128343,128343,35.10475929978118,0.0,-977939,-849596,128343,128343,35.10475929978118,0.0,-1160739,-1032396,128343,128343,35.10475929978118,0.0,-1343539,-1215196,128343,128343,35.10475929978118,0.0,-1526339,-1397996
M8_DELAY_12000MS_CONFIRM,6000,-1000,30000,-10879,-10879,-2.9756564551422318,0.0,-452118,-462997,-10879,-10879,-2.9756564551422318,0.0,-634918,-645797,-10879,-10879,-2.9756564551422318,0.0,-817718,-828597,-10879,-10879,-2.9756564551422318,0.0,-1000518,-1011397,-10879,-10879,-2.9756564551422318,0.0,-1183318,-1194197
M8_DELAY_12000MS_CONFIRM,6000,-1000,60000,25809,25809,7.059354485776805,0.0,-506155,-480346,25809,25809,7.059354485776805,0.0,-688955,-663146,25809,25809,7.059354485776805,0.0,-871755,-845946,25809,25809,7.059354485776805,0.0,-1054555,-1028746,25809,25809,7.059354485776805,0.0,-1237355,-1211546
M8_DELAY_12000MS_CONFIRM,6000,-1000,120000,83200,83200,22.75711159737418,0.0,-577788,-494588,83200,83200,22.75711159737418,0.0,-760588,-677388,83200,83200,22.75711159737418,0.0,-943388,-860188,83200,83200,22.75711159737418,0.0,-1126188,-1042988,83200,83200,22.75711159737418,0.0,-1308988,-1225788
M8_DELAY_12000MS_CONFIRM,6000,-700,30000,-15875,-15875,-4.342177242888402,0.0,-324427,-340302,-15875,-15875,-4.342177242888402,0.0,-507227,-523102,-15875,-15875,-4.342177242888402,0.0,-690027,-705902,-15875,-15875,-4.342177242888402,0.0,-872827,-888702,-15875,-15875,-4.342177242888402,0.0,-1055627,-1071502
M8_DELAY_12000MS_CONFIRM,6000,-700,60000,11816,11816,3.2319474835886215,0.0,-359859,-348043,11816,11816,3.2319474835886215,0.0,-542659,-530843,11816,11816,3.2319474835886215,0.0,-725459,-713643,11816,11816,3.2319474835886215,0.0,-908259,-896443,11816,11816,3.2319474835886215,0.0,-1091059,-1079243
M8_DELAY_12000MS_CONFIRM,6000,-700,120000,56933,56933,15.572483588621445,0.0,-414307,-357374,56933,56933,15.572483588621445,0.0,-597107,-540174,56933,56933,15.572483588621445,0.0,-779907,-722974,56933,56933,15.572483588621445,0.0,-962707,-905774,56933,56933,15.572483588621445,0.0,-1145507,-1088574
M8_DELAY_12000MS_CONFIRM,6000,-500,30000,-17961,-17961,-4.912746170678337,0.0,-225510,-243471,-17961,-17961,-4.912746170678337,0.0,-408310,-426271,-17961,-17961,-4.912746170678337,0.0,-591110,-609071,-17961,-17961,-4.912746170678337,0.0,-773910,-791871,-17961,-17961,-4.912746170678337,0.0,-956710,-974671
M8_DELAY_12000MS_CONFIRM,6000,-500,60000,-8389,-8389,-2.2945842450765865,0.0,-244237,-252626,-8389,-8389,-2.2945842450765865,0.0,-427037,-435426,-8389,-8389,-2.2945842450765865,0.0,-609837,-618226,-8389,-8389,-2.2945842450765865,0.0,-792637,-801026,-8389,-8389,-2.2945842450765865,0.0,-975437,-983826
M8_DELAY_12000MS_CONFIRM,6000,-500,120000,17366,17366,4.75,0.0,-279492,-262126,17366,17366,4.75,0.0,-462292,-444926,17366,17366,4.75,0.0,-645092,-627726,17366,17366,4.75,0.0,-827892,-810526,17366,17366,4.75,0.0,-1010692,-993326
M8_DELAY_12000MS_CONFIRM,6000,-300,30000,-17365,-17365,-4.74972647702407,0.0,-118870,-136235,-17365,-17365,-4.74972647702407,0.0,-301670,-319035,-17365,-17365,-4.74972647702407,0.0,-484470,-501835,-17365,-17365,-4.74972647702407,0.0,-667270,-684635,-17365,-17365,-4.74972647702407,0.0,-850070,-867435
M8_DELAY_12000MS_CONFIRM,6000,-300,60000,-25361,-25361,-6.936816192560175,0.0,-119771,-145132,-25361,-25361,-6.936816192560175,0.0,-302571,-327932,-25361,-25361,-6.936816192560175,0.0,-485371,-510732,-25361,-25361,-6.936816192560175,0.0,-668171,-693532,-25361,-25361,-6.936816192560175,0.0,-850971,-876332
M8_DELAY_12000MS_CONFIRM,6000,-300,120000,-28431,-28431,-7.776531728665208,0.0,-121588,-150019,-28431,-28431,-7.776531728665208,0.0,-304388,-332819,-28431,-28431,-7.776531728665208,0.0,-487188,-515619,-28431,-28431,-7.776531728665208,0.0,-669988,-698419,-28431,-28431,-7.776531728665208,0.0,-852788,-881219
M8_DELAY_12000MS_CONFIRM,6000,-200,30000,-17660,-17660,-4.830415754923414,0.0,-44578,-62238,-17660,-17660,-4.830415754923414,0.0,-227378,-245038,-17660,-17660,-4.830415754923414,0.0,-410178,-427838,-17660,-17660,-4.830415754923414,0.0,-592978,-610638,-17660,-17660,-4.830415754923414,0.0,-775778,-793438
M8_DELAY_12000MS_CONFIRM,6000,-200,60000,-35278,-35278,-9.649343544857768,0.0,-41026,-76304,-35278,-35278,-9.649343544857768,0.0,-223826,-259104,-35278,-35278,-9.649343544857768,0.0,-406626,-441904,-35278,-35278,-9.649343544857768,0.0,-589426,-624704,-35278,-35278,-9.649343544857768,0.0,-772226,-807504
M8_DELAY_12000MS_CONFIRM,6000,-200,120000,-58278,-58278,-15.940371991247265,0.0,-18410,-76688,-58278,-58278,-15.940371991247265,0.0,-201210,-259488,-58278,-58278,-15.940371991247265,0.0,-384010,-442288,-58278,-58278,-15.940371991247265,0.0,-566810,-625088,-58278,-58278,-15.940371991247265,0.0,-749610,-807888
M8_DELAY_12000MS_CONFIRM,7500,-6000,30000,54748,54748,14.974835886214443,0.0,-1204921,-1150173,54748,54748,14.974835886214443,0.0,-1387721,-1332973,54748,54748,14.974835886214443,0.0,-1570521,-1515773,54748,54748,14.974835886214443,0.0,-1753321,-1698573,54748,54748,14.974835886214443,0.0,-1936121,-1881373
M8_DELAY_12000MS_CONFIRM,7500,-6000,60000,266759,266759,72.96471553610503,0.0,-1508523,-1241764,266759,266759,72.96471553610503,0.0,-1691323,-1424564,266759,266759,72.96471553610503,0.0,-1874123,-1607364,266759,266759,72.96471553610503,0.0,-2056923,-1790164,266759,266759,72.96471553610503,0.0,-2239723,-1972964
M8_DELAY_12000MS_CONFIRM,7500,-6000,120000,360687,360687,98.65618161925602,0.0,-1665810,-1305123,360687,360687,98.65618161925602,0.0,-1848610,-1487923,360687,360687,98.65618161925602,0.0,-2031410,-1670723,360687,360687,98.65618161925602,0.0,-2214210,-1853523,360687,360687,98.65618161925602,0.0,-2397010,-2036323
M8_DELAY_12000MS_CONFIRM,7500,-5000,30000,43028,43028,11.769146608315099,0.0,-1136054,-1093026,43028,43028,11.769146608315099,0.0,-1318854,-1275826,43028,43028,11.769146608315099,0.0,-1501654,-1458626,43028,43028,11.769146608315099,0.0,-1684454,-1641426,43028,43028,11.769146608315099,0.0,-1867254,-1824226
M8_DELAY_12000MS_CONFIRM,7500,-5000,60000,244243,244243,66.80607221006565,0.0,-1427292,-1183049,244243,244243,66.80607221006565,0.0,-1610092,-1365849,244243,244243,66.80607221006565,0.0,-1792892,-1548649,244243,244243,66.80607221006565,0.0,-1975692,-1731449,244243,244243,66.80607221006565,0.0,-2158492,-1914249
M8_DELAY_12000MS_CONFIRM,7500,-5000,120000,350743,350743,95.93626914660831,0.0,-1588430,-1237687,350743,350743,95.93626914660831,0.0,-1771230,-1420487,350743,350743,95.93626914660831,0.0,-1954030,-1603287,350743,350743,95.93626914660831,0.0,-2136830,-1786087,350743,350743,95.93626914660831,0.0,-2319630,-1968887
M8_DELAY_12000MS_CONFIRM,7500,-3000,30000,23213,23213,6.349288840262582,0.0,-943353,-920140,23213,23213,6.349288840262582,0.0,-1126153,-1102940,23213,23213,6.349288840262582,0.0,-1308953,-1285740,23213,23213,6.349288840262582,0.0,-1491753,-1468540,23213,23213,6.349288840262582,0.0,-1674553,-1651340
M8_DELAY_12000MS_CONFIRM,7500,-3000,60000,142469,142469,38.96854485776805,0.0,-1124787,-982318,142469,142469,38.96854485776805,0.0,-1307587,-1165118,142469,142469,38.96854485776805,0.0,-1490387,-1347918,142469,142469,38.96854485776805,0.0,-1673187,-1530718,142469,142469,38.96854485776805,0.0,-1855987,-1713518
M8_DELAY_12000MS_CONFIRM,7500,-3000,120000,233650,233650,63.90864332603939,0.0,-1262856,-1029206,233650,233650,63.90864332603939,0.0,-1445656,-1212006,233650,233650,63.90864332603939,0.0,-1628456,-1394806,233650,233650,63.90864332603939,0.0,-1811256,-1577606,233650,233650,63.90864332603939,0.0,-1994056,-1760406
M8_DELAY_12000MS_CONFIRM,7500,-2000,30000,3461,3461,0.9466630196936543,0.0,-718215,-714754,3461,3461,0.9466630196936543,0.0,-901015,-897554,3461,3461,0.9466630196936543,0.0,-1083815,-1080354,3461,3461,0.9466630196936543,0.0,-1266615,-1263154,3461,3461,0.9466630196936543,0.0,-1449415,-1445954
M8_DELAY_12000MS_CONFIRM,7500,-2000,60000,98379,98379,26.908916849015316,0.0,-869147,-770768,98379,98379,26.908916849015316,0.0,-1051947,-953568,98379,98379,26.908916849015316,0.0,-1234747,-1136368,98379,98379,26.908916849015316,0.0,-1417547,-1319168,98379,98379,26.908916849015316,0.0,-1600347,-1501968
M8_DELAY_12000MS_CONFIRM,7500,-2000,120000,189796,189796,51.913566739606125,0.0,-994428,-804632,189796,189796,51.913566739606125,0.0,-1177228,-987432,189796,189796,51.913566739606125,0.0,-1360028,-1170232,189796,189796,51.913566739606125,0.0,-1542828,-1353032,189796,189796,51.913566739606125,0.0,-1725628,-1535832
M8_DELAY_12000MS_CONFIRM,7500,-1500,30000,-8635,-8635,-2.3618708971553612,0.0,-618297,-626932,-8635,-8635,-2.3618708971553612,0.0,-801097,-809732,-8635,-8635,-2.3618708971553612,0.0,-983897,-992532,-8635,-8635,-2.3618708971553612,0.0,-1166697,-1175332,-8635,-8635,-2.3618708971553612,0.0,-1349497,-1358132
M8_DELAY_12000MS_CONFIRM,7500,-1500,60000,41136,41136,11.25164113785558,0.0,-693386,-652250,41136,41136,11.25164113785558,0.0,-876186,-835050,41136,41136,11.25164113785558,0.0,-1058986,-1017850,41136,41136,11.25164113785558,0.0,-1241786,-1200650,41136,41136,11.25164113785558,0.0,-1424586,-1383450
M8_DELAY_12000MS_CONFIRM,7500,-1500,120000,133790,133790,36.594638949671776,0.0,-818118,-684328,133790,133790,36.594638949671776,0.0,-1000918,-867128,133790,133790,36.594638949671776,0.0,-1183718,-1049928,133790,133790,36.594638949671776,0.0,-1366518,-1232728,133790,133790,36.594638949671776,0.0,-1549318,-1415528
M8_DELAY_12000MS_CONFIRM,7500,-1000,30000,-12614,-12614,-3.450218818380744,0.0,-445740,-458354,-12614,-12614,-3.450218818380744,0.0,-628540,-641154,-12614,-12614,-3.450218818380744,0.0,-811340,-823954,-12614,-12614,-3.450218818380744,0.0,-994140,-1006754,-12614,-12614,-3.450218818380744,0.0,-1176940,-1189554
M8_DELAY_12000MS_CONFIRM,7500,-1000,60000,32547,32547,8.902352297592998,0.0,-506711,-474164,32547,32547,8.902352297592998,0.0,-689511,-656964,32547,32547,8.902352297592998,0.0,-872311,-839764,32547,32547,8.902352297592998,0.0,-1055111,-1022564,32547,32547,8.902352297592998,0.0,-1237911,-1205364
M8_DELAY_12000MS_CONFIRM,7500,-1000,120000,95441,95441,26.10530634573304,0.0,-604819,-509378,95441,95441,26.10530634573304,0.0,-787619,-692178,95441,95441,26.10530634573304,0.0,-970419,-874978,95441,95441,26.10530634573304,0.0,-1153219,-1057778,95441,95441,26.10530634573304,0.0,-1336019,-1240578
M8_DELAY_12000MS_CONFIRM,7500,-700,30000,-17610,-17610,-4.816739606126915,0.0,-317843,-335453,-17610,-17610,-4.816739606126915,0.0,-500643,-518253,-17610,-17610,-4.816739606126915,0.0,-683443,-701053,-17610,-17610,-4.816739606126915,0.0,-866243,-883853,-17610,-17610,-4.816739606126915,0.0,-1049043,-1066653
M8_DELAY_12000MS_CONFIRM,7500,-700,60000,24126,24126,6.599015317286652,0.0,-358886,-334760,24126,24126,6.599015317286652,0.0,-541686,-517560,24126,24126,6.599015317286652,0.0,-724486,-700360,24126,24126,6.599015317286652,0.0,-907286,-883160,24126,24126,6.599015317286652,0.0,-1090086,-1065960
M8_DELAY_12000MS_CONFIRM,7500,-700,120000,75174,75174,20.561816192560176,0.0,-432285,-357111,75174,75174,20.561816192560176,0.0,-615085,-539911,75174,75174,20.561816192560176,0.0,-797885,-722711,75174,75174,20.561816192560176,0.0,-980685,-905511,75174,75174,20.561816192560176,0.0,-1163485,-1088311
M8_DELAY_12000MS_CONFIRM,7500,-500,30000,-19696,-19696,-5.387308533916849,0.0,-220026,-239722,-19696,-19696,-5.387308533916849,0.0,-402826,-422522,-19696,-19696,-5.387308533916849,0.0,-585626,-605322,-19696,-19696,-5.387308533916849,0.0,-768426,-788122,-19696,-19696,-5.387308533916849,0.0,-951226,-970922
M8_DELAY_12000MS_CONFIRM,7500,-500,60000,5021,5021,1.3733588621444202,0.0,-245464,-240443,5021,5021,1.3733588621444202,0.0,-428264,-423243,5021,5021,1.3733588621444202,0.0,-611064,-606043,5021,5021,1.3733588621444202,0.0,-793864,-788843,5021,5021,1.3733588621444202,0.0,-976664,-971643
M8_DELAY_12000MS_CONFIRM,7500,-500,120000,37836,37836,10.349015317286652,0.0,-300399,-262563,37836,37836,10.349015317286652,0.0,-483199,-445363,37836,37836,10.349015317286652,0.0,-665999,-628163,37836,37836,10.349015317286652,0.0,-848799,-810963,37836,37836,10.349015317286652,0.0,-1031599,-993763
M8_DELAY_12000MS_CONFIRM,7500,-300,30000,-19178,-19178,-5.24562363238512,0.0,-114408,-133586,-19178,-19178,-5.24562363238512,0.0,-297208,-316386,-19178,-19178,-5.24562363238512,0.0,-480008,-499186,-19178,-19178,-5.24562363238512,0.0,-662808,-681986,-19178,-19178,-5.24562363238512,0.0,-845608,-864786
M8_DELAY_12000MS_CONFIRM,7500,-300,60000,-21283,-21283,-5.821389496717725,0.0,-110949,-132232,-21283,-21283,-5.821389496717725,0.0,-293749,-315032,-21283,-21283,-5.821389496717725,0.0,-476549,-497832,-21283,-21283,-5.821389496717725,0.0,-659349,-680632,-21283,-21283,-5.821389496717725,0.0,-842149,-863432
M8_DELAY_12000MS_CONFIRM,7500,-300,120000,-20241,-20241,-5.536378555798687,0.0,-118315,-138556,-20241,-20241,-5.536378555798687,0.0,-301115,-321356,-20241,-20241,-5.536378555798687,0.0,-483915,-504156,-20241,-20241,-5.536378555798687,0.0,-666715,-686956,-20241,-20241,-5.536378555798687,0.0,-849515,-869756
M8_DELAY_12000MS_CONFIRM,7500,-200,30000,-17973,-17973,-4.916028446389497,0.0,-41416,-59389,-17973,-17973,-4.916028446389497,0.0,-224216,-242189,-17973,-17973,-4.916028446389497,0.0,-407016,-424989,-17973,-17973,-4.916028446389497,0.0,-589816,-607789,-17973,-17973,-4.916028446389497,0.0,-772616,-790589
M8_DELAY_12000MS_CONFIRM,7500,-200,60000,-29800,-29800,-8.150984682713348,0.0,-33404,-63204,-29800,-29800,-8.150984682713348,0.0,-216204,-246004,-29800,-29800,-8.150984682713348,0.0,-399004,-428804,-29800,-29800,-8.150984682713348,0.0,-581804,-611604,-29800,-29800,-8.150984682713348,0.0,-764604,-794404
M8_DELAY_12000MS_CONFIRM,7500,-200,120000,-48988,-48988,-13.399343544857768,0.0,-14600,-63588,-48988,-48988,-13.399343544857768,0.0,-197400,-246388,-48988,-48988,-13.399343544857768,0.0,-380200,-429188,-48988,-48988,-13.399343544857768,0.0,-563000,-611988,-48988,-48988,-13.399343544857768,0.0,-745800,-794788
M8_DELAY_12000MS_CONFIRM,10000,-6000,30000,53121,53121,14.529814004376368,0.0,-1170690,-1117569,53121,53121,14.529814004376368,0.0,-1353490,-1300369,53121,53121,14.529814004376368,0.0,-1536290,-1483169,53121,53121,14.529814004376368,0.0,-1719090,-1665969,53121,53121,14.529814004376368,0.0,-1901890,-1848769
M8_DELAY_12000MS_CONFIRM,10000,-6000,60000,265569,265569,72.63922319474835,0.0,-1492785,-1227216,265569,265569,72.63922319474835,0.0,-1675585,-1410016,265569,265569,72.63922319474835,0.0,-1858385,-1592816,265569,265569,72.63922319474835,0.0,-2041185,-1775616,265569,265569,72.63922319474835,0.0,-2223985,-1958416
M8_DELAY_12000MS_CONFIRM,10000,-6000,120000,295318,295318,80.77625820568927,0.0,-1561555,-1266237,295318,295318,80.77625820568927,0.0,-1744355,-1449037,295318,295318,80.77625820568927,0.0,-1927155,-1631837,295318,295318,80.77625820568927,0.0,-2109955,-1814637,295318,295318,80.77625820568927,0.0,-2292755,-1997437
M8_DELAY_12000MS_CONFIRM,10000,-5000,30000,41401,41401,11.324124726477024,0.0,-1100823,-1059422,41401,41401,11.324124726477024,0.0,-1283623,-1242222,41401,41401,11.324124726477024,0.0,-1466423,-1425022,41401,41401,11.324124726477024,0.0,-1649223,-1607822,41401,41401,11.324124726477024,0.0,-1832023,-1790622
M8_DELAY_12000MS_CONFIRM,10000,-5000,60000,242053,242053,66.207056892779,0.0,-1405965,-1163912,242053,242053,66.207056892779,0.0,-1588765,-1346712,242053,242053,66.207056892779,0.0,-1771565,-1529512,242053,242053,66.207056892779,0.0,-1954365,-1712312,242053,242053,66.207056892779,0.0,-2137165,-1895112
M8_DELAY_12000MS_CONFIRM,10000,-5000,120000,287982,287982,78.76969365426696,0.0,-1500456,-1212474,287982,287982,78.76969365426696,0.0,-1683256,-1395274,287982,287982,78.76969365426696,0.0,-1866056,-1578074,287982,287982,78.76969365426696,0.0,-2048856,-1760874,287982,287982,78.76969365426696,0.0,-2231656,-1943674
M8_DELAY_12000MS_CONFIRM,10000,-3000,30000,21586,21586,5.9042669584245075,0.0,-905622,-884036,21586,21586,5.9042669584245075,0.0,-1088422,-1066836,21586,21586,5.9042669584245075,0.0,-1271222,-1249636,21586,21586,5.9042669584245075,0.0,-1454022,-1432436,21586,21586,5.9042669584245075,0.0,-1636822,-1615236
M8_DELAY_12000MS_CONFIRM,10000,-3000,60000,140779,140779,38.50629102844639,0.0,-1101960,-961181,140779,140779,38.50629102844639,0.0,-1284760,-1143981,140779,140779,38.50629102844639,0.0,-1467560,-1326781,140779,140779,38.50629102844639,0.0,-1650360,-1509581,140779,140779,38.50629102844639,0.0,-1833160,-1692381
M8_DELAY_12000MS_CONFIRM,10000,-3000,120000,183404,183404,50.165207877461704,0.0,-1188397,-1004993,183404,183404,50.165207877461704,0.0,-1371197,-1187793,183404,183404,50.165207877461704,0.0,-1553997,-1370593,183404,183404,50.165207877461704,0.0,-1736797,-1553393,183404,183404,50.165207877461704,0.0,-1919597,-1736193
M8_DELAY_12000MS_CONFIRM,10000,-2000,30000,1834,1834,0.5016411378555798,0.0,-690484,-688650,1834,1834,0.5016411378555798,0.0,-873284,-871450,1834,1834,0.5016411378555798,0.0,-1056084,-1054250,1834,1834,0.5016411378555798,0.0,-1238884,-1237050,1834,1834,0.5016411378555798,0.0,-1421684,-1419850
M8_DELAY_12000MS_CONFIRM,10000,-2000,60000,98189,98189,26.85694748358862,0.0,-856820,-758631,98189,98189,26.85694748358862,0.0,-1039620,-941431,98189,98189,26.85694748358862,0.0,-1222420,-1124231,98189,98189,26.85694748358862,0.0,-1405220,-1307031,98189,98189,26.85694748358862,0.0,-1588020,-1489831
M8_DELAY_12000MS_CONFIRM,10000,-2000,120000,155238,155238,42.461159737417944,0.0,-943657,-788419,155238,155238,42.461159737417944,0.0,-1126457,-971219,155238,155238,42.461159737417944,0.0,-1309257,-1154019,155238,155238,42.461159737417944,0.0,-1492057,-1336819,155238,155238,42.461159737417944,0.0,-1674857,-1519619
M8_DELAY_12000MS_CONFIRM,10000,-1500,30000,-10262,-10262,-2.8068927789934355,0.0,-598170,-608432,-10262,-10262,-2.8068927789934355,0.0,-780970,-791232,-10262,-10262,-2.8068927789934355,0.0,-963770,-974032,-10262,-10262,-2.8068927789934355,0.0,-1146570,-1156832,-10262,-10262,-2.8068927789934355,0.0,-1329370,-1339632
M8_DELAY_12000MS_CONFIRM,10000,-1500,60000,40446,40446,11.062910284463895,0.0,-683170,-642724,40446,40446,11.062910284463895,0.0,-865970,-825524,40446,40446,11.062910284463895,0.0,-1048770,-1008324,40446,40446,11.062910284463895,0.0,-1231570,-1191124,40446,40446,11.062910284463895,0.0,-1414370,-1373924
M8_DELAY_12000MS_CONFIRM,10000,-1500,120000,108732,108732,29.740700218818382,0.0,-777633,-668901,108732,108732,29.740700218818382,0.0,-960433,-851701,108732,108732,29.740700218818382,0.0,-1143233,-1034501,108732,108732,29.740700218818382,0.0,-1326033,-1217301,108732,108732,29.740700218818382,0.0,-1508833,-1400101
M8_DELAY_12000MS_CONFIRM,10000,-1000,30000,-14241,-14241,-3.8952407002188183,0.0,-425113,-439354,-14241,-14241,-3.8952407002188183,0.0,-607913,-622154,-14241,-14241,-3.8952407002188183,0.0,-790713,-804954,-14241,-14241,-3.8952407002188183,0.0,-973513,-987754,-14241,-14241,-3.8952407002188183,0.0,-1156313,-1170554
M8_DELAY_12000MS_CONFIRM,10000,-1000,60000,33767,33767,9.236050328227572,0.0,-497257,-463490,33767,33767,9.236050328227572,0.0,-680057,-646290,33767,33767,9.236050328227572,0.0,-862857,-829090,33767,33767,9.236050328227572,0.0,-1045657,-1011890,33767,33767,9.236050328227572,0.0,-1228457,-1194690
M8_DELAY_12000MS_CONFIRM,10000,-1000,120000,73954,73954,20.2281181619256,0.0,-567469,-493515,73954,73954,20.2281181619256,0.0,-750269,-676315,73954,73954,20.2281181619256,0.0,-933069,-859115,73954,73954,20.2281181619256,0.0,-1115869,-1041915,73954,73954,20.2281181619256,0.0,-1298669,-1224715
M8_DELAY_12000MS_CONFIRM,10000,-700,30000,-19237,-19237,-5.261761487964989,0.0,-296916,-316153,-19237,-19237,-5.261761487964989,0.0,-479716,-498953,-19237,-19237,-5.261761487964989,0.0,-662516,-681753,-19237,-19237,-5.261761487964989,0.0,-845316,-864553,-19237,-19237,-5.261761487964989,0.0,-1028116,-1047353
M8_DELAY_12000MS_CONFIRM,10000,-700,60000,25046,25046,6.850656455142232,0.0,-348532,-323486,25046,25046,6.850656455142232,0.0,-531332,-506286,25046,25046,6.850656455142232,0.0,-714132,-689086,25046,25046,6.850656455142232,0.0,-896932,-871886,25046,25046,6.850656455142232,0.0,-1079732,-1054686
M8_DELAY_12000MS_CONFIRM,10000,-700,120000,64795,64795,17.722921225382933,0.0,-405443,-340648,64795,64795,17.722921225382933,0.0,-588243,-523448,64795,64795,17.722921225382933,0.0,-771043,-706248,64795,64795,17.722921225382933,0.0,-953843,-889048,64795,64795,17.722921225382933,0.0,-1136643,-1071848
M8_DELAY_12000MS_CONFIRM,10000,-500,30000,-21323,-21323,-5.832330415754924,0.0,-201399,-222722,-21323,-21323,-5.832330415754924,0.0,-384199,-405522,-21323,-21323,-5.832330415754924,0.0,-566999,-588322,-21323,-21323,-5.832330415754924,0.0,-749799,-771122,-21323,-21323,-5.832330415754924,0.0,-932599,-953922
M8_DELAY_12000MS_CONFIRM,10000,-500,60000,8241,8241,2.2541028446389495,0.0,-239510,-231269,8241,8241,2.2541028446389495,0.0,-422310,-414069,8241,8241,2.2541028446389495,0.0,-605110,-596869,8241,8241,2.2541028446389495,0.0,-787910,-779669,8241,8241,2.2541028446389495,0.0,-970710,-962469
M8_DELAY_12000MS_CONFIRM,10000,-500,120000,32257,32257,8.823030634573303,0.0,-280457,-248200,32257,32257,8.823030634573303,0.0,-463257,-431000,32257,32257,8.823030634573303,0.0,-646057,-613800,32257,32257,8.823030634573303,0.0,-828857,-796600,32257,32257,8.823030634573303,0.0,-1011657,-979400
M8_DELAY_12000MS_CONFIRM,10000,-300,30000,-20805,-20805,-5.690645514223195,0.0,-98081,-118886,-20805,-20805,-5.690645514223195,0.0,-280881,-301686,-20805,-20805,-5.690645514223195,0.0,-463681,-484486,-20805,-20805,-5.690645514223195,0.0,-646481,-667286,-20805,-20805,-5.690645514223195,0.0,-829281,-850086
M8_DELAY_12000MS_CONFIRM,10000,-300,60000,-18263,-18263,-4.99535010940919,0.0,-106895,-125158,-18263,-18263,-4.99535010940919,0.0,-289695,-307958,-18263,-18263,-4.99535010940919,0.0,-472495,-490758,-18263,-18263,-4.99535010940919,0.0,-655295,-673558,-18263,-18263,-4.99535010940919,0.0,-838095,-856358
M8_DELAY_12000MS_CONFIRM,10000,-300,120000,-24691,-24691,-6.753555798687089,0.0,-101602,-126293,-24691,-24691,-6.753555798687089,0.0,-284402,-309093,-24691,-24691,-6.753555798687089,0.0,-467202,-491893,-24691,-24691,-6.753555798687089,0.0,-650002,-674693,-24691,-24691,-6.753555798687089,0.0,-832802,-857493
M8_DELAY_12000MS_CONFIRM,10000,-200,30000,-17973,-17973,-4.916028446389497,0.0,-26616,-44589,-17973,-17973,-4.916028446389497,0.0,-209416,-227389,-17973,-17973,-4.916028446389497,0.0,-392216,-410189,-17973,-17973,-4.916028446389497,0.0,-575016,-592989,-17973,-17973,-4.916028446389497,0.0,-757816,-775789
M8_DELAY_12000MS_CONFIRM,10000,-200,60000,-24380,-24380,-6.668490153172867,0.0,-31550,-55930,-24380,-24380,-6.668490153172867,0.0,-214350,-238730,-24380,-24380,-6.668490153172867,0.0,-397150,-421530,-24380,-24380,-6.668490153172867,0.0,-579950,-604330,-24380,-24380,-6.668490153172867,0.0,-762750,-787130
M8_DELAY_12000MS_CONFIRM,10000,-200,120000,-51138,-51138,-13.987417943107221,0.0,13,-51125,-51138,-51138,-13.987417943107221,0.0,-182787,-233925,-51138,-51138,-13.987417943107221,0.0,-365587,-416725,-51138,-51138,-13.987417943107221,0.0,-548387,-599525,-51138,-51138,-13.987417943107221,0.0,-731187,-782325
